{"type":"Feature","geometry":{"type":"MultiPolygon","coordinates":[[[[19.67351,48.23579],[19.67379,48.23755],[19.67433,48.23928],[19.67512,48.24097],[19.67616,48.2426],[19.67743,48.24415],[19.67892,48.24561],[19.68063,48.24697],[19.69577,48.25785],[19.6958,48.25788],[19.69631,48.25824],[19.80647,48.38921],[19.80799,48.39081],[19.9218,48.49657],[19.92348,48.49797],[19.92538,48.49926],[19.99223,48.54005],[19.99397,48.54102],[19.99582,48.54188],[20.10258,48.58733],[20.10482,48.58818],[20.25277,48.63809],[20.35693,48.69471],[20.35921,48.69581],[20.36173,48.69678],[20.36432,48.69754],[20.47145,48.72449],[20.47431,48.72509],[20.47725,48.72547],[20.63,48.73941],[20.63301,48.73957],[20.87134,48.74287],[21.02885,48.75674],[21.18031,48.80029],[21.36535,48.87706],[21.38023,48.90272],[21.38524,48.92755],[21.38516,48.92794],[21.37557,48.97514],[21.37549,48.97553],[21.37526,48.97589],[21.37526,48.9759],[21.36104,48.99818],[21.36072,48.99868],[21.36031,48.99915],[21.32163,49.04368],[21.32126,49.04411],[21.32083,49.04449],[21.32082,49.04451],[21.1019,49.24135],[21.10037,49.24288],[21.09908,49.24451],[21.09805,49.24621],[21.09729,49.24797],[21.0738,49.31516],[21.07367,49.31554],[21.07344,49.3159],[21.0606,49.33584],[21.0597,49.33744],[21.05903,49.3391],[21.05862,49.34078],[21.05845,49.34249],[21.05853,49.3442],[21.05885,49.34589],[21.05943,49.34756],[21.06024,49.34918],[21.06129,49.35074],[21.06256,49.35223],[21.06404,49.35364],[21.06573,49.35495],[21.06759,49.35614],[21.06963,49.35722],[21.07181,49.35816],[21.07412,49.35897],[21.07529,49.35933],[21.07533,49.35932],[21.07704,49.36006],[21.07705,49.36009],[21.07706,49.3601],[21.07784,49.36055],[21.07996,49.36167],[21.08225,49.36264],[21.08467,49.36346],[21.08721,49.36411],[21.08984,49.36461],[21.09008,49.36464],[21.0928,49.36496],[21.09405,49.36507],[21.09411,49.36505],[21.09494,49.36597],[21.095,49.36608],[21.09541,49.36657],[21.09544,49.36656],[21.09579,49.367],[21.09607,49.36727],[21.0965,49.36782],[21.09698,49.36835],[21.09699,49.36834],[21.09771,49.36916],[21.09851,49.36988],[21.099,49.37034],[21.09909,49.3704],[21.09963,49.37097],[21.09984,49.37136],[21.09984,49.37137],[21.09994,49.37152],[21.10102,49.373],[21.1023,49.3744],[21.10235,49.37446],[21.10238,49.37447],[21.10251,49.37459],[21.10341,49.37556],[21.10356,49.37574],[21.10358,49.37577],[21.1041,49.3764],[21.10369,49.37674],[21.10347,49.37691],[21.10296,49.37734],[21.10274,49.37745],[21.102,49.37799],[21.10179,49.37812],[21.10167,49.37822],[21.10165,49.37823],[21.10163,49.37825],[21.10094,49.37881],[21.1005,49.37913],[21.10036,49.37927],[21.09919,49.38002],[21.09842,49.38039],[21.09793,49.38066],[21.09775,49.38077],[21.09765,49.38085],[21.09757,49.38088],[21.09673,49.38138],[21.09643,49.38157],[21.09602,49.38184],[21.09596,49.38189],[21.09556,49.38215],[21.09469,49.38273],[21.0942,49.38307],[21.09368,49.38328],[21.09306,49.38353],[21.09264,49.38371],[21.0925,49.38377],[21.09193,49.38401],[21.09189,49.384],[21.09181,49.38404],[21.0894,49.3851],[21.08717,49.38632],[21.08515,49.38768],[21.08436,49.38828],[21.08427,49.38839],[21.08379,49.38865],[21.08338,49.38888],[21.08322,49.38894],[21.08293,49.38906],[21.08236,49.3893],[21.08236,49.38931],[21.08199,49.38946],[21.08142,49.38972],[21.08138,49.38971],[21.07932,49.39063],[21.07736,49.3917],[21.07555,49.39289],[21.0751,49.39321],[21.07506,49.39327],[21.07497,49.3933],[21.07479,49.39343],[21.07322,49.39467],[21.07182,49.39599],[21.07061,49.39739],[21.0696,49.39885],[21.06891,49.40014],[21.06875,49.40058],[21.06824,49.40147],[21.0682,49.40149],[21.06806,49.4017],[21.06712,49.40334],[21.06643,49.40503],[21.066,49.40676],[21.06582,49.4085],[21.06591,49.41025],[21.06626,49.41198],[21.06687,49.41369],[21.06773,49.41534],[21.06883,49.41694],[21.07017,49.41845],[21.07173,49.41988],[21.07349,49.42119],[21.07545,49.42239],[21.07757,49.42346],[21.07984,49.42439],[21.08177,49.42502],[21.08178,49.42502],[21.0818,49.42502],[21.08225,49.42517],[21.0825,49.42524],[21.08348,49.42556],[21.08598,49.42618],[21.08856,49.42664],[21.0912,49.42693],[21.09387,49.42706],[21.09655,49.42702],[21.0992,49.42681],[21.10182,49.42643],[21.10437,49.42589],[21.1051,49.42568],[21.10569,49.42554],[21.1059,49.42546],[21.10596,49.42546],[21.10668,49.42526],[21.10769,49.42501],[21.10777,49.42496],[21.10845,49.42482],[21.10852,49.4248],[21.10853,49.4248],[21.10867,49.42477],[21.10882,49.42474],[21.10883,49.42474],[21.10956,49.42459],[21.11013,49.42445],[21.11088,49.42436],[21.11161,49.42427],[21.11309,49.42404],[21.11351,49.42399],[21.11373,49.42394],[21.11375,49.42398],[21.11461,49.42446],[21.11674,49.42553],[21.11901,49.42646],[21.12141,49.42724],[21.12392,49.42786],[21.12651,49.42832],[21.12915,49.42862],[21.13183,49.42875],[21.13452,49.4287],[21.13719,49.42849],[21.13981,49.42811],[21.14237,49.42757],[21.14483,49.42686],[21.14718,49.42601],[21.14939,49.42501],[21.15144,49.42387],[21.15331,49.42262],[21.15498,49.42125],[21.15517,49.42108],[21.15522,49.42099],[21.1558,49.42074],[21.15617,49.42057],[21.15674,49.42032],[21.157,49.4202],[21.15702,49.42019],[21.15703,49.42018],[21.15722,49.42007],[21.15764,49.41994],[21.15773,49.41993],[21.15823,49.41978],[21.16074,49.41894],[21.16311,49.41794],[21.1653,49.41678],[21.1673,49.41549],[21.16909,49.41407],[21.16991,49.41335],[21.1699,49.41332],[21.1701,49.41316],[21.17033,49.41307],[21.17085,49.41278],[21.17274,49.41161],[21.17445,49.41033],[21.17597,49.40896],[21.17728,49.4075],[21.17838,49.40596],[21.17925,49.40436],[21.17989,49.40272],[21.18005,49.40219],[21.18003,49.40217],[21.18047,49.40213],[21.18054,49.40213],[21.1817,49.40205],[21.18187,49.40203],[21.18193,49.402],[21.18196,49.40202],[21.1832,49.40198],[21.18327,49.40198],[21.18593,49.40181],[21.18856,49.40147],[21.18888,49.40142],[21.18909,49.40136],[21.18932,49.40136],[21.18953,49.40134],[21.19182,49.40105],[21.19213,49.40099],[21.19217,49.40103],[21.19266,49.40115],[21.19382,49.40149],[21.19624,49.40202],[21.19873,49.40241],[21.20126,49.40264],[21.20382,49.40272],[21.20638,49.40264],[21.20754,49.40254],[21.20801,49.40251],[21.20803,49.40251],[21.20819,49.40248],[21.20821,49.40257],[21.20851,49.40306],[21.20865,49.40328],[21.20894,49.40374],[21.20906,49.4039],[21.20909,49.40393],[21.2091,49.40395],[21.21023,49.40548],[21.21179,49.40713],[21.21362,49.40865],[21.21527,49.40975],[21.2154,49.40984],[21.21573,49.41006],[21.21579,49.41009],[21.21745,49.4111],[21.2193,49.41204],[21.22002,49.41238],[21.22011,49.41239],[21.22055,49.41273],[21.22062,49.41279],[21.22272,49.41422],[21.22279,49.41425],[21.22358,49.41477],[21.22359,49.41479],[21.22527,49.4159],[21.22695,49.4168],[21.22707,49.41687],[21.22725,49.41695],[21.22722,49.41699],[21.22721,49.41728],[21.22709,49.41842],[21.22717,49.4202],[21.22753,49.42196],[21.22815,49.42369],[21.22903,49.42537],[21.23016,49.42699],[21.23154,49.42852],[21.23314,49.42996],[21.23495,49.43129],[21.23695,49.4325],[21.23913,49.43357],[21.23982,49.43384],[21.24064,49.4342],[21.24067,49.43418],[21.24101,49.43439],[21.24156,49.43481],[21.24157,49.43482],[21.24193,49.43506],[21.24256,49.43546],[21.24266,49.4355],[21.24345,49.43603],[21.24385,49.43629],[21.24387,49.43628],[21.24466,49.43677],[21.24463,49.43679],[21.24534,49.43724],[21.2455,49.43732],[21.2456,49.43743],[21.24591,49.43766],[21.24674,49.43835],[21.24851,49.43956],[21.25045,49.44066],[21.25096,49.44092],[21.25154,49.44119],[21.25159,49.44125],[21.2518,49.44135],[21.25209,49.4415],[21.25226,49.44156],[21.25261,49.44183],[21.25367,49.44248],[21.25452,49.44303],[21.25653,49.44409],[21.25868,49.44502],[21.26096,49.44582],[21.26334,49.44648],[21.26581,49.44699],[21.26584,49.44699],[21.26592,49.44698],[21.2659,49.447],[21.26594,49.44703],[21.26783,49.4483],[21.2699,49.44945],[21.27213,49.45045],[21.2745,49.45131],[21.277,49.45201],[21.27959,49.45255],[21.28225,49.45292],[21.28495,49.45312],[21.28767,49.45314],[21.29038,49.45299],[21.29306,49.45267],[21.29568,49.45218],[21.2982,49.45152],[21.30062,49.4507],[21.30291,49.44974],[21.3037,49.44936],[21.30378,49.4493],[21.30398,49.44925],[21.3042,49.44916],[21.3056,49.44867],[21.30672,49.44819],[21.30715,49.44803],[21.30718,49.448],[21.30723,49.44802],[21.30733,49.44802],[21.30948,49.44818],[21.31197,49.4482],[21.31445,49.44809],[21.31563,49.44796],[21.31612,49.44793],[21.31621,49.4479],[21.31651,49.44791],[21.31663,49.44797],[21.31698,49.44807],[21.31945,49.44868],[21.32201,49.44914],[21.32462,49.44943],[21.32726,49.44956],[21.32886,49.44954],[21.32927,49.44954],[21.3294,49.44953],[21.32946,49.44955],[21.32985,49.44958],[21.33244,49.44971],[21.33504,49.44967],[21.33763,49.44948],[21.34017,49.44912],[21.34265,49.44862],[21.34505,49.44796],[21.34735,49.44717],[21.34952,49.44623],[21.35153,49.44518],[21.35197,49.4449],[21.35209,49.44487],[21.35244,49.44473],[21.35354,49.44424],[21.35438,49.4439],[21.35448,49.44383],[21.35465,49.44378],[21.35544,49.44345],[21.35632,49.44305],[21.35641,49.44299],[21.35671,49.44287],[21.35676,49.44288],[21.3575,49.44267],[21.35982,49.44193],[21.36202,49.44105],[21.36408,49.44005],[21.366,49.43892],[21.36774,49.43769],[21.3693,49.43635],[21.37066,49.43493],[21.37123,49.4342],[21.3715,49.43388],[21.37153,49.4338],[21.37161,49.43375],[21.37208,49.43328],[21.37209,49.43327],[21.37236,49.43299],[21.37275,49.43264],[21.3728,49.43264],[21.37289,49.43264],[21.37358,49.43256],[21.37367,49.43255],[21.37391,49.43252],[21.37413,49.43256],[21.37451,49.43263],[21.37452,49.43263],[21.37466,49.43266],[21.37684,49.43305],[21.3771,49.43309],[21.37962,49.43338],[21.38218,49.43353],[21.38474,49.43351],[21.38729,49.43335],[21.38981,49.43303],[21.39077,49.43284],[21.39128,49.43276],[21.39149,49.43271],[21.39155,49.43272],[21.39158,49.43272],[21.39413,49.43223],[21.3966,49.4316],[21.39896,49.4308],[21.4012,49.42987],[21.40329,49.4288],[21.40521,49.42761],[21.40592,49.42708],[21.40648,49.42668],[21.40651,49.42664],[21.40653,49.42662],[21.40664,49.42658],[21.407,49.42637],[21.40763,49.42605],[21.40767,49.42601],[21.40801,49.42585],[21.40806,49.42583],[21.40816,49.42578],[21.40889,49.42545],[21.40898,49.4254],[21.40922,49.42529],[21.40943,49.42518],[21.4096,49.42511],[21.40966,49.42508],[21.41052,49.42463],[21.4107,49.42455],[21.41076,49.42452],[21.41078,49.42449],[21.41097,49.42441],[21.41311,49.4233],[21.41529,49.42187],[21.41678,49.42066],[21.41696,49.42052],[21.41696,49.42051],[21.41699,49.42047],[21.41717,49.42035],[21.41744,49.42014],[21.41749,49.42007],[21.41754,49.42001],[21.4176,49.41997],[21.41775,49.41993],[21.41793,49.41984],[21.41842,49.41963],[21.41856,49.41954],[21.41873,49.41949],[21.41949,49.41913],[21.42113,49.41839],[21.42148,49.41821],[21.42186,49.418],[21.42188,49.41798],[21.42191,49.41797],[21.42319,49.41726],[21.42397,49.41679],[21.42396,49.41676],[21.42406,49.41675],[21.42453,49.41657],[21.4262,49.41597],[21.42873,49.41482],[21.42973,49.41425],[21.43039,49.41389],[21.43054,49.41379],[21.43082,49.41366],[21.43091,49.41362],[21.43232,49.41294],[21.43251,49.41285],[21.43269,49.41276],[21.43296,49.41261],[21.43408,49.41228],[21.43417,49.41231],[21.43489,49.41237],[21.43541,49.41244],[21.4378,49.41259],[21.44022,49.4126],[21.44255,49.41249],[21.44265,49.41246],[21.44285,49.41246],[21.44293,49.41246],[21.44413,49.41232],[21.44474,49.41228],[21.44484,49.41225],[21.44509,49.4123],[21.44553,49.41236],[21.44672,49.41252],[21.44686,49.41251],[21.44732,49.41259],[21.44756,49.41267],[21.44766,49.41269],[21.44941,49.41315],[21.45208,49.41365],[21.45481,49.41397],[21.45758,49.41411],[21.46035,49.41407],[21.46311,49.41384],[21.46582,49.41344],[21.46678,49.41327],[21.467,49.4132],[21.46744,49.4132],[21.46748,49.41322],[21.46797,49.41326],[21.46974,49.41346],[21.47252,49.41359],[21.47357,49.4136],[21.47369,49.41358],[21.47392,49.41372],[21.47622,49.41478],[21.47869,49.41568],[21.47905,49.41578],[21.47909,49.41583],[21.47965,49.41618],[21.48036,49.41665],[21.48246,49.4178],[21.48473,49.41881],[21.48713,49.41967],[21.48966,49.42036],[21.49228,49.42089],[21.49497,49.42125],[21.4977,49.42143],[21.50045,49.42143],[21.50319,49.42126],[21.50588,49.42091],[21.50851,49.42039],[21.51105,49.4197],[21.51347,49.41885],[21.51391,49.41868],[21.51406,49.41859],[21.51577,49.41811],[21.51623,49.41803],[21.51645,49.41797],[21.51704,49.4178],[21.51715,49.41785],[21.51775,49.41802],[21.51894,49.41838],[21.52156,49.41898],[21.52181,49.41903],[21.52203,49.41905],[21.52354,49.41994],[21.52351,49.41996],[21.5237,49.42035],[21.52461,49.422],[21.52576,49.42358],[21.52715,49.42508],[21.52876,49.42649],[21.53057,49.42779],[21.53256,49.42896],[21.53473,49.43001],[21.53704,49.43091],[21.53947,49.43166],[21.54201,49.43225],[21.54462,49.43267],[21.54729,49.43293],[21.54999,49.43302],[21.55131,49.43302],[21.55138,49.43299],[21.55208,49.43312],[21.55224,49.43321],[21.55236,49.43326],[21.55483,49.4342],[21.55743,49.43496],[21.56014,49.43555],[21.56293,49.43595],[21.56577,49.43616],[21.56863,49.43618],[21.57148,49.43601],[21.57429,49.43564],[21.57547,49.43545],[21.5756,49.43541],[21.57562,49.4354],[21.57582,49.4354],[21.57859,49.43504],[21.58137,49.43447],[21.58272,49.43409],[21.5831,49.43399],[21.58348,49.43388],[21.58372,49.43383],[21.58385,49.43384],[21.58447,49.4338],[21.58474,49.43378],[21.58487,49.43375],[21.58537,49.43376],[21.58702,49.4337],[21.58715,49.4337],[21.58736,49.43368],[21.58803,49.43365],[21.58859,49.43371],[21.58872,49.43372],[21.58997,49.43381],[21.59056,49.43382],[21.59101,49.43396],[21.59313,49.43447],[21.59558,49.4349],[21.59809,49.43517],[21.60062,49.4353],[21.60153,49.43532],[21.60157,49.4353],[21.60185,49.43535],[21.60192,49.43542],[21.60204,49.43549],[21.60412,49.43655],[21.60634,49.43749],[21.6087,49.43827],[21.61115,49.43891],[21.6137,49.43939],[21.6163,49.43971],[21.61894,49.43987],[21.62159,49.43986],[21.62423,49.43969],[21.62683,49.43935],[21.62937,49.43885],[21.63183,49.4382],[21.63418,49.4374],[21.6364,49.43645],[21.63847,49.43537],[21.64037,49.43417],[21.64209,49.43285],[21.6436,49.43143],[21.64428,49.43073],[21.64431,49.43065],[21.64435,49.43066],[21.64523,49.43026],[21.64567,49.43009],[21.64784,49.429],[21.64984,49.42778],[21.65165,49.42644],[21.65324,49.42499],[21.6546,49.42345],[21.65572,49.42182],[21.65659,49.42014],[21.65665,49.42],[21.65682,49.4196],[21.65685,49.41952],[21.65705,49.41898],[21.65744,49.41849],[21.65752,49.41838],[21.65774,49.41809],[21.65793,49.41786],[21.65806,49.41765],[21.65848,49.41719],[21.65891,49.4168],[21.65948,49.41667],[21.66126,49.41614],[21.66308,49.41548],[21.66372,49.41523],[21.66389,49.41514],[21.66393,49.41516],[21.66427,49.41512],[21.66667,49.41494],[21.66966,49.41449],[21.67046,49.41434],[21.67057,49.41431],[21.67068,49.41427],[21.67072,49.41428],[21.67321,49.41371],[21.67584,49.41291],[21.67833,49.41192],[21.67903,49.41161],[21.67925,49.41149],[21.67987,49.41124],[21.68045,49.41103],[21.68123,49.41081],[21.6818,49.41087],[21.68195,49.41089],[21.68263,49.41098],[21.68327,49.41106],[21.68334,49.4111],[21.68382,49.41121],[21.68396,49.41125],[21.68452,49.41139],[21.68465,49.4114],[21.68471,49.41144],[21.68546,49.41169],[21.68628,49.41199],[21.68878,49.4127],[21.69138,49.41324],[21.69405,49.41362],[21.69677,49.41382],[21.6995,49.41384],[21.70222,49.41369],[21.70491,49.41337],[21.70754,49.41287],[21.71008,49.41221],[21.71251,49.41138],[21.7148,49.41041],[21.71693,49.40929],[21.71888,49.40805],[21.72063,49.40668],[21.72217,49.40521],[21.72348,49.40364],[21.72454,49.402],[21.72535,49.4003],[21.72544,49.40007],[21.72547,49.39999],[21.72549,49.39995],[21.72553,49.39984],[21.72564,49.39959],[21.72583,49.39916],[21.72689,49.3981],[21.72747,49.39789],[21.72763,49.39783],[21.72817,49.39764],[21.72824,49.39764],[21.72883,49.39748],[21.72999,49.39722],[21.73233,49.39653],[21.73457,49.39569],[21.73668,49.39472],[21.73864,49.39363],[21.73939,49.39317],[21.73941,49.39314],[21.7405,49.39253],[21.74139,49.39214],[21.74453,49.39055],[21.74469,49.39046],[21.7452,49.39016],[21.7453,49.39015],[21.74573,49.39],[21.74688,49.38966],[21.74907,49.38884],[21.75113,49.38789],[21.75206,49.38742],[21.75212,49.38736],[21.7522,49.38735],[21.75251,49.3872],[21.75459,49.38603],[21.75649,49.38474],[21.75818,49.38334],[21.75965,49.38183],[21.76088,49.38023],[21.76186,49.37857],[21.76259,49.37685],[21.76305,49.37509],[21.76305,49.37505],[21.76303,49.37499],[21.76347,49.37393],[21.76355,49.37386],[21.76401,49.37315],[21.76405,49.37309],[21.76498,49.37145],[21.76566,49.36975],[21.76607,49.36807],[21.76607,49.36797],[21.76624,49.36719],[21.76628,49.3672],[21.76658,49.36683],[21.7677,49.36561],[21.76792,49.36532],[21.76822,49.36492],[21.76855,49.36459],[21.76869,49.3645],[21.76888,49.36434],[21.77022,49.36323],[21.77181,49.3616],[21.77311,49.35986],[21.77335,49.35949],[21.77359,49.35908],[21.77405,49.35875],[21.77448,49.35841],[21.77479,49.35818],[21.77534,49.35773],[21.77549,49.35759],[21.77617,49.35717],[21.77676,49.3568],[21.77682,49.35677],[21.778,49.35605],[21.77893,49.35589],[21.77966,49.35588],[21.7799,49.35586],[21.78063,49.35578],[21.78078,49.3558],[21.78096,49.35579],[21.78248,49.35575],[21.78484,49.35555],[21.78717,49.35522],[21.78746,49.35517],[21.78752,49.35514],[21.78921,49.35549],[21.7892,49.35555],[21.78939,49.35634],[21.7894,49.35634],[21.78951,49.35691],[21.79026,49.35892],[21.79049,49.35942],[21.79056,49.35947],[21.79054,49.35954],[21.79073,49.36017],[21.7908,49.36051],[21.7908,49.36052],[21.79084,49.36056],[21.7908,49.36059],[21.79076,49.36084],[21.79046,49.36213],[21.79032,49.36398],[21.79048,49.36583],[21.79093,49.36767],[21.79167,49.36946],[21.79269,49.37119],[21.79398,49.37284],[21.79463,49.37349],[21.79496,49.37386],[21.79507,49.37397],[21.79512,49.37399],[21.79513,49.37402],[21.79635,49.37525],[21.79794,49.37655],[21.7997,49.37775],[21.80163,49.37884],[21.80371,49.3798],[21.80591,49.38064],[21.80823,49.38134],[21.80951,49.38164],[21.80983,49.38172],[21.81004,49.38176],[21.81019,49.38183],[21.81242,49.38251],[21.81255,49.38254],[21.81273,49.38262],[21.81349,49.38288],[21.81589,49.3836],[21.81838,49.38417],[21.82095,49.38459],[21.82356,49.38484],[21.82621,49.38492],[21.82885,49.38484],[21.83147,49.3846],[21.83404,49.3842],[21.83655,49.38363],[21.83896,49.38292],[21.84125,49.38205],[21.84341,49.38105],[21.84541,49.37992],[21.84723,49.37867],[21.84788,49.37818],[21.84792,49.37812],[21.84797,49.37811],[21.84879,49.37749],[21.84875,49.37746],[21.84938,49.37701],[21.84951,49.37692],[21.84975,49.37675],[21.85026,49.37632],[21.85159,49.3752],[21.85283,49.3739],[21.85284,49.3739],[21.85326,49.37345],[21.85347,49.37322],[21.85371,49.37299],[21.85394,49.37276],[21.85393,49.37276],[21.85454,49.37213],[21.85464,49.37201],[21.85492,49.37172],[21.85493,49.37171],[21.85507,49.37156],[21.85523,49.37142],[21.85533,49.37132],[21.85563,49.37103],[21.85597,49.37076],[21.85633,49.37047],[21.85638,49.37043],[21.85643,49.37039],[21.85675,49.37014],[21.85704,49.36991],[21.859,49.36856],[21.85965,49.36867],[21.85993,49.36871],[21.86143,49.36893],[21.86159,49.36895],[21.8642,49.36918],[21.86683,49.36925],[21.86946,49.36916],[21.87206,49.3689],[21.87461,49.36848],[21.87709,49.36791],[21.87948,49.36719],[21.88175,49.36632],[21.88389,49.36531],[21.88587,49.36418],[21.88767,49.36293],[21.88929,49.36157],[21.89069,49.36012],[21.89172,49.3588],[21.89183,49.35863],[21.89242,49.35801],[21.89335,49.3572],[21.89389,49.35693],[21.89424,49.35675],[21.89485,49.35641],[21.89485,49.3564],[21.89522,49.35617],[21.89564,49.35598],[21.8957,49.35595],[21.89798,49.3547],[21.90004,49.35329],[21.90147,49.35207],[21.90148,49.35205],[21.90195,49.35166],[21.90229,49.35134],[21.90287,49.35076],[21.903,49.35062],[21.90308,49.35051],[21.90377,49.34996],[21.90442,49.35009],[21.90467,49.35014],[21.90468,49.35013],[21.90615,49.35042],[21.9087,49.35076],[21.9113,49.35094],[21.91391,49.35096],[21.91651,49.35082],[21.91908,49.35052],[21.9216,49.35007],[21.92404,49.34945],[21.92638,49.3487],[21.9286,49.3478],[21.93002,49.3471],[21.93029,49.34698],[21.93034,49.34693],[21.93098,49.34667],[21.93132,49.34658],[21.93197,49.34645],[21.93255,49.34636],[21.93292,49.3463],[21.93316,49.34626],[21.93325,49.34625],[21.93403,49.34611],[21.93507,49.3461],[21.93585,49.34619],[21.93598,49.34621],[21.93618,49.34623],[21.93621,49.34623],[21.93656,49.34627],[21.93715,49.3464],[21.93742,49.34644],[21.94003,49.34684],[21.9427,49.34707],[21.94538,49.34712],[21.94806,49.34701],[21.95071,49.34673],[21.95331,49.34628],[21.95583,49.34566],[21.95825,49.3449],[21.96054,49.34398],[21.96268,49.34292],[21.96466,49.34173],[21.96598,49.34077],[21.96599,49.34077],[21.96644,49.34043],[21.96654,49.34036],[21.96827,49.33905],[21.96985,49.33758],[21.96999,49.33743],[21.97002,49.3374],[21.97118,49.33607],[21.97218,49.33466],[21.97273,49.33366],[21.97282,49.33352],[21.97283,49.33346],[21.97319,49.33297],[21.97337,49.33279],[21.97403,49.33196],[21.97472,49.33085],[21.97476,49.33077],[21.97482,49.3307],[21.97499,49.33043],[21.97513,49.33016],[21.97519,49.33008],[21.97528,49.32989],[21.97529,49.32987],[21.97577,49.32889],[21.97584,49.32876],[21.97607,49.32827],[21.9763,49.32792],[21.97705,49.32632],[21.9776,49.32453],[21.97786,49.3227],[21.97784,49.32087],[21.97778,49.32021],[21.97773,49.32013],[21.97778,49.32007],[21.97783,49.31986],[21.97831,49.31799],[21.97832,49.31789],[21.97854,49.31692],[21.97891,49.31658],[21.97925,49.31623],[21.97924,49.31622],[21.98005,49.31539],[21.98118,49.31398],[21.98211,49.3125],[21.98266,49.31134],[21.98293,49.31078],[21.98318,49.31037],[21.9837,49.30995],[21.98406,49.3098],[21.98594,49.30879],[21.98786,49.30755],[21.98959,49.30619],[21.99081,49.30501],[21.99104,49.30479],[21.99149,49.30431],[21.99195,49.30392],[21.99217,49.30381],[21.99263,49.30348],[21.99403,49.30255],[21.99419,49.30242],[21.9956,49.30159],[21.99568,49.30156],[21.99767,49.30036],[21.99959,49.29894],[22.00127,49.29739],[22.00146,49.2972],[22.00145,49.29717],[22.00192,49.29688],[22.00383,49.2954],[22.00501,49.29425],[22.00503,49.29426],[22.00538,49.29392],[22.0057,49.29357],[22.00684,49.29255],[22.00728,49.29228],[22.0076,49.29205],[22.00985,49.29031],[22.01023,49.28998],[22.01069,49.28953],[22.01285,49.28858],[22.0131,49.28856],[22.01384,49.2884],[22.01427,49.28832],[22.0168,49.2877],[22.01923,49.28692],[22.02153,49.28599],[22.02368,49.28492],[22.02566,49.28372],[22.02745,49.28239],[22.02903,49.28096],[22.03039,49.27943],[22.03151,49.27783],[22.03239,49.27616],[22.03301,49.27444],[22.03337,49.27269],[22.03347,49.27093],[22.03333,49.26947],[22.03327,49.26925],[22.0333,49.26915],[22.03326,49.26891],[22.03284,49.26722],[22.03217,49.26556],[22.03127,49.26395],[22.03052,49.26293],[22.03037,49.2627],[22.03032,49.26267],[22.03075,49.26234],[22.03116,49.262],[22.03114,49.26199],[22.03223,49.26107],[22.0337,49.25953],[22.03493,49.25789],[22.0359,49.25618],[22.0366,49.25442],[22.03702,49.25263],[22.03716,49.25081],[22.03702,49.24899],[22.0366,49.2472],[22.0359,49.24544],[22.03494,49.24374],[22.03371,49.24211],[22.03341,49.24175],[22.03337,49.24175],[22.0337,49.24077],[22.03415,49.23907],[22.03435,49.23735],[22.03435,49.23721],[22.03434,49.23676],[22.03436,49.23659],[22.03431,49.23516],[22.03401,49.23346],[22.03346,49.23179],[22.03267,49.23016],[22.03164,49.22859],[22.03122,49.22802],[22.03111,49.22795],[22.03086,49.22755],[22.03075,49.22721],[22.03075,49.22718],[22.03072,49.22712],[22.03042,49.22634],[22.03042,49.22633],[22.03025,49.22591],[22.03023,49.22554],[22.03042,49.22517],[22.03062,49.22509],[22.03151,49.22461],[22.0315,49.22461],[22.03207,49.22432],[22.0344,49.22285],[22.03482,49.22255],[22.03488,49.22248],[22.03497,49.22246],[22.03505,49.22243],[22.03648,49.22194],[22.03819,49.22123],[22.03866,49.221],[22.03878,49.22098],[22.03919,49.22087],[22.04101,49.2204],[22.04362,49.2195],[22.0457,49.21859],[22.0459,49.21848],[22.04612,49.21842],[22.04687,49.21813],[22.04881,49.21729],[22.05053,49.2164],[22.05062,49.21633],[22.05068,49.21629],[22.05135,49.21613],[22.05403,49.21539],[22.05657,49.21447],[22.05895,49.21338],[22.06114,49.21214],[22.06192,49.21164],[22.06197,49.21159],[22.0621,49.21161],[22.06308,49.21161],[22.06594,49.21152],[22.06877,49.21124],[22.07155,49.21076],[22.07423,49.2101],[22.0768,49.20926],[22.07686,49.20924],[22.07711,49.20914],[22.07724,49.2091],[22.07731,49.20907],[22.07795,49.20884],[22.07867,49.20875],[22.07937,49.20863],[22.08065,49.20843],[22.08132,49.2083],[22.08222,49.2081],[22.08237,49.20811],[22.08305,49.20804],[22.08364,49.208],[22.08615,49.20768],[22.0886,49.20721],[22.09098,49.20659],[22.09117,49.20653],[22.09176,49.20633],[22.09363,49.20585],[22.09436,49.20579],[22.09442,49.20582],[22.09465,49.20581],[22.09642,49.2058],[22.09884,49.20564],[22.10124,49.20535],[22.10358,49.20492],[22.10586,49.20436],[22.1067,49.20413],[22.10674,49.20409],[22.10742,49.20397],[22.10771,49.20392],[22.10772,49.20392],[22.10788,49.2039],[22.10804,49.20387],[22.1082,49.20385],[22.1082,49.20384],[22.1106,49.20339],[22.11317,49.20272],[22.11563,49.20188],[22.11717,49.20122],[22.11755,49.20108],[22.11757,49.20105],[22.11823,49.20101],[22.11835,49.201],[22.11907,49.20095],[22.11921,49.20097],[22.11974,49.20096],[22.12092,49.20097],[22.12355,49.20083],[22.12615,49.20053],[22.12869,49.20006],[22.13116,49.19944],[22.13352,49.19866],[22.13576,49.19774],[22.13785,49.19669],[22.13978,49.19551],[22.14153,49.19421],[22.14308,49.19281],[22.1431,49.1928],[22.14311,49.19275],[22.1437,49.19251],[22.14404,49.19237],[22.14509,49.19189],[22.14538,49.19175],[22.14555,49.19163],[22.14631,49.19144],[22.14922,49.19055],[22.15197,49.18945],[22.15235,49.18927],[22.15284,49.18903],[22.15383,49.18862],[22.15517,49.18831],[22.15531,49.1883],[22.15771,49.18776],[22.1604,49.18694],[22.16241,49.18614],[22.16268,49.18604],[22.16268,49.18601],[22.16276,49.18601],[22.16381,49.18563],[22.16538,49.18502],[22.16596,49.18478],[22.16655,49.18451],[22.1673,49.18435],[22.1675,49.18433],[22.16757,49.18432],[22.16985,49.18386],[22.17173,49.18335],[22.17182,49.18333],[22.17186,49.1833],[22.17244,49.18318],[22.17474,49.18258],[22.17704,49.18181],[22.17922,49.18091],[22.18125,49.17987],[22.18314,49.17871],[22.18484,49.17745],[22.18636,49.17608],[22.18755,49.17478],[22.18756,49.17474],[22.18784,49.17444],[22.18819,49.17432],[22.18824,49.17433],[22.18842,49.1743],[22.18954,49.17411],[22.1897,49.17408],[22.18991,49.17402],[22.19077,49.17388],[22.19107,49.17389],[22.19113,49.17392],[22.1922,49.17406],[22.19483,49.17431],[22.19749,49.1744],[22.20014,49.17432],[22.20278,49.17407],[22.20537,49.17366],[22.20788,49.17308],[22.2103,49.17235],[22.2126,49.17147],[22.21476,49.17045],[22.21675,49.1693],[22.21857,49.16802],[22.2202,49.16664],[22.22161,49.16517],[22.22279,49.16361],[22.22374,49.16198],[22.22445,49.1603],[22.2249,49.15859],[22.2251,49.15686],[22.22504,49.15512],[22.22473,49.15339],[22.22466,49.15312],[22.2246,49.15304],[22.22518,49.15279],[22.22524,49.15276],[22.22546,49.15267],[22.22554,49.15263],[22.22572,49.15254],[22.22616,49.15257],[22.22661,49.15262],[22.22706,49.15266],[22.22706,49.15265],[22.22887,49.15279],[22.23138,49.15284],[22.23388,49.15274],[22.23635,49.15249],[22.23879,49.15209],[22.23965,49.15192],[22.23969,49.15189],[22.23986,49.15189],[22.24014,49.15192],[22.24016,49.15192],[22.242,49.15201],[22.24452,49.15199],[22.24703,49.15182],[22.2495,49.15149],[22.25192,49.15103],[22.25247,49.1509],[22.25253,49.15087],[22.25303,49.1508],[22.25545,49.15033],[22.25793,49.14968],[22.2603,49.14887],[22.26127,49.14845],[22.26178,49.14826],[22.26188,49.1482],[22.26202,49.14819],[22.26246,49.14809],[22.26508,49.14742],[22.26759,49.14658],[22.26763,49.14657],[22.26785,49.14644],[22.26981,49.1458],[22.26993,49.1458],[22.27274,49.14508],[22.27345,49.14487],[22.27346,49.14487],[22.27415,49.14463],[22.27444,49.14458],[22.27644,49.14409],[22.27892,49.14329],[22.28128,49.14233],[22.28168,49.14214],[22.28177,49.14208],[22.28242,49.14212],[22.28246,49.14213],[22.28501,49.14223],[22.28757,49.14217],[22.29011,49.14196],[22.2926,49.14159],[22.29262,49.14159],[22.29284,49.14153],[22.29308,49.14151],[22.29418,49.14131],[22.29664,49.14079],[22.29901,49.14012],[22.30127,49.13931],[22.30341,49.13837],[22.30399,49.13809],[22.30423,49.13796],[22.30426,49.13793],[22.30429,49.13793],[22.30534,49.13739],[22.30602,49.13701],[22.30725,49.13685],[22.30731,49.13686],[22.30813,49.13683],[22.30883,49.13683],[22.31134,49.13667],[22.31382,49.13636],[22.31625,49.1359],[22.31686,49.13575],[22.31761,49.13559],[22.31765,49.13555],[22.31788,49.13557],[22.31877,49.13556],[22.31983,49.13558],[22.3203,49.13559],[22.32053,49.13558],[22.32064,49.13571],[22.32125,49.13628],[22.32147,49.1365],[22.32184,49.13681],[22.32185,49.13685],[22.32222,49.13718],[22.32295,49.13793],[22.32465,49.13931],[22.32654,49.14058],[22.32862,49.14172],[22.33086,49.14272],[22.33324,49.14356],[22.33574,49.14425],[22.33833,49.14478],[22.34099,49.14513],[22.34369,49.14532],[22.3464,49.14532],[22.34645,49.14532],[22.3465,49.1453],[22.34653,49.14532],[22.34688,49.14531],[22.34844,49.14532],[22.35085,49.14519],[22.35324,49.14493],[22.35506,49.14462],[22.35522,49.1446],[22.35528,49.14457],[22.35538,49.14458],[22.35595,49.14451],[22.35717,49.14439],[22.35974,49.14397],[22.36223,49.1434],[22.36463,49.14267],[22.36691,49.1418],[22.36905,49.14078],[22.37104,49.13964],[22.37285,49.13838],[22.37446,49.13701],[22.37587,49.13554],[22.37705,49.134],[22.37742,49.13345],[22.37748,49.13332],[22.37809,49.13253],[22.37831,49.13222],[22.37851,49.13189],[22.37862,49.13184],[22.37885,49.13167],[22.37924,49.13138],[22.37953,49.13115],[22.37957,49.13109],[22.37963,49.13109],[22.38056,49.13061],[22.38068,49.13055],[22.3827,49.1294],[22.38454,49.12813],[22.38619,49.12675],[22.38762,49.12527],[22.38882,49.1237],[22.38979,49.12207],[22.39051,49.12038],[22.39076,49.11946],[22.39085,49.1192],[22.39087,49.11906],[22.39182,49.11805],[22.39191,49.11804],[22.3925,49.11778],[22.39467,49.11673],[22.39668,49.11554],[22.39741,49.11501],[22.3979,49.11469],[22.39796,49.11462],[22.39805,49.11459],[22.39862,49.11421],[22.39953,49.11367],[22.40144,49.11226],[22.40255,49.11124],[22.40281,49.11102],[22.40282,49.11097],[22.403,49.11087],[22.4032,49.1107],[22.40465,49.1096],[22.40646,49.10787],[22.40679,49.10751],[22.40681,49.10745],[22.40722,49.10704],[22.40731,49.107],[22.40751,49.10682],[22.40837,49.10616],[22.40916,49.10542],[22.40936,49.10525],[22.40946,49.10514],[22.41054,49.10429],[22.41097,49.10401],[22.41135,49.10374],[22.41191,49.10332],[22.41193,49.10331],[22.41207,49.10321],[22.41247,49.1029],[22.41388,49.10208],[22.41412,49.10206],[22.41436,49.10202],[22.41671,49.10152],[22.41899,49.10089],[22.42118,49.10013],[22.42218,49.0997],[22.42248,49.09958],[22.42266,49.09949],[22.42334,49.09941],[22.42401,49.09931],[22.424,49.09927],[22.42637,49.09889],[22.42711,49.09873],[22.42729,49.09868],[22.42843,49.09847],[22.42847,49.09851],[22.43066,49.09949],[22.43304,49.10033],[22.43554,49.10102],[22.43813,49.10154],[22.43833,49.10158],[22.43838,49.10156],[22.43901,49.10174],[22.43966,49.10189],[22.43967,49.10187],[22.44111,49.10221],[22.44387,49.10266],[22.4467,49.10292],[22.44955,49.10299],[22.44989,49.10299],[22.45003,49.10296],[22.45074,49.10298],[22.45321,49.10288],[22.45566,49.10263],[22.45807,49.10224],[22.46041,49.10172],[22.46204,49.10124],[22.46204,49.10123],[22.46206,49.10123],[22.46267,49.10105],[22.46303,49.10093],[22.46378,49.10071],[22.46626,49.09977],[22.46859,49.09866],[22.47036,49.09762],[22.47068,49.09738],[22.47134,49.097],[22.47197,49.09659],[22.47196,49.09659],[22.4724,49.09631],[22.47245,49.09628],[22.47258,49.09619],[22.47317,49.0958],[22.47326,49.09578],[22.47407,49.0953],[22.47435,49.09515],[22.47628,49.09388],[22.47634,49.09383],[22.47648,49.09368],[22.477,49.09335],[22.47783,49.09302],[22.47801,49.09297],[22.47859,49.09276],[22.48093,49.0918],[22.48312,49.0907],[22.48512,49.08945],[22.48528,49.08934],[22.48529,49.0893],[22.48596,49.08889],[22.48708,49.08844],[22.48715,49.08845],[22.48828,49.0882],[22.48879,49.0881],[22.49142,49.08741],[22.49237,49.08712],[22.49244,49.08708],[22.49335,49.08684],[22.49399,49.08671],[22.494,49.08671],[22.49424,49.08666],[22.49583,49.08621],[22.49584,49.08622],[22.49692,49.08594],[22.49702,49.08589],[22.49782,49.08586],[22.49871,49.08579],[22.49979,49.08586],[22.50021,49.08617],[22.50022,49.08618],[22.50023,49.08618],[22.50157,49.08716],[22.50366,49.0884],[22.50594,49.08949],[22.50838,49.09043],[22.51095,49.09119],[22.51363,49.09178],[22.51639,49.09218],[22.51873,49.09235],[22.51873,49.09236],[22.51897,49.09236],[22.51919,49.09241],[22.52035,49.09253],[22.52071,49.09258],[22.52382,49.09278],[22.52694,49.09275],[22.52698,49.09275],[22.52968,49.09253],[22.53234,49.09214],[22.53493,49.09158],[22.53742,49.09085],[22.53978,49.08997],[22.54201,49.08894],[22.54406,49.08777],[22.54593,49.08647],[22.5476,49.08506],[22.54905,49.08355],[22.55025,49.08195],[22.55122,49.08028],[22.55192,49.07856],[22.55236,49.0768],[22.55253,49.07503],[22.55244,49.07325],[22.55222,49.07156],[22.55217,49.07121],[22.55174,49.06855],[22.55169,49.06828],[22.55168,49.06801],[22.55163,49.06731],[22.55161,49.06706],[22.55154,49.0658],[22.55152,49.06553],[22.5515,49.06533],[22.55149,49.06521],[22.55142,49.06334],[22.55142,49.06325],[22.55133,49.06089],[22.55133,49.06082],[22.55131,49.05849],[22.5513,49.05834],[22.55125,49.05621],[22.55125,49.05608],[22.55125,49.05595],[22.55127,49.05491],[22.55127,49.05448],[22.55125,49.05299],[22.55125,49.05294],[22.55125,49.05276],[22.55125,49.05249],[22.55125,49.05234],[22.55122,49.0503],[22.55122,49.05015],[22.5512,49.04921],[22.55119,49.04914],[22.55119,49.04906],[22.55119,49.04671],[22.55119,49.04651],[22.55117,49.045],[22.55117,49.04494],[22.55114,49.041],[22.55114,49.04094],[22.55111,49.03861],[22.55111,49.03855],[22.55107,49.03639],[22.55091,49.03459],[22.55047,49.03282],[22.54976,49.03109],[22.54879,49.02941],[22.54757,49.0278],[22.54611,49.02628],[22.54442,49.02487],[22.54253,49.02357],[22.54045,49.02241],[22.5382,49.02139],[22.538,49.02133],[22.53805,49.02125],[22.53805,49.02124],[22.53848,49.01969],[22.53869,49.01793],[22.53865,49.01617],[22.53834,49.01442],[22.53777,49.01271],[22.53694,49.01103],[22.53587,49.00942],[22.53456,49.00788],[22.53303,49.00644],[22.53129,49.0051],[22.52936,49.00388],[22.52725,49.0028],[22.525,49.00185],[22.52261,49.00105],[22.52011,49.00041],[22.51752,48.99994],[22.51488,48.99963],[22.5122,48.99949],[22.50952,48.99953],[22.50685,48.99974],[22.50558,48.99988],[22.50547,48.99992],[22.50408,48.99983],[22.50383,48.99981],[22.50129,48.99959],[22.5005,48.99953],[22.49973,48.9994],[22.49726,48.999],[22.49661,48.99889],[22.49601,48.9987],[22.49562,48.99858],[22.495,48.99839],[22.49493,48.99831],[22.49432,48.9979],[22.49238,48.99672],[22.49027,48.99567],[22.48801,48.99476],[22.48563,48.99399],[22.48315,48.99339],[22.48058,48.99294],[22.47992,48.99284],[22.47969,48.99283],[22.47956,48.99272],[22.47885,48.99224],[22.4777,48.99142],[22.47731,48.99119],[22.47734,48.99074],[22.47735,48.99051],[22.47737,48.98915],[22.47736,48.98893],[22.47733,48.98861],[22.47733,48.98834],[22.47733,48.98802],[22.47724,48.98654],[22.47715,48.98582],[22.47679,48.98404],[22.47616,48.9823],[22.47526,48.98061],[22.47412,48.97898],[22.47273,48.97744],[22.47111,48.976],[22.46929,48.97467],[22.46726,48.97347],[22.46639,48.973],[22.46622,48.97294],[22.46589,48.97258],[22.46076,48.96701],[22.46069,48.96694],[22.45737,48.96332],[22.45735,48.96329],[22.45432,48.95999],[22.45295,48.9585],[22.45289,48.95844],[22.45278,48.95833],[22.4494,48.95469],[22.4494,48.95468],[22.44933,48.95461],[22.44696,48.952],[22.44696,48.95199],[22.44682,48.95184],[22.44448,48.94933],[22.444,48.94881],[22.44211,48.94675],[22.44172,48.94632],[22.44172,48.94631],[22.44149,48.94606],[22.44042,48.94492],[22.43997,48.94444],[22.43845,48.94276],[22.43833,48.94263],[22.43271,48.93653],[22.43147,48.93519],[22.43103,48.93471],[22.42949,48.93303],[22.42806,48.93164],[22.42644,48.93034],[22.4252,48.92951],[22.425,48.92936],[22.42492,48.92933],[22.42528,48.92617],[22.42546,48.92581],[22.42563,48.92549],[22.42636,48.92381],[22.42684,48.92209],[22.42706,48.92036],[22.42703,48.91861],[22.42673,48.91688],[22.42619,48.91518],[22.42539,48.91352],[22.42515,48.91315],[22.42488,48.91264],[22.42481,48.91258],[22.42467,48.91211],[22.42467,48.9121],[22.42456,48.91169],[22.42458,48.91166],[22.42446,48.91107],[22.4243,48.91008],[22.42369,48.90819],[22.42364,48.90814],[22.42365,48.9081],[22.42348,48.90769],[22.42277,48.90624],[22.42188,48.90485],[22.42082,48.90351],[22.42075,48.90347],[22.42095,48.90306],[22.42098,48.90299],[22.42161,48.90141],[22.42202,48.89981],[22.4222,48.89819],[22.42217,48.89656],[22.42205,48.8953],[22.42174,48.89348],[22.42115,48.89168],[22.42028,48.88994],[22.41914,48.88826],[22.41775,48.88667],[22.41612,48.88519],[22.41426,48.88382],[22.4122,48.88258],[22.40996,48.88149],[22.40756,48.88055],[22.40502,48.87978],[22.40361,48.87941],[22.40345,48.87937],[22.39547,48.87731],[22.39525,48.87725],[22.39467,48.87708],[22.39466,48.87702],[22.39425,48.87637],[22.39319,48.87491],[22.39194,48.87351],[22.39049,48.8722],[22.38888,48.87098],[22.3871,48.86986],[22.38681,48.86969],[22.38672,48.86967],[22.38639,48.86919],[22.38636,48.86915],[22.38378,48.8654],[22.38353,48.86503],[22.38344,48.86462],[22.38331,48.86422],[22.3833,48.86422],[22.38301,48.86326],[22.38233,48.86172],[22.38149,48.86031],[22.38128,48.86003],[22.38127,48.85962],[22.38126,48.85858],[22.38123,48.85794],[22.38123,48.85793],[22.38119,48.85747],[22.38124,48.85739],[22.38135,48.8567],[22.38146,48.85625],[22.3816,48.85432],[22.38142,48.85239],[22.38026,48.84575],[22.38011,48.84503],[22.37956,48.84273],[22.37894,48.84081],[22.378,48.83895],[22.37676,48.83717],[22.37622,48.8365],[22.37614,48.83644],[22.37586,48.83572],[22.37587,48.83532],[22.3759,48.83449],[22.37592,48.83403],[22.37623,48.83368],[22.37723,48.83227],[22.37911,48.82925],[22.3806,48.82726],[22.38089,48.82685],[22.38128,48.8263],[22.38133,48.82622],[22.38139,48.82614],[22.38172,48.82569],[22.3817,48.82569],[22.38242,48.8247],[22.38336,48.823],[22.38403,48.82124],[22.38443,48.81945],[22.38537,48.81299],[22.38548,48.81081],[22.38519,48.80863],[22.38504,48.80795],[22.38504,48.80794],[22.38494,48.80753],[22.38497,48.80711],[22.38499,48.8067],[22.38497,48.80499],[22.38471,48.8033],[22.3842,48.80163],[22.38345,48.8],[22.38247,48.79842],[22.38127,48.79691],[22.3809,48.7965],[22.38083,48.79647],[22.38075,48.79632],[22.38054,48.7961],[22.3792,48.79476],[22.37906,48.79464],[22.37904,48.79456],[22.37898,48.79445],[22.37814,48.79279],[22.37681,48.79092],[22.37628,48.79028],[22.37617,48.79019],[22.37616,48.79011],[22.37582,48.7894],[22.37581,48.7894],[22.37575,48.78925],[22.37478,48.78756],[22.37355,48.78594],[22.37209,48.78442],[22.37039,48.78299],[22.36849,48.78169],[22.3664,48.78053],[22.36636,48.78051],[22.36633,48.7805],[22.36436,48.7795],[22.36375,48.77908],[22.36228,48.77825],[22.36218,48.77813],[22.36172,48.77772],[22.36001,48.77634],[22.3581,48.77508],[22.356,48.77394],[22.35374,48.77296],[22.35273,48.7726],[22.35204,48.77234],[22.35197,48.77233],[22.3518,48.77225],[22.35068,48.77177],[22.35049,48.77168],[22.35028,48.77161],[22.35002,48.77118],[22.34972,48.77077],[22.34901,48.76974],[22.34837,48.76892],[22.34725,48.76762],[22.34645,48.76684],[22.34608,48.76648],[22.34569,48.76614],[22.34575,48.76598],[22.34608,48.76416],[22.34609,48.76211],[22.34591,48.76],[22.34565,48.75828],[22.34513,48.75658],[22.34437,48.75493],[22.3443,48.75481],[22.344,48.75425],[22.34381,48.75367],[22.34344,48.75252],[22.34309,48.75156],[22.3428,48.75086],[22.34267,48.75067],[22.34336,48.74986],[22.34357,48.74981],[22.3441,48.7496],[22.34656,48.74855],[22.34883,48.74733],[22.35089,48.74596],[22.35272,48.74445],[22.3534,48.74374],[22.35373,48.74343],[22.35386,48.7433],[22.35392,48.74322],[22.35393,48.74322],[22.35515,48.74193],[22.35635,48.74035],[22.3573,48.73869],[22.358,48.73698],[22.35844,48.73524],[22.35862,48.73348],[22.35853,48.73171],[22.35819,48.72996],[22.35758,48.72824],[22.35672,48.72657],[22.35562,48.72497],[22.35428,48.72344],[22.35272,48.72201],[22.35268,48.72198],[22.35264,48.72194],[22.35069,48.72033],[22.35073,48.7203],[22.35097,48.7187],[22.35098,48.71704],[22.35076,48.71539],[22.35031,48.71375],[22.34964,48.71216],[22.34874,48.71061],[22.34762,48.70891],[22.34755,48.70881],[22.34588,48.70633],[22.34558,48.70589],[22.3456,48.7054],[22.34561,48.70489],[22.34561,48.70483],[22.34561,48.70478],[22.34563,48.70435],[22.34564,48.70422],[22.34565,48.70409],[22.3457,48.70357],[22.34574,48.70237],[22.34572,48.7009],[22.3456,48.69934],[22.34528,48.6978],[22.34475,48.69628],[22.34441,48.69548],[22.34358,48.6938],[22.34249,48.69219],[22.34118,48.69066],[22.33964,48.68922],[22.33789,48.68789],[22.33596,48.68668],[22.33385,48.68559],[22.33159,48.68466],[22.3292,48.68387],[22.3267,48.68324],[22.32522,48.68298],[22.32522,48.68297],[22.32416,48.68277],[22.32213,48.68239],[22.32153,48.68228],[22.32146,48.68224],[22.32069,48.68207],[22.31972,48.68183],[22.31871,48.68161],[22.3185,48.68158],[22.31834,48.68149],[22.31809,48.68137],[22.31574,48.68043],[22.31325,48.67964],[22.31066,48.67902],[22.31037,48.67896],[22.30975,48.67886],[22.30969,48.67881],[22.3087,48.67838],[22.3087,48.67839],[22.30805,48.67808],[22.30542,48.67712],[22.30268,48.67637],[22.30256,48.67636],[22.30255,48.67632],[22.30239,48.67614],[22.30099,48.67479],[22.29942,48.67352],[22.29767,48.67236],[22.29578,48.67131],[22.29374,48.67037],[22.29158,48.66957],[22.29103,48.66938],[22.29081,48.66933],[22.29034,48.66899],[22.29025,48.66893],[22.28981,48.66861],[22.28911,48.668],[22.28911,48.66795],[22.28899,48.6678],[22.28829,48.66678],[22.28708,48.66538],[22.28568,48.66406],[22.2841,48.66283],[22.28237,48.66169],[22.28048,48.66066],[22.27841,48.65963],[22.27838,48.65962],[22.27823,48.65955],[22.27813,48.6595],[22.27509,48.65801],[22.27283,48.65702],[22.27043,48.65618],[22.26792,48.6555],[22.26532,48.655],[22.26516,48.65497],[22.26503,48.65497],[22.26503,48.65494],[22.26481,48.65474],[22.26376,48.65371],[22.26204,48.65233],[22.26012,48.65108],[22.25802,48.64996],[22.25576,48.64898],[22.25337,48.64815],[22.2509,48.6475],[22.25031,48.64739],[22.25018,48.64695],[22.24979,48.64565],[22.24967,48.64522],[22.24967,48.64479],[22.24967,48.64381],[22.24954,48.64211],[22.24918,48.64043],[22.24857,48.63877],[22.24773,48.63717],[22.24667,48.63562],[22.24296,48.63086],[22.24164,48.62935],[22.2401,48.62793],[22.23836,48.62661],[22.23643,48.62542],[22.23433,48.62435],[22.23208,48.62343],[22.22971,48.62265],[22.22723,48.62203],[22.22468,48.62158],[22.22207,48.62129],[22.21942,48.62117],[22.21677,48.62122],[22.21634,48.62124],[22.21633,48.62124],[22.21569,48.62128],[22.2152,48.62101],[22.20898,48.61769],[22.20847,48.61742],[22.20837,48.61729],[22.20795,48.61693],[22.20621,48.61557],[22.20428,48.61433],[22.20218,48.61322],[22.19991,48.61226],[22.19751,48.61145],[22.19501,48.6108],[22.19241,48.61032],[22.18985,48.61003],[22.18969,48.61003],[22.18953,48.61],[22.18928,48.60994],[22.18903,48.60986],[22.18883,48.60975],[22.18882,48.60974],[22.18851,48.60962],[22.18782,48.60931],[22.18564,48.6085],[22.18335,48.60782],[22.18098,48.60729],[22.17855,48.60691],[22.17606,48.60667],[22.17356,48.60659],[22.17105,48.60666],[22.13063,48.60904],[22.13062,48.60904],[22.12998,48.60908],[22.12984,48.60866],[22.12696,48.60037],[22.12696,48.60036],[22.12681,48.59994],[22.18466,48.5818],[22.18682,48.58104],[22.18894,48.58012],[22.19092,48.57907],[22.19274,48.57791],[22.19439,48.57663],[22.19586,48.57527],[22.1971,48.57385],[22.22294,48.54082],[22.27753,48.53707],[22.28259,48.5392],[22.28488,48.54006],[22.2873,48.54078],[22.28982,48.54133],[22.29242,48.54172],[22.29505,48.54194],[22.29771,48.54199],[22.30037,48.54186],[22.30299,48.54156],[22.30556,48.54109],[22.30805,48.54046],[22.31043,48.53967],[22.31269,48.53873],[22.31479,48.53765],[22.31673,48.53644],[22.31848,48.53511],[22.32003,48.53367],[22.32123,48.53229],[22.34344,48.50346],[22.34443,48.502],[22.34528,48.50031],[22.34588,48.49858],[22.34622,48.49682],[22.34629,48.49505],[22.3461,48.49328],[22.34565,48.49153],[22.34494,48.48982],[22.34398,48.48817],[22.34277,48.48659],[22.34134,48.48509],[22.33969,48.4837],[22.33784,48.48243],[22.3358,48.48128],[22.33361,48.48027],[22.33127,48.47941],[22.32882,48.4787],[22.32627,48.47816],[22.25342,48.46529],[22.25341,48.46529],[22.25281,48.46518],[22.25258,48.46479],[22.23635,48.43711],[22.2353,48.43554],[22.23402,48.43404],[22.23252,48.43263],[22.23083,48.43132],[22.22896,48.43013],[22.22692,48.42906],[22.22474,48.42812],[22.22243,48.42733],[22.22001,48.4267],[22.21752,48.42621],[22.21496,48.42589],[22.21237,48.42574],[22.21031,48.42575],[22.21011,48.42574],[22.21,48.42576],[22.20937,48.42573],[22.20816,48.42569],[22.20706,48.42567],[22.20646,48.42554],[22.20558,48.42536],[22.20507,48.42525],[22.20457,48.42511],[22.20259,48.42458],[22.20172,48.42434],[22.20091,48.42403],[22.20037,48.42382],[22.19956,48.42351],[22.19882,48.42312],[22.19748,48.42243],[22.19718,48.42227],[22.19483,48.42102],[22.19442,48.42077],[22.19382,48.42039],[22.19341,48.42013],[22.19304,48.41986],[22.19245,48.41942],[22.19048,48.4181],[22.18831,48.41692],[22.18597,48.4159],[22.18348,48.41505],[22.18087,48.41437],[22.17817,48.41388],[22.1754,48.41357],[22.1726,48.41346],[22.17244,48.41346],[22.1717,48.41346],[22.17045,48.41336],[22.16927,48.41322],[22.16875,48.41316],[22.16831,48.4131],[22.16657,48.41282],[22.16628,48.41276],[22.16385,48.41228],[22.16335,48.41218],[22.16287,48.41203],[22.16098,48.41144],[22.16034,48.41123],[22.15973,48.41098],[22.15796,48.41026],[22.15745,48.41005],[22.157,48.40979],[22.15687,48.40971],[22.15632,48.40939],[22.1558,48.4089],[22.15541,48.40832],[22.15531,48.40785],[22.1553,48.40785],[22.15503,48.40666],[22.15439,48.40497],[22.15352,48.40334],[22.1524,48.40177],[22.15107,48.40028],[22.14952,48.39888],[22.14778,48.39759],[22.14586,48.39642],[22.14377,48.39538],[22.14154,48.39447],[22.13919,48.39372],[22.13674,48.39311],[22.13536,48.39287],[22.13536,48.39286],[22.13458,48.39272],[22.13322,48.39236],[22.13306,48.39228],[22.13302,48.39226],[22.13243,48.39202],[22.13178,48.39178],[22.13128,48.39142],[22.13106,48.39122],[22.13081,48.39083],[22.1308,48.39082],[22.12948,48.38927],[22.12786,48.38777],[22.12602,48.38639],[22.12398,48.38514],[22.12175,48.38403],[22.11936,48.38309],[22.11684,48.38231],[22.11421,48.38171],[22.1115,48.3813],[22.11129,48.38127],[22.11088,48.38123],[22.11031,48.38117],[22.10953,48.381],[22.10875,48.38076],[22.10873,48.38075],[22.10631,48.3802],[22.10382,48.37981],[22.10128,48.37958],[22.09871,48.3795],[22.09615,48.37959],[22.09361,48.37984],[22.09112,48.38025],[22.08869,48.38081],[22.08635,48.38152],[22.08413,48.38238],[22.08204,48.38337],[22.08009,48.38449],[22.07832,48.38572],[22.07709,48.38675],[22.07708,48.38675],[22.0765,48.38725],[22.07634,48.38714],[22.07553,48.38674],[22.07522,48.38658],[22.07289,48.38556],[22.07238,48.38536],[22.07217,48.38531],[22.07217,48.38528],[22.07164,48.38507],[22.06956,48.38435],[22.06739,48.38374],[22.06515,48.38326],[22.06286,48.38291],[22.06168,48.38277],[22.06156,48.38278],[22.06155,48.38275],[22.0613,48.38272],[22.05883,48.3825],[22.05634,48.38243],[22.05384,48.38252],[22.05137,48.38275],[22.04894,48.38314],[22.04657,48.38367],[22.04561,48.38396],[22.04561,48.38395],[22.04508,48.3841],[22.04449,48.38429],[22.04429,48.38435],[22.044,48.38444],[22.04384,48.38448],[22.04353,48.38457],[22.04336,48.38464],[22.04322,48.38466],[22.04268,48.38482],[22.04255,48.38486],[22.04246,48.38488],[22.04244,48.38489],[22.04232,48.38491],[22.04183,48.38504],[22.04177,48.38505],[22.04156,48.38511],[22.04145,48.38514],[22.04139,48.38516],[22.03959,48.38569],[22.03943,48.38574],[22.03719,48.38656],[22.03507,48.38752],[22.03309,48.38861],[22.03128,48.38982],[22.02967,48.39112],[22.02956,48.39122],[22.02924,48.39149],[22.02922,48.39151],[22.02861,48.39203],[22.02847,48.39211],[22.02831,48.39222],[22.02817,48.39228],[22.02725,48.39247],[22.02683,48.3925],[22.02614,48.39253],[22.02578,48.39253],[22.02576,48.39253],[22.02532,48.39254],[22.02533,48.39256],[22.02256,48.39264],[22.02138,48.39272],[22.02133,48.39275],[22.02114,48.39258],[22.02117,48.39258],[22.02116,48.39257],[22.02101,48.39239],[22.02001,48.39112],[22.01851,48.38961],[22.01678,48.3882],[22.01485,48.38692],[22.01274,48.38578],[22.01046,48.38478],[22.00868,48.38416],[22.00839,48.38405],[22.00839,48.38406],[22.00833,48.38406],[22.00822,48.384],[22.00814,48.38397],[22.00812,48.38393],[22.00803,48.38388],[22.00599,48.38281],[22.0038,48.38187],[22.00149,48.38108],[21.99908,48.38044],[21.99658,48.37995],[21.99402,48.37963],[21.99194,48.37951],[21.99167,48.37949],[21.99167,48.3795],[21.99164,48.3795],[21.99146,48.37947],[21.99134,48.37946],[21.98864,48.37932],[21.98593,48.37937],[21.98323,48.3796],[21.98202,48.37974],[21.98192,48.37978],[21.98163,48.37974],[21.97912,48.37962],[21.97626,48.37968],[21.97342,48.37995],[21.97227,48.38014],[21.9714,48.38025],[21.97139,48.38028],[21.97132,48.38025],[21.97051,48.3802],[21.97001,48.38015],[21.968,48.38008],[21.96782,48.38006],[21.96781,48.38008],[21.96715,48.38001],[21.96701,48.38],[21.96529,48.37986],[21.96483,48.37983],[21.96346,48.37973],[21.96315,48.37971],[21.96252,48.37967],[21.96205,48.37964],[21.96006,48.37956],[21.95807,48.37958],[21.9569,48.37962],[21.95689,48.37964],[21.95669,48.37964],[21.95497,48.37958],[21.9533,48.3795],[21.95321,48.3795],[21.9532,48.3795],[21.95319,48.3795],[21.95253,48.37947],[21.9519,48.37931],[21.95149,48.37921],[21.95063,48.37904],[21.95063,48.37903],[21.94948,48.37876],[21.94933,48.37875],[21.94919,48.37872],[21.94866,48.37841],[21.94855,48.37835],[21.948,48.37803],[21.94799,48.37804],[21.94667,48.37728],[21.94446,48.37625],[21.94211,48.37538],[21.93964,48.37466],[21.93931,48.37458],[21.93925,48.37458],[21.93925,48.37456],[21.93924,48.37455],[21.93711,48.37359],[21.9348,48.37274],[21.93237,48.37205],[21.92984,48.37152],[21.92761,48.37121],[21.92739,48.37119],[21.92733,48.37119],[21.92714,48.37117],[21.92709,48.37113],[21.92706,48.37112],[21.92455,48.3704],[21.92193,48.36986],[21.91925,48.36949],[21.91653,48.36931],[21.91379,48.36931],[21.91304,48.36936],[21.91215,48.36939],[21.91206,48.36942],[21.91175,48.36942],[21.91162,48.3694],[21.90929,48.36928],[21.90681,48.3693],[21.90434,48.36948],[21.90191,48.3698],[21.90047,48.37009],[21.90006,48.37015],[21.89994,48.37019],[21.89981,48.37022],[21.89931,48.37022],[21.89906,48.37017],[21.89889,48.37012],[21.89819,48.36999],[21.89675,48.3697],[21.8941,48.36935],[21.89141,48.36918],[21.88936,48.36918],[21.88925,48.36918],[21.88903,48.36919],[21.88814,48.36914],[21.88756,48.36903],[21.88731,48.36897],[21.88706,48.36889],[21.88675,48.36878],[21.88653,48.36867],[21.88594,48.36842],[21.88572,48.36826],[21.88408,48.36737],[21.88195,48.36643],[21.87969,48.36562],[21.87733,48.36495],[21.87488,48.36444],[21.87237,48.36409],[21.86982,48.36389],[21.86725,48.36386],[21.86469,48.36399],[21.86216,48.36428],[21.85968,48.36473],[21.85727,48.36533],[21.85536,48.36596],[21.8552,48.366],[21.85508,48.36606],[21.85475,48.36617],[21.85428,48.36628],[21.85383,48.36631],[21.85364,48.36628],[21.85347,48.36628],[21.85314,48.36619],[21.85295,48.36612],[21.85239,48.36595],[21.85163,48.3657],[21.84922,48.36509],[21.84722,48.36472],[21.84719,48.36472],[21.84644,48.36458],[21.84644,48.36457],[21.8442,48.36416],[21.84159,48.36386],[21.84147,48.36385],[21.84078,48.3638],[21.84046,48.36378],[21.83973,48.36374],[21.83961,48.36375],[21.83919,48.36369],[21.83867,48.36361],[21.83822,48.3635],[21.83786,48.36342],[21.83722,48.36325],[21.83697,48.36317],[21.83675,48.36308],[21.83647,48.363],[21.83633,48.36292],[21.83622,48.36283],[21.83581,48.36242],[21.83567,48.36225],[21.83544,48.36192],[21.83542,48.36183],[21.83525,48.36156],[21.83517,48.36128],[21.83514,48.36125],[21.83511,48.36106],[21.83516,48.36065],[21.83516,48.36064],[21.83526,48.35888],[21.8351,48.35711],[21.83467,48.35537],[21.83399,48.35366],[21.83306,48.35201],[21.83189,48.35043],[21.83049,48.34893],[21.82888,48.34753],[21.82706,48.34624],[21.82507,48.34508],[21.82291,48.34406],[21.82061,48.34318],[21.81819,48.34246],[21.81567,48.34189],[21.81308,48.3415],[21.81045,48.34128],[21.80779,48.34123],[21.80514,48.34135],[21.80251,48.34165],[21.79995,48.34211],[21.79925,48.34229],[21.79855,48.34244],[21.79847,48.34247],[21.79839,48.3425],[21.79828,48.34247],[21.79819,48.34244],[21.7981,48.34241],[21.79557,48.3418],[21.7926,48.34132],[21.79103,48.34119],[21.79023,48.34111],[21.79011,48.34111],[21.78997,48.34108],[21.78977,48.34103],[21.78757,48.3406],[21.7849,48.34026],[21.78219,48.34011],[21.77946,48.34013],[21.77786,48.34026],[21.77761,48.34027],[21.77736,48.34031],[21.7765,48.34031],[21.77639,48.34029],[21.77538,48.34026],[21.77287,48.34026],[21.77037,48.34042],[21.76791,48.34073],[21.76549,48.3412],[21.76316,48.34181],[21.76091,48.34256],[21.75878,48.34344],[21.75678,48.34446],[21.75649,48.34462],[21.75631,48.34472],[21.75599,48.34489],[21.75493,48.34551],[21.75486,48.34554],[21.75472,48.34564],[21.75436,48.34578],[21.75381,48.346],[21.75328,48.34614],[21.75306,48.34617],[21.75236,48.34633],[21.7519,48.34641],[21.74959,48.34701],[21.74736,48.34775],[21.74544,48.34854],[21.74542,48.34856],[21.74525,48.34864],[21.745,48.34872],[21.74364,48.34906],[21.74328,48.34911],[21.74311,48.34909],[21.74109,48.34911],[21.73888,48.34926],[21.73716,48.34947],[21.73716,48.34946],[21.73673,48.34952],[21.73631,48.34958],[21.73625,48.34959],[21.73399,48.34995],[21.73156,48.35051],[21.72921,48.35122],[21.72698,48.35207],[21.72487,48.35306],[21.72292,48.35418],[21.72114,48.35542],[21.71954,48.35676],[21.71813,48.3582],[21.71694,48.35972],[21.71598,48.36131],[21.71524,48.36295],[21.71474,48.36463],[21.71461,48.36552],[21.71456,48.36573],[21.71456,48.36589],[21.71428,48.36631],[21.71419,48.36633],[21.71392,48.36652],[21.71284,48.3672],[21.71118,48.36846],[21.7097,48.36981],[21.70841,48.37125],[21.70733,48.37276],[21.70646,48.37432],[21.70585,48.37588],[21.70586,48.37592],[21.70575,48.37619],[21.70569,48.37642],[21.70561,48.37661],[21.70553,48.37678],[21.70547,48.37686],[21.70535,48.37696],[21.70518,48.37715],[21.70517,48.37717],[21.70514,48.37719],[21.70507,48.37725],[21.70491,48.37741],[21.70486,48.37747],[21.7048,48.37752],[21.70373,48.37859],[21.70266,48.37991],[21.70264,48.37997],[21.70175,48.38069],[21.70144,48.38089],[21.7005,48.38156],[21.70018,48.38177],[21.69901,48.38258],[21.69847,48.38294],[21.69808,48.38311],[21.69694,48.38342],[21.69687,48.38343],[21.69522,48.38386],[21.69295,48.38463],[21.6908,48.38553],[21.68878,48.38657],[21.68692,48.38772],[21.68522,48.38899],[21.68372,48.39036],[21.68331,48.39076],[21.68331,48.39081],[21.68322,48.39083],[21.6831,48.39085],[21.68223,48.39111],[21.68149,48.39131],[21.67914,48.39213],[21.67693,48.3931],[21.67487,48.3942],[21.67298,48.39544],[21.67127,48.39679],[21.66978,48.39824],[21.6685,48.39978],[21.66746,48.4014],[21.66666,48.40308],[21.66611,48.4048],[21.66582,48.40654],[21.66581,48.40664],[21.66583,48.40678],[21.66575,48.40725],[21.6657,48.40774],[21.66572,48.40774],[21.66562,48.40872],[21.66569,48.41044],[21.66583,48.41119],[21.66587,48.41156],[21.66592,48.41169],[21.66577,48.4121],[21.66558,48.41259],[21.66542,48.41303],[21.66494,48.41427],[21.66489,48.4144],[21.66464,48.41508],[21.66433,48.41585],[21.66418,48.41626],[21.66371,48.41753],[21.66356,48.41797],[21.66353,48.41796],[21.66264,48.41855],[21.66092,48.41981],[21.65938,48.42116],[21.65805,48.42261],[21.65692,48.42413],[21.65601,48.42571],[21.656,48.42573],[21.65593,48.4259],[21.65592,48.42597],[21.65581,48.42617],[21.6558,48.42617],[21.65568,48.42644],[21.65555,48.42674],[21.65553,48.42692],[21.65522,48.4275],[21.65523,48.4275],[21.65466,48.42858],[21.65464,48.42864],[21.6545,48.42894],[21.65431,48.42933],[21.65425,48.42947],[21.65417,48.42961],[21.65407,48.42973],[21.65389,48.4301],[21.65309,48.43207],[21.65302,48.4323],[21.65261,48.434],[21.65247,48.43482],[21.6525,48.43486],[21.65242,48.435],[21.65235,48.43524],[21.65208,48.43594],[21.65208,48.43606],[21.65198,48.43611],[21.65191,48.43617],[21.65078,48.43724],[21.65062,48.43739],[21.65061,48.43744],[21.6505,48.4375],[21.65046,48.4375],[21.64965,48.43795],[21.64788,48.43902],[21.64625,48.4402],[21.64479,48.44146],[21.64379,48.4425],[21.64378,48.44253],[21.64374,48.44255],[21.6435,48.4428],[21.64308,48.44328],[21.64311,48.4433],[21.64266,48.44378],[21.64265,48.44378],[21.64264,48.44381],[21.64234,48.44417],[21.64233,48.44418],[21.64221,48.44434],[21.64196,48.44465],[21.64169,48.44502],[21.64161,48.44514],[21.64154,48.4452],[21.64121,48.44562],[21.64119,48.44564],[21.64115,48.44569],[21.64085,48.44607],[21.64065,48.44634],[21.64061,48.44638],[21.64061,48.44639],[21.64044,48.44661],[21.63983,48.44739],[21.63969,48.44753],[21.63963,48.44755],[21.63954,48.44762],[21.63792,48.44876],[21.63626,48.45019],[21.63483,48.45172],[21.63363,48.45334],[21.63268,48.45503],[21.63199,48.45678],[21.63157,48.45856],[21.63148,48.45916],[21.6315,48.45919],[21.63136,48.45928],[21.63103,48.45955],[21.63019,48.46019],[21.62864,48.46163],[21.6273,48.46316],[21.62621,48.46477],[21.62535,48.46644],[21.62474,48.46816],[21.6244,48.46991],[21.62431,48.47167],[21.6244,48.47263],[21.62441,48.47291],[21.62442,48.47292],[21.62444,48.47303],[21.6244,48.47305],[21.62406,48.47384],[21.62392,48.4741],[21.62329,48.47594],[21.62301,48.47747],[21.623,48.47747],[21.62295,48.47782],[21.62292,48.47794],[21.62292,48.47799],[21.62292,48.47803],[21.6229,48.4781],[21.62281,48.47878],[21.62278,48.47894],[21.62275,48.47925],[21.62274,48.4794],[21.62272,48.47958],[21.62267,48.48014],[21.62266,48.48018],[21.62264,48.4803],[21.62247,48.48137],[21.62247,48.48138],[21.62247,48.48139],[21.62247,48.48147],[21.62245,48.48152],[21.62239,48.48183],[21.62239,48.48189],[21.62238,48.48192],[21.62236,48.48205],[21.62234,48.48221],[21.62236,48.48228],[21.62233,48.48242],[21.6223,48.48263],[21.6223,48.48265],[21.62228,48.48275],[21.62221,48.4833],[21.62217,48.48358],[21.62214,48.48386],[21.62209,48.48414],[21.62205,48.48442],[21.622,48.48478],[21.622,48.48494],[21.62195,48.48527],[21.62192,48.48553],[21.62192,48.48561],[21.6219,48.48567],[21.62188,48.48585],[21.62186,48.48597],[21.62187,48.48597],[21.62183,48.48622],[21.62182,48.48644],[21.62171,48.48719],[21.62172,48.48725],[21.62172,48.48736],[21.62168,48.48752],[21.62167,48.48763],[21.62167,48.48772],[21.62164,48.48782],[21.62164,48.48784],[21.62164,48.48786],[21.62156,48.48846],[21.62158,48.4885],[21.62158,48.48858],[21.62153,48.48874],[21.62153,48.48878],[21.62129,48.49022],[21.62131,48.49031],[21.62128,48.49047],[21.62127,48.49048],[21.62127,48.49101],[21.62126,48.49101],[21.62124,48.49148],[21.62125,48.4915],[21.62125,48.49167],[21.62123,48.49178],[21.62123,48.49193],[21.62125,48.492],[21.62122,48.49214],[21.62118,48.49216],[21.62106,48.49235],[21.62083,48.49274],[21.62083,48.49281],[21.62079,48.49282],[21.62076,48.49287],[21.6199,48.49414],[21.61912,48.49563],[21.61854,48.49715],[21.61854,48.49717],[21.61853,48.49719],[21.61839,48.49764],[21.61831,48.498],[21.61827,48.49799],[21.61788,48.49847],[21.61721,48.49918],[21.61597,48.50089],[21.61501,48.50267],[21.61434,48.50451],[21.61396,48.50638],[21.61388,48.50827],[21.61388,48.50834],[21.61389,48.50838],[21.61389,48.50856],[21.61391,48.50884],[21.61392,48.509],[21.61392,48.50916],[21.61392,48.50924],[21.61394,48.50942],[21.61388,48.50941],[21.61374,48.50946],[21.61229,48.50986],[21.61049,48.51047],[21.61047,48.5105],[21.61032,48.5105],[21.61,48.51055],[21.60998,48.51055],[21.60997,48.51056],[21.6098,48.51058],[21.60976,48.51058],[21.60975,48.51058],[21.60969,48.51061],[21.60961,48.51061],[21.60958,48.51059],[21.60924,48.5106],[21.60729,48.51061],[21.60468,48.51079],[21.60211,48.51114],[21.5996,48.51164],[21.59718,48.51231],[21.59486,48.51313],[21.59465,48.51321],[21.59461,48.51325],[21.59457,48.51323],[21.59426,48.51328],[21.59407,48.51331],[21.59403,48.51333],[21.59356,48.51328],[21.59342,48.51325],[21.59153,48.51302],[21.59132,48.513],[21.59111,48.513],[21.591,48.51294],[21.58843,48.51212],[21.58825,48.51207],[21.58822,48.51208],[21.58817,48.51206],[21.58817,48.51204],[21.58802,48.512],[21.58666,48.51167],[21.58642,48.5116],[21.58639,48.51161],[21.58634,48.51157],[21.58588,48.51144],[21.58445,48.51097],[21.58192,48.51034],[21.57931,48.50988],[21.57664,48.5096],[21.57395,48.50949],[21.57124,48.50956],[21.56857,48.50981],[21.56594,48.51023],[21.56338,48.51083],[21.56141,48.51144],[21.56119,48.5115],[21.56117,48.51153],[21.56108,48.5115],[21.5603,48.5114],[21.55769,48.51117],[21.55507,48.51111],[21.55244,48.51122],[21.54985,48.5115],[21.5473,48.51194],[21.54483,48.51254],[21.54246,48.5133],[21.54021,48.51421],[21.53818,48.51521],[21.53814,48.51525],[21.538,48.51533],[21.53778,48.51544],[21.53764,48.5155],[21.5375,48.51554],[21.5373,48.51563],[21.53598,48.51615],[21.53377,48.51725],[21.53173,48.51849],[21.52989,48.51986],[21.52827,48.52134],[21.52689,48.52293],[21.52577,48.52458],[21.52578,48.52458],[21.52544,48.52514],[21.52464,48.52644],[21.52422,48.52709],[21.52417,48.52715],[21.52404,48.52737],[21.52393,48.52753],[21.52375,48.52783],[21.52361,48.52804],[21.52354,48.52816],[21.52254,48.53],[21.52185,48.5319],[21.52148,48.53384],[21.52141,48.53449],[21.52144,48.53453],[21.52131,48.53465],[21.52089,48.53518],[21.51986,48.53665],[21.51904,48.53818],[21.51842,48.53976],[21.51802,48.54136],[21.51785,48.54298],[21.51789,48.5446],[21.51789,48.54461],[21.5181,48.54597],[21.51828,48.54667],[21.5183,48.54677],[21.51836,48.54692],[21.51817,48.54714],[21.51773,48.54753],[21.51733,48.54794],[21.51734,48.54794],[21.51651,48.54877],[21.51624,48.54907],[21.51619,48.54914],[21.51597,48.54942],[21.51586,48.54947],[21.51567,48.54965],[21.51563,48.54968],[21.51551,48.54979],[21.5155,48.54981],[21.51548,48.54982],[21.51458,48.55061],[21.51409,48.55101],[21.51408,48.55106],[21.51392,48.55114],[21.51388,48.55114],[21.51326,48.55148],[21.51161,48.55247],[21.51009,48.55355],[21.50871,48.5547],[21.50872,48.55472],[21.50858,48.5548],[21.50826,48.55505],[21.50806,48.55521],[21.50794,48.55533],[21.50791,48.55532],[21.50723,48.55562],[21.50608,48.55607],[21.50378,48.55722],[21.50167,48.55851],[21.49978,48.55995],[21.49963,48.56008],[21.49961,48.56014],[21.49925,48.56036],[21.49912,48.56036],[21.49885,48.5604],[21.49787,48.56052],[21.49783,48.56056],[21.4976,48.56054],[21.49678,48.56059],[21.49426,48.56079],[21.49178,48.56116],[21.48936,48.56167],[21.48702,48.56233],[21.48479,48.56313],[21.48267,48.56407],[21.48212,48.56437],[21.48148,48.56468],[21.48144,48.56472],[21.48103,48.56483],[21.47989,48.56508],[21.47984,48.56509],[21.47762,48.56559],[21.4752,48.56632],[21.47289,48.5672],[21.47072,48.56823],[21.46903,48.56922],[21.469,48.56925],[21.46895,48.56927],[21.46872,48.5694],[21.46833,48.56965],[21.46649,48.57095],[21.46566,48.57166],[21.4654,48.57186],[21.46528,48.572],[21.46515,48.57205],[21.46489,48.57218],[21.46401,48.57266],[21.46383,48.57281],[21.46316,48.57313],[21.46297,48.57324],[21.46098,48.57444],[21.45917,48.57578],[21.45864,48.57626],[21.45809,48.57671],[21.45808,48.57675],[21.45807,48.57673],[21.45806,48.57673],[21.45749,48.57686],[21.45622,48.57709],[21.45381,48.57769],[21.4515,48.57845],[21.4493,48.57934],[21.44724,48.58037],[21.44534,48.58152],[21.44361,48.58278],[21.44207,48.58414],[21.442,48.58422],[21.44197,48.58428],[21.44167,48.5845],[21.44061,48.58511],[21.44006,48.58525],[21.43947,48.58525],[21.43903,48.58517],[21.43894,48.58514],[21.43861,48.58506],[21.43858,48.58504],[21.43849,48.58502],[21.43654,48.5845],[21.43387,48.58399],[21.43114,48.58367],[21.42944,48.58358],[21.4289,48.58354],[21.42886,48.58356],[21.42872,48.58347],[21.42839,48.58325],[21.42806,48.58301],[21.42776,48.58279],[21.42728,48.58244],[21.42718,48.5823],[21.42713,48.58225],[21.42517,48.58052],[21.42292,48.57896],[21.42275,48.57886],[21.42267,48.57883],[21.42267,48.57875],[21.42267,48.57874],[21.42222,48.57723],[21.42148,48.57559],[21.42051,48.574],[21.41931,48.57248],[21.4179,48.57104],[21.41628,48.5697],[21.41448,48.56847],[21.41251,48.56735],[21.41038,48.56637],[21.40812,48.56553],[21.40576,48.56483],[21.4033,48.56429],[21.40077,48.5639],[21.4003,48.56385],[21.40019,48.56386],[21.40011,48.56383],[21.39953,48.56376],[21.39753,48.56357],[21.39635,48.56352],[21.39625,48.56353],[21.39578,48.5635],[21.3955,48.56347],[21.39503,48.56342],[21.39456,48.56331],[21.39386,48.56311],[21.39282,48.56284],[21.39239,48.56275],[21.39136,48.56247],[21.39129,48.56242],[21.39078,48.56226],[21.39061,48.5622],[21.38895,48.56168],[21.38853,48.56158],[21.388,48.56142],[21.38798,48.56141],[21.38726,48.56121],[21.38708,48.56117],[21.38636,48.561],[21.38606,48.5609],[21.3839,48.56039],[21.38106,48.55994],[21.37817,48.55969],[21.37524,48.55966],[21.37451,48.55967],[21.37447,48.55969],[21.37434,48.55968],[21.37396,48.55968],[21.37186,48.55967],[21.36885,48.55988],[21.36591,48.5603],[21.36583,48.56033],[21.36528,48.56042],[21.36517,48.56041],[21.36443,48.56046],[21.36442,48.56047],[21.36433,48.56047],[21.36364,48.56053],[21.36318,48.56057],[21.36291,48.56059],[21.36272,48.56061],[21.36207,48.56059],[21.3617,48.56058],[21.36125,48.56057],[21.36025,48.56056],[21.35958,48.56056],[21.35909,48.56053],[21.35859,48.56052],[21.35859,48.56053],[21.35696,48.56049],[21.35569,48.56054],[21.35569,48.56053],[21.35481,48.56056],[21.35409,48.56052],[21.3533,48.56053],[21.35281,48.56056],[21.35257,48.56054],[21.35175,48.56056],[21.35088,48.56056],[21.35088,48.56055],[21.35016,48.56055],[21.34944,48.56058],[21.34847,48.56056],[21.34719,48.5605],[21.34635,48.56039],[21.34618,48.56038],[21.34442,48.56026],[21.34436,48.56026],[21.34411,48.56028],[21.34375,48.56022],[21.34339,48.56019],[21.34327,48.56016],[21.34297,48.56013],[21.34034,48.55992],[21.33768,48.55989],[21.33503,48.56004],[21.33242,48.56035],[21.32986,48.56083],[21.32739,48.56147],[21.32629,48.56184],[21.32566,48.56203],[21.32564,48.56206],[21.32558,48.56204],[21.3252,48.5621],[21.32364,48.5623],[21.32346,48.56232],[21.32342,48.56233],[21.32328,48.56236],[21.32312,48.56234],[21.32308,48.56234],[21.32304,48.56233],[21.32275,48.56233],[21.32256,48.56228],[21.32239,48.56222],[21.32225,48.56219],[21.32203,48.56211],[21.32186,48.56206],[21.32172,48.562],[21.32171,48.56199],[21.32139,48.56187],[21.32008,48.56141],[21.31969,48.56128],[21.31961,48.56128],[21.31939,48.56119],[21.31906,48.561],[21.31883,48.56083],[21.31869,48.56072],[21.31856,48.56058],[21.3185,48.5605],[21.31848,48.56047],[21.31793,48.55987],[21.31745,48.5593],[21.31689,48.55872],[21.31681,48.55867],[21.31661,48.55844],[21.31603,48.55786],[21.31578,48.55756],[21.31556,48.55717],[21.3155,48.55703],[21.31547,48.55686],[21.31547,48.55675],[21.31549,48.55666],[21.31525,48.55512],[21.3148,48.5536],[21.31415,48.5521],[21.31349,48.55097],[21.31348,48.55095],[21.31347,48.55094],[21.31339,48.55083],[21.31333,48.55069],[21.31334,48.55063],[21.31329,48.55047],[21.31328,48.55041],[21.31321,48.55015],[21.31317,48.55008],[21.31314,48.54994],[21.31318,48.54988],[21.3132,48.54929],[21.31314,48.54752],[21.31281,48.54577],[21.31223,48.54405],[21.3114,48.54237],[21.31031,48.54076],[21.30998,48.54032],[21.30989,48.54025],[21.30972,48.54],[21.30964,48.53983],[21.30961,48.53971],[21.30951,48.53946],[21.30907,48.5383],[21.30815,48.53661],[21.30698,48.53498],[21.30558,48.53345],[21.30394,48.53201],[21.3021,48.53069],[21.30006,48.5295],[21.29786,48.52845],[21.2955,48.52756],[21.29303,48.52682],[21.29045,48.52626],[21.2878,48.52586],[21.2851,48.52565],[21.28238,48.52561],[21.27967,48.52576],[21.27699,48.52608],[21.27438,48.52658],[21.27372,48.52673],[21.27353,48.52678],[21.27211,48.52708],[21.27078,48.52736],[21.27056,48.52742],[21.27055,48.5274],[21.26981,48.52745],[21.26837,48.52752],[21.26558,48.52784],[21.26284,48.52836],[21.26021,48.52906],[21.26014,48.52909],[21.26006,48.52911],[21.26004,48.52912],[21.25998,48.52913],[21.2599,48.52916],[21.25869,48.52955],[21.25838,48.52965],[21.25751,48.52997],[21.25668,48.53028],[21.25654,48.53033],[21.25564,48.53067],[21.25557,48.5307],[21.25522,48.53083],[21.25521,48.53084],[21.25336,48.53156],[21.25294,48.53174],[21.25253,48.53194],[21.25245,48.53195],[21.25187,48.5322],[21.2497,48.53324],[21.24769,48.53442],[21.24616,48.53551],[21.24583,48.53581],[21.24547,48.53606],[21.2448,48.53642],[21.24476,48.53644],[21.24448,48.53659],[21.24446,48.5366],[21.24425,48.53672],[21.24244,48.53772],[21.24228,48.53781],[21.24212,48.5379],[21.24067,48.53872],[21.23938,48.53958],[21.23928,48.53967],[21.23862,48.53962],[21.2382,48.53959],[21.23719,48.53953],[21.23592,48.53942],[21.23592,48.5394],[21.23477,48.53927],[21.23425,48.53919],[21.23297,48.53906],[21.23292,48.53906],[21.23292,48.53903],[21.2325,48.53894],[21.23088,48.5385],[21.22834,48.538],[21.22574,48.53766],[21.2231,48.53749],[21.22169,48.5375],[21.22112,48.53748],[21.22106,48.5375],[21.22098,48.53743],[21.22092,48.5374],[21.21902,48.5364],[21.21698,48.53552],[21.21483,48.53476],[21.21258,48.53414],[21.21026,48.53365],[21.20933,48.53349],[21.20928,48.5335],[21.20924,48.53344],[21.20876,48.53307],[21.20802,48.53244],[21.20607,48.5311],[21.20393,48.52991],[21.20161,48.52886],[21.19914,48.52799],[21.19654,48.52728],[21.19385,48.52676],[21.19258,48.52656],[21.19256,48.52658],[21.19247,48.52653],[21.19247,48.52652],[21.19234,48.52647],[21.19059,48.5257],[21.18823,48.52487],[21.18805,48.52482],[21.18803,48.52483],[21.18803,48.52481],[21.18727,48.52451],[21.18498,48.5237],[21.18258,48.52304],[21.1801,48.52254],[21.17755,48.5222],[21.17497,48.52202],[21.17237,48.52201],[21.17223,48.52201],[21.17206,48.52203],[21.17153,48.52203],[21.17135,48.52202],[21.17083,48.52201],[21.17072,48.52203],[21.17053,48.522],[21.17039,48.522],[21.16997,48.52194],[21.16996,48.52194],[21.16941,48.52188],[21.16941,48.5219],[21.16693,48.52167],[21.16366,48.52163],[21.16325,48.52164],[21.16306,48.52167],[21.16181,48.52167],[21.16153,48.52164],[21.16108,48.52158],[21.16089,48.5215],[21.16075,48.52142],[21.16067,48.52133],[21.16066,48.52132],[21.16004,48.52085],[21.1582,48.51956],[21.15618,48.5184],[21.15399,48.51738],[21.15289,48.51692],[21.15278,48.51692],[21.15219,48.51664],[21.15206,48.51652],[21.15124,48.51599],[21.15123,48.516],[21.15085,48.51574],[21.15045,48.51544],[21.15033,48.51539],[21.15033,48.51535],[21.15027,48.51527],[21.14878,48.51377],[21.14852,48.51353],[21.1485,48.51353],[21.14847,48.51353],[21.14845,48.51346],[21.14804,48.513],[21.14783,48.51273],[21.14651,48.51136],[21.14501,48.51009],[21.14334,48.5089],[21.14279,48.50855],[21.14267,48.5085],[21.14269,48.5085],[21.14235,48.50821],[21.14058,48.50692],[21.13863,48.50576],[21.13652,48.50472],[21.13426,48.50383],[21.13188,48.50308],[21.12941,48.5025],[21.12686,48.50207],[21.12425,48.50181],[21.12162,48.50172],[21.11899,48.5018],[21.11639,48.50205],[21.11383,48.50246],[21.11134,48.50304],[21.10894,48.50377],[21.10667,48.50466],[21.10453,48.50568],[21.10255,48.50684],[21.10076,48.50812],[21.09915,48.50951],[21.09776,48.511],[21.09741,48.51141],[21.09699,48.51192],[21.09681,48.51217],[21.09644,48.51261],[21.09622,48.51281],[21.09608,48.51292],[21.09581,48.51312],[21.09475,48.51395],[21.09475,48.51394],[21.09419,48.51439],[21.09371,48.5148],[21.09365,48.51484],[21.09347,48.515],[21.09337,48.51508],[21.09328,48.51516],[21.09306,48.51535],[21.09283,48.51558],[21.0925,48.51586],[21.09184,48.51628],[21.09162,48.51644],[21.09079,48.51701],[21.09042,48.51731],[21.08992,48.51764],[21.08969,48.51778],[21.08942,48.51792],[21.089,48.51806],[21.0885,48.51817],[21.08742,48.51836],[21.08708,48.51842],[21.08628,48.51853],[21.08555,48.51857],[21.08482,48.51865],[21.08482,48.51867],[21.08378,48.51876],[21.08136,48.51915],[21.07899,48.51968],[21.07671,48.52035],[21.07453,48.52116],[21.07247,48.52209],[21.07185,48.52241],[21.07181,48.52244],[21.07156,48.52258],[21.07108,48.5228],[21.06923,48.52382],[21.06744,48.52501],[21.0668,48.52552],[21.0664,48.52581],[21.06633,48.52589],[21.06621,48.52585],[21.0654,48.52577],[21.06501,48.52571],[21.06257,48.52552],[21.06011,48.52548],[21.05766,48.52558],[21.05523,48.52583],[21.05356,48.5261],[21.05322,48.52615],[21.05322,48.52617],[21.0531,48.52614],[21.05222,48.52608],[21.05153,48.52602],[21.04886,48.52594],[21.0462,48.52604],[21.04356,48.52631],[21.04097,48.52675],[21.0386,48.52732],[21.0385,48.52736],[21.03817,48.52744],[21.03808,48.52746],[21.038,48.52749],[21.03537,48.52833],[21.03289,48.52937],[21.03059,48.53057],[21.03027,48.53076],[21.03028,48.53078],[21.02914,48.531],[21.02851,48.53111],[21.02778,48.53123],[21.0265,48.53147],[21.02647,48.53145],[21.02526,48.5314],[21.02279,48.53138],[21.02032,48.53151],[21.01788,48.53178],[21.01548,48.53221],[21.01522,48.53226],[21.01511,48.53231],[21.01428,48.532],[21.01372,48.53181],[21.01242,48.53119],[21.01231,48.53111],[21.01034,48.53018],[21.00793,48.52927],[21.00539,48.52852],[21.00275,48.52796],[21.00004,48.52757],[20.9975,48.52739],[20.99692,48.52739],[20.99615,48.52733],[20.99564,48.52729],[20.9948,48.52723],[20.99465,48.52722],[20.99397,48.52717],[20.99334,48.52712],[20.99242,48.52706],[20.99225,48.52703],[20.99219,48.52698],[20.99218,48.52698],[20.99184,48.52689],[20.99172,48.52686],[20.99171,48.52686],[20.9917,48.52685],[20.99011,48.52634],[20.98764,48.52573],[20.98509,48.52529],[20.98248,48.52501],[20.97985,48.5249],[20.97721,48.52496],[20.97459,48.52519],[20.97202,48.52559],[20.96951,48.52615],[20.9671,48.52687],[20.96481,48.52774],[20.96265,48.52876],[20.96065,48.52991],[20.95883,48.53118],[20.95721,48.53256],[20.95595,48.53388],[20.95589,48.53394],[20.95589,48.53397],[20.95568,48.53402],[20.95362,48.53466],[20.9513,48.53557],[20.94913,48.53663],[20.94712,48.53782],[20.94531,48.53915],[20.9437,48.54058],[20.94231,48.54211],[20.94171,48.54285],[20.94172,48.54289],[20.94169,48.54288],[20.94118,48.5431],[20.9401,48.54354],[20.93805,48.54455],[20.93615,48.54568],[20.93442,48.54693],[20.93288,48.54827],[20.93153,48.54971],[20.93039,48.55123],[20.92946,48.5528],[20.92916,48.55341],[20.92917,48.55342],[20.92914,48.55353],[20.92906,48.55361],[20.92893,48.55372],[20.92854,48.55418],[20.92853,48.55422],[20.92845,48.55429],[20.92835,48.5544],[20.92832,48.55444],[20.92831,48.55447],[20.92822,48.55456],[20.92821,48.55455],[20.92758,48.55517],[20.92744,48.5553],[20.92744,48.55531],[20.92711,48.55569],[20.92702,48.55572],[20.92651,48.55607],[20.92579,48.55651],[20.92401,48.55785],[20.92244,48.55929],[20.92236,48.55938],[20.92233,48.55944],[20.92214,48.55947],[20.92208,48.5595],[20.92203,48.5595],[20.9219,48.55953],[20.92172,48.55958],[20.9216,48.55957],[20.92046,48.55967],[20.92046,48.55966],[20.92018,48.55968],[20.91785,48.55991],[20.91674,48.56009],[20.9163,48.56014],[20.91628,48.56017],[20.91622,48.56017],[20.91585,48.56008],[20.91558,48.56003],[20.91443,48.55975],[20.91423,48.5597],[20.91131,48.559],[20.90896,48.55843],[20.90842,48.5583],[20.90675,48.55792],[20.9055,48.55761],[20.90445,48.55735],[20.90387,48.55721],[20.90297,48.557],[20.90228,48.55683],[20.90135,48.5566],[20.90051,48.55639],[20.89968,48.5562],[20.89963,48.55618],[20.89956,48.55617],[20.89808,48.55583],[20.89647,48.55544],[20.89586,48.55529],[20.89519,48.55514],[20.89425,48.55492],[20.89323,48.55467],[20.89277,48.55456],[20.89156,48.55428],[20.89143,48.55425],[20.8913,48.55421],[20.88876,48.55369],[20.88615,48.55333],[20.8835,48.55315],[20.88083,48.55314],[20.87818,48.5533],[20.87556,48.55363],[20.87521,48.55368],[20.8752,48.55369],[20.87519,48.55369],[20.87518,48.55369],[20.87262,48.55419],[20.87012,48.55487],[20.86773,48.55571],[20.86548,48.55669],[20.86339,48.55783],[20.86147,48.55909],[20.85975,48.56047],[20.85825,48.56196],[20.85698,48.56354],[20.85595,48.5652],[20.85528,48.56669],[20.85523,48.56678],[20.85525,48.56681],[20.8552,48.56682],[20.85502,48.56697],[20.85354,48.56847],[20.85229,48.57006],[20.85129,48.57173],[20.85054,48.57345],[20.85005,48.57521],[20.84983,48.57699],[20.84987,48.57878],[20.85019,48.58056],[20.85042,48.58144],[20.85044,48.58164],[20.85041,48.58162],[20.84999,48.5816],[20.84797,48.58147],[20.8451,48.58148],[20.84224,48.5817],[20.83943,48.58211],[20.8367,48.58272],[20.83647,48.58278],[20.83636,48.58283],[20.83578,48.58278],[20.83483,48.58258],[20.83467,48.58253],[20.83379,48.58232],[20.83379,48.58233],[20.83177,48.58184],[20.83175,48.58183],[20.83119,48.58172],[20.83094,48.58167],[20.83069,48.58161],[20.83069,48.58162],[20.82951,48.58137],[20.82948,48.58137],[20.82944,48.58136],[20.82839,48.58117],[20.82722,48.58086],[20.82651,48.58065],[20.82551,48.58037],[20.82547,48.58036],[20.82506,48.58025],[20.82465,48.58014],[20.82464,48.58015],[20.8227,48.57968],[20.82013,48.57924],[20.8175,48.57896],[20.81663,48.57893],[20.81582,48.57887],[20.81572,48.57889],[20.81572,48.57886],[20.81467,48.5784],[20.81228,48.57745],[20.80975,48.57667],[20.80711,48.57607],[20.80693,48.57604],[20.80636,48.57594],[20.80586,48.57583],[20.80298,48.5754],[20.79998,48.57517],[20.79697,48.57516],[20.79625,48.57519],[20.79611,48.57522],[20.79537,48.57517],[20.79522,48.57516],[20.79425,48.57508],[20.79264,48.57494],[20.79189,48.57486],[20.7907,48.57474],[20.7904,48.57471],[20.78961,48.57464],[20.78925,48.57459],[20.78922,48.57459],[20.78787,48.57445],[20.78756,48.57442],[20.78714,48.57439],[20.78614,48.57428],[20.78614,48.57429],[20.78593,48.57427],[20.78561,48.57425],[20.78506,48.57417],[20.78444,48.57414],[20.78373,48.57405],[20.78329,48.57402],[20.78318,48.57401],[20.78308,48.574],[20.78269,48.57397],[20.78194,48.57389],[20.78147,48.57384],[20.7809,48.57379],[20.78031,48.57375],[20.77973,48.57368],[20.77948,48.57365],[20.77915,48.57362],[20.77836,48.57356],[20.77786,48.57353],[20.77714,48.57343],[20.77641,48.57337],[20.77588,48.57332],[20.77563,48.5733],[20.77515,48.57326],[20.77458,48.57322],[20.77417,48.57317],[20.77402,48.57316],[20.77311,48.57308],[20.77288,48.57304],[20.77269,48.57302],[20.77236,48.573],[20.77194,48.57296],[20.77181,48.57294],[20.77167,48.57293],[20.77111,48.57289],[20.77061,48.57283],[20.77061,48.57284],[20.77042,48.57282],[20.77025,48.57281],[20.76987,48.57276],[20.76973,48.57274],[20.76939,48.57272],[20.76877,48.57266],[20.7679,48.57257],[20.76733,48.57253],[20.76608,48.57242],[20.76579,48.57239],[20.76532,48.57234],[20.76347,48.57217],[20.76264,48.57208],[20.76169,48.57198],[20.76076,48.57189],[20.75985,48.57181],[20.75964,48.57181],[20.7593,48.57176],[20.75876,48.57172],[20.75831,48.57169],[20.7575,48.57164],[20.75711,48.57158],[20.75608,48.5715],[20.756,48.57149],[20.75471,48.57139],[20.75419,48.57139],[20.75361,48.57133],[20.75058,48.57115],[20.75049,48.57114],[20.7504,48.57114],[20.75036,48.57114],[20.74983,48.57111],[20.7495,48.57108],[20.7493,48.57107],[20.7489,48.57104],[20.74847,48.57103],[20.74776,48.57097],[20.7465,48.5709],[20.74614,48.57089],[20.74556,48.57089],[20.7453,48.57085],[20.74521,48.57084],[20.74439,48.57077],[20.74372,48.57072],[20.7435,48.57072],[20.7431,48.57068],[20.74302,48.57067],[20.74277,48.57066],[20.74228,48.57064],[20.74167,48.57059],[20.74134,48.57056],[20.73943,48.57043],[20.73903,48.57042],[20.73858,48.57039],[20.73821,48.57035],[20.73807,48.57034],[20.73685,48.57026],[20.7363,48.57023],[20.73592,48.57021],[20.73544,48.57019],[20.73488,48.57015],[20.73459,48.57013],[20.73458,48.57013],[20.73392,48.57008],[20.73392,48.57006],[20.733,48.56997],[20.73215,48.56985],[20.72946,48.56967],[20.72675,48.56967],[20.72573,48.5697],[20.72558,48.56972],[20.72536,48.56972],[20.72533,48.56971],[20.7248,48.56973],[20.72266,48.56976],[20.71964,48.57002],[20.71895,48.57014],[20.71779,48.5703],[20.71767,48.57033],[20.71745,48.57031],[20.71726,48.57032],[20.71602,48.57028],[20.71382,48.57033],[20.71335,48.57036],[20.71314,48.57039],[20.71308,48.57036],[20.71273,48.57028],[20.71074,48.56981],[20.7085,48.56944],[20.70785,48.56934],[20.70727,48.56925],[20.70658,48.56914],[20.70648,48.56907],[20.7055,48.56872],[20.7036,48.5681],[20.70299,48.56794],[20.70237,48.56776],[20.70228,48.56775],[20.7015,48.5675],[20.70139,48.56745],[20.69851,48.56656],[20.6985,48.56656],[20.69758,48.56631],[20.69725,48.56621],[20.69582,48.56582],[20.6957,48.56579],[20.69553,48.56575],[20.69519,48.56564],[20.69425,48.56528],[20.69401,48.56518],[20.69378,48.56509],[20.69177,48.56435],[20.68968,48.56374],[20.68951,48.56369],[20.68916,48.5636],[20.68901,48.56356],[20.688,48.56331],[20.68708,48.56306],[20.68459,48.56256],[20.68204,48.56222],[20.67945,48.56205],[20.67685,48.56204],[20.67426,48.56219],[20.67181,48.5625],[20.67172,48.56253],[20.67153,48.56253],[20.67132,48.56246],[20.66942,48.56196],[20.66706,48.56151],[20.66466,48.5612],[20.66222,48.56103],[20.65977,48.56101],[20.65732,48.56114],[20.65711,48.56115],[20.65614,48.56124],[20.65575,48.56129],[20.65553,48.56133],[20.65514,48.56136],[20.65465,48.56136],[20.6541,48.56139],[20.65408,48.56139],[20.65386,48.56142],[20.65386,48.56139],[20.65385,48.56137],[20.65354,48.56112],[20.65187,48.55992],[20.65005,48.55882],[20.64808,48.55784],[20.64599,48.55698],[20.64379,48.55625],[20.64149,48.55565],[20.64055,48.55544],[20.64047,48.55544],[20.64008,48.55528],[20.63992,48.55517],[20.63987,48.55515],[20.63817,48.55425],[20.63587,48.55326],[20.63342,48.55244],[20.63086,48.55178],[20.62821,48.5513],[20.62585,48.55104],[20.62585,48.55103],[20.62551,48.551],[20.62517,48.55097],[20.62492,48.55094],[20.62456,48.55089],[20.62431,48.55086],[20.62414,48.55083],[20.62378,48.55079],[20.62369,48.55078],[20.62358,48.55078],[20.62347,48.55075],[20.62333,48.55069],[20.62325,48.55064],[20.62318,48.55055],[20.62311,48.55049],[20.62229,48.54979],[20.6213,48.54907],[20.62122,48.54903],[20.6212,48.54899],[20.62093,48.5488],[20.62048,48.54849],[20.62034,48.5484],[20.61999,48.54816],[20.61973,48.548],[20.61972,48.548],[20.61944,48.54783],[20.61939,48.5478],[20.61817,48.54705],[20.6162,48.54605],[20.6141,48.54517],[20.61188,48.54443],[20.60957,48.54382],[20.60719,48.54336],[20.60475,48.54304],[20.60381,48.54294],[20.60358,48.54294],[20.6035,48.54291],[20.60272,48.54284],[20.60203,48.54274],[20.60078,48.54266],[20.6002,48.5426],[20.60014,48.54261],[20.59986,48.54256],[20.59953,48.54242],[20.59947,48.54239],[20.59912,48.54225],[20.59774,48.54169],[20.59747,48.54159],[20.59745,48.54162],[20.59626,48.54115],[20.59555,48.54092],[20.59553,48.54092],[20.59525,48.54083],[20.59494,48.54072],[20.59493,48.54071],[20.59427,48.5405],[20.59283,48.54003],[20.59062,48.53946],[20.58834,48.53903],[20.58832,48.53902],[20.58586,48.5387],[20.58336,48.53854],[20.58086,48.53853],[20.57836,48.53867],[20.57589,48.53896],[20.57347,48.5394],[20.57248,48.53965],[20.57194,48.53976],[20.57186,48.53981],[20.57163,48.53983],[20.57054,48.54006],[20.56978,48.5402],[20.5684,48.54056],[20.56781,48.5407],[20.56758,48.54078],[20.56653,48.54097],[20.56653,48.54099],[20.56499,48.54128],[20.56413,48.54148],[20.56389,48.54156],[20.56367,48.54158],[20.56337,48.54165],[20.56058,48.54239],[20.55964,48.54269],[20.55936,48.54281],[20.55806,48.54306],[20.55708,48.54308],[20.55705,48.54306],[20.55654,48.54306],[20.55386,48.54313],[20.5512,48.54339],[20.54858,48.54381],[20.54696,48.54419],[20.54662,48.54426],[20.5465,48.54431],[20.54636,48.54422],[20.54633,48.54417],[20.5456,48.54358],[20.5438,48.54228],[20.54181,48.5411],[20.53966,48.54006],[20.53736,48.53916],[20.53494,48.53841],[20.53242,48.53783],[20.52982,48.53742],[20.52717,48.53718],[20.5245,48.53711],[20.52183,48.53721],[20.51919,48.53749],[20.51913,48.5375],[20.51911,48.53753],[20.51901,48.53747],[20.51854,48.5373],[20.51624,48.53657],[20.51384,48.53599],[20.51136,48.53556],[20.51033,48.53542],[20.51016,48.53535],[20.50981,48.53524],[20.50719,48.53455],[20.50672,48.53444],[20.5065,48.53442],[20.50652,48.5344],[20.50623,48.53408],[20.50566,48.53336],[20.50445,48.53213],[20.50422,48.53194],[20.50381,48.53128],[20.50368,48.53085],[20.50365,48.53078],[20.50316,48.52944],[20.50246,48.52805],[20.50224,48.52766],[20.50197,48.52725],[20.50201,48.52723],[20.50215,48.5264],[20.50217,48.52629],[20.50234,48.52449],[20.5023,48.52392],[20.50231,48.52329],[20.50228,48.52328],[20.50231,48.52325],[20.5024,48.52271],[20.50255,48.52057],[20.50253,48.5199],[20.5025,48.51986],[20.50255,48.51985],[20.50296,48.51942],[20.50436,48.51779],[20.5055,48.51608],[20.50637,48.51429],[20.50694,48.51246],[20.50723,48.51059],[20.50723,48.50876],[20.50722,48.50872],[20.50721,48.50857],[20.50721,48.50846],[20.50708,48.50728],[20.50706,48.50713],[20.50694,48.50625],[20.50689,48.50587],[20.50678,48.50524],[20.50672,48.50486],[20.50671,48.50476],[20.50667,48.50448],[20.50654,48.50344],[20.50652,48.50328],[20.50642,48.50258],[20.50637,48.50219],[20.50635,48.50198],[20.50618,48.50065],[20.50581,48.49885],[20.50516,48.49709],[20.50425,48.49538],[20.50309,48.49374],[20.50168,48.49218],[20.50004,48.49073],[20.49819,48.4894],[20.49614,48.4882],[20.49514,48.48766],[20.49508,48.48767],[20.49475,48.48731],[20.4947,48.48726],[20.49457,48.48713],[20.49448,48.48704],[20.49419,48.48675],[20.49401,48.48657],[20.49371,48.48627],[20.49275,48.48536],[20.49256,48.48517],[20.49217,48.48475],[20.49181,48.48439],[20.49158,48.48408],[20.49158,48.48393],[20.49136,48.48319],[20.49123,48.48258],[20.49055,48.48092],[20.49056,48.48092],[20.49043,48.48062],[20.49024,48.48018],[20.48937,48.4785],[20.48826,48.47688],[20.48691,48.47534],[20.48534,48.4739],[20.48395,48.47287],[20.48382,48.47277],[20.48375,48.47272],[20.48364,48.47263],[20.48362,48.47262],[20.48334,48.47241],[20.48292,48.47211],[20.48264,48.47189],[20.4826,48.47185],[20.48204,48.47137],[20.48042,48.47023],[20.47866,48.46918],[20.47761,48.46861],[20.47724,48.4684],[20.47712,48.46834],[20.47513,48.46731],[20.473,48.46642],[20.47076,48.46566],[20.46841,48.46504],[20.4684,48.46504],[20.46836,48.46503],[20.46721,48.46476],[20.4672,48.46476],[20.46682,48.46468],[20.46639,48.46458],[20.46585,48.46445],[20.46516,48.46429],[20.46498,48.46424],[20.46425,48.46408],[20.46397,48.46397],[20.46394,48.46397],[20.46397,48.46393],[20.46396,48.46374],[20.46393,48.46241],[20.46364,48.46063],[20.46308,48.45888],[20.46225,48.45718],[20.46118,48.45554],[20.45987,48.45399],[20.45833,48.45252],[20.45658,48.45117],[20.45463,48.44994],[20.45251,48.44884],[20.45241,48.44879],[20.45233,48.44878],[20.45217,48.44872],[20.45203,48.44867],[20.45189,48.44858],[20.45167,48.44847],[20.45158,48.44839],[20.4515,48.44833],[20.45142,48.44825],[20.45141,48.44824],[20.45073,48.44773],[20.4507,48.44775],[20.44949,48.44686],[20.44713,48.44547],[20.44648,48.44513],[20.44636,48.44511],[20.44636,48.44508],[20.44622,48.44503],[20.44614,48.44497],[20.44603,48.44492],[20.44594,48.44483],[20.44586,48.44478],[20.44575,48.44467],[20.44564,48.44453],[20.44553,48.44436],[20.4455,48.44431],[20.44525,48.44396],[20.44491,48.44353],[20.44483,48.44347],[20.44486,48.44345],[20.44478,48.44321],[20.44409,48.44146],[20.44313,48.43977],[20.44192,48.43815],[20.44047,48.43661],[20.43906,48.43541],[20.43897,48.43536],[20.43878,48.43519],[20.43868,48.4351],[20.43829,48.4348],[20.43702,48.43392],[20.43667,48.43366],[20.43644,48.43353],[20.43636,48.43347],[20.43625,48.43333],[20.43607,48.43316],[20.43603,48.43314],[20.43589,48.43303],[20.43586,48.43297],[20.43562,48.43275],[20.43541,48.43256],[20.43396,48.43138],[20.43236,48.43028],[20.43063,48.42928],[20.42964,48.42875],[20.4295,48.42872],[20.42936,48.42864],[20.42922,48.42853],[20.42908,48.42839],[20.42903,48.42831],[20.42902,48.42828],[20.42852,48.42774],[20.42797,48.42709],[20.42629,48.42553],[20.42437,48.42409],[20.42223,48.42281],[20.42086,48.42215],[20.42065,48.42203],[20.42064,48.42203],[20.42042,48.42194],[20.41997,48.42167],[20.41972,48.42147],[20.41925,48.42117],[20.41919,48.42111],[20.41897,48.42092],[20.41892,48.42087],[20.41862,48.42063],[20.4185,48.42056],[20.41818,48.42028],[20.41805,48.42018],[20.41792,48.42008],[20.41789,48.42006],[20.41788,48.42004],[20.41784,48.42001],[20.41755,48.41978],[20.41754,48.41977],[20.41749,48.41973],[20.4175,48.41972],[20.41706,48.41935],[20.41696,48.41925],[20.41692,48.41922],[20.41683,48.41914],[20.41667,48.419],[20.41644,48.41875],[20.41631,48.41864],[20.41622,48.41853],[20.41619,48.41847],[20.41611,48.41819],[20.41608,48.41806],[20.41608,48.41767],[20.4161,48.41765],[20.41571,48.41563],[20.41547,48.41498],[20.41538,48.41469],[20.41521,48.41421],[20.41519,48.41419],[20.41518,48.41415],[20.41508,48.41386],[20.415,48.41372],[20.41494,48.41361],[20.41492,48.41345],[20.41475,48.41304],[20.4144,48.41229],[20.41439,48.41228],[20.41431,48.41214],[20.41431,48.412],[20.41437,48.41182],[20.41441,48.41133],[20.41444,48.41093],[20.41442,48.41086],[20.41442,48.41072],[20.41461,48.41033],[20.41472,48.41003],[20.41481,48.40992],[20.41487,48.40986],[20.41578,48.40821],[20.41649,48.40635],[20.41689,48.40445],[20.41698,48.40253],[20.41678,48.40071],[20.41675,48.40067],[20.41672,48.40056],[20.41669,48.40047],[20.41672,48.40033],[20.41672,48.40014],[20.41674,48.4001],[20.41674,48.40004],[20.41674,48.39989],[20.41672,48.39981],[20.41673,48.39978],[20.41673,48.39977],[20.41674,48.39965],[20.41674,48.39947],[20.41658,48.39754],[20.41612,48.39563],[20.41535,48.39377],[20.41437,48.39214],[20.41422,48.39194],[20.4142,48.39186],[20.41417,48.39182],[20.41334,48.39047],[20.41215,48.38895],[20.41075,48.38751],[20.40914,48.38617],[20.40735,48.38494],[20.40539,48.38383],[20.40327,48.38284],[20.40301,48.38273],[20.40297,48.38272],[20.40253,48.38256],[20.40261,48.38249],[20.40301,48.38196],[20.40341,48.38147],[20.40357,48.3813],[20.40356,48.38128],[20.40367,48.38117],[20.40371,48.38114],[20.40488,48.37968],[20.40589,48.37807],[20.40666,48.37641],[20.40719,48.37471],[20.40746,48.37298],[20.40748,48.37124],[20.40725,48.36951],[20.40677,48.3678],[20.40605,48.36614],[20.40508,48.36452],[20.40389,48.36298],[20.40247,48.36152],[20.40085,48.36016],[20.39909,48.35895],[20.399,48.35892],[20.39903,48.3589],[20.39902,48.3589],[20.39862,48.35859],[20.39637,48.35708],[20.39443,48.35605],[20.39444,48.35604],[20.39392,48.35578],[20.39339,48.35553],[20.39338,48.35549],[20.39324,48.35541],[20.39103,48.35416],[20.38864,48.35307],[20.38853,48.35303],[20.38844,48.35299],[20.38839,48.35297],[20.38811,48.35286],[20.38761,48.35263],[20.38705,48.35238],[20.38666,48.35221],[20.38634,48.35207],[20.38617,48.352],[20.38567,48.35181],[20.38544,48.3517],[20.38444,48.35131],[20.38408,48.35119],[20.38412,48.35116],[20.38412,48.3511],[20.38408,48.34926],[20.38375,48.34743],[20.38315,48.34564],[20.38227,48.3439],[20.38113,48.34222],[20.37974,48.34064],[20.37811,48.33916],[20.37744,48.33861],[20.37721,48.33842],[20.3772,48.33841],[20.37665,48.33796],[20.37619,48.33761],[20.37575,48.33725],[20.37568,48.33719],[20.37492,48.33659],[20.37474,48.33645],[20.3745,48.33628],[20.37428,48.3361],[20.37427,48.3361],[20.37305,48.33523],[20.37294,48.33517],[20.37258,48.33492],[20.37256,48.33493],[20.37143,48.33414],[20.36923,48.33292],[20.36855,48.33261],[20.36776,48.33223],[20.36764,48.33219],[20.36773,48.332],[20.36821,48.33043],[20.36848,48.32861],[20.36848,48.32678],[20.36819,48.32496],[20.36763,48.32317],[20.36679,48.32143],[20.3657,48.31975],[20.36435,48.31816],[20.36277,48.31667],[20.36096,48.31529],[20.35896,48.31404],[20.35677,48.31294],[20.35656,48.31285],[20.35653,48.31283],[20.35644,48.31281],[20.35642,48.31281],[20.35643,48.31278],[20.3562,48.3125],[20.35478,48.31093],[20.35312,48.30947],[20.35124,48.30813],[20.34918,48.30693],[20.34724,48.30602],[20.34706,48.30594],[20.34707,48.30593],[20.34638,48.30557],[20.34493,48.30477],[20.34232,48.30365],[20.34231,48.30367],[20.34197,48.30353],[20.34199,48.30351],[20.34124,48.30316],[20.3412,48.30314],[20.3411,48.3031],[20.34091,48.30301],[20.3409,48.30301],[20.33934,48.30232],[20.33757,48.30168],[20.33752,48.30166],[20.33747,48.30167],[20.33745,48.30158],[20.33739,48.3015],[20.33597,48.29974],[20.33549,48.29922],[20.33542,48.29917],[20.33528,48.29903],[20.33522,48.29894],[20.33522,48.29892],[20.33511,48.29876],[20.33435,48.29764],[20.33356,48.29673],[20.33339,48.2965],[20.33331,48.29644],[20.33331,48.29635],[20.3333,48.29633],[20.33284,48.29484],[20.33205,48.29317],[20.33102,48.29155],[20.32977,48.29001],[20.32829,48.28856],[20.32818,48.28847],[20.32811,48.28844],[20.32806,48.28804],[20.3276,48.28638],[20.32688,48.28471],[20.32591,48.28308],[20.32471,48.28153],[20.32329,48.28006],[20.32166,48.2787],[20.31984,48.27744],[20.31785,48.27631],[20.3157,48.27532],[20.31341,48.27447],[20.31101,48.27377],[20.30914,48.27336],[20.30911,48.27336],[20.30772,48.27306],[20.30656,48.2725],[20.30654,48.27246],[20.30623,48.27225],[20.30511,48.27143],[20.3031,48.27022],[20.30092,48.26916],[20.29859,48.26825],[20.29613,48.2675],[20.29357,48.26691],[20.29094,48.2665],[20.28825,48.26627],[20.28555,48.26622],[20.28285,48.26635],[20.28018,48.26666],[20.27757,48.26715],[20.27504,48.26781],[20.27263,48.26863],[20.27035,48.26961],[20.26968,48.26997],[20.26903,48.27028],[20.26897,48.27033],[20.26876,48.2704],[20.26848,48.27054],[20.26821,48.27065],[20.2682,48.27064],[20.26787,48.27078],[20.26717,48.2711],[20.26667,48.27132],[20.26642,48.27144],[20.26643,48.27145],[20.26533,48.27196],[20.26302,48.27333],[20.26149,48.27446],[20.26122,48.27464],[20.26119,48.27469],[20.26111,48.27472],[20.26103,48.27478],[20.26087,48.2748],[20.25987,48.27502],[20.25988,48.27503],[20.25918,48.27517],[20.25651,48.27593],[20.25399,48.27687],[20.25162,48.27798],[20.25002,48.27892],[20.2498,48.27904],[20.24972,48.27911],[20.24965,48.27909],[20.24959,48.2791],[20.24682,48.27935],[20.2441,48.2798],[20.24147,48.28043],[20.24136,48.28046],[20.24131,48.2805],[20.24109,48.28045],[20.23999,48.2803],[20.23999,48.28031],[20.23822,48.2801],[20.23599,48.27996],[20.23565,48.27994],[20.23494,48.27994],[20.23414,48.27956],[20.23413,48.27956],[20.23252,48.27878],[20.22988,48.27778],[20.22915,48.27757],[20.22807,48.27723],[20.22797,48.27722],[20.22799,48.27717],[20.22789,48.27679],[20.22733,48.2751],[20.22652,48.27345],[20.22548,48.27186],[20.22421,48.27034],[20.22273,48.26892],[20.22105,48.26759],[20.21918,48.26639],[20.21715,48.2653],[20.21496,48.26436],[20.21266,48.26356],[20.21024,48.26291],[20.20774,48.26242],[20.20518,48.26209],[20.20462,48.26204],[20.20453,48.26206],[20.20383,48.26192],[20.20364,48.26156],[20.20363,48.26153],[20.20352,48.26135],[20.20237,48.25975],[20.20099,48.25824],[20.1994,48.25682],[20.1976,48.25552],[20.19562,48.25434],[20.19347,48.2533],[20.19118,48.2524],[20.18876,48.25166],[20.18625,48.25108],[20.18366,48.25067],[20.18103,48.25044],[20.17837,48.25037],[20.17571,48.25048],[20.17308,48.25077],[20.17069,48.25119],[20.17025,48.25131],[20.17008,48.25131],[20.16933,48.25143],[20.16907,48.25148],[20.16842,48.25161],[20.16778,48.25161],[20.16722,48.25156],[20.16722,48.25157],[20.16573,48.25142],[20.16299,48.25134],[20.16024,48.25144],[20.15751,48.25172],[20.15485,48.25219],[20.15227,48.25284],[20.1498,48.25366],[20.14818,48.25434],[20.14748,48.25463],[20.14747,48.25464],[20.147,48.25486],[20.14661,48.25497],[20.14653,48.25496],[20.14526,48.25518],[20.14439,48.25531],[20.14411,48.25536],[20.14406,48.25539],[20.14344,48.25544],[20.14339,48.25542],[20.14281,48.25537],[20.14169,48.25524],[20.13918,48.25512],[20.13704,48.25514],[20.13669,48.25517],[20.13656,48.25511],[20.13639,48.25506],[20.13611,48.25497],[20.13606,48.25494],[20.13598,48.25491],[20.13581,48.25486],[20.13565,48.2548],[20.13532,48.25469],[20.13445,48.25436],[20.13378,48.25414],[20.13367,48.25411],[20.13319,48.25397],[20.13322,48.25393],[20.1332,48.25362],[20.13284,48.25147],[20.13247,48.25043],[20.13248,48.25043],[20.13227,48.24976],[20.13222,48.24969],[20.13219,48.24958],[20.1322,48.24955],[20.13213,48.24932],[20.13206,48.24902],[20.13202,48.2489],[20.13197,48.24881],[20.13194,48.24867],[20.13189,48.24844],[20.13186,48.24836],[20.13186,48.24814],[20.13189,48.24797],[20.13194,48.24786],[20.13202,48.24773],[20.13206,48.24763],[20.13208,48.24744],[20.13214,48.24733],[20.13225,48.24717],[20.13229,48.24714],[20.1323,48.24712],[20.13318,48.24582],[20.13401,48.24417],[20.1346,48.24247],[20.13494,48.24075],[20.13503,48.23901],[20.13487,48.23727],[20.13448,48.23564],[20.13444,48.23558],[20.13435,48.23521],[20.13423,48.23484],[20.13421,48.23484],[20.13383,48.2337],[20.13381,48.23367],[20.13375,48.23358],[20.13369,48.23342],[20.1337,48.23332],[20.13359,48.23288],[20.1334,48.23194],[20.13274,48.23013],[20.1318,48.22837],[20.13059,48.22669],[20.12913,48.2251],[20.12743,48.22363],[20.12551,48.22227],[20.12338,48.22106],[20.12269,48.2207],[20.12261,48.22069],[20.12261,48.22066],[20.12211,48.22035],[20.12126,48.21976],[20.11923,48.2186],[20.11704,48.21758],[20.1147,48.21671],[20.11354,48.21638],[20.11314,48.21625],[20.11256,48.21608],[20.11253,48.21602],[20.11226,48.21577],[20.11152,48.21499],[20.10995,48.21364],[20.10819,48.2124],[20.10627,48.21127],[20.1042,48.21028],[20.1021,48.20946],[20.102,48.20944],[20.10197,48.20939],[20.10188,48.20929],[20.10088,48.20829],[20.10086,48.20826],[20.10067,48.20807],[20.10058,48.20798],[20.10056,48.20797],[20.1005,48.20791],[20.10034,48.20774],[20.1003,48.20771],[20.09944,48.20684],[20.09782,48.20552],[20.09602,48.20431],[20.09551,48.204],[20.09547,48.204],[20.09544,48.20397],[20.0954,48.2039],[20.09482,48.20338],[20.09304,48.20193],[20.09105,48.20062],[20.08886,48.19946],[20.0865,48.19845],[20.084,48.19762],[20.08138,48.19696],[20.07943,48.19662],[20.07933,48.19661],[20.07825,48.19642],[20.07706,48.196],[20.07639,48.19556],[20.07638,48.19552],[20.07599,48.19523],[20.07353,48.19365],[20.07281,48.19324],[20.07264,48.19317],[20.07259,48.19311],[20.07171,48.19261],[20.07112,48.19225],[20.07009,48.19169],[20.07003,48.19169],[20.06969,48.1913],[20.06932,48.19092],[20.0693,48.19093],[20.06823,48.18983],[20.06808,48.18969],[20.06792,48.18958],[20.06786,48.18938],[20.06726,48.18795],[20.06717,48.18777],[20.06619,48.1861],[20.06497,48.1845],[20.0635,48.18299],[20.06183,48.18159],[20.05994,48.18031],[20.05788,48.17916],[20.05565,48.17815],[20.05329,48.1773],[20.0508,48.17661],[20.04823,48.17609],[20.04558,48.17574],[20.0429,48.17557],[20.04021,48.17559],[20.03753,48.17578],[20.03489,48.17615],[20.03232,48.17669],[20.02984,48.1774],[20.02913,48.17764],[20.02903,48.17769],[20.02858,48.17764],[20.02828,48.17758],[20.02806,48.1775],[20.02698,48.17726],[20.02652,48.17714],[20.0238,48.17666],[20.0235,48.17664],[20.02282,48.17652],[20.0209,48.17631],[20.02075,48.1763],[20.02044,48.17628],[20.01948,48.17618],[20.01857,48.1761],[20.01837,48.17609],[20.01681,48.17597],[20.01625,48.17592],[20.01619,48.17589],[20.01622,48.17588],[20.01572,48.17565],[20.01469,48.17514],[20.0126,48.17429],[20.01041,48.17357],[20.00812,48.17298],[20.00576,48.17254],[20.00377,48.17229],[20.00364,48.17227],[20.00364,48.17228],[20.00356,48.17228],[20.00294,48.17197],[20.00293,48.17196],[20.00141,48.17119],[19.99938,48.17035],[19.99724,48.16962],[19.99501,48.16903],[19.99271,48.16858],[19.99156,48.16839],[19.99142,48.16839],[19.9914,48.16836],[19.99124,48.16831],[19.98913,48.16756],[19.98654,48.16686],[19.98386,48.16634],[19.98111,48.16601],[19.97832,48.16588],[19.97553,48.16594],[19.97506,48.16596],[19.97502,48.16596],[19.97439,48.166],[19.9741,48.16559],[19.97409,48.16558],[19.97397,48.16541],[19.97369,48.16503],[19.97333,48.16456],[19.97311,48.16428],[19.97269,48.16375],[19.97263,48.16366],[19.97256,48.16357],[19.97241,48.16338],[19.97222,48.16314],[19.97203,48.16288],[19.97168,48.1624],[19.97162,48.16233],[19.97132,48.16195],[19.97108,48.16167],[19.97102,48.16159],[19.97041,48.16081],[19.96914,48.15937],[19.96768,48.15801],[19.96603,48.15675],[19.96422,48.1556],[19.96225,48.15457],[19.96014,48.15366],[19.95792,48.15289],[19.9556,48.15226],[19.9532,48.15178],[19.95227,48.15166],[19.95163,48.15155],[19.95156,48.15156],[19.95153,48.1515],[19.94998,48.15019],[19.94815,48.14892],[19.94614,48.14778],[19.94397,48.14678],[19.94167,48.14592],[19.93925,48.14522],[19.93674,48.14468],[19.93416,48.14431],[19.93154,48.14411],[19.9289,48.14408],[19.92626,48.14422],[19.92366,48.14454],[19.92112,48.14503],[19.91866,48.14568],[19.91631,48.14648],[19.91409,48.14744],[19.9136,48.14767],[19.91348,48.14773],[19.91342,48.14778],[19.9132,48.14787],[19.91278,48.14808],[19.91244,48.14828],[19.91236,48.1483],[19.91204,48.14847],[19.91007,48.14962],[19.90827,48.1509],[19.90666,48.15228],[19.90527,48.15376],[19.90409,48.15533],[19.90329,48.15671],[19.90328,48.15675],[19.90309,48.15709],[19.90292,48.15744],[19.90274,48.15778],[19.90272,48.15782],[19.90267,48.15795],[19.90228,48.15881],[19.90208,48.1592],[19.90201,48.15934],[19.90199,48.15939],[19.90189,48.15961],[19.90164,48.16008],[19.90159,48.16011],[19.9012,48.16074],[19.90049,48.16205],[19.90014,48.16286],[19.90003,48.1631],[19.89981,48.16367],[19.8998,48.16368],[19.89978,48.16375],[19.89939,48.16475],[19.89917,48.16531],[19.899,48.16569],[19.89892,48.16597],[19.89875,48.16631],[19.89865,48.16628],[19.8962,48.16625],[19.89363,48.16638],[19.8911,48.16667],[19.88862,48.16712],[19.88621,48.16773],[19.8839,48.16848],[19.88171,48.16938],[19.88044,48.17002],[19.88007,48.17019],[19.88006,48.17022],[19.87917,48.17044],[19.87822,48.17061],[19.87813,48.17059],[19.87702,48.1706],[19.87426,48.17073],[19.87153,48.17105],[19.86886,48.17155],[19.86629,48.17223],[19.86383,48.17308],[19.86151,48.1741],[19.85936,48.17527],[19.8574,48.17658],[19.85568,48.17799],[19.85561,48.17808],[19.85551,48.17815],[19.85523,48.17837],[19.85517,48.17844],[19.85514,48.17842],[19.85503,48.17839],[19.85487,48.17836],[19.85486,48.17836],[19.85444,48.17828],[19.85383,48.17808],[19.85371,48.17803],[19.85301,48.17779],[19.8521,48.17751],[19.85206,48.1775],[19.852,48.1775],[19.85201,48.17747],[19.85156,48.17716],[19.84968,48.17593],[19.84762,48.17484],[19.84542,48.17389],[19.84308,48.17308],[19.84063,48.17243],[19.83811,48.17194],[19.83552,48.17163],[19.83289,48.17148],[19.83026,48.1715],[19.82764,48.1717],[19.82507,48.17206],[19.82255,48.17259],[19.82013,48.17329],[19.81782,48.17414],[19.81564,48.17513],[19.81361,48.17626],[19.81177,48.17752],[19.81011,48.17889],[19.80866,48.18036],[19.80744,48.18192],[19.80644,48.18355],[19.80569,48.18524],[19.80554,48.18565],[19.80542,48.18608],[19.80518,48.18633],[19.80398,48.1879],[19.80297,48.18966],[19.80224,48.19149],[19.80202,48.1922],[19.802,48.19239],[19.80128,48.193],[19.80119,48.19303],[19.80115,48.19306],[19.79986,48.19392],[19.79891,48.19467],[19.79885,48.19471],[19.79872,48.19483],[19.79863,48.19482],[19.7983,48.19485],[19.79585,48.19514],[19.79345,48.19558],[19.79112,48.19617],[19.78888,48.1969],[19.78675,48.19776],[19.78475,48.19875],[19.78289,48.19986],[19.78142,48.20092],[19.78138,48.20094],[19.78133,48.201],[19.78067,48.20139],[19.78003,48.20162],[19.77967,48.20177],[19.77899,48.20206],[19.77839,48.20233],[19.77828,48.20236],[19.77815,48.20241],[19.77612,48.20333],[19.77422,48.20435],[19.77288,48.20523],[19.77271,48.20532],[19.77269,48.20536],[19.77262,48.20537],[19.77259,48.20538],[19.77047,48.2063],[19.76848,48.20736],[19.76665,48.20853],[19.76499,48.20981],[19.76352,48.2112],[19.76236,48.21253],[19.76231,48.21264],[19.76211,48.21286],[19.76201,48.21291],[19.76177,48.21308],[19.76155,48.21322],[19.76115,48.21349],[19.76114,48.2135],[19.76112,48.21351],[19.76085,48.21369],[19.76072,48.21381],[19.76028,48.214],[19.75975,48.21411],[19.7595,48.21411],[19.75945,48.21411],[19.75759,48.21422],[19.75543,48.21447],[19.7554,48.21448],[19.75519,48.21453],[19.75494,48.21456],[19.75491,48.21455],[19.75391,48.21469],[19.75391,48.2147],[19.75264,48.21487],[19.75007,48.2154],[19.74759,48.21609],[19.7469,48.21631],[19.74672,48.21639],[19.74619,48.2165],[19.74598,48.21649],[19.74594,48.21649],[19.74582,48.21649],[19.7452,48.2165],[19.74517,48.2165],[19.7445,48.21653],[19.74429,48.2165],[19.74426,48.2165],[19.7425,48.21634],[19.74094,48.2163],[19.74094,48.21629],[19.73997,48.21627],[19.73989,48.21628],[19.73936,48.21622],[19.73868,48.2161],[19.73679,48.21581],[19.73632,48.21572],[19.73617,48.21572],[19.73556,48.21558],[19.73489,48.21517],[19.73433,48.21471],[19.73386,48.21437],[19.73377,48.21431],[19.73358,48.21419],[19.73328,48.21383],[19.73298,48.21347],[19.73114,48.21153],[19.73106,48.21147],[19.73073,48.21115],[19.73061,48.21104],[19.73025,48.21075],[19.73024,48.2107],[19.7302,48.21066],[19.72994,48.21043],[19.7283,48.2091],[19.72647,48.20789],[19.72447,48.20679],[19.72233,48.20583],[19.72005,48.20501],[19.71767,48.20435],[19.7152,48.20383],[19.71267,48.20348],[19.7101,48.20329],[19.70751,48.20327],[19.70493,48.20341],[19.70238,48.20372],[19.70186,48.2038],[19.70186,48.20381],[19.70142,48.20389],[19.70137,48.20388],[19.699,48.20433],[19.69655,48.20497],[19.6942,48.20577],[19.69197,48.20672],[19.69132,48.20702],[19.69131,48.20706],[19.69122,48.20707],[19.69026,48.20753],[19.68985,48.20771],[19.68766,48.20889],[19.68566,48.21022],[19.68544,48.21039],[19.68529,48.21051],[19.68525,48.21056],[19.68523,48.21056],[19.68365,48.21185],[19.6821,48.21344],[19.68081,48.21512],[19.68025,48.2161],[19.68024,48.2161],[19.68008,48.21636],[19.67997,48.21656],[19.67986,48.21672],[19.67978,48.21678],[19.6796,48.21698],[19.67823,48.21867],[19.67714,48.22045],[19.67633,48.2223],[19.67587,48.22406],[19.67583,48.22439],[19.67578,48.22443],[19.67556,48.22485],[19.6752,48.22546],[19.67447,48.22711],[19.67399,48.2288],[19.67374,48.23051],[19.67375,48.23218],[19.67378,48.23222],[19.67374,48.23225],[19.6735,48.23402],[19.67351,48.23579]]],[[[19.16864,48.06631],[19.16677,48.06752],[19.16508,48.06885],[19.16359,48.07027],[19.16231,48.07179],[19.16125,48.07338],[19.16043,48.07503],[19.15985,48.07673],[19.15952,48.07846],[19.15944,48.08019],[19.15962,48.08193],[19.16004,48.08364],[19.1607,48.08532],[19.16161,48.08695],[19.16275,48.08851],[19.16411,48.08999],[19.16567,48.09137],[19.16743,48.09265],[19.16937,48.09381],[19.17099,48.0946],[19.2089,48.11133],[19.21123,48.11225],[19.21368,48.113],[19.32099,48.14137],[19.32379,48.14199],[19.32667,48.1424],[19.46184,48.15614],[19.46412,48.1563],[19.46676,48.1563],[19.46939,48.15613],[19.47198,48.15579],[19.47452,48.15529],[19.47696,48.15461],[19.4793,48.15379],[19.48151,48.15281],[19.48356,48.15169],[19.48543,48.15044],[19.48712,48.14908],[19.4886,48.14762],[19.48986,48.14606],[19.49088,48.14443],[19.49166,48.14274],[19.49219,48.14101],[19.49235,48.13996],[19.49241,48.13971],[19.49239,48.13967],[19.49239,48.13964],[19.49247,48.1395],[19.49253,48.13936],[19.4926,48.13929],[19.49264,48.13922],[19.4935,48.13745],[19.49409,48.13563],[19.49439,48.13378],[19.4944,48.13191],[19.49415,48.13022],[19.49415,48.13015],[19.49411,48.13014],[19.49411,48.13003],[19.49414,48.13],[19.49416,48.12994],[19.49417,48.12975],[19.49415,48.12766],[19.4941,48.12722],[19.49408,48.12719],[19.49406,48.12711],[19.49409,48.12707],[19.49412,48.12657],[19.49422,48.12571],[19.49416,48.12381],[19.49379,48.12193],[19.49313,48.12008],[19.49225,48.11841],[19.49219,48.11839],[19.49217,48.11836],[19.49214,48.11831],[19.49208,48.11825],[19.49197,48.11803],[19.49197,48.11792],[19.492,48.11784],[19.49195,48.1173],[19.49194,48.11667],[19.49165,48.11488],[19.49109,48.11311],[19.49026,48.11139],[19.48918,48.10974],[19.48786,48.10816],[19.4863,48.10669],[19.48454,48.10532],[19.48257,48.10409],[19.48043,48.10299],[19.47814,48.10204],[19.47571,48.10125],[19.47317,48.10063],[19.47056,48.10018],[19.46789,48.09991],[19.46519,48.09982],[19.46249,48.09991],[19.45982,48.10018],[19.4572,48.10063],[19.45466,48.10126],[19.45431,48.10136],[19.45417,48.10142],[19.45406,48.10144],[19.45394,48.10142],[19.4539,48.10141],[19.45352,48.10137],[19.45266,48.10126],[19.45258,48.10125],[19.45255,48.10124],[19.45209,48.10118],[19.44957,48.10101],[19.44703,48.10099],[19.44451,48.10114],[19.4436,48.10122],[19.44344,48.10125],[19.443,48.10128],[19.44264,48.10128],[19.44254,48.10123],[19.44153,48.10093],[19.44152,48.10094],[19.44108,48.10079],[19.43845,48.10016],[19.436,48.09975],[19.43575,48.09972],[19.4355,48.09967],[19.43536,48.09961],[19.43531,48.09958],[19.435,48.09925],[19.43497,48.09915],[19.43453,48.09861],[19.4345,48.09856],[19.43442,48.09848],[19.43434,48.09837],[19.43433,48.09837],[19.43322,48.0971],[19.43174,48.09571],[19.43007,48.09443],[19.42823,48.09327],[19.42622,48.09222],[19.42408,48.0913],[19.42182,48.09053],[19.41946,48.0899],[19.41702,48.08943],[19.41452,48.08911],[19.41199,48.08895],[19.4095,48.08895],[19.40939,48.08897],[19.40925,48.08897],[19.40911,48.08894],[19.40907,48.08893],[19.4068,48.08863],[19.40431,48.08845],[19.4018,48.08844],[19.39931,48.08858],[19.39684,48.08888],[19.39443,48.08932],[19.39208,48.08992],[19.38983,48.09066],[19.38769,48.09154],[19.38717,48.09177],[19.38714,48.09181],[19.38708,48.09183],[19.387,48.09186],[19.38658,48.09192],[19.38611,48.09192],[19.386,48.0919],[19.38563,48.09189],[19.38553,48.09189],[19.38553,48.09191],[19.38443,48.09185],[19.38217,48.09187],[19.38203,48.09189],[19.38189,48.09186],[19.38168,48.09181],[19.38073,48.09165],[19.38073,48.09166],[19.3798,48.0915],[19.37889,48.09138],[19.37883,48.09139],[19.37872,48.09136],[19.37865,48.09132],[19.37771,48.09105],[19.37503,48.0904],[19.37226,48.08994],[19.36944,48.08968],[19.36658,48.08962],[19.36374,48.08977],[19.36093,48.09012],[19.35986,48.09029],[19.35972,48.09033],[19.35951,48.09033],[19.35899,48.09038],[19.35897,48.09039],[19.35892,48.09039],[19.35849,48.09043],[19.35849,48.09044],[19.3576,48.09051],[19.35698,48.0906],[19.35621,48.09069],[19.35608,48.09072],[19.35589,48.09075],[19.35581,48.09075],[19.35558,48.09069],[19.35557,48.09068],[19.3555,48.09067],[19.35261,48.09016],[19.34966,48.08987],[19.34667,48.0898],[19.3456,48.08981],[19.34547,48.08983],[19.34511,48.08981],[19.34447,48.08981],[19.34383,48.08975],[19.34338,48.08968],[19.34094,48.08947],[19.3383,48.08942],[19.33566,48.08954],[19.33305,48.08983],[19.33117,48.09017],[19.33042,48.09031],[19.32953,48.09044],[19.32894,48.09044],[19.32858,48.09042],[19.32857,48.09042],[19.32696,48.09041],[19.32682,48.0904],[19.32669,48.09042],[19.32631,48.09039],[19.32583,48.09031],[19.3255,48.09019],[19.32485,48.09],[19.32425,48.08983],[19.324,48.08977],[19.32276,48.08946],[19.32194,48.08928],[19.32131,48.08914],[19.32129,48.08913],[19.31941,48.08871],[19.31687,48.08832],[19.31428,48.08809],[19.31167,48.08803],[19.30906,48.08815],[19.30648,48.08843],[19.305,48.08864],[19.304,48.08872],[19.30311,48.08872],[19.30244,48.08858],[19.30236,48.08856],[19.30182,48.08845],[19.30094,48.08828],[19.3005,48.08814],[19.30021,48.08803],[19.29631,48.08666],[19.29564,48.08642],[19.29047,48.08456],[19.28903,48.08402],[19.28873,48.08392],[19.28694,48.08328],[19.2862,48.083],[19.28563,48.08279],[19.28483,48.0825],[19.28481,48.08249],[19.28436,48.08233],[19.28386,48.08208],[19.28328,48.08164],[19.28256,48.08103],[19.28255,48.08103],[19.28165,48.08026],[19.27976,48.07892],[19.27767,48.07772],[19.27541,48.07667],[19.27299,48.07579],[19.27046,48.07507],[19.26782,48.07453],[19.26536,48.07421],[19.26517,48.07419],[19.26422,48.07403],[19.26297,48.07372],[19.26143,48.07333],[19.25817,48.0725],[19.25794,48.07244],[19.25744,48.07231],[19.25694,48.07211],[19.25578,48.07156],[19.25528,48.07128],[19.25497,48.07106],[19.25469,48.07089],[19.25447,48.07075],[19.25403,48.07039],[19.25395,48.07027],[19.25357,48.06986],[19.25213,48.06845],[19.25049,48.06714],[19.24867,48.06594],[19.24668,48.06487],[19.24455,48.06392],[19.2423,48.06312],[19.23994,48.06246],[19.2375,48.06195],[19.235,48.0616],[19.23246,48.06142],[19.2299,48.0614],[19.22735,48.06154],[19.22483,48.06184],[19.22236,48.0623],[19.22188,48.06241],[19.22128,48.06256],[19.22069,48.06267],[19.2205,48.06268],[19.2197,48.06281],[19.21894,48.0629],[19.21643,48.06341],[19.21412,48.06404],[19.21375,48.06417],[19.21283,48.06436],[19.21228,48.06439],[19.21147,48.06442],[19.21108,48.06436],[19.21072,48.06428],[19.2105,48.06422],[19.21022,48.06417],[19.20956,48.06404],[19.20714,48.06367],[19.20468,48.06345],[19.20303,48.06341],[19.20303,48.0634],[19.20238,48.06339],[19.20233,48.06339],[19.20203,48.06339],[19.20147,48.06336],[19.20103,48.06331],[19.20058,48.06322],[19.19984,48.06299],[19.19734,48.06229],[19.19474,48.06177],[19.19208,48.06143],[19.18938,48.06126],[19.18667,48.06129],[19.18397,48.06149],[19.18391,48.0615],[19.18156,48.06183],[19.17927,48.0623],[19.17705,48.0629],[19.17676,48.06299],[19.17661,48.06306],[19.17608,48.06325],[19.17517,48.06348],[19.17286,48.06428],[19.17068,48.06523],[19.16864,48.06631]]],[[[18.17929,47.74082],[18.17674,47.74137],[18.17429,47.74208],[18.17195,47.74296],[18.16975,47.74399],[18.16771,47.74516],[18.16586,47.74646],[18.16421,47.74788],[18.16278,47.74941],[18.16158,47.75102],[18.1468,47.77364],[18.1458,47.77542],[18.14508,47.77725],[18.14466,47.77913],[18.14453,47.78102],[18.1447,47.78291],[18.14744,47.79929],[18.14788,47.80111],[18.1486,47.80289],[18.14959,47.80461],[18.15083,47.80623],[18.16826,47.82654],[18.16953,47.82788],[18.171,47.82915],[18.17263,47.83033],[18.17441,47.83141],[18.17627,47.83234],[18.23917,47.86103],[18.24124,47.86188],[18.24346,47.86261],[18.24571,47.86319],[18.35289,47.88674],[18.35535,47.88719],[18.72837,47.94137],[18.72843,47.94138],[18.73099,47.94149],[18.73355,47.94144],[18.7361,47.94123],[18.73861,47.94085],[18.74105,47.94031],[18.7434,47.93962],[18.74565,47.93878],[18.74776,47.93781],[18.74973,47.9367],[18.75153,47.93546],[18.75315,47.93412],[18.75457,47.93269],[18.75578,47.93116],[18.75676,47.92957],[18.75752,47.92792],[18.75804,47.92623],[18.75831,47.92452],[18.75834,47.9228],[18.75812,47.92108],[18.75775,47.91973],[18.75775,47.91972],[18.75761,47.91922],[18.75756,47.91897],[18.75756,47.91886],[18.75746,47.91831],[18.75745,47.91831],[18.75744,47.91823],[18.75743,47.91813],[18.75742,47.91811],[18.75739,47.91789],[18.75736,47.91772],[18.75744,47.91742],[18.75767,47.91681],[18.75786,47.91647],[18.75792,47.91639],[18.75812,47.91598],[18.75874,47.91443],[18.75915,47.91285],[18.75935,47.91125],[18.75933,47.90964],[18.75911,47.90804],[18.75907,47.90786],[18.75903,47.90781],[18.75903,47.90753],[18.75904,47.9075],[18.75883,47.90595],[18.75878,47.90573],[18.75872,47.90558],[18.75869,47.90536],[18.75869,47.90525],[18.75871,47.90519],[18.75868,47.90368],[18.75842,47.90202],[18.75794,47.9004],[18.75723,47.8988],[18.75712,47.89858],[18.75708,47.89856],[18.75703,47.89842],[18.75694,47.89825],[18.75686,47.89806],[18.75681,47.89781],[18.75681,47.89756],[18.75683,47.89739],[18.75685,47.89737],[18.75686,47.89733],[18.75683,47.89706],[18.75683,47.89697],[18.75686,47.89683],[18.757,47.89658],[18.75722,47.89636],[18.75725,47.89636],[18.75742,47.89617],[18.75821,47.89538],[18.75942,47.89391],[18.76042,47.89236],[18.7612,47.89076],[18.76126,47.89062],[18.76125,47.89058],[18.76128,47.8905],[18.76131,47.89048],[18.76132,47.89045],[18.76131,47.89042],[18.76135,47.89039],[18.76136,47.89036],[18.76203,47.88902],[18.76257,47.88751],[18.76263,47.88732],[18.76263,47.88729],[18.76264,47.88728],[18.76264,47.88727],[18.76265,47.88723],[18.76275,47.88692],[18.76273,47.88691],[18.76282,47.8866],[18.76286,47.88633],[18.76297,47.88603],[18.76303,47.88583],[18.76306,47.88567],[18.76311,47.88547],[18.76314,47.88531],[18.76319,47.88514],[18.7632,47.88512],[18.76321,47.88507],[18.76324,47.88497],[18.76325,47.88494],[18.76328,47.88478],[18.76331,47.8847],[18.76335,47.88453],[18.76341,47.88432],[18.76342,47.88426],[18.76368,47.88334],[18.76392,47.88153],[18.76388,47.87971],[18.76363,47.87829],[18.76363,47.87828],[18.76358,47.87814],[18.76356,47.87797],[18.76356,47.87747],[18.7636,47.87733],[18.76361,47.87715],[18.76362,47.87566],[18.76345,47.87417],[18.76325,47.87334],[18.76317,47.87314],[18.76314,47.873],[18.76314,47.87278],[18.76317,47.87265],[18.76318,47.87242],[18.76319,47.87234],[18.76319,47.87208],[18.76333,47.87181],[18.76336,47.87178],[18.76342,47.87169],[18.76353,47.87161],[18.76358,47.87156],[18.76383,47.87142],[18.76414,47.87128],[18.7642,47.87126],[18.76453,47.87109],[18.76507,47.87086],[18.76716,47.86973],[18.76834,47.86894],[18.76872,47.86872],[18.76875,47.86867],[18.76883,47.86864],[18.76892,47.86856],[18.76925,47.8685],[18.76939,47.86847],[18.76945,47.86847],[18.76947,47.86847],[18.76981,47.86841],[18.76986,47.86839],[18.76991,47.8684],[18.77031,47.86837],[18.77279,47.86805],[18.77522,47.86758],[18.77757,47.86697],[18.77982,47.8662],[18.78132,47.86557],[18.78161,47.86545],[18.78161,47.86544],[18.78166,47.86543],[18.78173,47.8654],[18.78186,47.86533],[18.78194,47.86531],[18.782,47.86528],[18.78222,47.86522],[18.78227,47.86523],[18.78235,47.86521],[18.78481,47.86457],[18.78717,47.86378],[18.7894,47.86282],[18.79148,47.86173],[18.79339,47.86051],[18.79511,47.85916],[18.79544,47.85888],[18.79544,47.85886],[18.79556,47.85872],[18.79569,47.85858],[18.79592,47.85842],[18.79603,47.85836],[18.79619,47.85825],[18.79653,47.85814],[18.797,47.85803],[18.7971,47.85802],[18.7974,47.85795],[18.79974,47.85735],[18.79975,47.85736],[18.80001,47.85729],[18.80016,47.85724],[18.80028,47.85721],[18.80053,47.85714],[18.80059,47.85712],[18.80059,47.85711],[18.80241,47.85654],[18.80468,47.85563],[18.80681,47.85458],[18.80878,47.85339],[18.81056,47.85208],[18.81214,47.85065],[18.81351,47.84913],[18.81464,47.84753],[18.81554,47.84586],[18.81618,47.84413],[18.81658,47.84238],[18.81671,47.84061],[18.81658,47.83883],[18.81619,47.83708],[18.81555,47.83536],[18.81466,47.83369],[18.81353,47.83209],[18.81217,47.83057],[18.81059,47.82916],[18.80882,47.82785],[18.80685,47.82667],[18.80473,47.82562],[18.80246,47.82472],[18.80007,47.82398],[18.79758,47.82339],[18.79502,47.82298],[18.79265,47.82276],[18.79231,47.82275],[18.79171,47.8227],[18.79053,47.82259],[18.78983,47.82253],[18.78831,47.82228],[18.78681,47.822],[18.78533,47.82167],[18.78532,47.82166],[18.78314,47.82122],[18.78083,47.82089],[18.78008,47.82081],[18.77922,47.82069],[18.77839,47.82059],[18.77663,47.8204],[18.77587,47.82033],[18.775,47.82025],[18.77372,47.82011],[18.773,47.82003],[18.77228,47.81992],[18.77186,47.81985],[18.77147,47.81978],[18.77111,47.81973],[18.77064,47.81967],[18.77003,47.81956],[18.76964,47.81947],[18.7692,47.81937],[18.76648,47.81879],[18.76613,47.81871],[18.76501,47.81849],[18.76487,47.81846],[18.76435,47.81835],[18.76331,47.81816],[18.7632,47.81814],[18.76218,47.81798],[18.76153,47.81789],[18.76044,47.81772],[18.75964,47.81756],[18.75889,47.81736],[18.75814,47.81714],[18.75813,47.81715],[18.75607,47.81659],[18.7536,47.8161],[18.75317,47.81603],[18.74753,47.81508],[18.7452,47.81467],[18.74513,47.81466],[18.74397,47.81446],[18.74335,47.81435],[18.74278,47.81425],[18.74208,47.81408],[18.74142,47.81389],[18.74081,47.81367],[18.74017,47.81342],[18.73958,47.81314],[18.739,47.81278],[18.7387,47.81257],[18.73857,47.81248],[18.73844,47.81239],[18.73834,47.81233],[18.73803,47.81214],[18.73773,47.81193],[18.73659,47.81114],[18.73639,47.811],[18.73569,47.81047],[18.73506,47.80994],[18.73444,47.80942],[18.73386,47.80883],[18.73333,47.80825],[18.73283,47.80764],[18.73247,47.80711],[18.73214,47.80656],[18.73183,47.806],[18.73161,47.80554],[18.73149,47.80529],[18.73125,47.80481],[18.731,47.80411],[18.73081,47.80344],[18.73053,47.80228],[18.73042,47.80172],[18.73042,47.80117],[18.73042,47.80106],[18.73044,47.80048],[18.73037,47.79867],[18.73003,47.79688],[18.72943,47.79512],[18.72856,47.79342],[18.72745,47.79178],[18.7261,47.79022],[18.72452,47.78876],[18.72273,47.78742],[18.72075,47.78621],[18.71878,47.78522],[18.71846,47.78507],[18.71727,47.7845],[18.71692,47.78433],[18.71658,47.78415],[18.7155,47.78356],[18.71514,47.78336],[18.7148,47.78315],[18.7142,47.78277],[18.71305,47.78208],[18.7127,47.78189],[18.71225,47.78164],[18.71092,47.78083],[18.70961,47.78],[18.70833,47.77914],[18.70824,47.77907],[18.70818,47.77903],[18.70622,47.7778],[18.70408,47.77671],[18.7018,47.77577],[18.69938,47.77499],[18.69686,47.77438],[18.69649,47.7743],[18.69597,47.77419],[18.69472,47.77386],[18.69353,47.77342],[18.69208,47.77283],[18.69061,47.77222],[18.68986,47.77189],[18.68917,47.7715],[18.68876,47.77123],[18.68809,47.77078],[18.6859,47.76947],[18.6835,47.76833],[18.68246,47.7679],[18.68231,47.76783],[18.68219,47.76778],[18.67925,47.76656],[18.67633,47.76533],[18.67572,47.76508],[18.67454,47.76461],[18.67129,47.7634],[18.67048,47.76311],[18.6699,47.76291],[18.66778,47.76226],[18.66748,47.76218],[18.66634,47.76189],[18.66543,47.76168],[18.6644,47.76145],[18.6639,47.76135],[18.66341,47.76125],[18.66236,47.76105],[18.66132,47.76086],[18.66034,47.7607],[18.65926,47.76054],[18.65829,47.76041],[18.65639,47.76018],[18.65311,47.75992],[18.65309,47.75992],[18.65306,47.75992],[18.65158,47.75986],[18.65008,47.75975],[18.64887,47.75961],[18.6459,47.75939],[18.64292,47.75939],[18.6428,47.7594],[18.64231,47.75942],[18.64111,47.75942],[18.63992,47.75939],[18.63872,47.75928],[18.63837,47.75923],[18.63411,47.75868],[18.63126,47.75841],[18.63105,47.7584],[18.63078,47.75839],[18.62839,47.75822],[18.62603,47.75803],[18.62367,47.75775],[18.62306,47.75768],[18.62304,47.75768],[18.62071,47.75747],[18.61836,47.7574],[18.61601,47.75747],[18.61368,47.75768],[18.60941,47.75819],[18.60843,47.75832],[18.60838,47.75833],[18.6059,47.75878],[18.59056,47.76209],[18.59044,47.76211],[18.5886,47.76248],[18.5863,47.76295],[18.58606,47.763],[18.58581,47.76304],[18.58185,47.76374],[18.58161,47.76378],[18.58137,47.76381],[18.57604,47.76461],[18.57347,47.76508],[18.57313,47.76516],[18.57275,47.76525],[18.57192,47.76542],[18.57056,47.76567],[18.56972,47.76581],[18.56886,47.76594],[18.56831,47.76603],[18.56775,47.76608],[18.56717,47.76611],[18.56603,47.76608],[18.56358,47.76597],[18.56266,47.76591],[18.56206,47.76587],[18.56131,47.76583],[18.55989,47.76575],[18.5585,47.76564],[18.55567,47.76536],[18.55428,47.76519],[18.55328,47.76505],[18.55025,47.76475],[18.54718,47.76468],[18.54661,47.76469],[18.5455,47.76469],[18.54449,47.76467],[18.54428,47.76466],[18.54336,47.76465],[18.54258,47.76464],[18.54124,47.76464],[18.54042,47.76464],[18.53908,47.76453],[18.53781,47.76431],[18.53656,47.76403],[18.53536,47.76367],[18.53442,47.76333],[18.53356,47.76292],[18.53272,47.76244],[18.53197,47.76192],[18.53188,47.76184],[18.53002,47.76058],[18.5278,47.75936],[18.52539,47.75831],[18.52286,47.75745],[18.52272,47.75742],[18.52242,47.75732],[18.52083,47.75688],[18.52066,47.75683],[18.52045,47.75678],[18.52028,47.75674],[18.51859,47.75636],[18.5184,47.75632],[18.51826,47.75629],[18.51586,47.75582],[18.51542,47.75574],[18.51465,47.7556],[18.51295,47.75528],[18.51227,47.75517],[18.50581,47.7541],[18.50558,47.75406],[18.50544,47.75404],[18.50414,47.75384],[18.50147,47.75351],[18.49876,47.75337],[18.49604,47.75341],[18.49335,47.75364],[18.4907,47.75405],[18.48813,47.75465],[18.48566,47.75541],[18.48331,47.75634],[18.48112,47.75743],[18.47922,47.75858],[18.47903,47.75872],[18.47836,47.75914],[18.47767,47.75953],[18.47672,47.76],[18.47536,47.76061],[18.47392,47.76119],[18.47244,47.76169],[18.47212,47.76179],[18.47041,47.7623],[18.46925,47.76264],[18.46781,47.76304],[18.4673,47.76319],[18.46586,47.76361],[18.46506,47.76381],[18.46422,47.764],[18.46292,47.76419],[18.46209,47.76431],[18.46205,47.76432],[18.46024,47.76462],[18.46017,47.76463],[18.45939,47.76478],[18.45836,47.76494],[18.457,47.76514],[18.45561,47.76522],[18.45422,47.76519],[18.45297,47.76514],[18.45175,47.765],[18.45053,47.76483],[18.44936,47.76458],[18.44819,47.76431],[18.44706,47.76394],[18.44597,47.76356],[18.44551,47.76335],[18.4427,47.76214],[18.4427,47.76213],[18.44239,47.762],[18.44108,47.76136],[18.44041,47.76099],[18.44027,47.76091],[18.43983,47.76067],[18.43943,47.7604],[18.43901,47.76014],[18.439,47.76015],[18.43754,47.75927],[18.43549,47.75826],[18.4333,47.75738],[18.43099,47.75665],[18.42859,47.75607],[18.42612,47.75565],[18.4236,47.75539],[18.42351,47.75539],[18.42281,47.75536],[18.42203,47.75528],[18.42122,47.75517],[18.42044,47.75503],[18.41984,47.75488],[18.41951,47.75481],[18.41926,47.75475],[18.419,47.75469],[18.41775,47.75442],[18.41609,47.75405],[18.4154,47.7539],[18.41314,47.75345],[18.41258,47.75334],[18.41171,47.75318],[18.41147,47.75313],[18.41036,47.75294],[18.40976,47.75285],[18.40812,47.75263],[18.40776,47.75259],[18.40721,47.75253],[18.40668,47.75247],[18.40632,47.75244],[18.4061,47.75242],[18.40378,47.75226],[18.40339,47.75225],[18.40272,47.75222],[18.40069,47.75214],[18.39869,47.75203],[18.39667,47.75186],[18.39503,47.75167],[18.39308,47.75136],[18.39119,47.75097],[18.38995,47.7507],[18.38982,47.75067],[18.38931,47.75056],[18.3888,47.75041],[18.38851,47.75033],[18.38744,47.75003],[18.38564,47.74947],[18.38527,47.74934],[18.38377,47.7488],[18.38325,47.74861],[18.38126,47.74783],[18.38113,47.74778],[18.37911,47.747],[18.37888,47.7469],[18.37781,47.74645],[18.37527,47.7455],[18.37259,47.74474],[18.3698,47.74418],[18.36587,47.74355],[18.36553,47.7435],[18.35994,47.74258],[18.35778,47.74219],[18.35662,47.74195],[18.35614,47.74185],[18.35567,47.74175],[18.35521,47.74163],[18.35462,47.74147],[18.35382,47.74126],[18.35145,47.74071],[18.35094,47.74061],[18.34951,47.74037],[18.34919,47.74033],[18.34842,47.74019],[18.34767,47.74003],[18.34749,47.73999],[18.34747,47.73998],[18.34501,47.73952],[18.34463,47.73946],[18.34411,47.73939],[18.34306,47.73919],[18.342,47.73897],[18.34132,47.73877],[18.3413,47.73877],[18.34079,47.73864],[18.34054,47.73858],[18.33985,47.73842],[18.33968,47.73839],[18.33956,47.73836],[18.33877,47.7382],[18.33638,47.73774],[18.33534,47.73755],[18.33511,47.73752],[18.33321,47.73725],[18.33306,47.73724],[18.33182,47.73712],[18.33072,47.73703],[18.32925,47.73689],[18.32783,47.73658],[18.32714,47.73637],[18.32677,47.73628],[18.32458,47.73578],[18.32232,47.73541],[18.3203,47.73521],[18.31997,47.73519],[18.31861,47.73506],[18.31747,47.73486],[18.31714,47.73481],[18.31588,47.7346],[18.31529,47.73451],[18.31471,47.73443],[18.31301,47.73422],[18.31177,47.7341],[18.31136,47.73406],[18.31019,47.73389],[18.30906,47.73369],[18.30878,47.73364],[18.30725,47.73333],[18.30513,47.7329],[18.30504,47.73288],[18.3049,47.73285],[18.30146,47.73233],[18.30075,47.73225],[18.30019,47.73219],[18.29823,47.73194],[18.29749,47.73185],[18.29612,47.7317],[18.2956,47.73164],[18.29509,47.73159],[18.29476,47.73156],[18.29222,47.7314],[18.28967,47.7314],[18.28713,47.73156],[18.28539,47.73179],[18.28531,47.73181],[18.28419,47.73194],[18.28346,47.73198],[18.28276,47.73204],[18.2802,47.73235],[18.2777,47.73282],[18.27528,47.73346],[18.27296,47.73425],[18.27156,47.73478],[18.27128,47.73489],[18.27032,47.73524],[18.26941,47.7356],[18.2691,47.73573],[18.26792,47.73624],[18.26717,47.73658],[18.26647,47.73689],[18.2655,47.73728],[18.26447,47.73758],[18.26361,47.73781],[18.26242,47.73803],[18.26174,47.7381],[18.26108,47.7382],[18.26108,47.73821],[18.25885,47.73856],[18.25819,47.73872],[18.25728,47.73886],[18.25694,47.7389],[18.25672,47.73893],[18.25509,47.73918],[18.25503,47.73919],[18.25406,47.73936],[18.25306,47.73944],[18.25206,47.73947],[18.25198,47.73947],[18.25036,47.73951],[18.24815,47.73969],[18.2478,47.73973],[18.24719,47.73981],[18.24525,47.73997],[18.24328,47.74008],[18.24027,47.74023],[18.24026,47.74023],[18.23962,47.74027],[18.2386,47.74034],[18.23795,47.74039],[18.23695,47.74047],[18.23627,47.74053],[18.23365,47.7408],[18.23297,47.74087],[18.23167,47.74103],[18.23103,47.74109],[18.22852,47.74142],[18.22815,47.74149],[18.22764,47.74158],[18.22628,47.74178],[18.22492,47.74186],[18.22365,47.74189],[18.22347,47.74189],[18.22297,47.7419],[18.22141,47.74199],[18.22141,47.74198],[18.22087,47.74201],[18.22033,47.74206],[18.21979,47.74207],[18.21962,47.74207],[18.21847,47.7421],[18.21792,47.74212],[18.2175,47.74214],[18.21583,47.74219],[18.21417,47.74217],[18.21247,47.74208],[18.21201,47.74204],[18.21003,47.74185],[18.20933,47.74178],[18.20865,47.74166],[18.2084,47.74162],[18.20739,47.74144],[18.20544,47.74108],[18.20496,47.74099],[18.20333,47.74068],[18.20133,47.74034],[18.1993,47.74012],[18.19878,47.74008],[18.19877,47.74007],[18.19767,47.74],[18.19762,47.73999],[18.19708,47.73996],[18.19542,47.7399],[18.19532,47.7399],[18.19324,47.73993],[18.18457,47.74026],[18.18191,47.74045],[18.17929,47.74082]]]]},"properties":{"geometry_id":"geom-territoire-cs-zone-sovietique-est-1945-01-01","date_validite":"1945-01-01","statut":"provisoire_carte_georeferencee","sources":[{"source_id":"src-westpoint-russian-balkan-baltic-1944","locator":"carte 31, trait rouge plein « 31 Dec. » et anneau de Budapest","usage":"front de l’Est au 31/12/1944"},{"source_id":"src-openhistoricalmap","locator":"relation 2692764 — Czechoslovakia 1936-1938","usage":"tracé de la frontière"},{"source_id":"src-natural-earth-10m","locator":"ne_10m_land + ne_10m_minor_islands","usage":"trait de côte"}],"method":"carte_georeferencee_puis_intersection","operations":["Tchécoslovaquie ∩ côté soviétique du front du 31/12/1944, hors Ruthénie"],"precision":"voir points_a_verifier","zone_incertitude_km":15,"surface_km2":12468,"logiciel":"Python — Shapely/GEOS, SciPy","script":"outils/geo/deriver_snapshot0_lot04.py","date_creation":"2026-09-29","auteur":"Claude","licence":"CC0 (OpenHistoricalMap) ; Natural Earth : domaine public","licences_segments":[],"points_a_verifier":["Carte West Point 31 géoréférencée (23 points d'appui, plaque mince) : erreur ≈ 9 km en moyenne ; incertitude affichée 15 km.","PROPOSITION de Claude : est de la Slovaquie (et sud annexé par la Hongrie en 1938) déjà derrière le front soviétique."],"reference_temporelle":{"snapshot":"1945-01-01T00:00","observation_source":"1944-12-31","ecart":"le 31/12 (heure non précisée), avant le Snapshot","statut":"derniere_situation_connue_avant_snapshot"}}}