{"type":"Feature","geometry":{"type":"MultiPolygon","coordinates":[[[[31.07171,70.39924],[31.07309,70.39505],[31.08131,70.38768],[31.08627,70.38097],[31.10027,70.37938],[31.11362,70.3791],[31.11899,70.37169],[31.11687,70.36587],[31.08538,70.36538],[31.08106,70.36786],[31.07602,70.37409],[31.07065,70.37551],[31.06609,70.38015],[31.06316,70.38548],[31.0621,70.39008],[31.05738,70.39871],[31.05934,70.40465],[31.06674,70.40445],[31.07171,70.39924]]],[[[30.82195,69.78786],[30.82198,69.78785],[30.822,69.78783],[30.82203,69.78782],[30.82207,69.78779],[30.82213,69.78777],[30.8222,69.78773],[30.82227,69.7877],[30.8224,69.78765],[30.82247,69.78762],[30.82253,69.78759],[30.82261,69.78754],[30.82264,69.78753],[30.82268,69.7875],[30.82272,69.78748],[30.82274,69.78746],[30.82276,69.78745],[30.82277,69.78743],[30.8228,69.7874],[30.82281,69.78738],[30.82283,69.78737],[30.82285,69.78734],[30.82287,69.78731],[30.82289,69.78727],[30.82291,69.78722],[30.82293,69.78716],[30.82295,69.7871],[30.82296,69.78707],[30.82296,69.78706],[30.82298,69.78704],[30.823,69.78702],[30.82301,69.787],[30.82306,69.78697],[30.82312,69.78693],[30.82337,69.78681],[30.82346,69.78676],[30.82354,69.78672],[30.82363,69.78667],[30.82371,69.78662],[30.82715,69.78464],[30.83024,69.78216],[30.83713,69.78041],[30.84068,69.77906],[30.84177,69.77864],[30.84209,69.77852],[30.84227,69.77843],[30.84242,69.77835],[30.8426,69.77827],[30.84277,69.77818],[30.84292,69.77808],[30.84301,69.77801],[30.84307,69.77795],[30.84313,69.77786],[30.84315,69.77781],[30.84315,69.77774],[30.84315,69.77768],[30.84313,69.7776],[30.84308,69.77751],[30.84299,69.77742],[30.84291,69.77735],[30.84279,69.77728],[30.84266,69.77721],[30.84249,69.77714],[30.84237,69.7771],[30.84223,69.77705],[30.84204,69.77699],[30.84173,69.7769],[30.84125,69.77677],[30.84112,69.77673],[30.84093,69.77668],[30.84073,69.77663],[30.84055,69.7766],[30.84045,69.77658],[30.84033,69.77656],[30.8402,69.77654],[30.84005,69.77652],[30.83991,69.77651],[30.83983,69.77649],[30.83977,69.77648],[30.83969,69.77646],[30.83964,69.77642],[30.83961,69.77638],[30.83959,69.77633],[30.83957,69.77627],[30.83956,69.77617],[30.83954,69.77608],[30.83952,69.77595],[30.83949,69.7758],[30.83947,69.77563],[30.83946,69.7756],[30.83945,69.77553],[30.83945,69.77546],[30.83945,69.77537],[30.83945,69.77535],[30.83946,69.7753],[30.83948,69.77519],[30.83951,69.77508],[30.83953,69.77497],[30.83955,69.7749],[30.83957,69.77483],[30.83959,69.77478],[30.83961,69.77474],[30.83963,69.77471],[30.83966,69.77468],[30.8397,69.77465],[30.83975,69.77462],[30.83985,69.77458],[30.83994,69.77453],[30.84003,69.7745],[30.84007,69.77447],[30.84012,69.77444],[30.84015,69.77441],[30.84017,69.77439],[30.84018,69.77435],[30.84019,69.77431],[30.84019,69.77428],[30.84019,69.77425],[30.84018,69.7742],[30.83973,69.77313],[30.83964,69.77289],[30.83963,69.77283],[30.83963,69.77276],[30.83964,69.77271],[30.83967,69.77266],[30.8397,69.77261],[30.83977,69.77256],[30.83986,69.77251],[30.83993,69.77248],[30.84005,69.77244],[30.84018,69.7724],[30.84112,69.77216],[30.84174,69.77203],[30.8422,69.77193],[30.84286,69.77181],[30.84323,69.77175],[30.84365,69.7717],[30.84446,69.77159],[30.84492,69.77153],[30.84529,69.77148],[30.84552,69.77144],[30.84569,69.7714],[30.84595,69.77134],[30.8462,69.77127],[30.84635,69.77123],[30.8465,69.77117],[30.84659,69.77113],[30.84664,69.77109],[30.84667,69.77106],[30.84669,69.77103],[30.84671,69.771],[30.84672,69.77095],[30.84673,69.7709],[30.84672,69.77085],[30.8467,69.7708],[30.84665,69.77075],[30.84658,69.77066],[30.84647,69.77055],[30.84632,69.77039],[30.84622,69.77029],[30.84617,69.77022],[30.84614,69.77016],[30.84612,69.7701],[30.84611,69.77005],[30.84613,69.76997],[30.84618,69.76989],[30.84624,69.76981],[30.84634,69.76968],[30.84642,69.7696],[30.8465,69.76952],[30.84658,69.76945],[30.84665,69.76941],[30.84673,69.76936],[30.8468,69.76933],[30.84687,69.7693],[30.84696,69.76928],[30.84706,69.76927],[30.84717,69.76925],[30.84729,69.76924],[30.84744,69.76923],[30.84759,69.76923],[30.84777,69.76923],[30.848,69.76923],[30.84836,69.76925],[30.84862,69.76927],[30.84891,69.76929],[30.84922,69.76932],[30.84954,69.76936],[30.84985,69.7694],[30.85011,69.76944],[30.8506,69.76953],[30.85101,69.76961],[30.85117,69.76964],[30.8513,69.76966],[30.8515,69.76968],[30.85167,69.76969],[30.8518,69.7697],[30.85194,69.7697],[30.85208,69.7697],[30.85217,69.76969],[30.85225,69.76968],[30.85232,69.76967],[30.85242,69.76965],[30.85251,69.76962],[30.85259,69.76959],[30.85267,69.76955],[30.85275,69.7695],[30.85282,69.76945],[30.85287,69.76939],[30.85292,69.76931],[30.85294,69.76925],[30.85296,69.76919],[30.85297,69.76912],[30.85297,69.76899],[30.85295,69.76883],[30.85292,69.76873],[30.85285,69.76855],[30.85279,69.76843],[30.85273,69.76833],[30.85268,69.76824],[30.85262,69.76817],[30.85255,69.7681],[30.85247,69.76803],[30.85232,69.76789],[30.85218,69.76779],[30.85192,69.76762],[30.85151,69.76734],[30.85125,69.76718],[30.85092,69.76699],[30.85038,69.76669],[30.8503,69.76664],[30.85024,69.76658],[30.85018,69.76653],[30.85014,69.76648],[30.85011,69.76644],[30.85008,69.76638],[30.85007,69.76633],[30.85008,69.76625],[30.85012,69.76619],[30.85018,69.76614],[30.85026,69.76609],[30.85032,69.76606],[30.85041,69.76603],[30.85051,69.76599],[30.85061,69.76596],[30.85074,69.76592],[30.85086,69.76589],[30.85102,69.76586],[30.85128,69.76582],[30.85208,69.76569],[30.8523,69.76565],[30.85246,69.76562],[30.85259,69.76559],[30.85275,69.76556],[30.85282,69.76554],[30.85303,69.76548],[30.85324,69.76542],[30.8534,69.76536],[30.85358,69.76529],[30.85378,69.7652],[30.85396,69.76512],[30.85407,69.76505],[30.8542,69.76495],[30.85428,69.76487],[30.85433,69.76479],[30.85437,69.76472],[30.85439,69.76464],[30.8544,69.76456],[30.8544,69.76447],[30.85439,69.76438],[30.85436,69.76429],[30.85432,69.7642],[30.85429,69.76411],[30.85425,69.76403],[30.8542,69.76397],[30.85416,69.76393],[30.85412,69.76389],[30.85407,69.76384],[30.854,69.76378],[30.85392,69.76373],[30.85384,69.76367],[30.85373,69.76359],[30.85365,69.76354],[30.85355,69.76348],[30.85343,69.76339],[30.85327,69.76329],[30.85312,69.76318],[30.85299,69.76309],[30.85289,69.76304],[30.85281,69.76299],[30.8528,69.76299],[30.85262,69.76289],[30.85225,69.76272],[30.85188,69.76256],[30.85179,69.76252],[30.85158,69.76245],[30.85133,69.76237],[30.85095,69.76227],[30.85059,69.76217],[30.85025,69.76208],[30.8501,69.76204],[30.85002,69.762],[30.84994,69.76195],[30.84989,69.76192],[30.84985,69.76187],[30.84983,69.76184],[30.84982,69.76179],[30.84983,69.76174],[30.84986,69.76169],[30.84992,69.76163],[30.85012,69.76144],[30.85025,69.76134],[30.85036,69.76127],[30.85049,69.76118],[30.85059,69.76113],[30.8507,69.76106],[30.85079,69.76102],[30.85095,69.76095],[30.85108,69.7609],[30.85123,69.76085],[30.85142,69.76079],[30.85161,69.76073],[30.85187,69.76067],[30.85208,69.76063],[30.85226,69.7606],[30.85245,69.76057],[30.85265,69.76054],[30.85287,69.7605],[30.85308,69.76048],[30.85336,69.76045],[30.85351,69.76044],[30.85366,69.76043],[30.85383,69.76042],[30.85399,69.76043],[30.85415,69.76043],[30.85426,69.76045],[30.8544,69.76047],[30.85454,69.76049],[30.8547,69.76054],[30.85482,69.76058],[30.85493,69.76062],[30.85507,69.76068],[30.85522,69.76076],[30.85531,69.76082],[30.85538,69.76087],[30.85542,69.76092],[30.85546,69.76098],[30.85549,69.76105],[30.85551,69.76112],[30.85552,69.76118],[30.85552,69.76125],[30.8555,69.76131],[30.85547,69.76139],[30.85543,69.76148],[30.85536,69.7616],[30.85524,69.7618],[30.85504,69.7621],[30.85501,69.76217],[30.85499,69.76223],[30.85499,69.76231],[30.85499,69.76237],[30.85502,69.76249],[30.85507,69.7626],[30.8551,69.76268],[30.85514,69.76273],[30.85519,69.7628],[30.85525,69.76286],[30.85533,69.76292],[30.85544,69.763],[30.85553,69.76304],[30.85567,69.76312],[30.85581,69.7632],[30.85595,69.76325],[30.85607,69.7633],[30.8562,69.76334],[30.85635,69.76339],[30.85646,69.76342],[30.85658,69.76344],[30.85669,69.76346],[30.85682,69.76348],[30.85694,69.76349],[30.85716,69.76351],[30.85731,69.76351],[30.85749,69.76351],[30.85765,69.76351],[30.85785,69.7635],[30.85802,69.7635],[30.85835,69.76347],[30.8586,69.76345],[30.85881,69.76343],[30.85913,69.7634],[30.85935,69.76337],[30.85956,69.76334],[30.85977,69.76331],[30.85995,69.76328],[30.86008,69.76326],[30.86021,69.76323],[30.86032,69.76321],[30.86042,69.76318],[30.86052,69.76316],[30.86063,69.76312],[30.86071,69.7631],[30.8608,69.76306],[30.86088,69.76303],[30.86096,69.76299],[30.86104,69.76294],[30.86114,69.76288],[30.86121,69.76282],[30.86132,69.76273],[30.86139,69.76266],[30.86145,69.7626],[30.86149,69.76254],[30.86152,69.76248],[30.86158,69.76239],[30.86162,69.76229],[30.86169,69.76213],[30.86174,69.762],[30.8618,69.76188],[30.8619,69.76174],[30.86205,69.76154],[30.86226,69.76132],[30.86254,69.76105],[30.86277,69.76084],[30.86294,69.76071],[30.86314,69.76057],[30.86336,69.76043],[30.86358,69.76029],[30.86408,69.76002],[30.86463,69.75975],[30.86495,69.75961],[30.86518,69.75951],[30.86531,69.75947],[30.86548,69.75942],[30.86567,69.75936],[30.86588,69.7593],[30.86635,69.75918],[30.86654,69.75912],[30.86668,69.75907],[30.86677,69.75903],[30.86686,69.75898],[30.86694,69.75893],[30.86704,69.75886],[30.86713,69.7588],[30.86725,69.7587],[30.86731,69.75864],[30.86736,69.75858],[30.86739,69.75853],[30.86742,69.75846],[30.86743,69.75836],[30.8674,69.75826],[30.86737,69.75821],[30.86732,69.75815],[30.86719,69.75804],[30.86699,69.75791],[30.86685,69.75784],[30.86671,69.75779],[30.86658,69.75774],[30.86645,69.75769],[30.86624,69.75763],[30.86362,69.75701],[30.86341,69.75695],[30.86324,69.75689],[30.86305,69.75681],[30.86285,69.75671],[30.86269,69.75661],[30.86257,69.75651],[30.86241,69.75634],[30.86227,69.75613],[30.86216,69.75593],[30.86205,69.75573],[30.86194,69.75551],[30.86185,69.75536],[30.86176,69.7552],[30.8617,69.75508],[30.86164,69.75497],[30.8616,69.75491],[30.86149,69.75475],[30.86142,69.75464],[30.86132,69.75449],[30.86125,69.75432],[30.86124,69.7543],[30.86124,69.75428],[30.86123,69.75426],[30.86123,69.75424],[30.86122,69.7542],[30.86122,69.7542],[30.8612,69.75414],[30.8612,69.75409],[30.86116,69.75391],[30.86112,69.75377],[30.86107,69.75359],[30.86105,69.75352],[30.86105,69.75344],[30.86106,69.75333],[30.86107,69.75326],[30.8611,69.75317],[30.86114,69.7531],[30.8612,69.75302],[30.86126,69.75294],[30.86133,69.75288],[30.86139,69.75283],[30.86145,69.75279],[30.86155,69.75274],[30.86167,69.7527],[30.8618,69.75266],[30.86208,69.7526],[30.86231,69.75254],[30.8627,69.75249],[30.86302,69.75246],[30.86335,69.75245],[30.86386,69.75244],[30.86442,69.75245],[30.86507,69.75248],[30.86571,69.75252],[30.86593,69.75254],[30.86616,69.75257],[30.86638,69.75262],[30.8665,69.75265],[30.86666,69.7527],[30.86689,69.75279],[30.86716,69.75293],[30.86737,69.75308],[30.86759,69.75326],[30.86768,69.7534],[30.86771,69.75351],[30.86769,69.7536],[30.86767,69.75366],[30.86749,69.75395],[30.86734,69.75427],[30.86726,69.75446],[30.86719,69.75456],[30.86708,69.75466],[30.86694,69.75476],[30.86678,69.7549],[30.86667,69.755],[30.86658,69.7551],[30.86646,69.75525],[30.86639,69.75539],[30.86635,69.7555],[30.86634,69.75558],[30.86636,69.75568],[30.86642,69.75579],[30.86649,69.75589],[30.86664,69.75602],[30.86682,69.75613],[30.86701,69.75623],[30.86719,69.75629],[30.86735,69.75634],[30.86753,69.75637],[30.86771,69.7564],[30.86794,69.75642],[30.86826,69.75643],[30.86864,69.75644],[30.86917,69.75645],[30.86967,69.75643],[30.87006,69.75642],[30.87039,69.75639],[30.87066,69.75636],[30.87093,69.75631],[30.87131,69.75623],[30.8716,69.75615],[30.87189,69.75604],[30.87223,69.75588],[30.8724,69.75577],[30.8725,69.75567],[30.87256,69.75559],[30.87258,69.75546],[30.87258,69.75535],[30.87253,69.75524],[30.87247,69.75513],[30.87237,69.75504],[30.87217,69.75494],[30.87201,69.75486],[30.87171,69.75475],[30.87157,69.75469],[30.87106,69.75455],[30.87056,69.75439],[30.87044,69.75435],[30.87031,69.7543],[30.8702,69.75424],[30.87013,69.7542],[30.87003,69.75414],[30.86995,69.75409],[30.86987,69.75402],[30.8698,69.75396],[30.86975,69.7539],[30.86972,69.75385],[30.86969,69.75378],[30.86966,69.7537],[30.86964,69.75363],[30.86963,69.75356],[30.86963,69.7535],[30.86964,69.75344],[30.86965,69.75338],[30.86968,69.75332],[30.86971,69.75326],[30.86976,69.75319],[30.86982,69.75312],[30.86988,69.75305],[30.86993,69.753],[30.86998,69.75296],[30.87004,69.75292],[30.87014,69.75286],[30.87022,69.75282],[30.87034,69.75276],[30.87047,69.7527],[30.87061,69.75264],[30.87077,69.75257],[30.87098,69.7525],[30.87132,69.75239],[30.87153,69.75233],[30.87167,69.75229],[30.87175,69.75227],[30.87185,69.75225],[30.87195,69.75223],[30.87207,69.75221],[30.87218,69.7522],[30.87229,69.75219],[30.8724,69.75218],[30.87251,69.75218],[30.8726,69.75218],[30.87268,69.75218],[30.87285,69.75219],[30.87312,69.7522],[30.87331,69.7522],[30.87346,69.7522],[30.87359,69.7522],[30.87372,69.75219],[30.8739,69.75219],[30.87402,69.75219],[30.87414,69.75218],[30.87424,69.75217],[30.8743,69.75216],[30.87436,69.75215],[30.87443,69.75214],[30.8745,69.75212],[30.87459,69.75209],[30.87469,69.75205],[30.87479,69.75201],[30.87491,69.75196],[30.87508,69.75189],[30.87519,69.75184],[30.87531,69.7518],[30.87545,69.75175],[30.87562,69.7517],[30.8758,69.75163],[30.87607,69.75154],[30.87647,69.75139],[30.87658,69.75135],[30.87668,69.75131],[30.87674,69.75128],[30.87677,69.75126],[30.87678,69.75125],[30.87681,69.75122],[30.87683,69.75119],[30.87684,69.75115],[30.87684,69.75112],[30.87685,69.75107],[30.87685,69.75103],[30.87686,69.75099],[30.87688,69.75096],[30.8769,69.75093],[30.87693,69.75091],[30.87696,69.75089],[30.87699,69.75088],[30.87703,69.75086],[30.87707,69.75085],[30.87714,69.75082],[30.8772,69.75079],[30.87724,69.75077],[30.87728,69.75074],[30.87732,69.75071],[30.87734,69.75068],[30.87736,69.75065],[30.87738,69.7506],[30.87738,69.75057],[30.87739,69.75053],[30.87739,69.75049],[30.87738,69.75043],[30.87736,69.75039],[30.87734,69.75034],[30.87731,69.75029],[30.87728,69.75025],[30.87725,69.75021],[30.8772,69.75017],[30.87716,69.75014],[30.87712,69.75011],[30.87705,69.75007],[30.87696,69.75004],[30.87686,69.75001],[30.87672,69.74998],[30.87657,69.74996],[30.8764,69.74995],[30.87624,69.74995],[30.8761,69.74995],[30.87594,69.74997],[30.87577,69.74998],[30.8757,69.74999],[30.87551,69.75003],[30.87536,69.75006],[30.87523,69.75009],[30.87508,69.75013],[30.87491,69.75018],[30.87477,69.75022],[30.87464,69.75029],[30.87454,69.75034],[30.87443,69.7504],[30.87433,69.75046],[30.8741,69.75062],[30.87389,69.75078],[30.87372,69.75092],[30.87354,69.75108],[30.87346,69.75117],[30.87336,69.75129],[30.87331,69.75135],[30.87328,69.75137],[30.87324,69.75141],[30.87318,69.75144],[30.87311,69.75149],[30.87303,69.75153],[30.87296,69.75156],[30.87288,69.75159],[30.8728,69.75161],[30.87269,69.75164],[30.87257,69.75166],[30.87245,69.75168],[30.87229,69.75171],[30.87212,69.75174],[30.87189,69.75177],[30.87166,69.75179],[30.87141,69.75181],[30.87121,69.75183],[30.87096,69.75184],[30.87076,69.75184],[30.87046,69.75184],[30.87017,69.75184],[30.86996,69.75183],[30.86976,69.75181],[30.8696,69.7518],[30.86947,69.75178],[30.86932,69.75175],[30.86918,69.75172],[30.86902,69.75169],[30.86889,69.75166],[30.86877,69.75163],[30.86867,69.7516],[30.86854,69.75157],[30.86842,69.75153],[30.86829,69.75149],[30.8682,69.75146],[30.86814,69.75143],[30.86809,69.7514],[30.86804,69.75136],[30.868,69.75133],[30.86796,69.75129],[30.86792,69.75125],[30.86791,69.7512],[30.86789,69.75116],[30.86789,69.75112],[30.8679,69.75109],[30.86792,69.75105],[30.86795,69.75101],[30.868,69.75098],[30.86805,69.75095],[30.86812,69.75091],[30.86819,69.75088],[30.86827,69.75085],[30.86836,69.75082],[30.86851,69.75077],[30.86863,69.75072],[30.86877,69.75067],[30.86891,69.7506],[30.86906,69.75051],[30.8693,69.75037],[30.86955,69.75024],[30.86971,69.75017],[30.86986,69.7501],[30.86998,69.75004],[30.87004,69.75],[30.87009,69.74996],[30.87017,69.74989],[30.87023,69.74983],[30.87035,69.74971],[30.87041,69.74966],[30.87049,69.74959],[30.87057,69.74953],[30.87063,69.74948],[30.8707,69.74941],[30.87076,69.74935],[30.87082,69.74927],[30.8709,69.74915],[30.87101,69.74895],[30.87106,69.74888],[30.87111,69.74881],[30.87124,69.74869],[30.87131,69.74861],[30.87138,69.74853],[30.87143,69.74848],[30.87144,69.74847],[30.87149,69.74837],[30.87154,69.74825],[30.87156,69.74817],[30.87157,69.7481],[30.87156,69.74804],[30.87156,69.74799],[30.87153,69.74789],[30.87151,69.74779],[30.87149,69.74775],[30.87148,69.74772],[30.87145,69.74768],[30.87142,69.74764],[30.87134,69.74757],[30.87126,69.7475],[30.87118,69.74744],[30.87108,69.74738],[30.87093,69.7473],[30.8708,69.74724],[30.87064,69.74716],[30.87019,69.74697],[30.87005,69.7469],[30.86995,69.74685],[30.86988,69.74681],[30.86982,69.74676],[30.86978,69.74673],[30.86975,69.74669],[30.86973,69.74666],[30.86971,69.74662],[30.86971,69.74659],[30.86972,69.74656],[30.86973,69.74654],[30.86975,69.74651],[30.86979,69.74649],[30.86983,69.74646],[30.86988,69.74643],[30.86996,69.7464],[30.87005,69.74637],[30.87015,69.74634],[30.87025,69.74631],[30.87043,69.74625],[30.87061,69.7462],[30.87074,69.74617],[30.87089,69.74614],[30.87106,69.7461],[30.87122,69.74607],[30.87133,69.74604],[30.87146,69.74601],[30.87157,69.74599],[30.87166,69.74596],[30.87187,69.7459],[30.87214,69.7458],[30.87233,69.74573],[30.87239,69.74571],[30.87242,69.74569],[30.87243,69.74568],[30.87248,69.74566],[30.87251,69.74564],[30.87253,69.74561],[30.87254,69.74558],[30.87254,69.74553],[30.87253,69.74549],[30.87253,69.74544],[30.87253,69.74538],[30.87256,69.74533],[30.87258,69.74527],[30.87262,69.74522],[30.87267,69.74518],[30.87274,69.74512],[30.87296,69.74496],[30.87306,69.74488],[30.87314,69.74481],[30.87321,69.74474],[30.87327,69.74467],[30.8733,69.74461],[30.87333,69.74456],[30.87336,69.7445],[30.87342,69.74438],[30.87346,69.7443],[30.8735,69.74421],[30.87354,69.74402],[30.87358,69.74375],[30.87358,69.74365],[30.87356,69.74358],[30.87353,69.74349],[30.87347,69.74339],[30.87341,69.74328],[30.87337,69.74321],[30.87328,69.74309],[30.87315,69.74295],[30.87303,69.74282],[30.87293,69.74271],[30.87284,69.7426],[30.87277,69.74253],[30.87272,69.74248],[30.87264,69.74242],[30.87257,69.74237],[30.87252,69.74233],[30.87248,69.74229],[30.87244,69.74224],[30.87241,69.74219],[30.8724,69.74215],[30.87239,69.74209],[30.87239,69.74204],[30.8724,69.742],[30.87241,69.74196],[30.87244,69.74191],[30.87248,69.74184],[30.87253,69.74177],[30.87257,69.74173],[30.87263,69.74167],[30.87269,69.74163],[30.87278,69.74158],[30.87283,69.74154],[30.87289,69.74151],[30.87296,69.74148],[30.87303,69.74145],[30.87308,69.74143],[30.87313,69.74142],[30.87321,69.74139],[30.87328,69.74138],[30.87336,69.74136],[30.87344,69.74136],[30.87351,69.74135],[30.87357,69.74135],[30.87362,69.74135],[30.87366,69.74136],[30.87372,69.74136],[30.87377,69.74137],[30.87384,69.74138],[30.87391,69.7414],[30.874,69.74143],[30.87409,69.74145],[30.87417,69.74148],[30.87433,69.74155],[30.87449,69.74161],[30.87462,69.74167],[30.87477,69.74175],[30.87485,69.7418],[30.87494,69.74184],[30.87509,69.74191],[30.87515,69.74194],[30.87521,69.74196],[30.87531,69.74199],[30.87543,69.74202],[30.87553,69.74205],[30.87559,69.74206],[30.87565,69.74207],[30.87571,69.74208],[30.87579,69.74208],[30.87587,69.74209],[30.87596,69.74209],[30.87605,69.74209],[30.87614,69.74208],[30.87624,69.74208],[30.87635,69.74206],[30.87645,69.74205],[30.87656,69.74204],[30.87665,69.74202],[30.87676,69.742],[30.87692,69.74197],[30.87721,69.74189],[30.87739,69.74185],[30.87752,69.74182],[30.87766,69.74178],[30.87779,69.74174],[30.87827,69.7416],[30.87865,69.74147],[30.87913,69.74132],[30.87924,69.74127],[30.87925,69.74127],[30.87937,69.74121],[30.87945,69.74116],[30.87953,69.74112],[30.8796,69.74107],[30.87967,69.74101],[30.87971,69.74098],[30.87974,69.74094],[30.87977,69.74087],[30.87979,69.74083],[30.87979,69.74077],[30.87979,69.74071],[30.87976,69.74064],[30.87973,69.7406],[30.87968,69.74056],[30.87965,69.74052],[30.87959,69.74049],[30.87952,69.74045],[30.87943,69.7404],[30.87936,69.74036],[30.87929,69.74032],[30.87922,69.74027],[30.87916,69.74023],[30.87913,69.7402],[30.87909,69.74017],[30.87907,69.74014],[30.87906,69.74011],[30.87904,69.74005],[30.879,69.73995],[30.87896,69.73984],[30.87892,69.73974],[30.87891,69.73973],[30.87887,69.73965],[30.87883,69.73953],[30.8788,69.73944],[30.87878,69.73933],[30.87873,69.73916],[30.87865,69.73898],[30.87861,69.73888],[30.87856,69.73874],[30.87854,69.73867],[30.87853,69.73861],[30.87852,69.73855],[30.87852,69.73847],[30.87853,69.73844],[30.87853,69.73841],[30.87854,69.73837],[30.87854,69.73835],[30.87855,69.73833],[30.87855,69.73833],[30.87856,69.73831],[30.87858,69.73828],[30.87861,69.73825],[30.87865,69.73821],[30.87868,69.73818],[30.87869,69.73816],[30.87871,69.73813],[30.87876,69.73804],[30.87879,69.73799],[30.87882,69.73796],[30.87886,69.73792],[30.87891,69.73789],[30.87897,69.73786],[30.87906,69.73783],[30.87915,69.7378],[30.8793,69.73777],[30.87945,69.73774],[30.87955,69.73772],[30.87964,69.73771],[30.87975,69.7377],[30.87986,69.7377],[30.88001,69.73769],[30.88017,69.73769],[30.88039,69.73769],[30.88071,69.7377],[30.8809,69.73771],[30.8811,69.73773],[30.8812,69.73775],[30.88129,69.73777],[30.88136,69.73779],[30.88144,69.73783],[30.88151,69.73788],[30.88159,69.73792],[30.8817,69.73797],[30.88193,69.73804],[30.8825,69.73826],[30.88312,69.73852],[30.88324,69.73858],[30.88336,69.73865],[30.88345,69.73871],[30.88359,69.73879],[30.88389,69.73895],[30.88396,69.73899],[30.88402,69.73903],[30.8841,69.73907],[30.88421,69.73912],[30.88434,69.73917],[30.88446,69.73921],[30.88464,69.73925],[30.88474,69.73927],[30.88483,69.73929],[30.88489,69.73931],[30.88494,69.73933],[30.88499,69.73934],[30.88506,69.73937],[30.88515,69.73941],[30.88522,69.73943],[30.88529,69.73945],[30.88537,69.73947],[30.88546,69.73949],[30.88556,69.7395],[30.88569,69.73951],[30.88579,69.73951],[30.88593,69.73952],[30.88605,69.73952],[30.88621,69.73951],[30.88635,69.73951],[30.88643,69.7395],[30.88649,69.73949],[30.88654,69.73948],[30.88657,69.73946],[30.88661,69.73945],[30.8867,69.73941],[30.88707,69.73926],[30.88728,69.73916],[30.88751,69.73904],[30.88754,69.73902],[30.88757,69.73901],[30.88759,69.73899],[30.8876,69.73897],[30.88761,69.73895],[30.88762,69.73894],[30.88763,69.73892],[30.88764,69.73889],[30.88765,69.73881],[30.88766,69.73877],[30.88766,69.73875],[30.88766,69.73872],[30.88765,69.7387],[30.88764,69.73866],[30.88764,69.73863],[30.88765,69.7386],[30.88767,69.73857],[30.8877,69.73854],[30.88775,69.73851],[30.8878,69.73849],[30.88787,69.73846],[30.88811,69.73835],[30.8884,69.73823],[30.88872,69.73809],[30.88911,69.73795],[30.88928,69.73788],[30.8894,69.73782],[30.88953,69.73776],[30.88968,69.73769],[30.88983,69.73762],[30.88995,69.73757],[30.89007,69.73752],[30.89025,69.73744],[30.89025,69.73744],[30.89047,69.73735],[30.89052,69.73733],[30.89057,69.73729],[30.8906,69.73727],[30.89061,69.73724],[30.89062,69.73721],[30.89061,69.73718],[30.89061,69.73715],[30.89059,69.73712],[30.89058,69.73709],[30.89055,69.73706],[30.89051,69.73702],[30.89047,69.73698],[30.89041,69.73692],[30.89007,69.73669],[30.88979,69.7365],[30.88946,69.73631],[30.88916,69.73616],[30.88879,69.73599],[30.88864,69.73593],[30.88849,69.73585],[30.88837,69.73577],[30.8883,69.73571],[30.88827,69.73564],[30.88827,69.73563],[30.88827,69.73554],[30.88831,69.73549],[30.88837,69.73547],[30.88848,69.73545],[30.88861,69.73543],[30.88898,69.73542],[30.88931,69.73541],[30.88966,69.73539],[30.88989,69.73538],[30.89012,69.73537],[30.89025,69.73535],[30.89037,69.73533],[30.89048,69.7353],[30.89057,69.73526],[30.89059,69.73525],[30.89065,69.7352],[30.89077,69.73508],[30.89086,69.73498],[30.89098,69.73486],[30.8911,69.73472],[30.89125,69.73451],[30.89135,69.73431],[30.89146,69.73412],[30.89163,69.73394],[30.89179,69.73378],[30.89184,69.73372],[30.89184,69.73372],[30.89182,69.73364],[30.89176,69.73351],[30.89166,69.73327],[30.89162,69.73319],[30.89158,69.73311],[30.89147,69.73301],[30.89139,69.73294],[30.89129,69.73287],[30.89115,69.7328],[30.89107,69.73274],[30.89096,69.73267],[30.8909,69.73263],[30.89086,69.73258],[30.89079,69.73252],[30.89074,69.73245],[30.89071,69.73238],[30.89069,69.73229],[30.89068,69.73225],[30.89067,69.73219],[30.89065,69.73211],[30.89062,69.73206],[30.89058,69.73201],[30.89056,69.73197],[30.89054,69.73194],[30.89047,69.73189],[30.89036,69.73182],[30.8902,69.73173],[30.89005,69.73166],[30.88991,69.7316],[30.88973,69.73155],[30.88955,69.7315],[30.88935,69.73148],[30.88917,69.73146],[30.88896,69.73143],[30.8887,69.73142],[30.88844,69.73141],[30.88809,69.7314],[30.8877,69.7314],[30.88705,69.73142],[30.88673,69.73142],[30.88645,69.73141],[30.88595,69.73138],[30.88558,69.73135],[30.88537,69.73131],[30.88525,69.73127],[30.88517,69.73122],[30.88513,69.73115],[30.88511,69.73111],[30.88511,69.73105],[30.88513,69.73099],[30.88516,69.7309],[30.88527,69.73075],[30.8854,69.7306],[30.88554,69.73049],[30.88559,69.73044],[30.88568,69.73038],[30.88579,69.73034],[30.88586,69.73032],[30.88593,69.73029],[30.886,69.73028],[30.88612,69.73025],[30.88627,69.73023],[30.88658,69.73018],[30.88663,69.73017],[30.88694,69.73011],[30.8872,69.73006],[30.88742,69.73002],[30.8877,69.72998],[30.88806,69.72993],[30.88866,69.72985],[30.889,69.72981],[30.88919,69.72979],[30.88941,69.72977],[30.88965,69.72976],[30.88987,69.72975],[30.89011,69.72974],[30.89033,69.72974],[30.89042,69.72975],[30.8906,69.72976],[30.89079,69.72976],[30.89082,69.72976],[30.89105,69.72976],[30.89113,69.72976],[30.89121,69.72976],[30.89128,69.72975],[30.89134,69.72974],[30.89142,69.72974],[30.89149,69.72973],[30.89156,69.72972],[30.89163,69.72971],[30.89168,69.7297],[30.89173,69.72969],[30.89181,69.72967],[30.8919,69.72964],[30.89205,69.7296],[30.89229,69.72954],[30.89247,69.72949],[30.8927,69.72943],[30.89298,69.72936],[30.89309,69.72933],[30.89318,69.7293],[30.89324,69.72926],[30.8933,69.72923],[30.89333,69.72921],[30.89336,69.72918],[30.89337,69.72915],[30.89337,69.72913],[30.89337,69.7291],[30.89336,69.72906],[30.89334,69.72903],[30.89331,69.72899],[30.89327,69.72896],[30.89323,69.72893],[30.8932,69.7289],[30.89314,69.72887],[30.89311,69.72885],[30.89308,69.72883],[30.89304,69.72882],[30.893,69.7288],[30.89292,69.72877],[30.89282,69.72874],[30.89267,69.72869],[30.89248,69.72863],[30.89233,69.72858],[30.89222,69.72854],[30.89214,69.72851],[30.89205,69.72849],[30.89197,69.72846],[30.8919,69.72844],[30.89182,69.72842],[30.89171,69.72841],[30.89155,69.72839],[30.89138,69.72837],[30.89126,69.72835],[30.89113,69.72834],[30.89104,69.72832],[30.89098,69.72831],[30.89092,69.72829],[30.89089,69.72827],[30.89085,69.72825],[30.89083,69.72821],[30.89081,69.72818],[30.8908,69.72815],[30.89079,69.72811],[30.89078,69.72806],[30.89079,69.72798],[30.8908,69.72789],[30.8908,69.72785],[30.8908,69.72781],[30.8908,69.72778],[30.89079,69.72776],[30.89078,69.72773],[30.89076,69.7277],[30.89072,69.72766],[30.89068,69.72763],[30.89064,69.7276],[30.89058,69.72757],[30.8905,69.72753],[30.89044,69.7275],[30.89038,69.72747],[30.89028,69.72743],[30.89019,69.72739],[30.89,69.72732],[30.88986,69.72728],[30.88971,69.72723],[30.88963,69.7272],[30.88954,69.72716],[30.88946,69.72712],[30.88939,69.72708],[30.88933,69.72702],[30.88928,69.72697],[30.88924,69.72691],[30.88919,69.72684],[30.88906,69.72665],[30.88895,69.72646],[30.88888,69.72633],[30.88879,69.72623],[30.88872,69.72617],[30.88862,69.7261],[30.88844,69.72598],[30.88828,69.72584],[30.88814,69.72567],[30.88797,69.72543],[30.88785,69.72526],[30.8878,69.72516],[30.88778,69.72513],[30.88776,69.72506],[30.88773,69.72496],[30.88769,69.72481],[30.88766,69.72472],[30.88765,69.72463],[30.88764,69.72457],[30.88764,69.72453],[30.88764,69.72451],[30.88764,69.72451],[30.88764,69.72447],[30.88766,69.72442],[30.88769,69.72434],[30.88774,69.72426],[30.88787,69.72407],[30.88794,69.72397],[30.88802,69.72386],[30.88807,69.72378],[30.88816,69.72368],[30.88819,69.72365],[30.88828,69.72355],[30.8884,69.72345],[30.88849,69.72337],[30.88858,69.72332],[30.88876,69.72321],[30.88896,69.7231],[30.88921,69.72297],[30.88934,69.72289],[30.88961,69.7227],[30.88971,69.72263],[30.8898,69.72256],[30.88988,69.72249],[30.88992,69.72245],[30.88997,69.72238],[30.89003,69.72226],[30.89004,69.72222],[30.89008,69.72216],[30.89011,69.7221],[30.89016,69.72204],[30.89024,69.72196],[30.89024,69.72196],[30.89035,69.72183],[30.89041,69.72173],[30.89042,69.72168],[30.89043,69.72161],[30.89043,69.72158],[30.89039,69.72155],[30.89036,69.72153],[30.89031,69.72151],[30.89024,69.7215],[30.89017,69.72149],[30.89011,69.72148],[30.89001,69.72148],[30.88986,69.72147],[30.88963,69.72147],[30.88954,69.72147],[30.88948,69.72146],[30.88946,69.72145],[30.88944,69.72145],[30.88939,69.72143],[30.88933,69.72141],[30.88928,69.72138],[30.88921,69.72134],[30.88919,69.72131],[30.88919,69.72129],[30.88919,69.72125],[30.88921,69.72122],[30.88925,69.72119],[30.88929,69.72115],[30.88933,69.72113],[30.8894,69.72109],[30.88947,69.72106],[30.88954,69.72103],[30.8896,69.721],[30.8897,69.72096],[30.8899,69.72089],[30.89013,69.72081],[30.89028,69.72076],[30.89041,69.72072],[30.89048,69.7207],[30.89053,69.72068],[30.89058,69.72066],[30.89062,69.72064],[30.89065,69.72062],[30.89067,69.7206],[30.8907,69.72058],[30.89073,69.72055],[30.89081,69.72047],[30.89087,69.72038],[30.89089,69.72034],[30.89092,69.72031],[30.89093,69.72028],[30.89094,69.72025],[30.89093,69.72021],[30.89092,69.72018],[30.89091,69.72015],[30.8909,69.72012],[30.89084,69.72003],[30.89077,69.71994],[30.89068,69.71982],[30.89063,69.71978],[30.8906,69.71974],[30.89055,69.7197],[30.89051,69.71967],[30.89044,69.71964],[30.89038,69.71961],[30.89031,69.71958],[30.89019,69.71955],[30.89006,69.71951],[30.88989,69.71947],[30.88955,69.71938],[30.88932,69.71933],[30.88919,69.7193],[30.88907,69.71929],[30.88894,69.71928],[30.88888,69.71928],[30.88879,69.71928],[30.8886,69.71931],[30.88849,69.71932],[30.88844,69.71934],[30.88833,69.71936],[30.8882,69.71938],[30.88803,69.71939],[30.88792,69.71939],[30.88781,69.71939],[30.8877,69.71938],[30.88761,69.71937],[30.88752,69.71937],[30.8874,69.71935],[30.88728,69.71933],[30.88711,69.7193],[30.88702,69.71928],[30.88691,69.71926],[30.88681,69.71924],[30.88671,69.71921],[30.8866,69.71918],[30.88652,69.71915],[30.88644,69.71912],[30.88635,69.71908],[30.8863,69.71905],[30.88624,69.71902],[30.88619,69.71898],[30.88611,69.71893],[30.886,69.71886],[30.88583,69.71876],[30.88562,69.71866],[30.88542,69.71857],[30.88535,69.71853],[30.88525,69.71848],[30.88519,69.71845],[30.88512,69.71841],[30.88508,69.71838],[30.88504,69.71834],[30.88502,69.71831],[30.885,69.71827],[30.885,69.71825],[30.885,69.71824],[30.885,69.71823],[30.88501,69.71822],[30.88502,69.7182],[30.88504,69.71819],[30.88506,69.71817],[30.88508,69.71815],[30.88511,69.71812],[30.88511,69.7181],[30.88511,69.71809],[30.88511,69.71808],[30.8851,69.71806],[30.88509,69.71805],[30.88506,69.71803],[30.885,69.718],[30.88489,69.71793],[30.88472,69.71782],[30.88463,69.71777],[30.88452,69.71772],[30.88438,69.71766],[30.88421,69.71761],[30.88407,69.71756],[30.88395,69.71753],[30.88378,69.7175],[30.88368,69.71749],[30.88354,69.71748],[30.88343,69.71747],[30.88332,69.71747],[30.88322,69.71748],[30.88313,69.71749],[30.88302,69.71751],[30.88292,69.71753],[30.88278,69.71757],[30.88262,69.71763],[30.8825,69.71768],[30.88242,69.71773],[30.88235,69.71779],[30.8823,69.71783],[30.88225,69.71787],[30.8822,69.7179],[30.88217,69.71792],[30.88215,69.71793],[30.88213,69.71793],[30.88207,69.71795],[30.882,69.71798],[30.88182,69.71803],[30.88162,69.71809],[30.88133,69.71819],[30.88124,69.71822],[30.88097,69.7183],[30.88081,69.71835],[30.88069,69.71837],[30.88053,69.71841],[30.88036,69.71845],[30.87968,69.71856],[30.87935,69.71862],[30.8791,69.71866],[30.87892,69.71869],[30.87874,69.71871],[30.87864,69.71872],[30.87855,69.71873],[30.87839,69.71874],[30.87827,69.71874],[30.87815,69.71873],[30.87802,69.71872],[30.87792,69.71871],[30.87782,69.71869],[30.87775,69.71867],[30.8777,69.71865],[30.87766,69.71863],[30.87764,69.7186],[30.87764,69.71857],[30.87765,69.71851],[30.8777,69.71839],[30.87774,69.71832],[30.87777,69.71827],[30.87781,69.71824],[30.87787,69.7182],[30.87796,69.71816],[30.87802,69.71813],[30.87807,69.71808],[30.87809,69.71805],[30.8781,69.71802],[30.87811,69.71799],[30.8781,69.71789],[30.87809,69.71785],[30.87808,69.7178],[30.87804,69.71767],[30.87803,69.71762],[30.87801,69.7176],[30.87799,69.71756],[30.87798,69.71754],[30.87794,69.7175],[30.87788,69.71744],[30.87785,69.71742],[30.87779,69.71739],[30.87775,69.71737],[30.87768,69.71734],[30.87754,69.71728],[30.87744,69.71724],[30.87736,69.71722],[30.87688,69.71706],[30.8768,69.71704],[30.87671,69.71702],[30.87662,69.71699],[30.87648,69.71696],[30.8763,69.71693],[30.87617,69.71689],[30.87611,69.71688],[30.87598,69.71684],[30.87581,69.71678],[30.87558,69.71671],[30.87541,69.71666],[30.87529,69.71663],[30.87502,69.71656],[30.87478,69.7165],[30.87461,69.71645],[30.87446,69.7164],[30.87435,69.71635],[30.8742,69.71628],[30.87411,69.71623],[30.87402,69.71617],[30.87395,69.71609],[30.87385,69.71597],[30.87379,69.71589],[30.87374,69.71583],[30.87369,69.71577],[30.87365,69.71571],[30.87359,69.71564],[30.87353,69.71554],[30.87349,69.71547],[30.87346,69.71542],[30.87344,69.71536],[30.87344,69.71533],[30.87344,69.71523],[30.87348,69.71514],[30.87356,69.71503],[30.87366,69.71494],[30.87377,69.71486],[30.87388,69.71479],[30.87407,69.71471],[30.87427,69.71462],[30.8749,69.71438],[30.87523,69.71427],[30.87559,69.71415],[30.87586,69.71407],[30.87626,69.71395],[30.8765,69.71388],[30.87686,69.7138],[30.87735,69.7137],[30.87884,69.71345],[30.87953,69.7133],[30.87976,69.71323],[30.88005,69.71313],[30.8803,69.71305],[30.88042,69.71299],[30.88059,69.7129],[30.88079,69.71278],[30.88093,69.71268],[30.88101,69.71261],[30.88109,69.71253],[30.88115,69.71245],[30.8812,69.71237],[30.88122,69.71231],[30.88123,69.71221],[30.88121,69.71212],[30.88118,69.71204],[30.88111,69.7119],[30.881,69.71172],[30.88089,69.71158],[30.8808,69.71145],[30.88074,69.71135],[30.88071,69.71129],[30.88071,69.71113],[30.88072,69.71103],[30.88074,69.71094],[30.88078,69.71086],[30.88087,69.71076],[30.88102,69.7106],[30.8811,69.71053],[30.88117,69.71044],[30.88123,69.71034],[30.88126,69.71027],[30.88127,69.71019],[30.88128,69.71009],[30.88129,69.71001],[30.88131,69.70994],[30.88132,69.70989],[30.88135,69.70983],[30.88141,69.70977],[30.88149,69.7097],[30.88155,69.70965],[30.88165,69.70958],[30.88187,69.70946],[30.88213,69.70936],[30.88236,69.70928],[30.88261,69.7092],[30.88297,69.70909],[30.88332,69.70897],[30.88361,69.70886],[30.88424,69.70864],[30.88452,69.70854],[30.8848,69.70844],[30.88503,69.70833],[30.88517,69.70822],[30.88527,69.70811],[30.88533,69.708],[30.88536,69.7078],[30.88538,69.7075],[30.88542,69.70729],[30.88555,69.70713],[30.8857,69.707],[30.88586,69.70689],[30.88611,69.70679],[30.88629,69.70673],[30.88646,69.70668],[30.88671,69.70665],[30.88699,69.70662],[30.8873,69.70659],[30.88747,69.70659],[30.88781,69.70658],[30.8881,69.70657],[30.88839,69.70657],[30.88866,69.70658],[30.88933,69.7066],[30.88957,69.7066],[30.88979,69.70659],[30.89009,69.70655],[30.89034,69.7065],[30.89049,69.70646],[30.8906,69.70643],[30.89071,69.70638],[30.89087,69.70629],[30.89104,69.70615],[30.89117,69.70603],[30.89136,69.70587],[30.89171,69.7056],[30.89213,69.70528],[30.89234,69.70514],[30.89275,69.70492],[30.89316,69.70472],[30.89332,69.70463],[30.89345,69.70456],[30.89357,69.70451],[30.8937,69.70447],[30.89383,69.70444],[30.89401,69.70441],[30.89422,69.70437],[30.89448,69.70434],[30.89472,69.70432],[30.895,69.70429],[30.89522,69.70428],[30.89552,69.70426],[30.89572,69.70426],[30.89588,69.70426],[30.89606,69.70427],[30.89622,69.70428],[30.89638,69.70429],[30.89657,69.70432],[30.89687,69.70434],[30.89706,69.70436],[30.89721,69.70436],[30.89745,69.70435],[30.89764,69.70434],[30.89779,69.70433],[30.89794,69.70431],[30.89808,69.70429],[30.89823,69.70425],[30.89836,69.7042],[30.89849,69.70415],[30.89867,69.70406],[30.89886,69.70396],[30.89899,69.70389],[30.89913,69.7038],[30.89922,69.70374],[30.89926,69.7037],[30.89929,69.70367],[30.89931,69.70363],[30.89932,69.70358],[30.8993,69.70352],[30.89926,69.70346],[30.89918,69.70338],[30.8991,69.70332],[30.89902,69.70328],[30.89895,69.70324],[30.89882,69.70318],[30.89866,69.70313],[30.8984,69.70307],[30.89819,69.70302],[30.89785,69.70296],[30.89741,69.7029],[30.89716,69.70286],[30.89685,69.70283],[30.89652,69.70279],[30.89627,69.70278],[30.89605,69.70276],[30.89588,69.70276],[30.89569,69.70275],[30.8955,69.70275],[30.89526,69.70276],[30.89511,69.70276],[30.89495,69.70277],[30.89474,69.7028],[30.89457,69.70282],[30.8943,69.70286],[30.89405,69.70291],[30.89388,69.70295],[30.89372,69.703],[30.89355,69.70305],[30.89333,69.70312],[30.89321,69.70317],[30.89302,69.70323],[30.89289,69.70327],[30.89274,69.70331],[30.8926,69.70332],[30.89244,69.70334],[30.89228,69.70334],[30.89201,69.70334],[30.89188,69.70333],[30.89176,69.70331],[30.89161,69.70329],[30.89145,69.70325],[30.8913,69.70321],[30.8912,69.70317],[30.89108,69.70312],[30.89098,69.70308],[30.89094,69.70305],[30.89078,69.70295],[30.89068,69.70287],[30.89064,69.7028],[30.89061,69.70276],[30.89059,69.70272],[30.89057,69.70264],[30.89054,69.70255],[30.89053,69.70248],[30.89054,69.70244],[30.89049,69.7022],[30.89049,69.70199],[30.89053,69.70186],[30.89064,69.70171],[30.89089,69.70155],[30.8912,69.70138],[30.89189,69.70101],[30.89221,69.70082],[30.89244,69.7007],[30.89268,69.70061],[30.89309,69.70048],[30.89354,69.70034],[30.89388,69.7002],[30.89447,69.69992],[30.89479,69.6998],[30.89511,69.69969],[30.89538,69.69962],[30.89569,69.69957],[30.896,69.69956],[30.89636,69.69956],[30.89667,69.69962],[30.89687,69.69969],[30.89707,69.69987],[30.89732,69.70009],[30.89746,69.70024],[30.89754,69.70041],[30.89756,69.70054],[30.89767,69.70069],[30.89791,69.70098],[30.89807,69.70123],[30.89816,69.70134],[30.89826,69.70142],[30.89836,69.70148],[30.8985,69.70154],[30.89867,69.70158],[30.89889,69.70162],[30.89928,69.70166],[30.89967,69.70168],[30.9001,69.70169],[30.90053,69.70169],[30.90094,69.70167],[30.90132,69.70164],[30.9017,69.7016],[30.90202,69.70155],[30.90229,69.70152],[30.90264,69.70146],[30.90308,69.70135],[30.90358,69.70121],[30.90395,69.7011],[30.90433,69.70102],[30.90473,69.70097],[30.90522,69.70094],[30.90589,69.70094],[30.90661,69.70096],[30.90701,69.70096],[30.90746,69.7009],[30.90797,69.70078],[30.90848,69.70063],[30.90879,69.70052],[30.90908,69.70037],[30.90923,69.70024],[30.90926,69.7002],[30.90928,69.70011],[30.90931,69.70001],[30.90931,69.69991],[30.90929,69.69978],[30.90926,69.69966],[30.9092,69.69952],[30.90913,69.69941],[30.90894,69.69918],[30.90885,69.69901],[30.90883,69.69888],[30.90885,69.69871],[30.9089,69.69849],[30.909,69.69835],[30.90909,69.69826],[30.90919,69.69817],[30.90934,69.69804],[30.90952,69.69792],[30.90975,69.69782],[30.91,69.69772],[30.91026,69.69762],[30.91057,69.69751],[30.91084,69.69742],[30.91117,69.69733],[30.91177,69.69717],[30.91211,69.6971],[30.91236,69.69705],[30.91263,69.69701],[30.91287,69.69697],[30.91304,69.69695],[30.91322,69.69693],[30.91339,69.69691],[30.91365,69.69689],[30.91392,69.69686],[30.91408,69.69684],[30.91425,69.69681],[30.91438,69.69679],[30.91452,69.69677],[30.91464,69.69674],[30.91475,69.69672],[30.91486,69.69669],[30.91496,69.69666],[30.91507,69.69662],[30.91516,69.69659],[30.91525,69.69655],[30.91533,69.69651],[30.9154,69.69647],[30.91546,69.69644],[30.9155,69.6964],[30.91557,69.69635],[30.91568,69.69627],[30.91581,69.69617],[30.91588,69.69612],[30.91596,69.69607],[30.91602,69.69604],[30.91609,69.696],[30.91618,69.69596],[30.91626,69.69593],[30.91632,69.6959],[30.91638,69.69587],[30.91643,69.69584],[30.91649,69.69581],[30.91655,69.69576],[30.91661,69.69572],[30.91665,69.69568],[30.91678,69.69556],[30.91689,69.69546],[30.91699,69.6954],[30.91707,69.69537],[30.91717,69.69534],[30.91729,69.6953],[30.91738,69.69528],[30.91756,69.69524],[30.91786,69.69518],[30.91822,69.69511],[30.91843,69.69506],[30.91862,69.69501],[30.91878,69.69496],[30.91893,69.69491],[30.91909,69.69485],[30.9193,69.69477],[30.91948,69.6947],[30.9196,69.69465],[30.91967,69.69462],[30.91974,69.69457],[30.9198,69.69453],[30.91985,69.69449],[30.91986,69.69448],[30.91988,69.69445],[30.9199,69.69439],[30.91991,69.69434],[30.91993,69.69427],[30.91993,69.69425],[30.91995,69.69416],[30.91996,69.69409],[30.91996,69.69406],[30.91996,69.69404],[30.91995,69.69401],[30.91993,69.69399],[30.91992,69.69397],[30.9199,69.69396],[30.91987,69.69393],[30.91982,69.6939],[30.91959,69.69381],[30.91894,69.69351],[30.9186,69.69337],[30.91835,69.69328],[30.91807,69.69318],[30.91784,69.69308],[30.9176,69.69297],[30.91741,69.69289],[30.91722,69.69279],[30.917,69.69268],[30.91688,69.6926],[30.91678,69.69254],[30.91666,69.69247],[30.91661,69.69243],[30.91658,69.6924],[30.91652,69.69235],[30.91644,69.69227],[30.91636,69.69218],[30.9163,69.69208],[30.91629,69.69207],[30.91624,69.692],[30.91617,69.69192],[30.91609,69.69185],[30.91608,69.69184],[30.91598,69.69174],[30.91596,69.69171],[30.91594,69.69169],[30.91593,69.69166],[30.91592,69.69164],[30.91592,69.69162],[30.91593,69.6916],[30.91595,69.69157],[30.916,69.69152],[30.91615,69.69139],[30.91622,69.69133],[30.91628,69.69127],[30.91634,69.69121],[30.91641,69.69116],[30.91645,69.69114],[30.91649,69.69112],[30.91653,69.6911],[30.91659,69.69108],[30.91665,69.69106],[30.9167,69.69104],[30.91678,69.69102],[30.91687,69.691],[30.91696,69.69098],[30.91705,69.69097],[30.91718,69.69095],[30.9173,69.69093],[30.91741,69.69092],[30.91753,69.69092],[30.91766,69.69091],[30.91776,69.69091],[30.91786,69.69091],[30.91795,69.69091],[30.91804,69.69091],[30.91814,69.69092],[30.91825,69.69093],[30.91837,69.69093],[30.91847,69.69094],[30.91857,69.69096],[30.91869,69.69097],[30.91881,69.69099],[30.91902,69.69102],[30.91922,69.69106],[30.91937,69.69109],[30.91947,69.69111],[30.91954,69.69112],[30.9196,69.69114],[30.91966,69.69116],[30.91972,69.69118],[30.9198,69.69121],[30.91987,69.69124],[30.91992,69.69126],[30.92004,69.69132],[30.9201,69.69135],[30.92016,69.69139],[30.92021,69.69141],[30.92026,69.69143],[30.9203,69.69144],[30.92036,69.69146],[30.92041,69.69147],[30.92048,69.69148],[30.92059,69.69149],[30.9207,69.6915],[30.92088,69.69153],[30.92108,69.69156],[30.92121,69.69158],[30.9213,69.6916],[30.92138,69.6916],[30.92145,69.69161],[30.92152,69.69161],[30.9216,69.69161],[30.92166,69.6916],[30.92174,69.6916],[30.92181,69.69159],[30.92188,69.69158],[30.92193,69.69158],[30.922,69.69156],[30.9221,69.69155],[30.92222,69.69152],[30.9223,69.6915],[30.9224,69.69148],[30.92249,69.69146],[30.92259,69.69143],[30.92267,69.69141],[30.92275,69.69138],[30.92283,69.69135],[30.92298,69.69129],[30.92316,69.69122],[30.92329,69.69117],[30.92339,69.69112],[30.92349,69.69107],[30.92357,69.69102],[30.92363,69.69098],[30.92368,69.69094],[30.92379,69.69086],[30.92379,69.69085],[30.92391,69.69076],[30.92405,69.69063],[30.92415,69.69053],[30.92423,69.69043],[30.92427,69.69038],[30.92434,69.69028],[30.9244,69.69016],[30.92443,69.69005],[30.92448,69.68995],[30.92454,69.68987],[30.92463,69.68981],[30.92476,69.68973],[30.92508,69.68953],[30.92538,69.68932],[30.92564,69.68912],[30.92591,69.68895],[30.92615,69.68881],[30.92702,69.68834],[30.92771,69.68801],[30.92813,69.68777],[30.92836,69.68763],[30.92847,69.68753],[30.92852,69.68747],[30.92855,69.68741],[30.92855,69.68733],[30.92849,69.6872],[30.92841,69.6871],[30.92828,69.68697],[30.92818,69.68684],[30.92809,69.68666],[30.92798,69.68648],[30.92793,69.68637],[30.92792,69.68628],[30.92792,69.68621],[30.92792,69.68616],[30.92793,69.68612],[30.92795,69.68608],[30.92799,69.68605],[30.92805,69.68601],[30.92818,69.68596],[30.92834,69.6859],[30.92846,69.68584],[30.92863,69.68574],[30.92875,69.68565],[30.92917,69.68537],[30.92948,69.68515],[30.92973,69.68496],[30.92985,69.68486],[30.93,69.68474],[30.93006,69.68471],[30.93012,69.6847],[30.9302,69.68469],[30.93029,69.68469],[30.93041,69.68469],[30.93054,69.6847],[30.9308,69.68476],[30.93111,69.68482],[30.93142,69.6849],[30.93178,69.68499],[30.93187,69.68501],[30.93194,69.68503],[30.932,69.68506],[30.93204,69.68508],[30.93208,69.6851],[30.93212,69.68514],[30.93217,69.68518],[30.93224,69.68526],[30.93235,69.68538],[30.93243,69.68547],[30.93253,69.68557],[30.93272,69.68577],[30.93287,69.68594],[30.933,69.68606],[30.93313,69.68614],[30.9332,69.68618],[30.93358,69.68637],[30.93374,69.68648],[30.9338,69.68652],[30.93388,69.68657],[30.93395,69.68662],[30.93406,69.68667],[30.93417,69.68673],[30.93426,69.68677],[30.93439,69.68682],[30.93462,69.6869],[30.93478,69.68695],[30.93488,69.68698],[30.93495,69.687],[30.93507,69.68703],[30.9352,69.68706],[30.93538,69.68708],[30.93554,69.6871],[30.93567,69.68712],[30.93575,69.68714],[30.93584,69.68716],[30.93593,69.68717],[30.93599,69.68718],[30.93607,69.68719],[30.93617,69.68719],[30.9363,69.68719],[30.93635,69.68718],[30.93641,69.68717],[30.93646,69.68717],[30.93653,69.68715],[30.93658,69.68714],[30.93664,69.68712],[30.93669,69.6871],[30.93672,69.68709],[30.93676,69.68707],[30.93678,69.68705],[30.93681,69.68702],[30.93683,69.68699],[30.93685,69.68697],[30.93686,69.68693],[30.9369,69.68686],[30.93693,69.68681],[30.93695,69.68676],[30.93697,69.68671],[30.93696,69.68668],[30.93695,69.68665],[30.93694,69.68662],[30.93691,69.68657],[30.93689,69.68654],[30.93683,69.68649],[30.93678,69.68644],[30.93672,69.6864],[30.93666,69.68636],[30.93658,69.68632],[30.93652,69.68629],[30.93645,69.68626],[30.93636,69.68622],[30.93627,69.68619],[30.93617,69.68616],[30.93608,69.68613],[30.93599,69.68611],[30.93588,69.68608],[30.9358,69.68606],[30.93571,69.68604],[30.93565,69.68602],[30.93556,69.68599],[30.9355,69.68597],[30.93543,69.68594],[30.93536,69.68591],[30.93532,69.68588],[30.93529,69.68586],[30.93527,69.68583],[30.93525,69.68581],[30.93524,69.68575],[30.93525,69.68572],[30.93529,69.68569],[30.93534,69.68566],[30.93538,69.68564],[30.93543,69.68563],[30.9355,69.68562],[30.93556,69.68561],[30.93564,69.6856],[30.93573,69.6856],[30.93583,69.6856],[30.93595,69.6856],[30.93607,69.6856],[30.93631,69.6856],[30.9366,69.6856],[30.9369,69.6856],[30.93719,69.68559],[30.93745,69.68558],[30.93761,69.68556],[30.93784,69.68552],[30.938,69.6855],[30.93823,69.68549],[30.93863,69.68546],[30.93912,69.68543],[30.93938,69.68541],[30.93967,69.68538],[30.9397,69.68537],[30.93979,69.68536],[30.93993,69.68533],[30.94013,69.68528],[30.94056,69.68517],[30.94103,69.68501],[30.94156,69.68477],[30.94225,69.68449],[30.94255,69.68437],[30.94286,69.68425],[30.94341,69.68407],[30.94356,69.68401],[30.94367,69.68395],[30.94374,69.68391],[30.94378,69.68386],[30.94384,69.68379],[30.94392,69.68364],[30.94398,69.68357],[30.94408,69.68348],[30.94421,69.68339],[30.94433,69.68331],[30.94437,69.68328],[30.94442,69.68323],[30.94444,69.68318],[30.94445,69.68315],[30.94445,69.68311],[30.94444,69.68308],[30.94443,69.68304],[30.94441,69.683],[30.94438,69.68296],[30.94435,69.68293],[30.94432,69.6829],[30.94429,69.68289],[30.94418,69.68285],[30.94402,69.68281],[30.94378,69.68275],[30.94359,69.68271],[30.94327,69.68263],[30.94296,69.68252],[30.94278,69.68245],[30.94261,69.68237],[30.94253,69.68232],[30.94247,69.68227],[30.94244,69.68222],[30.94241,69.68215],[30.94241,69.68209],[30.94242,69.68199],[30.94245,69.68185],[30.9425,69.68173],[30.94255,69.68163],[30.94261,69.68156],[30.9427,69.68149],[30.94281,69.6814],[30.94286,69.68135],[30.94293,69.6813],[30.94304,69.68119],[30.94311,69.68113],[30.94314,69.68109],[30.9432,69.68104],[30.94322,69.68101],[30.94323,69.68099],[30.94324,69.68098],[30.94324,69.68097],[30.94324,69.6809],[30.94324,69.68084],[30.94324,69.68077],[30.94324,69.6807],[30.94324,69.68065],[30.94324,69.68061],[30.94324,69.68056],[30.94325,69.68048],[30.94327,69.6804],[30.94329,69.68034],[30.94334,69.68026],[30.94339,69.6802],[30.94344,69.68016],[30.9435,69.68012],[30.94359,69.68007],[30.94367,69.68004],[30.94375,69.68002],[30.94437,69.67985],[30.94445,69.67982],[30.94459,69.67979],[30.9447,69.67975],[30.94479,69.67972],[30.94485,69.6797],[30.9449,69.67968],[30.94494,69.67966],[30.94498,69.67962],[30.94499,69.67958],[30.945,69.67951],[30.94501,69.67943],[30.94518,69.67899],[30.94526,69.67883],[30.94535,69.67869],[30.94545,69.67858],[30.94556,69.67851],[30.94568,69.67843],[30.9458,69.67836],[30.94595,69.67829],[30.9461,69.67822],[30.9462,69.67817],[30.94627,69.67813],[30.9463,69.6781],[30.94632,69.67808],[30.94637,69.67804],[30.9464,69.67799],[30.94642,69.67795],[30.94641,69.67791],[30.9464,69.67788],[30.94638,69.67784],[30.94635,69.6778],[30.94633,69.67777],[30.94626,69.67771],[30.94617,69.67764],[30.94599,69.67753],[30.94582,69.67746],[30.94578,69.67744],[30.94569,69.67742],[30.94561,69.6774],[30.94551,69.67738],[30.9454,69.67737],[30.94508,69.67734],[30.9448,69.6773],[30.94452,69.67726],[30.94423,69.67721],[30.944,69.67717],[30.94375,69.67711],[30.94351,69.67706],[30.94308,69.67695],[30.94284,69.67688],[30.94263,69.67681],[30.9425,69.67678],[30.94227,69.67669],[30.94214,69.67662],[30.94201,69.67656],[30.9419,69.6765],[30.94177,69.67642],[30.94171,69.67637],[30.94168,69.67631],[30.94167,69.67625],[30.94167,69.67619],[30.94169,69.67611],[30.94173,69.67604],[30.94178,69.67596],[30.94195,69.67579],[30.94238,69.67549],[30.94259,69.67538],[30.94279,69.67531],[30.94308,69.67524],[30.94341,69.67519],[30.94363,69.67518],[30.94375,69.67517],[30.94393,69.67519],[30.94412,69.67523],[30.94439,69.67527],[30.94452,69.67527],[30.94464,69.67527],[30.94484,69.67526],[30.94501,69.67524],[30.94527,69.6752],[30.94557,69.67514],[30.94593,69.67503],[30.94612,69.67495],[30.94629,69.67486],[30.94645,69.67474],[30.94659,69.67462],[30.94671,69.67446],[30.94674,69.67438],[30.9467,69.67429],[30.94658,69.67419],[30.94639,69.6741],[30.94617,69.67403],[30.9459,69.67399],[30.94559,69.67395],[30.9451,69.67394],[30.94437,69.67393],[30.94402,69.67393],[30.94376,69.67393],[30.94349,69.67393],[30.94321,69.67392],[30.9429,69.6739],[30.94249,69.67388],[30.94211,69.67387],[30.94181,69.67386],[30.94135,69.67387],[30.94097,69.6739],[30.94065,69.67394],[30.94034,69.67399],[30.94004,69.67409],[30.93974,69.67422],[30.93952,69.67434],[30.93939,69.67443],[30.93934,69.67448],[30.93931,69.67453],[30.93929,69.6746],[30.93928,69.67466],[30.93925,69.67475],[30.93922,69.6748],[30.93914,69.67487],[30.93907,69.67492],[30.93891,69.67503],[30.93878,69.67511],[30.93874,69.67515],[30.93869,69.6752],[30.93867,69.67524],[30.93868,69.67529],[30.93868,69.67533],[30.9387,69.67538],[30.9387,69.67542],[30.9387,69.67545],[30.93869,69.67548],[30.93868,69.6755],[30.93865,69.67553],[30.93861,69.67558],[30.93853,69.67563],[30.93847,69.67566],[30.9384,69.67569],[30.93832,69.67573],[30.93823,69.67576],[30.9381,69.6758],[30.93796,69.67584],[30.93779,69.67588],[30.93759,69.67593],[30.93744,69.67596],[30.93705,69.67603],[30.93696,69.67605],[30.93685,69.67608],[30.93669,69.67614],[30.93642,69.67626],[30.93619,69.67635],[30.9361,69.67638],[30.93601,69.6764],[30.93583,69.67644],[30.93572,69.67645],[30.9356,69.67646],[30.93546,69.67647],[30.93532,69.67647],[30.9352,69.67647],[30.93503,69.67646],[30.93474,69.67644],[30.93457,69.67643],[30.93443,69.67641],[30.93423,69.67637],[30.9341,69.67634],[30.93399,69.67631],[30.93386,69.67625],[30.93379,69.67622],[30.93373,69.67618],[30.93364,69.6761],[30.93357,69.67603],[30.93352,69.67597],[30.93349,69.6759],[30.93348,69.67586],[30.93349,69.67582],[30.93359,69.67569],[30.93378,69.67548],[30.93386,69.67542],[30.93394,69.67537],[30.93408,69.67532],[30.93427,69.67528],[30.93466,69.67521],[30.93552,69.67507],[30.93609,69.67499],[30.93631,69.67493],[30.93645,69.67488],[30.93656,69.6748],[30.93661,69.67473],[30.93662,69.67464],[30.9366,69.67456],[30.93656,69.67445],[30.93647,69.67432],[30.93632,69.67417],[30.93606,69.674],[30.93581,69.67386],[30.93557,69.67374],[30.93538,69.67367],[30.93517,69.67362],[30.93494,69.67359],[30.93469,69.67357],[30.93444,69.67356],[30.9341,69.67357],[30.93377,69.67359],[30.93331,69.67364],[30.93281,69.67371],[30.93255,69.67375],[30.93232,69.6738],[30.932,69.67388],[30.93118,69.67412],[30.93065,69.67428],[30.92979,69.67452],[30.92945,69.67462],[30.92917,69.6747],[30.92897,69.67475],[30.9288,69.67478],[30.92859,69.67479],[30.92841,69.67478],[30.92821,69.67476],[30.92799,69.67471],[30.92789,69.67466],[30.92782,69.67459],[30.92782,69.6745],[30.92786,69.67438],[30.92795,69.67421],[30.92811,69.67392],[30.92815,69.67376],[30.92814,69.67364],[30.92808,69.67351],[30.92797,69.67338],[30.92787,69.67329],[30.92774,69.67319],[30.92759,69.6731],[30.92742,69.67304],[30.92678,69.67287],[30.92635,69.67272],[30.92603,69.67258],[30.92569,69.67241],[30.92516,69.67212],[30.92469,69.67184],[30.92444,69.67167],[30.9244,69.67162],[30.92436,69.67156],[30.9243,69.67147],[30.92426,69.67135],[30.9242,69.67116],[30.92416,69.67102],[30.92412,69.67089],[30.92406,69.67072],[30.92399,69.67058],[30.92392,69.67045],[30.92385,69.67033],[30.92373,69.6702],[30.92356,69.67004],[30.92345,69.66993],[30.9234,69.66987],[30.92338,69.66983],[30.92338,69.66978],[30.92338,69.66974],[30.92339,69.66968],[30.9234,69.66963],[30.92343,69.66957],[30.92346,69.66953],[30.9235,69.66948],[30.92362,69.66936],[30.92371,69.66923],[30.92378,69.66907],[30.92381,69.66896],[30.92383,69.66882],[30.92382,69.66851],[30.92382,69.66835],[30.92383,69.66823],[30.92384,69.6681],[30.92387,69.66798],[30.92389,69.66784],[30.9239,69.66774],[30.9239,69.66765],[30.92389,69.66753],[30.92389,69.66743],[30.92389,69.66738],[30.92389,69.6673],[30.92391,69.66726],[30.92391,69.66723],[30.92393,69.6672],[30.924,69.66712],[30.92414,69.66703],[30.92458,69.6668],[30.92488,69.66664],[30.92502,69.66655],[30.92514,69.66644],[30.92523,69.66632],[30.92528,69.66621],[30.92535,69.66605],[30.92542,69.66591],[30.92548,69.66584],[30.9256,69.66572],[30.92582,69.66555],[30.92587,69.6655],[30.92591,69.66544],[30.92593,69.6654],[30.92594,69.66534],[30.92594,69.66528],[30.92594,69.66524],[30.92592,69.66515],[30.92589,69.66508],[30.92583,69.66498],[30.92582,69.66496],[30.92578,69.66491],[30.92571,69.66481],[30.92566,69.66475],[30.92561,69.66469],[30.92555,69.66464],[30.92547,69.66457],[30.9254,69.66452],[30.92532,69.66446],[30.92529,69.66442],[30.92528,69.66441],[30.92527,69.66439],[30.92526,69.66436],[30.92526,69.66432],[30.92526,69.66428],[30.92526,69.66425],[30.92527,69.66421],[30.92532,69.66417],[30.92542,69.66414],[30.92555,69.66411],[30.92565,69.6641],[30.92574,69.6641],[30.92589,69.66409],[30.92605,69.6641],[30.92617,69.66411],[30.92638,69.66413],[30.92666,69.66416],[30.92682,69.66419],[30.92698,69.6642],[30.92713,69.66421],[30.92731,69.66422],[30.92745,69.66422],[30.92764,69.66421],[30.92781,69.66419],[30.92803,69.66417],[30.92833,69.66412],[30.92849,69.66409],[30.92874,69.66404],[30.92895,69.66399],[30.92914,69.66394],[30.92937,69.66387],[30.92953,69.66381],[30.92976,69.66372],[30.92992,69.66364],[30.93009,69.66354],[30.93018,69.66345],[30.93022,69.66334],[30.93025,69.66325],[30.93036,69.6631],[30.93047,69.66301],[30.93061,69.66293],[30.93087,69.66283],[30.93097,69.6628],[30.93108,69.66276],[30.93119,69.66273],[30.93142,69.66268],[30.93155,69.66265],[30.93166,69.66262],[30.93178,69.66257],[30.93185,69.66252],[30.93191,69.66244],[30.93192,69.66237],[30.93189,69.66229],[30.93185,69.66223],[30.9318,69.66219],[30.93175,69.66215],[30.93165,69.6621],[30.93159,69.66207],[30.93153,69.66205],[30.9314,69.66202],[30.93118,69.66199],[30.93103,69.66197],[30.93095,69.66196],[30.93085,69.66195],[30.93079,69.66193],[30.93074,69.66191],[30.93069,69.66187],[30.93067,69.66183],[30.93066,69.66175],[30.93066,69.66164],[30.93066,69.66148],[30.93067,69.66137],[30.9307,69.66129],[30.93072,69.66124],[30.93076,69.66118],[30.93084,69.66111],[30.93092,69.66107],[30.93116,69.66095],[30.93132,69.66083],[30.93138,69.66075],[30.93139,69.66068],[30.93137,69.66055],[30.93131,69.6604],[30.93121,69.66023],[30.93099,69.65996],[30.93069,69.65966],[30.93047,69.65943],[30.93032,69.65929],[30.93017,69.65918],[30.93004,69.65907],[30.92996,69.65901],[30.92992,69.65897],[30.92989,69.65895],[30.92986,69.65891],[30.92982,69.65887],[30.92979,69.65883],[30.92978,69.6588],[30.92976,69.65877],[30.92975,69.65875],[30.92974,69.65874],[30.92974,69.65872],[30.92974,69.6587],[30.92973,69.65866],[30.92974,69.65864],[30.92974,69.65862],[30.92973,69.6586],[30.92973,69.65857],[30.92973,69.65856],[30.92973,69.65856],[30.92972,69.65854],[30.92971,69.65851],[30.92969,69.65848],[30.92966,69.65845],[30.92962,69.65839],[30.9296,69.65835],[30.92957,69.6583],[30.92954,69.6582],[30.92953,69.65812],[30.92948,69.65767],[30.92948,69.65755],[30.92958,69.6574],[30.92968,69.65731],[30.92995,69.65713],[30.93028,69.65693],[30.93066,69.65664],[30.93084,69.65652],[30.93097,69.65642],[30.931,69.65631],[30.93101,69.65618],[30.931,69.65588],[30.93104,69.6558],[30.9311,69.65573],[30.93127,69.65565],[30.93203,69.65531],[30.93321,69.65469],[30.93364,69.65446],[30.93402,69.65429],[30.9342,69.65418],[30.93435,69.65405],[30.93447,69.6539],[30.93451,69.65382],[30.93454,69.65375],[30.93456,69.65367],[30.93456,69.65359],[30.93455,69.65352],[30.93452,69.65342],[30.93448,69.65334],[30.93439,69.65322],[30.9342,69.653],[30.93406,69.65288],[30.9338,69.65266],[30.93369,69.65257],[30.93362,69.65249],[30.93358,69.65242],[30.93358,69.65237],[30.93359,69.65233],[30.93361,69.65229],[30.93364,69.65226],[30.93369,69.65223],[30.93377,69.65221],[30.93384,69.65218],[30.93388,69.65215],[30.9339,69.65214],[30.93391,69.65211],[30.9339,69.65208],[30.93386,69.65205],[30.93381,69.65202],[30.93376,69.65197],[30.93373,69.65194],[30.93372,69.65191],[30.93371,69.65186],[30.93373,69.65181],[30.93373,69.65176],[30.93372,69.6517],[30.93368,69.65163],[30.93363,69.65153],[30.93361,69.65145],[30.9336,69.6514],[30.9336,69.65131],[30.9336,69.65127],[30.93359,69.65124],[30.93357,69.6512],[30.93354,69.65117],[30.93339,69.65107],[30.93328,69.65098],[30.93321,69.6509],[30.93315,69.65081],[30.9331,69.65072],[30.93309,69.65061],[30.93304,69.65048],[30.93298,69.65035],[30.93288,69.65023],[30.9328,69.65012],[30.93279,69.65006],[30.93282,69.64996],[30.93289,69.64982],[30.93295,69.64971],[30.93299,69.64965],[30.93304,69.64959],[30.93309,69.64952],[30.93313,69.64945],[30.93315,69.64939],[30.93315,69.64933],[30.93317,69.64928],[30.93318,69.64923],[30.93323,69.64916],[30.93329,69.64908],[30.93336,69.64902],[30.93348,69.6489],[30.93359,69.6488],[30.93365,69.64872],[30.93369,69.64866],[30.93375,69.64855],[30.93377,69.64847],[30.93379,69.64833],[30.93376,69.64819],[30.93374,69.64808],[30.93374,69.64799],[30.93378,69.64789],[30.93386,69.64779],[30.934,69.6477],[30.93424,69.64755],[30.93466,69.6473],[30.93504,69.64707],[30.93536,69.64694],[30.93576,69.6468],[30.936,69.64673],[30.93619,69.64668],[30.9364,69.64666],[30.93682,69.64664],[30.93739,69.64664],[30.93786,69.64666],[30.93828,69.64669],[30.93899,69.64674],[30.93927,69.64671],[30.93948,69.64666],[30.93961,69.64659],[30.93965,69.64653],[30.93969,69.64646],[30.93969,69.6464],[30.9397,69.64633],[30.93968,69.64627],[30.93963,69.64619],[30.9396,69.64613],[30.93955,69.64604],[30.93953,69.64597],[30.93953,69.64589],[30.93957,69.64575],[30.93961,69.64559],[30.93967,69.64542],[30.93973,69.64529],[30.93977,69.6452],[30.93984,69.6451],[30.93992,69.64499],[30.93994,69.64494],[30.93996,69.64487],[30.93995,69.64482],[30.93994,69.64477],[30.93992,69.64473],[30.93988,69.64468],[30.93982,69.64459],[30.93957,69.64436],[30.9393,69.64404],[30.93922,69.64397],[30.93917,69.64393],[30.93913,69.64391],[30.93911,69.64388],[30.93909,69.64386],[30.93909,69.64383],[30.93911,69.6438],[30.93913,69.64378],[30.93918,69.64375],[30.93927,69.6437],[30.9394,69.64364],[30.93963,69.64355],[30.93984,69.64346],[30.94012,69.64335],[30.94025,69.6433],[30.94039,69.64325],[30.94057,69.64319],[30.94081,69.64312],[30.94107,69.64305],[30.94145,69.64294],[30.94266,69.64258],[30.94274,69.64255],[30.94279,69.64252],[30.94285,69.64249],[30.94288,69.64245],[30.94291,69.64239],[30.94292,69.6423],[30.94294,69.6422],[30.94293,69.64212],[30.94291,69.64205],[30.94289,69.64199],[30.94285,69.64191],[30.94277,69.6418],[30.9427,69.64171],[30.94269,69.64164],[30.94275,69.64156],[30.94293,69.64143],[30.94335,69.64123],[30.94366,69.64109],[30.94405,69.64095],[30.94428,69.64087],[30.9445,69.64079],[30.94474,69.64072],[30.94494,69.64066],[30.94515,69.64058],[30.94525,69.64055],[30.94529,69.64052],[30.94532,69.64049],[30.94534,69.64045],[30.94535,69.64041],[30.94534,69.64034],[30.94534,69.64031],[30.94537,69.64027],[30.9454,69.64025],[30.94545,69.64023],[30.94551,69.64021],[30.9456,69.64019],[30.9457,69.64017],[30.94581,69.64016],[30.94598,69.64015],[30.94624,69.64014],[30.94675,69.64014],[30.94718,69.64014],[30.94773,69.64013],[30.94802,69.64012],[30.94828,69.64008],[30.94852,69.64003],[30.9486,69.63998],[30.94868,69.63992],[30.94872,69.63985],[30.94874,69.63979],[30.94874,69.63971],[30.94873,69.63963],[30.94871,69.63954],[30.94868,69.63942],[30.94859,69.63924],[30.94857,69.63916],[30.94856,69.63911],[30.94859,69.63907],[30.94863,69.63903],[30.9487,69.639],[30.94877,69.63898],[30.94888,69.63894],[30.94902,69.63891],[30.94924,69.63887],[30.94943,69.63884],[30.9496,69.63882],[30.9498,69.6388],[30.94995,69.6388],[30.95015,69.63879],[30.95049,69.63878],[30.95084,69.63876],[30.9511,69.63874],[30.9513,69.63872],[30.95143,69.63871],[30.95153,69.63869],[30.95162,69.63866],[30.95168,69.63863],[30.95172,69.63861],[30.9518,69.63856],[30.95185,69.6385],[30.95189,69.63845],[30.95191,69.63839],[30.95193,69.63833],[30.95194,69.63827],[30.95194,69.63824],[30.95196,69.63818],[30.95198,69.63815],[30.952,69.63813],[30.95203,69.6381],[30.95208,69.63807],[30.95214,69.63804],[30.95218,69.63802],[30.95227,69.63799],[30.95238,69.63795],[30.95245,69.63793],[30.95254,69.6379],[30.9526,69.63787],[30.95264,69.63784],[30.95267,69.63781],[30.9527,69.63778],[30.95272,69.63775],[30.95274,69.6377],[30.95274,69.63768],[30.95274,69.63765],[30.95273,69.63759],[30.95271,69.63755],[30.95269,69.63752],[30.95266,69.63748],[30.95261,69.63743],[30.95257,69.63739],[30.95249,69.63733],[30.95241,69.63727],[30.9523,69.63719],[30.9522,69.63713],[30.95214,69.63709],[30.95205,69.63703],[30.95199,69.63698],[30.95194,69.63693],[30.95186,69.63685],[30.95179,69.63675],[30.95173,69.63665],[30.95169,69.63656],[30.95161,69.63635],[30.95152,69.6361],[30.95147,69.63597],[30.9514,69.63566],[30.95133,69.63543],[30.95132,69.63525],[30.95136,69.63507],[30.95144,69.6349],[30.95153,69.63476],[30.95172,69.63457],[30.95192,69.63441],[30.95212,69.63424],[30.95233,69.6341],[30.95257,69.63397],[30.95273,69.63388],[30.95294,69.63378],[30.95308,69.6337],[30.95318,69.63365],[30.95327,69.6336],[30.95335,69.63354],[30.9534,69.63351],[30.95346,69.63347],[30.9535,69.63341],[30.95356,69.63335],[30.9536,69.63328],[30.95367,69.63318],[30.95369,69.63311],[30.95373,69.63305],[30.95375,69.63301],[30.95384,69.63293],[30.95397,69.63281],[30.95413,69.63267],[30.9542,69.63258],[30.95423,69.63251],[30.95425,69.63241],[30.95425,69.63228],[30.95422,69.63214],[30.95414,69.63196],[30.95404,69.63175],[30.95392,69.63154],[30.95381,69.6314],[30.95368,69.63124],[30.95368,69.63123],[30.95365,69.63117],[30.95363,69.63109],[30.95364,69.63101],[30.95367,69.63085],[30.95374,69.63061],[30.95376,69.63045],[30.95381,69.63021],[30.95384,69.63005],[30.95387,69.6299],[30.9539,69.62982],[30.95396,69.62971],[30.95406,69.62957],[30.95417,69.62945],[30.9543,69.6293],[30.95436,69.62921],[30.95439,69.62911],[30.95438,69.62904],[30.9543,69.62897],[30.95413,69.62889],[30.95399,69.62884],[30.95383,69.62879],[30.95365,69.62874],[30.95334,69.62867],[30.95299,69.62861],[30.95276,69.62858],[30.95259,69.62856],[30.95242,69.62852],[30.95227,69.62848],[30.95212,69.62843],[30.95202,69.62839],[30.95195,69.62835],[30.95189,69.62831],[30.95184,69.62826],[30.95178,69.62818],[30.95174,69.6281],[30.95171,69.628],[30.95167,69.62785],[30.95166,69.62773],[30.9517,69.62759],[30.95181,69.62741],[30.95183,69.62739],[30.95189,69.62731],[30.95194,69.62723],[30.95196,69.62716],[30.95199,69.6271],[30.95201,69.62703],[30.95204,69.62695],[30.95208,69.62688],[30.95213,69.62682],[30.95219,69.62677],[30.95226,69.62672],[30.95241,69.62663],[30.95251,69.62657],[30.95257,69.62651],[30.95261,69.62644],[30.95262,69.62638],[30.95261,69.62633],[30.95259,69.6263],[30.95253,69.62624],[30.95243,69.62616],[30.95225,69.62606],[30.95201,69.62592],[30.95192,69.62587],[30.95182,69.62583],[30.95166,69.62575],[30.9515,69.62568],[30.9514,69.62563],[30.95135,69.6256],[30.95129,69.62557],[30.95123,69.62552],[30.95119,69.62548],[30.95116,69.62544],[30.95113,69.6254],[30.95111,69.62535],[30.95109,69.62531],[30.95109,69.62526],[30.95109,69.62521],[30.9511,69.62515],[30.95113,69.62506],[30.95117,69.62496],[30.95123,69.62487],[30.95136,69.62475],[30.95145,69.62467],[30.95153,69.62462],[30.95168,69.62452],[30.95177,69.62446],[30.95184,69.62437],[30.95188,69.6243],[30.95193,69.62414],[30.95197,69.624],[30.95201,69.6239],[30.95205,69.6238],[30.95204,69.62374],[30.95199,69.62368],[30.95191,69.62363],[30.95179,69.62358],[30.95172,69.62355],[30.95146,69.62345],[30.95099,69.62327],[30.95088,69.62324],[30.95079,69.62321],[30.95068,69.62318],[30.95053,69.62315],[30.95044,69.62313],[30.95025,69.6231],[30.95018,69.62309],[30.9501,69.62307],[30.95005,69.62306],[30.95003,69.62304],[30.95003,69.62303],[30.95003,69.62301],[30.95004,69.623],[30.95009,69.62297],[30.95021,69.62292],[30.95028,69.62289],[30.95033,69.62286],[30.95037,69.62279],[30.95037,69.62269],[30.95036,69.62264],[30.9504,69.62192],[30.95038,69.62181],[30.95023,69.62141],[30.95003,69.62103],[30.94985,69.62048],[30.94983,69.62021],[30.94974,69.61989],[30.94967,69.61975],[30.94959,69.61963],[30.94939,69.6194],[30.94928,69.61925],[30.94922,69.61911],[30.94915,69.61892],[30.94914,69.61875],[30.94914,69.61845],[30.94918,69.61824],[30.94946,69.61771],[30.94956,69.61755],[30.94977,69.6174],[30.95007,69.61724],[30.95038,69.61706],[30.95046,69.617],[30.9506,69.6169],[30.95068,69.61683],[30.95072,69.61677],[30.95075,69.61671],[30.95078,69.61665],[30.95081,69.61657],[30.95084,69.61648],[30.95088,69.6164],[30.95092,69.61633],[30.95096,69.61627],[30.95102,69.61621],[30.95109,69.61615],[30.95118,69.61609],[30.95131,69.61603],[30.95148,69.61594],[30.95154,69.61591],[30.95168,69.61585],[30.95184,69.61577],[30.95195,69.61571],[30.95204,69.61565],[30.95208,69.61561],[30.9521,69.61558],[30.95213,69.61555],[30.95215,69.6155],[30.95216,69.61546],[30.95215,69.61538],[30.95214,69.61529],[30.95216,69.61522],[30.9522,69.61515],[30.95225,69.6151],[30.95244,69.61497],[30.95252,69.61493],[30.95271,69.61481],[30.95286,69.61473],[30.95294,69.61467],[30.95302,69.61458],[30.95306,69.61452],[30.95308,69.61445],[30.95309,69.61438],[30.95309,69.61431],[30.95307,69.61423],[30.95305,69.61417],[30.953,69.61408],[30.95293,69.614],[30.95272,69.6138],[30.95261,69.61368],[30.95251,69.61356],[30.95238,69.61339],[30.95228,69.61321],[30.95221,69.61301],[30.95204,69.61225],[30.95206,69.61207],[30.95207,69.61198],[30.95211,69.61186],[30.95216,69.61173],[30.95222,69.61155],[30.9523,69.61139],[30.95233,69.6113],[30.95232,69.61125],[30.9523,69.6112],[30.95228,69.61114],[30.95222,69.61109],[30.95216,69.61103],[30.95208,69.61098],[30.95195,69.61092],[30.9518,69.61088],[30.95165,69.61083],[30.95139,69.61077],[30.95112,69.61071],[30.95093,69.61067],[30.95072,69.6106],[30.95054,69.61053],[30.95024,69.61037],[30.94992,69.61019],[30.94976,69.61007],[30.94954,69.6099],[30.94945,69.60983],[30.94935,69.60975],[30.94914,69.60958],[30.94891,69.60938],[30.94882,69.60931],[30.94867,69.60917],[30.94859,69.60909],[30.94848,69.60898],[30.94834,69.60885],[30.94821,69.6087],[30.94808,69.60856],[30.948,69.60846],[30.94793,69.60837],[30.94787,69.60828],[30.94778,69.60814],[30.94774,69.60807],[30.9477,69.608],[30.94765,69.60787],[30.94762,69.60778],[30.9476,69.60774],[30.94758,69.60767],[30.94758,69.60759],[30.94762,69.6075],[30.94771,69.60742],[30.94786,69.60734],[30.9481,69.60724],[30.9482,69.6072],[30.9483,69.60714],[30.9484,69.60708],[30.94845,69.60702],[30.94849,69.60696],[30.94851,69.60688],[30.94852,69.60681],[30.94849,69.60672],[30.94843,69.60663],[30.94833,69.60653],[30.94815,69.6064],[30.94798,69.60628],[30.94787,69.60618],[30.94776,69.60606],[30.94767,69.60598],[30.94762,69.6059],[30.9476,69.60583],[30.94763,69.60576],[30.94786,69.6056],[30.94824,69.6054],[30.94835,69.60531],[30.94843,69.60521],[30.94865,69.60483],[30.94888,69.60457],[30.94906,69.60428],[30.94909,69.60415],[30.94905,69.60395],[30.94887,69.60375],[30.94881,69.60361],[30.94879,69.60355],[30.94881,69.60349],[30.94887,69.60342],[30.94902,69.60331],[30.94919,69.6032],[30.94932,69.60309],[30.94941,69.60298],[30.9494,69.60282],[30.94935,69.60263],[30.9493,69.60251],[30.94921,69.60236],[30.94918,69.60227],[30.94917,69.60217],[30.94918,69.60211],[30.9492,69.60204],[30.94921,69.60198],[30.94922,69.60193],[30.94922,69.60191],[30.9492,69.60187],[30.94916,69.60183],[30.94908,69.60178],[30.94895,69.60171],[30.94887,69.60166],[30.94877,69.6016],[30.94872,69.60155],[30.94868,69.60151],[30.94864,69.60147],[30.94863,69.60141],[30.94862,69.60138],[30.94862,69.60132],[30.94862,69.60129],[30.94862,69.60123],[30.94862,69.60117],[30.94861,69.60111],[30.94859,69.60104],[30.94853,69.60097],[30.9484,69.60087],[30.94822,69.60078],[30.94802,69.6007],[30.94772,69.60057],[30.94753,69.60051],[30.94729,69.60044],[30.94715,69.6004],[30.94696,69.60035],[30.94683,69.6003],[30.94674,69.60026],[30.94666,69.60021],[30.94655,69.60014],[30.94645,69.60009],[30.94633,69.60005],[30.94624,69.60003],[30.94612,69.6],[30.94592,69.59997],[30.94575,69.59995],[30.94565,69.59993],[30.94559,69.59992],[30.94542,69.59987],[30.94522,69.59979],[30.94505,69.59974],[30.94474,69.59965],[30.94454,69.5996],[30.94441,69.59958],[30.9443,69.59957],[30.94414,69.59955],[30.94396,69.59954],[30.94376,69.59953],[30.94356,69.59951],[30.94341,69.59948],[30.94329,69.59946],[30.94317,69.59942],[30.94303,69.59934],[30.94285,69.59924],[30.94275,69.59918],[30.94267,69.59914],[30.94254,69.59909],[30.94243,69.59905],[30.94234,69.59902],[30.94228,69.59901],[30.9422,69.59899],[30.94214,69.59898],[30.94205,69.59897],[30.94193,69.59897],[30.94148,69.59897],[30.94132,69.59897],[30.94117,69.59897],[30.94106,69.59896],[30.94099,69.59895],[30.94093,69.59894],[30.94086,69.59891],[30.94079,69.59888],[30.94072,69.59884],[30.94066,69.59881],[30.94061,69.59878],[30.94057,69.59876],[30.94052,69.59873],[30.9405,69.59871],[30.94047,69.59869],[30.94044,69.59866],[30.94041,69.59864],[30.94039,69.59863],[30.94036,69.5986],[30.94035,69.59859],[30.94034,69.59858],[30.94034,69.59855],[30.94034,69.59853],[30.94036,69.59852],[30.94037,69.59851],[30.94038,69.5985],[30.94041,69.59848],[30.94046,69.59846],[30.94052,69.59844],[30.94058,69.59842],[30.94064,69.59839],[30.94068,69.59838],[30.94074,69.59834],[30.94076,69.59833],[30.94079,69.59831],[30.9408,69.59829],[30.94082,69.59827],[30.94083,69.59825],[30.94083,69.59824],[30.94082,69.59822],[30.94082,69.59821],[30.94081,69.5982],[30.9408,69.59818],[30.94071,69.59811],[30.94009,69.59771],[30.94,69.59764],[30.93997,69.5976],[30.93996,69.59755],[30.93998,69.59746],[30.94,69.59739],[30.93997,69.59733],[30.93993,69.5973],[30.93985,69.59726],[30.93971,69.5972],[30.9392,69.59702],[30.93898,69.59694],[30.93882,69.59687],[30.93865,69.59679],[30.93856,69.5967],[30.9385,69.59663],[30.93849,69.59657],[30.9385,69.5965],[30.93855,69.5964],[30.93915,69.59565],[30.93932,69.59545],[30.93944,69.59526],[30.93952,69.59505],[30.93958,69.59474],[30.93963,69.59458],[30.93969,69.59444],[30.93981,69.59427],[30.93987,69.59421],[30.93998,69.59414],[30.94012,69.59408],[30.94026,69.59404],[30.94041,69.59401],[30.94055,69.59399],[30.94073,69.59395],[30.94087,69.59392],[30.94102,69.59388],[30.94114,69.59385],[30.94132,69.59376],[30.94147,69.59368],[30.94164,69.59358],[30.94183,69.59348],[30.94207,69.59337],[30.94239,69.59324],[30.94263,69.59316],[30.94278,69.59312],[30.94299,69.59307],[30.9432,69.59304],[30.94337,69.59302],[30.94359,69.593],[30.94383,69.59299],[30.94409,69.59298],[30.94438,69.59297],[30.94468,69.59295],[30.94498,69.59292],[30.94526,69.59289],[30.94548,69.59285],[30.94568,69.5928],[30.94592,69.59272],[30.94607,69.59267],[30.94621,69.59261],[30.94628,69.59257],[30.94635,69.59247],[30.94644,69.5923],[30.9465,69.59209],[30.94651,69.59169],[30.94651,69.59152],[30.94653,69.59143],[30.94658,69.59137],[30.94665,69.59132],[30.94672,69.59129],[30.94681,69.59126],[30.94697,69.59123],[30.94714,69.59119],[30.94722,69.59114],[30.9473,69.59109],[30.94734,69.59104],[30.94735,69.59098],[30.94734,69.59093],[30.94732,69.59086],[30.94728,69.59078],[30.9472,69.5907],[30.94712,69.59061],[30.94697,69.59048],[30.94681,69.59034],[30.94672,69.59025],[30.94665,69.59018],[30.94659,69.59009],[30.94652,69.59],[30.94647,69.58989],[30.94646,69.58982],[30.94648,69.58972],[30.94656,69.58958],[30.94657,69.58948],[30.94656,69.58939],[30.94647,69.5892],[30.94642,69.58909],[30.94637,69.58891],[30.94637,69.58878],[30.94634,69.58863],[30.9463,69.58855],[30.94621,69.58846],[30.94613,69.58841],[30.94604,69.58836],[30.94598,69.58833],[30.94591,69.58832],[30.94584,69.5883],[30.94576,69.58829],[30.94569,69.58828],[30.94562,69.58826],[30.94557,69.58823],[30.94556,69.5882],[30.94556,69.58818],[30.94558,69.58814],[30.94561,69.58812],[30.94567,69.58811],[30.94575,69.58809],[30.94581,69.58807],[30.94583,69.58805],[30.94586,69.58803],[30.94588,69.58801],[30.94589,69.58797],[30.94588,69.58794],[30.94587,69.58788],[30.94587,69.58784],[30.94584,69.5878],[30.94582,69.58775],[30.94575,69.58763],[30.94569,69.58752],[30.94567,69.58745],[30.94567,69.58735],[30.94567,69.58729],[30.94568,69.58721],[30.9457,69.58713],[30.94572,69.58704],[30.94575,69.58695],[30.9458,69.58683],[30.94584,69.58673],[30.94589,69.58663],[30.94594,69.58654],[30.94601,69.58645],[30.94608,69.58636],[30.94612,69.5863],[30.94615,69.58624],[30.94617,69.58616],[30.94617,69.5861],[30.94615,69.58604],[30.94611,69.58597],[30.94607,69.58592],[30.94597,69.58583],[30.94551,69.58552],[30.94536,69.5854],[30.94526,69.58529],[30.94522,69.58522],[30.94519,69.58515],[30.94519,69.58509],[30.94519,69.58503],[30.9452,69.58494],[30.9452,69.58489],[30.9452,69.58485],[30.94518,69.58483],[30.94516,69.58479],[30.94512,69.58476],[30.94505,69.58472],[30.945,69.58468],[30.94494,69.58463],[30.94489,69.58458],[30.94487,69.58454],[30.94484,69.58446],[30.94483,69.58428],[30.94485,69.58411],[30.94488,69.58392],[30.94488,69.58387],[30.94487,69.58379],[30.94482,69.58363],[30.9447,69.58341],[30.9446,69.58326],[30.94443,69.58307],[30.94422,69.58286],[30.94397,69.58266],[30.94342,69.5823],[30.94323,69.58217],[30.94308,69.58201],[30.94303,69.58193],[30.94296,69.58179],[30.94292,69.58161],[30.94295,69.58147],[30.94302,69.58139],[30.94305,69.58135],[30.94315,69.58131],[30.94323,69.58127],[30.9433,69.58125],[30.94337,69.58123],[30.94347,69.58121],[30.94356,69.58119],[30.94365,69.58118],[30.94373,69.58116],[30.94384,69.58115],[30.94398,69.58113],[30.94411,69.5811],[30.94427,69.58108],[30.94429,69.58107],[30.94434,69.58106],[30.94438,69.58105],[30.94444,69.58104],[30.9445,69.58101],[30.94453,69.58099],[30.94457,69.58097],[30.94459,69.58094],[30.9446,69.5809],[30.9446,69.58085],[30.9446,69.58079],[30.9446,69.58072],[30.9446,69.58066],[30.94455,69.58051],[30.9444,69.58024],[30.94423,69.57986],[30.9442,69.57975],[30.9442,69.5796],[30.94433,69.57915],[30.94434,69.57898],[30.94433,69.57889],[30.94427,69.57859],[30.94428,69.57853],[30.94431,69.57846],[30.94435,69.57841],[30.94441,69.57835],[30.94457,69.57822],[30.94475,69.57812],[30.94493,69.57805],[30.94517,69.57798],[30.94534,69.57793],[30.94595,69.57778],[30.94608,69.57774],[30.94619,69.5777],[30.9463,69.57764],[30.94639,69.57758],[30.94647,69.57751],[30.94653,69.57744],[30.94657,69.57732],[30.94656,69.57687],[30.94657,69.57672],[30.94657,69.57653],[30.94655,69.57636],[30.94649,69.57619],[30.94641,69.57608],[30.94631,69.57598],[30.94612,69.57584],[30.94597,69.57577],[30.94579,69.57568],[30.94558,69.5756],[30.94526,69.57549],[30.94483,69.57536],[30.94359,69.57503],[30.94264,69.57474],[30.9418,69.57441],[30.94105,69.57407],[30.94035,69.57366],[30.94008,69.57346],[30.93981,69.57325],[30.93954,69.57302],[30.93931,69.57279],[30.93911,69.57257],[30.93897,69.57241],[30.93887,69.57227],[30.93878,69.57215],[30.9387,69.57203],[30.93862,69.57189],[30.93855,69.57174],[30.93848,69.5716],[30.93845,69.57149],[30.93842,69.57137],[30.93841,69.57126],[30.93841,69.57123],[30.93841,69.57114],[30.93842,69.57103],[30.93843,69.57093],[30.93846,69.57083],[30.93848,69.57075],[30.93852,69.57067],[30.93855,69.57059],[30.93859,69.57052],[30.93863,69.57046],[30.93869,69.57039],[30.93878,69.57029],[30.93885,69.57021],[30.93898,69.57009],[30.93911,69.56996],[30.93924,69.56984],[30.93931,69.56978],[30.93938,69.5697],[30.93946,69.56959],[30.9395,69.5695],[30.93953,69.56941],[30.93955,69.56933],[30.93955,69.5692],[30.93954,69.56903],[30.93952,69.56888],[30.93948,69.56875],[30.93944,69.56865],[30.93938,69.56853],[30.93931,69.56842],[30.93926,69.56834],[30.93915,69.56821],[30.93901,69.56805],[30.93826,69.56722],[30.93812,69.56706],[30.93798,69.56688],[30.9379,69.56675],[30.93785,69.56667],[30.9378,69.56656],[30.93774,69.56643],[30.93771,69.56634],[30.93769,69.56623],[30.93768,69.56609],[30.93767,69.56594],[30.93768,69.56575],[30.9377,69.56559],[30.93772,69.56546],[30.93775,69.56533],[30.93778,69.5652],[30.93783,69.56509],[30.93788,69.56498],[30.93798,69.56481],[30.93814,69.56456],[30.93828,69.56437],[30.93844,69.56418],[30.93924,69.56327],[30.93941,69.56307],[30.9395,69.5629],[30.93951,69.56277],[30.93942,69.56254],[30.9394,69.5625],[30.93931,69.56233],[30.93931,69.56227],[30.93935,69.56221],[30.93946,69.56212],[30.93952,69.56206],[30.93954,69.562],[30.93952,69.56192],[30.93943,69.56183],[30.9393,69.56172],[30.93917,69.56161],[30.93907,69.56147],[30.93902,69.56132],[30.93899,69.56107],[30.93894,69.56103],[30.93888,69.561],[30.93875,69.56097],[30.9386,69.56095],[30.93822,69.56092],[30.93788,69.56088],[30.93714,69.56076],[30.93618,69.56059],[30.93556,69.5605],[30.93487,69.56043],[30.93394,69.56029],[30.93339,69.56024],[30.93292,69.5602],[30.93258,69.56016],[30.93246,69.56012],[30.93239,69.56006],[30.93233,69.55998],[30.9323,69.55992],[30.93225,69.55979],[30.93213,69.55968],[30.932,69.55959],[30.93181,69.55952],[30.93158,69.55944],[30.93138,69.55936],[30.9313,69.55934],[30.93123,69.55933],[30.93114,69.55933],[30.93105,69.55933],[30.93068,69.55937],[30.93037,69.55939],[30.93024,69.55938],[30.93007,69.55936],[30.92985,69.55928],[30.92939,69.55907],[30.92916,69.55894],[30.92898,69.55883],[30.92889,69.55871],[30.92885,69.55861],[30.92889,69.55846],[30.92881,69.55834],[30.92864,69.55824],[30.92841,69.55811],[30.92835,69.55806],[30.92831,69.55796],[30.9283,69.55781],[30.92821,69.55769],[30.928,69.55756],[30.92768,69.5574],[30.92749,69.55731],[30.92742,69.55727],[30.92737,69.55725],[30.92733,69.55723],[30.92727,69.55721],[30.92721,69.55719],[30.92715,69.55717],[30.92707,69.55714],[30.92701,69.55713],[30.92693,69.55711],[30.92685,69.55709],[30.92621,69.55697],[30.92616,69.55696],[30.92609,69.55694],[30.92604,69.55693],[30.92601,69.55692],[30.92597,69.55691],[30.92594,69.55689],[30.92592,69.55688],[30.92589,69.55686],[30.92587,69.55685],[30.92584,69.55683],[30.92581,69.55681],[30.92578,69.55679],[30.92576,69.55678],[30.92572,69.55676],[30.92568,69.55675],[30.92559,69.55672],[30.92554,69.5567],[30.92534,69.55664],[30.92529,69.55663],[30.92522,69.55662],[30.92515,69.55661],[30.92507,69.5566],[30.92495,69.5566],[30.9243,69.5566],[30.92368,69.55661],[30.92361,69.55661],[30.92353,69.5566],[30.92348,69.5566],[30.92342,69.5566],[30.92334,69.55659],[30.92302,69.55654],[30.9225,69.55645],[30.92229,69.55641],[30.9222,69.55639],[30.9221,69.55635],[30.92204,69.55631],[30.92199,69.55626],[30.92196,69.55621],[30.92196,69.55615],[30.922,69.5561],[30.92206,69.55603],[30.92209,69.55597],[30.92207,69.55592],[30.92203,69.55587],[30.92195,69.5558],[30.92177,69.55572],[30.92165,69.55567],[30.92154,69.55565],[30.92144,69.55565],[30.92131,69.55565],[30.92111,69.55566],[30.92085,69.5557],[30.92066,69.55574],[30.92055,69.55577],[30.9204,69.55584],[30.92025,69.55589],[30.9202,69.5559],[30.92015,69.5559],[30.92006,69.55589],[30.91978,69.55584],[30.91937,69.55576],[30.91912,69.55569],[30.91872,69.5556],[30.9186,69.55556],[30.91845,69.55549],[30.91833,69.55544],[30.91815,69.55541],[30.91794,69.55539],[30.9178,69.55537],[30.91747,69.55529],[30.91742,69.55528],[30.91722,69.55524],[30.91697,69.55518],[30.91678,69.55517],[30.91671,69.55517],[30.91665,69.55516],[30.91661,69.55514],[30.91658,69.55511],[30.91657,69.55507],[30.91661,69.55499],[30.91669,69.5549],[30.9168,69.55482],[30.91684,69.55478],[30.91686,69.55472],[30.91687,69.55465],[30.91681,69.55456],[30.91669,69.55443],[30.91651,69.55427],[30.91631,69.55413],[30.91606,69.554],[30.91579,69.55389],[30.91542,69.55377],[30.91513,69.5537],[30.9143,69.5535],[30.91369,69.55339],[30.91296,69.55329],[30.91144,69.55309],[30.91007,69.55294],[30.90857,69.55281],[30.90746,69.55277],[30.90659,69.55276],[30.9057,69.55277],[30.90494,69.55277],[30.90422,69.55274],[30.90355,69.55271],[30.90289,69.55263],[30.90275,69.55262],[30.90263,69.55261],[30.9025,69.5526],[30.90237,69.55259],[30.90224,69.55259],[30.90214,69.55259],[30.90205,69.55259],[30.90195,69.5526],[30.90185,69.5526],[30.90171,69.55261],[30.90152,69.55262],[30.90136,69.55262],[30.90128,69.55262],[30.9012,69.55262],[30.90112,69.55262],[30.90105,69.55262],[30.90099,69.55261],[30.90093,69.5526],[30.90086,69.5526],[30.90077,69.55258],[30.90068,69.55257],[30.90059,69.55255],[30.9005,69.55253],[30.90042,69.55251],[30.90036,69.55249],[30.90027,69.55246],[30.90017,69.55242],[30.90007,69.55238],[30.89999,69.55235],[30.89991,69.55231],[30.89981,69.55226],[30.89971,69.55221],[30.89958,69.55215],[30.89947,69.55208],[30.89935,69.55202],[30.89924,69.55196],[30.89911,69.5519],[30.89897,69.55184],[30.89882,69.55178],[30.89864,69.55171],[30.8984,69.55162],[30.89805,69.55152],[30.89768,69.55141],[30.89723,69.55128],[30.89678,69.55117],[30.8963,69.55105],[30.89571,69.55091],[30.89513,69.55078],[30.89447,69.55064],[30.89381,69.5505],[30.89326,69.55038],[30.89274,69.55028],[30.89215,69.55017],[30.89176,69.55009],[30.89129,69.55],[30.89085,69.54992],[30.8907,69.54988],[30.8905,69.54984],[30.89037,69.54979],[30.89024,69.54975],[30.8901,69.54969],[30.88997,69.54963],[30.88984,69.54956],[30.88968,69.54945],[30.88956,69.54937],[30.88947,69.5493],[30.88939,69.54923],[30.88933,69.54918],[30.88923,69.54909],[30.88912,69.54898],[30.889,69.54885],[30.88885,69.54868],[30.8887,69.5485],[30.88852,69.54832],[30.88836,69.54814],[30.88824,69.548],[30.88811,69.54788],[30.88797,69.54774],[30.88778,69.54758],[30.88759,69.54743],[30.8874,69.54729],[30.88722,69.54715],[30.88701,69.547],[30.88677,69.54684],[30.88651,69.54668],[30.88627,69.54654],[30.88601,69.54641],[30.88577,69.54629],[30.88551,69.54616],[30.88525,69.54604],[30.88496,69.54592],[30.88457,69.54576],[30.88421,69.54561],[30.88418,69.5456],[30.88397,69.54552],[30.88368,69.54542],[30.88326,69.54526],[30.88281,69.54511],[30.8824,69.54498],[30.88194,69.54484],[30.8814,69.54468],[30.88094,69.54456],[30.8806,69.54447],[30.88031,69.54439],[30.88005,69.54431],[30.87974,69.54422],[30.87945,69.54413],[30.87905,69.54399],[30.87879,69.5439],[30.87851,69.54378],[30.87826,69.54367],[30.87803,69.54355],[30.8778,69.54342],[30.87768,69.54335],[30.87757,69.54326],[30.87747,69.54316],[30.87735,69.54305],[30.87732,69.54295],[30.87736,69.54285],[30.8774,69.54277],[30.87736,69.54272],[30.87722,69.54267],[30.87704,69.54265],[30.87682,69.54268],[30.87662,69.54271],[30.87629,69.54276],[30.87589,69.54279],[30.87555,69.5428],[30.87504,69.54276],[30.8746,69.54271],[30.87444,69.54268],[30.87388,69.54259],[30.87359,69.54252],[30.87332,69.54244],[30.87319,69.54242],[30.87283,69.54239],[30.87243,69.54231],[30.87206,69.54226],[30.87192,69.54224],[30.87182,69.54219],[30.87167,69.54206],[30.87156,69.54194],[30.87151,69.54191],[30.87143,69.54189],[30.87122,69.54187],[30.87101,69.54186],[30.87082,69.54184],[30.8707,69.54178],[30.87065,69.54171],[30.87063,69.54161],[30.8706,69.54149],[30.87056,69.54136],[30.87041,69.54124],[30.87022,69.54118],[30.87006,69.54116],[30.86989,69.54114],[30.86982,69.5411],[30.86979,69.54103],[30.86978,69.54094],[30.86971,69.54085],[30.86961,69.54079],[30.86928,69.54069],[30.8689,69.54059],[30.86861,69.54049],[30.86831,69.54034],[30.86826,69.5403],[30.86825,69.54026],[30.86832,69.54018],[30.86831,69.54014],[30.86827,69.54009],[30.86823,69.54003],[30.86817,69.53999],[30.86798,69.53994],[30.86768,69.53989],[30.86753,69.53989],[30.86739,69.53992],[30.86714,69.54],[30.86712,69.54004],[30.86715,69.54009],[30.86728,69.54014],[30.86746,69.54018],[30.86749,69.54021],[30.86747,69.54024],[30.86733,69.54028],[30.8671,69.54031],[30.86696,69.54033],[30.86685,69.54034],[30.86674,69.54034],[30.86664,69.54034],[30.86655,69.54034],[30.86647,69.54034],[30.86637,69.54034],[30.8663,69.54034],[30.86605,69.54033],[30.86593,69.54032],[30.86581,69.54031],[30.86571,69.5403],[30.86561,69.54028],[30.86551,69.54027],[30.86541,69.54025],[30.8653,69.54023],[30.86519,69.54021],[30.86508,69.54018],[30.86498,69.54016],[30.86489,69.54013],[30.86483,69.54011],[30.86477,69.5401],[30.86472,69.54008],[30.86468,69.54006],[30.86464,69.54004],[30.86461,69.54002],[30.86457,69.54],[30.86454,69.53997],[30.86452,69.53994],[30.86451,69.53992],[30.86445,69.53982],[30.86436,69.53971],[30.86381,69.53922],[30.86352,69.53899],[30.86337,69.53886],[30.8631,69.53857],[30.86303,69.53845],[30.86299,69.53825],[30.86295,69.53817],[30.86276,69.53805],[30.86257,69.53794],[30.86249,69.5379],[30.86244,69.53788],[30.86238,69.53787],[30.86233,69.53785],[30.86226,69.53783],[30.86218,69.53781],[30.86209,69.5378],[30.862,69.53778],[30.86191,69.53777],[30.86179,69.53776],[30.86163,69.53775],[30.86153,69.53774],[30.86142,69.53773],[30.8613,69.53773],[30.86118,69.53772],[30.86103,69.53772],[30.86084,69.53772],[30.86069,69.53772],[30.86064,69.53772],[30.8606,69.53772],[30.86057,69.53771],[30.86053,69.53771],[30.8605,69.5377],[30.86046,69.53769],[30.86042,69.53768],[30.86037,69.53767],[30.86034,69.53766],[30.8603,69.53764],[30.86027,69.53763],[30.86005,69.53751],[30.85992,69.53743],[30.85984,69.53738],[30.85976,69.53735],[30.85967,69.53731],[30.85958,69.53728],[30.85948,69.53724],[30.85944,69.53722],[30.85939,69.5372],[30.85934,69.53718],[30.8593,69.53718],[30.85923,69.53716],[30.85915,69.53714],[30.85907,69.53713],[30.85902,69.53713],[30.85891,69.53713],[30.85863,69.53717],[30.85822,69.53718],[30.85796,69.53717],[30.85761,69.5371],[30.85735,69.53708],[30.85703,69.53708],[30.85683,69.53707],[30.85664,69.53708],[30.85622,69.5371],[30.85602,69.53709],[30.85557,69.53705],[30.85528,69.53706],[30.85514,69.53706],[30.85499,69.53705],[30.85487,69.53702],[30.85453,69.53695],[30.85414,69.53689],[30.85366,69.53683],[30.85332,69.53679],[30.85297,69.53676],[30.85273,69.53672],[30.85196,69.53648],[30.85165,69.53642],[30.85147,69.53641],[30.85132,69.53642],[30.85103,69.53647],[30.85076,69.53652],[30.85045,69.53656],[30.85019,69.53657],[30.84996,69.53655],[30.84963,69.53653],[30.84942,69.53653],[30.84932,69.53655],[30.8492,69.53661],[30.84909,69.53665],[30.84898,69.53666],[30.84889,69.53666],[30.84877,69.53663],[30.84861,69.53657],[30.84855,69.53653],[30.84839,69.53646],[30.84827,69.53641],[30.84804,69.53633],[30.84797,69.53627],[30.84792,69.53616],[30.84789,69.53608],[30.84786,69.53604],[30.8478,69.53599],[30.8477,69.53594],[30.84758,69.53589],[30.84747,69.53586],[30.84733,69.53583],[30.84711,69.5358],[30.84682,69.53577],[30.84657,69.53574],[30.84645,69.53572],[30.84624,69.53567],[30.84557,69.53559],[30.84515,69.53556],[30.84498,69.53556],[30.84472,69.53555],[30.84447,69.53553],[30.84408,69.5355],[30.84353,69.53554],[30.84319,69.53555],[30.84271,69.53553],[30.84235,69.53551],[30.84209,69.53549],[30.84176,69.53545],[30.84146,69.5354],[30.84128,69.53535],[30.84121,69.53534],[30.8411,69.53533],[30.841,69.53533],[30.84096,69.53532],[30.84093,69.5353],[30.84084,69.53524],[30.84075,69.5352],[30.84065,69.53517],[30.84055,69.53516],[30.84045,69.53516],[30.84034,69.53517],[30.8402,69.53519],[30.83994,69.53524],[30.83979,69.53525],[30.83964,69.53525],[30.83948,69.53523],[30.83936,69.53521],[30.83925,69.53519],[30.83917,69.53515],[30.83893,69.53505],[30.83872,69.53488],[30.83865,69.53483],[30.8385,69.53479],[30.83833,69.53478],[30.83814,69.53476],[30.83799,69.53472],[30.83787,69.53466],[30.83772,69.53457],[30.83756,69.53446],[30.83753,69.53439],[30.83737,69.53427],[30.83725,69.53418],[30.83722,69.53413],[30.83722,69.5341],[30.83723,69.53407],[30.83726,69.53405],[30.83732,69.53402],[30.83735,69.53399],[30.83735,69.53396],[30.8373,69.53394],[30.83724,69.53392],[30.83714,69.53391],[30.83702,69.5339],[30.83691,69.53391],[30.8368,69.53392],[30.83662,69.53396],[30.83644,69.53398],[30.83631,69.53397],[30.83623,69.53396],[30.83613,69.53393],[30.83608,69.53388],[30.83606,69.53383],[30.83602,69.53368],[30.83595,69.53358],[30.83589,69.53352],[30.8358,69.53346],[30.83563,69.53338],[30.83547,69.53331],[30.83529,69.53326],[30.83512,69.53319],[30.83503,69.53316],[30.83495,69.53312],[30.83488,69.53307],[30.83481,69.53302],[30.83471,69.53298],[30.83461,69.53294],[30.83445,69.53289],[30.83428,69.53285],[30.8339,69.53279],[30.83365,69.53273],[30.8334,69.53266],[30.83326,69.53261],[30.83318,69.53257],[30.83314,69.53251],[30.83316,69.53242],[30.83316,69.53237],[30.83312,69.53233],[30.83303,69.53229],[30.83292,69.53226],[30.83274,69.53222],[30.83249,69.53219],[30.83229,69.53216],[30.83206,69.53214],[30.83189,69.53211],[30.8318,69.53208],[30.83174,69.532],[30.83161,69.53189],[30.83146,69.53181],[30.83131,69.53174],[30.83115,69.53167],[30.83099,69.53161],[30.8308,69.53156],[30.83054,69.53152],[30.83034,69.53149],[30.83004,69.53145],[30.8298,69.53143],[30.82969,69.53143],[30.82949,69.53143],[30.82942,69.53142],[30.82935,69.53142],[30.82926,69.5314],[30.8292,69.5314],[30.82913,69.5314],[30.82908,69.53141],[30.82888,69.53149],[30.82877,69.53151],[30.82859,69.53152],[30.82841,69.53151],[30.82826,69.53149],[30.82819,69.53147],[30.82802,69.53145],[30.82761,69.53142],[30.82744,69.5314],[30.82734,69.53139],[30.82725,69.53135],[30.8272,69.53132],[30.82717,69.53127],[30.82713,69.53115],[30.82708,69.53111],[30.82693,69.53103],[30.82688,69.53099],[30.82682,69.53095],[30.82674,69.53092],[30.82669,69.53092],[30.82663,69.53093],[30.82656,69.53094],[30.82638,69.53099],[30.82623,69.53103],[30.82609,69.53106],[30.82595,69.53107],[30.82582,69.53108],[30.82566,69.53108],[30.82519,69.53109],[30.82486,69.53109],[30.82449,69.53109],[30.82431,69.5311],[30.82418,69.53112],[30.82397,69.53118],[30.82379,69.53123],[30.82374,69.53125],[30.82366,69.53134],[30.82359,69.53138],[30.82349,69.53141],[30.82341,69.53142],[30.82328,69.53143],[30.82316,69.53142],[30.82305,69.53142],[30.82295,69.5314],[30.82283,69.53138],[30.82276,69.53136],[30.82269,69.53132],[30.82266,69.53127],[30.82268,69.53117],[30.82267,69.53106],[30.82269,69.53102],[30.82282,69.53093],[30.82294,69.53086],[30.82302,69.53079],[30.82303,69.53073],[30.82302,69.53066],[30.82297,69.53058],[30.82293,69.53054],[30.82284,69.5305],[30.82272,69.53045],[30.82256,69.53043],[30.82242,69.53042],[30.82223,69.5304],[30.82199,69.53039],[30.82169,69.53036],[30.82154,69.53033],[30.82138,69.53029],[30.82118,69.53023],[30.82104,69.53021],[30.82088,69.53022],[30.82072,69.53023],[30.82044,69.53028],[30.8203,69.53029],[30.82017,69.53029],[30.82007,69.53028],[30.82,69.53027],[30.81993,69.53025],[30.81989,69.53023],[30.81984,69.53021],[30.81977,69.53017],[30.81973,69.53013],[30.81971,69.53007],[30.81969,69.53001],[30.81965,69.52995],[30.81956,69.52989],[30.81944,69.52985],[30.81933,69.52982],[30.81914,69.52978],[30.81898,69.52971],[30.81888,69.52969],[30.81879,69.52968],[30.81868,69.52967],[30.81859,69.52966],[30.81853,69.52965],[30.81848,69.52964],[30.81845,69.52962],[30.81844,69.52961],[30.81843,69.52959],[30.81842,69.52955],[30.8184,69.52952],[30.81837,69.52951],[30.81833,69.52949],[30.81829,69.52947],[30.81817,69.52944],[30.81794,69.52939],[30.81784,69.52936],[30.81776,69.52934],[30.81772,69.52932],[30.8177,69.52929],[30.81768,69.52925],[30.8177,69.52922],[30.81772,69.5292],[30.81776,69.52918],[30.81784,69.52914],[30.81796,69.52909],[30.81809,69.52905],[30.81814,69.52903],[30.81816,69.52901],[30.81818,69.52899],[30.81818,69.52896],[30.81817,69.52894],[30.81813,69.52892],[30.81808,69.52891],[30.81799,69.52889],[30.81785,69.52887],[30.81772,69.52886],[30.81762,69.52885],[30.81753,69.52884],[30.81731,69.52884],[30.81722,69.52883],[30.8171,69.52882],[30.81701,69.52879],[30.81691,69.52876],[30.81683,69.52875],[30.81676,69.52874],[30.81668,69.52874],[30.81657,69.52875],[30.81645,69.52878],[30.81633,69.52882],[30.81629,69.52884],[30.81604,69.52895],[30.81597,69.52897],[30.81582,69.52899],[30.81565,69.52901],[30.81542,69.52903],[30.81512,69.52904],[30.81488,69.52904],[30.8145,69.52901],[30.81429,69.52899],[30.814,69.52895],[30.81377,69.52891],[30.81337,69.52884],[30.81304,69.52878],[30.81286,69.52876],[30.81272,69.52875],[30.81264,69.52875],[30.81259,69.52875],[30.81249,69.52875],[30.81236,69.52875],[30.81225,69.52875],[30.8117,69.52877],[30.81157,69.52878],[30.81117,69.5288],[30.81057,69.52881],[30.81042,69.52881],[30.81031,69.52882],[30.81006,69.52883],[30.80996,69.52884],[30.80986,69.52885],[30.80973,69.52887],[30.80957,69.52889],[30.80949,69.5289],[30.80944,69.5289],[30.80936,69.52891],[30.80927,69.52891],[30.80921,69.52892],[30.80913,69.52892],[30.80905,69.52892],[30.80899,69.52892],[30.80895,69.52892],[30.80887,69.52893],[30.80878,69.52894],[30.80865,69.52896],[30.80858,69.52897],[30.8085,69.52898],[30.80843,69.52899],[30.80836,69.52899],[30.80827,69.529],[30.80816,69.52901],[30.80795,69.52902],[30.80774,69.52903],[30.80757,69.52903],[30.80742,69.52904],[30.80733,69.52904],[30.80725,69.52905],[30.80713,69.52907],[30.80663,69.52916],[30.80649,69.52919],[30.80648,69.52919],[30.8064,69.52922],[30.80627,69.52925],[30.80626,69.52926],[30.80622,69.52927],[30.80617,69.52929],[30.80611,69.5293],[30.80606,69.5293],[30.80602,69.52931],[30.80594,69.52931],[30.80584,69.5293],[30.80576,69.52928],[30.80569,69.52927],[30.80563,69.52925],[30.80558,69.52924],[30.80552,69.52922],[30.80549,69.52921],[30.80545,69.52919],[30.80542,69.52918],[30.80539,69.52915],[30.80536,69.52912],[30.8053,69.52906],[30.80525,69.52902],[30.8052,69.529],[30.80515,69.52898],[30.8051,69.52896],[30.80504,69.52895],[30.80494,69.52893],[30.8048,69.52891],[30.80465,69.52889],[30.8045,69.52888],[30.80439,69.52887],[30.80426,69.52886],[30.80413,69.52885],[30.80391,69.52885],[30.80381,69.52885],[30.80371,69.52885],[30.80362,69.52885],[30.80355,69.52885],[30.80348,69.52886],[30.80338,69.52887],[30.80324,69.52889],[30.80295,69.52894],[30.80283,69.52896],[30.80275,69.52897],[30.80266,69.52898],[30.80256,69.52899],[30.80244,69.529],[30.80226,69.52902],[30.80207,69.52904],[30.80195,69.52906],[30.80183,69.52908],[30.80173,69.5291],[30.80166,69.52912],[30.80161,69.52914],[30.80154,69.52916],[30.80147,69.52918],[30.8012,69.5293],[30.8011,69.52934],[30.80103,69.52937],[30.80097,69.52939],[30.80089,69.52942],[30.80082,69.52944],[30.80071,69.52947],[30.80056,69.5295],[30.80049,69.52952],[30.80041,69.52953],[30.80032,69.52954],[30.80022,69.52955],[30.8001,69.52957],[30.80002,69.52958],[30.79994,69.5296],[30.79978,69.52964],[30.79933,69.52974],[30.79921,69.52977],[30.79912,69.5298],[30.79906,69.52982],[30.79902,69.52983],[30.79898,69.52985],[30.79894,69.52987],[30.7989,69.52988],[30.79885,69.52989],[30.79879,69.5299],[30.79872,69.52992],[30.79863,69.52992],[30.79853,69.52993],[30.79845,69.52995],[30.79841,69.52995],[30.79835,69.52997],[30.79821,69.53],[30.79792,69.5301],[30.79781,69.53014],[30.79773,69.53016],[30.79768,69.53019],[30.79764,69.53021],[30.79759,69.53024],[30.7975,69.53029],[30.79732,69.53041],[30.79721,69.53047],[30.79706,69.53053],[30.79696,69.53056],[30.79683,69.53059],[30.79674,69.53061],[30.79668,69.53064],[30.7966,69.53069],[30.79649,69.53079],[30.79638,69.53088],[30.79625,69.53096],[30.79618,69.531],[30.79608,69.53103],[30.79596,69.53107],[30.7957,69.53114],[30.79556,69.53117],[30.7954,69.53122],[30.79518,69.53129],[30.79495,69.53137],[30.79477,69.53142],[30.79466,69.53144],[30.79456,69.53146],[30.79447,69.53148],[30.79432,69.5315],[30.79417,69.53152],[30.79386,69.53155],[30.79364,69.53158],[30.7935,69.53159],[30.79334,69.5316],[30.79312,69.53162],[30.79293,69.53164],[30.7927,69.53167],[30.79209,69.53176],[30.79191,69.53178],[30.79149,69.53186],[30.79148,69.53186],[30.79145,69.53186],[30.79137,69.53187],[30.79128,69.53188],[30.79119,69.53188],[30.79109,69.53188],[30.79078,69.53188],[30.79065,69.53189],[30.79055,69.53189],[30.79047,69.5319],[30.79038,69.53191],[30.79024,69.53193],[30.79005,69.53197],[30.78993,69.53198],[30.78978,69.532],[30.78968,69.53201],[30.78957,69.53201],[30.78941,69.53202],[30.78924,69.53203],[30.78913,69.53204],[30.78905,69.53205],[30.78892,69.53207],[30.78882,69.53209],[30.78873,69.53211],[30.78856,69.53216],[30.78839,69.5322],[30.78813,69.53228],[30.78784,69.53237],[30.78776,69.53239],[30.78769,69.53241],[30.78761,69.53243],[30.78753,69.53244],[30.78747,69.53244],[30.78742,69.53244],[30.78733,69.53244],[30.78721,69.53243],[30.7871,69.53243],[30.78686,69.53243],[30.78676,69.53243],[30.78659,69.53242],[30.78649,69.53242],[30.78642,69.53241],[30.78633,69.5324],[30.78625,69.53239],[30.7862,69.53238],[30.78616,69.53237],[30.78609,69.53235],[30.7859,69.53234],[30.78572,69.53233],[30.78566,69.53232],[30.78563,69.53231],[30.7856,69.5323],[30.78559,69.53228],[30.78557,69.53227],[30.78556,69.53225],[30.78553,69.53224],[30.78549,69.53223],[30.78544,69.53222],[30.7853,69.53221],[30.7852,69.53219],[30.78509,69.53219],[30.78499,69.5322],[30.78491,69.53221],[30.7849,69.53221],[30.78487,69.53222],[30.78475,69.53222],[30.78463,69.53221],[30.78436,69.53218],[30.7842,69.53217],[30.78409,69.53217],[30.78385,69.53219],[30.78372,69.5322],[30.7836,69.53221],[30.78349,69.53221],[30.7834,69.53221],[30.7833,69.53221],[30.78319,69.5322],[30.78312,69.5322],[30.78307,69.53219],[30.78302,69.53217],[30.78299,69.53216],[30.78292,69.53213],[30.78283,69.53209],[30.78275,69.53205],[30.78266,69.53201],[30.78255,69.53198],[30.78248,69.53195],[30.78239,69.53194],[30.78233,69.53193],[30.78225,69.53192],[30.78217,69.53191],[30.78208,69.53191],[30.78197,69.53191],[30.78182,69.53192],[30.78172,69.53193],[30.78163,69.53193],[30.78151,69.53194],[30.78139,69.53194],[30.78129,69.53194],[30.78122,69.53195],[30.78107,69.53197],[30.78091,69.532],[30.7809,69.532],[30.78072,69.53203],[30.78062,69.53204],[30.78051,69.53205],[30.78041,69.53205],[30.78027,69.53205],[30.78005,69.53205],[30.7794,69.53204],[30.77923,69.53204],[30.77911,69.53204],[30.77903,69.53205],[30.77886,69.53207],[30.7787,69.53208],[30.77857,69.53209],[30.77842,69.53209],[30.77825,69.53209],[30.77795,69.53209],[30.77774,69.53209],[30.77754,69.53209],[30.7774,69.5321],[30.77727,69.5321],[30.77711,69.53209],[30.77692,69.53208],[30.77636,69.53204],[30.77596,69.53201],[30.7756,69.53199],[30.77533,69.53196],[30.77514,69.53194],[30.77497,69.53192],[30.7748,69.5319],[30.77446,69.53185],[30.77397,69.53176],[30.77389,69.53175],[30.77372,69.53173],[30.7736,69.53172],[30.77353,69.53171],[30.77343,69.53171],[30.77337,69.53171],[30.77329,69.53171],[30.77318,69.53171],[30.77304,69.53171],[30.7728,69.53172],[30.77251,69.53174],[30.77243,69.53174],[30.77235,69.53174],[30.77228,69.53174],[30.77221,69.53174],[30.77211,69.53173],[30.77199,69.53171],[30.77181,69.5317],[30.77166,69.53168],[30.77156,69.53168],[30.77149,69.53168],[30.7714,69.53168],[30.77132,69.53168],[30.77126,69.53168],[30.77119,69.53169],[30.77112,69.5317],[30.77104,69.53171],[30.77096,69.53172],[30.77088,69.53174],[30.77079,69.53176],[30.77064,69.53181],[30.77051,69.53186],[30.77042,69.53188],[30.77034,69.5319],[30.77008,69.53195],[30.76996,69.53198],[30.76987,69.532],[30.76974,69.53201],[30.76963,69.53203],[30.76957,69.53204],[30.76952,69.53206],[30.76947,69.53208],[30.76939,69.5321],[30.76934,69.53212],[30.76926,69.53213],[30.7692,69.53214],[30.76914,69.53215],[30.76903,69.53216],[30.76899,69.53216],[30.76895,69.53216],[30.76888,69.53218],[30.76882,69.53219],[30.76873,69.53221],[30.76866,69.53223],[30.76857,69.53224],[30.7685,69.53225],[30.76845,69.53226],[30.7684,69.53227],[30.76833,69.53229],[30.76819,69.53232],[30.76809,69.53234],[30.76803,69.53236],[30.76797,69.53238],[30.7679,69.5324],[30.76783,69.53242],[30.76775,69.53243],[30.76771,69.53243],[30.76768,69.53243],[30.7676,69.53242],[30.76749,69.5324],[30.76741,69.53239],[30.76732,69.53238],[30.76723,69.53238],[30.76716,69.53238],[30.76712,69.53238],[30.76694,69.53238],[30.76674,69.53238],[30.76663,69.53238],[30.76648,69.53239],[30.76638,69.53239],[30.76629,69.53239],[30.76604,69.5324],[30.76586,69.5324],[30.7658,69.53241],[30.76576,69.53241],[30.7657,69.53242],[30.76563,69.53243],[30.76557,69.53244],[30.76556,69.53244],[30.76549,69.53246],[30.76536,69.5325],[30.76527,69.53253],[30.7652,69.53254],[30.76514,69.53256],[30.76506,69.53257],[30.76495,69.53259],[30.7648,69.53261],[30.76462,69.53263],[30.76448,69.53265],[30.76436,69.53268],[30.76415,69.53272],[30.76411,69.53273],[30.76406,69.53274],[30.76401,69.53274],[30.76394,69.53274],[30.76388,69.53274],[30.76382,69.53273],[30.76374,69.53272],[30.76365,69.53271],[30.76358,69.5327],[30.7635,69.5327],[30.76344,69.5327],[30.76337,69.53269],[30.7633,69.5327],[30.76324,69.5327],[30.76317,69.53271],[30.76309,69.53272],[30.76302,69.53274],[30.76294,69.53276],[30.76287,69.53279],[30.76282,69.53281],[30.76279,69.53283],[30.76276,69.53286],[30.76276,69.53288],[30.76276,69.5329],[30.76277,69.53293],[30.76279,69.53298],[30.76281,69.53302],[30.76282,69.53305],[30.76281,69.53308],[30.76279,69.5331],[30.76277,69.53312],[30.76274,69.53314],[30.7627,69.53317],[30.7626,69.53326],[30.76251,69.53332],[30.76245,69.53336],[30.76242,69.53337],[30.76236,69.53339],[30.7623,69.53339],[30.76219,69.53341],[30.76204,69.53342],[30.76195,69.53343],[30.76186,69.53345],[30.76178,69.53346],[30.76168,69.53348],[30.76157,69.53351],[30.76144,69.53355],[30.76137,69.53358],[30.76132,69.5336],[30.76128,69.53362],[30.76123,69.53363],[30.76119,69.53364],[30.76112,69.53364],[30.76105,69.53365],[30.76098,69.53366],[30.76092,69.53367],[30.76072,69.53371],[30.76044,69.53376],[30.7604,69.53376],[30.76036,69.53376],[30.76031,69.53376],[30.76026,69.53375],[30.76021,69.53373],[30.76013,69.53371],[30.76006,69.53369],[30.75978,69.53359],[30.75971,69.53356],[30.75965,69.53355],[30.75959,69.53354],[30.75951,69.53354],[30.75941,69.53353],[30.75929,69.53353],[30.75922,69.53352],[30.75915,69.53351],[30.75906,69.5335],[30.75896,69.53348],[30.75889,69.53347],[30.75881,69.53347],[30.75871,69.53347],[30.75852,69.53347],[30.75837,69.53347],[30.75831,69.53347],[30.75823,69.53346],[30.75808,69.53345],[30.75793,69.53344],[30.75779,69.53342],[30.75758,69.53338],[30.75731,69.53333],[30.75714,69.5333],[30.75699,69.53328],[30.75682,69.53326],[30.75661,69.53324],[30.75636,69.53323],[30.75614,69.53321],[30.75594,69.5332],[30.75579,69.5332],[30.75567,69.5332],[30.75556,69.5332],[30.75547,69.53321],[30.75539,69.53323],[30.75534,69.53325],[30.75528,69.53328],[30.75524,69.53329],[30.7552,69.5333],[30.75513,69.53331],[30.75507,69.53331],[30.755,69.53331],[30.75475,69.53332],[30.7545,69.53332],[30.75433,69.53333],[30.75414,69.53334],[30.75402,69.53335],[30.75391,69.53336],[30.7538,69.53337],[30.75368,69.53339],[30.75347,69.53342],[30.75338,69.53343],[30.7533,69.53344],[30.75321,69.53344],[30.75298,69.53345],[30.75286,69.53345],[30.75275,69.53345],[30.75266,69.53345],[30.75259,69.53344],[30.75249,69.53343],[30.75243,69.53341],[30.75235,69.53339],[30.75221,69.53335],[30.75211,69.53333],[30.75204,69.53332],[30.75198,69.53331],[30.75191,69.53331],[30.75186,69.53331],[30.75182,69.53331],[30.75178,69.53331],[30.75174,69.53332],[30.75167,69.53334],[30.75157,69.53337],[30.75148,69.5334],[30.75139,69.53343],[30.75127,69.53345],[30.75113,69.53348],[30.75101,69.5335],[30.75093,69.53351],[30.75089,69.53352],[30.75076,69.53353],[30.7506,69.53353],[30.75037,69.53351],[30.7501,69.53349],[30.74994,69.53348],[30.74986,69.53347],[30.74966,69.53344],[30.74956,69.53343],[30.74947,69.53342],[30.7494,69.53342],[30.74933,69.53341],[30.74927,69.53341],[30.74923,69.53341],[30.74921,69.5334],[30.74919,69.5334],[30.74918,69.53339],[30.74916,69.53338],[30.74913,69.53336],[30.74911,69.53335],[30.74907,69.53333],[30.74903,69.53332],[30.749,69.53331],[30.74892,69.5333],[30.74886,69.5333],[30.74879,69.53329],[30.74872,69.53329],[30.74864,69.53329],[30.74856,69.53329],[30.74847,69.53329],[30.74816,69.53331],[30.74792,69.53333],[30.74778,69.53334],[30.74768,69.53334],[30.7476,69.53334],[30.74753,69.53334],[30.74746,69.53334],[30.74737,69.53333],[30.74728,69.53333],[30.74721,69.53333],[30.74714,69.53333],[30.74707,69.53333],[30.747,69.53334],[30.74692,69.53334],[30.74689,69.53335],[30.74686,69.53335],[30.74684,69.53335],[30.74681,69.53335],[30.74679,69.53334],[30.74678,69.53334],[30.74676,69.53333],[30.74674,69.53332],[30.74672,69.53331],[30.74668,69.53327],[30.74666,69.53324],[30.74664,69.53322],[30.74662,69.53321],[30.74658,69.5332],[30.74653,69.53319],[30.74646,69.53318],[30.74638,69.53318],[30.74631,69.53319],[30.74623,69.53319],[30.74617,69.5332],[30.7461,69.5332],[30.74603,69.53321],[30.74595,69.53323],[30.74588,69.53325],[30.74577,69.53328],[30.74564,69.53333],[30.74558,69.53335],[30.74553,69.53336],[30.74547,69.53337],[30.74538,69.53337],[30.7453,69.53337],[30.74521,69.53337],[30.74513,69.53336],[30.74505,69.53334],[30.74501,69.53333],[30.74497,69.53332],[30.74493,69.5333],[30.74491,69.53329],[30.7449,69.53327],[30.74489,69.53325],[30.74488,69.53324],[30.74488,69.53321],[30.74488,69.53317],[30.74486,69.53313],[30.74485,69.53311],[30.74482,69.53308],[30.74478,69.53305],[30.74477,69.53304],[30.74461,69.53286],[30.74443,69.53288],[30.74386,69.53293],[30.73493,69.53387],[30.72013,69.53542],[30.70888,69.53659],[30.69312,69.53804],[30.6882,69.53849],[30.68176,69.53908],[30.66856,69.54029],[30.66506,69.54061],[30.66422,69.54069],[30.64673,69.54095],[30.62592,69.54126],[30.60337,69.5416],[30.60026,69.54165],[30.58876,69.5418],[30.58371,69.54186],[30.57541,69.54197],[30.56618,69.54209],[30.5566,69.54177],[30.54784,69.54148],[30.5355,69.54107],[30.52859,69.54084],[30.52283,69.54065],[30.51598,69.54042],[30.50756,69.54796],[30.49792,69.55237],[30.48159,69.55982],[30.47445,69.56352],[30.46584,69.56753],[30.45471,69.57271],[30.45241,69.57378],[30.44782,69.57591],[30.43686,69.58102],[30.4351,69.58184],[30.42914,69.5846],[30.42585,69.58613],[30.4212,69.5883],[30.41772,69.58991],[30.41427,69.5911],[30.41136,69.5921],[30.4026,69.59511],[30.40004,69.59599],[30.39458,69.59786],[30.38716,69.6004],[30.38196,69.60219],[30.37799,69.60355],[30.37592,69.60426],[30.36935,69.60651],[30.36749,69.60715],[30.3594,69.60991],[30.3583,69.61029],[30.35134,69.61266],[30.3381,69.61719],[30.32232,69.62257],[30.31669,69.62449],[30.30905,69.62709],[30.30383,69.62887],[30.30249,69.62928],[30.29843,69.63051],[30.2943,69.63177],[30.29064,69.63289],[30.28816,69.63364],[30.27513,69.6376],[30.27147,69.63872],[30.26653,69.64022],[30.25345,69.64419],[30.2473,69.64606],[30.23616,69.64944],[30.23563,69.6496],[30.2289,69.65164],[30.22403,69.65312],[30.21475,69.65521],[30.2096,69.65637],[30.20397,69.65763],[30.18477,69.66195],[30.18209,69.66255],[30.17703,69.66368],[30.17083,69.66507],[30.16444,69.66651],[30.15777,69.66801],[30.15317,69.66904],[30.15167,69.66938],[30.14411,69.66831],[30.13756,69.66738],[30.13571,69.66711],[30.13022,69.66633],[30.12614,69.66576],[30.11986,69.66486],[30.11931,69.66478],[30.11633,69.66436],[30.11196,69.66374],[30.0989,69.66098],[30.08533,69.6581],[30.08529,69.6581],[30.08592,69.6565],[30.08835,69.65032],[30.09129,69.64284],[30.09985,69.64296],[30.10546,69.64305],[30.10845,69.64309],[30.10973,69.64311],[30.12301,69.6433],[30.12387,69.64331],[30.125,69.64333],[30.12574,69.64334],[30.12873,69.64339],[30.13143,69.64343],[30.13276,69.64345],[30.13783,69.64352],[30.13802,69.64272],[30.13808,69.6425],[30.13817,69.64223],[30.13824,69.64205],[30.13832,69.64185],[30.13844,69.64162],[30.1386,69.64129],[30.13894,69.64065],[30.13928,69.6401],[30.13987,69.63921],[30.14059,69.63826],[30.14108,69.63771],[30.1414,69.63733],[30.1417,69.63702],[30.14278,69.63595],[30.14319,69.6355],[30.1438,69.63483],[30.14447,69.63407],[30.14519,69.63316],[30.14573,69.63242],[30.14582,69.63225],[30.14586,69.63212],[30.14589,69.63198],[30.1459,69.6318],[30.14589,69.63152],[30.14587,69.63125],[30.14588,69.63113],[30.14591,69.63101],[30.14597,69.63091],[30.14607,69.63079],[30.14623,69.63064],[30.14644,69.63047],[30.14788,69.62945],[30.1485,69.62902],[30.14869,69.62886],[30.14885,69.6287],[30.149,69.62855],[30.14913,69.6284],[30.14921,69.62829],[30.14927,69.62819],[30.14932,69.62804],[30.14935,69.6279],[30.14937,69.62772],[30.14938,69.6275],[30.14938,69.62723],[30.14935,69.62659],[30.14931,69.6261],[30.14928,69.62549],[30.1493,69.62518],[30.14935,69.62493],[30.14946,69.62459],[30.14966,69.62421],[30.15001,69.62365],[30.15073,69.62246],[30.15105,69.62182],[30.15128,69.62129],[30.1515,69.62065],[30.15166,69.62006],[30.15177,69.61954],[30.15184,69.61912],[30.15185,69.61878],[30.15184,69.61842],[30.15162,69.61703],[30.1516,69.61672],[30.15164,69.61648],[30.15173,69.61621],[30.15185,69.61599],[30.15204,69.61576],[30.1524,69.61538],[30.1537,69.61408],[30.15404,69.61376],[30.15418,69.61365],[30.15429,69.61353],[30.15439,69.61341],[30.15448,69.61328],[30.15455,69.61313],[30.15459,69.613],[30.15461,69.61287],[30.15461,69.61275],[30.15459,69.61261],[30.15453,69.61243],[30.15445,69.61227],[30.15432,69.61206],[30.1542,69.61191],[30.15406,69.61177],[30.15382,69.61156],[30.15301,69.61088],[30.15288,69.61076],[30.15282,69.61071],[30.15278,69.61065],[30.15273,69.61058],[30.15268,69.6105],[30.15263,69.61038],[30.15257,69.61022],[30.15253,69.61001],[30.15252,69.60985],[30.15253,69.60968],[30.15258,69.60945],[30.15262,69.6093],[30.15271,69.60912],[30.1528,69.60896],[30.15293,69.60878],[30.15307,69.60862],[30.15321,69.60848],[30.1534,69.60833],[30.15352,69.60824],[30.15366,69.60815],[30.15378,69.60808],[30.1539,69.60803],[30.15401,69.60799],[30.15416,69.60794],[30.15434,69.6079],[30.15753,69.60724],[30.15785,69.60716],[30.15805,69.6071],[30.15821,69.60702],[30.15832,69.60697],[30.15846,69.60687],[30.15859,69.60672],[30.1587,69.60659],[30.15885,69.60634],[30.15896,69.60609],[30.15915,69.60563],[30.15926,69.60538],[30.15951,69.60471],[30.15958,69.60447],[30.15967,69.60406],[30.15985,69.60226],[30.15995,69.60147],[30.16005,69.60099],[30.16011,69.60069],[30.16023,69.60034],[30.16042,69.59994],[30.1606,69.59964],[30.16082,69.59929],[30.16108,69.5989],[30.16176,69.59798],[30.16246,69.59712],[30.16413,69.59532],[30.16583,69.5935],[30.16682,69.59252],[30.1676,69.59174],[30.16809,69.5913],[30.16877,69.59079],[30.16907,69.5906],[30.16947,69.59037],[30.16985,69.59019],[30.17069,69.58984],[30.17168,69.58946],[30.17618,69.58798],[30.17701,69.58768],[30.17775,69.5874],[30.17863,69.58695],[30.17942,69.58646],[30.17991,69.58605],[30.18021,69.58573],[30.18043,69.58535],[30.18065,69.58492],[30.18077,69.58448],[30.18078,69.58425],[30.18075,69.58395],[30.18065,69.58364],[30.18052,69.58335],[30.18033,69.58294],[30.18007,69.58252],[30.17985,69.58222],[30.17955,69.58181],[30.17936,69.58152],[30.17921,69.58122],[30.17908,69.58077],[30.17902,69.58041],[30.17904,69.58001],[30.17914,69.57953],[30.1793,69.57914],[30.17948,69.57876],[30.17974,69.57832],[30.17999,69.57795],[30.18039,69.57751],[30.18135,69.57659],[30.18259,69.57546],[30.1854,69.57281],[30.18567,69.57252],[30.18648,69.57164],[30.18703,69.57096],[30.18731,69.57064],[30.18753,69.57037],[30.1877,69.57013],[30.18787,69.56987],[30.18801,69.5696],[30.18814,69.56925],[30.18824,69.56888],[30.1883,69.56846],[30.18832,69.56786],[30.18832,69.56743],[30.18821,69.56635],[30.18812,69.56583],[30.18791,69.56514],[30.18752,69.56423],[30.18728,69.56377],[30.18692,69.56319],[30.18657,69.56275],[30.18621,69.56237],[30.18586,69.56207],[30.18549,69.56184],[30.18491,69.56157],[30.18413,69.56124],[30.18284,69.56071],[30.18244,69.56053],[30.18204,69.56033],[30.18168,69.56011],[30.18137,69.55989],[30.18109,69.55963],[30.18087,69.55939],[30.18071,69.55908],[30.18061,69.55877],[30.18056,69.55846],[30.18057,69.55812],[30.18064,69.55778],[30.1807,69.55762],[30.18081,69.55741],[30.18107,69.55705],[30.18133,69.55673],[30.18155,69.55646],[30.18196,69.55599],[30.18227,69.55563],[30.18453,69.55335],[30.18487,69.55298],[30.18517,69.55258],[30.18536,69.55231],[30.1855,69.55198],[30.18558,69.55166],[30.18563,69.55131],[30.18565,69.55093],[30.1856,69.55057],[30.18549,69.55022],[30.18528,69.54983],[30.18503,69.5495],[30.1847,69.54916],[30.18419,69.54874],[30.18343,69.54819],[30.18092,69.54657],[30.1805,69.54628],[30.18021,69.54607],[30.17996,69.54587],[30.17976,69.54565],[30.1796,69.54541],[30.17946,69.54512],[30.17936,69.54484],[30.17927,69.54445],[30.1792,69.54408],[30.17916,69.54353],[30.17911,69.54277],[30.17905,69.54183],[30.17902,69.54131],[30.17894,69.54095],[30.17883,69.54057],[30.17866,69.54019],[30.17846,69.53984],[30.17814,69.53935],[30.17772,69.53878],[30.17716,69.53811],[30.17635,69.53722],[30.17545,69.53633],[30.17455,69.53557],[30.1741,69.53521],[30.17309,69.53447],[30.17285,69.53431],[30.17256,69.53414],[30.17229,69.53398],[30.17195,69.53381],[30.17167,69.53367],[30.17143,69.53357],[30.17116,69.53347],[30.17081,69.53335],[30.17045,69.53326],[30.1702,69.5332],[30.16988,69.53314],[30.16967,69.53311],[30.16941,69.53308],[30.16915,69.53307],[30.16883,69.53306],[30.16836,69.53307],[30.16791,69.5331],[30.16726,69.53317],[30.16657,69.53327],[30.16501,69.5335],[30.16475,69.53353],[30.16445,69.53357],[30.16416,69.53359],[30.16386,69.53361],[30.16356,69.53362],[30.16325,69.53362],[30.16295,69.53362],[30.16257,69.53361],[30.16221,69.5336],[30.16188,69.53358],[30.16159,69.53355],[30.16133,69.53353],[30.1611,69.5335],[30.16077,69.53345],[30.16045,69.53339],[30.1601,69.53333],[30.15938,69.53318],[30.15173,69.53157],[30.15092,69.53138],[30.15064,69.5313],[30.15048,69.53125],[30.15034,69.53121],[30.15021,69.53116],[30.15006,69.5311],[30.14993,69.53104],[30.1498,69.53097],[30.14969,69.53091],[30.14956,69.53084],[30.14939,69.53073],[30.14902,69.53046],[30.1478,69.5296],[30.14634,69.52857],[30.14327,69.5264],[30.14309,69.52631],[30.14284,69.5262],[30.14268,69.52615],[30.14253,69.5261],[30.14218,69.52599],[30.14188,69.5259],[30.14162,69.52582],[30.141,69.52566],[30.14068,69.52559],[30.14033,69.52551],[30.13972,69.52539],[30.13883,69.52524],[30.13786,69.52509],[30.1366,69.5249],[30.1356,69.52476],[30.13483,69.52464],[30.13414,69.5245],[30.13344,69.52433],[30.13271,69.52412],[30.13224,69.52398],[30.13173,69.5238],[30.13115,69.52357],[30.13059,69.52335],[30.13015,69.52315],[30.12979,69.52297],[30.12929,69.52268],[30.1286,69.52226],[30.12789,69.52178],[30.12712,69.52122],[30.12667,69.52087],[30.12613,69.52043],[30.12559,69.51997],[30.12484,69.51928],[30.12413,69.51857],[30.12353,69.51796],[30.12309,69.51748],[30.12238,69.51668],[30.12199,69.5162],[30.12164,69.51577],[30.12116,69.51513],[30.12076,69.51453],[30.12049,69.51413],[30.12026,69.51374],[30.11997,69.5132],[30.11969,69.51264],[30.11944,69.51204],[30.11917,69.51131],[30.11889,69.51051],[30.11861,69.50962],[30.11819,69.50795],[30.11795,69.50657],[30.11778,69.50534],[30.11754,69.5027],[30.1174,69.5014],[30.11736,69.50115],[30.1172,69.50077],[30.11706,69.50055],[30.11685,69.50025],[30.11665,69.49989],[30.11658,69.49956],[30.11662,69.49925],[30.11677,69.49867],[30.11691,69.49817],[30.11704,69.49763],[30.11712,69.49702],[30.11726,69.49609],[30.11732,69.49517],[30.11729,69.49441],[30.11727,69.49355],[30.11726,69.49255],[30.11732,69.49185],[30.11743,69.49133],[30.1176,69.49082],[30.11776,69.49037],[30.11817,69.4893],[30.11842,69.48847],[30.11845,69.48805],[30.11836,69.48741],[30.11813,69.48684],[30.11785,69.48642],[30.11741,69.48596],[30.11691,69.48553],[30.11641,69.48512],[30.11568,69.4846],[30.11533,69.48433],[30.11512,69.4841],[30.11504,69.48395],[30.11498,69.48356],[30.11498,69.48317],[30.11489,69.48275],[30.11472,69.48235],[30.11446,69.48184],[30.11432,69.48163],[30.11417,69.48143],[30.11399,69.48124],[30.1137,69.48103],[30.11323,69.48073],[30.11276,69.48035],[30.11244,69.48005],[30.11222,69.47979],[30.11208,69.47959],[30.11198,69.47936],[30.11193,69.47917],[30.11192,69.47896],[30.11195,69.47874],[30.11201,69.47849],[30.11213,69.47804],[30.11226,69.47764],[30.11247,69.47711],[30.11276,69.47658],[30.11305,69.47608],[30.11326,69.47579],[30.11352,69.47549],[30.11382,69.47516],[30.11423,69.47475],[30.11467,69.47433],[30.11575,69.47337],[30.11645,69.47271],[30.11688,69.4723],[30.11714,69.47196],[30.11735,69.47162],[30.11751,69.47137],[30.11765,69.47103],[30.11773,69.47074],[30.11776,69.47044],[30.1177,69.47011],[30.11757,69.46986],[30.11731,69.46961],[30.11689,69.46925],[30.11626,69.46879],[30.11585,69.46852],[30.11542,69.46823],[30.11491,69.46793],[30.11429,69.46759],[30.11367,69.46726],[30.11288,69.4669],[30.11204,69.46654],[30.11058,69.46594],[30.10978,69.46563],[30.10904,69.46535],[30.10785,69.46492],[30.10673,69.46454],[30.10198,69.46303],[30.09629,69.46128],[30.09371,69.46052],[30.09188,69.45996],[30.09011,69.4594],[30.08873,69.45889],[30.08741,69.45838],[30.08651,69.45802],[30.08537,69.45753],[30.08355,69.45672],[30.08068,69.45538],[30.0783,69.45421],[30.077,69.45355],[30.07608,69.45304],[30.07534,69.45259],[30.07482,69.45226],[30.0743,69.45192],[30.07381,69.45158],[30.07327,69.45116],[30.07284,69.45082],[30.07248,69.45047],[30.07145,69.44937],[30.07093,69.4489],[30.07038,69.44854],[30.06958,69.44809],[30.06848,69.44747],[30.06651,69.4464],[30.06595,69.44607],[30.06498,69.44551],[30.06408,69.44492],[30.06216,69.44355],[30.06086,69.44265],[30.05993,69.44197],[30.05919,69.44141],[30.05851,69.4409],[30.05783,69.44035],[30.0573,69.43992],[30.05678,69.43946],[30.05387,69.43696],[30.05312,69.43632],[30.05093,69.4345],[30.04955,69.4334],[30.04745,69.43178],[30.04653,69.43108],[30.04548,69.43032],[30.04452,69.42968],[30.04387,69.42926],[30.04313,69.42881],[30.04252,69.42847],[30.04196,69.42815],[30.04144,69.42787],[30.04079,69.42754],[30.04002,69.42718],[30.03515,69.42497],[30.03453,69.42468],[30.03346,69.42422],[30.03239,69.42377],[30.0313,69.42333],[30.03013,69.42286],[30.02862,69.42228],[30.02704,69.42169],[30.02546,69.4211],[30.02392,69.42056],[30.02241,69.42002],[30.02052,69.41937],[30.01826,69.41863],[30.01674,69.41815],[30.01583,69.41787],[30.01471,69.41752],[30.01363,69.4172],[30.01258,69.4169],[30.01141,69.41658],[30.01059,69.41636],[30.00955,69.41609],[30.0088,69.4159],[30.00755,69.41559],[30.00362,69.41464],[29.99906,69.41354],[29.99682,69.41303],[29.99437,69.41248],[29.98396,69.4103],[29.98071,69.40969],[29.97899,69.40938],[29.97821,69.40919],[29.97757,69.40902],[29.97695,69.40885],[29.97638,69.40867],[29.9757,69.40845],[29.97509,69.40823],[29.97453,69.40804],[29.97326,69.40758],[29.97286,69.40744],[29.97241,69.40729],[29.972,69.40717],[29.97166,69.40707],[29.97142,69.407],[29.97001,69.40663],[29.96899,69.40638],[29.96865,69.40629],[29.9683,69.40621],[29.96791,69.40613],[29.96754,69.40605],[29.96723,69.406],[29.96694,69.40595],[29.96653,69.40588],[29.96623,69.40584],[29.96593,69.4058],[29.96562,69.40576],[29.96526,69.40572],[29.96488,69.40569],[29.96461,69.40567],[29.96395,69.40565],[29.96342,69.40565],[29.96297,69.40565],[29.96243,69.40567],[29.96174,69.40571],[29.96135,69.40574],[29.96103,69.40577],[29.9607,69.40581],[29.96038,69.40586],[29.95946,69.40602],[29.9586,69.4062],[29.95837,69.40624],[29.95812,69.40628],[29.95792,69.40631],[29.95773,69.40633],[29.95752,69.40635],[29.95728,69.40636],[29.95701,69.40637],[29.95672,69.40638],[29.95639,69.40638],[29.95608,69.40638],[29.95577,69.40638],[29.95528,69.40635],[29.95498,69.40634],[29.95478,69.40632],[29.95457,69.4063],[29.95438,69.40628],[29.95417,69.40625],[29.95393,69.40622],[29.9537,69.40617],[29.95349,69.40613],[29.95329,69.40608],[29.95312,69.40604],[29.95295,69.40599],[29.95282,69.40594],[29.95265,69.40587],[29.95247,69.40578],[29.95225,69.40566],[29.95213,69.40562],[29.952,69.40557],[29.95183,69.40552],[29.95165,69.40547],[29.95148,69.40543],[29.95123,69.40539],[29.95117,69.40538],[29.95094,69.40533],[29.9506,69.40527],[29.9503,69.40522],[29.94993,69.40517],[29.94962,69.40513],[29.94929,69.40508],[29.94912,69.40506],[29.94896,69.40504],[29.94883,69.40503],[29.9487,69.40502],[29.94857,69.40502],[29.94843,69.40501],[29.94828,69.405],[29.94815,69.405],[29.94771,69.405],[29.94732,69.40501],[29.94702,69.40502],[29.94656,69.40503],[29.9463,69.40504],[29.94606,69.40505],[29.94576,69.40507],[29.94566,69.40508],[29.94486,69.40516],[29.94362,69.40531],[29.94272,69.40542],[29.94242,69.40546],[29.9419,69.40552],[29.94024,69.40573],[29.93902,69.40588],[29.93869,69.40592],[29.93847,69.40595],[29.93824,69.40599],[29.93798,69.40603],[29.93764,69.40609],[29.93747,69.40612],[29.93727,69.40615],[29.93708,69.40619],[29.93684,69.40624],[29.93655,69.4063],[29.93616,69.40639],[29.93538,69.40664],[29.93488,69.40679],[29.93463,69.40689],[29.93441,69.40698],[29.93425,69.40706],[29.93412,69.40715],[29.934,69.40724],[29.93389,69.40733],[29.93382,69.40742],[29.93374,69.40752],[29.93369,69.40761],[29.9336,69.40778],[29.93347,69.40804],[29.93341,69.40815],[29.93337,69.40823],[29.93333,69.4083],[29.93327,69.40838],[29.93322,69.40846],[29.93314,69.40853],[29.93305,69.4086],[29.93293,69.40867],[29.93281,69.40875],[29.93262,69.40885],[29.93235,69.40899],[29.93214,69.40911],[29.93201,69.40919],[29.93177,69.40934],[29.9315,69.40953],[29.9313,69.40968],[29.93115,69.40979],[29.93105,69.40987],[29.93098,69.40995],[29.93089,69.41006],[29.93084,69.41016],[29.93082,69.41026],[29.93082,69.41036],[29.93083,69.41045],[29.93087,69.41053],[29.93091,69.41059],[29.93095,69.41066],[29.93106,69.41078],[29.93118,69.4109],[29.93129,69.411],[29.93148,69.41114],[29.9317,69.41132],[29.93188,69.41149],[29.93194,69.41154],[29.932,69.4116],[29.93205,69.41166],[29.9321,69.41173],[29.93214,69.41178],[29.93217,69.41183],[29.9322,69.41188],[29.93223,69.41193],[29.93226,69.41199],[29.93228,69.41204],[29.93229,69.41208],[29.93229,69.41212],[29.9323,69.4122],[29.93231,69.41232],[29.93231,69.41241],[29.93232,69.41254],[29.93232,69.41263],[29.93229,69.41277],[29.93226,69.41288],[29.93222,69.41298],[29.93222,69.41299],[29.93218,69.41306],[29.93214,69.41313],[29.93209,69.41319],[29.93195,69.4133],[29.93174,69.41344],[29.93156,69.41355],[29.93143,69.41362],[29.93125,69.41373],[29.93105,69.41383],[29.93073,69.41398],[29.93042,69.41412],[29.93015,69.41422],[29.92985,69.41433],[29.9295,69.41445],[29.92907,69.41458],[29.92857,69.41473],[29.92808,69.41486],[29.92739,69.41504],[29.92301,69.41615],[29.9219,69.41644],[29.9212,69.41664],[29.92064,69.4168],[29.92004,69.417],[29.91964,69.41713],[29.91936,69.41723],[29.91906,69.41734],[29.9188,69.41745],[29.91844,69.41761],[29.91762,69.41799],[29.91727,69.41814],[29.917,69.41824],[29.9167,69.41835],[29.91641,69.41843],[29.91612,69.4185],[29.9158,69.41856],[29.91543,69.41863],[29.9151,69.41868],[29.91501,69.41869],[29.91491,69.4187],[29.91477,69.41871],[29.91462,69.41873],[29.91442,69.41874],[29.91424,69.41875],[29.91403,69.41876],[29.91376,69.41878],[29.91351,69.41878],[29.91327,69.41878],[29.91306,69.41878],[29.9128,69.41878],[29.91255,69.41877],[29.91227,69.41876],[29.91195,69.41874],[29.91167,69.41872],[29.91135,69.41869],[29.91093,69.41865],[29.91051,69.4186],[29.90996,69.41853],[29.90943,69.41846],[29.90604,69.418],[29.90564,69.41796],[29.90536,69.41793],[29.90498,69.41789],[29.90463,69.41786],[29.90435,69.41785],[29.9041,69.41784],[29.90389,69.41783],[29.90363,69.41782],[29.90335,69.41782],[29.90306,69.41783],[29.90277,69.41783],[29.90247,69.41784],[29.90215,69.41786],[29.90184,69.41788],[29.90152,69.41791],[29.90126,69.41793],[29.90099,69.41796],[29.90079,69.41799],[29.90069,69.418],[29.9006,69.41802],[29.9005,69.41804],[29.90035,69.41806],[29.90001,69.41813],[29.89963,69.41821],[29.89908,69.41834],[29.89785,69.41865],[29.89733,69.41879],[29.89687,69.41892],[29.89637,69.41906],[29.89572,69.41926],[29.89507,69.41945],[29.89447,69.41962],[29.89383,69.41979],[29.8933,69.41992],[29.8928,69.42004],[29.89197,69.42022],[29.89112,69.4204],[29.89019,69.42059],[29.88911,69.42079],[29.88815,69.42097],[29.88742,69.42112],[29.8866,69.42128],[29.88557,69.42151],[29.88035,69.42269],[29.8795,69.42287],[29.87881,69.42301],[29.87816,69.42313],[29.87767,69.42321],[29.87699,69.42331],[29.87632,69.42341],[29.87569,69.42349],[29.87496,69.42358],[29.87414,69.42368],[29.87333,69.42376],[29.8724,69.42385],[29.8715,69.42391],[29.87074,69.42397],[29.87002,69.424],[29.86926,69.42404],[29.86805,69.42409],[29.86702,69.42412],[29.86614,69.42413],[29.86512,69.42414],[29.8639,69.42413],[29.86275,69.42411],[29.86218,69.4241],[29.8619,69.42409],[29.86158,69.42408],[29.86118,69.42407],[29.86082,69.42405],[29.86039,69.42402],[29.85993,69.42399],[29.85938,69.42395],[29.85865,69.4239],[29.85794,69.42383],[29.85633,69.42367],[29.85474,69.42345],[29.85269,69.42315],[29.85109,69.42291],[29.8505,69.42281],[29.85024,69.42276],[29.84996,69.42268],[29.84971,69.42262],[29.84929,69.42251],[29.84887,69.42238],[29.84846,69.42226],[29.84786,69.42208],[29.84728,69.4219],[29.84678,69.42174],[29.84642,69.42163],[29.84613,69.42153],[29.84576,69.42141],[29.84536,69.42127],[29.84502,69.42116],[29.84472,69.42105],[29.84458,69.421],[29.84443,69.42095],[29.84405,69.42081],[29.84391,69.42076],[29.84362,69.42065],[29.84339,69.42055],[29.84318,69.42047],[29.8431,69.42044],[29.84293,69.42036],[29.84277,69.4203],[29.84261,69.42024],[29.84229,69.4201],[29.84189,69.41993],[29.84155,69.41977],[29.84134,69.41967],[29.84114,69.41957],[29.84072,69.41937],[29.84041,69.41922],[29.84016,69.4191],[29.83986,69.41895],[29.83955,69.41879],[29.83925,69.41863],[29.83891,69.41846],[29.83853,69.41827],[29.83735,69.4176],[29.83655,69.41726],[29.83521,69.41683],[29.83407,69.41648],[29.83314,69.4162],[29.83151,69.41575],[29.83033,69.4154],[29.82978,69.41522],[29.82937,69.41509],[29.82883,69.41491],[29.82819,69.41468],[29.82745,69.41442],[29.8269,69.41424],[29.82631,69.41405],[29.8258,69.4139],[29.82531,69.41376],[29.82481,69.41364],[29.82404,69.41348],[29.82316,69.41331],[29.82247,69.41319],[29.82171,69.41307],[29.82076,69.41293],[29.81746,69.41245],[29.8168,69.41235],[29.81628,69.41226],[29.81591,69.41219],[29.8155,69.4121],[29.81512,69.41201],[29.81475,69.41191],[29.81432,69.41178],[29.8139,69.41163],[29.81337,69.41143],[29.81287,69.41122],[29.81231,69.41097],[29.80977,69.40977],[29.80918,69.40951],[29.80853,69.40926],[29.80802,69.40907],[29.80758,69.40892],[29.80717,69.4088],[29.80662,69.40865],[29.80603,69.4085],[29.80521,69.4083],[29.80434,69.40811],[29.80334,69.40791],[29.80121,69.40749],[29.80027,69.40731],[29.79953,69.40714],[29.79901,69.40701],[29.79848,69.40686],[29.79801,69.4067],[29.7976,69.40654],[29.79717,69.40634],[29.79683,69.40612],[29.7967,69.40601],[29.7966,69.40589],[29.79654,69.40576],[29.79652,69.40562],[29.79655,69.40544],[29.79662,69.4053],[29.79674,69.40513],[29.79684,69.40501],[29.79699,69.40486],[29.79708,69.40476],[29.79714,69.40465],[29.79719,69.40453],[29.7972,69.40444],[29.79717,69.40432],[29.79711,69.40421],[29.79701,69.40411],[29.79314,69.40099],[29.78909,69.39826],[29.78779,69.39766],[29.78062,69.39816],[29.78009,69.39818],[29.77968,69.39818],[29.77931,69.39816],[29.77891,69.39811],[29.7786,69.39805],[29.77837,69.39797],[29.7781,69.39787],[29.77789,69.39776],[29.77765,69.3976],[29.77744,69.39741],[29.77618,69.39627],[29.77574,69.39591],[29.77539,69.39566],[29.77508,69.39545],[29.77473,69.39525],[29.77419,69.39499],[29.77371,69.3948],[29.77337,69.39467],[29.77303,69.39457],[29.77254,69.39445],[29.77203,69.39433],[29.77158,69.39425],[29.77101,69.39418],[29.77039,69.39412],[29.76971,69.39408],[29.76883,69.39404],[29.76793,69.39401],[29.76728,69.39398],[29.76668,69.39397],[29.76616,69.39396],[29.76571,69.39395],[29.76527,69.39395],[29.76462,69.39395],[29.76292,69.39398],[29.7619,69.39399],[29.76101,69.39399],[29.7604,69.39399],[29.75989,69.39398],[29.75906,69.39397],[29.75814,69.39395],[29.75732,69.39392],[29.75695,69.39391],[29.7566,69.39389],[29.75632,69.39387],[29.75608,69.39385],[29.75587,69.39382],[29.75561,69.39378],[29.75532,69.39373],[29.75505,69.39367],[29.75476,69.3936],[29.75437,69.39349],[29.75404,69.39338],[29.75321,69.3931],[29.75271,69.39291],[29.75142,69.39242],[29.75055,69.3921],[29.7499,69.39187],[29.74924,69.39168],[29.74887,69.39159],[29.74847,69.39151],[29.74814,69.39145],[29.74764,69.39138],[29.74715,69.39131],[29.74675,69.39127],[29.74622,69.39121],[29.74557,69.39116],[29.74456,69.39111],[29.74374,69.39107],[29.74273,69.39103],[29.74173,69.39102],[29.74076,69.39101],[29.73992,69.39101],[29.73777,69.39106],[29.73655,69.39107],[29.73568,69.39107],[29.73469,69.39105],[29.73373,69.39101],[29.73272,69.39096],[29.73177,69.39089],[29.73101,69.39082],[29.73024,69.39074],[29.72959,69.39066],[29.72894,69.39056],[29.72824,69.39045],[29.72766,69.39034],[29.72671,69.39015],[29.72533,69.38984],[29.72452,69.38966],[29.72405,69.38954],[29.72378,69.38947],[29.72359,69.38942],[29.72341,69.38936],[29.72323,69.38929],[29.72306,69.38923],[29.72285,69.38917],[29.72265,69.38909],[29.72248,69.38903],[29.72235,69.38898],[29.72229,69.38895],[29.72225,69.38893],[29.72221,69.38891],[29.72219,69.3889],[29.72217,69.38888],[29.72214,69.38887],[29.72212,69.38885],[29.7221,69.38882],[29.72208,69.3888],[29.72207,69.38878],[29.72206,69.38875],[29.72206,69.38873],[29.72206,69.38871],[29.72207,69.38869],[29.72207,69.38868],[29.72208,69.38866],[29.72209,69.38865],[29.72212,69.38861],[29.72217,69.38857],[29.72222,69.38852],[29.72229,69.38847],[29.72235,69.38843],[29.72246,69.38835],[29.72252,69.38828],[29.72259,69.38818],[29.72263,69.38808],[29.72263,69.38795],[29.72263,69.38794],[29.72258,69.38784],[29.72251,69.38774],[29.72241,69.38765],[29.72214,69.38748],[29.72181,69.38729],[29.72123,69.38703],[29.72096,69.38692],[29.72059,69.38677],[29.72031,69.38667],[29.71842,69.38615],[29.71812,69.38607],[29.71793,69.38601],[29.71777,69.38596],[29.71763,69.38592],[29.71749,69.38587],[29.71736,69.38582],[29.71724,69.38577],[29.71714,69.38573],[29.71705,69.38569],[29.71704,69.38569],[29.71694,69.38564],[29.71684,69.38559],[29.71671,69.38552],[29.7165,69.3854],[29.71623,69.38525],[29.71592,69.38506],[29.7156,69.38486],[29.71534,69.3847],[29.71507,69.38452],[29.71482,69.38435],[29.71459,69.38417],[29.71437,69.384],[29.714,69.38371],[29.71378,69.38353],[29.71365,69.38341],[29.71355,69.38332],[29.71342,69.38319],[29.7133,69.38305],[29.7132,69.3829],[29.71309,69.38271],[29.71298,69.38247],[29.7129,69.38225],[29.71284,69.38201],[29.71281,69.38179],[29.71282,69.38164],[29.71283,69.3815],[29.71285,69.38138],[29.71287,69.38127],[29.7129,69.38114],[29.71298,69.38088],[29.70847,69.37679],[29.70324,69.37536],[29.70088,69.37378],[29.69809,69.37189],[29.69771,69.37129],[29.69706,69.3702],[29.69681,69.36978],[29.69668,69.36947],[29.69663,69.36913],[29.69673,69.36875],[29.69689,69.36843],[29.69711,69.36808],[29.69739,69.36756],[29.69756,69.36707],[29.69761,69.36659],[29.69756,69.36607],[29.69746,69.36568],[29.69733,69.36539],[29.69719,69.3651],[29.69697,69.36477],[29.69668,69.36449],[29.69634,69.3642],[29.69595,69.36393],[29.69559,69.36371],[29.69507,69.36345],[29.69291,69.36259],[29.69034,69.3616],[29.68645,69.36011],[29.68359,69.359],[29.67828,69.35719],[29.6718,69.3551],[29.66557,69.35294],[29.66406,69.35241],[29.66217,69.35186],[29.66073,69.35145],[29.6583,69.35078],[29.65595,69.35017],[29.65433,69.34978],[29.6529,69.34944],[29.6517,69.34918],[29.65007,69.34886],[29.64835,69.34853],[29.64739,69.34833],[29.64648,69.34811],[29.6456,69.34788],[29.64479,69.34764],[29.64379,69.34735],[29.64307,69.34712],[29.64223,69.34684],[29.63946,69.34581],[29.63766,69.34511],[29.63652,69.34463],[29.63565,69.34422],[29.63474,69.34377],[29.63405,69.34338],[29.6333,69.34287],[29.63221,69.34201],[29.63177,69.3416],[29.63083,69.34069],[29.6301,69.3401],[29.62938,69.33961],[29.62881,69.33929],[29.62811,69.33891],[29.62682,69.3383],[29.62497,69.33749],[29.62297,69.33673],[29.62103,69.33599],[29.61937,69.33541],[29.6174,69.33476],[29.61589,69.3343],[29.61444,69.3339],[29.61291,69.33349],[29.6106,69.33284],[29.60781,69.33203],[29.60716,69.33183],[29.60495,69.33113],[29.60384,69.33078],[29.6016,69.33004],[29.60105,69.32985],[29.60052,69.32966],[29.59999,69.32946],[29.59943,69.32924],[29.59901,69.32906],[29.59841,69.32881],[29.59726,69.3283],[29.5958,69.32764],[29.59454,69.32706],[29.59368,69.32664],[29.59267,69.32618],[29.59143,69.32564],[29.59041,69.32522],[29.58345,69.32242],[29.57902,69.32062],[29.577,69.31986],[29.57554,69.31934],[29.57459,69.31901],[29.57361,69.3187],[29.57296,69.31851],[29.57219,69.3183],[29.57131,69.31807],[29.57045,69.31788],[29.56959,69.3177],[29.56851,69.3175],[29.56726,69.3173],[29.56585,69.31709],[29.56421,69.3169],[29.56279,69.31677],[29.56115,69.31666],[29.55863,69.31653],[29.55585,69.31642],[29.55197,69.31631],[29.54941,69.31625],[29.54747,69.31624],[29.54568,69.31627],[29.544,69.31635],[29.54264,69.31645],[29.54126,69.31661],[29.53984,69.31682],[29.53848,69.31706],[29.53731,69.31733],[29.53599,69.3177],[29.53513,69.318],[29.53432,69.31834],[29.53361,69.31869],[29.53292,69.31905],[29.53211,69.3195],[29.53125,69.32001],[29.53079,69.32031],[29.53046,69.32056],[29.53002,69.32092],[29.52947,69.32139],[29.52911,69.32175],[29.52872,69.32216],[29.52828,69.32265],[29.52805,69.32294],[29.52783,69.32329],[29.52767,69.32363],[29.52755,69.32398],[29.52748,69.32431],[29.52743,69.32459],[29.52725,69.32608],[29.527,69.32746],[29.52689,69.32787],[29.52678,69.32817],[29.52662,69.32843],[29.52641,69.32861],[29.52613,69.32876],[29.52588,69.32887],[29.52544,69.32898],[29.52498,69.32907],[29.52436,69.32915],[29.5239,69.32918],[29.52336,69.32919],[29.52271,69.32919],[29.52209,69.32914],[29.52153,69.32907],[29.52096,69.32897],[29.52023,69.32877],[29.51666,69.32761],[29.51591,69.3274],[29.51543,69.32728],[29.51517,69.32722],[29.51485,69.32716],[29.51455,69.32712],[29.51433,69.32709],[29.51404,69.32707],[29.51374,69.32706],[29.51346,69.32707],[29.51319,69.32708],[29.51291,69.3271],[29.51256,69.32714],[29.51223,69.32717],[29.51205,69.32721],[29.51186,69.32724],[29.51165,69.32729],[29.51146,69.32733],[29.51127,69.32739],[29.51111,69.32745],[29.51088,69.32754],[29.51054,69.32768],[29.50869,69.32846],[29.50841,69.32856],[29.50811,69.32864],[29.50787,69.32869],[29.50755,69.32875],[29.5072,69.32878],[29.50684,69.32881],[29.5064,69.32881],[29.50596,69.32879],[29.5055,69.32876],[29.50508,69.32871],[29.50463,69.32864],[29.50422,69.32855],[29.50394,69.32847],[29.50372,69.32839],[29.50352,69.3283],[29.50327,69.32817],[29.50305,69.32804],[29.50259,69.32774],[29.50189,69.32726],[29.49983,69.32582],[29.49945,69.32557],[29.49922,69.32543],[29.49895,69.32527],[29.49869,69.32514],[29.49841,69.32503],[29.49812,69.32492],[29.49784,69.32483],[29.49754,69.32474],[29.49716,69.32464],[29.49685,69.32456],[29.48854,69.32259],[29.48709,69.32226],[29.48653,69.32215],[29.48614,69.32208],[29.48584,69.32203],[29.48538,69.32196],[29.48506,69.32193],[29.48473,69.3219],[29.48439,69.32189],[29.48399,69.32188],[29.48353,69.32188],[29.483,69.32189],[29.48248,69.32192],[29.48197,69.32195],[29.48065,69.32205],[29.47984,69.32211],[29.47923,69.32214],[29.47866,69.32217],[29.47816,69.32219],[29.47763,69.32219],[29.47711,69.32219],[29.47589,69.32213],[29.47448,69.32204],[29.47362,69.32198],[29.47284,69.32195],[29.47205,69.32193],[29.47116,69.32193],[29.47019,69.32194],[29.46912,69.32196],[29.46787,69.32197],[29.46674,69.32196],[29.46601,69.32192],[29.46535,69.32187],[29.46474,69.3218],[29.46386,69.32167],[29.46189,69.32134],[29.46096,69.32119],[29.46026,69.32108],[29.45964,69.321],[29.45859,69.3209],[29.45718,69.32084],[29.45554,69.32084],[29.45403,69.32087],[29.45256,69.32095],[29.45156,69.32102],[29.45071,69.3211],[29.44969,69.32122],[29.44881,69.32131],[29.44812,69.32137],[29.44741,69.3214],[29.44646,69.32144],[29.44298,69.32145],[29.44035,69.32142],[29.43868,69.32138],[29.43741,69.32135],[29.43511,69.32122],[29.43351,69.32109],[29.43193,69.32096],[29.43029,69.3208],[29.42818,69.32055],[29.42682,69.32036],[29.42541,69.32014],[29.42367,69.31983],[29.42267,69.31962],[29.42152,69.31935],[29.42019,69.31905],[29.4191,69.31883],[29.41826,69.31867],[29.41744,69.31855],[29.41665,69.31846],[29.41599,69.31841],[29.41533,69.31838],[29.41445,69.31839],[29.41367,69.31842],[29.41278,69.31851],[29.41195,69.31862],[29.41068,69.31882],[29.40976,69.31898],[29.40898,69.31911],[29.40848,69.31922],[29.40813,69.31932],[29.40785,69.31943],[29.40771,69.31952],[29.40761,69.31964],[29.40754,69.31978],[29.40749,69.31992],[29.40744,69.32016],[29.4074,69.32029],[29.40732,69.3204],[29.40723,69.32049],[29.40708,69.32057],[29.40687,69.32066],[29.40663,69.32074],[29.40627,69.32081],[29.40576,69.3209],[29.40534,69.32096],[29.40181,69.32143],[29.40112,69.32154],[29.40038,69.32169],[29.39996,69.32181],[29.3995,69.32198],[29.39924,69.32212],[29.39916,69.3222],[29.39909,69.32228],[29.39904,69.32238],[29.39897,69.32254],[29.39884,69.32297],[29.39874,69.32316],[29.39866,69.32328],[29.39858,69.32337],[29.39849,69.32345],[29.39835,69.32353],[29.39823,69.32358],[29.39809,69.32362],[29.39789,69.32366],[29.39769,69.32368],[29.39746,69.3237],[29.39714,69.32371],[29.39681,69.32371],[29.39652,69.32369],[29.39631,69.32367],[29.39607,69.32363],[29.39577,69.32356],[29.39548,69.32348],[29.39519,69.32337],[29.39485,69.32325],[29.39431,69.32303],[29.39375,69.3228],[29.39328,69.32261],[29.39263,69.3224],[29.39195,69.32221],[29.39128,69.32204],[29.39062,69.3219],[29.38964,69.3217],[29.38879,69.32155],[29.3881,69.32142],[29.38792,69.32139],[29.38773,69.32136],[29.38746,69.32133],[29.38717,69.3213],[29.38664,69.32126],[29.38636,69.32124],[29.38618,69.32122],[29.38601,69.3212],[29.38587,69.32117],[29.38567,69.32113],[29.38546,69.32105],[29.38524,69.32095],[29.38502,69.32079],[29.38413,69.32003],[29.38318,69.31933],[29.38297,69.3192],[29.38277,69.31909],[29.38245,69.31894],[29.38216,69.31883],[29.38172,69.31869],[29.38138,69.31861],[29.38098,69.31855],[29.38041,69.31849],[29.3796,69.31843],[29.37899,69.31837],[29.37854,69.3183],[29.37817,69.31822],[29.37789,69.31815],[29.3776,69.31806],[29.37717,69.31792],[29.37521,69.31719],[29.3746,69.31699],[29.37418,69.31687],[29.37383,69.31678],[29.37358,69.31673],[29.3733,69.3167],[29.37298,69.31668],[29.37257,69.31666],[29.37188,69.31664],[29.37138,69.31663],[29.37107,69.31662],[29.37078,69.31659],[29.37055,69.31655],[29.37032,69.31649],[29.37016,69.31643],[29.37002,69.31634],[29.36995,69.31624],[29.36994,69.31614],[29.37,69.31602],[29.37011,69.31587],[29.37018,69.31575],[29.37018,69.31565],[29.3701,69.31554],[29.36993,69.31543],[29.36973,69.31532],[29.3694,69.31521],[29.36823,69.31484],[29.36799,69.31474],[29.36774,69.31464],[29.36769,69.31462],[29.36742,69.31448],[29.36721,69.3143],[29.36687,69.31395],[29.3666,69.31377],[29.36632,69.31361],[29.36599,69.31346],[29.36546,69.31332],[29.36479,69.31317],[29.3641,69.31307],[29.36342,69.313],[29.36276,69.31295],[29.36202,69.3129],[29.36101,69.31282],[29.35963,69.31265],[29.35823,69.31244],[29.35702,69.3122],[29.35585,69.31194],[29.35474,69.31163],[29.35377,69.31133],[29.35263,69.31096],[29.35106,69.31042],[29.3495,69.30991],[29.34825,69.30953],[29.34748,69.30931],[29.34651,69.30905],[29.34422,69.30854],[29.34248,69.30821],[29.34196,69.30812],[29.34157,69.30807],[29.34123,69.30804],[29.34087,69.30803],[29.34044,69.30801],[29.33945,69.30801],[29.33875,69.30801],[29.337,69.30801],[29.33665,69.308],[29.33627,69.30798],[29.33598,69.30795],[29.33557,69.30789],[29.33525,69.30781],[29.33493,69.3077],[29.33477,69.30762],[29.33459,69.3075],[29.33425,69.30731],[29.33322,69.30671],[29.3327,69.30651],[29.33208,69.30629],[29.33135,69.30611],[29.33071,69.30596],[29.32875,69.30555],[29.32826,69.30542],[29.32781,69.30524],[29.32713,69.30493],[29.32466,69.30368],[29.3233,69.30304],[29.32226,69.3026],[29.32122,69.30222],[29.31982,69.30184],[29.31886,69.30163],[29.31729,69.3014],[29.31514,69.30117],[29.31249,69.30093],[29.30814,69.30056],[29.30557,69.30033],[29.30405,69.30017],[29.30186,69.29989],[29.30016,69.29962],[29.29838,69.2993],[29.29628,69.29891],[29.2949,69.29861],[29.29359,69.29829],[29.29234,69.29793],[29.29145,69.29765],[29.29047,69.29728],[29.28976,69.29696],[29.28887,69.29646],[29.28821,69.296],[29.28733,69.2953],[29.28665,69.2947],[29.2861,69.29408],[29.28557,69.29345],[29.28521,69.29283],[29.28489,69.29219],[29.28469,69.29147],[29.2846,69.29073],[29.28457,69.28921],[29.28387,69.286],[29.28264,69.2822],[29.28225,69.28078],[29.28222,69.28069],[29.28206,69.28044],[29.28186,69.28024],[29.28149,69.27998],[29.2802,69.27926],[29.27955,69.27886],[29.27907,69.27855],[29.27882,69.27835],[29.27821,69.27779],[29.2777,69.27729],[29.27727,69.27672],[29.27687,69.27595],[29.27654,69.275],[29.27601,69.27358],[29.27571,69.2722],[29.27566,69.27131],[29.27569,69.27053],[29.27597,69.26877],[29.27644,69.26684],[29.27711,69.26468],[29.27725,69.26406],[29.27739,69.26339],[29.27742,69.263],[29.27746,69.26266],[29.27741,69.26201],[29.27714,69.2605],[29.27702,69.25977],[29.27689,69.25906],[29.27685,69.25856],[29.27678,69.25502],[29.27672,69.25332],[29.27671,69.2532],[29.27674,69.25216],[29.27678,69.2516],[29.27685,69.25117],[29.27697,69.25076],[29.27715,69.25037],[29.27726,69.25019],[29.27735,69.25005],[29.27747,69.24989],[29.27759,69.24973],[29.27775,69.24953],[29.27792,69.24935],[29.27808,69.24919],[29.27834,69.24894],[29.27864,69.2487],[29.27893,69.24849],[29.27925,69.24829],[29.2796,69.24808],[29.28001,69.24785],[29.28039,69.24765],[29.28096,69.24739],[29.28148,69.24716],[29.28181,69.24703],[29.28204,69.24694],[29.28256,69.24675],[29.28312,69.24658],[29.28355,69.24646],[29.28395,69.24635],[29.28437,69.24625],[29.285,69.24612],[29.28557,69.246],[29.28591,69.24593],[29.28626,69.24587],[29.28662,69.24582],[29.28713,69.24574],[29.2876,69.24567],[29.28811,69.2456],[29.28855,69.24554],[29.28897,69.24549],[29.28925,69.24547],[29.28952,69.24544],[29.2899,69.24541],[29.29022,69.24539],[29.29065,69.24537],[29.29122,69.24534],[29.29165,69.24531],[29.29182,69.24529],[29.29205,69.24527],[29.2921,69.24527],[29.29225,69.24525],[29.2924,69.24524],[29.29272,69.24519],[29.29312,69.24511],[29.29438,69.24483],[29.29632,69.2444],[29.2984,69.24392],[29.30065,69.24332],[29.30205,69.24293],[29.30353,69.24246],[29.30468,69.24206],[29.30603,69.24149],[29.3071,69.24099],[29.30789,69.24062],[29.30888,69.24016],[29.30961,69.23978],[29.31042,69.23934],[29.31081,69.23909],[29.31149,69.23857],[29.31166,69.23845],[29.31254,69.23768],[29.31317,69.23696],[29.31372,69.23605],[29.31408,69.2353],[29.31415,69.23487],[29.31419,69.23436],[29.31417,69.23386],[29.31412,69.23286],[29.31406,69.23205],[29.31399,69.23127],[29.31399,69.23123],[29.31391,69.231],[29.31381,69.23082],[29.31367,69.23062],[29.3135,69.23045],[29.3133,69.23029],[29.3131,69.23016],[29.3129,69.23003],[29.31262,69.22989],[29.31236,69.22976],[29.31212,69.22965],[29.31183,69.22953],[29.31157,69.22943],[29.31126,69.22933],[29.31093,69.2292],[29.31068,69.2291],[29.31042,69.22899],[29.31019,69.22888],[29.30993,69.22874],[29.30966,69.22859],[29.30936,69.22842],[29.30873,69.22804],[29.30812,69.22766],[29.3076,69.22729],[29.30726,69.22703],[29.30691,69.22674],[29.30646,69.22633],[29.30612,69.22599],[29.30578,69.22564],[29.30564,69.2255],[29.30519,69.22499],[29.30472,69.22448],[29.30424,69.22397],[29.30382,69.22345],[29.30347,69.22289],[29.30331,69.22263],[29.30303,69.22218],[29.30263,69.22158],[29.30237,69.2212],[29.30214,69.22087],[29.30184,69.22037],[29.30164,69.22004],[29.30148,69.21977],[29.30145,69.2197],[29.30134,69.21949],[29.30122,69.21922],[29.30105,69.21868],[29.3009,69.21815],[29.30078,69.21756],[29.30072,69.21709],[29.30067,69.21645],[29.30065,69.21595],[29.30069,69.21565],[29.30076,69.21531],[29.30097,69.21481],[29.30138,69.21414],[29.30168,69.21363],[29.30198,69.21308],[29.30227,69.21265],[29.30259,69.21226],[29.303,69.21192],[29.3034,69.21169],[29.30412,69.21139],[29.30471,69.21112],[29.30513,69.2109],[29.30537,69.21073],[29.30563,69.21055],[29.30572,69.21049],[29.30582,69.21038],[29.30588,69.21023],[29.30585,69.21008],[29.30581,69.20996],[29.30569,69.20978],[29.30552,69.20961],[29.30539,69.20952],[29.30516,69.20939],[29.30491,69.20927],[29.30455,69.20913],[29.3041,69.20902],[29.30355,69.20889],[29.30313,69.20883],[29.3027,69.20877],[29.30197,69.20869],[29.3015,69.20865],[29.30113,69.20862],[29.30075,69.20857],[29.30041,69.20851],[29.29993,69.20838],[29.29961,69.20829],[29.29923,69.20816],[29.29875,69.208],[29.29818,69.20782],[29.29758,69.20764],[29.29694,69.20746],[29.29634,69.20731],[29.29577,69.20717],[29.29521,69.20701],[29.29452,69.20681],[29.29413,69.20669],[29.2937,69.20652],[29.29362,69.20649],[29.29338,69.20636],[29.29317,69.20622],[29.29299,69.20607],[29.29286,69.20593],[29.29274,69.20577],[29.29264,69.20562],[29.29254,69.20539],[29.29249,69.20521],[29.29245,69.20501],[29.29246,69.2048],[29.29253,69.20445],[29.29261,69.2041],[29.29282,69.20367],[29.29313,69.20314],[29.29407,69.20175],[29.29487,69.20051],[29.29633,69.19831],[29.29641,69.1981],[29.29651,69.19783],[29.29651,69.19761],[29.29647,69.19742],[29.29639,69.19725],[29.29622,69.19707],[29.29608,69.19694],[29.29587,69.19677],[29.29341,69.19527],[29.29318,69.1951],[29.29306,69.19501],[29.29295,69.19491],[29.29288,69.19484],[29.29279,69.19476],[29.2927,69.19467],[29.29263,69.19459],[29.29254,69.19448],[29.29247,69.19437],[29.29238,69.19423],[29.29233,69.19412],[29.29227,69.19401],[29.29223,69.19391],[29.29221,69.1938],[29.29221,69.19369],[29.29223,69.19357],[29.29226,69.19341],[29.29231,69.19325],[29.29246,69.19272],[29.29252,69.19253],[29.29264,69.19222],[29.29275,69.19195],[29.29293,69.19149],[29.29307,69.19105],[29.29321,69.19065],[29.29342,69.19018],[29.29382,69.18933],[29.29417,69.18861],[29.29437,69.18819],[29.2944,69.18814],[29.29449,69.18789],[29.29456,69.18765],[29.29461,69.18736],[29.29463,69.187],[29.29466,69.18686],[29.29467,69.18662],[29.29461,69.18635],[29.29444,69.18596],[29.29412,69.18538],[29.29351,69.18443],[29.29283,69.18354],[29.2918,69.1822],[29.29161,69.18188],[29.29148,69.18161],[29.29138,69.1814],[29.29129,69.18122],[29.29111,69.18085],[29.29094,69.18044],[29.2908,69.18004],[29.29061,69.17945],[29.29047,69.17902],[29.29039,69.17882],[29.29033,69.17868],[29.29033,69.17867],[29.29028,69.17855],[29.29023,69.17844],[29.29018,69.17831],[29.29012,69.17819],[29.29005,69.17809],[29.29,69.178],[29.28996,69.17794],[29.28991,69.17785],[29.28983,69.17776],[29.28975,69.17766],[29.28963,69.17753],[29.28947,69.17737],[29.28935,69.17726],[29.28895,69.17693],[29.28838,69.1765],[29.28815,69.17636],[29.288,69.17628],[29.28791,69.17624],[29.2878,69.17619],[29.28768,69.17614],[29.28754,69.17609],[29.28741,69.17605],[29.28723,69.17601],[29.28712,69.17599],[29.28701,69.17597],[29.28687,69.17595],[29.2867,69.17593],[29.28657,69.17591],[29.28642,69.1759],[29.2861,69.17587],[29.28575,69.17585],[29.28539,69.17582],[29.28505,69.1758],[29.28475,69.17578],[29.28452,69.17576],[29.28431,69.17573],[29.28412,69.17571],[29.28395,69.17568],[29.28378,69.17565],[29.28364,69.17561],[29.28348,69.17558],[29.28328,69.17552],[29.28313,69.17547],[29.28297,69.17542],[29.2829,69.17539],[29.28283,69.17536],[29.28279,69.17533],[29.28274,69.17529],[29.2827,69.17525],[29.28267,69.1752],[29.28266,69.17514],[29.28265,69.17504],[29.28265,69.17493],[29.28266,69.17479],[29.28268,69.17469],[29.2827,69.17458],[29.28278,69.1743],[29.28279,69.17423],[29.28283,69.17397],[29.28284,69.17395],[29.28288,69.17365],[29.28295,69.17331],[29.28316,69.17273],[29.28327,69.17247],[29.2834,69.17224],[29.28355,69.17198],[29.28377,69.1717],[29.28406,69.1714],[29.28457,69.17099],[29.28508,69.17064],[29.2855,69.17035],[29.2858,69.17013],[29.28603,69.16994],[29.28606,69.16991],[29.28625,69.16975],[29.28633,69.16965],[29.28641,69.16957],[29.28647,69.16949],[29.2865,69.16943],[29.28654,69.16937],[29.28655,69.16932],[29.28654,69.16926],[29.28652,69.16923],[29.28649,69.1692],[29.28646,69.16917],[29.28641,69.16914],[29.28635,69.16912],[29.28627,69.16909],[29.28616,69.16905],[29.28604,69.16902],[29.28545,69.1689],[29.28512,69.16883],[29.28447,69.1687],[29.28288,69.16838],[29.28171,69.16815],[29.28069,69.16796],[29.2794,69.16774],[29.27792,69.16752],[29.27643,69.16727],[29.27533,69.16704],[29.2745,69.16685],[29.27408,69.16675],[29.27374,69.16666],[29.27333,69.16655],[29.273,69.16646],[29.27266,69.16636],[29.27232,69.16625],[29.27203,69.16615],[29.27173,69.16604],[29.27136,69.1659],[29.27105,69.16578],[29.2708,69.16569],[29.27055,69.16559],[29.27011,69.16542],[29.27009,69.16541],[29.2696,69.16521],[29.26916,69.16506],[29.26868,69.16488],[29.2682,69.16467],[29.26788,69.16453],[29.26749,69.16437],[29.26704,69.16419],[29.26646,69.164],[29.26472,69.16361],[29.26337,69.16336],[29.2624,69.16321],[29.26151,69.16309],[29.26066,69.16299],[29.25979,69.16291],[29.25886,69.16284],[29.25794,69.16278],[29.25681,69.16272],[29.25509,69.16265],[29.25367,69.16259],[29.2528,69.16254],[29.25208,69.16249],[29.25121,69.1624],[29.25033,69.16227],[29.24964,69.16211],[29.24926,69.16199],[29.24903,69.16186],[29.24888,69.16174],[29.24872,69.16153],[29.24864,69.16132],[29.24862,69.16108],[29.24868,69.16089],[29.24883,69.16069],[29.24913,69.16045],[29.24951,69.16022],[29.25009,69.15991],[29.25078,69.15956],[29.25159,69.15915],[29.25216,69.15882],[29.25257,69.15859],[29.25307,69.1583],[29.2535,69.158],[29.25398,69.15765],[29.25464,69.15713],[29.25506,69.15687],[29.25602,69.15631],[29.25661,69.15595],[29.25696,69.15571],[29.2572,69.15553],[29.25748,69.15529],[29.25766,69.15506],[29.25776,69.15483],[29.25779,69.15461],[29.25774,69.15438],[29.25761,69.15408],[29.25739,69.15376],[29.25711,69.15351],[29.25679,69.15328],[29.25641,69.15308],[29.25583,69.15283],[29.25532,69.15266],[29.25459,69.15242],[29.25392,69.15217],[29.25345,69.15196],[29.25303,69.15168],[29.25277,69.15148],[29.25224,69.15094],[29.25173,69.15047],[29.25122,69.15004],[29.25073,69.14967],[29.25004,69.14914],[29.24942,69.14871],[29.24875,69.14828],[29.2479,69.14774],[29.24724,69.14732],[29.24695,69.1471],[29.24666,69.14684],[29.24646,69.1466],[29.24629,69.14634],[29.24617,69.14608],[29.24607,69.1458],[29.24595,69.14549],[29.24574,69.14511],[29.24541,69.14463],[29.24496,69.1441],[29.24288,69.1421],[29.24036,69.13948],[29.23991,69.13898],[29.23956,69.13853],[29.23929,69.13814],[29.23917,69.1379],[29.2391,69.13765],[29.23906,69.13743],[29.23908,69.13706],[29.23917,69.13681],[29.23928,69.13659],[29.23949,69.1363],[29.23988,69.13585],[29.24151,69.13423],[29.24179,69.13393],[29.24218,69.13349],[29.24299,69.13242],[29.2437,69.13128],[29.244,69.13077],[29.24416,69.13042],[29.24426,69.13006],[29.24428,69.12973],[29.24425,69.12944],[29.24413,69.12908],[29.24395,69.12875],[29.24381,69.12855],[29.24364,69.12832],[29.24338,69.128],[29.2431,69.12767],[29.24288,69.12743],[29.24257,69.12716],[29.24229,69.12695],[29.24082,69.12609],[29.24003,69.12562],[29.2396,69.12543],[29.23916,69.12528],[29.23878,69.12519],[29.2384,69.12515],[29.2379,69.12514],[29.23723,69.12517],[29.23638,69.1252],[29.23558,69.1252],[29.23493,69.12517],[29.23441,69.12512],[29.23397,69.12505],[29.2334,69.12492],[29.23287,69.12476],[29.2325,69.12459],[29.23226,69.12441],[29.23216,69.12424],[29.23217,69.12392],[29.23228,69.12352],[29.23234,69.12328],[29.23235,69.12304],[29.23228,69.12284],[29.232,69.12253],[29.2317,69.1223],[29.23134,69.12206],[29.23109,69.12185],[29.23101,69.12169],[29.23102,69.12154],[29.23113,69.12133],[29.23134,69.12117],[29.23162,69.12102],[29.23212,69.12086],[29.23268,69.12074],[29.2333,69.12063],[29.23401,69.12049],[29.23461,69.12038],[29.23512,69.12024],[29.23541,69.12014],[29.23566,69.12],[29.23598,69.11979],[29.23831,69.11685],[29.24214,69.11302],[29.15971,69.06706],[29.14237,69.06308],[29.09441,69.03952],[29.05665,69.01523],[29.04144,69.01083],[29.02948,69.01878],[29.02694,69.02048],[29.01986,69.02519],[29.01845,69.0256],[29.00076,69.03083],[28.9971,69.03191],[28.98949,69.03416],[28.97404,69.03872],[28.95994,69.04289],[28.94487,69.04732],[28.92929,69.05191],[28.87759,69.06904],[28.85458,69.07664],[28.83537,69.09014],[28.80543,69.11116],[28.81021,69.12285],[28.82546,69.16009],[28.83031,69.1719],[28.83073,69.18974],[28.83154,69.22436],[28.89105,69.25074],[28.93085,69.26832],[28.99296,69.29623],[29.05781,69.32531],[29.10774,69.34772],[29.15815,69.37035],[29.21934,69.39764],[29.26641,69.43014],[29.2837,69.44204],[29.29504,69.44985],[29.3365,69.47832],[29.31582,69.4985],[29.2894,69.52426],[29.28689,69.52669],[29.27121,69.54181],[29.25492,69.55748],[29.23324,69.57848],[29.21994,69.59136],[29.20337,69.60743],[29.19363,69.61683],[29.18023,69.62974],[29.17054,69.63904],[29.15819,69.65805],[29.14625,69.67641],[29.13391,69.69534],[29.10878,69.6993],[29.03308,69.71139],[28.98994,69.71823],[28.917,69.72976],[28.89441,69.73384],[28.80156,69.75046],[28.76546,69.75692],[28.68859,69.77064],[28.64445,69.77812],[28.6036,69.78504],[28.51522,69.8],[28.48885,69.80439],[28.4439,69.81185],[28.40423,69.81843],[28.38404,69.82683],[28.33048,69.84919],[28.33841,69.86615],[28.34527,69.88083],[28.34511,69.88087],[28.2965,69.89148],[28.24882,69.90186],[28.16071,69.92099],[28.10709,69.94892],[28.06635,69.9701],[28.03247,69.98772],[28.01788,69.99524],[28.01262,69.99819],[27.98429,70.01397],[27.98241,70.02821],[27.97699,70.05425],[27.97446,70.05969],[27.96466,70.08069],[27.96101,70.08859],[27.96044,70.08982],[27.96039,70.08992],[27.95938,70.0921],[27.95919,70.09211],[27.9577,70.09221],[27.95558,70.09229],[27.95144,70.09211],[27.94829,70.09187],[27.94531,70.09143],[27.94314,70.09099],[27.9408,70.09057],[27.93835,70.09032],[27.9341,70.09022],[27.93072,70.09],[27.9275,70.08962],[27.92364,70.08892],[27.92041,70.08818],[27.91725,70.08746],[27.91346,70.08701],[27.90955,70.08666],[27.90566,70.08648],[27.90171,70.08635],[27.89768,70.08618],[27.89361,70.086],[27.88935,70.08588],[27.88495,70.08571],[27.88128,70.08558],[27.87901,70.08544],[27.87581,70.08501],[27.87094,70.08468],[27.86908,70.08408],[27.86571,70.08333],[27.86229,70.08275],[27.85937,70.08235],[27.85538,70.08206],[27.85198,70.08193],[27.84942,70.0817],[27.84443,70.08092],[27.84102,70.08002],[27.83615,70.07948],[27.83198,70.07946],[27.82751,70.0797],[27.82385,70.07966],[27.82012,70.07944],[27.81768,70.07916],[27.81389,70.07876],[27.81004,70.07846],[27.80562,70.07814],[27.80306,70.07794],[27.80078,70.07765],[27.79769,70.07731],[27.79419,70.07677],[27.79137,70.07622],[27.78867,70.07569],[27.78538,70.07479],[27.78346,70.07376],[27.78092,70.07275],[27.77788,70.07205],[27.77404,70.07133],[27.77146,70.07044],[27.76966,70.06953],[27.76781,70.06873],[27.76511,70.06811],[27.76176,70.06767],[27.75842,70.06692],[27.75409,70.0662],[27.75211,70.06598],[27.75082,70.06564],[27.74918,70.06516],[27.74785,70.06465],[27.74609,70.06432],[27.74379,70.06416],[27.7411,70.06414],[27.73933,70.06442],[27.73708,70.06475],[27.73458,70.06532],[27.73222,70.06595],[27.73016,70.06615],[27.72844,70.06665],[27.72617,70.06728],[27.72509,70.06779],[27.72424,70.06839],[27.72296,70.06884],[27.72132,70.06937],[27.71826,70.07],[27.7174,70.07005],[27.71511,70.0699],[27.71406,70.07012],[27.71294,70.07067],[27.71135,70.07168],[27.70997,70.07237],[27.70819,70.07311],[27.70615,70.07391],[27.70411,70.07455],[27.70198,70.07505],[27.69997,70.07553],[27.69779,70.07592],[27.69575,70.07624],[27.69294,70.07659],[27.68978,70.07679],[27.68687,70.07694],[27.68369,70.07713],[27.68031,70.07722],[27.6782,70.07723],[27.67544,70.07733],[27.6721,70.07742],[27.66982,70.07739],[27.66784,70.07734],[27.66568,70.07723],[27.66275,70.07693],[27.65977,70.07647],[27.65701,70.07609],[27.65431,70.07574],[27.65131,70.07556],[27.6484,70.07545],[27.64533,70.07538],[27.64279,70.07541],[27.64012,70.0756],[27.63743,70.07551],[27.63458,70.07517],[27.63138,70.0747],[27.62896,70.07468],[27.62717,70.07477],[27.62384,70.07502],[27.61976,70.07508],[27.61599,70.075],[27.61246,70.07456],[27.60932,70.07376],[27.60618,70.07289],[27.60361,70.07213],[27.60091,70.07145],[27.59866,70.07098],[27.59653,70.07035],[27.59515,70.0698],[27.59329,70.06909],[27.59063,70.06858],[27.58793,70.06836],[27.58498,70.06839],[27.58163,70.06824],[27.57912,70.0679],[27.57642,70.06718],[27.57456,70.06649],[27.57375,70.0657],[27.57337,70.06482],[27.57295,70.06406],[27.57131,70.06328],[27.5698,70.0627],[27.5672,70.062],[27.56498,70.06148],[27.56184,70.06101],[27.55952,70.06055],[27.55678,70.05986],[27.5543,70.05898],[27.55259,70.05768],[27.55142,70.05631],[27.55064,70.05501],[27.54977,70.05374],[27.54855,70.05251],[27.54742,70.05129],[27.54653,70.05038],[27.54544,70.04909],[27.54383,70.04815],[27.54276,70.04735],[27.5416,70.04653],[27.5407,70.04565],[27.54032,70.04464],[27.54021,70.04383],[27.5404,70.0428],[27.54147,70.04154],[27.5421,70.04073],[27.54318,70.03981],[27.54351,70.03915],[27.54317,70.03824],[27.54245,70.03707],[27.54175,70.03585],[27.54122,70.03458],[27.54016,70.03332],[27.53784,70.03195],[27.53567,70.03091],[27.53451,70.0303],[27.53366,70.02957],[27.53347,70.02876],[27.53301,70.0275],[27.532,70.02638],[27.53026,70.02527],[27.5284,70.02438],[27.52599,70.02346],[27.52371,70.02284],[27.52122,70.02249],[27.5185,70.02226],[27.51543,70.0221],[27.51276,70.02217],[27.51044,70.02231],[27.50723,70.02234],[27.50413,70.02215],[27.50197,70.02191],[27.49911,70.02156],[27.49598,70.02133],[27.49313,70.02129],[27.49034,70.02137],[27.48641,70.02155],[27.48317,70.02174],[27.48075,70.02193],[27.47693,70.022],[27.47311,70.02187],[27.47032,70.02148],[27.46742,70.02101],[27.46499,70.0206],[27.46295,70.02031],[27.46129,70.02016],[27.4593,70.02014],[27.4565,70.02032],[27.45392,70.02042],[27.45092,70.02029],[27.44843,70.02027],[27.44548,70.02036],[27.44299,70.02038],[27.43961,70.02034],[27.43735,70.0202],[27.43473,70.02003],[27.43137,70.01966],[27.42856,70.01921],[27.42647,70.01854],[27.4242,70.01786],[27.42141,70.01727],[27.41868,70.01666],[27.4163,70.01619],[27.4142,70.01553],[27.41309,70.01499],[27.41152,70.01452],[27.40949,70.01409],[27.40699,70.0136],[27.40605,70.01349],[27.40512,70.01328],[27.40409,70.0129],[27.4028,70.01215],[27.40198,70.0112],[27.40117,70.01011],[27.39893,70.00883],[27.39868,70.00828],[27.39795,70.00782],[27.39664,70.0072],[27.39535,70.00617],[27.3933,70.00471],[27.39183,70.00377],[27.39008,70.00282],[27.38792,70.00176],[27.38629,70.00077],[27.38425,69.99991],[27.3818,69.99914],[27.37838,69.99852],[27.37457,69.99767],[27.37223,69.9969],[27.36909,69.99584],[27.36665,69.9949],[27.36426,69.9938],[27.36217,69.99297],[27.35996,69.99222],[27.35821,69.99153],[27.35612,69.99106],[27.35328,69.99049],[27.35019,69.99004],[27.34743,69.98944],[27.34448,69.98905],[27.34136,69.98882],[27.3387,69.98866],[27.33569,69.98843],[27.33303,69.98854],[27.33015,69.98858],[27.32829,69.98847],[27.3263,69.98826],[27.32491,69.98837],[27.3243,69.98869],[27.32359,69.98909],[27.32237,69.98956],[27.3207,69.99008],[27.31893,69.99047],[27.31695,69.9905],[27.31458,69.99051],[27.31192,69.99041],[27.3092,69.99008],[27.30782,69.98973],[27.30706,69.98939],[27.30508,69.98857],[27.3027,69.9879],[27.3005,69.98731],[27.29835,69.98684],[27.29697,69.98672],[27.29552,69.98649],[27.29355,69.98597],[27.291,69.98536],[27.28879,69.98452],[27.2871,69.98351],[27.28507,69.98257],[27.28234,69.98158],[27.28078,69.98095],[27.27944,69.98042],[27.27753,69.97979],[27.27646,69.9793],[27.2761,69.97878],[27.27609,69.97839],[27.27569,69.97785],[27.27532,69.97724],[27.27491,69.97653],[27.27472,69.97591],[27.27489,69.97534],[27.27552,69.97479],[27.27687,69.97432],[27.27845,69.97387],[27.27998,69.97345],[27.2821,69.97303],[27.28427,69.97264],[27.28608,69.97237],[27.28757,69.97212],[27.28973,69.97145],[27.29085,69.97069],[27.29121,69.97007],[27.29151,69.96947],[27.2919,69.96862],[27.29251,69.96759],[27.29326,69.9667],[27.29409,69.96593],[27.29535,69.96522],[27.29711,69.96484],[27.29869,69.96456],[27.30009,69.96429],[27.30139,69.96375],[27.30215,69.96311],[27.303,69.96226],[27.30362,69.9615],[27.30424,69.96067],[27.30464,69.95985],[27.30521,69.95887],[27.30548,69.95805],[27.30504,69.95694],[27.30446,69.95643],[27.30326,69.95575],[27.30209,69.95522],[27.30067,69.95473],[27.29909,69.95425],[27.29689,69.9536],[27.29504,69.95305],[27.29331,69.95258],[27.29177,69.95225],[27.28992,69.95208],[27.28812,69.95196],[27.28547,69.95175],[27.28297,69.95147],[27.28069,69.95122],[27.27584,69.95073],[27.27293,69.95049],[27.26945,69.95031],[27.26664,69.95023],[27.26459,69.95013],[27.26235,69.95002],[27.2597,69.94987],[27.25768,69.94973],[27.2557,69.94957],[27.25338,69.94925],[27.25141,69.94903],[27.24901,69.9489],[27.24621,69.94876],[27.2439,69.94866],[27.24207,69.94859],[27.24024,69.94853],[27.23863,69.9485],[27.23714,69.94841],[27.23531,69.94825],[27.23363,69.94803],[27.23187,69.94782],[27.23042,69.94759],[27.22821,69.94726],[27.22585,69.94675],[27.22383,69.94624],[27.2217,69.9456],[27.21983,69.94494],[27.21837,69.94446],[27.21635,69.94397],[27.21425,69.94359],[27.21235,69.94332],[27.21033,69.94308],[27.20846,69.94276],[27.20634,69.94234],[27.20386,69.94177],[27.20166,69.94112],[27.19984,69.94073],[27.1974,69.94025],[27.19475,69.93984],[27.19236,69.93957],[27.18978,69.93926],[27.1875,69.93895],[27.18519,69.93871],[27.1831,69.93846],[27.18112,69.93806],[27.17905,69.93753],[27.17727,69.93702],[27.17555,69.93648],[27.1739,69.93594],[27.17218,69.93553],[27.17039,69.93517],[27.16851,69.93484],[27.16718,69.93461],[27.16554,69.9344],[27.16419,69.93423],[27.16266,69.93409],[27.16094,69.93394],[27.1593,69.93376],[27.15703,69.93345],[27.15501,69.93308],[27.15311,69.93276],[27.1509,69.93253],[27.14863,69.93247],[27.14669,69.93247],[27.14517,69.93249],[27.1433,69.93251],[27.14166,69.93252],[27.13979,69.93259],[27.13741,69.9326],[27.13522,69.93263],[27.13298,69.9325],[27.13084,69.93221],[27.1292,69.93185],[27.12823,69.93157],[27.12703,69.9312],[27.12625,69.93092],[27.12554,69.9306],[27.12503,69.93018],[27.12464,69.92974],[27.12408,69.92925],[27.1234,69.92877],[27.12254,69.92838],[27.12176,69.92786],[27.12071,69.92726],[27.11948,69.92669],[27.11813,69.92586],[27.11697,69.92488],[27.11613,69.924],[27.11528,69.92327],[27.11435,69.92266],[27.11323,69.92202],[27.11192,69.92143],[27.11061,69.92087],[27.10886,69.92023],[27.10725,69.91962],[27.10507,69.91888],[27.10232,69.91813],[27.09994,69.91756],[27.09777,69.91723],[27.09582,69.91705],[27.09333,69.91694],[27.09054,69.91708],[27.08741,69.91736],[27.08576,69.91755],[27.08351,69.91783],[27.08138,69.91805],[27.079,69.91816],[27.07654,69.91818],[27.07452,69.91816],[27.07219,69.91817],[27.06965,69.91816],[27.06777,69.9181],[27.06569,69.91798],[27.06399,69.91789],[27.06216,69.91776],[27.06094,69.91749],[27.05969,69.91698],[27.05874,69.91649],[27.05765,69.91594],[27.05669,69.91544],[27.05558,69.91501],[27.05368,69.91441],[27.05152,69.91357],[27.04971,69.91272],[27.04768,69.91193],[27.04609,69.9115],[27.04375,69.91109],[27.04181,69.91082],[27.03976,69.91056],[27.0375,69.91039],[27.03561,69.91034],[27.03419,69.91041],[27.03288,69.91057],[27.03185,69.91074],[27.03161,69.91079],[27.03042,69.91124],[27.02922,69.91174],[27.02814,69.91232],[27.02739,69.91272],[27.02608,69.9134],[27.02491,69.91389],[27.02368,69.91432],[27.0222,69.91477],[27.02057,69.91505],[27.01939,69.91539],[27.01846,69.91588],[27.0175,69.91638],[27.01614,69.91695],[27.01472,69.91749],[27.01316,69.91805],[27.01177,69.91857],[27.01038,69.91934],[27.00966,69.92001],[27.00879,69.92085],[27.00771,69.92155],[27.00656,69.92214],[27.00575,69.92269],[27.00507,69.92331],[27.00483,69.92389],[27.00461,69.92429],[27.00422,69.92485],[27.00362,69.92542],[27.00261,69.92599],[27.00171,69.92645],[27.00089,69.92682],[27.00007,69.92724],[26.99895,69.9278],[26.99796,69.92836],[26.99731,69.92885],[26.99643,69.92955],[26.99554,69.93017],[26.99441,69.93088],[26.99312,69.93153],[26.992,69.93193],[26.99074,69.93246],[26.98951,69.93303],[26.9885,69.93357],[26.98782,69.93407],[26.98705,69.93463],[26.98595,69.93508],[26.98433,69.93549],[26.9826,69.93591],[26.98108,69.93625],[26.9792,69.93666],[26.97772,69.93693],[26.97583,69.93722],[26.97411,69.93755],[26.97228,69.93798],[26.97091,69.93829],[26.96973,69.93849],[26.9682,69.93868],[26.96639,69.93883],[26.96445,69.939],[26.96305,69.93915],[26.96207,69.93924],[26.961,69.93934],[26.95988,69.93947],[26.95864,69.93964],[26.95736,69.93973],[26.95583,69.9398],[26.95405,69.93975],[26.95233,69.93969],[26.9505,69.93961],[26.94874,69.93957],[26.94678,69.93955],[26.94478,69.93951],[26.94286,69.93945],[26.94106,69.93939],[26.93931,69.93935],[26.93745,69.93936],[26.93582,69.93942],[26.93422,69.93946],[26.93247,69.93947],[26.93135,69.93946],[26.93025,69.93943],[26.92888,69.93932],[26.92779,69.93912],[26.92653,69.93876],[26.92555,69.93838],[26.9244,69.9379],[26.92356,69.93749],[26.92233,69.93693],[26.92079,69.9364],[26.91817,69.93569],[26.91631,69.9353],[26.91421,69.93491],[26.91243,69.93457],[26.91088,69.93426],[26.9091,69.93395],[26.9074,69.93373],[26.90233,69.93298],[26.89777,69.93245],[26.89401,69.93218],[26.89039,69.93211],[26.88558,69.93232],[26.8818,69.93276],[26.8783,69.93341],[26.87634,69.93398],[26.87356,69.93477],[26.87085,69.93586],[26.86886,69.93672],[26.86649,69.93763],[26.86317,69.93896],[26.86068,69.93991],[26.85952,69.94058],[26.85858,69.94183],[26.85741,69.94287],[26.8564,69.94382],[26.8557,69.94478],[26.85515,69.94582],[26.85537,69.94678],[26.85637,69.94782],[26.85741,69.94875],[26.85792,69.94945],[26.85832,69.94995],[26.85825,69.95053],[26.85868,69.95098],[26.8589,69.95155],[26.85893,69.95208],[26.85838,69.9526],[26.85779,69.95317],[26.85752,69.95371],[26.85756,69.95444],[26.85788,69.95523],[26.85832,69.95602],[26.85883,69.95674],[26.85894,69.95734],[26.85863,69.95793],[26.85793,69.95846],[26.85705,69.95894],[26.85561,69.95944],[26.85342,69.95995],[26.85129,69.96013],[26.84868,69.9602],[26.84595,69.96021],[26.84315,69.96027],[26.84076,69.9603],[26.83859,69.96031],[26.83608,69.96024],[26.83303,69.96004],[26.83052,69.9598],[26.82856,69.95965],[26.82475,69.95921],[26.81806,69.95869],[26.80939,69.95896],[26.80505,69.95909],[26.80176,69.95899],[26.79928,69.95889],[26.79718,69.95885],[26.79459,69.95882],[26.79206,69.95882],[26.78936,69.95887],[26.78711,69.95877],[26.78476,69.95855],[26.78222,69.95817],[26.77976,69.95771],[26.77741,69.95725],[26.77502,69.95676],[26.77289,69.95633],[26.77002,69.95589],[26.76763,69.95555],[26.76499,69.95494],[26.76308,69.95429],[26.7607,69.95352],[26.75799,69.95263],[26.75571,69.95186],[26.75325,69.95112],[26.75075,69.95049],[26.74804,69.94986],[26.74558,69.94941],[26.74367,69.94919],[26.74185,69.94889],[26.74021,69.9486],[26.73831,69.94807],[26.73687,69.94762],[26.73534,69.94715],[26.73238,69.94644],[26.73039,69.94613],[26.72791,69.94575],[26.72581,69.94547],[26.72319,69.94521],[26.72047,69.94501],[26.71807,69.94499],[26.71547,69.94527],[26.71349,69.94565],[26.71046,69.94633],[26.70851,69.94694],[26.70648,69.94752],[26.70456,69.94799],[26.70279,69.94846],[26.70131,69.94894],[26.70013,69.94955],[26.69919,69.95017],[26.69805,69.95087],[26.69721,69.95151],[26.69631,69.95233],[26.69512,69.95347],[26.6939,69.9545],[26.69311,69.95527],[26.69162,69.9562],[26.69045,69.95697],[26.68865,69.95816],[26.6871,69.95904],[26.68596,69.95973],[26.68516,69.96063],[26.68466,69.96139],[26.68396,69.96221],[26.68341,69.96302],[26.68204,69.96393],[26.68064,69.96446],[26.67869,69.96477],[26.67608,69.96462],[26.67427,69.96411],[26.67203,69.96345],[26.66882,69.96281],[26.66615,69.96266],[26.66212,69.96271],[26.65929,69.9625],[26.65611,69.96207],[26.65422,69.96176],[26.65117,69.96156],[26.64809,69.96141],[26.64584,69.96133],[26.64372,69.96125],[26.64162,69.96104],[26.63949,69.96073],[26.63655,69.96049],[26.63384,69.9603],[26.63151,69.96021],[26.62861,69.96006],[26.62736,69.95998],[26.62563,69.95986],[26.62355,69.95972],[26.62153,69.95955],[26.61938,69.95938],[26.61716,69.95916],[26.6149,69.95879],[26.61247,69.95829],[26.61139,69.95797],[26.61081,69.95765],[26.6095,69.95736],[26.60747,69.95717],[26.60486,69.95695],[26.60179,69.95664],[26.59877,69.95626],[26.59422,69.95552],[26.59071,69.95495],[26.5877,69.9545],[26.58562,69.95413],[26.58326,69.95374],[26.58076,69.95331],[26.57851,69.953],[26.57657,69.95278],[26.57432,69.95251],[26.57265,69.95235],[26.57022,69.952],[26.56855,69.95169],[26.5663,69.95125],[26.56452,69.95088],[26.56279,69.95044],[26.561,69.94995],[26.55925,69.94951],[26.55714,69.94899],[26.55566,69.9486],[26.55429,69.94825],[26.55292,69.94791],[26.55127,69.94759],[26.54963,69.9474],[26.54788,69.94725],[26.54619,69.94718],[26.54435,69.9471],[26.54227,69.94698],[26.54056,69.94685],[26.53871,69.9467],[26.53696,69.94656],[26.5347,69.94642],[26.53245,69.94629],[26.53024,69.94608],[26.52823,69.946],[26.52636,69.94591],[26.52428,69.94578],[26.5219,69.94565],[26.51973,69.94566],[26.51756,69.94567],[26.51562,69.94565],[26.51296,69.94569],[26.51107,69.94572],[26.50934,69.94576],[26.50743,69.9458],[26.50527,69.94586],[26.50333,69.94587],[26.50167,69.94584],[26.50026,69.94581],[26.49846,69.94574],[26.49675,69.94566],[26.49524,69.94559],[26.49369,69.94544],[26.49207,69.94524],[26.49049,69.94502],[26.48848,69.94466],[26.48669,69.94433],[26.48525,69.94394],[26.48448,69.94357],[26.48382,69.94317],[26.48285,69.94267],[26.48166,69.94223],[26.48036,69.94189],[26.47849,69.94156],[26.4762,69.94131],[26.47415,69.9411],[26.47221,69.94093],[26.47,69.94071],[26.46771,69.94042],[26.46663,69.9402],[26.46538,69.93981],[26.46435,69.93939],[26.46373,69.93893],[26.46339,69.93844],[26.46315,69.93802],[26.46291,69.93758],[26.46215,69.93707],[26.46124,69.93658],[26.46045,69.936],[26.45997,69.93551],[26.45949,69.93494],[26.45894,69.93421],[26.45856,69.93372],[26.45819,69.93314],[26.45789,69.9326],[26.45772,69.93206],[26.4576,69.93161],[26.45768,69.93102],[26.45772,69.93058],[26.45778,69.93009],[26.45779,69.92954],[26.4578,69.92903],[26.45768,69.9284],[26.45752,69.92784],[26.45742,69.92732],[26.4574,69.92669],[26.45753,69.9261],[26.45757,69.92568],[26.45769,69.92511],[26.45792,69.92466],[26.45804,69.92411],[26.45808,69.92354],[26.45814,69.92291],[26.45811,69.92224],[26.45775,69.92165],[26.45734,69.92112],[26.45682,69.92069],[26.45623,69.92016],[26.45593,69.91976],[26.45562,69.91924],[26.45509,69.9187],[26.45438,69.91828],[26.45345,69.91784],[26.45253,69.91745],[26.45159,69.91703],[26.45033,69.91657],[26.44882,69.91614],[26.44763,69.91574],[26.44648,69.91529],[26.44544,69.91476],[26.44426,69.91413],[26.44301,69.91352],[26.44203,69.91305],[26.44109,69.9125],[26.4403,69.91194],[26.43932,69.91136],[26.43831,69.91086],[26.43709,69.91032],[26.43604,69.90989],[26.43468,69.90938],[26.43357,69.90896],[26.43227,69.90855],[26.43098,69.90819],[26.42968,69.90783],[26.42821,69.90738],[26.42723,69.90702],[26.42626,69.9066],[26.42483,69.90602],[26.42378,69.90565],[26.42266,69.90524],[26.4213,69.90481],[26.41987,69.90446],[26.41804,69.90415],[26.41622,69.90384],[26.41403,69.90343],[26.41211,69.90302],[26.41061,69.90266],[26.40945,69.90233],[26.4083,69.90191],[26.40754,69.90148],[26.40741,69.90102],[26.4076,69.90045],[26.40773,69.89991],[26.40766,69.89941],[26.40767,69.89882],[26.40778,69.89815],[26.4079,69.89746],[26.40795,69.89689],[26.40824,69.89637],[26.40861,69.89585],[26.40948,69.89524],[26.41027,69.89473],[26.41106,69.89424],[26.41191,69.8938],[26.41299,69.89324],[26.41385,69.89275],[26.41481,69.89228],[26.41557,69.89192],[26.41621,69.89152],[26.4169,69.8911],[26.41772,69.89061],[26.41811,69.89016],[26.4183,69.8896],[26.41822,69.88909],[26.41791,69.88858],[26.41747,69.88805],[26.41695,69.88749],[26.41651,69.88698],[26.41606,69.88651],[26.41554,69.88596],[26.41527,69.88535],[26.41493,69.88468],[26.41477,69.88354],[26.41448,69.88268],[26.41371,69.88154],[26.41311,69.8799],[26.41187,69.8787],[26.41077,69.8778],[26.40927,69.87673],[26.40718,69.87572],[26.40556,69.87493],[26.40424,69.87424],[26.40314,69.87362],[26.4023,69.87298],[26.40183,69.87237],[26.40135,69.87164],[26.40124,69.87097],[26.40141,69.87011],[26.40165,69.86952],[26.40186,69.8689],[26.40158,69.86804],[26.40123,69.86725],[26.40066,69.86639],[26.39975,69.86575],[26.3985,69.86518],[26.39709,69.86479],[26.39588,69.86425],[26.395,69.86368],[26.39387,69.86281],[26.39241,69.86183],[26.39077,69.86082],[26.38997,69.86012],[26.38935,69.85948],[26.38882,69.85867],[26.3884,69.85784],[26.38772,69.85694],[26.387,69.85607],[26.38594,69.85535],[26.38502,69.85487],[26.38359,69.85416],[26.38201,69.8535],[26.38039,69.85283],[26.37889,69.85232],[26.37726,69.85193],[26.37521,69.85141],[26.37288,69.85084],[26.37089,69.8503],[26.36947,69.84985],[26.36881,69.84939],[26.36842,69.84886],[26.3681,69.84831],[26.36738,69.84755],[26.36636,69.8471],[26.36543,69.84666],[26.36474,69.84616],[26.36355,69.84583],[26.36252,69.84553],[26.3615,69.84497],[26.36064,69.84481],[26.35902,69.84474],[26.35758,69.84474],[26.3563,69.84486],[26.35494,69.84522],[26.35398,69.84562],[26.35271,69.84581],[26.3514,69.84568],[26.34981,69.84542],[26.34823,69.84499],[26.34695,69.8446],[26.34532,69.84412],[26.34384,69.84359],[26.34266,69.84311],[26.34194,69.8426],[26.34099,69.84193],[26.33978,69.84142],[26.33819,69.84091],[26.33713,69.84041],[26.33633,69.83986],[26.33609,69.83934],[26.33566,69.83876],[26.3349,69.83811],[26.33414,69.83751],[26.33286,69.83682],[26.33165,69.83623],[26.33003,69.83579],[26.32796,69.83532],[26.32537,69.83493],[26.32315,69.83458],[26.32111,69.83423],[26.31956,69.83392],[26.31809,69.83359],[26.3165,69.83313],[26.31516,69.83269],[26.31386,69.83218],[26.31239,69.83154],[26.31103,69.83103],[26.30897,69.83045],[26.30672,69.83001],[26.3041,69.82941],[26.30125,69.82864],[26.29915,69.82809],[26.297,69.82747],[26.2951,69.82709],[26.29281,69.82671],[26.29048,69.82649],[26.28795,69.82635],[26.28566,69.82632],[26.28454,69.82623],[26.28346,69.82604],[26.2818,69.8256],[26.28024,69.82478],[26.27892,69.8241],[26.27706,69.82334],[26.27511,69.82273],[26.27264,69.82194],[26.27092,69.82127],[26.26831,69.82054],[26.26664,69.82013],[26.26445,69.81964],[26.2621,69.81931],[26.26039,69.81907],[26.2602,69.81904],[26.25847,69.81881],[26.25652,69.81856],[26.25453,69.81835],[26.25257,69.81811],[26.2506,69.81794],[26.24886,69.81786],[26.24712,69.81758],[26.24589,69.81737],[26.2448,69.81705],[26.24359,69.81668],[26.24263,69.81621],[26.2421,69.81554],[26.24129,69.81453],[26.24084,69.81368],[26.24067,69.8131],[26.24055,69.81242],[26.24053,69.81174],[26.24074,69.81108],[26.24091,69.8105],[26.24097,69.80995],[26.24091,69.80941],[26.24094,69.80879],[26.24118,69.80819],[26.24164,69.80769],[26.24229,69.8072],[26.24305,69.80675],[26.24371,69.80632],[26.24446,69.80575],[26.24526,69.80516],[26.24618,69.80451],[26.2468,69.80387],[26.24733,69.80333],[26.24803,69.80257],[26.24841,69.80196],[26.24875,69.80138],[26.24885,69.80083],[26.24847,69.80007],[26.24819,69.79897],[26.24805,69.79799],[26.24757,69.79685],[26.24743,69.79631],[26.2471,69.79572],[26.24666,69.79495],[26.24579,69.79438],[26.24456,69.79396],[26.24259,69.79367],[26.24022,69.79358],[26.23835,69.79361],[26.23528,69.79369],[26.23271,69.79374],[26.23131,69.79365],[26.22996,69.79337],[26.22889,69.79298],[26.22801,69.7924],[26.22769,69.79163],[26.22756,69.79094],[26.22724,69.79015],[26.22689,69.78922],[26.2266,69.78855],[26.22624,69.78785],[26.22583,69.78719],[26.22504,69.78644],[26.22423,69.78598],[26.2229,69.78551],[26.22141,69.78518],[26.21951,69.78474],[26.21867,69.78424],[26.21822,69.78367],[26.21754,69.78282],[26.21744,69.78197],[26.21708,69.78114],[26.21588,69.78035],[26.21491,69.77989],[26.21329,69.77947],[26.21121,69.77915],[26.20895,69.77914],[26.20647,69.7792],[26.2047,69.7793],[26.20317,69.77926],[26.20156,69.77911],[26.20014,69.77895],[26.19836,69.7787],[26.19682,69.77842],[26.19544,69.77797],[26.19386,69.77758],[26.19244,69.77706],[26.19126,69.77639],[26.19018,69.77572],[26.18917,69.77515],[26.18835,69.77449],[26.1878,69.77382],[26.18665,69.77323],[26.18587,69.77276],[26.18539,69.77252],[26.18513,69.77215],[26.18533,69.77158],[26.18471,69.77099],[26.18353,69.77055],[26.18261,69.77003],[26.18193,69.76952],[26.18117,69.7691],[26.18096,69.76872],[26.18116,69.7684],[26.18172,69.7681],[26.18235,69.76782],[26.18329,69.7676],[26.18454,69.76739],[26.18549,69.76707],[26.18554,69.76671],[26.1856,69.76642],[26.18543,69.76592],[26.1855,69.76528],[26.18596,69.76448],[26.18585,69.76356],[26.18551,69.7626],[26.18497,69.76167],[26.18439,69.76091],[26.18342,69.76025],[26.18178,69.75965],[26.17929,69.75908],[26.17636,69.75862],[26.17325,69.75828],[26.17069,69.75813],[26.16823,69.75815],[26.16551,69.75841],[26.16233,69.75829],[26.15893,69.75789],[26.15606,69.75742],[26.15343,69.75685],[26.15118,69.75605],[26.15007,69.75536],[26.14948,69.75475],[26.14876,69.75386],[26.14837,69.75292],[26.14808,69.75193],[26.14817,69.75088],[26.14841,69.7499],[26.14833,69.74853],[26.14803,69.74733],[26.14767,69.74667],[26.14728,69.74588],[26.14651,69.74493],[26.14485,69.74377],[26.14291,69.74258],[26.14067,69.74153],[26.13895,69.74069],[26.13728,69.73962],[26.13562,69.73861],[26.13243,69.73748],[26.12883,69.73615],[26.12494,69.73489],[26.12188,69.73347],[26.11731,69.73237],[26.11408,69.73153],[26.11136,69.73079],[26.10959,69.73018],[26.10761,69.72974],[26.10583,69.72942],[26.10384,69.72926],[26.10144,69.729],[26.09917,69.72879],[26.09734,69.72855],[26.09476,69.72821],[26.09229,69.72799],[26.09031,69.72781],[26.08799,69.72782],[26.08554,69.72799],[26.08242,69.72787],[26.07971,69.72748],[26.07794,69.72703],[26.07728,69.72641],[26.07561,69.72587],[26.07417,69.72524],[26.07316,69.72473],[26.07191,69.72425],[26.07014,69.72409],[26.06848,69.72413],[26.06673,69.72437],[26.06444,69.72444],[26.0609,69.72407],[26.05868,69.72364],[26.05713,69.72293],[26.05614,69.72206],[26.05451,69.72116],[26.05223,69.72053],[26.04866,69.72019],[26.04551,69.72023],[26.04311,69.72033],[26.04109,69.72027],[26.03972,69.72038],[26.03841,69.72069],[26.03623,69.72107],[26.0331,69.72132],[26.02957,69.72122],[26.02659,69.7213],[26.02454,69.72155],[26.02243,69.72189],[26.01996,69.72236],[26.01841,69.72253],[26.01692,69.72279],[26.01603,69.72314],[26.01418,69.72334],[26.01265,69.72324],[26.01051,69.72298],[26.00867,69.72297],[26.00714,69.72286],[26.00598,69.72248],[26.00555,69.72191],[26.00507,69.72116],[26.00392,69.72057],[26.00185,69.71999],[25.9993,69.71939],[25.99777,69.71876],[25.99585,69.7182],[25.9948,69.71766],[25.99453,69.71698],[25.99405,69.71629],[25.99283,69.7157],[25.99025,69.7147],[25.98813,69.71396],[25.98642,69.71325],[25.98473,69.71231],[25.98385,69.71147],[25.9814,69.71031],[25.97904,69.70941],[25.97649,69.70833],[25.97493,69.70775],[25.973,69.70737],[25.97042,69.70694],[25.96795,69.70616],[25.96605,69.7053],[25.96558,69.70454],[25.96602,69.70381],[25.96555,69.7031],[25.96416,69.7021],[25.96274,69.70085],[25.96151,69.69995],[25.96021,69.69925],[25.95805,69.69867],[25.95585,69.69829],[25.95275,69.69727],[25.95054,69.69655],[25.9498,69.696],[25.95015,69.69515],[25.95125,69.69444],[25.95216,69.6937],[25.95214,69.69303],[25.95157,69.69219],[25.95041,69.69137],[25.94782,69.69064],[25.94601,69.68992],[25.94507,69.68907],[25.94441,69.6877],[25.94396,69.6863],[25.94363,69.68539],[25.94265,69.68456],[25.9411,69.68392],[25.93872,69.68321],[25.93629,69.68222],[25.93414,69.68132],[25.93123,69.68031],[25.92865,69.67972],[25.92662,69.67952],[25.92447,69.67957],[25.92203,69.67942],[25.92025,69.67934],[25.91853,69.67902],[25.91692,69.67855],[25.91624,69.67791],[25.91506,69.67701],[25.91402,69.6763],[25.91278,69.6756],[25.9109,69.67485],[25.90851,69.67403],[25.90612,69.6732],[25.90285,69.67229],[25.90054,69.67146],[25.8986,69.67052],[25.89674,69.67005],[25.89564,69.66948],[25.89506,69.66883],[25.89419,69.66789],[25.89321,69.66723],[25.89254,69.66642],[25.89149,69.6655],[25.89129,69.66351],[25.89267,69.66194],[25.89474,69.66044],[25.8971,69.65918],[25.90091,69.65795],[25.9043,69.65728],[25.90766,69.65687],[25.91144,69.65695],[25.91619,69.6569],[25.91911,69.65662],[25.92188,69.65631],[25.92515,69.65609],[25.92705,69.65592],[25.92936,69.65558],[25.93111,69.65515],[25.93256,69.65473],[25.93411,69.65437],[25.93535,69.65405],[25.93747,69.65346],[25.93913,69.65291],[25.94146,69.65226],[25.94419,69.65159],[25.94663,69.65089],[25.9487,69.65009],[25.95063,69.6492],[25.95221,69.64828],[25.95404,69.64732],[25.9553,69.64653],[25.95563,69.64578],[25.95591,69.645],[25.9559,69.64411],[25.95534,69.64335],[25.95529,69.6426],[25.95588,69.64197],[25.95628,69.64133],[25.95733,69.64057],[25.95822,69.63991],[25.95893,69.63928],[25.95932,69.63868],[25.95971,69.63824],[25.96049,69.63766],[25.96123,69.63696],[25.96166,69.63639],[25.96197,69.6358],[25.96226,69.63523],[25.96264,69.63472],[25.96299,69.63425],[25.96333,69.63371],[25.96343,69.63319],[25.96333,69.63245],[25.96301,69.63187],[25.96244,69.63129],[25.96195,69.63074],[25.9615,69.6302],[25.96107,69.62962],[25.96083,69.62917],[25.96068,69.62882],[25.96074,69.62848],[25.96099,69.62812],[25.96136,69.6277],[25.96197,69.62717],[25.96273,69.62667],[25.96346,69.62605],[25.96392,69.62559],[25.96421,69.62517],[25.96437,69.62477],[25.96428,69.62437],[25.96383,69.624],[25.96354,69.62367],[25.96301,69.62325],[25.96222,69.62297],[25.96149,69.62276],[25.96077,69.6225],[25.96021,69.62221],[25.95945,69.62195],[25.95918,69.62165],[25.95889,69.62121],[25.95896,69.62082],[25.95941,69.62042],[25.96005,69.62003],[25.96085,69.61957],[25.96176,69.61907],[25.96333,69.61836],[25.96422,69.61773],[25.96542,69.61711],[25.96633,69.61675],[25.96762,69.61644],[25.96928,69.61599],[25.97053,69.61559],[25.97107,69.61527],[25.97184,69.61481],[25.97299,69.61425],[25.97353,69.614],[25.97404,69.61367],[25.9744,69.61323],[25.9746,69.61267],[25.97505,69.61207],[25.97567,69.61161],[25.97657,69.61104],[25.97672,69.61068],[25.97658,69.61024],[25.97598,69.60961],[25.97494,69.60901],[25.97408,69.60844],[25.97305,69.60783],[25.9724,69.60653],[25.9724,69.60577],[25.97212,69.6047],[25.97098,69.60414],[25.96969,69.60337],[25.96906,69.60247],[25.96832,69.6015],[25.96764,69.60079],[25.96728,69.59976],[25.96718,69.59929],[25.96673,69.5988],[25.96582,69.59844],[25.965,69.598],[25.96383,69.59761],[25.96226,69.59727],[25.96024,69.59686],[25.9578,69.59638],[25.95597,69.59597],[25.95436,69.59552],[25.95309,69.59495],[25.95233,69.59448],[25.95189,69.59408],[25.95172,69.59372],[25.95171,69.59345],[25.95184,69.59306],[25.95202,69.59269],[25.95221,69.59222],[25.95186,69.59139],[25.95136,69.59069],[25.95093,69.59013],[25.95034,69.58939],[25.9497,69.5888],[25.949,69.58831],[25.94826,69.58796],[25.94721,69.58759],[25.9465,69.58724],[25.94576,69.5866],[25.94556,69.58603],[25.94591,69.58546],[25.94649,69.58493],[25.94719,69.58434],[25.94816,69.58382],[25.94846,69.58349],[25.94857,69.58311],[25.94833,69.58272],[25.94768,69.58204],[25.94683,69.58131],[25.94663,69.58058],[25.94639,69.57991],[25.94598,69.57932],[25.94539,69.57876],[25.94449,69.57827],[25.94321,69.57787],[25.94215,69.57749],[25.94181,69.57698],[25.9419,69.57644],[25.94101,69.57569],[25.93959,69.57498],[25.93921,69.5743],[25.93869,69.5737],[25.93797,69.57315],[25.93749,69.57253],[25.93632,69.57212],[25.93457,69.5717],[25.93294,69.5713],[25.9312,69.57086],[25.9299,69.57052],[25.92793,69.57018],[25.92594,69.56999],[25.92446,69.56973],[25.9238,69.56939],[25.92296,69.56898],[25.92221,69.56861],[25.92065,69.56807],[25.9181,69.56751],[25.91667,69.56705],[25.91524,69.56649],[25.91361,69.56586],[25.91112,69.56437],[25.90862,69.56319],[25.90631,69.56223],[25.9016,69.56069],[25.89867,69.55984],[25.89744,69.5591],[25.8967,69.5588],[25.89554,69.55853],[25.89411,69.55861],[25.89277,69.55846],[25.89097,69.55814],[25.88956,69.55771],[25.88856,69.55728],[25.88756,69.55685],[25.88593,69.55665],[25.88459,69.55656],[25.88283,69.55621],[25.88165,69.55577],[25.88065,69.55531],[25.8791,69.55479],[25.87757,69.55447],[25.8765,69.55415],[25.87515,69.55382],[25.87422,69.55358],[25.87208,69.55327],[25.87007,69.55309],[25.86814,69.55298],[25.86659,69.553],[25.86436,69.55312],[25.8624,69.55321],[25.86078,69.55329],[25.85874,69.55336],[25.85666,69.55336],[25.85406,69.55326],[25.85156,69.55302],[25.84906,69.55283],[25.84681,69.55272],[25.84418,69.55228],[25.8426,69.55169],[25.84146,69.55101],[25.84124,69.55034],[25.84168,69.54973],[25.8419,69.549],[25.84191,69.54815],[25.84183,69.54764],[25.84191,69.5471],[25.84177,69.54661],[25.841,69.54609],[25.84003,69.54527],[25.83939,69.54451],[25.83927,69.54362],[25.83995,69.54298],[25.84129,69.54208],[25.84333,69.54148],[25.84536,69.54117],[25.84691,69.54073],[25.84834,69.54013],[25.84989,69.53958],[25.85203,69.53909],[25.85419,69.53849],[25.85624,69.53796],[25.85843,69.5375],[25.86011,69.537],[25.86131,69.53657],[25.86288,69.53588],[25.86394,69.53537],[25.86504,69.53486],[25.86686,69.53414],[25.86862,69.53351],[25.86967,69.53291],[25.87135,69.53206],[25.87226,69.53158],[25.87313,69.53108],[25.87374,69.53055],[25.87444,69.52995],[25.87523,69.52941],[25.87607,69.529],[25.87627,69.52858],[25.8756,69.52798],[25.87567,69.52715],[25.87614,69.52622],[25.87655,69.52532],[25.8766,69.5245],[25.87616,69.52378],[25.8764,69.52334],[25.87674,69.52289],[25.87685,69.52255],[25.87704,69.5222],[25.87688,69.52194],[25.87628,69.5217],[25.87548,69.52142],[25.87437,69.52067],[25.87329,69.51974],[25.87224,69.51908],[25.87122,69.51853],[25.86948,69.51784],[25.8677,69.5171],[25.86614,69.51639],[25.86465,69.51572],[25.86363,69.51518],[25.86238,69.51461],[25.86067,69.51397],[25.85996,69.51353],[25.85981,69.51307],[25.85963,69.5123],[25.85985,69.51174],[25.86008,69.51127],[25.85993,69.51073],[25.85948,69.51027],[25.85908,69.50975],[25.8586,69.50931],[25.85778,69.50888],[25.85704,69.50854],[25.85648,69.5081],[25.85668,69.50767],[25.85687,69.50728],[25.85687,69.50684],[25.85738,69.50633],[25.85787,69.50607],[25.85853,69.50576],[25.85917,69.50536],[25.8596,69.50491],[25.85997,69.5045],[25.85995,69.50425],[25.85924,69.50396],[25.85815,69.50351],[25.85755,69.50302],[25.85732,69.50264],[25.85689,69.50205],[25.85646,69.50144],[25.85558,69.50086],[25.85474,69.50023],[25.85382,69.49954],[25.85275,69.49888],[25.85187,69.49837],[25.85077,69.49766],[25.84985,69.49691],[25.8491,69.49618],[25.84863,69.49548],[25.84812,69.49484],[25.84751,69.49416],[25.84688,69.49349],[25.84669,69.49311],[25.84636,69.49254],[25.84671,69.49219],[25.84739,69.49192],[25.84766,69.4914],[25.84775,69.49093],[25.84737,69.49027],[25.84686,69.49003],[25.84652,69.4898],[25.84669,69.48949],[25.8473,69.489],[25.84824,69.48852],[25.84903,69.48814],[25.85007,69.4878],[25.85116,69.48753],[25.85228,69.48741],[25.85341,69.4872],[25.85473,69.48682],[25.85586,69.48646],[25.8576,69.48603],[25.85916,69.48567],[25.86059,69.48517],[25.86139,69.48482],[25.86211,69.48443],[25.86284,69.48392],[25.86338,69.48357],[25.86375,69.48325],[25.86411,69.48304],[25.86427,69.48282],[25.86417,69.48246],[25.86413,69.48205],[25.86386,69.48169],[25.864,69.48142],[25.86413,69.48111],[25.86412,69.48074],[25.86385,69.48028],[25.86355,69.47981],[25.86338,69.47924],[25.86305,69.4788],[25.86281,69.47843],[25.86266,69.47806],[25.86283,69.47768],[25.86332,69.47707],[25.8636,69.47655],[25.86426,69.47622],[25.86458,69.47584],[25.86443,69.47532],[25.86366,69.47482],[25.86186,69.47434],[25.859,69.47374],[25.85567,69.47312],[25.85205,69.47235],[25.84853,69.47177],[25.84523,69.4712],[25.84272,69.47076],[25.84037,69.47031],[25.83902,69.46995],[25.83752,69.46946],[25.83615,69.46885],[25.8349,69.4682],[25.83373,69.46735],[25.83302,69.46631],[25.8324,69.4648],[25.83215,69.46393],[25.83111,69.46229],[25.83044,69.4585],[25.8302,69.45739],[25.82966,69.45643],[25.82942,69.45552],[25.82966,69.45421],[25.82967,69.45368],[25.82934,69.45299],[25.82871,69.4525],[25.82772,69.45173],[25.82634,69.45097],[25.82584,69.45031],[25.82586,69.44935],[25.82599,69.44873],[25.82529,69.44816],[25.82443,69.44759],[25.82305,69.44701],[25.82136,69.4464],[25.81986,69.44558],[25.81875,69.44472],[25.81829,69.44382],[25.81819,69.44295],[25.81796,69.44207],[25.81772,69.44144],[25.81748,69.44071],[25.81716,69.44002],[25.81593,69.43917],[25.81462,69.43839],[25.81326,69.43771],[25.81211,69.43714],[25.81055,69.43662],[25.80923,69.43621],[25.80773,69.43573],[25.80682,69.43526],[25.80648,69.43474],[25.80636,69.4342],[25.80618,69.43363],[25.80578,69.43319],[25.80553,69.43292],[25.80564,69.43273],[25.80624,69.43247],[25.80781,69.43212],[25.80904,69.43185],[25.81007,69.43134],[25.81047,69.43074],[25.81092,69.42966],[25.8108,69.42859],[25.81014,69.42741],[25.80934,69.42639],[25.8085,69.42594],[25.80719,69.42548],[25.80564,69.42524],[25.80428,69.42514],[25.80267,69.42521],[25.80103,69.42516],[25.79943,69.42497],[25.79731,69.42436],[25.79601,69.42371],[25.79486,69.42315],[25.79432,69.42237],[25.79313,69.42138],[25.79304,69.42091],[25.79393,69.42025],[25.79527,69.41963],[25.79666,69.41921],[25.79776,69.41906],[25.80024,69.41926],[25.80339,69.41939],[25.80642,69.4194],[25.80893,69.41928],[25.81153,69.41873],[25.81356,69.41823],[25.81631,69.41781],[25.81782,69.41751],[25.81862,69.4172],[25.81956,69.41679],[25.82045,69.41649],[25.82131,69.41635],[25.82196,69.41611],[25.82244,69.4157],[25.82277,69.41514],[25.82305,69.41444],[25.82342,69.41393],[25.82384,69.41367],[25.82418,69.41337],[25.82403,69.41309],[25.82316,69.41268],[25.82214,69.4124],[25.82071,69.41216],[25.81849,69.41204],[25.8163,69.41192],[25.81432,69.41176],[25.81265,69.41159],[25.81132,69.41136],[25.81043,69.41109],[25.80969,69.41076],[25.80936,69.41039],[25.80908,69.40993],[25.80903,69.40946],[25.80909,69.40907],[25.80947,69.40873],[25.81088,69.40855],[25.81153,69.40827],[25.81177,69.40778],[25.81182,69.40732],[25.812,69.40689],[25.81173,69.4065],[25.81183,69.40609],[25.81197,69.40577],[25.81217,69.40542],[25.81288,69.40523],[25.81413,69.40522],[25.81553,69.40533],[25.81708,69.40552],[25.81951,69.40595],[25.82158,69.40645],[25.82274,69.40671],[25.82435,69.40703],[25.82587,69.40726],[25.82739,69.40741],[25.82878,69.40738],[25.83027,69.40725],[25.83185,69.40682],[25.83241,69.40653],[25.8331,69.4061],[25.83345,69.40575],[25.83384,69.40536],[25.83449,69.40496],[25.83501,69.4046],[25.83498,69.40432],[25.83457,69.40408],[25.83421,69.40377],[25.83438,69.40355],[25.83493,69.40316],[25.83574,69.40277],[25.83679,69.40228],[25.83745,69.40183],[25.83775,69.40166],[25.83842,69.40131],[25.83929,69.401],[25.84001,69.40059],[25.84067,69.40016],[25.84133,69.39967],[25.84188,69.39926],[25.84256,69.39893],[25.84324,69.39857],[25.84357,69.39835],[25.8436,69.3983],[25.84382,69.39801],[25.84414,69.39755],[25.84437,69.39676],[25.84475,69.39616],[25.84525,69.3956],[25.84579,69.39507],[25.84655,69.39451],[25.84678,69.39416],[25.84665,69.39384],[25.84643,69.39354],[25.8461,69.39325],[25.84529,69.39286],[25.84462,69.39265],[25.84356,69.39258],[25.84268,69.39271],[25.84168,69.39266],[25.84011,69.39254],[25.8389,69.3924],[25.83833,69.39227],[25.83768,69.39194],[25.83695,69.39156],[25.83642,69.39139],[25.83556,69.39122],[25.83491,69.39111],[25.8347,69.39102],[25.83448,69.39068],[25.83398,69.39015],[25.83299,69.38954],[25.83223,69.38927],[25.83133,69.38895],[25.8306,69.38875],[25.83043,69.38853],[25.8305,69.38828],[25.8304,69.38789],[25.83039,69.38763],[25.83069,69.38735],[25.83089,69.38704],[25.83089,69.3868],[25.83096,69.3865],[25.83076,69.38611],[25.83058,69.38541],[25.83054,69.38481],[25.83065,69.38415],[25.83041,69.38354],[25.82985,69.38271],[25.82887,69.38198],[25.82808,69.3814],[25.82669,69.38093],[25.82514,69.38052],[25.82388,69.38023],[25.82287,69.38003],[25.82188,69.37992],[25.82056,69.37987],[25.81951,69.37967],[25.81909,69.37937],[25.8189,69.3791],[25.81872,69.37854],[25.81819,69.37812],[25.81717,69.3777],[25.81588,69.37733],[25.81464,69.37697],[25.81364,69.37653],[25.81259,69.37591],[25.81212,69.37519],[25.81204,69.37459],[25.81244,69.37406],[25.81302,69.37378],[25.81425,69.37357],[25.81575,69.3734],[25.81697,69.37338],[25.81766,69.37326],[25.81822,69.37304],[25.81869,69.3727],[25.81865,69.37228],[25.81813,69.37195],[25.8178,69.37162],[25.81773,69.37116],[25.81758,69.37056],[25.81743,69.37007],[25.81733,69.3695],[25.81706,69.3689],[25.81659,69.36827],[25.81623,69.36758],[25.81608,69.36707],[25.816,69.36655],[25.816,69.36593],[25.81628,69.36527],[25.81662,69.36469],[25.81701,69.36425],[25.81757,69.36371],[25.81804,69.3632],[25.81828,69.36277],[25.81845,69.36233],[25.81857,69.36188],[25.81859,69.36129],[25.81852,69.36073],[25.81789,69.36021],[25.81685,69.35968],[25.81553,69.35928],[25.81414,69.35898],[25.81297,69.35879],[25.8118,69.35867],[25.81065,69.3586],[25.80909,69.35845],[25.80787,69.35829],[25.80668,69.35805],[25.80554,69.35785],[25.80445,69.35758],[25.80357,69.35734],[25.8025,69.35722],[25.80147,69.35714],[25.80043,69.35706],[25.7989,69.35695],[25.79728,69.35687],[25.79587,69.35694],[25.79466,69.35708],[25.79337,69.35699],[25.79224,69.35675],[25.7907,69.35657],[25.78896,69.35648],[25.7881,69.35639],[25.7874,69.35624],[25.78673,69.35606],[25.7859,69.35605],[25.78486,69.3559],[25.78421,69.35564],[25.78355,69.3552],[25.78276,69.35443],[25.78251,69.3536],[25.78236,69.35326],[25.78186,69.35291],[25.78111,69.35262],[25.78013,69.35211],[25.77978,69.35175],[25.77918,69.35135],[25.77877,69.35075],[25.77885,69.35017],[25.77905,69.34968],[25.77908,69.34927],[25.77869,69.34884],[25.77822,69.34852],[25.77855,69.34811],[25.77906,69.3479],[25.77974,69.34763],[25.78,69.34727],[25.77976,69.34692],[25.77988,69.34636],[25.77957,69.34595],[25.77916,69.34555],[25.77868,69.34504],[25.778,69.34462],[25.77754,69.34426],[25.77701,69.34392],[25.77576,69.34367],[25.77421,69.3436],[25.77213,69.34349],[25.77045,69.3432],[25.76882,69.34255],[25.7652,69.34179],[25.76378,69.3416],[25.7624,69.34145],[25.76108,69.34129],[25.75997,69.34095],[25.75938,69.34038],[25.75931,69.3398],[25.75949,69.3391],[25.75966,69.33845],[25.75998,69.33768],[25.76027,69.33708],[25.76066,69.33649],[25.76099,69.33616],[25.76163,69.33572],[25.7624,69.33521],[25.76276,69.33481],[25.76305,69.3342],[25.76304,69.33388],[25.76267,69.33355],[25.76218,69.33337],[25.76125,69.3333],[25.76045,69.33319],[25.76011,69.33301],[25.76003,69.33285],[25.75992,69.33233],[25.75951,69.33195],[25.75891,69.33132],[25.7585,69.33091],[25.7584,69.33043],[25.75858,69.32975],[25.75884,69.3292],[25.75895,69.32849],[25.75902,69.32789],[25.75895,69.3273],[25.75865,69.32709],[25.75756,69.32671],[25.75664,69.32619],[25.75621,69.32575],[25.75614,69.32526],[25.75603,69.32494],[25.75601,69.32469],[25.75549,69.32433],[25.7543,69.32402],[25.75337,69.32388],[25.75225,69.32359],[25.7517,69.3233],[25.75082,69.32283],[25.7499,69.32239],[25.74873,69.32185],[25.74745,69.32134],[25.74577,69.32083],[25.74429,69.32021],[25.74317,69.31968],[25.74183,69.31907],[25.74103,69.31841],[25.74071,69.31766],[25.74049,69.317],[25.74009,69.31642],[25.73983,69.31567],[25.7397,69.31495],[25.73943,69.3141],[25.73902,69.31319],[25.73874,69.31235],[25.73867,69.31181],[25.73857,69.31133],[25.73777,69.31058],[25.73793,69.31],[25.7385,69.30941],[25.739,69.30861],[25.73959,69.30809],[25.7404,69.30754],[25.74089,69.30699],[25.7416,69.3067],[25.74303,69.30637],[25.74416,69.30619],[25.74564,69.30582],[25.74676,69.30547],[25.74758,69.30501],[25.74791,69.30452],[25.74795,69.30409],[25.74801,69.30355],[25.74789,69.30303],[25.74782,69.30247],[25.74782,69.30206],[25.74751,69.30172],[25.74683,69.3014],[25.74537,69.30108],[25.74383,69.30077],[25.7433,69.30062],[25.74268,69.30055],[25.74226,69.30042],[25.74181,69.30012],[25.74171,69.29971],[25.7417,69.29932],[25.74151,69.29917],[25.74004,69.29895],[25.7382,69.29884],[25.73685,69.29877],[25.73654,69.29867],[25.73581,69.2979],[25.73571,69.29708],[25.73544,69.29617],[25.73557,69.29559],[25.73601,69.29519],[25.73663,69.29499],[25.73754,69.2948],[25.73851,69.29461],[25.7395,69.29436],[25.74038,69.29413],[25.74155,69.2938],[25.74255,69.29353],[25.74387,69.29316],[25.74466,69.29284],[25.74496,69.29257],[25.74507,69.29229],[25.74503,69.29167],[25.74525,69.29089],[25.74556,69.29019],[25.74575,69.28982],[25.74603,69.28958],[25.74639,69.28934],[25.74653,69.28905],[25.74673,69.28848],[25.74702,69.28798],[25.74724,69.28742],[25.74754,69.28679],[25.74773,69.2862],[25.74755,69.2859],[25.74727,69.2857],[25.74681,69.28546],[25.74618,69.2852],[25.74489,69.28482],[25.74355,69.2845],[25.74218,69.28422],[25.74072,69.28389],[25.73947,69.28339],[25.7387,69.2828],[25.73835,69.28216],[25.73838,69.28161],[25.7385,69.28113],[25.73911,69.28065],[25.73989,69.28014],[25.74067,69.27961],[25.74128,69.27925],[25.74193,69.27871],[25.7427,69.27813],[25.74318,69.27756],[25.74324,69.27726],[25.74315,69.27693],[25.74284,69.27659],[25.74242,69.27635],[25.74193,69.27608],[25.74162,69.27584],[25.74146,69.27559],[25.74122,69.27532],[25.74057,69.27505],[25.73974,69.27486],[25.73861,69.27471],[25.7376,69.27462],[25.73652,69.27456],[25.73529,69.27458],[25.73376,69.27443],[25.73248,69.27407],[25.73126,69.27358],[25.73008,69.2729],[25.72919,69.27214],[25.72859,69.2715],[25.7284,69.27084],[25.72877,69.26989],[25.72974,69.26878],[25.73066,69.2679],[25.73131,69.26723],[25.73179,69.26664],[25.73227,69.26611],[25.7325,69.26552],[25.73225,69.26484],[25.73103,69.26419],[25.73014,69.26351],[25.72964,69.26282],[25.7295,69.26245],[25.72917,69.26216],[25.72785,69.2619],[25.72636,69.26147],[25.72495,69.26108],[25.724,69.26062],[25.72308,69.26021],[25.7221,69.25963],[25.72106,69.25907],[25.7205,69.25855],[25.72037,69.25816],[25.72074,69.25785],[25.72096,69.25747],[25.72039,69.25721],[25.71961,69.25705],[25.71858,69.257],[25.7173,69.25686],[25.71606,69.25665],[25.71433,69.25662],[25.71315,69.25676],[25.71123,69.2567],[25.70951,69.2565],[25.7077,69.25619],[25.70598,69.25591],[25.70496,69.25573],[25.70425,69.25553],[25.70374,69.25528],[25.70285,69.25482],[25.70231,69.25428],[25.70204,69.25366],[25.70231,69.25308],[25.70272,69.25253],[25.70254,69.25198],[25.70224,69.25136],[25.7016,69.25069],[25.70129,69.25001],[25.70132,69.24957],[25.70169,69.24916],[25.70219,69.24889],[25.70274,69.2487],[25.70339,69.24842],[25.704,69.24805],[25.70439,69.24774],[25.70493,69.24733],[25.70536,69.2469],[25.70635,69.24592],[25.70703,69.24534],[25.70748,69.24497],[25.70788,69.24468],[25.70813,69.24439],[25.70803,69.24414],[25.70776,69.24378],[25.70738,69.2432],[25.70734,69.24271],[25.70745,69.24233],[25.70728,69.24193],[25.70735,69.24176],[25.70722,69.24157],[25.70679,69.24147],[25.70577,69.24116],[25.7046,69.2408],[25.70347,69.24038],[25.70285,69.24013],[25.70245,69.23977],[25.70232,69.23916],[25.70233,69.23853],[25.70256,69.23796],[25.70307,69.23741],[25.70361,69.23691],[25.70413,69.23638],[25.70429,69.23573],[25.70405,69.23502],[25.70377,69.23432],[25.70335,69.23383],[25.7027,69.23332],[25.70197,69.23269],[25.701,69.2321],[25.7007,69.23165],[25.70072,69.2312],[25.70099,69.23084],[25.70176,69.23045],[25.70267,69.22998],[25.70343,69.22967],[25.70442,69.22924],[25.70567,69.22874],[25.70705,69.22825],[25.70827,69.22786],[25.70905,69.2276],[25.71077,69.22721],[25.71225,69.22688],[25.71322,69.22653],[25.71379,69.22604],[25.71386,69.2255],[25.71351,69.22498],[25.71305,69.22451],[25.71225,69.22389],[25.71154,69.22326],[25.71057,69.22282],[25.70957,69.22253],[25.70815,69.22212],[25.70723,69.2218],[25.70684,69.22157],[25.70649,69.22107],[25.70601,69.22054],[25.70569,69.22013],[25.70564,69.21955],[25.70605,69.21891],[25.70668,69.21845],[25.70703,69.21804],[25.70709,69.21728],[25.70717,69.21651],[25.70753,69.21582],[25.70815,69.21506],[25.70874,69.21449],[25.7099,69.21374],[25.71096,69.21317],[25.71225,69.21248],[25.71284,69.21198],[25.71333,69.21159],[25.71317,69.21107],[25.71256,69.21065],[25.71162,69.2103],[25.71059,69.20996],[25.70896,69.20943],[25.70767,69.20901],[25.70652,69.20839],[25.70577,69.20793],[25.70491,69.20738],[25.70435,69.20698],[25.7042,69.20659],[25.7043,69.20626],[25.70414,69.20599],[25.70354,69.20576],[25.70269,69.20548],[25.70182,69.20521],[25.70095,69.20495],[25.70021,69.20475],[25.69948,69.20467],[25.69854,69.20466],[25.69789,69.20472],[25.6972,69.20481],[25.69642,69.20494],[25.69583,69.20493],[25.69516,69.20478],[25.69451,69.20453],[25.69388,69.20401],[25.69364,69.20363],[25.69377,69.20324],[25.69437,69.20276],[25.695,69.20247],[25.69556,69.20213],[25.69575,69.20178],[25.69582,69.20125],[25.69573,69.20082],[25.69567,69.2003],[25.69536,69.19978],[25.69471,69.19926],[25.69394,69.19888],[25.69298,69.19854],[25.69274,69.19832],[25.69283,69.19818],[25.69313,69.198],[25.69319,69.19776],[25.69302,69.19758],[25.69292,69.19723],[25.69302,69.19674],[25.6934,69.19606],[25.69399,69.19544],[25.69482,69.19475],[25.69569,69.19402],[25.69635,69.19354],[25.69738,69.19304],[25.69836,69.19268],[25.69916,69.19223],[25.69984,69.19185],[25.70083,69.19125],[25.70168,69.19074],[25.7026,69.19021],[25.70323,69.18983],[25.70399,69.18935],[25.7046,69.18875],[25.70537,69.1884],[25.70631,69.18822],[25.70702,69.18795],[25.70771,69.18746],[25.70807,69.18708],[25.70788,69.18667],[25.70706,69.18635],[25.70662,69.1861],[25.70659,69.18578],[25.70702,69.18551],[25.70807,69.18529],[25.70889,69.18502],[25.70938,69.18467],[25.70978,69.18436],[25.71032,69.18386],[25.71095,69.18313],[25.71123,69.18264],[25.71139,69.18209],[25.71173,69.18155],[25.71234,69.18087],[25.71255,69.18034],[25.71291,69.17985],[25.7136,69.17933],[25.71411,69.17895],[25.7148,69.17847],[25.71498,69.17812],[25.71507,69.1776],[25.71519,69.17679],[25.71604,69.17622],[25.71643,69.17579],[25.71652,69.17543],[25.71697,69.17476],[25.71776,69.17413],[25.71813,69.17353],[25.71881,69.17284],[25.71925,69.17207],[25.71947,69.17144],[25.71934,69.17103],[25.71941,69.1704],[25.71966,69.16996],[25.71997,69.16975],[25.72038,69.16957],[25.72096,69.16953],[25.72161,69.16951],[25.7221,69.16948],[25.72236,69.16934],[25.72242,69.16908],[25.72256,69.16877],[25.72278,69.16843],[25.72307,69.16798],[25.72326,69.16743],[25.72355,69.16706],[25.72454,69.16658],[25.72481,69.16619],[25.72475,69.16568],[25.72508,69.1654],[25.72557,69.1651],[25.72621,69.16477],[25.72631,69.16452],[25.72628,69.16426],[25.72637,69.16397],[25.7262,69.1637],[25.72563,69.16334],[25.7251,69.16306],[25.7246,69.16274],[25.72414,69.16246],[25.72408,69.16224],[25.72416,69.16202],[25.72466,69.16162],[25.72519,69.16121],[25.72617,69.16088],[25.72691,69.16047],[25.72739,69.16014],[25.72808,69.15977],[25.72891,69.15941],[25.72977,69.15899],[25.73033,69.15871],[25.73067,69.15832],[25.73082,69.15783],[25.73089,69.15723],[25.73078,69.15699],[25.73064,69.1566],[25.73078,69.15605],[25.73076,69.15557],[25.73102,69.15522],[25.73136,69.1548],[25.73139,69.15425],[25.73127,69.15371],[25.73096,69.15331],[25.7307,69.1529],[25.73022,69.15247],[25.72999,69.15211],[25.72965,69.15166],[25.72974,69.15128],[25.73026,69.151],[25.73076,69.15062],[25.7314,69.15036],[25.73213,69.15015],[25.73288,69.14997],[25.73424,69.14963],[25.73501,69.14951],[25.73569,69.14921],[25.7366,69.14882],[25.73775,69.14829],[25.73829,69.14793],[25.73841,69.14745],[25.73859,69.14698],[25.73928,69.14645],[25.74029,69.14583],[25.74143,69.14535],[25.74235,69.14482],[25.7428,69.14447],[25.74296,69.14411],[25.74277,69.14371],[25.74267,69.1432],[25.74262,69.14283],[25.74221,69.14252],[25.74164,69.14212],[25.74129,69.14181],[25.74131,69.14154],[25.74154,69.14127],[25.7417,69.1409],[25.74175,69.14059],[25.7417,69.14032],[25.74184,69.14001],[25.74229,69.13979],[25.74305,69.13956],[25.74346,69.13927],[25.74351,69.13879],[25.74339,69.13843],[25.743,69.13805],[25.74289,69.13779],[25.74301,69.13755],[25.74309,69.13725],[25.74272,69.13671],[25.7423,69.13625],[25.74202,69.13595],[25.74143,69.1355],[25.74107,69.13523],[25.74058,69.13494],[25.74,69.13468],[25.73924,69.13431],[25.73922,69.13413],[25.73931,69.13394],[25.73924,69.13374],[25.73889,69.13354],[25.73824,69.13329],[25.73733,69.13292],[25.73638,69.13252],[25.73593,69.13215],[25.73565,69.13174],[25.73528,69.13095],[25.73508,69.13066],[25.73472,69.13035],[25.73433,69.13001],[25.73377,69.12944],[25.73303,69.12891],[25.73251,69.12838],[25.73202,69.12781],[25.73174,69.12723],[25.73164,69.12658],[25.73165,69.12616],[25.73184,69.12552],[25.73199,69.12496],[25.73206,69.12448],[25.73196,69.12368],[25.73179,69.12302],[25.73128,69.12234],[25.73058,69.12159],[25.73,69.12106],[25.72951,69.12048],[25.72893,69.11994],[25.72853,69.11954],[25.72814,69.11915],[25.7275,69.11877],[25.72691,69.11838],[25.72635,69.11802],[25.72586,69.11773],[25.72512,69.11729],[25.72452,69.117],[25.72368,69.11665],[25.72312,69.11635],[25.72282,69.11612],[25.72255,69.11587],[25.72225,69.11559],[25.7221,69.11522],[25.72208,69.11463],[25.72206,69.11403],[25.7217,69.11356],[25.7215,69.1133],[25.72141,69.11303],[25.72136,69.11264],[25.72143,69.11216],[25.72138,69.11176],[25.72109,69.11139],[25.72085,69.11101],[25.72071,69.11062],[25.72047,69.11027],[25.72013,69.10973],[25.72006,69.10911],[25.72022,69.1088],[25.72085,69.10857],[25.72165,69.10848],[25.72237,69.10842],[25.72308,69.10835],[25.72381,69.1081],[25.72409,69.10782],[25.72441,69.10763],[25.72475,69.10738],[25.72514,69.10721],[25.7257,69.10714],[25.72683,69.1071],[25.72772,69.10697],[25.72846,69.10674],[25.72878,69.10655],[25.72958,69.10622],[25.73032,69.10595],[25.7307,69.10553],[25.73095,69.10511],[25.73102,69.10458],[25.73121,69.10418],[25.73141,69.10377],[25.73107,69.10348],[25.7308,69.10317],[25.73059,69.10297],[25.7305,69.10279],[25.7305,69.10263],[25.73096,69.10242],[25.73116,69.10227],[25.73116,69.10203],[25.73101,69.10178],[25.73042,69.10122],[25.72943,69.10078],[25.72857,69.1004],[25.72815,69.10004],[25.72799,69.09941],[25.72791,69.09889],[25.72789,69.09868],[25.72783,69.09837],[25.72736,69.09792],[25.72722,69.09755],[25.72693,69.09718],[25.72671,69.09686],[25.72615,69.0964],[25.72561,69.09565],[25.72533,69.09481],[25.72523,69.09422],[25.72518,69.09353],[25.72533,69.09288],[25.72562,69.09221],[25.72567,69.09191],[25.72556,69.09158],[25.72556,69.09125],[25.72579,69.09096],[25.72615,69.09076],[25.72666,69.09057],[25.72726,69.09037],[25.72756,69.09016],[25.72761,69.0898],[25.72764,69.0893],[25.728,69.08882],[25.7285,69.0883],[25.72878,69.08779],[25.72891,69.08735],[25.72931,69.0867],[25.72932,69.08606],[25.72921,69.0851],[25.72993,69.08454],[25.73043,69.08409],[25.73069,69.08375],[25.73104,69.08315],[25.73141,69.08273],[25.73151,69.08243],[25.73114,69.08217],[25.73001,69.08184],[25.72842,69.0815],[25.7266,69.08113],[25.72491,69.08082],[25.72437,69.08057],[25.72415,69.08011],[25.72429,69.0796],[25.72502,69.07888],[25.7263,69.07771],[25.72781,69.07591],[25.72888,69.07512],[25.72933,69.07436],[25.72949,69.07404],[25.73024,69.07362],[25.73111,69.07312],[25.73199,69.07274],[25.7324,69.07243],[25.73336,69.07109],[25.73512,69.06974],[25.73556,69.06946],[25.73559,69.06927],[25.73617,69.06886],[25.73697,69.06821],[25.73782,69.06731],[25.73921,69.06638],[25.74038,69.06536],[25.74244,69.0641],[25.74301,69.06377],[25.74357,69.06331],[25.74456,69.06266],[25.74512,69.06202],[25.74581,69.06161],[25.74635,69.06127],[25.74676,69.06099],[25.74739,69.06066],[25.74798,69.06035],[25.74814,69.06012],[25.74833,69.05992],[25.74892,69.05973],[25.74973,69.05951],[25.75038,69.05935],[25.75093,69.05926],[25.75122,69.0591],[25.75116,69.05889],[25.75156,69.05869],[25.75189,69.05855],[25.75214,69.05835],[25.75239,69.05804],[25.75253,69.05778],[25.75275,69.05732],[25.75255,69.05703],[25.75273,69.05675],[25.75276,69.05653],[25.75261,69.05632],[25.75213,69.05607],[25.7515,69.05587],[25.75077,69.05571],[25.75007,69.05549],[25.74982,69.05534],[25.74969,69.05509],[25.74992,69.0548],[25.75043,69.0545],[25.75094,69.05424],[25.75173,69.05398],[25.75231,69.05384],[25.75321,69.05357],[25.7538,69.05331],[25.75396,69.05295],[25.75346,69.05259],[25.75263,69.05222],[25.75098,69.05165],[25.74972,69.05105],[25.74935,69.05068],[25.74938,69.05039],[25.74941,69.04988],[25.74954,69.04918],[25.74996,69.0484],[25.75023,69.04809],[25.75082,69.04765],[25.75089,69.04732],[25.75089,69.04689],[25.75068,69.0465],[25.75061,69.04617],[25.74999,69.04581],[25.74916,69.04538],[25.74789,69.04503],[25.74658,69.04473],[25.7461,69.04451],[25.74525,69.04434],[25.74459,69.04397],[25.74497,69.04353],[25.74609,69.04279],[25.746,69.04195],[25.74508,69.04101],[25.74527,69.03978],[25.7469,69.03819],[25.74775,69.03776],[25.74937,69.03737],[25.75041,69.03705],[25.75067,69.03633],[25.75074,69.03532],[25.75021,69.03455],[25.74986,69.03388],[25.74994,69.03308],[25.75031,69.03251],[25.75102,69.03213],[25.75271,69.03177],[25.75435,69.03115],[25.75594,69.03039],[25.75658,69.03002],[25.75729,69.02979],[25.75806,69.02971],[25.75886,69.02974],[25.76022,69.03001],[25.7613,69.03009],[25.76247,69.03011],[25.76352,69.03006],[25.76473,69.02994],[25.76582,69.02976],[25.76664,69.02959],[25.76732,69.0295],[25.7681,69.02946],[25.76852,69.02942],[25.76901,69.02931],[25.76957,69.02911],[25.77013,69.02888],[25.77051,69.02861],[25.77065,69.02833],[25.77085,69.02788],[25.7709,69.02747],[25.77097,69.02731],[25.77123,69.02706],[25.77182,69.02672],[25.77204,69.02649],[25.77231,69.02612],[25.77257,69.02565],[25.77311,69.02492],[25.77346,69.02449],[25.77366,69.02423],[25.77426,69.02392],[25.77495,69.02359],[25.77538,69.02331],[25.77578,69.02283],[25.77599,69.02236],[25.77608,69.0218],[25.77597,69.02139],[25.77599,69.02107],[25.77617,69.02075],[25.77678,69.02036],[25.77713,69.01986],[25.77731,69.0193],[25.7774,69.01861],[25.77744,69.01828],[25.77727,69.01791],[25.77677,69.01738],[25.77617,69.01686],[25.77563,69.01635],[25.77539,69.01601],[25.77533,69.01547],[25.77533,69.01498],[25.77521,69.01464],[25.77489,69.01422],[25.77452,69.01377],[25.77428,69.0134],[25.77403,69.01314],[25.77356,69.01285],[25.77302,69.01257],[25.77258,69.01222],[25.77202,69.01179],[25.77145,69.01131],[25.77083,69.01083],[25.7706,69.01055],[25.77032,69.01015],[25.76965,69.00968],[25.76883,69.00922],[25.76824,69.00878],[25.76781,69.00836],[25.76746,69.00796],[25.76732,69.00752],[25.7671,69.00723],[25.76646,69.0069],[25.7654,69.00642],[25.76439,69.00577],[25.76337,69.00507],[25.76274,69.00464],[25.76242,69.00435],[25.76216,69.00402],[25.76202,69.00386],[25.76159,69.00372],[25.76105,69.0036],[25.76036,69.00357],[25.75996,69.00361],[25.75974,69.00373],[25.75925,69.00386],[25.75866,69.00391],[25.75794,69.00405],[25.75737,69.00417],[25.75668,69.0043],[25.75604,69.00439],[25.75538,69.00416],[25.75446,69.00376],[25.7532,69.00317],[25.75209,69.00256],[25.75102,69.0019],[25.75006,69.00153],[25.74869,69.00104],[25.74752,69.00067],[25.74691,69.0005],[25.74581,69.00022],[25.74531,69.00002],[25.74466,68.99967],[25.74415,68.99943],[25.74361,68.99917],[25.74351,68.99902],[25.74332,68.99883],[25.743,68.99866],[25.7425,68.99848],[25.74193,68.99825],[25.7414,68.99813],[25.74095,68.99801],[25.74066,68.99785],[25.74044,68.99769],[25.74055,68.99749],[25.74074,68.99725],[25.7406,68.99703],[25.74009,68.99679],[25.73925,68.9964],[25.73879,68.99611],[25.73827,68.99585],[25.73713,68.99548],[25.73612,68.99531],[25.73479,68.99501],[25.73378,68.99467],[25.73301,68.99451],[25.73208,68.9944],[25.73133,68.99426],[25.7307,68.99406],[25.73022,68.99384],[25.72967,68.9935],[25.72919,68.99316],[25.72877,68.99288],[25.72802,68.99247],[25.72757,68.99216],[25.7271,68.99185],[25.72652,68.99151],[25.72597,68.99118],[25.72529,68.99079],[25.72475,68.99055],[25.72394,68.99021],[25.72358,68.98997],[25.72284,68.98964],[25.72254,68.98936],[25.72236,68.98904],[25.72219,68.98862],[25.72212,68.98821],[25.72225,68.98794],[25.72225,68.98765],[25.72209,68.98736],[25.7217,68.98713],[25.721,68.9868],[25.72018,68.98632],[25.71987,68.98599],[25.71987,68.98567],[25.71994,68.98545],[25.71976,68.9852],[25.7195,68.98494],[25.71926,68.98462],[25.71886,68.98424],[25.71814,68.98382],[25.7175,68.98321],[25.71701,68.98289],[25.71653,68.9827],[25.71564,68.98255],[25.71509,68.98226],[25.71462,68.98185],[25.71398,68.98152],[25.71305,68.98118],[25.71241,68.98063],[25.71213,68.98014],[25.71191,68.97968],[25.71159,68.97926],[25.71152,68.97909],[25.71168,68.97897],[25.71164,68.97887],[25.71159,68.97877],[25.71152,68.97865],[25.71166,68.97847],[25.7119,68.97823],[25.71182,68.97806],[25.71209,68.97786],[25.71237,68.9776],[25.71224,68.97717],[25.71234,68.97672],[25.71262,68.97648],[25.71295,68.97635],[25.71345,68.97609],[25.71356,68.9758],[25.71358,68.97553],[25.71332,68.9753],[25.71287,68.97514],[25.71228,68.975],[25.71195,68.97475],[25.71179,68.97449],[25.71222,68.97421],[25.71239,68.97406],[25.71253,68.97386],[25.71241,68.97352],[25.71272,68.97323],[25.71316,68.97302],[25.71358,68.97267],[25.71383,68.97249],[25.7141,68.97232],[25.71422,68.97207],[25.71403,68.9717],[25.71357,68.97115],[25.71315,68.97072],[25.71274,68.97018],[25.7124,68.96968],[25.71215,68.96934],[25.71204,68.96911],[25.71224,68.96889],[25.71246,68.9687],[25.71265,68.96854],[25.71291,68.96829],[25.71328,68.9681],[25.71337,68.96779],[25.71355,68.96743],[25.71366,68.96713],[25.71361,68.96687],[25.71335,68.96662],[25.71291,68.9663],[25.71249,68.96602],[25.71193,68.96572],[25.71095,68.96521],[25.71039,68.96489],[25.70999,68.96464],[25.70974,68.96437],[25.70973,68.96413],[25.70977,68.96386],[25.70948,68.96358],[25.70934,68.96335],[25.7091,68.96285],[25.70917,68.96241],[25.70906,68.96194],[25.70872,68.96162],[25.70842,68.96134],[25.7081,68.96125],[25.70785,68.96112],[25.70749,68.96104],[25.70711,68.96101],[25.70671,68.96093],[25.70628,68.96076],[25.70568,68.96032],[25.70526,68.95989],[25.7048,68.95936],[25.70462,68.95901],[25.70441,68.95872],[25.70397,68.95833],[25.70328,68.95785],[25.70298,68.95754],[25.70248,68.95719],[25.70178,68.95673],[25.70125,68.95638],[25.70075,68.95603],[25.70027,68.95576],[25.69984,68.95541],[25.69966,68.95508],[25.6997,68.95473],[25.69969,68.95434],[25.69945,68.954],[25.69901,68.95371],[25.69853,68.95349],[25.69791,68.95338],[25.69719,68.95335],[25.69647,68.95338],[25.69578,68.9534],[25.6954,68.95344],[25.69492,68.95343],[25.69448,68.95322],[25.69422,68.95306],[25.69327,68.95236],[25.6926,68.95186],[25.69207,68.95146],[25.69174,68.95078],[25.6915,68.95022],[25.69131,68.94984],[25.69117,68.94955],[25.6908,68.94918],[25.69056,68.94876],[25.6904,68.94846],[25.69099,68.94822],[25.69154,68.94806],[25.69233,68.94785],[25.69272,68.94772],[25.69294,68.94735],[25.69281,68.94704],[25.69244,68.94653],[25.69183,68.94614],[25.69128,68.94566],[25.69134,68.94515],[25.69105,68.94467],[25.68952,68.94383],[25.68906,68.94307],[25.68803,68.94249],[25.68689,68.94176],[25.68647,68.94142],[25.68499,68.94057],[25.68386,68.93976],[25.68347,68.93944],[25.68302,68.93921],[25.6825,68.93897],[25.68212,68.93868],[25.6816,68.93807],[25.68109,68.93743],[25.68063,68.93695],[25.68016,68.93639],[25.6794,68.93587],[25.6784,68.93536],[25.67734,68.93481],[25.67632,68.93414],[25.67493,68.93317],[25.67374,68.93238],[25.67278,68.9318],[25.67236,68.93127],[25.67186,68.93094],[25.6718,68.93078],[25.67265,68.93024],[25.67276,68.93005],[25.67205,68.92935],[25.67134,68.9286],[25.67043,68.9278],[25.66961,68.9272],[25.66874,68.9266],[25.66814,68.9263],[25.66759,68.92599],[25.66731,68.92564],[25.66679,68.92527],[25.66587,68.92498],[25.66507,68.92469],[25.66479,68.92436],[25.6647,68.92399],[25.66451,68.92353],[25.66433,68.92324],[25.66411,68.92309],[25.66372,68.92288],[25.66325,68.92263],[25.66291,68.92245],[25.66235,68.92216],[25.66206,68.92193],[25.66216,68.92153],[25.66207,68.92103],[25.66156,68.92051],[25.6611,68.92008],[25.66105,68.91955],[25.66082,68.91915],[25.66029,68.91882],[25.65923,68.91849],[25.65863,68.91815],[25.65805,68.91773],[25.65746,68.91715],[25.65713,68.91681],[25.65702,68.91653],[25.65714,68.91613],[25.65706,68.91551],[25.65696,68.91528],[25.65679,68.91503],[25.65637,68.91474],[25.65632,68.91449],[25.6564,68.91421],[25.65658,68.9139],[25.6565,68.91364],[25.65623,68.91332],[25.65603,68.91301],[25.656,68.91275],[25.65621,68.91242],[25.65625,68.91206],[25.65614,68.9116],[25.65597,68.91107],[25.65579,68.91063],[25.65559,68.9102],[25.6555,68.90985],[25.65536,68.90946],[25.65515,68.90911],[25.65486,68.90886],[25.6545,68.90857],[25.65398,68.90825],[25.65353,68.90806],[25.65346,68.90782],[25.65336,68.90734],[25.65348,68.90702],[25.65368,68.90668],[25.65395,68.90638],[25.65431,68.90614],[25.65423,68.90587],[25.65382,68.90567],[25.65335,68.90555],[25.65251,68.90554],[25.65168,68.90555],[25.6509,68.9055],[25.65003,68.90539],[25.64921,68.90526],[25.64869,68.90509],[25.64803,68.90486],[25.64728,68.90463],[25.64669,68.9045],[25.64617,68.90442],[25.64517,68.90435],[25.64428,68.90428],[25.64345,68.9042],[25.6431,68.90413],[25.6427,68.90395],[25.6422,68.90377],[25.64128,68.90354],[25.64053,68.90337],[25.63963,68.9032],[25.63836,68.90305],[25.63719,68.90292],[25.63638,68.9028],[25.63566,68.90264],[25.6351,68.90235],[25.6348,68.90202],[25.6347,68.90159],[25.63456,68.90125],[25.63431,68.90104],[25.63365,68.90062],[25.63303,68.90031],[25.63256,68.89993],[25.63211,68.89965],[25.63164,68.89937],[25.63129,68.89918],[25.63087,68.89892],[25.63054,68.89868],[25.63028,68.8985],[25.62987,68.89824],[25.62908,68.89793],[25.62823,68.89766],[25.6277,68.89747],[25.6272,68.8972],[25.62681,68.89695],[25.62672,68.89669],[25.62684,68.89646],[25.627,68.89619],[25.62706,68.89587],[25.62724,68.89551],[25.62741,68.89506],[25.62756,68.89476],[25.62776,68.89452],[25.62802,68.89422],[25.62824,68.89391],[25.62827,68.89358],[25.62814,68.89331],[25.62746,68.89298],[25.62683,68.89269],[25.62604,68.89254],[25.62511,68.89244],[25.62416,68.89232],[25.62392,68.89222],[25.62381,68.89194],[25.62362,68.89173],[25.62279,68.89137],[25.62187,68.8911],[25.62088,68.89095],[25.61958,68.89081],[25.61852,68.89073],[25.61747,68.89074],[25.61654,68.89071],[25.61561,68.89068],[25.61491,68.89064],[25.61414,68.89057],[25.61333,68.89041],[25.6124,68.89015],[25.61158,68.88996],[25.61087,68.8897],[25.61017,68.88936],[25.60965,68.88924],[25.60882,68.88909],[25.60818,68.88896],[25.60764,68.8888],[25.60698,68.88847],[25.60631,68.88822],[25.60551,68.88804],[25.60472,68.88782],[25.60407,68.88749],[25.60372,68.88715],[25.60337,68.88679],[25.60308,68.8865],[25.60297,68.88628],[25.60288,68.88602],[25.60256,68.88576],[25.60205,68.88556],[25.60172,68.88538],[25.60103,68.88505],[25.60033,68.88487],[25.59961,68.88481],[25.59884,68.88471],[25.59824,68.88453],[25.59748,68.88439],[25.59655,68.88427],[25.59575,68.88415],[25.595,68.88402],[25.59423,68.88381],[25.59346,68.88366],[25.59237,68.88363],[25.59127,68.88355],[25.59036,68.8834],[25.58938,68.88327],[25.58814,68.88326],[25.58691,68.88325],[25.58558,68.88332],[25.58438,68.88349],[25.58316,68.88371],[25.58235,68.8839],[25.5812,68.88419],[25.58036,68.88435],[25.57939,68.88451],[25.57851,68.88465],[25.57737,68.8848],[25.57623,68.8849],[25.57519,68.885],[25.57374,68.88513],[25.57253,68.88528],[25.57165,68.88542],[25.57102,68.88552],[25.57051,68.88565],[25.56981,68.88579],[25.56901,68.88587],[25.56824,68.8859],[25.56746,68.88591],[25.56661,68.88591],[25.56566,68.88591],[25.5648,68.88589],[25.56405,68.88591],[25.5634,68.88601],[25.56288,68.88614],[25.56245,68.88628],[25.5619,68.88642],[25.56137,68.88648],[25.56072,68.8865],[25.56001,68.88649],[25.55935,68.88652],[25.55887,68.88657],[25.55838,68.88672],[25.55797,68.88689],[25.55725,68.88713],[25.5568,68.88723],[25.55604,68.88729],[25.55529,68.88731],[25.55451,68.88737],[25.55365,68.88742],[25.55262,68.8874],[25.55164,68.88728],[25.55057,68.88707],[25.54944,68.88684],[25.54822,68.88664],[25.54705,68.88649],[25.54608,68.88639],[25.54495,68.88634],[25.54386,68.88635],[25.54266,68.88639],[25.54157,68.88646],[25.54075,68.88653],[25.53985,68.88663],[25.53898,68.88678],[25.53802,68.88695],[25.53725,68.88707],[25.53641,68.88717],[25.53557,68.88721],[25.53487,68.88726],[25.53409,68.88738],[25.5335,68.88754],[25.53273,68.88773],[25.53206,68.88785],[25.53139,68.88791],[25.53054,68.88804],[25.52962,68.88836],[25.52883,68.88868],[25.52828,68.88897],[25.52768,68.88935],[25.52725,68.88971],[25.52686,68.88992],[25.52644,68.89023],[25.52597,68.8904],[25.5254,68.8905],[25.52441,68.89057],[25.52398,68.89062],[25.52343,68.89055],[25.52307,68.89058],[25.52226,68.89065],[25.52118,68.89082],[25.5204,68.89103],[25.51981,68.8913],[25.51951,68.8915],[25.51912,68.89166],[25.51844,68.89175],[25.51753,68.89188],[25.51706,68.89194],[25.51643,68.8921],[25.51585,68.89228],[25.51543,68.8925],[25.51499,68.89272],[25.51456,68.89299],[25.51407,68.89325],[25.51364,68.89345],[25.51308,68.89372],[25.51232,68.89411],[25.51185,68.89444],[25.51153,68.89472],[25.51132,68.89511],[25.51118,68.89548],[25.51089,68.89584],[25.51056,68.89615],[25.51018,68.89642],[25.50973,68.89667],[25.50896,68.89692],[25.50811,68.89703],[25.50722,68.8971],[25.50597,68.89731],[25.50498,68.89744],[25.50396,68.89751],[25.50291,68.89748],[25.50175,68.8976],[25.50033,68.89784],[25.49843,68.89827],[25.49724,68.89853],[25.4962,68.89878],[25.49541,68.8991],[25.49453,68.89931],[25.49385,68.89947],[25.49335,68.89969],[25.49324,68.89989],[25.49336,68.90028],[25.49371,68.90056],[25.49426,68.90082],[25.49454,68.90117],[25.4948,68.90163],[25.4948,68.90198],[25.49459,68.90243],[25.49441,68.90262],[25.49425,68.9029],[25.49409,68.90311],[25.4937,68.90339],[25.49312,68.90364],[25.49244,68.90391],[25.49158,68.90415],[25.49074,68.90422],[25.49004,68.90443],[25.48887,68.9046],[25.4878,68.9046],[25.48688,68.90446],[25.48626,68.90447],[25.48532,68.90456],[25.48485,68.90468],[25.48422,68.90475],[25.48363,68.90478],[25.48298,68.90475],[25.48253,68.90473],[25.482,68.9047],[25.48173,68.90477],[25.48174,68.90491],[25.48159,68.90506],[25.4812,68.90507],[25.48027,68.905],[25.47943,68.90479],[25.47795,68.90467],[25.47636,68.90453],[25.47589,68.90453],[25.47524,68.90458],[25.4748,68.90452],[25.47432,68.90423],[25.47359,68.90366],[25.47294,68.9033],[25.47232,68.90305],[25.47139,68.90287],[25.46869,68.90246],[25.46601,68.90195],[25.46416,68.90143],[25.4627,68.90103],[25.46102,68.90076],[25.46008,68.9005],[25.45933,68.90029],[25.45873,68.90016],[25.45798,68.90006],[25.45722,68.89989],[25.45673,68.89968],[25.45623,68.89936],[25.45573,68.89894],[25.45552,68.89859],[25.45501,68.89835],[25.45339,68.89815],[25.45166,68.89793],[25.4494,68.89772],[25.4475,68.89748],[25.4461,68.89726],[25.4447,68.89698],[25.44256,68.89643],[25.44108,68.89598],[25.4406,68.89581],[25.4401,68.89568],[25.43957,68.89551],[25.43913,68.89532],[25.43863,68.89513],[25.43791,68.89499],[25.43719,68.89488],[25.43661,68.89474],[25.43602,68.89461],[25.43535,68.8945],[25.43482,68.89438],[25.43423,68.89424],[25.43392,68.89406],[25.43341,68.89391],[25.43261,68.89383],[25.43178,68.89386],[25.43102,68.89385],[25.4307,68.89378],[25.43024,68.89373],[25.42987,68.89377],[25.42959,68.89392],[25.42924,68.89407],[25.42885,68.89419],[25.42839,68.89423],[25.42807,68.89419],[25.4272,68.89401],[25.42602,68.89383],[25.42467,68.89367],[25.4237,68.89337],[25.42314,68.8931],[25.42271,68.89296],[25.42222,68.89288],[25.42176,68.89284],[25.42167,68.89265],[25.42189,68.8924],[25.42211,68.89211],[25.42195,68.89195],[25.42149,68.89153],[25.42115,68.89133],[25.42059,68.89122],[25.41971,68.89116],[25.419,68.89125],[25.41782,68.89148],[25.41668,68.89171],[25.41604,68.89176],[25.41522,68.89186],[25.41423,68.89219],[25.41248,68.89256],[25.4111,68.89271],[25.40956,68.89266],[25.40764,68.8925],[25.40603,68.89227],[25.40488,68.89199],[25.40355,68.8916],[25.40221,68.89135],[25.39998,68.89116],[25.39856,68.89102],[25.39754,68.8907],[25.39666,68.89042],[25.3968,68.89013],[25.39751,68.88974],[25.39771,68.88959],[25.39806,68.88931],[25.39829,68.88894],[25.3981,68.8888],[25.39839,68.88863],[25.39861,68.88839],[25.39855,68.88821],[25.39897,68.88802],[25.39932,68.88789],[25.39983,68.8878],[25.4003,68.88772],[25.40056,68.88757],[25.40086,68.88743],[25.40145,68.88727],[25.4016,68.88702],[25.40106,68.88657],[25.39929,68.88606],[25.39784,68.8856],[25.39696,68.88519],[25.39562,68.88487],[25.39362,68.88454],[25.3911,68.88403],[25.38923,68.88364],[25.38728,68.88334],[25.38497,68.88298],[25.38348,68.88265],[25.38215,68.88227],[25.38026,68.88204],[25.37929,68.8818],[25.37748,68.88126],[25.3765,68.88111],[25.3756,68.88098],[25.37525,68.88089],[25.37544,68.88035],[25.37483,68.88016],[25.37375,68.87995],[25.37332,68.87969],[25.37343,68.87932],[25.37308,68.87892],[25.37259,68.8783],[25.37211,68.87795],[25.37176,68.87783],[25.37122,68.87774],[25.37066,68.87772],[25.37027,68.87761],[25.36914,68.87745],[25.3686,68.87737],[25.36682,68.87696],[25.36442,68.87639],[25.36291,68.87592],[25.36229,68.87574],[25.36161,68.87561],[25.36029,68.87549],[25.35972,68.8753],[25.35948,68.87503],[25.35901,68.87473],[25.35863,68.87468],[25.35846,68.87457],[25.35781,68.87426],[25.35733,68.8741],[25.35558,68.87415],[25.3543,68.87406],[25.35386,68.87379],[25.35351,68.87335],[25.35247,68.87291],[25.35048,68.87245],[25.34873,68.87213],[25.34749,68.87181],[25.34699,68.87166],[25.34613,68.87147],[25.34538,68.87132],[25.34475,68.87111],[25.3442,68.87098],[25.34374,68.87081],[25.3435,68.87064],[25.34329,68.87039],[25.34241,68.87013],[25.34145,68.86994],[25.34053,68.86993],[25.33997,68.87017],[25.33895,68.87016],[25.33795,68.86996],[25.33592,68.8694],[25.33408,68.86892],[25.33295,68.86843],[25.33214,68.86814],[25.33151,68.8679],[25.33085,68.8677],[25.33022,68.86753],[25.32978,68.86747],[25.32922,68.86746],[25.32872,68.86743],[25.32796,68.86726],[25.32752,68.86709],[25.3272,68.8668],[25.32693,68.86654],[25.32654,68.86635],[25.32603,68.86616],[25.32491,68.86595],[25.32419,68.86585],[25.32391,68.86574],[25.32342,68.86562],[25.32298,68.86556],[25.32252,68.86552],[25.32197,68.86548],[25.32152,68.86537],[25.321,68.86523],[25.3204,68.86506],[25.3197,68.86486],[25.31876,68.8646],[25.31765,68.86443],[25.31654,68.86428],[25.31543,68.86393],[25.31422,68.86365],[25.31322,68.86338],[25.31304,68.86304],[25.31246,68.86283],[25.31223,68.8627],[25.31181,68.86268],[25.3113,68.86285],[25.31106,68.86286],[25.31044,68.86276],[25.30999,68.86269],[25.30931,68.86263],[25.30899,68.86273],[25.30813,68.86297],[25.30775,68.86301],[25.30676,68.86291],[25.30534,68.86273],[25.30417,68.86252],[25.30258,68.86217],[25.30113,68.86189],[25.29853,68.8614],[25.29602,68.86097],[25.29481,68.86044],[25.29377,68.8601],[25.29275,68.85985],[25.29141,68.85949],[25.29026,68.85909],[25.28907,68.85839],[25.28776,68.85798],[25.28784,68.8576],[25.28846,68.85726],[25.28856,68.85702],[25.28869,68.85684],[25.28904,68.85665],[25.28964,68.85643],[25.28985,68.85632],[25.28959,68.85622],[25.28922,68.8561],[25.2889,68.8559],[25.28831,68.85568],[25.28778,68.85546],[25.28692,68.85511],[25.28591,68.85495],[25.2852,68.85478],[25.28451,68.85427],[25.28317,68.85387],[25.28229,68.85374],[25.28121,68.85381],[25.28024,68.85382],[25.27934,68.85367],[25.27742,68.85321],[25.27565,68.85285],[25.2744,68.85261],[25.27327,68.85242],[25.27176,68.85201],[25.26974,68.85156],[25.26855,68.85125],[25.2677,68.85099],[25.26737,68.85057],[25.26665,68.85023],[25.26604,68.84987],[25.26524,68.84952],[25.26459,68.84919],[25.26406,68.84897],[25.26342,68.84879],[25.26307,68.84867],[25.26251,68.8485],[25.26176,68.8483],[25.26142,68.84804],[25.26109,68.84776],[25.26014,68.84745],[25.25931,68.84718],[25.25838,68.8468],[25.25725,68.84613],[25.25635,68.84573],[25.25539,68.84528],[25.25428,68.84484],[25.25327,68.84466],[25.25286,68.84451],[25.25253,68.84446],[25.25185,68.84441],[25.25137,68.84437],[25.2507,68.84422],[25.25007,68.84408],[25.24955,68.84397],[25.24917,68.84386],[25.24897,68.84379],[25.24877,68.84368],[25.24868,68.84352],[25.24859,68.84331],[25.24858,68.84303],[25.24843,68.84288],[25.24846,68.84276],[25.24793,68.84273],[25.24735,68.84272],[25.24673,68.84265],[25.2463,68.84258],[25.24589,68.84243],[25.24529,68.8421],[25.24449,68.84189],[25.24329,68.84142],[25.24259,68.84109],[25.24219,68.8408],[25.24193,68.84041],[25.24168,68.84018],[25.24121,68.83975],[25.24079,68.8395],[25.24044,68.83939],[25.23988,68.83934],[25.23936,68.83937],[25.23893,68.83932],[25.23861,68.83915],[25.23856,68.83886],[25.23878,68.83871],[25.23954,68.83839],[25.23964,68.83813],[25.2395,68.83774],[25.23927,68.83732],[25.23911,68.83689],[25.23936,68.83665],[25.23938,68.83642],[25.23907,68.83622],[25.23851,68.83605],[25.23771,68.83586],[25.23737,68.83571],[25.23688,68.83537],[25.23651,68.83495],[25.23626,68.83453],[25.23618,68.83429],[25.23593,68.83397],[25.23583,68.83365],[25.23556,68.83321],[25.23557,68.83297],[25.2356,68.83257],[25.23549,68.83236],[25.2356,68.83212],[25.23582,68.83197],[25.23594,68.83183],[25.2359,68.83174],[25.23561,68.83165],[25.235,68.83166],[25.23439,68.83164],[25.23424,68.83146],[25.2342,68.83107],[25.23373,68.83074],[25.23322,68.83054],[25.23286,68.83033],[25.2331,68.83015],[25.23346,68.83017],[25.23365,68.83012],[25.2334,68.82996],[25.23286,68.82974],[25.23245,68.82959],[25.23214,68.82946],[25.23195,68.82928],[25.23189,68.82899],[25.23192,68.82867],[25.23205,68.82837],[25.23207,68.82803],[25.23201,68.82775],[25.23202,68.82756],[25.23211,68.82742],[25.23195,68.82719],[25.23191,68.82698],[25.2319,68.82673],[25.23178,68.82654],[25.23138,68.82623],[25.23112,68.82601],[25.23078,68.82583],[25.23046,68.82565],[25.22983,68.8255],[25.22903,68.82536],[25.22861,68.82517],[25.22808,68.82498],[25.22767,68.82476],[25.22741,68.82455],[25.22739,68.82439],[25.22766,68.82425],[25.2277,68.82408],[25.22757,68.82391],[25.22719,68.82373],[25.22691,68.82358],[25.22653,68.82353],[25.22598,68.82355],[25.22546,68.8236],[25.22495,68.82363],[25.22453,68.8237],[25.22396,68.82374],[25.22335,68.82372],[25.22307,68.82361],[25.22263,68.82346],[25.22226,68.82329],[25.22208,68.82308],[25.22183,68.8229],[25.22174,68.82273],[25.22159,68.82252],[25.2212,68.82236],[25.2208,68.82195],[25.22031,68.82167],[25.21961,68.82133],[25.21874,68.82123],[25.21791,68.82112],[25.21718,68.82095],[25.21641,68.82082],[25.21605,68.82067],[25.2156,68.82055],[25.21461,68.82045],[25.21334,68.82011],[25.21258,68.81983],[25.21145,68.81958],[25.21037,68.8194],[25.20977,68.81917],[25.20945,68.81902],[25.20882,68.81893],[25.20803,68.81889],[25.20758,68.81874],[25.20719,68.81852],[25.20669,68.81808],[25.20667,68.81792],[25.20682,68.81782],[25.20719,68.81772],[25.2072,68.81757],[25.20721,68.81737],[25.20704,68.81716],[25.20699,68.817],[25.20704,68.81677],[25.20714,68.81638],[25.20662,68.81594],[25.20624,68.81562],[25.20582,68.81529],[25.20513,68.81491],[25.20464,68.81463],[25.20423,68.81433],[25.20369,68.81409],[25.20329,68.81395],[25.20259,68.81364],[25.20206,68.81349],[25.20174,68.81329],[25.20112,68.81285],[25.20066,68.81259],[25.20017,68.8124],[25.19979,68.81227],[25.1996,68.81201],[25.19916,68.8118],[25.19871,68.81158],[25.19855,68.81144],[25.19842,68.81127],[25.19842,68.81106],[25.19828,68.81087],[25.19809,68.81077],[25.1977,68.81066],[25.19737,68.81054],[25.19722,68.81039],[25.19722,68.81013],[25.19712,68.80985],[25.1969,68.80973],[25.1962,68.80969],[25.19556,68.80967],[25.19519,68.8096],[25.19484,68.80957],[25.19447,68.80965],[25.19418,68.80963],[25.19374,68.80953],[25.19336,68.80943],[25.19305,68.80933],[25.19218,68.80924],[25.19146,68.80909],[25.19062,68.80903],[25.18989,68.80885],[25.18899,68.80885],[25.18823,68.80884],[25.18683,68.80857],[25.18594,68.80849],[25.185,68.80841],[25.18303,68.80799],[25.18182,68.80777],[25.18056,68.80748],[25.17942,68.80721],[25.17844,68.80702],[25.17735,68.8068],[25.17639,68.80665],[25.17571,68.8064],[25.17495,68.80612],[25.17472,68.80591],[25.17454,68.80563],[25.17414,68.8052],[25.17367,68.80495],[25.17334,68.80448],[25.17201,68.80398],[25.17156,68.80365],[25.17111,68.80349],[25.17069,68.80343],[25.1703,68.80332],[25.16984,68.80319],[25.16941,68.80305],[25.16878,68.80291],[25.16832,68.80277],[25.16792,68.80262],[25.16834,68.80246],[25.16801,68.80227],[25.16735,68.80202],[25.16664,68.80179],[25.16608,68.80158],[25.16578,68.80149],[25.16544,68.80138],[25.16523,68.80124],[25.16516,68.80113],[25.16489,68.80097],[25.1647,68.80095],[25.16443,68.80098],[25.16404,68.80107],[25.16359,68.80118],[25.16302,68.8013],[25.16197,68.80118],[25.16078,68.80089],[25.16027,68.80074],[25.16032,68.80054],[25.15984,68.80051],[25.15918,68.80036],[25.15872,68.80024],[25.1583,68.80007],[25.15795,68.80003],[25.15755,68.80001],[25.15713,68.79989],[25.15687,68.79962],[25.15682,68.79939],[25.15681,68.79908],[25.15693,68.79876],[25.15676,68.79856],[25.15656,68.79839],[25.15642,68.79821],[25.15605,68.79801],[25.15576,68.7979],[25.15555,68.79774],[25.15527,68.79757],[25.15484,68.79745],[25.15461,68.79733],[25.15472,68.79711],[25.15444,68.797],[25.154,68.79694],[25.1537,68.79681],[25.15351,68.79666],[25.1533,68.79648],[25.15303,68.79628],[25.15269,68.79607],[25.15237,68.79587],[25.1522,68.79567],[25.15204,68.79546],[25.15196,68.79524],[25.15191,68.79507],[25.1519,68.79494],[25.15164,68.79487],[25.15108,68.79473],[25.15067,68.79464],[25.15017,68.79454],[25.1498,68.79432],[25.14952,68.79406],[25.14946,68.79383],[25.14953,68.79349],[25.1494,68.79314],[25.14907,68.79289],[25.14925,68.79276],[25.14954,68.79272],[25.14982,68.79264],[25.15012,68.79253],[25.1501,68.79237],[25.15008,68.79219],[25.14995,68.792],[25.1498,68.79179],[25.14954,68.79156],[25.14946,68.79128],[25.14916,68.7909],[25.14903,68.79054],[25.14872,68.79017],[25.1486,68.79005],[25.14844,68.78981],[25.14838,68.78972],[25.14823,68.78961],[25.14815,68.78956],[25.14805,68.78955],[25.14792,68.7896],[25.14766,68.78966],[25.14725,68.7896],[25.14672,68.7895],[25.14635,68.78947],[25.14601,68.7894],[25.14579,68.78926],[25.14568,68.78909],[25.14558,68.78878],[25.14551,68.78863],[25.14527,68.78847],[25.14457,68.78819],[25.1438,68.7879],[25.14307,68.78758],[25.14267,68.78739],[25.1422,68.78723],[25.14206,68.7871],[25.14211,68.78698],[25.14197,68.78679],[25.14194,68.7865],[25.14176,68.78627],[25.14173,68.78599],[25.14164,68.78574],[25.14146,68.78541],[25.14138,68.78509],[25.14136,68.78495],[25.14141,68.78473],[25.14139,68.78458],[25.1412,68.78436],[25.14091,68.78417],[25.14062,68.78398],[25.14035,68.78384],[25.14,68.78372],[25.13971,68.7836],[25.13959,68.7835],[25.13973,68.78338],[25.13988,68.78327],[25.14024,68.78315],[25.14089,68.78305],[25.1414,68.78295],[25.14181,68.78277],[25.14204,68.78264],[25.14203,68.78246],[25.14205,68.78199],[25.14202,68.78172],[25.14188,68.78149],[25.14182,68.78114],[25.14167,68.78069],[25.1416,68.78037],[25.14125,68.78006],[25.14106,68.77984],[25.14092,68.77959],[25.14094,68.77937],[25.14098,68.77913],[25.14106,68.77905],[25.14112,68.77892],[25.14135,68.77886],[25.1413,68.77877],[25.14064,68.7786],[25.14003,68.7785],[25.1393,68.77838],[25.13881,68.77812],[25.13859,68.77785],[25.13877,68.77747],[25.13893,68.77703],[25.13904,68.77649],[25.13945,68.77633],[25.13997,68.77629],[25.14018,68.77618],[25.14015,68.77591],[25.13988,68.77545],[25.13932,68.77498],[25.13932,68.77457],[25.13874,68.77415],[25.13869,68.774],[25.13865,68.77394],[25.13847,68.77375],[25.13793,68.77362],[25.13767,68.77338],[25.13755,68.77313],[25.13743,68.77273],[25.13708,68.77264],[25.13659,68.77242],[25.13607,68.77217],[25.13567,68.77197],[25.13545,68.77177],[25.13511,68.77159],[25.13488,68.77136],[25.13486,68.7711],[25.13462,68.77084],[25.13459,68.77057],[25.13442,68.77042],[25.1345,68.77021],[25.13461,68.77001],[25.13458,68.76966],[25.13447,68.76939],[25.13423,68.76899],[25.13401,68.76859],[25.13413,68.76836],[25.13368,68.76821],[25.13328,68.76797],[25.13303,68.76774],[25.1327,68.7676],[25.1327,68.76745],[25.13279,68.76731],[25.13326,68.76713],[25.13396,68.76699],[25.13465,68.76686],[25.13541,68.76668],[25.13553,68.76617],[25.13542,68.76568],[25.13531,68.76497],[25.1353,68.76437],[25.13545,68.76384],[25.13508,68.76347],[25.13483,68.76309],[25.13482,68.76282],[25.13462,68.7624],[25.13462,68.76198],[25.13441,68.76183],[25.13419,68.76174],[25.13395,68.76157],[25.13368,68.76144],[25.13347,68.7613],[25.13303,68.76108],[25.1323,68.76087],[25.13155,68.76041],[25.13128,68.76003],[25.13104,68.75969],[25.13058,68.75943],[25.12989,68.75922],[25.12924,68.75901],[25.12907,68.75883],[25.12871,68.75876],[25.12839,68.75858],[25.12823,68.75837],[25.12805,68.75814],[25.12779,68.758],[25.12749,68.75783],[25.12709,68.7579],[25.12687,68.75808],[25.12648,68.75803],[25.1262,68.7578],[25.12605,68.75763],[25.12601,68.75746],[25.12605,68.75722],[25.1258,68.75704],[25.12572,68.75691],[25.12592,68.75645],[25.12584,68.75601],[25.12593,68.75563],[25.12596,68.75529],[25.12581,68.75499],[25.1258,68.75474],[25.1256,68.75445],[25.12532,68.75431],[25.12495,68.75413],[25.12487,68.75385],[25.12494,68.75354],[25.12465,68.75325],[25.12442,68.75301],[25.12387,68.75293],[25.12344,68.75287],[25.12331,68.75271],[25.12329,68.75257],[25.12329,68.7524],[25.12331,68.75229],[25.12319,68.75217],[25.12315,68.75205],[25.12324,68.75183],[25.12348,68.7516],[25.12382,68.75142],[25.12388,68.75118],[25.12376,68.75086],[25.12352,68.75051],[25.12364,68.75016],[25.12347,68.74964],[25.1239,68.74938],[25.12402,68.74911],[25.12412,68.74894],[25.12412,68.74875],[25.12394,68.7485],[25.1237,68.74833],[25.12389,68.74791],[25.12363,68.74779],[25.12297,68.74762],[25.12278,68.74731],[25.12279,68.74687],[25.12241,68.74657],[25.12189,68.74615],[25.12154,68.74592],[25.12109,68.74587],[25.12101,68.7456],[25.12118,68.74518],[25.12186,68.74445],[25.1224,68.74406],[25.12292,68.74379],[25.12355,68.74354],[25.12435,68.74333],[25.12512,68.74298],[25.12566,68.74262],[25.12578,68.74236],[25.12574,68.74213],[25.1259,68.74154],[25.12568,68.74099],[25.12589,68.74059],[25.12577,68.74017],[25.12592,68.73977],[25.12605,68.7394],[25.12619,68.73908],[25.12624,68.73884],[25.12617,68.7387],[25.12579,68.73844],[25.12565,68.73816],[25.12574,68.73781],[25.12586,68.73769],[25.12593,68.73755],[25.12607,68.73746],[25.12617,68.73731],[25.12615,68.73708],[25.12638,68.73686],[25.1266,68.73659],[25.12669,68.73625],[25.12667,68.73595],[25.12621,68.73575],[25.12557,68.73552],[25.12513,68.73527],[25.12443,68.73507],[25.12401,68.7349],[25.12421,68.73426],[25.12403,68.73376],[25.12363,68.73313],[25.12322,68.73269],[25.12301,68.73238],[25.123,68.73206],[25.12341,68.7317],[25.12329,68.73149],[25.12312,68.73119],[25.12303,68.73093],[25.12304,68.73066],[25.12305,68.73046],[25.12326,68.73031],[25.12345,68.73013],[25.12341,68.72991],[25.12336,68.72975],[25.12348,68.72965],[25.12343,68.7295],[25.12315,68.72932],[25.12311,68.72904],[25.12325,68.72881],[25.12315,68.72853],[25.12334,68.72839],[25.12328,68.72819],[25.12326,68.72791],[25.12303,68.72749],[25.12253,68.727],[25.12249,68.72659],[25.1226,68.72603],[25.12269,68.72546],[25.12245,68.72511],[25.12193,68.72474],[25.1218,68.72435],[25.12218,68.72379],[25.12251,68.72332],[25.12292,68.72276],[25.12332,68.72233],[25.12352,68.72209],[25.12343,68.72163],[25.12331,68.7213],[25.1235,68.72079],[25.12375,68.72053],[25.12412,68.72034],[25.12417,68.72018],[25.12401,68.72004],[25.12412,68.71992],[25.12433,68.71983],[25.12454,68.71979],[25.1251,68.71983],[25.12583,68.7198],[25.12666,68.71969],[25.12738,68.71961],[25.128,68.7195],[25.12854,68.71938],[25.1287,68.71931],[25.12871,68.71921],[25.12886,68.71914],[25.12915,68.71917],[25.12929,68.71924],[25.1296,68.71923],[25.13,68.71904],[25.13032,68.71881],[25.13031,68.7185],[25.13057,68.71815],[25.13106,68.71769],[25.13117,68.71725],[25.1313,68.71688],[25.13119,68.71648],[25.13084,68.71617],[25.13035,68.71594],[25.13062,68.71558],[25.13102,68.71525],[25.13096,68.7149],[25.13079,68.7145],[25.1302,68.71416],[25.12902,68.71399],[25.1274,68.71393],[25.12628,68.71387],[25.12529,68.71388],[25.12412,68.71362],[25.12316,68.71336],[25.12231,68.71304],[25.12177,68.71248],[25.12128,68.71175],[25.12095,68.71139],[25.12076,68.71109],[25.12071,68.71065],[25.12072,68.71032],[25.12033,68.71001],[25.11989,68.70933],[25.1194,68.7085],[25.11879,68.70806],[25.11845,68.70793],[25.11792,68.70781],[25.11732,68.7078],[25.11665,68.70776],[25.1161,68.70769],[25.11555,68.7075],[25.11516,68.70731],[25.11502,68.70712],[25.11496,68.70687],[25.11503,68.70666],[25.11495,68.70646],[25.11548,68.70602],[25.11586,68.70592],[25.11568,68.70549],[25.11549,68.70519],[25.11501,68.70509],[25.11432,68.70496],[25.11399,68.70462],[25.11372,68.70416],[25.11365,68.70381],[25.11335,68.70342],[25.11294,68.70311],[25.11225,68.70291],[25.1118,68.70265],[25.11153,68.70252],[25.11145,68.7024],[25.11151,68.70225],[25.11162,68.70218],[25.11178,68.70206],[25.11185,68.70161],[25.11203,68.7013],[25.11214,68.70102],[25.11171,68.70075],[25.11136,68.7004],[25.11102,68.69997],[25.11091,68.69966],[25.11079,68.69936],[25.1111,68.69903],[25.11149,68.69886],[25.11223,68.69888],[25.11282,68.69899],[25.11329,68.69894],[25.11336,68.69877],[25.11315,68.69859],[25.11317,68.6984],[25.11312,68.6976],[25.11327,68.69699],[25.11348,68.69611],[25.1139,68.69519],[25.11415,68.69448],[25.11425,68.69358],[25.11431,68.69284],[25.11405,68.69241],[25.11398,68.692],[25.11375,68.69147],[25.11349,68.69097],[25.11331,68.69074],[25.11327,68.69043],[25.11306,68.69009],[25.11282,68.68985],[25.11265,68.68927],[25.11256,68.68898],[25.11219,68.68859],[25.11199,68.6881],[25.11154,68.68727],[25.11091,68.68643],[25.11092,68.68599],[25.1105,68.6854],[25.11012,68.68493],[25.10992,68.68438],[25.10977,68.68393],[25.10973,68.68378],[25.10971,68.68354],[25.1096,68.68322],[25.10949,68.68287],[25.10945,68.68269],[25.1091,68.68242],[25.10875,68.68216],[25.10825,68.68188],[25.10797,68.68173],[25.10775,68.68147],[25.10767,68.68127],[25.10761,68.68101],[25.10709,68.68063],[25.10717,68.68034],[25.10721,68.6801],[25.10717,68.67988],[25.10709,68.67967],[25.1073,68.67948],[25.10757,68.67933],[25.10776,68.67918],[25.10782,68.67894],[25.10801,68.6787],[25.10825,68.67846],[25.10836,68.6782],[25.10844,68.67796],[25.10837,68.6778],[25.1083,68.67764],[25.10852,68.67751],[25.10874,68.6774],[25.10901,68.67729],[25.1093,68.67721],[25.10947,68.67713],[25.10969,68.67704],[25.10997,68.67697],[25.11034,68.67693],[25.11069,68.67689],[25.11099,68.67685],[25.11125,68.67675],[25.1114,68.67662],[25.11143,68.67648],[25.11137,68.67633],[25.11124,68.6762],[25.11101,68.67602],[25.11103,68.67583],[25.11118,68.67558],[25.11115,68.67526],[25.11109,68.67502],[25.11125,68.67479],[25.1111,68.67458],[25.11096,68.67434],[25.11102,68.67417],[25.11108,68.67407],[25.11102,68.67396],[25.11084,68.67393],[25.11066,68.67397],[25.11045,68.67395],[25.11034,68.67381],[25.11027,68.67363],[25.11024,68.67343],[25.11031,68.67326],[25.11048,68.67311],[25.11059,68.67295],[25.11076,68.6728],[25.11095,68.67265],[25.11102,68.67248],[25.111,68.6723],[25.11097,68.67211],[25.11095,68.67197],[25.11097,68.67184],[25.11094,68.67169],[25.11087,68.67151],[25.11087,68.67133],[25.11096,68.67112],[25.11107,68.67095],[25.1112,68.67083],[25.11143,68.67072],[25.11174,68.67067],[25.11191,68.6706],[25.112,68.6705],[25.11213,68.67036],[25.1122,68.67019],[25.11223,68.67001],[25.11232,68.66979],[25.11237,68.66967],[25.11247,68.66955],[25.11252,68.66947],[25.11254,68.66936],[25.11253,68.66925],[25.11253,68.66913],[25.11265,68.669],[25.11266,68.66892],[25.11276,68.66882],[25.11275,68.6687],[25.11278,68.66856],[25.11281,68.66846],[25.1129,68.66835],[25.11311,68.66829],[25.1134,68.66823],[25.11359,68.66815],[25.11367,68.66802],[25.11367,68.66785],[25.11353,68.66771],[25.11341,68.66757],[25.11324,68.66748],[25.11309,68.66738],[25.11287,68.66729],[25.11289,68.66719],[25.113,68.66709],[25.11315,68.66696],[25.11317,68.66683],[25.11328,68.66673],[25.11349,68.66664],[25.11379,68.66654],[25.11408,68.66645],[25.11439,68.66634],[25.11459,68.6662],[25.11464,68.66609],[25.11466,68.66591],[25.11447,68.66581],[25.11445,68.66567],[25.1144,68.66555],[25.11415,68.66542],[25.1141,68.66527],[25.11415,68.66497],[25.11404,68.66458],[25.11389,68.6643],[25.11368,68.66413],[25.11359,68.66397],[25.11364,68.66377],[25.11384,68.66357],[25.11393,68.66337],[25.11401,68.66315],[25.11402,68.66293],[25.11402,68.66274],[25.11409,68.66259],[25.11422,68.66244],[25.11421,68.66228],[25.11397,68.66212],[25.11366,68.66199],[25.1135,68.66183],[25.11328,68.66162],[25.11327,68.66139],[25.11347,68.66116],[25.11376,68.66093],[25.11407,68.66078],[25.1143,68.66055],[25.11463,68.66018],[25.11512,68.65987],[25.1155,68.65963],[25.11571,68.65951],[25.11562,68.65935],[25.11527,68.65923],[25.11484,68.65919],[25.1146,68.65914],[25.11459,68.65896],[25.11455,68.65879],[25.11427,68.65863],[25.11435,68.65846],[25.11472,68.65835],[25.1151,68.65826],[25.11516,68.65815],[25.11511,68.65771],[25.11508,68.65716],[25.11501,68.65696],[25.11477,68.65673],[25.11484,68.65649],[25.11473,68.65621],[25.11449,68.656],[25.11419,68.65576],[25.11405,68.65543],[25.11408,68.65519],[25.11405,68.65495],[25.11396,68.65465],[25.11404,68.65441],[25.11403,68.65409],[25.11404,68.65373],[25.11392,68.65338],[25.11388,68.65307],[25.11396,68.65277],[25.11434,68.65247],[25.11528,68.65225],[25.11626,68.65195],[25.11675,68.65176],[25.11693,68.65153],[25.1169,68.65129],[25.11741,68.65106],[25.11791,68.65073],[25.11786,68.65027],[25.11789,68.65005],[25.11802,68.64977],[25.11799,68.64948],[25.118,68.6492],[25.11809,68.64895],[25.11838,68.64873],[25.11847,68.64843],[25.11857,68.6481],[25.11856,68.64792],[25.11854,68.64769],[25.11842,68.64744],[25.11819,68.64715],[25.11791,68.64682],[25.11784,68.6466],[25.11785,68.64638],[25.1178,68.64614],[25.11759,68.64594],[25.11728,68.64579],[25.11709,68.64563],[25.11659,68.64546],[25.11612,68.6453],[25.11592,68.64507],[25.11594,68.6448],[25.11604,68.64453],[25.11632,68.64437],[25.11681,68.64421],[25.11715,68.64398],[25.11738,68.64376],[25.11756,68.64363],[25.11771,68.64351],[25.11803,68.64339],[25.11839,68.64328],[25.11872,68.6432],[25.11907,68.64313],[25.11931,68.64302],[25.11932,68.64291],[25.11924,68.6428],[25.11898,68.64261],[25.1187,68.64247],[25.11846,68.64234],[25.11837,68.64211],[25.11821,68.64185],[25.11812,68.64162],[25.11779,68.64147],[25.1173,68.64134],[25.11672,68.64131],[25.11634,68.64132],[25.11602,68.64132],[25.11566,68.64126],[25.11558,68.64117],[25.11561,68.64107],[25.11574,68.64086],[25.1159,68.64067],[25.11599,68.64049],[25.11608,68.64038],[25.1161,68.64024],[25.11612,68.64011],[25.11623,68.63994],[25.11639,68.63982],[25.11637,68.63971],[25.11639,68.63959],[25.11613,68.63946],[25.11584,68.6394],[25.11562,68.63937],[25.11549,68.63931],[25.11535,68.63918],[25.11506,68.63919],[25.11488,68.63916],[25.11475,68.63908],[25.11481,68.63901],[25.1152,68.63899],[25.11542,68.63896],[25.11546,68.63888],[25.11525,68.63878],[25.11522,68.63869],[25.11495,68.63862],[25.11479,68.6386],[25.11467,68.6386],[25.11452,68.63863],[25.11437,68.63863],[25.11424,68.63861],[25.11406,68.63855],[25.11404,68.63846],[25.1139,68.63838],[25.1137,68.63831],[25.1136,68.63824],[25.11366,68.63817],[25.11385,68.63815],[25.11413,68.63817],[25.1144,68.63819],[25.11453,68.63818],[25.11455,68.6381],[25.11441,68.63804],[25.11416,68.63796],[25.11394,68.63792],[25.11352,68.63787],[25.1132,68.63783],[25.11302,68.63776],[25.11306,68.63765],[25.11315,68.63757],[25.11295,68.6375],[25.11255,68.63747],[25.11215,68.63744],[25.11179,68.63741],[25.1113,68.63738],[25.1109,68.63737],[25.11052,68.63735],[25.11025,68.63734],[25.10984,68.63734],[25.10939,68.63733],[25.1089,68.63729],[25.10855,68.63724],[25.10816,68.63724],[25.10782,68.63728],[25.1076,68.63734],[25.10733,68.63736],[25.10703,68.6374],[25.10671,68.63744],[25.10636,68.63751],[25.10613,68.63758],[25.10602,68.63766],[25.10592,68.63775],[25.10566,68.63785],[25.10538,68.63789],[25.10502,68.63792],[25.10474,68.63795],[25.10448,68.63798],[25.1042,68.63798],[25.10378,68.63788],[25.10349,68.63777],[25.10327,68.63765],[25.10297,68.63754],[25.10273,68.63748],[25.10249,68.6374],[25.10227,68.6373],[25.10204,68.63721],[25.10172,68.63715],[25.10151,68.63714],[25.10121,68.63712],[25.10088,68.63707],[25.10059,68.637],[25.10023,68.63693],[25.09987,68.63683],[25.09951,68.6367],[25.09926,68.63661],[25.09888,68.6365],[25.09862,68.63642],[25.09833,68.63635],[25.09808,68.63627],[25.09774,68.63613],[25.09732,68.636],[25.09692,68.63585],[25.09666,68.63576],[25.09644,68.63571],[25.09617,68.63573],[25.09596,68.63577],[25.09563,68.63577],[25.09524,68.63576],[25.09501,68.63576],[25.09471,68.63573],[25.09437,68.63572],[25.09395,68.63572],[25.09363,68.63572],[25.09335,68.63569],[25.09303,68.63569],[25.09265,68.6357],[25.09221,68.63568],[25.09182,68.63566],[25.09146,68.63564],[25.0912,68.63561],[25.09094,68.6355],[25.09076,68.6354],[25.09055,68.63526],[25.09034,68.63513],[25.09025,68.63497],[25.09033,68.63483],[25.09026,68.63468],[25.09012,68.63458],[25.09015,68.63448],[25.09002,68.63438],[25.08972,68.63426],[25.0894,68.63412],[25.08906,68.63398],[25.08884,68.63386],[25.08886,68.63373],[25.08886,68.63357],[25.08882,68.63344],[25.08869,68.63332],[25.08864,68.63317],[25.08859,68.63302],[25.08872,68.6329],[25.08886,68.63279],[25.0889,68.6327],[25.0889,68.63259],[25.08899,68.63249],[25.08902,68.63232],[25.08904,68.63219],[25.08891,68.63203],[25.08875,68.63191],[25.08854,68.63185],[25.08837,68.63176],[25.08816,68.63169],[25.08797,68.63169],[25.08768,68.63167],[25.0875,68.63158],[25.0874,68.63147],[25.08719,68.63136],[25.0871,68.63125],[25.087,68.63114],[25.08703,68.631],[25.08706,68.63089],[25.08707,68.63077],[25.08701,68.63066],[25.0868,68.63058],[25.08664,68.63049],[25.08679,68.63038],[25.08703,68.6303],[25.08719,68.63022],[25.087,68.63009],[25.08669,68.62999],[25.08642,68.62989],[25.08623,68.62977],[25.08628,68.62966],[25.08658,68.62962],[25.08681,68.62956],[25.08696,68.62946],[25.0869,68.62937],[25.08673,68.62926],[25.08643,68.62918],[25.0866,68.62906],[25.08683,68.62897],[25.08727,68.62893],[25.08747,68.62886],[25.08735,68.62866],[25.08721,68.62863],[25.08705,68.62855],[25.08678,68.62842],[25.08658,68.62829],[25.08639,68.62816],[25.08623,68.62804],[25.086,68.62794],[25.08573,68.62782],[25.08546,68.62773],[25.08532,68.62764],[25.08512,68.62758],[25.08477,68.62756],[25.0845,68.62747],[25.08436,68.62735],[25.0843,68.62724],[25.08424,68.62711],[25.08421,68.62699],[25.08411,68.62689],[25.08388,68.62683],[25.08345,68.62669],[25.08314,68.62662],[25.08277,68.62657],[25.08251,68.62653],[25.08224,68.62649],[25.08193,68.62649],[25.08169,68.62652],[25.0815,68.62659],[25.08136,68.62668],[25.08115,68.62673],[25.08093,68.62682],[25.08094,68.62692],[25.08106,68.62702],[25.08113,68.6271],[25.0809,68.62713],[25.08067,68.62716],[25.08035,68.62718],[25.08002,68.62718],[25.07976,68.62717],[25.07954,68.62715],[25.07922,68.62712],[25.07902,68.62706],[25.07888,68.62699],[25.07869,68.62693],[25.07866,68.62686],[25.07853,68.62673],[25.07839,68.6267],[25.0782,68.62661],[25.07826,68.62651],[25.07834,68.62639],[25.07855,68.62635],[25.07874,68.6263],[25.07909,68.6262],[25.0793,68.6261],[25.07921,68.62596],[25.07933,68.62589],[25.07948,68.62582],[25.07965,68.6257],[25.07985,68.6256],[25.08004,68.6255],[25.08019,68.62545],[25.08029,68.62535],[25.08034,68.62522],[25.08019,68.62513],[25.08014,68.62501],[25.08012,68.62488],[25.07998,68.62483],[25.07974,68.62481],[25.07965,68.62472],[25.07952,68.62457],[25.07951,68.62443],[25.0795,68.62428],[25.07967,68.62422],[25.07993,68.6242],[25.08015,68.62413],[25.08034,68.62406],[25.08044,68.62398],[25.08067,68.62392],[25.0809,68.62392],[25.08097,68.62384],[25.08098,68.6237],[25.08087,68.62357],[25.08099,68.6235],[25.08097,68.62341],[25.0807,68.62332],[25.0804,68.62325],[25.07997,68.62321],[25.07968,68.62314],[25.07946,68.62306],[25.079,68.62293],[25.07882,68.62281],[25.07889,68.6227],[25.07887,68.62258],[25.07862,68.62254],[25.07847,68.62267],[25.07838,68.62278],[25.07811,68.62273],[25.07801,68.62262],[25.07799,68.62246],[25.07779,68.62239],[25.07733,68.62236],[25.07703,68.62232],[25.0769,68.62226],[25.07667,68.6222],[25.07634,68.6222],[25.0762,68.62229],[25.07594,68.62235],[25.07562,68.62236],[25.07525,68.62237],[25.07492,68.6224],[25.07458,68.6224],[25.07441,68.62246],[25.0743,68.62257],[25.07406,68.62263],[25.0738,68.62262],[25.07355,68.62261],[25.07331,68.62255],[25.07304,68.62247],[25.07284,68.62247],[25.07261,68.62243],[25.07229,68.62244],[25.07212,68.62253],[25.07196,68.62259],[25.07166,68.62257],[25.07148,68.62248],[25.07127,68.62234],[25.07108,68.62226],[25.07108,68.62214],[25.07099,68.62203],[25.07069,68.62201],[25.07045,68.62196],[25.07024,68.62189],[25.07006,68.62185],[25.06982,68.62189],[25.06961,68.62194],[25.06939,68.62195],[25.06927,68.62186],[25.06924,68.62176],[25.06932,68.62164],[25.06966,68.62169],[25.06984,68.62166],[25.06979,68.62159],[25.06953,68.62151],[25.06927,68.62145],[25.06894,68.62138],[25.06885,68.62142],[25.06857,68.6214],[25.06846,68.62131],[25.0685,68.62123],[25.06891,68.62118],[25.06925,68.62117],[25.06949,68.62112],[25.06962,68.62101],[25.06956,68.62093],[25.06944,68.62082],[25.06932,68.62069],[25.0693,68.62059],[25.06929,68.62046],[25.06921,68.62033],[25.06927,68.62016],[25.06946,68.62003],[25.06944,68.61993],[25.06913,68.61987],[25.06865,68.61984],[25.06832,68.61985],[25.06802,68.61989],[25.06767,68.61993],[25.06728,68.61999],[25.06698,68.62002],[25.06676,68.62001],[25.06639,68.62003],[25.06617,68.62012],[25.06604,68.62025],[25.06599,68.6204],[25.06595,68.62054],[25.06603,68.62066],[25.06589,68.62076],[25.06564,68.62088],[25.06537,68.62097],[25.06516,68.62107],[25.065,68.62115],[25.06457,68.62113],[25.06439,68.62114],[25.06413,68.62118],[25.06385,68.62121],[25.06344,68.62121],[25.0632,68.62122],[25.06283,68.62121],[25.06252,68.62119],[25.06229,68.62115],[25.062,68.62114],[25.06191,68.62124],[25.0618,68.62132],[25.06161,68.6214],[25.06136,68.62142],[25.06114,68.62138],[25.06085,68.62134],[25.06066,68.62141],[25.06064,68.62152],[25.06072,68.62158],[25.06071,68.62165],[25.06042,68.62168],[25.0601,68.62165],[25.0597,68.62165],[25.05939,68.62169],[25.05925,68.62176],[25.05914,68.62187],[25.05898,68.62196],[25.05876,68.62203],[25.05846,68.62205],[25.0583,68.6221],[25.05809,68.62215],[25.05795,68.62222],[25.05789,68.6223],[25.05789,68.6224],[25.05775,68.62245],[25.05752,68.62239],[25.05739,68.62233],[25.0573,68.62236],[25.05716,68.62239],[25.05706,68.62252],[25.05694,68.62264],[25.0568,68.62275],[25.05672,68.6228],[25.05659,68.62285],[25.05634,68.62296],[25.05618,68.62297],[25.05594,68.62301],[25.05579,68.62308],[25.05584,68.62314],[25.05581,68.62324],[25.0557,68.62338],[25.05552,68.62351],[25.0554,68.6236],[25.05519,68.62369],[25.05508,68.62376],[25.05523,68.62384],[25.05547,68.62385],[25.05578,68.62381],[25.05588,68.62377],[25.05603,68.62376],[25.05612,68.62381],[25.05615,68.62389],[25.05611,68.62398],[25.05595,68.62408],[25.05586,68.62414],[25.05588,68.62422],[25.05574,68.62427],[25.05553,68.62433],[25.05529,68.62433],[25.05516,68.62426],[25.0551,68.62418],[25.05486,68.62415],[25.05451,68.62418],[25.05442,68.62426],[25.05439,68.62432],[25.05421,68.62437],[25.05382,68.62442],[25.05348,68.62448],[25.05327,68.62453],[25.05308,68.62458],[25.05286,68.62467],[25.05258,68.62478],[25.05231,68.62487],[25.05199,68.62495],[25.05168,68.62505],[25.05146,68.62513],[25.0512,68.62521],[25.05103,68.62528],[25.05086,68.62534],[25.05092,68.62546],[25.05091,68.62556],[25.0509,68.62573],[25.05085,68.62592],[25.05078,68.62603],[25.05062,68.62609],[25.0504,68.62615],[25.05028,68.62622],[25.05023,68.62632],[25.05016,68.62643],[25.04997,68.62651],[25.04972,68.62657],[25.04947,68.62664],[25.0493,68.62668],[25.04919,68.62671],[25.04901,68.62681],[25.04877,68.6269],[25.04864,68.62688],[25.04856,68.62694],[25.04827,68.62697],[25.04795,68.62698],[25.04753,68.627],[25.04708,68.62698],[25.0467,68.62693],[25.04639,68.62684],[25.0461,68.62667],[25.04583,68.62646],[25.04587,68.62635],[25.04589,68.62617],[25.04563,68.62604],[25.04526,68.62595],[25.0451,68.62596],[25.04495,68.62598],[25.04471,68.62602],[25.04456,68.62597],[25.0445,68.62587],[25.04449,68.62572],[25.0442,68.62561],[25.04385,68.62554],[25.04348,68.62549],[25.04309,68.62542],[25.04275,68.62537],[25.04236,68.62537],[25.04214,68.62543],[25.04165,68.62544],[25.04144,68.62539],[25.04123,68.62528],[25.04112,68.6252],[25.04089,68.62516],[25.04059,68.62518],[25.04025,68.62523],[25.03993,68.62527],[25.0395,68.62527],[25.03921,68.62525],[25.03888,68.62528],[25.03862,68.62535],[25.03834,68.62532],[25.03826,68.62523],[25.03822,68.62512],[25.03816,68.62506],[25.03794,68.62501],[25.03758,68.625],[25.03731,68.62503],[25.03702,68.62506],[25.03678,68.62505],[25.03654,68.62499],[25.03634,68.62492],[25.03621,68.62482],[25.03607,68.62472],[25.03582,68.62464],[25.03567,68.62461],[25.03564,68.62442],[25.03545,68.62429],[25.03524,68.62421],[25.03503,68.62418],[25.03479,68.62412],[25.03463,68.62405],[25.03436,68.624],[25.03409,68.62393],[25.03386,68.62385],[25.03361,68.62381],[25.03332,68.62373],[25.03338,68.6236],[25.03344,68.62348],[25.03323,68.62326],[25.03303,68.62319],[25.03267,68.62316],[25.03237,68.62312],[25.03213,68.62309],[25.03207,68.62297],[25.03192,68.62288],[25.03166,68.62285],[25.03136,68.62291],[25.03129,68.62295],[25.03115,68.62297],[25.03094,68.62302],[25.03098,68.62313],[25.03119,68.6232],[25.03133,68.62329],[25.03123,68.62336],[25.03117,68.62343],[25.03128,68.62346],[25.03136,68.62352],[25.03134,68.62362],[25.03124,68.62369],[25.0311,68.62374],[25.03083,68.62372],[25.03053,68.62374],[25.03028,68.62377],[25.03005,68.62378],[25.02996,68.62391],[25.0299,68.62402],[25.02973,68.6241],[25.02953,68.62413],[25.02919,68.62406],[25.0288,68.62399],[25.02847,68.62388],[25.02812,68.62378],[25.02788,68.6237],[25.02757,68.62364],[25.02736,68.6236],[25.02732,68.62351],[25.02735,68.62338],[25.0276,68.62331],[25.02771,68.62321],[25.02785,68.62316],[25.02769,68.62307],[25.02742,68.62307],[25.02724,68.62313],[25.02687,68.62317],[25.0265,68.62322],[25.0262,68.62325],[25.026,68.62324],[25.02567,68.62327],[25.02545,68.62336],[25.02501,68.62356],[25.02489,68.62364],[25.02495,68.62372],[25.02518,68.6238],[25.02554,68.62388],[25.02573,68.62394],[25.02589,68.624],[25.02602,68.62407],[25.02593,68.62413],[25.02567,68.62417],[25.02547,68.62421],[25.02526,68.62422],[25.02484,68.62421],[25.02457,68.6242],[25.02432,68.62419],[25.02402,68.62411],[25.02386,68.62411],[25.02369,68.62405],[25.02343,68.624],[25.02334,68.62404],[25.02305,68.62397],[25.02285,68.62388],[25.02249,68.62383],[25.02217,68.62378],[25.02185,68.62373],[25.02158,68.62373],[25.0214,68.62371],[25.0211,68.62365],[25.02098,68.62357],[25.02072,68.62345],[25.0206,68.6234],[25.02041,68.62339],[25.02036,68.62333],[25.02044,68.62324],[25.02067,68.62322],[25.02074,68.62311],[25.02046,68.62303],[25.01998,68.62297],[25.01964,68.62292],[25.01927,68.62287],[25.01907,68.62282],[25.0188,68.62279],[25.0185,68.62272],[25.01819,68.62267],[25.01802,68.62259],[25.01789,68.6225],[25.01762,68.62244],[25.01738,68.62241],[25.0172,68.62235],[25.01702,68.62228],[25.01677,68.62224],[25.0166,68.62222],[25.01641,68.62218],[25.01616,68.62215],[25.0159,68.62211],[25.01571,68.62205],[25.01556,68.62194],[25.01552,68.62185],[25.01544,68.62177],[25.01542,68.62161],[25.01549,68.62149],[25.01546,68.6214],[25.01547,68.62132],[25.01537,68.62121],[25.01534,68.62111],[25.01543,68.621],[25.01547,68.62088],[25.01552,68.6207],[25.01564,68.62061],[25.01571,68.62055],[25.0157,68.62042],[25.01593,68.62032],[25.01612,68.62025],[25.01636,68.62023],[25.01632,68.62018],[25.0163,68.62012],[25.01622,68.62004],[25.01605,68.62003],[25.01587,68.62],[25.01569,68.62003],[25.01552,68.62006],[25.01546,68.62003],[25.01525,68.61998],[25.01505,68.61997],[25.01491,68.61992],[25.01492,68.61985],[25.01491,68.61978],[25.01506,68.61969],[25.01498,68.61963],[25.01484,68.61962],[25.01469,68.61966],[25.01446,68.61966],[25.01431,68.61964],[25.01421,68.61955],[25.01413,68.61947],[25.0142,68.61942],[25.01433,68.61941],[25.0145,68.61942],[25.01469,68.61942],[25.01478,68.61935],[25.01475,68.61927],[25.01453,68.61919],[25.01433,68.61911],[25.01436,68.61902],[25.0143,68.61895],[25.01411,68.61887],[25.01393,68.61883],[25.0139,68.61878],[25.01395,68.61871],[25.01405,68.61863],[25.01414,68.61856],[25.01421,68.61848],[25.01415,68.61843],[25.01396,68.61841],[25.01388,68.61838],[25.01389,68.61832],[25.01381,68.61825],[25.01381,68.61819],[25.01393,68.61817],[25.01413,68.61819],[25.01427,68.61823],[25.01439,68.61826],[25.01456,68.61822],[25.01468,68.61813],[25.01473,68.61807],[25.01469,68.61803],[25.01458,68.61801],[25.01451,68.61798],[25.01449,68.61793],[25.0144,68.61787],[25.01425,68.61783],[25.01405,68.61782],[25.01399,68.61786],[25.01394,68.6179],[25.01383,68.61794],[25.01373,68.61788],[25.01366,68.6178],[25.01358,68.61774],[25.01369,68.61768],[25.01364,68.61762],[25.0137,68.61757],[25.01385,68.6175],[25.01398,68.61745],[25.01419,68.61741],[25.01426,68.61745],[25.01437,68.61747],[25.01444,68.61746],[25.01443,68.61738],[25.01458,68.61733],[25.01466,68.61727],[25.01451,68.61719],[25.01427,68.61712],[25.01415,68.61716],[25.01389,68.61717],[25.01371,68.61713],[25.01363,68.61706],[25.01377,68.61702],[25.01402,68.61698],[25.0142,68.61698],[25.01423,68.61692],[25.01421,68.61687],[25.0144,68.61684],[25.01469,68.61686],[25.01486,68.6169],[25.01495,68.61691],[25.01505,68.6169],[25.01515,68.61688],[25.01503,68.61679],[25.015,68.6167],[25.01506,68.61666],[25.01521,68.61668],[25.01549,68.61667],[25.01568,68.6167],[25.01578,68.61674],[25.01557,68.61683],[25.01566,68.61689],[25.0157,68.61695],[25.01576,68.61703],[25.01588,68.61703],[25.01603,68.61697],[25.01597,68.61692],[25.01605,68.61686],[25.01622,68.61681],[25.01633,68.61675],[25.0163,68.61666],[25.01631,68.61655],[25.0161,68.61649],[25.01585,68.61643],[25.01579,68.61638],[25.01587,68.61632],[25.01589,68.61627],[25.01584,68.61621],[25.01574,68.61611],[25.0156,68.61606],[25.01553,68.616],[25.01566,68.61592],[25.01576,68.61585],[25.01601,68.61579],[25.01612,68.61575],[25.01617,68.61569],[25.01615,68.61563],[25.01599,68.61561],[25.0158,68.61565],[25.0156,68.61565],[25.01542,68.61561],[25.01522,68.61562],[25.01507,68.61569],[25.01489,68.6157],[25.01477,68.61566],[25.01483,68.61561],[25.01495,68.61557],[25.01509,68.61546],[25.01505,68.6154],[25.01484,68.61537],[25.01462,68.61538],[25.0144,68.61535],[25.0142,68.61521],[25.01394,68.61516],[25.01355,68.61519],[25.01319,68.6152],[25.01287,68.61524],[25.01262,68.61524],[25.01239,68.61521],[25.01222,68.61514],[25.01228,68.61505],[25.0124,68.61499],[25.01237,68.61493],[25.01224,68.61486],[25.01222,68.61481],[25.01206,68.61476],[25.01181,68.61477],[25.01173,68.61474],[25.01159,68.61475],[25.01146,68.61479],[25.01146,68.61485],[25.01137,68.6149],[25.01148,68.61496],[25.01143,68.61501],[25.01125,68.61504],[25.01115,68.61497],[25.01091,68.61489],[25.01077,68.61482],[25.01062,68.61478],[25.01062,68.61474],[25.0105,68.61472],[25.01031,68.61476],[25.01041,68.61481],[25.01053,68.61486],[25.01056,68.61492],[25.01047,68.61494],[25.01026,68.61494],[25.01006,68.6149],[25.00982,68.61485],[25.0097,68.6148],[25.00958,68.61477],[25.00956,68.61473],[25.00944,68.61469],[25.00966,68.61466],[25.00965,68.61461],[25.00959,68.61456],[25.00954,68.61444],[25.00953,68.61435],[25.00939,68.61431],[25.00914,68.61431],[25.00889,68.61432],[25.00871,68.61435],[25.00873,68.6144],[25.00876,68.61445],[25.00877,68.61451],[25.00866,68.61452],[25.00851,68.61453],[25.00841,68.61449],[25.00819,68.61443],[25.00814,68.61439],[25.00801,68.61434],[25.00786,68.61434],[25.00775,68.61436],[25.00771,68.61442],[25.00758,68.61448],[25.00743,68.61452],[25.00729,68.61455],[25.00712,68.61455],[25.00697,68.61457],[25.0068,68.61457],[25.0067,68.61448],[25.00687,68.61446],[25.00683,68.6144],[25.00677,68.61433],[25.00687,68.61428],[25.00691,68.61418],[25.00683,68.6141],[25.00676,68.61407],[25.00671,68.61402],[25.00647,68.61402],[25.00641,68.61406],[25.00633,68.61408],[25.00631,68.61412],[25.00646,68.61414],[25.00642,68.61418],[25.00626,68.61422],[25.0062,68.61425],[25.00607,68.61429],[25.0059,68.61427],[25.00601,68.61421],[25.00593,68.61413],[25.00572,68.61414],[25.00553,68.61414],[25.00542,68.61412],[25.00543,68.61409],[25.00555,68.61405],[25.00557,68.614],[25.00561,68.61397],[25.00578,68.61395],[25.00573,68.6139],[25.00564,68.61385],[25.00554,68.61381],[25.00549,68.61375],[25.00542,68.61369],[25.00528,68.61368],[25.00516,68.61369],[25.00502,68.61368],[25.00485,68.61368],[25.00474,68.61371],[25.00475,68.61376],[25.00495,68.61381],[25.00486,68.61385],[25.0047,68.61387],[25.00453,68.61387],[25.00438,68.61389],[25.0043,68.61386],[25.00427,68.6138],[25.00422,68.61376],[25.00407,68.61374],[25.00397,68.61378],[25.00394,68.61385],[25.00385,68.61389],[25.00376,68.61385],[25.00363,68.61385],[25.00356,68.6139],[25.00357,68.61395],[25.00351,68.61398],[25.00335,68.61398],[25.00319,68.61403],[25.00305,68.61399],[25.00299,68.61392],[25.00285,68.61399],[25.00268,68.61396],[25.00259,68.61392],[25.00258,68.61386],[25.00274,68.61379],[25.00259,68.61373],[25.00251,68.61366],[25.00233,68.61364],[25.00223,68.61368],[25.00202,68.6137],[25.00178,68.61369],[25.00153,68.61369],[25.00126,68.61369],[25.00097,68.61367],[25.00082,68.61364],[25.00068,68.61357],[25.0006,68.61352],[25.00043,68.61347],[25.0003,68.6134],[25.00018,68.61333],[24.99988,68.61332],[24.99984,68.61326],[24.99994,68.61324],[25.00004,68.61325],[25.00013,68.61322],[25.00011,68.61319],[25.00016,68.61315],[25.00011,68.61312],[25.00012,68.61307],[25.00033,68.61306],[25.00042,68.61301],[25.00035,68.61298],[25.00017,68.61297],[24.99994,68.61298],[24.99977,68.61299],[24.99966,68.61305],[24.99965,68.61311],[24.99969,68.61317],[24.99962,68.61324],[24.99951,68.61324],[24.99935,68.6132],[24.99937,68.61314],[24.99923,68.61312],[24.99925,68.61307],[24.99956,68.61301],[24.99953,68.61295],[24.99936,68.6129],[24.99924,68.61291],[24.99913,68.61299],[24.99902,68.61299],[24.99904,68.61294],[24.99905,68.61287],[24.99887,68.61283],[24.99865,68.61278],[24.99864,68.61271],[24.99855,68.61266],[24.99819,68.61264],[24.99795,68.61261],[24.99769,68.61259],[24.99757,68.61266],[24.99754,68.61271],[24.99741,68.61271],[24.99739,68.61276],[24.99733,68.6128],[24.99736,68.61284],[24.99749,68.61291],[24.99743,68.61297],[24.9973,68.61298],[24.99722,68.61293],[24.9971,68.61292],[24.99676,68.61288],[24.99662,68.61285],[24.99643,68.61282],[24.99625,68.61278],[24.99609,68.61273],[24.99602,68.61267],[24.99622,68.61263],[24.99641,68.61264],[24.99658,68.61269],[24.99667,68.61265],[24.99662,68.61256],[24.99652,68.6125],[24.99644,68.61246],[24.99644,68.61242],[24.99638,68.61237],[24.9963,68.61229],[24.9962,68.61223],[24.99597,68.6122],[24.99588,68.61218],[24.99569,68.61218],[24.99548,68.61222],[24.99534,68.61224],[24.99523,68.6123],[24.99504,68.61233],[24.99484,68.61236],[24.99462,68.61241],[24.99434,68.61247],[24.99421,68.61248],[24.99399,68.61252],[24.99365,68.61249],[24.99336,68.61244],[24.99317,68.61242],[24.99303,68.61242],[24.99295,68.61247],[24.99291,68.61255],[24.99283,68.61261],[24.9928,68.61268],[24.99284,68.61276],[24.99287,68.61285],[24.99288,68.61293],[24.99289,68.61301],[24.99277,68.61305],[24.99259,68.61307],[24.99245,68.61306],[24.99224,68.61303],[24.99199,68.61302],[24.99186,68.613],[24.99158,68.61297],[24.99132,68.61291],[24.99113,68.61289],[24.99102,68.61284],[24.99106,68.61278],[24.99103,68.61273],[24.99095,68.61268],[24.99084,68.6127],[24.99071,68.61273],[24.99058,68.61271],[24.99045,68.61274],[24.9903,68.61281],[24.9902,68.61288],[24.98999,68.61292],[24.98977,68.61293],[24.98963,68.61292],[24.98948,68.61289],[24.98939,68.61292],[24.98921,68.61295],[24.98907,68.61296],[24.98894,68.61294],[24.98887,68.61288],[24.98899,68.61279],[24.98897,68.61265],[24.98886,68.6126],[24.98881,68.61253],[24.98866,68.61248],[24.98847,68.61243],[24.98822,68.61247],[24.98813,68.61251],[24.98794,68.61259],[24.98764,68.61261],[24.9874,68.61263],[24.98726,68.61266],[24.98716,68.61262],[24.98704,68.61271],[24.98702,68.61279],[24.98693,68.61284],[24.98678,68.61282],[24.98663,68.61288],[24.98645,68.61292],[24.98626,68.61297],[24.98621,68.61306],[24.98637,68.61317],[24.98648,68.61324],[24.98649,68.61331],[24.98659,68.61337],[24.9866,68.61342],[24.98655,68.61347],[24.98651,68.61353],[24.98633,68.6136],[24.98623,68.61365],[24.98617,68.61371],[24.986,68.61376],[24.98578,68.61386],[24.98569,68.61394],[24.98561,68.614],[24.98547,68.61406],[24.98546,68.61413],[24.98556,68.61421],[24.98574,68.61428],[24.9858,68.61436],[24.98575,68.61448],[24.9856,68.61447],[24.98534,68.61442],[24.98526,68.61434],[24.98509,68.6143],[24.98494,68.61433],[24.98486,68.61439],[24.98489,68.61446],[24.98483,68.61449],[24.98469,68.6145],[24.98451,68.61447],[24.98447,68.6144],[24.98425,68.61437],[24.98406,68.61434],[24.98387,68.61429],[24.98368,68.61427],[24.98357,68.61423],[24.98346,68.61415],[24.98327,68.61412],[24.98319,68.61415],[24.98311,68.61421],[24.98301,68.61433],[24.98291,68.61441],[24.98298,68.61445],[24.98312,68.61444],[24.98325,68.61449],[24.98334,68.6146],[24.98347,68.61469],[24.98355,68.6148],[24.98358,68.61491],[24.98355,68.61502],[24.98344,68.61511],[24.9833,68.61522],[24.98314,68.61534],[24.98295,68.61548],[24.98279,68.6156],[24.98263,68.61564],[24.98247,68.61563],[24.98238,68.61564],[24.98223,68.61566],[24.9822,68.61574],[24.98216,68.6158],[24.982,68.61584],[24.98192,68.61589],[24.98197,68.61594],[24.98217,68.61597],[24.98236,68.61602],[24.98244,68.61608],[24.98234,68.61614],[24.9822,68.61614],[24.98202,68.61613],[24.98181,68.61616],[24.98172,68.61628],[24.98163,68.61635],[24.9815,68.61642],[24.98137,68.61647],[24.98133,68.61654],[24.98122,68.61661],[24.981,68.61659],[24.98086,68.61654],[24.9809,68.61647],[24.9808,68.61642],[24.98066,68.61646],[24.98055,68.61654],[24.98063,68.61661],[24.98065,68.61666],[24.98073,68.61673],[24.98062,68.61679],[24.98066,68.61686],[24.98058,68.61695],[24.9804,68.61704],[24.98041,68.61711],[24.98025,68.61719],[24.98006,68.61726],[24.97976,68.61729],[24.97966,68.61726],[24.97947,68.61723],[24.97931,68.61729],[24.97922,68.61738],[24.97939,68.61745],[24.97945,68.61753],[24.97949,68.61759],[24.97949,68.61765],[24.97934,68.61767],[24.97924,68.61764],[24.97915,68.61768],[24.97897,68.6177],[24.97881,68.61775],[24.97865,68.61776],[24.97842,68.61776],[24.9781,68.6178],[24.97784,68.61781],[24.97757,68.61781],[24.97734,68.61779],[24.97716,68.61779],[24.97705,68.61777],[24.97683,68.61777],[24.97671,68.6177],[24.97657,68.61771],[24.97645,68.61767],[24.97638,68.61761],[24.97652,68.61755],[24.97657,68.61746],[24.97664,68.61737],[24.97647,68.61732],[24.97632,68.61727],[24.97617,68.61726],[24.97602,68.61725],[24.97593,68.6172],[24.97603,68.61711],[24.97605,68.61701],[24.97619,68.61689],[24.97618,68.61683],[24.97607,68.61677],[24.97593,68.61668],[24.97594,68.6166],[24.97582,68.61659],[24.97564,68.61658],[24.97555,68.61653],[24.97541,68.61652],[24.97521,68.61649],[24.97503,68.61648],[24.97502,68.61654],[24.97499,68.61659],[24.97501,68.61665],[24.97496,68.6167],[24.97489,68.61675],[24.97458,68.61672],[24.9743,68.6167],[24.97404,68.61668],[24.97384,68.6167],[24.97373,68.61678],[24.97368,68.61684],[24.97352,68.61689],[24.97333,68.61687],[24.97305,68.61684],[24.97297,68.61678],[24.97283,68.61673],[24.97264,68.61674],[24.97245,68.61676],[24.97231,68.61671],[24.97215,68.61666],[24.97219,68.6166],[24.97213,68.61652],[24.97193,68.6165],[24.97183,68.61651],[24.97169,68.61654],[24.9716,68.6165],[24.9714,68.61644],[24.97126,68.61639],[24.97113,68.61634],[24.97099,68.61635],[24.9709,68.61641],[24.9707,68.6164],[24.97046,68.61638],[24.97019,68.61639],[24.96997,68.6164],[24.96983,68.61644],[24.9697,68.61647],[24.96961,68.61646],[24.96958,68.6164],[24.96948,68.61633],[24.96927,68.61634],[24.96912,68.61633],[24.96896,68.61633],[24.96878,68.61627],[24.96862,68.61631],[24.96855,68.61636],[24.96839,68.61633],[24.96815,68.61632],[24.96786,68.61636],[24.96776,68.61644],[24.96768,68.61654],[24.9675,68.61654],[24.96732,68.61648],[24.96723,68.61641],[24.96704,68.61634],[24.96691,68.61631],[24.96683,68.61637],[24.96673,68.61648],[24.96655,68.61647],[24.96636,68.61646],[24.96632,68.6164],[24.96619,68.61636],[24.96615,68.6163],[24.96602,68.61628],[24.96589,68.61637],[24.96593,68.61642],[24.96586,68.61644],[24.96559,68.61644],[24.96548,68.61647],[24.96531,68.61647],[24.96526,68.61643],[24.96524,68.61636],[24.96514,68.61632],[24.96491,68.61632],[24.96476,68.61629],[24.96459,68.61625],[24.96472,68.61616],[24.96449,68.61614],[24.96435,68.61611],[24.96435,68.616],[24.96407,68.61604],[24.96381,68.61626],[24.96373,68.61637],[24.96418,68.61639],[24.96407,68.61649],[24.9639,68.61652],[24.96371,68.61659],[24.96359,68.61666],[24.96344,68.61673],[24.96329,68.61673],[24.96314,68.61674],[24.96296,68.6168],[24.96282,68.61688],[24.9627,68.61697],[24.96257,68.61707],[24.96242,68.6172],[24.96251,68.61723],[24.96253,68.61728],[24.96257,68.61738],[24.96243,68.61744],[24.96221,68.61747],[24.96201,68.61752],[24.96185,68.61759],[24.96173,68.61763],[24.96155,68.61762],[24.96148,68.61757],[24.9613,68.61756],[24.96128,68.61749],[24.96116,68.61744],[24.96115,68.61738],[24.96099,68.61732],[24.96089,68.61729],[24.96086,68.61723],[24.96088,68.61713],[24.96096,68.61707],[24.96089,68.61702],[24.96065,68.61699],[24.96047,68.617],[24.96031,68.61707],[24.96013,68.61714],[24.9602,68.6172],[24.96007,68.61728],[24.95978,68.61734],[24.95949,68.61739],[24.95922,68.61747],[24.95909,68.61749],[24.95882,68.6175],[24.95853,68.61748],[24.9583,68.61748],[24.95814,68.61743],[24.95822,68.61731],[24.95825,68.61719],[24.95815,68.61712],[24.95811,68.617],[24.95795,68.61689],[24.95784,68.61679],[24.95774,68.61672],[24.95772,68.61665],[24.95782,68.61661],[24.95779,68.61656],[24.95781,68.61646],[24.95778,68.6164],[24.95789,68.61633],[24.95773,68.61625],[24.95748,68.61619],[24.95728,68.61612],[24.95732,68.61606],[24.95722,68.61598],[24.95716,68.61593],[24.95724,68.61584],[24.95701,68.61581],[24.95684,68.61578],[24.95702,68.61571],[24.95709,68.61566],[24.95693,68.6156],[24.95682,68.61562],[24.9567,68.61568],[24.95653,68.61571],[24.95647,68.61563],[24.95659,68.61557],[24.95675,68.61551],[24.95654,68.61547],[24.95648,68.61552],[24.95632,68.61559],[24.95619,68.61564],[24.95607,68.6156],[24.95612,68.61551],[24.95623,68.61544],[24.95643,68.61542],[24.95651,68.61536],[24.95645,68.61531],[24.95632,68.61527],[24.95611,68.6153],[24.95594,68.61531],[24.9557,68.61534],[24.95548,68.61531],[24.95558,68.61519],[24.95587,68.61521],[24.95598,68.61515],[24.95589,68.61513],[24.95566,68.61511],[24.95539,68.61508],[24.95523,68.61505],[24.95495,68.61502],[24.95464,68.61498],[24.95438,68.61496],[24.95409,68.61494],[24.95389,68.61493],[24.95367,68.61493],[24.95348,68.61495],[24.95342,68.61496],[24.95344,68.61499],[24.95352,68.61502],[24.95358,68.61508],[24.95346,68.61511],[24.95322,68.61511],[24.953,68.61509],[24.95279,68.61507],[24.95273,68.61503],[24.95253,68.61502],[24.9523,68.61507],[24.95214,68.61513],[24.95203,68.61519],[24.95201,68.61524],[24.95177,68.61527],[24.95155,68.61526],[24.95136,68.61523],[24.9512,68.6152],[24.95106,68.61521],[24.95098,68.61517],[24.95087,68.61511],[24.95069,68.61508],[24.95045,68.61507],[24.95024,68.61505],[24.95003,68.61503],[24.94983,68.61503],[24.94957,68.61507],[24.94939,68.61511],[24.9493,68.61518],[24.94923,68.61526],[24.94908,68.61532],[24.94889,68.61535],[24.94869,68.61535],[24.94852,68.61536],[24.9483,68.61535],[24.94817,68.61535],[24.94803,68.61537],[24.94784,68.6154],[24.9477,68.61544],[24.94749,68.61543],[24.94737,68.61541],[24.94733,68.61538],[24.94724,68.61536],[24.94711,68.61534],[24.94706,68.6153],[24.94693,68.61527],[24.94675,68.61525],[24.94661,68.61522],[24.94646,68.61516],[24.94642,68.61508],[24.94639,68.61501],[24.94641,68.61493],[24.94652,68.61486],[24.94672,68.61481],[24.94694,68.61476],[24.94715,68.61472],[24.94728,68.6147],[24.94747,68.61472],[24.9477,68.6148],[24.9478,68.61478],[24.94789,68.61478],[24.94804,68.61478],[24.94814,68.6148],[24.94828,68.61481],[24.94846,68.61477],[24.94864,68.61475],[24.9488,68.61468],[24.94888,68.61463],[24.94899,68.61456],[24.94904,68.61449],[24.94904,68.61443],[24.9491,68.61436],[24.94923,68.61434],[24.94924,68.61431],[24.94916,68.61429],[24.94915,68.61422],[24.94928,68.61419],[24.94927,68.61415],[24.94944,68.61411],[24.94941,68.61407],[24.94928,68.61405],[24.94913,68.61407],[24.94905,68.61408],[24.94898,68.61408],[24.94882,68.61408],[24.94875,68.61404],[24.94878,68.61399],[24.94867,68.61397],[24.9485,68.61399],[24.94838,68.61398],[24.94821,68.61396],[24.94817,68.6139],[24.94804,68.61384],[24.94792,68.61382],[24.94771,68.61379],[24.9476,68.61377],[24.94753,68.61375],[24.94759,68.61368],[24.94753,68.61363],[24.94741,68.61356],[24.94743,68.61349],[24.94739,68.61345],[24.94736,68.61339],[24.94728,68.61338],[24.9473,68.61333],[24.94736,68.61329],[24.94745,68.61324],[24.94743,68.61319],[24.94747,68.61314],[24.94736,68.61309],[24.94738,68.61303],[24.94757,68.61302],[24.94777,68.61298],[24.94776,68.61293],[24.94761,68.61291],[24.94744,68.61287],[24.94733,68.6128],[24.94736,68.61273],[24.9476,68.61268],[24.9477,68.61261],[24.94766,68.61254],[24.94756,68.61246],[24.94746,68.61237],[24.94735,68.61233],[24.94723,68.61228],[24.94712,68.61225],[24.94693,68.61223],[24.94676,68.61224],[24.94671,68.6122],[24.94655,68.61217],[24.94647,68.61218],[24.94636,68.61224],[24.94627,68.61224],[24.94613,68.61223],[24.94598,68.61224],[24.94585,68.61227],[24.94571,68.61229],[24.94557,68.61225],[24.94548,68.61221],[24.94545,68.61216],[24.94533,68.61211],[24.94522,68.6121],[24.9451,68.61207],[24.945,68.61206],[24.94484,68.61201],[24.94468,68.61198],[24.94465,68.61194],[24.94454,68.61193],[24.94432,68.61193],[24.94408,68.6119],[24.94397,68.61186],[24.94389,68.61182],[24.94393,68.61176],[24.94412,68.61173],[24.94429,68.61173],[24.9444,68.6117],[24.94438,68.61165],[24.94416,68.61161],[24.94393,68.61158],[24.94377,68.61157],[24.94356,68.61161],[24.9434,68.61167],[24.9433,68.61172],[24.94319,68.6118],[24.94297,68.61184],[24.9427,68.61186],[24.9425,68.61186],[24.94234,68.61188],[24.94216,68.61191],[24.94203,68.61198],[24.94195,68.61205],[24.94169,68.61207],[24.94149,68.61204],[24.9413,68.61201],[24.94121,68.61204],[24.94109,68.61208],[24.94112,68.61212],[24.94102,68.61214],[24.94087,68.61216],[24.94068,68.61221],[24.94046,68.61225],[24.94025,68.61226],[24.94007,68.61228],[24.93989,68.61233],[24.93974,68.61235],[24.9396,68.61235],[24.93946,68.6124],[24.93931,68.61241],[24.9391,68.61241],[24.93898,68.61239],[24.93886,68.61237],[24.93887,68.61234],[24.93885,68.61229],[24.9388,68.61226],[24.93883,68.6122],[24.93879,68.61213],[24.93867,68.61212],[24.9385,68.61211],[24.93838,68.61211],[24.93825,68.61211],[24.93811,68.61209],[24.93793,68.6121],[24.93777,68.61211],[24.93759,68.61212],[24.93742,68.61212],[24.93737,68.61211],[24.93741,68.61205],[24.93727,68.61202],[24.93717,68.61198],[24.9371,68.61194],[24.93698,68.61192],[24.93681,68.61189],[24.93663,68.61187],[24.93647,68.61186],[24.93632,68.61181],[24.93623,68.61176],[24.93606,68.61172],[24.93601,68.61165],[24.93606,68.6116],[24.93596,68.61159],[24.93584,68.61157],[24.93577,68.61152],[24.93579,68.61146],[24.93578,68.61139],[24.93566,68.61136],[24.93552,68.61138],[24.93533,68.61141],[24.93519,68.61141],[24.93504,68.61142],[24.93502,68.61139],[24.93494,68.61137],[24.93481,68.61137],[24.93464,68.61136],[24.93448,68.61134],[24.93454,68.61128],[24.93456,68.61122],[24.93449,68.61115],[24.93455,68.61108],[24.9345,68.61105],[24.93453,68.61099],[24.93449,68.61094],[24.93445,68.61087],[24.93434,68.61081],[24.93416,68.61077],[24.93398,68.6108],[24.93384,68.61079],[24.93382,68.61073],[24.93371,68.6107],[24.93355,68.61064],[24.93336,68.61059],[24.93323,68.6105],[24.93318,68.61043],[24.93311,68.61034],[24.93312,68.61024],[24.9331,68.61015],[24.93297,68.61007],[24.93278,68.60999],[24.93259,68.60994],[24.9324,68.60984],[24.93223,68.60985],[24.93207,68.60985],[24.93199,68.60981],[24.93183,68.60983],[24.93179,68.60991],[24.93178,68.60997],[24.9316,68.60996],[24.93136,68.60996],[24.93129,68.60993],[24.93121,68.60989],[24.93109,68.60984],[24.93099,68.60978],[24.93088,68.60971],[24.93095,68.60963],[24.93081,68.60957],[24.93077,68.60951],[24.93079,68.60946],[24.93067,68.60945],[24.93064,68.60939],[24.9305,68.60933],[24.93034,68.60926],[24.93022,68.60919],[24.93012,68.60911],[24.93005,68.60903],[24.92994,68.60899],[24.92988,68.60894],[24.92974,68.60893],[24.92967,68.6089],[24.92953,68.60887],[24.92943,68.60882],[24.92937,68.60875],[24.92946,68.60868],[24.92947,68.60861],[24.92946,68.60853],[24.92947,68.60848],[24.92951,68.60843],[24.9294,68.60838],[24.92923,68.60834],[24.92922,68.60827],[24.92933,68.60818],[24.92939,68.60811],[24.9294,68.60804],[24.92939,68.60796],[24.92933,68.60792],[24.92928,68.60791],[24.9291,68.60786],[24.9289,68.60781],[24.92871,68.60777],[24.92859,68.60773],[24.92846,68.60771],[24.92837,68.60767],[24.9282,68.60764],[24.92806,68.60761],[24.92803,68.60755],[24.92795,68.60751],[24.92789,68.60746],[24.9277,68.60743],[24.92749,68.60741],[24.92724,68.60738],[24.92707,68.60738],[24.92686,68.60745],[24.9266,68.6075],[24.92644,68.60753],[24.92618,68.60757],[24.9259,68.60762],[24.92569,68.60765],[24.92546,68.60769],[24.9252,68.60772],[24.92492,68.60774],[24.92479,68.60777],[24.92464,68.60778],[24.92449,68.60776],[24.92447,68.6077],[24.92454,68.60764],[24.92454,68.6076],[24.92447,68.60756],[24.92435,68.60758],[24.92429,68.60765],[24.92417,68.60767],[24.92394,68.60765],[24.92382,68.60761],[24.92361,68.60757],[24.92343,68.60757],[24.92324,68.60757],[24.92312,68.60753],[24.92306,68.60745],[24.92293,68.60741],[24.92286,68.60734],[24.92267,68.60731],[24.92261,68.60725],[24.92259,68.60715],[24.9226,68.60708],[24.92265,68.60703],[24.92273,68.607],[24.92286,68.60701],[24.92297,68.60697],[24.92306,68.60696],[24.9232,68.60692],[24.92336,68.60687],[24.92344,68.6068],[24.92338,68.60675],[24.9232,68.60675],[24.92308,68.60671],[24.92303,68.60668],[24.92302,68.60662],[24.92332,68.60659],[24.92331,68.60653],[24.92316,68.6065],[24.92297,68.6065],[24.92276,68.60649],[24.92248,68.60647],[24.92234,68.60651],[24.92224,68.60654],[24.92208,68.60652],[24.9219,68.6065],[24.92177,68.60651],[24.92165,68.60655],[24.92155,68.60653],[24.92143,68.60647],[24.9213,68.60649],[24.92119,68.60648],[24.921,68.60648],[24.92085,68.60645],[24.92076,68.60642],[24.92082,68.60638],[24.92084,68.60633],[24.92072,68.60625],[24.92059,68.60625],[24.92049,68.60627],[24.92031,68.6062],[24.92026,68.60611],[24.92034,68.60606],[24.92045,68.60601],[24.92047,68.60596],[24.92059,68.60595],[24.92071,68.60589],[24.92084,68.60585],[24.92091,68.60582],[24.92086,68.60577],[24.92072,68.60577],[24.92053,68.60574],[24.92035,68.60571],[24.92013,68.60566],[24.91991,68.60562],[24.91979,68.6056],[24.9197,68.60555],[24.9196,68.60553],[24.91944,68.60549],[24.91925,68.60547],[24.91909,68.60551],[24.91891,68.60551],[24.91882,68.60547],[24.91879,68.60543],[24.91871,68.60538],[24.91868,68.60533],[24.91855,68.60532],[24.91848,68.60534],[24.91832,68.60535],[24.91818,68.60536],[24.91801,68.60535],[24.91788,68.6053],[24.91779,68.60525],[24.91773,68.60524],[24.91764,68.60524],[24.91754,68.60526],[24.91742,68.60526],[24.9173,68.60527],[24.91721,68.60526],[24.91712,68.60526],[24.91697,68.60525],[24.91692,68.60525],[24.91692,68.60524],[24.91691,68.60521],[24.91681,68.60499],[24.90657,68.58191],[24.90596,68.5771],[24.90509,68.57002],[24.90317,68.55459],[24.85717,68.56221],[24.82855,68.59125],[24.81274,68.60728],[24.80115,68.61876],[24.79858,68.6213],[24.79315,68.62666],[24.78342,68.63623],[24.71642,68.65376],[24.67157,68.66545],[24.60839,68.6819],[24.57606,68.68598],[24.50916,68.69437],[24.49256,68.69645],[24.46763,68.69957],[24.43238,68.70329],[24.40106,68.70669],[24.3269,68.7147],[24.30226,68.71735],[24.27778,68.72203],[24.25096,68.72713],[24.22215,68.73933],[24.20805,68.74531],[24.17705,68.74997],[24.17157,68.7508],[24.15296,68.75359],[24.15855,68.78971],[24.07559,68.77997],[24.01473,68.8111],[23.98333,68.82714],[23.94937,68.83],[23.87146,68.83652],[23.81385,68.82595],[23.77539,68.81885],[23.75384,68.78576],[23.74339,68.76972],[23.73106,68.75075],[23.67352,68.70552],[23.58951,68.70075],[23.54583,68.69825],[23.44064,68.69216],[23.38974,68.68097],[23.36375,68.67523],[23.33989,68.66954],[23.31786,68.66429],[23.31275,68.66307],[23.23512,68.64455],[23.2208,68.64115],[23.16758,68.62852],[23.10191,68.66126],[23.0673,68.67863],[23.05444,68.68508],[23.04595,68.68934],[23.01062,68.68911],[22.95508,68.68872],[22.87473,68.68813],[22.80082,68.68755],[22.74529,68.69858],[22.71513,68.70456],[22.69979,68.7076],[22.68596,68.71033],[22.67799,68.7119],[22.6577,68.7159],[22.63545,68.72026],[22.60577,68.72612],[22.59329,68.72939],[22.53539,68.74451],[22.43433,68.72705],[22.40474,68.72191],[22.37452,68.71667],[22.36419,68.7516],[22.35372,68.78703],[22.34791,68.80494],[22.34078,68.82723],[22.265,68.87391],[22.25895,68.87762],[22.19187,68.91877],[22.18739,68.92925],[22.17576,68.95632],[22.16183,68.96484],[22.09069,69.008],[22.05303,69.03088],[22.02455,69.04814],[22.0074,69.05852],[21.98362,69.07289],[21.97666,69.07652],[21.93802,69.09664],[21.90195,69.11538],[21.8464,69.14416],[21.8073,69.16656],[21.78955,69.17671],[21.76929,69.18829],[21.72334,69.21449],[21.69424,69.23327],[21.68178,69.2413],[21.65914,69.25592],[21.62709,69.27659],[21.58605,69.28058],[21.55528,69.28357],[21.51054,69.28791],[21.44166,69.29456],[21.36565,69.30263],[21.27882,69.31188],[21.26501,69.30803],[21.20802,69.29211],[21.09617,69.26091],[21.03205,69.23431],[21.02631,69.23192],[21.00331,69.22234],[21.00203,69.21987],[20.99566,69.20756],[20.98758,69.19193],[21.00923,69.17277],[21.0318,69.15277],[21.04673,69.13952],[21.05563,69.12209],[21.10868,69.10393],[21.08017,69.06633],[21.05754,69.03629],[20.98857,69.05298],[20.88847,69.07712],[20.8812,69.07886],[20.83456,69.09055],[20.76195,69.10868],[20.74983,69.1117],[20.74304,69.11341],[20.71732,69.11979],[20.70619,69.11578],[20.69925,69.11328],[20.66749,69.10183],[20.65356,69.09679],[20.64154,69.09245],[20.63193,69.08896],[20.61898,69.08427],[20.59367,69.07509],[20.55233,69.06008],[20.54865,69.05997],[20.46891,69.05764],[20.44021,69.05679],[20.30308,69.05266],[20.19424,69.04961],[20.14322,69.04816],[20.06005,69.04576],[20.10836,69.02192],[20.13078,69.01058],[20.18829,68.98135],[20.23787,68.95607],[20.26291,68.94476],[20.30659,68.92618],[20.30941,68.91313],[20.31373,68.89313],[20.32185,68.8556],[20.32925,68.82747],[20.33587,68.80231],[20.31628,68.78277],[20.3061,68.77267],[20.30099,68.76758],[20.27385,68.74027],[20.24668,68.71186],[20.2163,68.68002],[20.20284,68.66592],[20.16141,68.64539],[20.08365,68.60674],[20.05225,68.59107],[19.9916,68.57359],[19.9375,68.55794],[20.00172,68.53825],[20.02588,68.53081],[20.06664,68.52272],[20.14057,68.50802],[20.22654,68.49081],[20.15421,68.46154],[20.11057,68.44382],[20.07036,68.42698],[20.01122,68.40216],[19.97796,68.38816],[19.95454,68.37485],[19.9214,68.35601],[19.82491,68.37317],[19.78095,68.38095],[19.70759,68.39391],[19.65314,68.40329],[19.55409,68.42029],[19.50085,68.42938],[19.44935,68.43825],[19.35233,68.45469],[19.26869,68.46891],[19.23154,68.47515],[19.13997,68.49068],[19.09113,68.49892],[19.03196,68.50886],[18.9838,68.51696],[18.90197,68.51481],[18.82963,68.51288],[18.74031,68.51045],[18.7347,68.51025],[18.68496,68.50851],[18.62122,68.50696],[18.5526,68.53278],[18.48553,68.55649],[18.43881,68.57136],[18.40569,68.58188],[18.33187,68.56979],[18.29992,68.56454],[18.22636,68.55273],[18.12592,68.53651],[18.12278,68.51864],[18.12032,68.50458],[18.11774,68.48981],[18.11281,68.46533],[18.11067,68.45454],[18.10588,68.43071],[18.10328,68.41815],[18.10109,68.40604],[18.10761,68.37419],[18.11462,68.34053],[18.1229,68.30926],[18.12688,68.29445],[18.13244,68.27257],[18.13345,68.26862],[18.13575,68.25981],[18.13889,68.24902],[18.14404,68.22823],[18.15135,68.19879],[18.13909,68.18721],[18.12534,68.17424],[18.09581,68.14616],[18.06235,68.117],[18.05233,68.10822],[18.03465,68.09229],[18.02091,68.07979],[18.01468,68.07412],[17.99375,68.05512],[17.97377,68.03696],[17.95372,68.01869],[17.9202,67.98809],[17.89976,67.96937],[17.84847,67.98448],[17.78977,68.00172],[17.71226,68.02448],[17.66475,68.03838],[17.59924,68.05251],[17.5459,68.06399],[17.49538,68.07483],[17.44062,68.08607],[17.40657,68.09308],[17.4037,68.09367],[17.3548,68.10369],[17.35231,68.10421],[17.28152,68.11881],[17.25263,68.10158],[17.2087,68.07048],[17.18051,68.05046],[17.11073,68.03041],[17.04724,68.01211],[17.01459,68.00245],[16.95372,67.98441],[16.92985,67.97732],[16.90787,67.97002],[16.83339,67.94522],[16.78605,67.92991],[16.73812,67.91421],[16.72473,67.89403],[16.71005,67.87173],[16.70358,67.8619],[16.69243,67.84494],[16.67893,67.82442],[16.65283,67.7879],[16.63792,67.76701],[16.61756,67.73621],[16.60101,67.71106],[16.58052,67.68001],[16.55628,67.64719],[16.51759,67.614],[16.49488,67.59446],[16.44366,67.55906],[16.40757,67.53403],[16.37917,67.53263],[16.2856,67.52799],[16.24569,67.52527],[16.158,67.51916],[16.13139,67.48648],[16.11306,67.46397],[16.08983,67.43528],[16.15193,67.39118],[16.17996,67.37122],[16.21142,67.34842],[16.26465,67.30975],[16.29275,67.28922],[16.32998,67.26205],[16.3654,67.23477],[16.4041,67.20497],[16.40137,67.18048],[16.39828,67.15788],[16.39364,67.10965],[16.3909,67.08409],[16.38963,67.06904],[16.38776,67.04546],[16.36286,67.03731],[16.36104,67.03671],[16.3064,67.01879],[16.27778,67.00959],[16.19402,66.98259],[16.14827,66.96187],[16.1293,66.95326],[16.08039,66.93123],[16.03876,66.91245],[15.99364,66.87323],[15.9743,66.85864],[15.95661,66.84528],[15.92522,66.82153],[15.90679,66.80753],[15.8614,66.77461],[15.80762,66.73548],[15.76811,66.70588],[15.75874,66.69885],[15.73566,66.68147],[15.71638,66.66703],[15.69696,66.65213],[15.65242,66.61812],[15.62137,66.59434],[15.55581,66.56717],[15.53337,66.55786],[15.51729,66.55129],[15.45106,66.52397],[15.43219,66.51384],[15.37723,66.48431],[15.386,66.46915],[15.40859,66.43006],[15.4304,66.39222],[15.44206,66.36905],[15.45394,66.34535],[15.47425,66.30393],[15.48473,66.28246],[15.45051,66.27299],[15.42491,66.26589],[15.34573,66.24392],[15.30557,66.23274],[15.22922,66.21012],[15.2263,66.20925],[15.19541,66.19997],[15.12681,66.18014],[15.03568,66.15356],[14.9175,66.14857],[14.91255,66.14833],[14.86372,66.14599],[14.8044,66.14375],[14.74367,66.14135],[14.68384,66.13901],[14.61072,66.13623],[14.51629,66.13258],[14.5288,66.09556],[14.5414,66.05503],[14.54556,66.04178],[14.55094,66.02213],[14.55768,66.00255],[14.56746,65.97418],[14.57312,65.95786],[14.57912,65.92779],[14.5844,65.90134],[14.59394,65.88055],[14.60231,65.86225],[14.608,65.84994],[14.62548,65.81181],[14.60053,65.77941],[14.57885,65.75061],[14.55931,65.72458],[14.54147,65.70075],[14.52986,65.65019],[14.52159,65.61376],[14.52141,65.61296],[14.51425,65.58427],[14.50617,65.55131],[14.50309,65.53884],[14.49877,65.5213],[14.49944,65.49467],[14.49958,65.48877],[14.50033,65.45904],[14.5007,65.4442],[14.50109,65.42361],[14.50117,65.41962],[14.50201,65.37446],[14.50202,65.37394],[14.50379,65.35063],[14.50683,65.30973],[14.47456,65.2941],[14.41157,65.26356],[14.38324,65.24978],[14.3788,65.24762],[14.36468,65.21488],[14.35559,65.19376],[14.34346,65.16316],[14.33503,65.14187],[14.32599,65.11892],[14.29343,65.09589],[14.24572,65.06202],[14.22699,65.04868],[14.17685,65.01252],[14.12989,64.97856],[14.0937,64.95132],[14.0773,64.93894],[14.05812,64.92378],[14.04643,64.91453],[14.01523,64.8898],[13.97757,64.85966],[13.93127,64.82212],[13.91647,64.81026],[13.87338,64.77571],[13.85528,64.761],[13.81732,64.7301],[13.79466,64.71158],[13.75736,64.68171],[13.70547,64.63996],[13.68312,64.61395],[13.65426,64.58034],[13.70047,64.56597],[13.75086,64.55023],[13.78699,64.53915],[13.84081,64.52262],[13.89118,64.50713],[13.94584,64.49907],[14.05515,64.48282],[14.08523,64.47825],[14.11387,64.46248],[14.11858,64.43504],[14.12487,64.39818],[14.12923,64.37242],[14.13934,64.31488],[14.13937,64.31471],[14.14471,64.28428],[14.14832,64.25842],[14.15299,64.22476],[14.15711,64.19506],[14.1247,64.16248],[14.11993,64.1577],[14.11176,64.14948],[14.09497,64.13251],[14.07063,64.10796],[14.05343,64.09099],[14.02657,64.06441],[14.01225,64.05025],[13.99021,64.02941],[13.96753,64.00797],[13.91593,64.01571],[13.88856,64.01985],[13.84249,64.02691],[13.80435,64.03274],[13.7154,64.04629],[13.6613,64.05219],[13.62566,64.05603],[13.59973,64.05883],[13.53768,64.06553],[13.44944,64.0734],[13.37846,64.07967],[13.29848,64.08736],[13.21111,64.09537],[13.14512,64.08667],[13.08491,64.07868],[13.01561,64.06964],[12.99825,64.06737],[12.92672,64.05795],[12.83425,64.02628],[12.75905,64.00034],[12.68357,63.97422],[12.65163,63.94946],[12.60987,63.91739],[12.57792,63.89288],[12.53812,63.8623],[12.49856,63.83258],[12.48023,63.81876],[12.4408,63.79126],[12.42161,63.77802],[12.40259,63.76486],[12.3806,63.7497],[12.3471,63.72652],[12.33058,63.71507],[12.3115,63.68859],[12.29946,63.67198],[12.25926,63.64912],[12.22725,63.63088],[12.19741,63.61668],[12.17351,63.60529],[12.14977,63.59394],[12.1584,63.57806],[12.18239,63.53392],[12.19176,63.51693],[12.21288,63.47859],[12.19285,63.45997],[12.18863,63.45604],[12.17187,63.4404],[12.1401,63.41071],[12.09838,63.36968],[12.08409,63.35558],[12.0603,63.33695],[12.03383,63.31626],[12.03194,63.31475],[12.01793,63.30363],[11.97458,63.26923],[11.99832,63.24258],[12.02413,63.21461],[12.04714,63.18931],[12.05246,63.18345],[12.05255,63.18335],[12.07277,63.16104],[12.10083,63.13049],[12.11871,63.11098],[12.14129,63.08631],[12.16993,63.05436],[12.19948,63.02133],[12.21823,63.00033],[12.17837,62.97289],[12.17042,62.96741],[12.15004,62.95358],[12.13478,62.94322],[12.09731,62.91788],[12.07469,62.90255],[12.09187,62.85956],[12.09855,62.8428],[12.10383,62.82955],[12.11769,62.79483],[12.13638,62.74792],[12.11178,62.70625],[12.09709,62.68135],[12.09232,62.67321],[12.09136,62.67157],[12.08131,62.65455],[12.07382,62.64181],[12.06543,62.62765],[12.05614,62.61192],[12.06882,62.59374],[12.10551,62.54108],[12.14132,62.49081],[12.1653,62.45765],[12.18156,62.43415],[12.20494,62.40112],[12.22746,62.36943],[12.24489,62.34484],[12.25467,62.33102],[12.26265,62.31973],[12.27841,62.29729],[12.29937,62.2675],[12.28958,62.23537],[12.28551,62.22197],[12.27772,62.19628],[12.27071,62.17068],[12.26124,62.13611],[12.25836,62.12749],[12.24473,62.08667],[12.23772,62.06246],[12.23214,62.04299],[12.22474,62.01741],[12.2207,62.00338],[12.21631,61.98804],[12.21358,61.97848],[12.20451,61.94668],[12.201,61.93449],[12.19975,61.93017],[12.19378,61.90944],[12.18927,61.89375],[12.18483,61.87832],[12.18268,61.8711],[12.17749,61.85376],[12.1772,61.85281],[12.17173,61.83442],[12.1682,61.82265],[12.16125,61.79932],[12.15101,61.76659],[12.14426,61.74499],[12.13767,61.72382],[12.18155,61.69726],[12.22123,61.67321],[12.24664,61.65781],[12.27563,61.64024],[12.31494,61.62493],[12.34122,61.61467],[12.36323,61.60018],[12.37822,61.5903],[12.39326,61.58038],[12.41961,61.56298],[12.4466,61.56712],[12.49193,61.56773],[12.56932,61.56875],[12.62122,61.53248],[12.6547,61.50903],[12.68116,61.49059],[12.68145,61.49039],[12.72291,61.46138],[12.73278,61.45456],[12.74363,61.44706],[12.74396,61.44683],[12.77018,61.42868],[12.8051,61.40447],[12.84344,61.37652],[12.87085,61.3565],[12.86054,61.3284],[12.85648,61.31735],[12.8531,61.30812],[12.84484,61.28682],[12.83721,61.26719],[12.83687,61.26631],[12.83383,61.25846],[12.82382,61.24436],[12.80698,61.22058],[12.80555,61.21855],[12.79347,61.20147],[12.79035,61.19705],[12.76905,61.18332],[12.75175,61.17215],[12.74041,61.16485],[12.70703,61.14327],[12.70386,61.1324],[12.70108,61.12285],[12.70045,61.1207],[12.69483,61.10143],[12.68727,61.07662],[12.68258,61.06122],[12.6814,61.05954],[12.67123,61.05652],[12.66842,61.05506],[12.65764,61.0527],[12.65168,61.05217],[12.61251,61.04683],[12.61034,61.04654],[12.60192,61.04647],[12.60014,61.04645],[12.59804,61.04703],[12.59717,61.04702],[12.59668,61.04701],[12.54071,61.04929],[12.50455,61.05088],[12.49757,61.05119],[12.48759,61.05163],[12.44761,61.05073],[12.39604,61.04288],[12.37932,61.04032],[12.3422,61.03454],[12.2948,61.02715],[12.25491,61.02168],[12.24728,61.02063],[12.24246,61.01996],[12.23974,61.01897],[12.22399,61.01308],[12.23622,60.99909],[12.25411,60.97864],[12.26793,60.96285],[12.28457,60.94383],[12.30478,60.92142],[12.31626,60.90855],[12.32685,60.89678],[12.33279,60.89017],[12.33295,60.88657],[12.33322,60.88051],[12.33449,60.85236],[12.33811,60.84401],[12.34056,60.83835],[12.34944,60.8179],[12.36456,60.79059],[12.37464,60.77204],[12.38202,60.75846],[12.39537,60.73389],[12.41063,60.72255],[12.42924,60.7087],[12.45962,60.68628],[12.46106,60.68522],[12.48163,60.66777],[12.51102,60.64246],[12.51304,60.6246],[12.51578,60.60015],[12.53318,60.58705],[12.54927,60.57491],[12.56911,60.56031],[12.58186,60.55091],[12.59829,60.52586],[12.59839,60.52571],[12.6064,60.51349],[12.60688,60.51274],[12.60661,60.49208],[12.60642,60.47726],[12.60638,60.46766],[12.60626,60.44383],[12.60617,60.42752],[12.60607,60.40877],[12.60605,60.40593],[12.58799,60.38835],[12.58586,60.38628],[12.56991,60.37073],[12.56938,60.37023],[12.54995,60.35178],[12.54765,60.34959],[12.54529,60.34735],[12.53566,60.34245],[12.51935,60.33414],[12.4988,60.32365],[12.50102,60.3068],[12.50181,60.29957],[12.50442,60.28121],[12.50599,60.27683],[12.51351,60.25576],[12.51484,60.25211],[12.52007,60.23748],[12.52502,60.22363],[12.52605,60.22178],[12.54191,60.19338],[12.52983,60.16606],[12.52959,60.1655],[12.52343,60.15164],[12.5167,60.13632],[12.50535,60.11001],[12.50237,60.10305],[12.50064,60.09908],[12.49955,60.09765],[12.49742,60.09489],[12.48174,60.07461],[12.48052,60.07302],[12.45979,60.05107],[12.44856,60.03918],[12.42485,60.02654],[12.39993,60.0172],[12.39566,60.0156],[12.37732,59.99877],[12.36935,59.99145],[12.35868,59.98171],[12.34114,59.96567],[12.33741,59.96438],[12.31987,59.95833],[12.28026,59.94462],[12.24254,59.93155],[12.23419,59.92868],[12.23104,59.92759],[12.20794,59.91253],[12.19076,59.90135],[12.17429,59.88981],[12.15528,59.88675],[12.13379,59.89205],[12.12612,59.89394],[12.09979,59.89066],[12.05346,59.88594],[12.04559,59.8871],[12.04075,59.88782],[12.03342,59.88891],[12.03169,59.88928],[12.02659,59.89039],[12.02411,59.89093],[11.98749,59.8989],[11.98667,59.89908],[11.98658,59.8991],[11.98652,59.89911],[11.98638,59.89926],[11.98605,59.89951],[11.98602,59.89969],[11.98576,59.89996],[11.98571,59.90004],[11.98555,59.90012],[11.98553,59.90017],[11.9856,59.90026],[11.98543,59.90044],[11.98522,59.90056],[11.98518,59.90072],[11.98508,59.9007],[11.98456,59.90056],[11.98421,59.90048],[11.94208,59.89009],[11.94036,59.88904],[11.93882,59.88859],[11.93648,59.88808],[11.93498,59.88701],[11.93406,59.88667],[11.9327,59.88639],[11.93099,59.88619],[11.92792,59.88525],[11.92534,59.88408],[11.9229,59.88253],[11.92166,59.88146],[11.92132,59.88068],[11.92136,59.87986],[11.92235,59.87735],[11.92257,59.87596],[11.92218,59.87507],[11.92105,59.87426],[11.91924,59.87356],[11.91645,59.87279],[11.91469,59.87226],[11.91292,59.87202],[11.9105,59.87197],[11.90913,59.87214],[11.88524,59.87208],[11.88167,59.86894],[11.88146,59.86654],[11.88348,59.86337],[11.88812,59.85931],[11.88412,59.85583],[11.86921,59.84978],[11.83936,59.84137],[11.8412,59.83937],[11.84129,59.83854],[11.84264,59.8376],[11.84744,59.83467],[11.85145,59.83197],[11.85294,59.83034],[11.85375,59.83015],[11.85512,59.83013],[11.85694,59.82964],[11.85844,59.82959],[11.86023,59.82971],[11.86202,59.82994],[11.86558,59.82954],[11.86642,59.82919],[11.86759,59.82916],[11.86982,59.82861],[11.87068,59.82881],[11.87244,59.82861],[11.87512,59.8289],[11.88032,59.82667],[11.88138,59.82605],[11.88417,59.82517],[11.88617,59.82371],[11.88669,59.82293],[11.8882,59.82239],[11.88942,59.82171],[11.88989,59.82082],[11.89038,59.8203],[11.89038,59.81942],[11.89142,59.81853],[11.8928,59.81734],[11.89429,59.81639],[11.89439,59.81598],[11.89563,59.81538],[11.89795,59.81398],[11.9008,59.81281],[11.90352,59.81203],[11.90424,59.81151],[11.90479,59.81057],[11.91004,59.80227],[11.926,59.79321],[11.93251,59.7638],[11.93197,59.76316],[11.92909,59.7626],[11.92901,59.76182],[11.93308,59.76067],[11.93343,59.75856],[11.92291,59.75077],[11.93253,59.73918],[11.93792,59.70522],[11.937,59.70265],[11.93778,59.70178],[11.93718,59.70053],[11.93844,59.69961],[11.93933,59.69969],[11.9413,59.70036],[11.94227,59.70032],[11.9433,59.7007],[11.94424,59.70049],[11.94525,59.70078],[11.94594,59.70054],[11.94491,59.69898],[11.94461,59.69818],[11.94298,59.69812],[11.94201,59.69738],[11.94169,59.69597],[11.93999,59.69465],[11.93135,59.69434],[11.88914,59.69322],[11.87794,59.68281],[11.87523,59.67249],[11.87009,59.66253],[11.86242,59.65282],[11.85624,59.64865],[11.85569,59.64835],[11.84946,59.64791],[11.83333,59.6468],[11.81075,59.64524],[11.79018,59.64381],[11.7868,59.64358],[11.77889,59.64305],[11.77233,59.64094],[11.76576,59.63881],[11.76126,59.63732],[11.73744,59.63042],[11.72051,59.62551],[11.71595,59.622],[11.70813,59.61621],[11.69792,59.60881],[11.6949,59.60028],[11.69101,59.58957],[11.6983,59.57434],[11.7036,59.56322],[11.71506,59.53944],[11.72862,59.51117],[11.74683,59.49125],[11.75312,59.47935],[11.75987,59.45822],[11.76086,59.42866],[11.77403,59.41431],[11.77753,59.39749],[11.77973,59.38651],[11.79153,59.37445],[11.79204,59.37358],[11.78979,59.37213],[11.78975,59.37113],[11.80833,59.35388],[11.81617,59.34479],[11.81815,59.33273],[11.8215,59.31179],[11.82044,59.30499],[11.82557,59.2654],[11.82978,59.24183],[11.82957,59.24083],[11.82878,59.23963],[11.82778,59.23874],[11.82611,59.23783],[11.81185,59.23203],[11.80537,59.22781],[11.80073,59.22532],[11.8003,59.22508],[11.80021,59.22468],[11.79906,59.22405],[11.79862,59.22375],[11.79861,59.2231],[11.79748,59.22193],[11.7972,59.22105],[11.79603,59.21898],[11.79556,59.21854],[11.79438,59.21821],[11.79384,59.2176],[11.79294,59.21709],[11.79275,59.21683],[11.79264,59.21642],[11.79235,59.21589],[11.79185,59.21542],[11.791,59.21494],[11.79006,59.21428],[11.78936,59.2136],[11.78906,59.21301],[11.78821,59.21241],[11.78749,59.21117],[11.78657,59.21021],[11.78581,59.21007],[11.78445,59.20918],[11.7831,59.20714],[11.7827,59.20371],[11.7827,59.20262],[11.78256,59.20232],[11.7821,59.20198],[11.78196,59.20109],[11.78199,59.20045],[11.78235,59.19989],[11.78298,59.19943],[11.78323,59.19902],[11.78337,59.19855],[11.78332,59.1982],[11.78262,59.19725],[11.78265,59.19691],[11.78284,59.19657],[11.78356,59.19624],[11.78381,59.19596],[11.78391,59.19525],[11.78375,59.19497],[11.78309,59.19476],[11.78217,59.19452],[11.78147,59.19295],[11.78071,59.18798],[11.7763,59.17765],[11.77463,59.17069],[11.77564,59.1665],[11.77593,59.16611],[11.77664,59.1657],[11.77656,59.16545],[11.77644,59.16515],[11.7765,59.16279],[11.77631,59.16079],[11.7761,59.15934],[11.77705,59.15605],[11.77601,59.14555],[11.77752,59.14018],[11.77796,59.13609],[11.76929,59.12676],[11.76632,59.12143],[11.76491,59.11706],[11.76362,59.11463],[11.76537,59.11461],[11.76666,59.11426],[11.76775,59.11374],[11.76842,59.11314],[11.76882,59.11203],[11.76945,59.1111],[11.77226,59.10954],[11.77413,59.108],[11.77546,59.1063],[11.77601,59.10287],[11.777,59.10172],[11.77807,59.10108],[11.7803,59.1],[11.78103,59.09936],[11.78065,59.09866],[11.77958,59.098],[11.777,59.09788],[11.7764,59.09581],[11.77683,59.09017],[11.77588,59.08695],[11.77194,59.08539],[11.77121,59.08411],[11.75268,59.07047],[11.75018,59.06865],[11.74129,59.05693],[11.73789,59.0534],[11.73796,59.05246],[11.73724,59.05202],[11.73643,59.05196],[11.73598,59.05176],[11.73607,59.05118],[11.73503,59.05018],[11.73057,59.04724],[11.72816,59.04404],[11.72494,59.04267],[11.72327,59.04161],[11.72224,59.03945],[11.7213,59.03863],[11.71876,59.03806],[11.71048,59.0337],[11.70363,59.01142],[11.69807,59.0003],[11.69746,58.9998],[11.69514,58.99886],[11.69324,58.99861],[11.69264,58.99836],[11.6925,58.99798],[11.69269,58.99767],[11.69342,58.99741],[11.69374,58.9971],[11.69392,58.99674],[11.69454,58.99643],[11.69445,58.99623],[11.69389,58.99605],[11.69271,58.99611],[11.69233,58.99594],[11.69224,58.99562],[11.69312,58.9951],[11.69317,58.9946],[11.69284,58.99411],[11.69194,58.99359],[11.69188,58.99305],[11.69003,58.99218],[11.68941,58.99122],[11.68817,58.99133],[11.68628,58.99024],[11.68486,58.99033],[11.68393,58.99008],[11.68383,58.98975],[11.68447,58.98887],[11.6849,58.98803],[11.68427,58.98803],[11.684,58.98777],[11.68451,58.98731],[11.68544,58.98749],[11.68777,58.98665],[11.68888,58.98659],[11.68929,58.98613],[11.68978,58.98567],[11.69091,58.98584],[11.69189,58.98514],[11.69169,58.98453],[11.69147,58.98223],[11.69143,58.98138],[11.69233,58.98071],[11.69254,58.97897],[11.6931,58.97863],[11.69321,58.97836],[11.69349,58.97779],[11.69284,58.97727],[11.69211,58.97754],[11.69162,58.97717],[11.69071,58.97723],[11.69076,58.97685],[11.68919,58.97728],[11.68849,58.97702],[11.68806,58.97617],[11.68707,58.97649],[11.68638,58.9762],[11.68649,58.97542],[11.68465,58.97458],[11.6846,58.97363],[11.68553,58.97295],[11.68834,58.97282],[11.68916,58.97266],[11.68918,58.97238],[11.68887,58.97193],[11.68677,58.97059],[11.68658,58.96999],[11.68739,58.96784],[11.68722,58.96652],[11.68723,58.96512],[11.68769,58.96351],[11.68791,58.96133],[11.68902,58.95831],[11.6892,58.9574],[11.68883,58.95645],[11.68804,58.9556],[11.68293,58.95263],[11.68209,58.95208],[11.6813,58.95106],[11.68121,58.95025],[11.68139,58.9493],[11.68207,58.94765],[11.68181,58.94722],[11.68115,58.94677],[11.67984,58.94599],[11.67675,58.94512],[11.67617,58.94453],[11.67596,58.94343],[11.67566,58.94305],[11.67379,58.94223],[11.67334,58.94187],[11.67327,58.94102],[11.67342,58.94019],[11.67433,58.93899],[11.67452,58.93825],[11.67589,58.93667],[11.67606,58.93573],[11.6758,58.93501],[11.67531,58.93484],[11.67297,58.93481],[11.67192,58.9347],[11.67136,58.9348],[11.67023,58.93481],[11.66782,58.93468],[11.66636,58.93494],[11.66503,58.93491],[11.664,58.93465],[11.6627,58.93375],[11.66079,58.93292],[11.65851,58.93215],[11.65804,58.93168],[11.65812,58.93106],[11.66177,58.92753],[11.66128,58.92718],[11.66066,58.92718],[11.65956,58.92757],[11.65885,58.9276],[11.65759,58.92696],[11.65669,58.92628],[11.65652,58.9255],[11.65699,58.92413],[11.65708,58.92265],[11.65199,58.90624],[11.63687,58.90795],[11.63345,58.90835],[11.63246,58.90832],[11.631,58.90869],[11.6304,58.90872],[11.62997,58.90847],[11.62976,58.90764],[11.62801,58.9066],[11.62626,58.9055],[11.62253,58.90414],[11.61764,58.90211],[11.61379,58.90063],[11.60703,58.89797],[11.60388,58.89663],[11.59425,58.89225],[11.5906,58.89073],[11.58781,58.89216],[11.58475,58.89459],[11.58252,58.89421],[11.58206,58.89469],[11.5818,58.89501],[11.58148,58.89568],[11.58071,58.89571],[11.57974,58.89611],[11.57942,58.89692],[11.57785,58.89748],[11.57676,58.89688],[11.57614,58.89565],[11.5753,58.89163],[11.57367,58.88989],[11.57302,58.88842],[11.57249,58.88787],[11.57165,58.88804],[11.5706,58.88841],[11.5697,58.88914],[11.56809,58.88974],[11.56427,58.8924],[11.5638,58.89351],[11.5612,58.89604],[11.55993,58.89674],[11.55869,58.89736],[11.55757,58.89807],[11.55584,58.89848],[11.55586,58.89879],[11.55349,58.899],[11.55272,58.89845],[11.55292,58.89807],[11.55238,58.89781],[11.55178,58.89817],[11.55124,58.8982],[11.55084,58.89734],[11.55026,58.89695],[11.54912,58.89678],[11.54929,58.89612],[11.54878,58.89545],[11.54818,58.89563],[11.54755,58.89567],[11.54697,58.89549],[11.54659,58.89474],[11.54539,58.89409],[11.54532,58.89366],[11.5462,58.89289],[11.54498,58.89225],[11.54386,58.89016],[11.54294,58.88969],[11.54268,58.88932],[11.54262,58.88838],[11.54223,58.88818],[11.54165,58.88823],[11.54113,58.88833],[11.54058,58.88828],[11.53983,58.88751],[11.54004,58.88675],[11.53923,58.88637],[11.53723,58.88611],[11.53652,58.88558],[11.53539,58.88532],[11.53476,58.8854],[11.53455,58.88555],[11.5347,58.8859],[11.53459,58.88607],[11.53369,58.88608],[11.53388,58.88537],[11.53461,58.88464],[11.53815,58.88337],[11.53811,58.88294],[11.53846,58.88274],[11.53886,58.88175],[11.5388,58.88134],[11.53895,58.88033],[11.53839,58.87982],[11.53826,58.87947],[11.53852,58.87914],[11.53835,58.87876],[11.53745,58.87838],[11.5374,58.87795],[11.53749,58.87755],[11.53695,58.87744],[11.53632,58.87738],[11.53512,58.87853],[11.53439,58.87861],[11.53374,58.87895],[11.53279,58.87912],[11.53215,58.87861],[11.5313,58.87845],[11.53126,58.87796],[11.52957,58.87759],[11.5292,58.87715],[11.52759,58.87705],[11.52625,58.87687],[11.52495,58.87778],[11.52399,58.87823],[11.52232,58.87831],[11.51957,58.87911],[11.51787,58.87949],[11.51679,58.8799],[11.51644,58.88037],[11.51687,58.88077],[11.51713,58.88115],[11.51664,58.88152],[11.51606,58.88159],[11.51532,58.88135],[11.51382,58.88192],[11.51381,58.88286],[11.51314,58.88295],[11.49984,58.88938],[11.49798,58.88893],[11.49169,58.88913],[11.48929,58.89077],[11.48277,58.8915],[11.46072,58.88969],[11.45745,58.88847],[11.45566,58.88925],[11.45554,58.88958],[11.45695,58.89101],[11.45689,58.89287],[11.45709,58.89322],[11.45699,58.89346],[11.45697,58.89404],[11.45651,58.89509],[11.45626,58.91666],[11.46364,58.93329],[11.46211,58.94108],[11.46133,58.94448],[11.45968,58.95247],[11.46227,58.97305],[11.45711,58.98074],[11.45383,58.98548],[11.45641,58.98616],[11.45809,58.9879],[11.45889,58.98815],[11.46003,58.9882],[11.46068,58.98863],[11.46455,58.99118],[11.44262,59.01348],[11.4311,59.02794],[11.41417,59.03968],[11.39356,59.07061],[11.38933,59.08076],[11.37045,59.10065],[11.34988,59.10919],[11.33985,59.11498],[11.33144,59.11301],[11.31381,59.11518],[11.21656,59.11042],[11.18238,59.11603],[11.17018,59.13475],[11.17465,59.14094],[11.18312,59.14289],[11.20094,59.14224],[11.20672,59.1457],[11.20167,59.15253],[11.19361,59.15754],[11.19012,59.15522],[11.18312,59.16006],[11.17856,59.16498],[11.17644,59.17231],[11.17799,59.18073],[11.18051,59.18427],[11.181,59.18806],[11.17644,59.19685],[11.16668,59.19212],[11.13551,59.18317],[11.15016,59.1752],[11.15309,59.16254],[11.14731,59.14997],[11.13551,59.14224],[11.11883,59.14228],[11.10711,59.1507],[11.08774,59.17577],[11.09734,59.14851],[11.09913,59.13418],[11.09108,59.128],[11.03248,59.128],[11.03981,59.14374],[11.0267,59.15184],[11.00782,59.15913],[10.9983,59.17231],[10.98943,59.17569],[10.9485,59.18334],[10.93621,59.18317],[10.94483,59.16486],[10.94402,59.14932],[10.93409,59.14037],[10.91635,59.14224],[10.90789,59.14985],[10.90065,59.16401],[10.89772,59.18089],[10.90211,59.19685],[10.88282,59.18769],[10.87257,59.18447],[10.8615,59.18317],[10.85027,59.18037],[10.8484,59.17381],[10.84799,59.16657],[10.84116,59.16144],[10.82293,59.16397],[10.80201,59.18879],[10.77914,59.1894],[10.78419,59.20629],[10.76637,59.23176],[10.77296,59.2521],[10.76189,59.24494],[10.74936,59.22394],[10.73813,59.2167],[10.73316,59.24091],[10.74366,59.26801],[10.76157,59.29352],[10.77914,59.31293],[10.76344,59.31533],[10.7527,59.3227],[10.74415,59.33047],[10.73471,59.33405],[10.72446,59.32978],[10.70899,59.31098],[10.70069,59.30671],[10.67408,59.31574],[10.66537,59.33641],[10.65984,59.35936],[10.64275,59.37494],[10.6561,59.38972],[10.65968,59.40021],[10.65301,59.40819],[10.63527,59.41596],[10.59596,59.42373],[10.59164,59.43065],[10.60108,59.4501],[10.62745,59.47883],[10.64454,59.49315],[10.65642,59.49787],[10.66293,59.48871],[10.66114,59.47329],[10.64894,59.44383],[10.66245,59.43789],[10.67514,59.44086],[10.68507,59.45026],[10.69044,59.46312],[10.69028,59.48066],[10.68344,59.48933],[10.67351,59.49527],[10.6631,59.50471],[10.65113,59.52643],[10.64552,59.54946],[10.64682,59.57258],[10.65642,59.59467],[10.63901,59.61579],[10.62599,59.63727],[10.61769,59.66307],[10.61459,59.69717],[10.5975,59.68456],[10.57545,59.69961],[10.56023,59.72622],[10.56324,59.74836],[10.57716,59.76642],[10.60174,59.81391],[10.61459,59.83369],[10.65553,59.85668],[10.68035,59.82734],[10.69809,59.77717],[10.71778,59.7381],[10.7282,59.77635],[10.74733,59.81436],[10.75847,59.85016],[10.74513,59.88207],[10.75262,59.8889],[10.74,59.89517],[10.71111,59.9007],[10.68873,59.91177],[10.68084,59.90498],[10.67433,59.89444],[10.66627,59.8889],[10.62143,59.89631],[10.61557,59.8946],[10.60287,59.88532],[10.59425,59.88207],[10.55323,59.8841],[10.52947,59.88231],[10.50815,59.87153],[10.47543,59.85004],[10.47381,59.84138],[10.49871,59.83369],[10.48862,59.81631],[10.48666,59.80317],[10.48455,59.78864],[10.48569,59.75788],[10.49122,59.73127],[10.50221,59.70873],[10.51889,59.68903],[10.53981,59.67504],[10.56324,59.66983],[10.58269,59.66206],[10.59913,59.64399],[10.61053,59.62336],[10.61459,59.60773],[10.59311,59.57038],[10.54274,59.53555],[10.48373,59.51447],[10.4367,59.51838],[10.4236,59.53384],[10.42237,59.55402],[10.42921,59.59785],[10.42742,59.60737],[10.41554,59.64191],[10.41147,59.6623],[10.4087,59.67121],[10.40301,59.68285],[10.39763,59.68806],[10.37452,59.70429],[10.3711,59.70673],[10.36053,59.71101],[10.35377,59.71068],[10.35247,59.71064],[10.34734,59.71039],[10.33229,59.71149],[10.29664,59.732],[10.26686,59.73973],[10.23894,59.73876],[10.22438,59.72382],[10.23805,59.71898],[10.25709,59.70108],[10.26889,59.69717],[10.28443,59.6957],[10.29721,59.6918],[10.36004,59.67276],[10.37924,59.65835],[10.39088,59.63817],[10.39487,59.61115],[10.39422,59.58637],[10.39015,59.5583],[10.38103,59.53535],[10.36427,59.52582],[10.33277,59.53262],[10.26938,59.55903],[10.23732,59.55996],[10.24781,59.54316],[10.26791,59.52505],[10.29103,59.51056],[10.31031,59.50471],[10.33131,59.49506],[10.3694,59.45527],[10.45899,59.44086],[10.47755,59.42963],[10.48032,59.4121],[10.47218,59.39387],[10.44679,59.36473],[10.44451,59.34894],[10.46168,59.33576],[10.49871,59.31977],[10.51417,59.30292],[10.50473,59.2934],[10.48707,59.28413],[10.47755,59.26821],[10.46957,59.24779],[10.45118,59.24897],[10.41619,59.26508],[10.37159,59.27375],[10.36085,59.27131],[10.35914,59.26508],[10.3611,59.24518],[10.36085,59.23786],[10.36476,59.22598],[10.36199,59.21955],[10.33473,59.21479],[10.33025,59.20966],[10.32838,59.20222],[10.31715,59.17959],[10.31316,59.15937],[10.31178,59.13972],[10.31373,59.128],[10.28981,59.13459],[10.28696,59.11489],[10.29591,59.0847],[10.3069,59.05972],[10.29265,59.07014],[10.28663,59.0843],[10.28199,59.09968],[10.27215,59.11433],[10.26808,59.09467],[10.26954,59.0478],[10.26246,59.03856],[10.2601,59.04999],[10.23113,59.11433],[10.22438,59.11433],[10.22267,59.1009],[10.21274,59.07811],[10.21127,59.06656],[10.21656,59.05891],[10.22592,59.05024],[10.23219,59.04035],[10.22779,59.02896],[10.20704,59.01642],[10.17498,59.00532],[10.1408,58.99994],[10.11451,59.00507],[10.12566,59.01455],[10.16188,59.02753],[10.16969,59.03547],[10.16342,59.05231],[10.14877,59.05158],[10.11793,59.03856],[10.10377,59.03539],[10.07651,59.02131],[10.05942,59.01813],[10.05372,59.02285],[10.03346,59.03107],[10.01678,59.03368],[10.03338,58.99348],[10.01482,58.97313],[9.98365,58.96088],[9.95737,58.95669],[9.8462,58.95563],[9.81218,58.96345],[9.83888,58.97187],[9.84522,58.98933],[9.83676,59.00935],[9.81959,59.02558],[9.78175,59.05117],[9.76596,59.05239],[9.75815,59.03238],[9.74887,59.03791],[9.72397,59.05972],[9.71892,59.06151],[9.71209,59.06232],[9.70607,59.06428],[9.70346,59.06997],[9.70411,59.0843],[9.70346,59.08698],[9.68849,59.09077],[9.68539,59.08006],[9.68629,59.06265],[9.68312,59.04605],[9.66863,59.05146],[9.66098,59.0563],[9.64894,59.07331],[9.64527,59.08369],[9.64487,59.0939],[9.64137,59.10244],[9.62843,59.1081],[9.64047,59.11758],[9.63982,59.12727],[9.63063,59.13141],[9.60092,59.11567],[9.53907,59.12055],[9.55909,59.10236],[9.62135,59.07526],[9.63461,59.04946],[9.65414,59.0373],[9.69435,59.02949],[9.72682,59.0152],[9.72397,58.98395],[9.71778,58.98395],[9.71485,58.98859],[9.70867,58.99339],[9.70346,58.99824],[9.69565,58.98737],[9.68474,58.98347],[9.65577,58.98395],[9.65577,58.97712],[9.66749,58.97614],[9.6775,58.9726],[9.68507,58.96625],[9.68979,58.95669],[9.66334,58.95881],[9.59425,58.94302],[9.59425,58.93618],[9.59832,58.93456],[9.60792,58.9287],[9.57594,58.92145],[9.47006,58.9287],[9.50864,58.91083],[9.52394,58.90005],[9.51149,58.89521],[9.47153,58.90082],[9.4559,58.89769],[9.45037,58.88154],[9.42807,58.89313],[9.39943,58.89851],[9.37379,58.89541],[9.3602,58.88154],[9.38152,58.88768],[9.39422,58.88988],[9.40203,58.88837],[9.40366,58.88093],[9.39894,58.87421],[9.39129,58.86921],[9.38453,58.86726],[9.33953,58.86262],[9.31853,58.86603],[9.29884,58.88154],[9.2942,58.86835],[9.27084,58.83316],[9.28272,58.83308],[9.30299,58.82722],[9.31251,58.82632],[9.32309,58.8286],[9.35418,58.83999],[9.37965,58.84418],[9.40317,58.84406],[9.42612,58.84016],[9.45037,58.83316],[9.43621,58.8203],[9.38795,58.80337],[9.36703,58.79218],[9.38844,58.79438],[9.4087,58.79963],[9.4087,58.79218],[9.39235,58.78734],[9.37094,58.77802],[9.35141,58.76553],[9.34051,58.75117],[9.30649,58.73871],[9.24928,58.73359],[9.08009,58.74437],[9.07097,58.7412],[9.06235,58.73412],[9.05844,58.72704],[9.063,58.72382],[9.14357,58.70978],[9.16912,58.71646],[9.11427,58.73111],[9.10084,58.73754],[9.21469,58.72163],[9.21632,58.70279],[9.1867,58.6916],[9.09506,58.69025],[9.05934,58.68293],[9.08912,58.68325],[9.15602,58.68854],[9.18287,58.68635],[9.20053,58.67235],[9.1902,58.66486],[9.15221,58.64327],[9.08918,58.61442],[9.03384,58.59475],[8.99098,58.60033],[8.98561,58.59723],[8.98178,58.59251],[8.97771,58.58845],[8.9712,58.58674],[8.96388,58.58869],[8.95509,58.5974],[8.94947,58.60033],[8.9253,58.607],[8.91334,58.60688],[8.91871,58.59663],[8.9406,58.58666],[8.9489,58.57966],[8.9463,58.56932],[8.95009,58.54718],[8.94388,58.52598],[8.92808,58.51349],[8.90942,58.50089],[8.84729,58.46739],[8.82352,58.45282],[8.79426,58.44038],[8.77745,58.43409],[8.7541,58.42759],[8.74018,58.41564],[8.7328,58.4039],[8.71452,58.3918],[8.7073,58.37891],[8.68279,58.3708],[8.66871,58.36791],[8.65284,58.3664],[8.64161,58.36392],[8.63404,58.35692],[8.62745,58.34764],[8.6194,58.33869],[8.60727,58.33283],[8.59498,58.33145],[8.58839,58.33417],[8.58774,58.34154],[8.57936,58.34748],[8.54526,58.31297],[8.51344,58.29336],[8.50636,58.28311],[8.51808,58.27139],[8.50123,58.25723],[8.47926,58.25926],[8.45582,58.26407],[8.43539,58.25776],[8.42351,58.27021],[8.40935,58.27204],[8.40056,58.26582],[8.4048,58.25434],[8.40626,58.24421],[8.38893,58.24189],[8.35353,58.2447],[8.34498,58.2414],[8.31723,58.22582],[8.30885,58.21988],[8.29526,58.21271],[8.25929,58.20751],[8.24366,58.20311],[8.25131,58.20246],[8.2649,58.19892],[8.27174,58.19627],[8.25758,58.17866],[8.24887,58.17133],[8.22722,58.16315],[8.22462,58.15693],[8.2225,58.15168],[8.22242,58.14012],[8.22316,58.13483],[8.20191,58.12299],[8.18629,58.13288],[8.1727,58.14614],[8.15797,58.14448],[8.13673,58.11498],[8.12289,58.10204],[8.10987,58.10346],[8.09848,58.10838],[8.06577,58.11034],[8.0525,58.11319],[8.04705,58.11689],[8.03549,58.13011],[8.02459,58.14106],[8.05348,58.14818],[8.06756,58.15363],[8.07985,58.1621],[8.06007,58.17739],[8.04575,58.20401],[8.02955,58.22484],[8.00408,58.22305],[8.02215,58.20283],[8.0276,58.18317],[8.02231,58.16376],[8.0075,58.14448],[7.95362,58.1247],[7.93409,58.10944],[7.95631,58.09325],[7.91578,58.08185],[7.75522,58.07001],[7.71518,58.06061],[7.69597,58.05854],[7.66391,58.06729],[7.65358,58.06464],[7.6609,58.04548],[7.64275,58.04584],[7.63461,58.0478],[7.62672,58.05231],[7.62924,58.03124],[7.61476,58.02212],[7.59409,58.02635],[7.57887,58.04548],[7.57488,58.03205],[7.57521,58.02607],[7.57887,58.01752],[7.39064,58.01752],[7.26759,58.03596],[7.25343,58.04365],[7.24985,58.05854],[7.19044,58.04198],[7.17498,58.03119],[7.16635,58.04609],[7.15553,58.05028],[7.08277,58.03685],[7.07879,58.03266],[7.07895,58.02806],[7.07862,58.02497],[7.07691,58.01968],[7.07749,58.01264],[7.07602,58.00654],[7.06837,58.00389],[7.06031,58.00324],[7.02312,57.99482],[7.0066,57.99315],[6.99724,57.99714],[7.00359,58.01138],[6.99936,58.03071],[7.02247,58.04336],[7.05388,58.05264],[7.07521,58.06224],[7.08774,58.07062],[7.09742,58.06843],[7.10621,58.06208],[7.11622,58.05854],[7.12452,58.06338],[7.14031,58.08625],[7.14747,58.09325],[7.14747,58.10008],[7.12761,58.09756],[7.06471,58.07811],[7.05144,58.06904],[7.03492,58.06232],[6.95875,58.04511],[6.93531,58.04548],[6.95249,58.05809],[6.9795,58.08893],[6.9961,58.10008],[6.98032,58.10537],[6.92368,58.06525],[6.90056,58.05231],[6.9074,58.06415],[6.91212,58.07502],[6.91285,58.08641],[6.90797,58.10008],[6.89584,58.09589],[6.87908,58.08373],[6.86638,58.07958],[6.85133,58.08006],[6.83221,58.0843],[6.81446,58.09125],[6.80421,58.10008],[6.84816,58.11518],[6.87078,58.11921],[6.94996,58.12092],[6.97478,58.12678],[6.98927,58.14106],[6.95899,58.14008],[6.90414,58.13105],[6.87379,58.13483],[6.84897,58.14753],[6.80152,58.17935],[6.7776,58.18203],[6.81284,58.12824],[6.80795,58.12055],[6.75734,58.11636],[6.73146,58.11986],[6.71559,58.13483],[6.72731,58.14521],[6.72731,58.15754],[6.72332,58.17227],[6.72242,58.18944],[6.69947,58.13646],[6.68824,58.12055],[6.70338,58.12043],[6.71062,58.11547],[6.71534,58.1079],[6.72242,58.10008],[6.73316,58.09414],[6.75359,58.08658],[6.77426,58.07396],[6.78321,58.06981],[6.78256,58.06533],[6.76393,58.05854],[6.75408,58.05809],[6.73365,58.06428],[6.72267,58.06598],[6.6185,58.06831],[6.59588,58.07587],[6.542,58.10765],[6.53053,58.12055],[6.5503,58.12287],[6.56813,58.13178],[6.5809,58.14631],[6.58578,58.16527],[6.59702,58.1765],[6.65301,58.17792],[6.67457,58.18203],[6.66033,58.18814],[6.65406,58.18944],[6.67514,58.20698],[6.72527,58.22163],[6.76588,58.24628],[6.84596,58.27139],[6.82846,58.27473],[6.80299,58.27045],[6.75685,58.25434],[6.6985,58.22456],[6.68141,58.22305],[6.66871,58.23151],[6.63933,58.26411],[6.63364,58.27485],[6.64015,58.29377],[6.65626,58.3028],[6.67644,58.30219],[6.69508,58.2919],[6.70875,58.31297],[6.68727,58.32734],[6.66407,58.32372],[6.64088,58.31635],[6.61996,58.31916],[6.6198,58.26463],[6.62623,58.2447],[6.56235,58.24311],[6.49928,58.26288],[6.40063,58.27223],[6.34751,58.28585],[6.29176,58.30866],[6.28077,58.31297],[6.26596,58.31428],[6.24822,58.31782],[6.23121,58.32315],[6.21901,58.32978],[6.20338,58.33552],[6.14031,58.33967],[6.08497,58.36017],[6.0617,58.3747],[6.05063,58.37946],[6.02117,58.38215],[6.0101,58.38491],[6.00148,58.39012],[5.9839,58.4064],[5.97804,58.4145],[5.9734,58.42402],[5.96892,58.43651],[5.96697,58.44839],[5.96705,58.45869],[5.96437,58.46817],[5.9546,58.47748],[5.92848,58.48359],[5.83732,58.48132],[5.79665,58.48925],[5.77839,58.5209],[5.74195,58.527],[5.70417,58.52077],[5.64625,58.54865],[5.65236,58.56273],[5.6146,58.59323],[5.57154,58.62832],[5.54794,58.66696],[5.52638,58.69429],[5.51816,58.71422],[5.50692,58.7299],[5.47795,58.75475],[5.49521,58.76596],[5.52672,58.78411],[5.53536,58.7989],[5.53967,58.81548],[5.53966,58.83385],[5.53688,58.85358],[5.53053,58.86872],[5.53924,58.87499],[5.55372,58.87763],[5.56414,58.88154],[5.57252,58.89403],[5.57065,58.90005],[5.56219,58.90526],[5.55055,58.91572],[5.54933,58.92084],[5.54322,58.93476],[5.53566,58.94599],[5.53712,58.95612],[5.5464,58.95474],[5.55698,58.94733],[5.56788,58.94302],[5.59767,58.9156],[5.61736,58.90729],[5.62623,58.9256],[5.61638,58.93561],[5.5936,58.94994],[5.55055,58.97089],[5.56039,58.97797],[5.57065,58.98208],[5.58106,58.98224],[5.59156,58.97712],[5.57887,58.98908],[5.54103,58.98457],[5.5232,58.9914],[5.53566,58.9986],[5.54249,59.00959],[5.55055,59.03856],[5.71559,58.97712],[5.70631,58.95222],[5.70102,58.91913],[5.70297,58.8876],[5.71559,58.86726],[5.73552,58.9287],[5.75408,58.93391],[5.80079,58.93183],[5.81813,58.93618],[5.81951,58.94221],[5.81739,58.95978],[5.82179,58.96345],[5.85353,58.96503],[5.8659,58.96345],[5.8825,58.9593],[5.91961,58.94505],[5.93409,58.93618],[5.95737,58.91352],[5.96998,58.90363],[6.09254,58.84723],[6.1351,58.83959],[6.22885,58.83999],[6.20623,58.84903],[6.11899,58.85358],[6.10255,58.85977],[6.08204,58.8708],[6.06479,58.8854],[6.05763,58.90205],[6.06373,58.91364],[6.07789,58.92829],[6.10532,58.95038],[6.12648,58.9621],[6.19484,58.98395],[6.62623,59.0528],[6.62623,59.05972],[6.35206,59.03303],[6.29868,59.01512],[6.16041,58.99824],[6.1268,58.98371],[6.03386,58.90518],[5.98268,58.95173],[5.97511,58.96345],[5.98406,58.98408],[6.00636,58.99103],[6.03191,58.99291],[6.05079,58.99824],[6.03745,59.00283],[6.02003,59.01996],[6.00913,59.02558],[5.99244,59.02513],[5.95395,59.01642],[5.93409,59.01813],[5.91391,59.02806],[5.89186,59.04536],[5.8755,59.06623],[5.87273,59.08698],[5.89064,59.10391],[5.92302,59.11347],[6.02182,59.12613],[6.05079,59.13475],[6.10841,59.14252],[6.12648,59.14842],[6.08937,59.1529],[6.03932,59.14745],[6.0088,59.14936],[6.03045,59.17577],[6.0643,59.20722],[6.07879,59.2167],[6.12517,59.23383],[6.1714,59.26142],[6.25213,59.27725],[6.3239,59.31501],[6.36931,59.32136],[6.46168,59.31977],[6.46168,59.32657],[6.33912,59.32657],[6.31381,59.32294],[6.2024,59.27705],[6.15414,59.26777],[6.11231,59.27456],[6.08497,59.30671],[6.23634,59.31293],[6.23634,59.31977],[6.22657,59.33015],[6.21209,59.33979],[6.19923,59.35155],[6.20069,59.34414],[6.1976,59.3347],[6.18865,59.32657],[6.17213,59.32123],[6.16456,59.32746],[6.15846,59.33662],[6.14698,59.34024],[6.14381,59.33771],[6.12989,59.32315],[6.12281,59.31977],[6.11215,59.31843],[6.10125,59.31867],[6.09246,59.31977],[6.07838,59.32453],[6.06918,59.33177],[6.063,59.34154],[6.05763,59.35391],[6.05405,59.33462],[6.03745,59.32746],[6.01539,59.32856],[5.99545,59.33405],[5.99545,59.34024],[6.00758,59.34614],[6.01547,59.35505],[6.02223,59.3653],[6.03045,59.37494],[6.04152,59.38369],[6.0534,59.39082],[6.07879,59.40229],[6.12924,59.4173],[6.15382,59.42739],[6.17433,59.44383],[6.1775,59.44001],[6.18531,59.4333],[6.18865,59.42963],[6.19304,59.43822],[6.19809,59.44562],[6.21176,59.46003],[6.21616,59.46809],[6.21795,59.48851],[6.22267,59.49787],[6.24269,59.51056],[6.4275,59.55097],[6.5442,59.55996],[6.50522,59.57127],[6.33611,59.55362],[6.27215,59.52814],[6.23634,59.52582],[6.24928,59.54084],[6.26499,59.55581],[6.27858,59.57201],[6.28419,59.59101],[6.285,59.6103],[6.28875,59.62914],[6.29705,59.64496],[6.31153,59.6555],[6.28647,59.64924],[6.26686,59.62564],[6.25408,59.59553],[6.24936,59.56989],[6.24586,59.56196],[6.23731,59.54979],[6.21901,59.52896],[6.19825,59.51105],[6.16285,59.46849],[6.15301,59.45942],[6.14031,59.4501],[6.09913,59.43268],[6.07814,59.41934],[6.04152,59.40498],[6.02703,59.40229],[6.00953,59.40762],[5.9983,59.42841],[5.98259,59.42963],[5.98862,59.41596],[5.98325,59.41413],[5.97438,59.40982],[5.96892,59.40852],[5.96892,59.40229],[5.97836,59.40013],[5.98609,59.3959],[5.99195,59.38947],[5.99545,59.38117],[5.94858,59.36026],[5.92416,59.35578],[5.91375,59.37157],[5.91,59.38202],[5.9017,59.38911],[5.89275,59.39517],[5.88624,59.40229],[5.8825,59.41523],[5.88282,59.42512],[5.88502,59.43472],[5.88624,59.44697],[5.92408,59.44611],[6.15317,59.47744],[6.13356,59.49006],[6.10434,59.49291],[6.07374,59.48896],[6.02467,59.47431],[5.90187,59.47907],[5.88746,59.48224],[5.87273,59.48798],[5.86354,59.49429],[5.84938,59.50873],[5.8423,59.51154],[5.83448,59.51561],[5.82301,59.53425],[5.81813,59.5395],[5.80738,59.53937],[5.78891,59.52863],[5.77711,59.52582],[5.80348,59.49478],[5.80787,59.48029],[5.79754,59.46312],[5.77638,59.45091],[5.74838,59.44579],[5.72283,59.45116],[5.70826,59.47061],[5.71371,59.44668],[5.69646,59.42943],[5.64617,59.40852],[5.6644,59.40648],[5.73552,59.42963],[5.76303,59.43236],[5.78419,59.42927],[5.8025,59.42011],[5.85255,59.385],[5.85816,59.37458],[5.85963,59.35077],[5.84636,59.34691],[5.78354,59.34321],[5.76344,59.34772],[5.7527,59.33625],[5.73846,59.33478],[5.70484,59.34024],[5.69793,59.33804],[5.6976,59.33267],[5.69858,59.32587],[5.69516,59.31977],[5.68238,59.31293],[5.67774,59.3098],[5.66652,59.30467],[5.6242,59.29218],[5.61199,59.29304],[5.60963,59.30557],[5.61866,59.31688],[5.63299,59.32477],[5.64617,59.32657],[5.64617,59.33405],[5.62338,59.35456],[5.60727,59.39029],[5.5866,59.41649],[5.56072,59.40933],[5.57008,59.40742],[5.57814,59.40278],[5.5853,59.39545],[5.57781,59.37592],[5.57634,59.33299],[5.56788,59.31635],[5.54933,59.29971],[5.52931,59.28579],[5.50538,59.27774],[5.47543,59.27875],[5.45606,59.28852],[5.4358,59.30768],[5.42384,59.33047],[5.43043,59.35077],[5.4406,59.36982],[5.44174,59.39224],[5.43312,59.4051],[5.41334,59.39545],[5.40431,59.37897],[5.40284,59.35904],[5.40651,59.31635],[5.40463,59.30427],[5.39942,59.2967],[5.39088,59.29462],[5.37924,59.29926],[5.37273,59.3072],[5.36948,59.31835],[5.36557,59.34024],[5.35385,59.35529],[5.34995,59.36644],[5.35825,59.38719],[5.35759,59.39989],[5.35377,59.41108],[5.3484,59.41596],[5.33627,59.41511],[5.33269,59.41153],[5.33041,59.3581],[5.33139,59.35391],[5.29721,59.34467],[5.23121,59.42426],[5.20167,59.42963],[5.19606,59.44428],[5.19191,59.46304],[5.188,59.49787],[5.18588,59.50288],[5.18279,59.50674],[5.1823,59.51122],[5.188,59.51838],[5.19972,59.5246],[5.21339,59.52668],[5.24269,59.52582],[5.24269,59.53205],[5.20167,59.5395],[5.20167,59.54629],[5.2225,59.5517],[5.2378,59.55964],[5.29038,59.6009],[5.30405,59.62824],[5.3213,59.63825],[5.34425,59.64765],[5.36752,59.65266],[5.386,59.64936],[5.39356,59.63801],[5.40162,59.60554],[5.41334,59.59467],[5.41578,59.61127],[5.42807,59.62499],[5.42701,59.63569],[5.41782,59.64936],[5.40162,59.66079],[5.39967,59.66983],[5.41163,59.68919],[5.43719,59.7082],[5.48911,59.7381],[5.48414,59.72773],[5.4817,59.72382],[5.49301,59.71833],[5.49871,59.71442],[5.50213,59.71015],[5.50554,59.69269],[5.50457,59.67182],[5.49806,59.65058],[5.48536,59.63199],[5.48048,59.62132],[5.48276,59.61005],[5.48731,59.59858],[5.48911,59.58731],[5.4878,59.57502],[5.48552,59.56977],[5.46168,59.55996],[5.45786,59.55671],[5.45314,59.54804],[5.45086,59.54629],[5.43279,59.54719],[5.42368,59.54637],[5.41676,59.54291],[5.41179,59.53465],[5.40773,59.5218],[5.40789,59.51622],[5.40805,59.50991],[5.41676,59.50471],[5.42254,59.5065],[5.43434,59.5152],[5.44125,59.51838],[5.50563,59.53335],[5.51637,59.5395],[5.52687,59.55386],[5.52874,59.55793],[5.53736,59.57685],[5.54005,59.59829],[5.52662,59.60773],[5.52361,59.61791],[5.53403,59.64057],[5.5503,59.66401],[5.56414,59.67666],[5.58058,59.67902],[5.60857,59.67202],[5.62623,59.66983],[5.69459,59.66983],[5.72193,59.66348],[5.73097,59.64765],[5.72706,59.62739],[5.71559,59.60773],[5.74301,59.60786],[5.75441,59.60985],[5.76344,59.61457],[5.76531,59.62043],[5.76417,59.63849],[5.76686,59.64558],[5.78907,59.65644],[5.82016,59.65884],[5.87941,59.6555],[5.87941,59.67666],[5.78859,59.66014],[5.76344,59.66234],[5.7461,59.67552],[5.75563,59.6883],[5.79754,59.71015],[5.80348,59.71674],[5.80746,59.72362],[5.81422,59.72907],[5.87477,59.7353],[5.88624,59.7381],[5.89308,59.74567],[5.89308,59.75446],[5.89405,59.76179],[5.90309,59.7648],[5.91261,59.76219],[5.92075,59.75617],[5.92758,59.7495],[5.93409,59.74494],[5.98585,59.73575],[6.0381,59.74518],[6.16228,59.79686],[6.17091,59.80268],[6.17742,59.80561],[6.19174,59.80598],[6.19825,59.80947],[6.21095,59.82445],[6.21518,59.82746],[6.29176,59.84032],[6.31153,59.85419],[6.24431,59.84357],[6.12192,59.80476],[6.03712,59.7648],[6.02052,59.76016],[6.00229,59.75861],[5.96388,59.75995],[5.94532,59.76594],[5.93409,59.77904],[5.93442,59.79462],[5.9441,59.80134],[5.95582,59.80634],[5.96144,59.8166],[5.95753,59.84125],[5.95916,59.85053],[5.96892,59.86103],[5.94679,59.85554],[5.93426,59.8415],[5.92856,59.82258],[5.92726,59.80268],[5.9144,59.79145],[5.88502,59.78132],[5.85288,59.77424],[5.83172,59.7722],[5.80909,59.77822],[5.79038,59.78925],[5.75961,59.8166],[5.73552,59.8288],[5.7151,59.83173],[5.70753,59.83812],[5.72185,59.86103],[5.70444,59.85114],[5.68141,59.8415],[5.65984,59.83999],[5.64617,59.85419],[5.67042,59.8559],[5.69654,59.86225],[5.74293,59.88207],[5.74024,59.9099],[5.77223,59.93073],[5.81886,59.94449],[5.85963,59.95099],[5.9651,59.95661],[5.97153,59.95954],[5.97722,59.96654],[5.98113,59.97476],[5.98259,59.98111],[5.97804,59.98481],[5.94777,59.9975],[6.01002,60.05744],[6.09799,60.09186],[6.29103,60.12165],[6.29103,60.1291],[6.26645,60.12763],[6.26173,60.13776],[6.26295,60.15192],[6.25685,60.16266],[6.24741,60.16132],[6.23341,60.15473],[6.22071,60.14614],[6.21518,60.13874],[6.20053,60.12543],[6.16684,60.11506],[6.12989,60.10871],[6.10532,60.10737],[6.10776,60.1341],[6.08432,60.16861],[6.07496,60.19839],[6.14234,60.21548],[6.15577,60.22671],[6.16652,60.24213],[6.18116,60.25886],[6.20916,60.2768],[6.21339,60.28628],[6.20167,60.29979],[6.25847,60.30809],[6.27735,60.31346],[6.28785,60.32022],[6.30942,60.33784],[6.32163,60.34138],[6.33334,60.3426],[6.33578,60.34569],[6.33546,60.35008],[6.33871,60.35505],[6.33814,60.35541],[6.34099,60.35895],[6.34596,60.36376],[6.35182,60.36811],[6.38356,60.37702],[6.41765,60.38239],[6.44166,60.38886],[6.47869,60.42011],[6.5027,60.43081],[6.53793,60.43415],[6.57423,60.43195],[6.64039,60.41649],[6.59197,60.36367],[6.57179,60.33076],[6.57838,60.30663],[6.56764,60.29389],[6.53696,60.27228],[6.53053,60.26227],[6.52174,60.18586],[6.51271,60.1529],[6.5101,60.13532],[6.5101,60.11009],[6.51694,60.08076],[6.52377,60.08076],[6.52418,60.1352],[6.52914,60.16389],[6.54819,60.18277],[6.57838,60.22468],[6.5818,60.23823],[6.58106,60.24848],[6.57154,60.27253],[6.59636,60.29487],[6.63038,60.35749],[6.65406,60.38239],[6.6714,60.39053],[6.70143,60.3994],[6.71559,60.40965],[6.7483,60.44636],[6.76393,60.45746],[6.78338,60.46686],[6.80258,60.47281],[6.94215,60.49226],[7.03248,60.47785],[7.07879,60.4794],[7.10597,60.50585],[6.90056,60.50585],[6.90056,60.51211],[6.90821,60.5126],[6.91749,60.51459],[6.92514,60.51789],[6.92848,60.52237],[6.93246,60.53319],[6.94215,60.53661],[6.95338,60.53718],[6.96266,60.53937],[7.01726,60.58784],[6.98805,60.58955],[6.95021,60.5749],[6.91342,60.55297],[6.88746,60.53319],[6.85597,60.50324],[6.83969,60.49608],[6.77231,60.48534],[6.73609,60.47114],[6.67457,60.43696],[6.6561,60.43301],[6.63006,60.43106],[6.60564,60.43374],[6.59205,60.44379],[6.60231,60.46524],[6.67359,60.50056],[6.69508,60.51895],[6.64772,60.51301],[6.56186,60.46296],[6.51352,60.45063],[6.48292,60.4475],[6.4275,60.43391],[6.39723,60.43081],[6.37086,60.42463],[6.31967,60.39647],[6.29721,60.38858],[6.27076,60.38963],[6.24635,60.3981],[6.22527,60.4123],[6.20834,60.43081],[6.19532,60.4643],[6.18865,60.47114],[6.1775,60.47102],[6.17563,60.46162],[6.17921,60.44929],[6.18483,60.44038],[6.19215,60.43256],[6.21176,60.40595],[6.23227,60.39517],[6.24098,60.38788],[6.23943,60.37897],[6.22543,60.37397],[6.19215,60.38345],[6.16529,60.3736],[6.13307,60.37328],[6.11899,60.36811],[6.13429,60.36188],[6.18865,60.35505],[6.1797,60.33991],[6.15105,60.32103],[6.14031,60.30663],[6.14845,60.29613],[6.15358,60.29096],[6.16066,60.2862],[6.1517,60.26765],[6.1399,60.25434],[6.12477,60.24673],[6.10532,60.24518],[6.08383,60.25068],[6.03712,60.2696],[6.01661,60.27253],[5.99643,60.26496],[5.98561,60.25056],[5.97836,60.2333],[5.96892,60.21723],[5.93409,60.19062],[5.91472,60.16885],[5.90675,60.16266],[5.88999,60.15982],[5.87387,60.16324],[5.86052,60.16307],[5.85157,60.1496],[5.85279,60.13711],[5.87273,60.08755],[5.87338,60.05093],[5.85597,60.02375],[5.82456,60.0078],[5.78386,60.00495],[5.78663,60.01191],[5.7907,60.01927],[5.77166,60.02351],[5.75603,59.99067],[5.73927,59.99445],[5.70606,60.00886],[5.70143,60.01553],[5.69947,60.02363],[5.69484,60.03067],[5.68832,60.0362],[5.68141,60.03974],[5.68865,60.06086],[5.69947,60.06664],[5.73552,60.06025],[5.75652,60.06037],[5.77573,60.0655],[5.79054,60.07661],[5.79754,60.09439],[5.7566,60.09439],[5.75066,60.09223],[5.74724,60.08755],[5.74244,60.08283],[5.73243,60.08076],[5.7212,60.08389],[5.71461,60.09097],[5.70997,60.09805],[5.70021,60.10391],[5.70826,60.10977],[5.7256,60.11823],[5.72918,60.13239],[5.70558,60.16031],[5.70826,60.17634],[5.72478,60.18659],[5.7907,60.20425],[5.7907,60.21109],[5.75807,60.21003],[5.71876,60.20246],[5.68116,60.19062],[5.65358,60.17634],[5.65162,60.17145],[5.65073,60.15619],[5.64617,60.1496],[5.63746,60.14765],[5.61703,60.14997],[5.59303,60.13858],[5.57277,60.1413],[5.55405,60.15054],[5.54371,60.16266],[5.56007,60.16694],[5.57407,60.17674],[5.57814,60.18797],[5.56414,60.19676],[5.56414,60.20425],[5.60027,60.206],[5.67018,60.227],[5.70826,60.23216],[5.70826,60.23835],[5.62452,60.23696],[5.5984,60.23216],[5.62729,60.25263],[5.63819,60.26411],[5.63307,60.27253],[5.61476,60.27216],[5.60076,60.26089],[5.58758,60.24689],[5.57154,60.23835],[5.57496,60.25593],[5.58692,60.26463],[5.59978,60.26948],[5.60572,60.27558],[5.61118,60.28441],[5.63746,60.31367],[5.64617,60.32095],[5.64747,60.32648],[5.65301,60.3369],[5.66033,60.34789],[5.66725,60.35505],[5.68377,60.36221],[5.71901,60.37043],[5.73243,60.37897],[5.73658,60.39203],[5.71811,60.38935],[5.69581,60.3806],[5.68824,60.37556],[5.67319,60.37299],[5.66049,60.36644],[5.64959,60.35749],[5.6399,60.3476],[5.63852,60.35334],[5.63429,60.36245],[5.63307,60.36811],[5.61703,60.35431],[5.59889,60.33344],[5.58416,60.31029],[5.57789,60.28954],[5.56821,60.28189],[5.53004,60.22972],[5.52662,60.21723],[5.51645,60.21328],[5.47486,60.1872],[5.43849,60.17211],[5.42701,60.16266],[5.42189,60.15205],[5.41725,60.13874],[5.40984,60.13133],[5.38673,60.14472],[5.35182,60.15583],[5.3659,60.16144],[5.37241,60.16266],[5.37241,60.17011],[5.32016,60.18195],[5.30405,60.19062],[5.313,60.19961],[5.32488,60.20527],[5.35182,60.21109],[5.35182,60.21723],[5.32081,60.22175],[5.25082,60.20746],[5.22283,60.21109],[5.29713,60.24921],[5.31031,60.26569],[5.27654,60.26496],[5.17066,60.27871],[5.16236,60.28364],[5.16163,60.29499],[5.16554,60.30793],[5.17066,60.31721],[5.18133,60.32209],[5.19752,60.32282],[5.22828,60.32095],[5.21176,60.33299],[5.19874,60.33837],[5.15838,60.3417],[5.14723,60.34374],[5.14096,60.35139],[5.14649,60.36811],[5.17774,60.38858],[5.26564,60.38703],[5.29786,60.39598],[5.28321,60.40103],[5.25017,60.43081],[5.2588,60.44672],[5.26319,60.45063],[5.23707,60.47378],[5.23829,60.4892],[5.28028,60.52237],[5.30584,60.52827],[5.33627,60.51431],[5.36524,60.4951],[5.386,60.48542],[5.39731,60.48151],[5.44874,60.44627],[5.47625,60.43505],[5.52784,60.4206],[5.57325,60.41494],[5.61769,60.41718],[5.65358,60.43081],[5.64967,60.44782],[5.66652,60.45637],[5.6906,60.46223],[5.70826,60.47114],[5.71404,60.48428],[5.71412,60.49901],[5.70826,60.53319],[5.70721,60.56281],[5.71062,60.6031],[5.72153,60.63939],[5.74293,60.65668],[5.72316,60.66763],[5.72584,60.68602],[5.73862,60.70515],[5.74977,60.71817],[5.7282,60.70645],[5.70851,60.70258],[5.66383,60.70392],[5.66179,60.71109],[5.6714,60.72712],[5.68523,60.7436],[5.69516,60.75235],[5.67563,60.75776],[5.66131,60.74482],[5.64763,60.72712],[5.62965,60.71817],[5.61988,60.7154],[5.60092,60.70222],[5.59156,60.6977],[5.57781,60.69587],[5.53346,60.6977],[5.5232,60.68692],[5.5359,60.63955],[5.52662,60.62873],[5.50457,60.6271],[5.44313,60.61469],[5.37241,60.58039],[5.30006,60.56078],[5.27475,60.55923],[5.2505,60.56342],[5.22283,60.57416],[5.18898,60.59394],[5.16017,60.61514],[5.09767,60.64912],[5.08497,60.66291],[5.12322,60.66022],[5.15691,60.64899],[5.22283,60.61514],[5.22828,60.62132],[5.16179,60.66999],[5.08497,60.71137],[5.10141,60.71149],[5.14649,60.70392],[5.12582,60.72443],[5.09498,60.72923],[5.06137,60.7309],[5.03297,60.74168],[4.98512,60.77985],[4.95777,60.79393],[4.92677,60.80012],[4.95167,60.80874],[4.98146,60.80878],[5.01043,60.80183],[5.05641,60.779],[5.10914,60.77375],[5.14894,60.75064],[5.17677,60.74164],[5.28012,60.72183],[5.30421,60.71198],[5.30405,60.6977],[5.31031,60.67601],[5.32618,60.65546],[5.34799,60.64045],[5.37241,60.63565],[5.36346,60.63963],[5.35694,60.64545],[5.35304,60.65306],[5.35182,60.66291],[5.3733,60.65436],[5.41228,60.63312],[5.43385,60.62873],[5.41814,60.64313],[5.39047,60.65961],[5.37086,60.67438],[5.37924,60.68403],[5.39389,60.68073],[5.42628,60.66283],[5.43385,60.66291],[5.43092,60.67377],[5.41969,60.68049],[5.41041,60.68867],[5.41334,60.70392],[5.38152,60.71288],[5.37241,60.71817],[5.36769,60.72533],[5.36549,60.7342],[5.36256,60.74164],[5.35499,60.74482],[5.30983,60.7447],[5.28419,60.74775],[5.2566,60.76032],[5.24676,60.76081],[5.23894,60.76386],[5.23585,60.77619],[5.23927,60.77973],[5.26319,60.79267],[5.28435,60.79955],[5.32944,60.80606],[5.35182,60.81314],[5.33814,60.83983],[5.35646,60.85285],[5.43084,60.86933],[5.44801,60.86762],[5.46485,60.86359],[5.4817,60.86156],[5.49692,60.86294],[5.51075,60.86628],[5.53688,60.8758],[5.50685,60.87718],[5.47967,60.88459],[5.47088,60.89614],[5.49586,60.90998],[5.47169,60.90746],[5.39967,60.88202],[5.3484,60.87783],[5.32667,60.86815],[5.31772,60.84443],[5.29322,60.82274],[5.23976,60.81712],[5.18784,60.8277],[5.16765,60.85468],[5.1644,60.83088],[5.14926,60.81493],[5.13103,60.81208],[5.11842,60.82738],[5.13282,60.83487],[5.11354,60.83779],[5.06666,60.83454],[5.04713,60.84443],[5.04005,60.85615],[5.02858,60.88593],[5.01954,60.89908],[5.01352,60.90518],[5.01051,60.90982],[5.00945,60.916],[5.00929,60.9267],[5.00514,60.9313],[4.9865,60.94375],[4.98194,60.95087],[4.99057,60.96247],[5.01197,60.96503],[5.03712,60.96235],[5.05714,60.95771],[5.0774,60.94965],[5.08277,60.9409],[5.07814,60.90619],[5.08237,60.88882],[5.09156,60.87788],[5.10076,60.87775],[5.10483,60.89256],[5.0962,60.93891],[5.09864,60.95087],[5.11411,60.96186],[5.13136,60.96552],[5.14283,60.97215],[5.14031,60.99189],[5.13404,60.98884],[5.13136,60.98676],[5.13282,60.98566],[5.12094,60.98379],[5.09327,60.97378],[5.07789,60.97138],[5.02361,60.97822],[5.01271,60.98192],[5.00473,60.99755],[5.00392,61.01606],[5.00807,61.03364],[5.01612,61.04654],[5.06861,61.07355],[5.1351,61.07673],[5.20216,61.06477],[5.28142,61.03848],[5.31227,61.03217],[5.37582,61.0266],[5.42107,61.02912],[5.43385,61.0266],[5.43946,61.01789],[5.44264,61.00454],[5.44842,60.99543],[5.46168,60.99934],[5.46705,61.00739],[5.46363,61.01594],[5.45753,61.02546],[5.45427,61.03657],[5.46022,61.04999],[5.47364,61.05589],[5.48854,61.05903],[5.52711,61.07543],[5.56674,61.07152],[5.60792,61.06281],[5.6399,61.06013],[5.6399,61.06757],[5.61061,61.07856],[5.59767,61.08515],[5.60206,61.08808],[5.63868,61.09345],[5.65626,61.09414],[5.674,61.08808],[5.69646,61.09878],[5.73609,61.10993],[5.77394,61.11445],[5.7907,61.10489],[5.78102,61.07713],[5.78094,61.06436],[5.79412,61.0707],[5.8047,61.07917],[5.81764,61.08674],[5.83155,61.09223],[5.84539,61.09431],[5.8353,61.10541],[5.83172,61.10859],[5.86362,61.11787],[5.89275,61.12177],[5.97657,61.1208],[6.011,61.11498],[6.03045,61.11473],[6.09848,61.12222],[6.13185,61.11864],[6.19508,61.10431],[6.2295,61.10114],[6.25807,61.09382],[6.27076,61.07709],[6.26629,61.05874],[6.24252,61.04654],[6.27475,61.04792],[6.28745,61.05305],[6.30096,61.06387],[6.31202,61.06851],[6.32936,61.07046],[6.34718,61.07005],[6.35922,61.06757],[6.37029,61.0563],[6.3628,61.04442],[6.34832,61.03042],[6.33871,61.01236],[6.35597,61.01093],[6.37289,61.01236],[6.36996,61.0266],[6.37452,61.03742],[6.38347,61.04605],[6.41326,61.06818],[6.43767,61.08124],[6.4651,61.09064],[6.52182,61.0965],[6.54566,61.10407],[6.56642,61.11888],[6.58578,61.14273],[6.59401,61.16665],[6.6006,61.17524],[6.6128,61.17373],[6.63624,61.16181],[6.64845,61.15746],[6.78679,61.15034],[6.83668,61.13935],[6.84791,61.13483],[6.85621,61.12812],[6.85955,61.11848],[6.85971,61.10615],[6.86183,61.0965],[6.86817,61.09028],[6.88063,61.08808],[6.93898,61.09138],[6.95582,61.08808],[6.96502,61.08027],[6.98308,61.04654],[6.99969,61.029],[7.00685,61.01935],[7.00978,61.00894],[7.00318,61.00031],[6.98797,60.99018],[6.97096,60.98168],[6.9393,60.97321],[6.87379,60.93724],[6.96502,60.96552],[7.011,60.97114],[7.05144,60.96455],[7.11459,60.93936],[7.13014,60.9267],[7.1316,60.91218],[7.10597,60.86156],[7.1316,60.87531],[7.15748,60.89745],[7.17156,60.92402],[7.16131,60.95087],[7.1526,60.95344],[7.1006,60.95946],[7.09352,60.96381],[7.08204,60.9748],[7.04396,61.0266],[7.03419,61.03539],[7.02312,61.04304],[7.01384,61.05174],[7.00571,61.07909],[6.99952,61.08714],[7.00034,61.09292],[7.01726,61.10114],[7.05974,61.107],[7.16627,61.11005],[7.19532,61.1291],[7.20924,61.13882],[7.22267,61.14037],[7.30445,61.13028],[7.31544,61.12564],[7.33839,61.11201],[7.36915,61.10468],[7.43556,61.10114],[7.43556,61.10859],[7.41733,61.10944],[7.40366,61.11196],[7.39226,61.11628],[7.35646,61.13801],[7.3462,61.14273],[7.35971,61.15217],[7.40528,61.16743],[7.41505,61.17373],[7.42701,61.18586],[7.45436,61.19278],[7.60621,61.19831],[7.65528,61.20685],[7.695,61.23208],[7.66033,61.22989],[7.63356,61.2246],[7.60035,61.21235],[7.44923,61.19733],[7.38844,61.19819],[7.3589,61.20563],[7.3462,61.2215],[7.34506,61.23286],[7.34051,61.25239],[7.33937,61.26252],[7.3357,61.27436],[7.3274,61.279],[7.31821,61.28164],[7.31202,61.2873],[7.31381,61.30842],[7.35581,61.32624],[7.36655,61.34471],[7.37029,61.36709],[7.38071,61.37832],[7.42124,61.39594],[7.43678,61.40852],[7.45151,61.42463],[7.46754,61.43846],[7.48683,61.44432],[7.51075,61.4477],[7.53566,61.45653],[7.55738,61.46963],[7.57203,61.48534],[7.48862,61.46043],[7.3462,61.38911],[7.32374,61.38605],[7.28533,61.39452],[7.26368,61.39594],[7.28159,61.38337],[7.299,61.37409],[7.30885,61.36384],[7.30519,61.34813],[7.24496,61.30805],[7.23976,61.29727],[7.25961,61.28327],[7.28102,61.27375],[7.29819,61.26056],[7.30991,61.2176],[7.32252,61.20539],[7.3401,61.19717],[7.35971,61.19111],[7.31935,61.16739],[7.30519,61.16324],[7.29225,61.16242],[7.28053,61.16376],[7.25734,61.16999],[7.25026,61.17304],[7.23536,61.18146],[7.2295,61.18366],[7.21371,61.18366],[7.17514,61.17585],[7.16131,61.16999],[7.1587,61.16649],[7.15675,61.16083],[7.15349,61.15461],[7.14747,61.14956],[7.13722,61.1457],[7.00978,61.1291],[6.97348,61.11579],[6.95314,61.11164],[6.93531,61.11473],[6.91725,61.1363],[6.94166,61.15233],[6.97999,61.16681],[7.00359,61.18366],[6.95053,61.16722],[6.92221,61.16201],[6.8943,61.16324],[6.81007,61.18163],[6.66472,61.19514],[6.55787,61.2246],[6.57,61.24079],[6.60678,61.25747],[6.62306,61.26935],[6.66033,61.32087],[6.66822,61.32697],[6.69044,61.34052],[6.69508,61.34471],[6.6963,61.35212],[6.7024,61.37153],[6.70533,61.37547],[6.71046,61.38032],[6.71559,61.39069],[6.71461,61.40029],[6.70191,61.40278],[6.69744,61.39936],[6.63689,61.30956],[6.60336,61.27875],[6.56471,61.26561],[6.55299,61.26895],[6.53745,61.28388],[6.52711,61.2873],[6.5193,61.284],[6.50913,61.27643],[6.50115,61.26813],[6.49952,61.26252],[6.51344,61.24746],[6.52377,61.23208],[6.52426,61.22675],[6.52345,61.21996],[6.52621,61.21235],[6.53736,61.20417],[6.47096,61.21125],[6.4651,61.20759],[6.47576,61.20161],[6.48805,61.19794],[6.4983,61.19233],[6.5027,61.18057],[6.50465,61.16694],[6.5075,61.15644],[6.5062,61.14696],[6.49643,61.13646],[6.48471,61.13076],[6.43434,61.11473],[6.37233,61.11408],[6.28273,61.12543],[6.20395,61.14867],[6.17433,61.18366],[6.13014,61.15933],[6.0735,61.14802],[6.01401,61.14948],[5.96144,61.16324],[6.0066,61.17805],[6.02784,61.18814],[6.03712,61.20417],[5.94093,61.16999],[5.87452,61.15835],[5.80445,61.15575],[5.78346,61.16498],[5.78175,61.18317],[5.78297,61.1966],[5.77027,61.19111],[5.76319,61.18187],[5.7588,61.1638],[5.74977,61.15575],[5.73666,61.15477],[5.71844,61.15656],[5.70216,61.1555],[5.69516,61.14614],[5.67596,61.14228],[5.5573,61.13646],[5.53688,61.13129],[5.47543,61.09431],[5.42368,61.07966],[5.37664,61.08047],[5.33448,61.09687],[5.29786,61.1291],[5.28102,61.11612],[5.25994,61.10985],[5.20493,61.10737],[5.19939,61.10505],[5.19386,61.10529],[5.18434,61.11164],[5.17465,61.12222],[5.16944,61.12617],[5.16017,61.1291],[5.16993,61.13996],[5.18832,61.14061],[5.20965,61.1389],[5.22828,61.14273],[5.20533,61.14696],[5.18287,61.15396],[5.16188,61.15619],[5.14332,61.14614],[5.12517,61.14509],[5.05926,61.1579],[5.04412,61.16324],[5.05934,61.18797],[5.11817,61.18598],[5.22283,61.16324],[5.22055,61.16767],[5.21681,61.17902],[5.21469,61.18366],[5.25017,61.18366],[5.19728,61.21088],[5.16782,61.22077],[5.13966,61.2246],[5.02076,61.2165],[4.98878,61.2246],[5.00815,61.22944],[5.03151,61.23045],[5.05226,61.23379],[5.06446,61.24575],[5.03102,61.23794],[5.01295,61.23664],[4.99903,61.24234],[4.98951,61.25235],[4.98276,61.25699],[4.97316,61.25682],[4.9546,61.25259],[4.96412,61.26569],[4.97999,61.27534],[5.01612,61.2873],[5.03972,61.2919],[5.06398,61.29352],[5.07399,61.29572],[5.09018,61.30508],[5.09523,61.3072],[5.13941,61.3063],[5.15935,61.3111],[5.17774,61.33942],[5.20151,61.34272],[5.22902,61.33942],[5.25017,61.33446],[5.26629,61.32868],[5.27931,61.32136],[5.28956,61.31224],[5.29786,61.30097],[5.31023,61.26691],[5.32065,61.25227],[5.33448,61.25601],[5.33741,61.26874],[5.33416,61.28734],[5.32749,61.30573],[5.32081,61.31745],[5.30551,61.32844],[5.27182,61.33869],[5.25636,61.34813],[5.4406,61.36742],[5.63307,61.3618],[5.59962,61.37592],[5.55453,61.37832],[5.16432,61.35611],[5.15016,61.35155],[5.12794,61.33979],[5.09327,61.3288],[5.05844,61.32347],[5.03663,61.32832],[5.02573,61.33955],[5.00636,61.34748],[4.99562,61.3618],[4.99879,61.3769],[5.01149,61.39155],[5.02833,61.40156],[5.04412,61.40278],[5.0547,61.39289],[5.05787,61.38068],[5.06267,61.37458],[5.07814,61.38296],[5.07944,61.38809],[5.07716,61.40469],[5.07814,61.41022],[5.08546,61.41352],[5.11842,61.41641],[5.11752,61.42109],[5.11655,61.42402],[5.11476,61.42683],[5.11166,61.43073],[5.09246,61.42023],[5.07146,61.41706],[5.02914,61.41641],[4.98911,61.41112],[4.94793,61.41022],[4.94793,61.41641],[5.05714,61.44432],[5.16342,61.45083],[5.188,61.46483],[5.18051,61.47232],[5.21811,61.46784],[5.26629,61.45531],[5.3108,61.44941],[5.33758,61.46483],[5.4839,61.43171],[5.51889,61.43012],[5.54371,61.43696],[5.53688,61.44432],[5.55665,61.44977],[5.59938,61.45258],[5.61939,61.45799],[5.62859,61.46475],[5.63852,61.47382],[5.65089,61.48188],[5.66725,61.48534],[5.71266,61.48713],[5.73601,61.48461],[5.75278,61.47574],[5.77036,61.45515],[5.78256,61.45059],[5.80445,61.45116],[5.80445,61.45799],[5.78175,61.46564],[5.74676,61.49299],[5.72242,61.49897],[5.66505,61.49836],[5.63787,61.49437],[5.61199,61.48534],[5.58351,61.46743],[5.57472,61.46483],[5.52361,61.46467],[5.49195,61.45401],[5.46095,61.45283],[5.438,61.46043],[5.44125,61.47915],[5.3978,61.48688],[5.29029,61.47964],[5.25318,61.49527],[5.17823,61.50975],[5.13893,61.52412],[5.14649,61.53998],[5.1408,61.54682],[5.14031,61.54682],[5.14031,61.55418],[5.15659,61.55451],[5.20167,61.54682],[5.21404,61.54767],[5.24643,61.55418],[5.35816,61.55418],[5.35816,61.56102],[5.33139,61.56126],[5.17205,61.58552],[5.14649,61.5952],[5.33758,61.5952],[5.31813,61.58983],[5.31031,61.58893],[5.31031,61.58218],[5.4026,61.58031],[5.42701,61.58893],[5.35043,61.60651],[5.27003,61.61567],[5.32016,61.62873],[5.34067,61.64313],[5.2837,61.64232],[5.24187,61.63068],[5.22926,61.62873],[4.99269,61.63044],[4.96827,61.63614],[4.96241,61.64175],[4.9441,61.66718],[4.93963,61.67837],[4.94606,61.68749],[4.95769,61.69408],[4.96827,61.69766],[4.96046,61.70669],[4.96274,61.71711],[4.97291,61.7248],[4.98878,61.72553],[4.98536,61.72956],[4.98341,61.73273],[4.98064,61.73558],[4.97446,61.73859],[4.98813,61.74689],[5.00343,61.75113],[5.03663,61.75218],[5.05397,61.75039],[5.07065,61.74604],[5.07553,61.74287],[5.07683,61.73867],[5.07683,61.73469],[5.07814,61.73237],[5.08465,61.73176],[5.09889,61.73359],[5.10483,61.73237],[5.12192,61.72028],[5.12599,61.71809],[5.13738,61.71695],[5.14617,61.7176],[5.16765,61.72553],[5.13551,61.7438],[5.12599,61.75218],[5.14828,61.75926],[5.1902,61.76895],[5.06446,61.75971],[5.07895,61.77375],[5.10385,61.78539],[5.1316,61.79442],[5.24448,61.81729],[5.27003,61.82795],[5.26539,61.82925],[5.26271,61.83076],[5.25636,61.83539],[5.29575,61.84089],[5.33758,61.84162],[5.32049,61.84772],[5.30323,61.84886],[5.29152,61.85151],[5.29038,61.86213],[5.29689,61.86835],[5.36256,61.90546],[5.39479,61.91108],[5.4878,61.90786],[5.52231,61.89887],[5.54029,61.89688],[5.58074,61.89981],[5.60027,61.89912],[5.63649,61.88886],[5.67579,61.88695],[5.69142,61.87979],[5.71608,61.86164],[5.74293,61.84846],[5.71266,61.84056],[5.6753,61.83983],[5.6408,61.83511],[5.61939,61.81493],[5.64715,61.81525],[5.73552,61.83539],[5.92262,61.85029],[5.94093,61.84504],[5.9463,61.83735],[5.94321,61.82685],[5.93727,61.81525],[5.92709,61.78242],[5.90016,61.75064],[5.89926,61.73859],[5.91635,61.75169],[5.93002,61.75943],[5.94223,61.7687],[5.9546,61.78701],[5.96437,61.82005],[5.97291,61.83112],[5.99203,61.83539],[6.01027,61.8312],[6.05893,61.8083],[6.09864,61.77888],[6.12338,61.76992],[6.18116,61.76655],[6.17091,61.78046],[6.15504,61.78579],[6.13771,61.78913],[6.12281,61.79686],[6.10939,61.80801],[6.09262,61.81786],[6.07488,61.82494],[6.05763,61.82795],[6.05763,61.83539],[6.2907,61.83539],[6.31324,61.83104],[6.35922,61.81184],[6.3838,61.80744],[6.47381,61.80463],[6.5027,61.80744],[6.52133,61.81419],[6.53321,61.82453],[6.55047,61.84846],[6.56813,61.86237],[6.58961,61.87084],[6.61378,61.87519],[6.64015,61.87641],[6.66733,61.8732],[6.72096,61.85908],[6.74635,61.85586],[6.75563,61.85244],[6.76645,61.84565],[6.77768,61.84125],[6.78745,61.84504],[6.80201,61.85977],[6.80974,61.86542],[6.81861,61.86957],[6.81861,61.87641],[6.80209,61.87604],[6.77101,61.87031],[6.75685,61.87299],[6.74252,61.87739],[6.69508,61.8832],[6.6902,61.88618],[6.68377,61.89496],[6.67799,61.89688],[6.67172,61.8957],[6.66228,61.89057],[6.65724,61.88939],[6.55551,61.87832],[6.53842,61.86628],[6.52589,61.85074],[6.5101,61.83539],[6.47625,61.82534],[6.25856,61.85627],[6.09547,61.84846],[6.08188,61.85122],[6.03712,61.86957],[6.0184,61.87104],[5.96144,61.86957],[5.90699,61.88154],[5.88624,61.8832],[5.87184,61.88105],[5.84311,61.87165],[5.82862,61.86957],[5.82252,61.86742],[5.81031,61.85822],[5.80445,61.85586],[5.7964,61.85737],[5.72926,61.88939],[5.72926,61.89688],[5.93328,61.90302],[5.96144,61.90986],[5.96144,61.91669],[5.64536,61.92479],[5.51661,61.93814],[5.45021,61.9252],[5.44361,61.92918],[5.43727,61.93496],[5.42701,61.93781],[5.34897,61.92731],[5.30193,61.9134],[5.27687,61.90986],[5.22153,61.91437],[5.1937,61.91234],[5.17066,61.89997],[5.15577,61.89606],[5.13527,61.90131],[5.09864,61.91669],[5.11378,61.93008],[5.12599,61.94404],[5.14039,61.96796],[5.14031,61.97134],[5.15553,61.97602],[5.16147,61.97138],[5.16505,61.96353],[5.17384,61.95832],[5.18393,61.95954],[5.1902,61.96442],[5.19516,61.96955],[5.20167,61.97134],[5.21022,61.96865],[5.22364,61.95991],[5.22828,61.95832],[5.23862,61.96064],[5.24024,61.96491],[5.24122,61.97102],[5.25017,61.97875],[5.28891,61.99274],[5.30152,62.00288],[5.31031,62.02656],[5.33904,62.01923],[5.37672,62.01606],[5.40016,62.02001],[5.386,62.034],[5.37192,62.03681],[5.34099,62.03685],[5.32765,62.04393],[5.31332,62.05712],[5.29786,62.06818],[5.20851,62.10228],[5.10914,62.10912],[5.09181,62.12275],[5.10157,62.12299],[5.10971,62.12446],[5.12599,62.12958],[5.11109,62.1398],[5.08025,62.15249],[5.07065,62.16376],[5.07643,62.16494],[5.08644,62.16913],[5.09181,62.1706],[5.08814,62.17365],[5.0818,62.1811],[5.07814,62.18423],[5.08237,62.18366],[5.08416,62.1848],[5.08497,62.19107],[5.0962,62.19355],[5.12599,62.19107],[5.13087,62.19164],[5.14145,62.1905],[5.14649,62.19107],[5.14674,62.19331],[5.14601,62.20238],[5.14649,62.20474],[5.16969,62.2145],[5.18181,62.21271],[5.21022,62.19424],[5.24122,62.18305],[5.25318,62.17426],[5.26108,62.16983],[5.26881,62.17032],[5.27459,62.16942],[5.27687,62.16063],[5.27524,62.15428],[5.26971,62.14102],[5.27003,62.13581],[5.31788,62.10651],[5.39096,62.08837],[5.45143,62.06171],[5.46168,62.00674],[5.46803,62.00906],[5.48121,62.01386],[5.49594,62.02757],[5.52833,62.06891],[5.53094,62.0749],[5.53639,62.07905],[5.55055,62.08124],[5.56088,62.07953],[5.58033,62.0705],[5.59156,62.06818],[5.56471,62.08967],[5.42018,62.10912],[5.4004,62.11587],[5.39096,62.12324],[5.39177,62.13288],[5.41391,62.1621],[5.42058,62.17593],[5.43116,62.18618],[5.45427,62.19107],[5.47885,62.18854],[5.5241,62.17402],[5.62208,62.16486],[5.6399,62.15754],[5.6482,62.14647],[5.65349,62.13296],[5.66147,62.12141],[5.69313,62.11298],[5.74977,62.08861],[5.73015,62.10497],[5.69606,62.12246],[5.66831,62.1435],[5.66725,62.1706],[5.68474,62.17902],[5.71469,62.18073],[5.77027,62.17805],[5.78614,62.18049],[5.83855,62.20124],[5.85743,62.20425],[5.88209,62.20018],[5.90553,62.1909],[5.92058,62.17805],[5.92547,62.16364],[5.92481,62.14989],[5.92058,62.1197],[5.90707,62.09357],[5.85255,62.05121],[5.84539,62.01972],[5.90943,62.06118],[5.9367,62.08735],[5.9546,62.13996],[5.97096,62.13898],[6.04428,62.09927],[6.05519,62.08609],[6.05079,62.06818],[6.08863,62.07758],[6.12526,62.08267],[6.20834,62.08124],[6.36671,62.06135],[6.36671,62.06818],[6.08863,62.10912],[6.07618,62.11445],[6.04859,62.13788],[6.04029,62.14326],[6.02711,62.14875],[5.98259,62.18423],[5.92872,62.19892],[5.92058,62.20816],[5.92604,62.22549],[5.93971,62.2294],[5.95753,62.22525],[5.99659,62.21113],[6.01726,62.20698],[6.06446,62.20474],[6.05006,62.21039],[6.0298,62.21467],[5.99203,62.21841],[5.98259,62.22346],[5.97527,62.23432],[5.96518,62.24409],[5.94777,62.24567],[5.97836,62.27973],[6.02768,62.30573],[6.08334,62.32241],[6.13331,62.32827],[6.24733,62.36107],[6.3108,62.37206],[6.33871,62.35244],[6.34311,62.34553],[6.37289,62.3146],[6.3934,62.28046],[6.41334,62.26655],[6.45997,62.24799],[6.48219,62.232],[6.55047,62.1706],[6.5608,62.15209],[6.55689,62.13841],[6.53053,62.10912],[6.59205,62.13581],[6.5809,62.16035],[6.49488,62.25312],[6.41765,62.31118],[6.3978,62.33666],[6.38999,62.36469],[6.40024,62.38719],[6.43434,62.39647],[6.47975,62.40054],[6.50026,62.39932],[6.52377,62.39033],[6.53395,62.38349],[6.56471,62.35554],[6.56202,62.37165],[6.56251,62.38679],[6.55893,62.39838],[6.5442,62.40396],[6.5442,62.41079],[6.56365,62.41767],[6.6491,62.43488],[6.68898,62.44986],[6.70875,62.45173],[6.7234,62.44745],[6.7483,62.43415],[6.87916,62.41791],[6.88111,62.40241],[6.8733,62.38056],[6.87379,62.35554],[6.88624,62.34113],[6.97902,62.28364],[6.98927,62.27302],[6.99635,62.26166],[6.99936,62.25348],[7.0075,62.20889],[7.00522,62.19428],[6.9961,62.18244],[6.94272,62.13736],[6.93873,62.12181],[6.95582,62.10228],[6.98797,62.0893],[7.02125,62.09077],[7.09995,62.10456],[7.12485,62.11433],[7.13999,62.1166],[7.15268,62.11489],[7.18784,62.10228],[7.14967,62.13081],[7.02996,62.10041],[6.97934,62.11286],[6.9734,62.12938],[6.9865,62.14265],[7.02711,62.16718],[7.03712,62.18382],[7.03793,62.20303],[7.02605,62.26016],[7.02809,62.26602],[7.03777,62.27302],[7.05144,62.27603],[7.1128,62.28046],[7.20924,62.25088],[7.23292,62.25625],[7.25327,62.27106],[7.28126,62.28083],[7.31072,62.28156],[7.33595,62.26992],[7.35206,62.25751],[7.37338,62.2447],[7.39584,62.23493],[7.41505,62.232],[7.41505,62.23945],[7.37355,62.27302],[7.3318,62.28522],[7.32228,62.29035],[7.29347,62.29792],[7.16131,62.28661],[7.02133,62.30378],[6.95704,62.32534],[6.91407,62.36982],[6.9463,62.36986],[6.96144,62.37181],[6.9756,62.37665],[6.85157,62.4545],[6.83969,62.45917],[6.8187,62.46149],[6.77654,62.45978],[6.75652,62.46479],[6.77394,62.4704],[6.7907,62.47842],[6.6902,62.47752],[6.48365,62.43073],[6.39772,62.42504],[6.35922,62.43122],[6.34311,62.43842],[6.3191,62.45441],[6.3047,62.45917],[6.28452,62.45799],[6.26384,62.45307],[6.24293,62.45112],[6.22267,62.45917],[6.24969,62.46796],[6.33871,62.47223],[6.41521,62.48957],[6.43092,62.49616],[6.45362,62.50239],[6.53273,62.50113],[6.57114,62.49238],[6.67457,62.49274],[6.67457,62.49958],[6.65187,62.50332],[6.61378,62.52017],[6.56715,62.51032],[6.47609,62.51317],[6.47609,62.52001],[6.54322,62.52831],[6.56471,62.52749],[6.53297,62.53685],[6.26303,62.52749],[6.26743,62.53522],[6.26783,62.53701],[6.26588,62.53742],[6.26303,62.54108],[6.27052,62.55492],[6.26441,62.56244],[6.25416,62.56761],[6.24936,62.57465],[6.25489,62.58495],[6.26612,62.59296],[6.29103,62.60261],[6.31959,62.60855],[6.53736,62.61563],[6.55958,62.61115],[6.58326,62.59931],[6.60109,62.58185],[6.60572,62.56098],[6.61256,62.56098],[6.62224,62.58881],[6.62208,62.60122],[6.61256,62.60944],[6.62159,62.61957],[6.63217,62.62287],[6.64137,62.61945],[6.64666,62.60944],[6.6867,62.63373],[6.72983,62.65095],[6.75611,62.65461],[6.77711,62.65034],[6.88185,62.60155],[6.90056,62.58832],[6.9017,62.58259],[6.8982,62.57832],[6.90016,62.57559],[6.91782,62.57465],[6.92351,62.5786],[6.92066,62.58755],[6.91407,62.59699],[6.90797,62.60261],[6.91521,62.607],[6.92848,62.62303],[6.91627,62.62417],[6.90553,62.62808],[6.89601,62.63459],[6.88746,62.64354],[6.93165,62.65546],[7.0923,62.65095],[7.08432,62.63886],[7.07032,62.63044],[7.05356,62.62531],[7.03777,62.62303],[7.05201,62.60961],[7.09653,62.61221],[7.10597,62.59919],[7.10971,62.58344],[7.12534,62.55353],[7.12713,62.53368],[7.13315,62.53368],[7.13738,62.54316],[7.15089,62.5668],[7.15382,62.57465],[7.1504,62.58185],[7.13649,62.59418],[7.13315,62.59919],[7.15748,62.62922],[7.17221,62.62759],[7.20899,62.61563],[7.31544,62.60497],[7.365,62.59284],[7.43043,62.54804],[7.48878,62.54914],[7.51743,62.54108],[7.5276,62.52717],[7.53346,62.51089],[7.54249,62.50361],[7.56178,62.51659],[7.56666,62.52753],[7.56788,62.53994],[7.57293,62.54999],[7.58855,62.55414],[7.77817,62.57465],[7.74537,62.58601],[7.50522,62.56635],[7.46274,62.57465],[7.44166,62.58405],[7.4227,62.59797],[7.41277,62.61473],[7.41822,62.633],[7.44451,62.64472],[7.47731,62.63959],[7.50026,62.61994],[7.49708,62.58832],[7.52019,62.58466],[7.53248,62.59512],[7.53297,62.61335],[7.51002,62.64948],[7.51059,62.66401],[7.5232,62.67438],[7.57114,62.6822],[7.61687,62.70014],[7.83595,62.73212],[7.94825,62.7309],[7.99562,62.73554],[8.01881,62.73359],[8.04176,62.72785],[8.12672,62.69379],[8.14747,62.69196],[8.12941,62.71841],[8.06512,62.7392],[8.04509,62.75959],[8.05437,62.76179],[8.06227,62.76606],[8.0687,62.77216],[8.07301,62.7801],[8.04868,62.77924],[8.00115,62.77009],[7.90886,62.76325],[7.86451,62.74958],[7.64601,62.72866],[7.52491,62.69196],[7.48927,62.68684],[7.38502,62.68757],[7.35971,62.69819],[7.39259,62.70466],[7.40358,62.7119],[7.3943,62.72102],[7.36655,62.7329],[7.40301,62.73859],[7.47153,62.76724],[7.68133,62.79438],[7.65699,62.79304],[7.60955,62.79609],[7.45045,62.77143],[7.41505,62.75959],[7.39527,62.75654],[7.35157,62.75536],[7.31251,62.74404],[6.97039,62.72557],[6.94899,62.7329],[6.96062,62.73241],[6.97153,62.73558],[6.97975,62.7425],[6.98308,62.75336],[6.97877,62.75922],[6.95997,62.76504],[6.95582,62.77045],[6.96192,62.78417],[6.97674,62.79702],[7.00978,62.81485],[7.05958,62.82632],[7.21583,62.81485],[7.19215,62.82197],[7.1548,62.84317],[7.13315,62.84894],[7.01661,62.84154],[7.00416,62.84829],[6.95582,62.88687],[6.94801,62.90546],[6.92897,62.9121],[6.88006,62.91108],[6.89112,62.9217],[6.91017,62.92939],[7.00017,62.95124],[7.07602,62.98286],[7.10825,62.99067],[7.17213,62.99803],[7.23764,63.01472],[7.27117,63.01411],[7.29762,63.0043],[7.34344,62.97842],[7.36996,62.97309],[7.42124,62.9514],[7.42644,62.94497],[7.44174,62.91787],[7.50115,62.91083],[7.55983,62.9313],[7.61598,62.96039],[7.66831,62.97931],[7.68995,62.98115],[7.77573,62.97752],[7.78045,62.9726],[7.77613,62.96499],[7.76759,62.95515],[7.7483,62.94208],[7.66831,62.91787],[7.69435,62.9121],[7.83204,62.94941],[7.84645,62.9514],[7.8812,62.95254],[7.89942,62.95576],[7.9393,62.97712],[7.97389,62.97695],[8.07553,62.95087],[8.08668,62.94522],[8.09303,62.93724],[8.09596,62.92914],[8.10108,62.92219],[8.11329,62.91787],[8.11394,62.89912],[8.1242,62.86774],[8.13933,62.83568],[8.15431,62.81485],[8.18971,62.79792],[8.27849,62.78706],[8.3191,62.777],[8.41521,62.72577],[8.44907,62.71931],[8.48072,62.71678],[8.51319,62.70742],[8.53777,62.68846],[8.54526,62.65717],[8.56723,62.68228],[8.56479,62.70356],[8.54396,62.72065],[8.45525,62.75625],[8.37672,62.77717],[8.33107,62.80069],[8.24627,62.81615],[8.18409,62.84772],[8.17205,62.85838],[8.16798,62.8769],[8.17115,62.89179],[8.17921,62.90217],[8.19207,62.90835],[8.20965,62.91108],[8.19793,62.91502],[8.18605,62.9173],[8.17506,62.92072],[8.16489,62.92813],[8.15992,62.93472],[8.15382,62.94538],[8.14747,62.9514],[8.12908,62.95966],[8.08693,62.96723],[8.00074,63.00666],[7.99724,63.00951],[7.98805,63.02293],[7.98308,63.02709],[7.97234,63.02896],[7.96127,63.02814],[7.95118,63.02509],[7.94264,63.02025],[7.95395,63.02074],[7.9607,63.0187],[7.9651,63.01407],[7.96998,63.00666],[7.94801,63.00324],[7.91407,63.00194],[7.88502,63.00397],[7.87721,63.0104],[7.89332,63.02265],[7.93116,63.03783],[7.9489,63.04755],[7.98129,63.08137],[7.99733,63.09227],[8.01686,63.10098],[8.04005,63.10765],[8.06414,63.11099],[8.08668,63.10969],[8.10222,63.10444],[8.1211,63.09406],[8.13396,63.08027],[8.12843,63.05024],[8.14161,63.03701],[8.16041,63.02643],[8.17547,63.02025],[8.24676,63.00796],[8.26783,62.99673],[8.2859,62.98208],[8.29542,62.9798],[8.31267,62.97931],[8.32203,62.97773],[8.33009,62.97337],[8.33619,62.96695],[8.33985,62.95881],[8.30934,62.94457],[8.31886,62.93012],[8.33644,62.9121],[8.32936,62.88687],[8.32928,62.88068],[8.34449,62.88239],[8.37403,62.88996],[8.38941,62.88988],[8.40301,62.88691],[8.48805,62.85297],[8.52296,62.84431],[8.53858,62.85236],[8.52418,62.87128],[8.45436,62.88349],[8.42872,62.8968],[8.45069,62.89566],[8.57399,62.87543],[8.59376,62.86945],[8.60581,62.8627],[8.6242,62.84797],[8.63478,62.84154],[8.65089,62.83588],[8.68572,62.82836],[8.70297,62.82225],[8.61988,62.87792],[8.59637,62.8852],[8.52084,62.89216],[8.49887,62.89826],[8.47975,62.90717],[8.42303,62.94758],[8.4157,62.95881],[8.64422,62.96735],[8.66879,62.97931],[8.63998,62.98876],[8.57537,62.97993],[8.54526,62.97931],[8.52174,62.9892],[8.53346,63.00031],[8.58627,63.02025],[8.55372,63.02265],[8.48805,62.99404],[8.39357,62.97281],[8.37403,62.97309],[8.36948,62.97577],[8.35873,62.98583],[8.35328,62.98981],[8.34506,62.99315],[8.31951,62.99982],[8.35524,63.00829],[8.43539,63.00983],[8.47022,63.02025],[8.43531,63.03144],[8.30519,63.02025],[8.26222,63.02163],[8.23854,63.02546],[8.22316,63.03335],[8.22185,63.03852],[8.22242,63.04629],[8.22438,63.0537],[8.22885,63.06306],[8.22495,63.06598],[8.21925,63.06851],[8.21632,63.07185],[8.20289,63.09268],[8.17823,63.10497],[8.16554,63.1153],[8.18849,63.13011],[8.21974,63.13447],[8.24195,63.12352],[8.26319,63.10737],[8.29152,63.09602],[8.28972,63.09138],[8.28679,63.08015],[8.28468,63.07551],[8.30714,63.0786],[8.31861,63.08242],[8.32618,63.08857],[8.32504,63.0939],[8.31837,63.09764],[8.31381,63.10212],[8.31951,63.10969],[8.30437,63.12515],[8.28305,63.13312],[8.23618,63.14321],[8.23618,63.1507],[8.54363,63.13239],[8.64096,63.10969],[8.62452,63.12812],[8.57594,63.14423],[8.56577,63.1612],[8.57879,63.17455],[8.60873,63.1811],[8.84995,63.20344],[8.94313,63.21206],[8.86899,63.21048],[8.64845,63.20588],[8.62371,63.20148],[8.61215,63.2038],[8.6032,63.22427],[8.59311,63.23554],[8.57325,63.25308],[8.52703,63.279],[8.50196,63.28856],[8.47641,63.29401],[8.51466,63.30589],[8.702,63.32396],[8.73756,63.33466],[8.76441,63.34927],[8.7282,63.34919],[8.71111,63.35122],[8.69557,63.35668],[8.68881,63.36298],[8.68214,63.37189],[8.67457,63.37987],[8.63893,63.39208],[8.64682,63.40917],[8.67237,63.42121],[8.71827,63.40815],[8.7409,63.41413],[8.7658,63.42451],[8.78639,63.42984],[8.79176,63.43122],[8.82342,63.42939],[8.84262,63.42036],[8.8589,63.40835],[8.88111,63.39765],[8.89137,63.42133],[8.92612,63.4239],[8.96754,63.41852],[8.99724,63.41816],[8.99724,63.42438],[8.9734,63.42438],[8.96746,63.43342],[8.97486,63.4466],[9.00082,63.46613],[9.00636,63.46723],[9.01832,63.46654],[9.05299,63.45234],[9.11451,63.41816],[9.12306,63.40729],[9.12859,63.39545],[9.13551,63.38443],[9.14861,63.37592],[9.12623,63.36225],[9.10287,63.34321],[9.08872,63.32001],[9.09343,63.29401],[9.12525,63.32062],[9.14308,63.33088],[9.19158,63.33845],[9.26466,63.36294],[9.43458,63.38044],[9.4769,63.40388],[9.44996,63.40095],[9.39389,63.38666],[9.26027,63.38125],[9.22999,63.37287],[9.21803,63.37202],[9.20436,63.37653],[9.19166,63.38361],[9.16774,63.402],[9.16912,63.42121],[9.18295,63.43452],[9.48194,63.47321],[9.4839,63.47606],[9.48439,63.48265],[9.48072,63.48705],[9.47218,63.48554],[9.45655,63.47956],[9.36427,63.46625],[9.33302,63.46654],[9.30063,63.47777],[9.28533,63.47956],[9.27996,63.48237],[9.26808,63.49555],[9.25782,63.50007],[9.26206,63.48517],[9.26808,63.47346],[9.2776,63.46479],[9.29217,63.45913],[9.21022,63.45942],[9.16733,63.46686],[9.14861,63.48583],[9.16196,63.50715],[9.19256,63.51362],[9.24431,63.51374],[9.23715,63.53449],[9.25587,63.53531],[9.28338,63.52969],[9.30226,63.53083],[9.31902,63.54328],[9.34278,63.55561],[9.36801,63.5633],[9.38819,63.5622],[9.3777,63.55386],[9.37452,63.5423],[9.37827,63.53046],[9.38819,63.52119],[9.40333,63.51846],[9.41668,63.52489],[9.46013,63.56167],[9.47682,63.57176],[9.49537,63.57689],[9.51857,63.57518],[9.53639,63.56729],[9.55991,63.54584],[9.57325,63.541],[9.56056,63.56586],[9.54591,63.58055],[9.52418,63.58763],[9.49057,63.58942],[9.51678,63.6037],[9.54607,63.6103],[9.60792,63.61677],[9.66765,63.63776],[9.69907,63.64448],[9.72397,63.63666],[9.72022,63.62075],[9.73959,63.60261],[9.78549,63.57518],[9.79998,63.56314],[9.81072,63.54857],[9.81381,63.53205],[9.80592,63.51374],[9.89869,63.47736],[9.94744,63.44953],[9.96062,63.42772],[9.94142,63.39448],[9.92848,63.37718],[9.83326,63.3288],[9.8567,63.32543],[9.89422,63.3312],[9.93133,63.34178],[9.97918,63.36347],[10.01344,63.36188],[10.04705,63.35228],[10.09929,63.3249],[10.13893,63.32233],[10.21127,63.3288],[10.2422,63.32632],[10.25441,63.31444],[10.25904,63.26728],[10.26857,63.27302],[10.27223,63.28168],[10.27215,63.30488],[10.27328,63.30781],[10.27573,63.30947],[10.27833,63.3122],[10.27955,63.31826],[10.27735,63.3238],[10.27272,63.32685],[10.26808,63.32892],[10.26588,63.33194],[10.24488,63.34406],[10.08399,63.36127],[10.0687,63.36555],[10.05641,63.37287],[10.04908,63.3819],[10.04225,63.39476],[10.04086,63.4064],[10.04957,63.41132],[10.06007,63.41498],[10.08367,63.43256],[10.094,63.43867],[10.15602,63.45234],[10.30047,63.46654],[10.31723,63.46369],[10.35467,63.44489],[10.37306,63.44172],[10.38689,63.44306],[10.41554,63.45234],[10.44728,63.45677],[10.48194,63.45466],[10.51596,63.44709],[10.54615,63.43488],[10.57691,63.43073],[10.69044,63.45234],[10.69597,63.44733],[10.7588,63.43867],[10.7837,63.42304],[10.79786,63.41739],[10.81023,63.42121],[10.82976,63.44058],[10.84099,63.444],[10.87591,63.44591],[10.89308,63.44953],[10.90805,63.45624],[10.91635,63.46654],[10.82252,63.4759],[10.77768,63.48749],[10.7588,63.51748],[10.78077,63.53901],[10.83107,63.55036],[10.92262,63.55476],[10.92262,63.5622],[10.87729,63.5644],[10.85694,63.56932],[10.8615,63.5786],[10.87916,63.58332],[10.89698,63.58438],[10.91236,63.58853],[10.92262,63.60248],[10.85133,63.59809],[10.81756,63.59077],[10.78598,63.5786],[10.76832,63.57404],[10.73015,63.57176],[10.71437,63.56493],[10.70216,63.55744],[10.68751,63.55195],[10.67164,63.54877],[10.65642,63.54853],[10.65642,63.55476],[10.67262,63.55817],[10.68002,63.56761],[10.68605,63.57746],[10.69728,63.58198],[10.70509,63.58369],[10.70851,63.58784],[10.71062,63.59333],[10.71437,63.59907],[10.71974,63.6035],[10.72934,63.60883],[10.73471,63.61335],[10.75571,63.62507],[10.78777,63.63483],[10.84457,63.64411],[10.86427,63.65152],[10.90545,63.68447],[11.03346,63.71918],[11.0569,63.71605],[11.08302,63.70458],[11.11964,63.7045],[11.15675,63.71113],[11.18385,63.71979],[11.20582,63.73371],[11.2422,63.76508],[11.2658,63.7744],[11.33725,63.78417],[11.44304,63.78608],[11.45769,63.78998],[11.46388,63.8017],[11.45973,63.81244],[11.44939,63.81891],[11.43637,63.82185],[11.42408,63.82221],[11.42758,63.82526],[11.43426,63.83267],[11.43775,63.83588],[11.41521,63.85008],[11.35475,63.84813],[11.32732,63.85297],[11.30193,63.86294],[11.27711,63.86738],[11.2518,63.86717],[11.11158,63.84956],[11.10174,63.85187],[11.09653,63.8581],[11.09457,63.86689],[11.09449,63.87686],[11.09645,63.88963],[11.1019,63.8935],[11.11232,63.89411],[11.17661,63.90925],[11.20037,63.91974],[11.21062,63.93521],[11.22332,63.94546],[11.29998,63.96556],[11.43686,63.98314],[11.46315,63.99323],[11.48683,64.00666],[11.49789,64.02082],[11.45444,64.0174],[11.44174,64.0257],[11.42628,64.0288],[11.36655,64.02729],[11.26206,64.03612],[11.25424,64.03791],[11.24195,64.05158],[11.24049,64.06102],[11.25245,64.06806],[11.28004,64.07612],[11.34506,64.10488],[11.36207,64.11709],[11.32838,64.11441],[11.29998,64.10716],[11.22535,64.07197],[11.20346,64.02741],[11.1976,64.02082],[11.17514,64.00702],[10.96274,63.94794],[10.93629,63.93635],[10.91098,63.9217],[10.89226,63.90754],[10.87135,63.8972],[10.83806,63.88727],[10.72006,63.86982],[10.68865,63.8603],[10.64617,63.83324],[10.59539,63.82026],[10.57374,63.80915],[10.59376,63.80878],[10.61313,63.81147],[10.6316,63.81631],[10.68914,63.84016],[10.70069,63.84272],[10.77003,63.85029],[10.90024,63.89472],[10.93491,63.89814],[11.00066,63.87743],[11.03028,63.87197],[11.056,63.86127],[11.07399,63.83588],[11.05348,63.83149],[11.0298,63.82343],[11.0075,63.81314],[10.99147,63.8017],[10.98715,63.79438],[10.98227,63.77578],[10.97787,63.76756],[10.97169,63.76317],[10.9546,63.75593],[10.94703,63.75019],[10.91,63.73102],[10.81105,63.72016],[10.74073,63.69038],[10.67172,63.68684],[10.64275,63.67764],[10.63356,63.66962],[10.61158,63.64033],[10.60231,63.63593],[10.56666,63.62519],[10.52963,63.61945],[10.41578,63.57941],[10.40162,63.57636],[10.36671,63.57319],[10.33546,63.56415],[10.32016,63.5622],[10.24138,63.5622],[10.22836,63.55882],[10.20485,63.54434],[10.19361,63.541],[10.16635,63.53693],[10.08033,63.50751],[10.04103,63.50165],[9.99838,63.50007],[9.99155,63.49828],[9.98569,63.49502],[9.98015,63.49335],[9.97389,63.49665],[9.96925,63.50019],[9.96274,63.50373],[9.9559,63.5065],[9.91822,63.51472],[9.90838,63.53242],[9.90398,63.55459],[9.88795,63.57518],[9.89845,63.58637],[9.90211,63.58942],[9.88559,63.59504],[9.84986,63.59736],[9.83326,63.60248],[9.81821,63.61408],[9.8108,63.62714],[9.81446,63.63825],[9.83326,63.64411],[9.82643,63.65351],[9.81715,63.65884],[9.79225,63.66454],[9.79558,63.66852],[9.79737,63.67178],[9.80006,63.67471],[9.80592,63.67764],[9.8034,63.68159],[9.79908,63.69184],[9.84343,63.69623],[9.92408,63.71548],[9.99985,63.72386],[10.03631,63.73461],[10.07097,63.74994],[10.10141,63.76756],[10.07594,63.76582],[10.03028,63.74799],[10.00522,63.74653],[10.00961,63.75764],[10.01759,63.76594],[10.02801,63.77139],[10.03932,63.7744],[10.02955,63.78352],[10.01197,63.7801],[9.99187,63.77204],[9.97389,63.76756],[9.95582,63.7663],[9.90659,63.75727],[9.85759,63.73163],[9.77955,63.72321],[9.72885,63.70209],[9.64894,63.69929],[9.64568,63.69636],[9.64381,63.69164],[9.64283,63.6872],[9.6421,63.68505],[9.63706,63.68431],[9.62582,63.68586],[9.6211,63.68505],[9.58676,63.67137],[9.54412,63.6656],[9.55128,63.68309],[9.56788,63.70677],[9.55274,63.71979],[9.55274,63.72602],[9.71949,63.76288],[9.77809,63.76756],[9.77809,63.7744],[9.58131,63.7591],[9.54591,63.7744],[9.66277,63.81879],[9.83123,63.86164],[9.87428,63.86319],[9.87428,63.86937],[9.83074,63.87059],[9.81121,63.87474],[9.79225,63.88369],[9.8921,63.90253],[9.91236,63.90078],[9.91456,63.89151],[9.90772,63.88642],[9.90675,63.8841],[9.92579,63.88369],[9.93686,63.8863],[9.97047,63.9042],[10.06804,63.91767],[10.11598,63.94111],[10.17368,63.93407],[10.19703,63.9383],[10.17237,63.95722],[10.15887,63.96369],[10.14178,63.96556],[10.12615,63.96206],[10.09571,63.94868],[10.06397,63.94359],[10.03126,63.93427],[9.99391,63.92939],[9.96193,63.91885],[9.94313,63.9184],[9.97267,63.94184],[10.08725,63.9665],[10.1281,63.98672],[10.11305,63.98701],[10.10222,63.98212],[10.09213,63.97606],[10.08033,63.97305],[10.06959,63.9763],[10.06446,63.98282],[10.0586,63.9868],[9.99301,63.96455],[9.96306,63.95966],[9.93629,63.95942],[9.94483,63.97163],[9.97234,63.98383],[9.98414,63.99348],[9.98927,64.00951],[9.99122,64.0257],[9.99806,64.03628],[10.01824,64.0351],[10.01393,64.04426],[10.01441,64.04922],[10.02565,64.06244],[10.01482,64.0705],[10.00318,64.08198],[9.99578,64.09544],[9.99781,64.10957],[10.01368,64.1188],[10.03582,64.11547],[10.08432,64.10126],[10.0984,64.09186],[10.10792,64.08975],[10.19207,64.10147],[10.20883,64.10977],[10.21754,64.12393],[10.19142,64.11738],[10.10768,64.11709],[10.11736,64.13044],[10.1338,64.1385],[10.1526,64.14077],[10.16969,64.13691],[10.16098,64.14765],[10.15602,64.15119],[10.15602,64.15803],[10.19703,64.15803],[10.18523,64.16088],[10.17791,64.16669],[10.17677,64.17495],[10.18336,64.18537],[10.17758,64.18903],[10.17449,64.19257],[10.17237,64.19595],[10.16969,64.19896],[10.18775,64.1979],[10.20541,64.19404],[10.22218,64.19261],[10.23732,64.19896],[10.23439,64.20108],[10.23341,64.2014],[10.23113,64.2058],[10.25465,64.20551],[10.29713,64.20995],[10.32,64.2058],[10.36508,64.18505],[10.37452,64.18537],[10.36541,64.20718],[10.3235,64.22223],[10.24537,64.23379],[10.2588,64.24559],[10.2837,64.25251],[10.33351,64.26044],[10.33082,64.26411],[10.32683,64.27411],[10.35157,64.27497],[10.39731,64.26439],[10.39186,64.27778],[10.39137,64.28779],[10.40748,64.28929],[10.43629,64.28498],[10.44939,64.29043],[10.46258,64.29413],[10.47633,64.29584],[10.49122,64.29523],[10.49122,64.30142],[10.45769,64.30101],[10.44956,64.31281],[10.45216,64.331],[10.45021,64.3498],[10.47096,64.35041],[10.47755,64.3498],[10.47071,64.35663],[10.49391,64.35643],[10.51735,64.35004],[10.55942,64.32933],[10.55356,64.34345],[10.53932,64.35326],[10.50473,64.36408],[10.50473,64.37031],[10.54754,64.36888],[10.56739,64.36392],[10.59832,64.34577],[10.61459,64.34642],[10.64894,64.35663],[10.64894,64.36408],[10.62086,64.36294],[10.60711,64.36555],[10.60108,64.37397],[10.5984,64.383],[10.59132,64.38801],[10.58139,64.39029],[10.57032,64.39077],[10.56691,64.39301],[10.56422,64.3979],[10.56023,64.40278],[10.55299,64.4051],[10.46388,64.4051],[10.47104,64.41572],[10.48308,64.42373],[10.49733,64.4291],[10.51157,64.43171],[10.54412,64.42617],[10.59913,64.40209],[10.62827,64.39765],[10.62322,64.41035],[10.61313,64.4208],[10.60222,64.4265],[10.59425,64.42487],[10.59197,64.43012],[10.58766,64.43277],[10.58546,64.43431],[10.59327,64.44139],[10.59929,64.4488],[10.60475,64.45222],[10.61524,64.4501],[10.63111,64.44074],[10.63893,64.43854],[10.64625,64.43537],[10.65887,64.42129],[10.66627,64.41812],[10.7212,64.41812],[10.73194,64.41576],[10.73666,64.4101],[10.73976,64.40339],[10.74513,64.39765],[10.75375,64.39305],[10.81512,64.37027],[10.83497,64.36913],[10.85499,64.37775],[10.79933,64.40078],[10.78663,64.41128],[10.80519,64.4208],[10.79664,64.43232],[10.77459,64.44188],[10.75262,64.44599],[10.67994,64.43903],[10.65642,64.44599],[10.65642,64.45222],[10.67042,64.45429],[10.69215,64.46792],[10.70411,64.47272],[10.7151,64.47248],[10.74,64.4667],[10.75262,64.46589],[10.75278,64.46817],[10.75441,64.47305],[10.75733,64.47793],[10.76222,64.48017],[10.79282,64.48017],[10.80584,64.47651],[10.82732,64.46727],[10.84116,64.46589],[10.83693,64.4829],[10.82748,64.49189],[10.81471,64.4982],[10.8003,64.50747],[10.82472,64.51138],[10.8484,64.50487],[10.86931,64.49201],[10.88543,64.47647],[10.89226,64.47468],[10.90024,64.48041],[10.90846,64.48835],[10.91635,64.49315],[10.92726,64.49217],[10.93621,64.48745],[10.94549,64.48404],[10.95672,64.48701],[10.92628,64.50202],[10.92262,64.50747],[10.92791,64.51337],[10.93881,64.51293],[10.96412,64.50747],[10.96412,64.51496],[10.94988,64.52049],[10.94874,64.52871],[10.95362,64.53921],[10.95672,64.55219],[10.95167,64.55878],[10.93995,64.56611],[10.92644,64.57241],[10.91635,64.57575],[10.91635,64.58259],[10.92677,64.58198],[10.93483,64.58356],[10.95045,64.59003],[10.95346,64.59276],[10.95574,64.59723],[10.95704,64.6013],[10.95672,64.60301],[10.9712,64.60261],[10.99537,64.5926],[11.05193,64.57982],[11.06031,64.57575],[11.06349,64.56615],[11.05974,64.54743],[11.06349,64.53815],[11.07618,64.52363],[11.08432,64.52147],[11.10133,64.52115],[11.16725,64.48916],[11.17807,64.47866],[11.17612,64.46548],[11.16277,64.44599],[11.18507,64.4416],[11.24537,64.45222],[11.26979,64.45258],[11.29396,64.44916],[11.31772,64.44213],[11.34156,64.43171],[11.3318,64.41209],[11.32032,64.39867],[11.26873,64.36665],[11.22486,64.32246],[11.24741,64.32559],[11.26735,64.3395],[11.29998,64.37031],[11.37762,64.39716],[11.38933,64.4051],[11.36997,64.41071],[11.36207,64.41128],[11.36964,64.42015],[11.39723,64.44575],[11.40984,64.45222],[11.41676,64.45063],[11.43458,64.4409],[11.44337,64.43854],[11.45387,64.43993],[11.47739,64.45222],[11.52027,64.46247],[11.61264,64.46955],[11.65626,64.48017],[11.43775,64.46589],[11.44777,64.477],[11.45167,64.49628],[11.4607,64.51118],[11.47527,64.51724],[11.52133,64.51821],[11.53956,64.52115],[11.53956,64.52798],[11.52809,64.52936],[11.51808,64.53315],[11.51043,64.53937],[11.50603,64.54841],[11.57374,64.55585],[11.55445,64.5445],[11.54705,64.54157],[11.57008,64.53726],[11.65626,64.56952],[11.7505,64.58568],[11.7798,64.59687],[11.65952,64.59431],[11.63575,64.58259],[11.62452,64.5926],[11.62794,64.60261],[11.63356,64.61298],[11.62892,64.62417],[11.61118,64.62861],[11.58912,64.62295],[11.56788,64.61253],[11.55323,64.60301],[11.56267,64.59854],[11.57277,64.59638],[11.58351,64.59601],[11.59474,64.59687],[11.57716,64.57502],[11.54762,64.56818],[11.51678,64.57294],[11.49488,64.58633],[11.48553,64.59528],[11.46388,64.61127],[11.45444,64.62043],[11.44337,64.62714],[11.42953,64.63158],[11.42066,64.63638],[11.42408,64.64399],[11.42408,64.65144],[11.41261,64.65599],[11.40203,64.66315],[11.39568,64.67284],[11.39617,64.68561],[11.40203,64.6883],[11.41139,64.6861],[11.42018,64.6861],[11.42408,64.69587],[11.42066,64.69941],[11.41261,64.70295],[11.40333,64.70563],[11.39617,64.70673],[11.42107,64.71381],[11.47983,64.71955],[11.53175,64.74457],[11.56039,64.74234],[11.58855,64.7364],[11.6159,64.74022],[11.61004,64.74152],[11.59474,64.74771],[11.59522,64.75849],[11.58416,64.76203],[11.56772,64.76333],[11.55323,64.76752],[11.79037,64.78364],[11.82325,64.79377],[11.84181,64.79487],[11.84181,64.80231],[11.73878,64.80231],[11.74562,64.80915],[11.71656,64.81122],[11.67091,64.82062],[11.64324,64.82274],[11.67709,64.8321],[11.78728,64.83584],[11.78679,64.84073],[11.78549,64.84382],[11.7798,64.85008],[11.78728,64.85757],[11.71892,64.84125],[11.6836,64.83706],[11.64943,64.84321],[11.70851,64.8583],[11.72608,64.87661],[11.74545,64.88418],[11.76645,64.88923],[11.81446,64.89509],[11.91684,64.9252],[11.99195,64.93024],[12.0088,64.93602],[12.0193,64.94318],[12.05096,64.95734],[12.06373,64.95995],[12.22486,64.93944],[12.18629,64.95954],[12.14389,64.96943],[12.05348,64.97297],[12.03346,64.96992],[11.99806,64.9562],[11.98219,64.95311],[11.91163,64.94941],[11.73878,64.89106],[11.61703,64.86961],[11.60841,64.86196],[11.62208,64.85008],[11.62208,64.84321],[11.54762,64.81965],[11.52247,64.8159],[11.49497,64.81489],[11.47828,64.81061],[11.46485,64.80121],[11.44744,64.7849],[11.42677,64.77025],[11.40333,64.75971],[11.37859,64.75243],[11.261,64.73436],[11.23854,64.74022],[11.25099,64.74535],[11.31007,64.75601],[11.3379,64.76537],[11.35141,64.76752],[11.36053,64.77123],[11.4214,64.8083],[11.4297,64.8159],[11.34637,64.805],[11.30242,64.82197],[11.25506,64.8166],[11.2317,64.82274],[11.2527,64.83784],[11.28199,64.84455],[11.52377,64.86253],[11.66489,64.89326],[11.69711,64.91218],[11.67254,64.9123],[11.60157,64.89106],[11.24537,64.85757],[11.26726,64.86982],[11.40138,64.92227],[11.42319,64.9252],[11.45021,64.92231],[11.51222,64.89851],[11.53338,64.8959],[11.55421,64.89907],[11.57447,64.90693],[11.59474,64.91836],[11.59474,64.9252],[11.57789,64.92255],[11.54933,64.90794],[11.53395,64.90473],[11.52198,64.90815],[11.47739,64.9326],[11.49537,64.94086],[11.56007,64.95311],[11.58009,64.95283],[11.6211,64.9444],[11.63575,64.94562],[11.63071,64.94892],[11.62241,64.95645],[11.6159,64.95995],[11.62908,64.96589],[11.63982,64.96279],[11.65016,64.95649],[11.6631,64.95311],[11.71062,64.95726],[11.76678,64.97089],[11.77638,64.97671],[11.82016,64.98119],[11.83497,64.98664],[11.81772,64.9914],[11.80453,64.9986],[11.80152,65.00764],[11.81422,65.01801],[11.87257,65.0419],[11.90756,65.04914],[11.94313,65.06244],[11.97853,65.06883],[12.01246,65.05549],[12.00929,65.04609],[12.0101,65.03596],[12.01547,65.02961],[12.02613,65.03132],[12.03142,65.03636],[12.03875,65.05158],[12.04347,65.05899],[12.05445,65.06558],[12.06039,65.06005],[12.06316,65.05069],[12.06373,65.0456],[12.07594,65.03946],[12.09002,65.04145],[12.10369,65.04654],[12.11557,65.0493],[12.13706,65.0467],[12.15317,65.03946],[12.16586,65.02847],[12.17701,65.01459],[12.17636,65.01122],[12.17604,65.00975],[12.17262,65.00361],[12.17319,64.99779],[12.18434,64.99409],[12.19402,64.99486],[12.20151,64.99917],[12.20167,64.99925],[12.20729,65.00605],[12.21119,65.01459],[12.20183,65.01952],[12.19313,65.02595],[12.18686,65.03449],[12.18434,65.0456],[12.19313,65.05048],[12.28093,65.06013],[12.33904,65.08246],[12.36883,65.09028],[12.438,65.08462],[12.47153,65.0893],[12.4861,65.11351],[12.5075,65.12124],[12.60646,65.12596],[12.63624,65.13129],[12.62037,65.13687],[12.61199,65.13825],[12.60222,65.13744],[12.61736,65.14985],[12.63722,65.15351],[12.65838,65.15449],[12.67726,65.15917],[12.71559,65.18464],[12.77459,65.21157],[12.79054,65.21381],[12.79623,65.21898],[12.80104,65.23054],[12.80738,65.24209],[12.81788,65.2473],[12.83806,65.25361],[12.931,65.3124],[12.93995,65.32783],[12.93181,65.3332],[12.89625,65.312],[12.85662,65.29572],[12.84555,65.28946],[12.82537,65.2746],[12.66822,65.19595],[12.5687,65.16669],[12.55372,65.16535],[12.54103,65.16226],[12.5149,65.1481],[12.50278,65.14492],[12.42905,65.13923],[12.39015,65.14252],[12.36883,65.15176],[12.38168,65.17723],[12.47055,65.1826],[12.4992,65.20014],[12.48764,65.20002],[12.46127,65.20283],[12.45143,65.20637],[12.43832,65.21381],[12.43784,65.21613],[12.43873,65.22468],[12.43832,65.22687],[12.417,65.23021],[12.37794,65.22138],[12.35515,65.21996],[12.35515,65.22687],[12.38998,65.24266],[12.40821,65.24689],[12.43092,65.2473],[12.47999,65.2403],[12.50807,65.24067],[12.52019,65.25072],[12.67701,65.24921],[12.71209,65.25414],[12.68068,65.26268],[12.58815,65.26097],[12.51645,65.26777],[12.5027,65.26537],[12.47478,65.25536],[12.45818,65.25414],[12.46266,65.26411],[12.46502,65.26777],[12.43572,65.27334],[12.34547,65.26777],[12.32057,65.2602],[12.29949,65.2447],[12.27622,65.23225],[12.24529,65.23363],[12.25717,65.2451],[12.30047,65.26777],[12.31202,65.27631],[12.33058,65.29511],[12.34213,65.30256],[12.3781,65.30939],[12.41627,65.30878],[12.45143,65.31354],[12.47869,65.33666],[12.45997,65.33682],[12.41033,65.32246],[12.41863,65.33515],[12.43295,65.34455],[12.49203,65.36913],[12.4992,65.37084],[12.50636,65.3688],[12.51027,65.36408],[12.51295,65.35932],[12.51645,65.35716],[12.60084,65.35468],[12.62574,65.34723],[12.63966,65.33527],[12.6565,65.32575],[12.67449,65.32258],[12.69158,65.32982],[12.66277,65.35468],[12.62436,65.35757],[12.58334,65.35847],[12.54705,65.364],[12.5381,65.3725],[12.53395,65.39191],[12.52703,65.40559],[12.51482,65.41694],[12.48878,65.43232],[12.47869,65.44652],[12.52801,65.44868],[12.5486,65.44701],[12.56739,65.43976],[12.57,65.43525],[12.56902,65.42935],[12.56902,65.42349],[12.57423,65.41865],[12.58334,65.41791],[12.59164,65.42988],[12.60222,65.43232],[12.62924,65.42121],[12.68068,65.37995],[12.71209,65.37084],[12.6408,65.41641],[12.62941,65.43232],[12.64975,65.45026],[12.78028,65.45962],[12.74098,65.46776],[12.60841,65.45962],[12.60841,65.46703],[12.62078,65.46967],[12.64389,65.47809],[12.65691,65.4807],[12.6338,65.48798],[12.59653,65.48859],[12.57797,65.49803],[12.56463,65.51366],[12.57325,65.51927],[12.59352,65.52192],[12.61573,65.52851],[12.59425,65.534],[12.57944,65.54951],[12.5726,65.56989],[12.57423,65.58999],[12.55193,65.56802],[12.53712,65.53482],[12.51368,65.51215],[12.46502,65.52167],[12.48634,65.53803],[12.50815,65.54914],[12.52573,65.56184],[12.53387,65.58316],[12.51002,65.57372],[12.46656,65.53685],[12.43832,65.52851],[12.40431,65.53498],[12.39649,65.55191],[12.40431,65.57412],[12.41717,65.59675],[12.39731,65.59626],[12.38168,65.59243],[12.36842,65.59268],[12.35515,65.60419],[12.35711,65.60773],[12.35914,65.61758],[12.35768,65.6293],[12.34889,65.63837],[12.36411,65.65249],[12.3982,65.67121],[12.41375,65.68277],[12.43043,65.70043],[12.43832,65.706],[12.44801,65.71044],[12.46681,65.71674],[12.4756,65.72403],[12.49537,65.73334],[12.52508,65.73436],[12.55453,65.7294],[12.57423,65.72028],[12.58131,65.71308],[12.58546,65.70661],[12.58741,65.69937],[12.5879,65.6896],[12.59425,65.68635],[12.63624,65.68618],[12.62647,65.6811],[12.61573,65.67329],[12.60825,65.66315],[12.60841,65.65135],[12.615,65.65249],[12.65691,65.63837],[12.69313,65.64427],[12.71241,65.64411],[12.7409,65.62971],[12.75782,65.63019],[12.77491,65.63394],[12.78712,65.63837],[12.77687,65.64907],[12.75815,65.65526],[12.73707,65.65815],[12.69662,65.65913],[12.6836,65.66144],[12.67433,65.66747],[12.66358,65.67935],[12.65846,65.69009],[12.65593,65.70116],[12.65016,65.70991],[12.6233,65.71564],[12.58644,65.72773],[12.57423,65.73395],[12.55779,65.75373],[12.56715,65.76655],[12.61573,65.78913],[12.63429,65.80272],[12.64536,65.80769],[12.66033,65.80972],[12.67311,65.80585],[12.68507,65.7978],[12.69874,65.79059],[12.71754,65.78913],[12.7046,65.80223],[12.71119,65.82713],[12.6937,65.83552],[12.66619,65.83422],[12.62631,65.82738],[12.61573,65.82795],[12.61166,65.83466],[12.61573,65.85065],[12.6198,65.85529],[12.63136,65.85977],[12.63624,65.86432],[12.63893,65.87116],[12.64039,65.88565],[12.64243,65.89159],[12.66041,65.91181],[12.6823,65.92666],[12.78907,65.96499],[12.81739,65.96874],[12.84848,65.9667],[12.91749,65.95303],[12.9297,65.94627],[12.95167,65.93073],[12.96583,65.92573],[12.98536,65.92528],[13.0228,65.92976],[13.04037,65.92573],[13.0486,65.91962],[13.05934,65.90497],[13.06821,65.89838],[13.07732,65.89541],[13.094,65.8937],[13.10255,65.89159],[13.10808,65.89134],[13.11492,65.89232],[13.12045,65.89216],[13.12289,65.88817],[13.12273,65.87954],[13.12289,65.87792],[13.15699,65.85065],[13.17604,65.85578],[13.167,65.87165],[13.15105,65.89248],[13.14967,65.91209],[13.13356,65.92426],[13.12599,65.93334],[13.12289,65.9431],[13.11256,65.94684],[13.04851,65.94684],[12.97836,65.95991],[12.94239,65.97386],[12.92433,65.99404],[12.94557,65.99982],[12.96315,66.0102],[12.96803,66.02285],[12.95151,66.03559],[12.97055,66.0528],[13.02361,66.06729],[13.04037,66.08344],[13.00221,66.08267],[12.92726,66.06147],[12.71209,66.04243],[12.71551,66.04694],[12.71713,66.05012],[12.71957,66.05288],[12.7256,66.0561],[12.7129,66.06147],[12.69939,66.06338],[12.67042,66.06289],[12.68718,66.07461],[12.75172,66.10513],[12.7732,66.11131],[12.80592,66.11563],[12.86899,66.13434],[13.04754,66.15229],[13.07537,66.14606],[13.08953,66.14615],[13.09555,66.15542],[13.10369,66.16157],[13.15675,66.16938],[13.17351,66.17536],[13.22535,66.18578],[13.306,66.21792],[13.52719,66.24014],[13.56178,66.2342],[13.57651,66.21894],[13.55738,66.20515],[13.5232,66.19571],[13.49285,66.1933],[13.49285,66.18578],[13.58229,66.18578],[13.57162,66.17243],[13.54461,66.152],[13.53443,66.13862],[13.53012,66.12027],[13.5359,66.11054],[13.5477,66.10798],[13.56178,66.11131],[13.57358,66.11921],[13.60092,66.1433],[13.61695,66.15229],[13.63966,66.15729],[13.71193,66.15851],[13.74659,66.16625],[13.76027,66.16596],[13.77101,66.16324],[13.78981,66.15526],[13.82162,66.14704],[13.83041,66.14875],[13.83481,66.15851],[13.8318,66.16852],[13.82244,66.17182],[13.77662,66.17617],[13.70509,66.17276],[13.60955,66.18578],[13.64112,66.22061],[13.69646,66.23871],[13.75782,66.24242],[13.80812,66.2342],[13.79916,66.22378],[13.77296,66.21027],[13.76027,66.19945],[13.78842,66.20083],[13.83668,66.22207],[13.97291,66.23794],[13.98618,66.24103],[13.99635,66.24974],[14.00229,66.26105],[14.00978,66.27094],[14.03598,66.27749],[14.05161,66.28726],[14.08676,66.29291],[14.1128,66.30231],[14.13461,66.31639],[14.14389,66.33381],[14.13054,66.34309],[14.10011,66.33686],[14.04835,66.3168],[13.96404,66.30476],[13.93849,66.29564],[13.91537,66.27196],[13.90748,66.26838],[13.80348,66.27778],[13.78028,66.28262],[13.76433,66.29344],[13.75375,66.29584],[13.73927,66.28946],[13.74041,66.27753],[13.72364,66.26411],[13.69907,66.25308],[13.6198,66.24091],[13.59164,66.24384],[13.57545,66.26215],[13.62322,66.27521],[13.61305,66.28095],[13.60092,66.28588],[13.58815,66.28905],[13.57545,66.28946],[13.56349,66.28612],[13.50318,66.25902],[13.46754,66.25544],[13.41375,66.24315],[13.32732,66.2458],[13.28736,66.24103],[13.20476,66.20466],[13.06935,66.17406],[13.04037,66.17963],[13.03159,66.19823],[13.05519,66.21088],[13.08937,66.22069],[13.11248,66.23078],[13.13445,66.24706],[13.1631,66.2591],[13.3213,66.30028],[13.49431,66.29999],[13.53443,66.30931],[13.50563,66.31859],[13.40349,66.3168],[13.41131,66.32734],[13.42335,66.33246],[13.45191,66.33723],[13.43287,66.34325],[13.41554,66.3426],[13.37989,66.33723],[13.36476,66.33832],[13.35792,66.34174],[13.35239,66.34789],[13.34205,66.35712],[13.3235,66.36937],[13.31088,66.3745],[13.30698,66.36913],[13.31471,66.35029],[13.33082,66.3371],[13.33766,66.32783],[13.3318,66.32363],[13.31739,66.32184],[13.22657,66.29735],[13.21209,66.29564],[13.15528,66.3037],[13.13657,66.30313],[13.14682,66.30903],[13.15772,66.31826],[13.16163,66.32673],[13.15024,66.33039],[13.1338,66.3288],[13.09555,66.3168],[13.06414,66.31436],[13.03728,66.31997],[13.01564,66.33413],[13.00001,66.35712],[13.14096,66.38613],[13.17066,66.41234],[13.1657,66.41641],[13.16131,66.42207],[13.15821,66.42894],[13.15699,66.43659],[13.14967,66.44355],[13.10255,66.45392],[13.11622,66.45922],[13.13168,66.46092],[13.16383,66.46015],[13.16383,66.46699],[13.14877,66.4704],[13.11703,66.47138],[13.10255,66.47443],[13.09278,66.48168],[13.0879,66.49047],[13.0818,66.49799],[13.06821,66.50113],[13.04054,66.50202],[13.0171,66.50528],[12.99537,66.51179],[12.97202,66.5222],[13.10255,66.54271],[13.11346,66.54047],[13.13331,66.53067],[13.18588,66.52155],[13.20899,66.51411],[13.21909,66.50483],[13.22242,66.49079],[13.22853,66.47846],[13.23146,66.46809],[13.22535,66.46015],[13.22535,66.45392],[13.36207,66.45551],[13.39723,66.46699],[13.28785,66.46011],[13.26686,66.46699],[13.27052,66.48383],[13.28443,66.49848],[13.28777,66.50951],[13.25953,66.51537],[13.25953,66.5222],[13.28492,66.52411],[13.33033,66.53901],[13.35597,66.54271],[13.44142,66.53994],[13.46583,66.54645],[13.48943,66.55012],[13.51759,66.54462],[13.56861,66.52847],[13.61915,66.51903],[13.67107,66.51537],[13.64894,66.53059],[13.62338,66.53876],[13.47999,66.555],[13.45875,66.56379],[13.50709,66.5843],[13.60133,66.60725],[13.72625,66.6048],[13.68751,66.61579],[13.50278,66.60651],[13.47242,66.59736],[13.42335,66.56281],[13.39633,66.55732],[13.33522,66.55634],[13.27036,66.54792],[13.23902,66.54841],[13.20485,66.55634],[13.20973,66.57368],[13.21811,66.58307],[13.24586,66.59797],[13.23927,66.6009],[13.23276,66.6048],[13.25001,66.61384],[13.28826,66.6164],[13.33221,66.62629],[13.3816,66.61909],[13.40349,66.62523],[13.3733,66.63329],[13.25074,66.63312],[13.17066,66.65192],[13.19117,66.66657],[13.21388,66.66254],[13.23732,66.654],[13.2601,66.65534],[13.28395,66.66071],[13.30698,66.65693],[13.32887,66.64985],[13.34889,66.64574],[13.37534,66.6481],[13.42514,66.65917],[13.45191,66.65876],[13.52133,66.64061],[13.54737,66.63825],[13.52263,66.66108],[13.48015,66.67528],[13.26686,66.70165],[13.22535,66.71402],[13.25603,66.72407],[13.49318,66.71402],[13.50025,66.71084],[13.51661,66.69672],[13.5276,66.69355],[13.69313,66.69131],[13.71876,66.70038],[13.69825,66.70722],[13.69825,66.71402],[13.799,66.71149],[13.85125,66.71711],[13.89015,66.73509],[13.71193,66.73509],[13.67693,66.73078],[13.61069,66.71418],[13.57545,66.71402],[13.54713,66.72431],[13.54322,66.7392],[13.55877,66.75348],[13.58912,66.76179],[13.71803,66.75056],[13.75294,66.76179],[13.72104,66.76952],[13.56365,66.77717],[13.55128,66.77237],[13.54331,66.77147],[13.50709,66.78229],[13.54184,66.80321],[13.61215,66.8098],[13.68727,66.80703],[13.76832,66.79263],[13.99301,66.78974],[13.94801,66.8002],[13.80144,66.80956],[13.78541,66.81367],[13.75847,66.83234],[13.73927,66.83755],[13.70289,66.83222],[13.68832,66.83503],[13.67791,66.85114],[13.68426,66.85212],[13.69337,66.85639],[13.69825,66.85798],[13.68523,66.86127],[13.65707,66.86371],[13.64389,66.86799],[13.63771,66.8747],[13.63624,66.89167],[13.63063,66.8996],[13.60572,66.90689],[13.54754,66.8996],[13.52076,66.90575],[13.54363,66.92186],[13.56495,66.93236],[13.58969,66.93818],[13.74448,66.93696],[13.78028,66.94611],[13.77296,66.95087],[13.76832,66.95612],[13.76027,66.96784],[13.83904,66.9641],[13.8628,66.96784],[13.86915,66.9715],[13.88217,66.98347],[13.89015,66.98835],[13.90162,66.99213],[13.91326,66.99396],[13.93849,66.99457],[13.97267,66.99457],[13.95777,66.97403],[13.93629,66.96601],[13.91245,66.96198],[13.89015,66.95356],[13.91749,66.9289],[13.93458,66.92219],[13.95899,66.92695],[13.95191,66.92792],[13.93165,66.93309],[13.97999,66.95356],[13.98227,66.95673],[13.98316,66.96161],[13.98569,66.96597],[13.99301,66.96784],[14.02052,66.96638],[14.02784,66.96784],[14.04379,66.98094],[14.04274,66.99506],[14.03093,67.00922],[14.01433,67.02253],[14.0232,67.03002],[14.03289,67.04865],[14.04029,67.05598],[14.05991,67.06086],[14.07154,67.05341],[14.07887,67.04243],[14.08562,67.03681],[14.0853,67.03042],[14.09929,67.00308],[14.10939,66.99067],[14.15154,66.97163],[14.16456,66.97907],[14.17709,66.97956],[14.19068,66.97655],[14.20086,66.97761],[14.2107,66.98017],[14.22283,66.98151],[14.22674,66.98359],[14.22625,66.99258],[14.22967,66.99457],[14.25172,67.00385],[14.26905,67.02399],[14.27076,67.04316],[14.24635,67.04979],[14.27215,67.06],[14.41822,67.06342],[14.43735,67.06025],[14.47413,67.04613],[14.49342,67.04296],[14.52955,67.04849],[14.54428,67.04536],[14.55543,67.02928],[14.5525,67.0185],[14.56821,67.01813],[14.58774,67.02676],[14.59588,67.04296],[14.58131,67.05842],[14.55177,67.06411],[14.49684,67.06342],[14.37672,67.0777],[14.29005,67.07583],[14.26743,67.08393],[14.28745,67.08983],[14.30372,67.1009],[14.31902,67.11384],[14.33578,67.1249],[14.32179,67.13642],[14.32814,67.14704],[14.34522,67.15522],[14.36305,67.15965],[14.45191,67.16584],[14.44215,67.15925],[14.42799,67.14509],[14.4157,67.12938],[14.41139,67.11872],[14.42286,67.10944],[14.44077,67.11518],[14.45932,67.12775],[14.47291,67.13923],[14.46746,67.14252],[14.46461,67.14566],[14.46258,67.14899],[14.45924,67.15282],[14.67693,67.15957],[14.70924,67.15082],[14.73365,67.1249],[14.74334,67.11831],[14.75034,67.12393],[14.75074,67.13516],[14.74724,67.14541],[14.73666,67.15583],[14.72316,67.1612],[14.65138,67.1767],[14.51393,67.18012],[14.53647,67.19009],[14.57,67.20002],[14.60377,67.20425],[14.62721,67.19721],[14.65162,67.18525],[14.67872,67.18781],[14.70582,67.19595],[14.74252,67.20279],[14.76735,67.21214],[14.78142,67.2143],[14.88299,67.2062],[14.97934,67.2143],[14.97934,67.20686],[14.93767,67.20454],[14.92482,67.20063],[14.93263,67.18049],[14.91969,67.17194],[14.90073,67.16576],[14.89064,67.15282],[14.8991,67.14159],[14.94117,67.12368],[14.97291,67.10383],[14.99391,67.09907],[15.00799,67.1022],[15.00392,67.11494],[14.98634,67.12824],[14.94923,67.14191],[14.93165,67.15282],[14.94418,67.15766],[15.00538,67.19741],[15.01954,67.20409],[15.07399,67.21336],[15.09457,67.21336],[15.12989,67.19579],[15.15089,67.1931],[15.2186,67.19229],[15.23943,67.18789],[15.28175,67.17329],[15.30063,67.16901],[15.35678,67.16584],[15.38331,67.15672],[15.39471,67.14204],[15.39194,67.12214],[15.37672,67.0976],[15.40406,67.08442],[15.43556,67.07575],[15.469,67.07119],[15.50147,67.07026],[15.49122,67.08051],[15.45485,67.09007],[15.43873,67.0976],[15.44239,67.10806],[15.43873,67.11872],[15.47047,67.14277],[15.48032,67.15282],[15.47291,67.15282],[15.45541,67.17178],[15.40073,67.18789],[15.37672,67.20063],[15.41049,67.21312],[15.45509,67.21357],[15.71632,67.17329],[15.74041,67.17329],[15.73316,67.18757],[15.72039,67.1933],[15.70558,67.19746],[15.69264,67.20686],[15.70631,67.2143],[15.60621,67.20283],[15.55047,67.21955],[15.40797,67.23574],[15.38356,67.23469],[15.35678,67.22797],[15.3117,67.20889],[15.28745,67.20563],[15.26124,67.2143],[15.28321,67.22061],[15.30763,67.22191],[15.32911,67.2263],[15.34246,67.2416],[15.28297,67.24702],[15.26808,67.2447],[15.25538,67.2403],[15.24098,67.23713],[15.21274,67.23477],[15.06251,67.24775],[15.07781,67.26044],[15.09791,67.26366],[15.11899,67.26439],[15.13771,67.26952],[15.14747,67.27774],[15.16505,67.31049],[15.13795,67.31102],[15.05519,67.29621],[15.02784,67.29426],[15.01352,67.29165],[15.00733,67.28628],[15.00473,67.27871],[14.9983,67.27351],[14.98951,67.27049],[14.97999,67.26952],[14.90935,67.27473],[14.77459,67.26952],[14.78924,67.26366],[14.82065,67.26118],[14.83546,67.25528],[14.81121,67.2447],[14.67384,67.2167],[14.61695,67.2143],[14.67286,67.23371],[14.69459,67.24844],[14.69207,67.26952],[14.69947,67.2757],[14.68181,67.27827],[14.66245,67.27473],[14.62379,67.26211],[14.57569,67.2519],[14.4109,67.24775],[14.39064,67.24433],[14.37029,67.23798],[14.34938,67.23505],[14.3283,67.2416],[14.39161,67.25983],[14.41139,67.26952],[14.40691,67.27806],[14.41782,67.28449],[14.45191,67.29621],[14.4922,67.3229],[14.60174,67.37735],[14.61158,67.38788],[14.60524,67.39378],[14.57594,67.3924],[14.57594,67.39863],[14.58668,67.39863],[14.59702,67.40009],[14.61695,67.40607],[14.62306,67.42064],[14.65252,67.42634],[14.74244,67.42007],[14.77198,67.42329],[14.79998,67.42182],[14.82244,67.40607],[14.8143,67.40278],[14.80787,67.39802],[14.79509,67.38556],[14.82472,67.37832],[14.85402,67.38898],[14.88299,67.40477],[14.91147,67.41291],[14.94467,67.41596],[14.98276,67.42381],[15.049,67.44701],[14.93914,67.44086],[14.82244,67.44701],[14.82781,67.4501],[14.84278,67.46133],[14.82252,67.46601],[14.78419,67.46247],[14.76775,67.46747],[14.78077,67.475],[14.76857,67.48078],[14.75522,67.48526],[14.74122,67.48786],[14.72682,67.48867],[14.74008,67.50096],[14.7658,67.51435],[14.79412,67.52521],[14.99041,67.57062],[15.05885,67.57734],[15.08351,67.57368],[15.11541,67.56395],[15.14389,67.55061],[15.15887,67.53579],[15.14617,67.53238],[15.13331,67.5305],[15.10694,67.52961],[15.09734,67.53172],[15.08041,67.54116],[15.05152,67.54926],[15.03004,67.55976],[15.00831,67.56367],[14.98683,67.54951],[15.00603,67.54084],[15.03639,67.51854],[15.05519,67.51594],[15.01043,67.48701],[14.88502,67.4864],[14.82928,67.475],[14.85385,67.47016],[14.98715,67.46597],[15.01678,67.46874],[15.0381,67.47801],[15.05592,67.48871],[15.07936,67.49628],[15.10369,67.5008],[15.12403,67.50226],[15.14178,67.5069],[15.15895,67.51577],[15.17579,67.52131],[15.19288,67.51594],[15.18816,67.50869],[15.19142,67.50165],[15.20037,67.49649],[15.21274,67.49482],[15.21274,67.48867],[15.19793,67.48404],[15.18287,67.48184],[15.15138,67.48115],[15.15138,67.475],[15.15707,67.4737],[15.17237,67.46747],[15.1644,67.45502],[15.15358,67.44648],[15.14332,67.43671],[15.13771,67.42036],[15.15561,67.42438],[15.18922,67.44286],[15.20965,67.44701],[15.21713,67.44953],[15.22267,67.45571],[15.22584,67.46357],[15.22706,67.47126],[15.23113,67.47606],[15.24098,67.47919],[15.37127,67.48774],[15.42905,67.48298],[15.47291,67.46133],[15.47934,67.45279],[15.4922,67.43146],[15.54176,67.37938],[15.54396,67.37352],[15.54558,67.35847],[15.5486,67.35147],[15.55152,67.35029],[15.57594,67.331],[15.60914,67.31509],[15.64479,67.30305],[15.64479,67.29621],[15.60483,67.29092],[15.60353,67.28034],[15.62615,67.27261],[15.65846,67.2757],[15.70004,67.30305],[15.69223,67.31265],[15.63795,67.32416],[15.62143,67.33369],[15.61866,67.33955],[15.62037,67.34614],[15.61744,67.35765],[15.59929,67.37686],[15.59645,67.38251],[15.58546,67.39557],[15.56031,67.40961],[15.51441,67.4265],[15.52996,67.43887],[15.56642,67.45132],[15.58277,67.46133],[15.55421,67.46076],[15.54078,67.46247],[15.52866,67.46747],[15.55844,67.49335],[15.59791,67.50991],[15.78631,67.55061],[15.89796,67.55687],[15.86818,67.57323],[15.66814,67.55195],[15.55592,67.51594],[15.49871,67.51048],[15.26735,67.52436],[15.23927,67.52924],[15.22706,67.5395],[15.22836,67.55878],[15.23341,67.56672],[15.26124,67.57734],[15.25571,67.57868],[15.24073,67.58422],[15.27565,67.59357],[15.30787,67.59414],[15.37672,67.58422],[15.4109,67.58344],[15.42563,67.57917],[15.43637,67.5598],[15.44662,67.56171],[15.45818,67.56892],[15.46608,67.57734],[15.41879,67.60468],[15.42433,67.60586],[15.43873,67.61213],[15.42384,67.62385],[15.40659,67.63129],[15.38819,67.63239],[15.37045,67.62519],[15.38038,67.61518],[15.38404,67.61213],[15.35914,67.60521],[15.33082,67.61127],[15.30177,67.621],[15.27491,67.62519],[15.22291,67.61188],[15.19435,67.60871],[15.17856,67.61835],[15.19646,67.6446],[15.33693,67.6872],[15.30494,67.68659],[15.2894,67.68842],[15.27491,67.69404],[15.29152,67.71491],[15.30112,67.7202],[15.31577,67.72199],[15.33033,67.72036],[15.36866,67.71027],[15.41228,67.68891],[15.54176,67.67357],[15.52174,67.68964],[15.51441,67.69404],[15.65846,67.68041],[15.58725,67.70433],[15.54811,67.71125],[15.48658,67.69892],[15.45729,67.70783],[15.40455,67.73505],[15.40455,67.74189],[15.59693,67.74885],[15.65846,67.73505],[15.79965,67.67902],[15.82203,67.6778],[15.8366,67.69404],[15.82106,67.69359],[15.80681,67.69575],[15.79379,67.70043],[15.78191,67.70771],[15.78533,67.7143],[15.78549,67.72187],[15.78875,67.72822],[15.6692,67.76179],[15.63054,67.76236],[15.64064,67.77534],[15.65748,67.78246],[15.67628,67.78807],[15.69264,67.79645],[15.67514,67.7967],[15.65984,67.79377],[15.6111,67.77631],[15.59498,67.77387],[15.41139,67.79645],[15.42156,67.81314],[15.44614,67.83218],[15.44606,67.84492],[15.43279,67.86074],[15.42091,67.85684],[15.41114,67.84186],[15.40455,67.82441],[15.38356,67.85529],[15.36948,67.86518],[15.35678,67.85114],[15.36012,67.84345],[15.37892,67.81493],[15.38404,67.8039],[15.30893,67.77603],[15.26222,67.75226],[15.22381,67.74335],[15.1937,67.71992],[15.18198,67.71455],[15.16245,67.71247],[15.0407,67.67756],[14.9524,67.66364],[14.93531,67.65619],[14.91814,67.65152],[14.83611,67.64252],[14.80844,67.64834],[14.7527,67.64802],[14.72682,67.65937],[14.87696,67.70026],[14.87696,67.70771],[14.78077,67.71455],[14.79298,67.72883],[14.81414,67.72891],[14.83741,67.72443],[14.85646,67.72508],[14.8755,67.73115],[15.1172,67.74189],[15.08758,67.74848],[15.04998,67.74494],[15.01531,67.74665],[14.99366,67.76923],[15.01515,67.7746],[15.03468,67.78286],[14.87696,67.77326],[14.82928,67.76236],[14.83961,67.76582],[14.84303,67.76923],[14.83961,67.77261],[14.82928,67.77603],[14.83123,67.79181],[14.81935,67.79743],[14.80226,67.79401],[14.78834,67.78286],[14.77858,67.7849],[14.76954,67.78974],[14.76124,67.79645],[14.75408,67.8039],[14.77296,67.81598],[14.7894,67.82282],[14.80698,67.82534],[14.87322,67.82294],[14.95932,67.83723],[15.06324,67.83877],[15.10287,67.85114],[15.07586,67.86152],[14.84962,67.84492],[14.84962,67.85114],[14.85922,67.85057],[14.86744,67.85187],[14.8838,67.85855],[14.89943,67.87299],[14.94532,67.88679],[14.99871,67.89545],[15.03631,67.89448],[15.08497,67.88727],[15.19207,67.88605],[15.23325,67.87222],[15.21632,67.86823],[15.20118,67.85981],[15.19337,67.84736],[15.19907,67.83124],[15.30209,67.89037],[15.33693,67.89956],[15.33806,67.89183],[15.35987,67.89167],[15.48316,67.91767],[15.53549,67.91987],[15.54347,67.91698],[15.51759,67.88931],[15.51002,67.88337],[15.50465,67.88011],[15.50318,67.87543],[15.50758,67.86542],[15.5149,67.85635],[15.52345,67.85179],[15.53256,67.85236],[15.54176,67.85855],[15.52426,67.86677],[15.52443,67.878],[15.53492,67.8898],[15.5486,67.89956],[15.56593,67.90615],[15.58399,67.91014],[15.59799,67.91669],[15.60377,67.93057],[15.75229,67.95209],[15.78875,67.95136],[15.82081,67.93765],[15.83221,67.9274],[15.8366,67.9101],[15.84099,67.90107],[15.8506,67.89834],[15.86012,67.89964],[15.86451,67.9029],[15.87078,67.92682],[15.88551,67.93887],[15.93214,67.95783],[15.945,67.96556],[15.95281,67.97394],[15.96632,67.9951],[15.9533,67.9951],[15.96876,68.00861],[16.00066,68.01227],[16.06316,68.00943],[16.06316,68.01618],[15.90089,68.02359],[15.85027,68.03669],[15.85027,68.04291],[15.88803,68.05793],[15.89828,68.06684],[15.87745,68.07087],[15.865,68.06782],[15.82472,68.05268],[15.81617,68.04662],[15.78924,68.03433],[15.60239,68.03827],[15.59303,68.04312],[15.58741,68.05146],[15.57594,68.06342],[15.55877,68.07355],[15.54542,68.07469],[15.53354,68.07022],[15.52068,68.06342],[15.38404,68.02302],[15.39283,68.0113],[15.40707,68.00959],[15.42351,68.01118],[15.43873,68.00943],[15.3982,67.99494],[15.35678,67.99592],[15.31707,68.01048],[15.28175,68.03669],[15.29428,68.04719],[15.30958,68.05134],[15.32618,68.05337],[15.34246,68.0572],[15.3545,68.07998],[15.40358,68.10456],[15.46339,68.12421],[15.50758,68.13227],[15.50196,68.11799],[15.50408,68.10517],[15.51295,68.09565],[15.52866,68.0913],[15.53354,68.09431],[15.53492,68.10855],[15.53834,68.1118],[15.58302,68.1118],[15.59311,68.11555],[15.62989,68.13459],[15.63795,68.14281],[15.63624,68.16551],[15.64373,68.16893],[15.66578,68.16706],[15.66277,68.16307],[15.66114,68.15965],[15.66017,68.15632],[15.65846,68.15278],[15.67742,68.14891],[15.71648,68.14557],[15.73414,68.13972],[15.71811,68.13154],[15.70004,68.12604],[15.71355,68.12128],[15.72836,68.11311],[15.73748,68.10277],[15.73414,68.0913],[15.71013,68.08462],[15.6443,68.09663],[15.61744,68.0913],[15.62696,68.08462],[15.62859,68.0764],[15.62468,68.06713],[15.61744,68.0572],[15.62843,68.05305],[15.64031,68.05061],[15.65284,68.04971],[15.66578,68.05036],[15.6574,68.06672],[15.66944,68.07233],[15.73463,68.07233],[15.76149,68.07762],[15.76417,68.08088],[15.76384,68.0854],[15.76645,68.08955],[15.77849,68.0913],[15.82423,68.09227],[15.84449,68.09626],[15.86451,68.10497],[15.89178,68.12543],[15.90675,68.13247],[15.9253,68.13227],[15.88941,68.1542],[15.87233,68.16966],[15.87078,68.18692],[15.88868,68.19245],[15.91652,68.187],[15.94207,68.18594],[15.9533,68.20458],[15.95094,68.21332],[15.94703,68.22236],[15.94508,68.23115],[15.94956,68.239],[15.96404,68.24722],[15.97967,68.25007],[16.01466,68.24958],[16.03785,68.24299],[16.04542,68.22801],[16.04981,68.21174],[16.06316,68.20116],[16.05616,68.19253],[16.0477,68.18578],[16.03826,68.18171],[16.02784,68.18073],[16.04249,68.1623],[16.06202,68.16397],[16.0818,68.17207],[16.09718,68.17329],[16.10402,68.16022],[16.09995,68.14191],[16.09034,68.12568],[16.06967,68.11249],[16.07456,68.09858],[16.08985,68.07421],[16.08367,68.05736],[16.06935,68.04829],[16.0534,68.04108],[16.042,68.02985],[16.15797,67.9997],[16.19288,67.98151],[16.21062,67.95881],[16.21388,67.93464],[16.21323,67.91161],[16.22006,67.89273],[16.23683,67.88361],[16.28199,67.87718],[16.29933,67.8688],[16.31023,67.86127],[16.43735,67.80756],[16.48471,67.7978],[16.51498,67.8039],[16.48927,67.80878],[16.4603,67.81769],[16.44353,67.83153],[16.45346,67.85114],[16.31105,67.87397],[16.26856,67.88931],[16.25457,67.90034],[16.25766,67.90892],[16.26791,67.91718],[16.2754,67.92682],[16.27573,67.94082],[16.27125,67.96491],[16.2754,67.97529],[16.26051,67.98688],[16.24334,67.99433],[16.20704,68.00259],[16.2448,68.00943],[16.27426,68.00568],[16.30112,67.9936],[16.40593,67.9195],[16.41261,67.90632],[16.45265,67.89899],[16.46656,67.89956],[16.46258,67.90754],[16.45818,67.91429],[16.44606,67.92682],[16.45118,67.92984],[16.46119,67.93773],[16.46656,67.9405],[16.452,67.94648],[16.40577,67.95478],[16.39617,67.95893],[16.37159,67.97529],[16.33481,67.99445],[16.33351,68.00243],[16.35743,68.00943],[16.38038,68.00894],[16.39723,68.00088],[16.42628,67.97529],[16.45151,67.96279],[16.48178,67.95718],[16.51336,67.95698],[16.54225,67.96101],[16.52394,67.96743],[16.48113,67.96955],[16.46339,67.97834],[16.46339,67.9877],[16.47462,67.99803],[16.50074,68.01618],[16.36476,68.02985],[16.37371,68.04633],[16.38917,68.05927],[16.40772,68.06782],[16.42628,68.07087],[16.44264,68.07612],[16.45191,68.08661],[16.46363,68.09431],[16.48707,68.0913],[16.55014,68.06623],[16.66277,68.05069],[16.68629,68.0572],[16.68068,68.05809],[16.66521,68.06342],[16.67693,68.06843],[16.68897,68.07103],[16.577,68.08511],[16.55494,68.09272],[16.52125,68.11196],[16.50074,68.1186],[16.44508,68.11555],[16.34645,68.08218],[16.28907,68.0913],[16.29379,68.09638],[16.30275,68.1118],[16.26954,68.11669],[16.25367,68.12165],[16.24122,68.13227],[16.29347,68.12564],[16.32,68.1258],[16.36012,68.14411],[16.40211,68.13703],[16.41261,68.14594],[16.40553,68.14875],[16.39894,68.15278],[16.41627,68.15876],[16.43483,68.15742],[16.45411,68.15363],[16.4734,68.15278],[16.46437,68.16572],[16.44801,68.17349],[16.41261,68.18073],[16.41261,68.18692],[16.54518,68.16502],[16.5901,68.16706],[16.5726,68.17365],[16.53297,68.17817],[16.47633,68.19912],[16.46681,68.20116],[16.45997,68.20547],[16.46046,68.22419],[16.45314,68.22846],[16.44125,68.22529],[16.41782,68.21117],[16.40577,68.20799],[16.17205,68.20368],[16.16212,68.21113],[16.18336,68.22114],[16.21372,68.22626],[16.34734,68.22846],[16.35613,68.23184],[16.35564,68.239],[16.34913,68.24628],[16.34018,68.24958],[16.19093,68.25845],[16.1198,68.27383],[16.10336,68.28315],[16.12135,68.28998],[16.14967,68.31306],[16.17237,68.31786],[16.19239,68.31586],[16.22731,68.30695],[16.24757,68.30419],[16.26051,68.30492],[16.27101,68.30683],[16.28175,68.30744],[16.29591,68.30419],[16.30291,68.29963],[16.31088,68.28734],[16.3169,68.28315],[16.3392,68.27985],[16.38844,68.28413],[16.39894,68.27692],[16.50831,68.25544],[16.55983,68.23282],[16.56275,68.19432],[16.73951,68.1389],[16.77174,68.13264],[16.80299,68.13227],[16.74928,68.15803],[16.74155,68.17015],[16.73129,68.1767],[16.64373,68.20173],[16.61215,68.21906],[16.59262,68.23949],[16.60377,68.2558],[16.56739,68.27631],[16.5228,68.28889],[16.41188,68.29877],[16.35776,68.31184],[16.34018,68.32099],[16.31772,68.32941],[16.26433,68.32429],[16.24122,68.33153],[16.28159,68.34455],[16.26588,68.34699],[16.2352,68.34512],[16.22006,68.35139],[16.26393,68.36221],[16.35613,68.37092],[16.42286,68.38935],[16.69459,68.40546],[16.72202,68.40144],[16.80299,68.3793],[16.84897,68.37848],[16.86988,68.37255],[16.87867,68.35513],[16.87127,68.35029],[16.83595,68.33242],[16.82407,68.32404],[16.8475,68.32343],[16.9948,68.34455],[17.02955,68.35822],[17.04689,68.36262],[17.12729,68.37287],[17.14503,68.36872],[17.17547,68.3417],[17.18312,68.33771],[17.19313,68.30785],[17.19679,68.30048],[17.22381,68.28425],[17.33058,68.2558],[17.31235,68.23664],[17.31007,68.23225],[17.31316,68.22309],[17.32,68.2176],[17.32691,68.21332],[17.33058,68.20799],[17.32716,68.19147],[17.31984,68.17853],[17.31861,68.17007],[17.334,68.16706],[17.35499,68.17186],[17.36402,68.18354],[17.36305,68.19806],[17.35434,68.21113],[17.35206,68.22553],[17.37403,68.2329],[17.41993,68.23591],[17.38998,68.26683],[17.35222,68.28473],[17.26856,68.31037],[17.25147,68.31859],[17.23601,68.32856],[17.22299,68.33959],[17.21388,68.35139],[17.20606,68.37299],[17.21656,68.37788],[17.23618,68.37987],[17.25554,68.39301],[17.25278,68.39663],[17.24789,68.40599],[17.32797,68.40839],[17.49578,68.36506],[17.57691,68.35883],[17.54558,68.37678],[17.36459,68.41348],[17.39527,68.42304],[17.53989,68.42837],[17.70948,68.41181],[17.81666,68.38475],[17.87184,68.39301],[17.81568,68.39728],[17.61215,68.45087],[17.46762,68.44758],[17.54412,68.51854],[17.54656,68.5301],[17.52475,68.52904],[17.48097,68.52033],[17.43849,68.5065],[17.36459,68.50288],[17.32765,68.49116],[17.2601,68.45523],[17.04664,68.43415],[17.00164,68.44758],[17.0232,68.45238],[17.08131,68.45824],[17.09718,68.46869],[17.09197,68.48078],[17.07154,68.48908],[17.04689,68.49384],[17.02898,68.49543],[17.01905,68.49763],[16.99903,68.50739],[16.98797,68.50967],[16.97739,68.50821],[16.90065,68.47407],[16.88852,68.46499],[16.84864,68.44872],[16.73911,68.45238],[16.66879,68.43838],[16.53484,68.4383],[16.511,68.44131],[16.50074,68.451],[16.50025,68.46532],[16.49806,68.47321],[16.48707,68.48859],[16.47682,68.49795],[16.46754,68.50336],[16.46461,68.51],[16.4734,68.52334],[16.48487,68.52896],[16.542,68.54377],[16.58082,68.53449],[16.60434,68.52888],[16.6211,68.53351],[16.63209,68.54629],[16.62827,68.55085],[16.61476,68.5528],[16.59693,68.55744],[16.58334,68.56318],[16.57325,68.56924],[16.56642,68.57783],[16.56275,68.59154],[16.57179,68.61213],[16.59702,68.62954],[16.62924,68.64167],[16.69695,68.65054],[16.80983,68.68098],[16.92506,68.69326],[16.9607,68.70454],[16.99293,68.70795],[17.01987,68.69383],[17.04526,68.67573],[17.0809,68.66401],[17.08237,68.65778],[17.0818,68.65086],[17.08351,68.64619],[17.09002,68.64338],[17.12965,68.63377],[17.14869,68.63231],[17.16774,68.63402],[17.18653,68.63874],[17.17986,68.64761],[17.16993,68.6518],[17.14503,68.65302],[17.13258,68.65522],[17.11834,68.66454],[17.10743,68.66669],[17.10043,68.6695],[17.09718,68.67617],[17.09734,68.68415],[17.1006,68.69062],[17.10857,68.69693],[17.11508,68.69904],[17.20541,68.71137],[17.25017,68.72394],[17.27084,68.72016],[17.31007,68.70767],[17.33106,68.70893],[17.35109,68.71247],[17.37037,68.71113],[17.40366,68.68456],[17.42156,68.67573],[17.44068,68.66999],[17.46022,68.66669],[17.49008,68.66572],[17.57667,68.67414],[17.65561,68.65729],[17.67937,68.66047],[17.62062,68.68134],[17.49448,68.69033],[17.44728,68.71507],[17.42986,68.72988],[17.40333,68.74445],[17.37387,68.75031],[17.34767,68.739],[17.32358,68.73159],[17.29029,68.73656],[17.23439,68.75605],[17.26295,68.76821],[17.33326,68.78709],[17.39552,68.79645],[17.42775,68.80825],[17.46095,68.81538],[17.56479,68.78876],[17.72169,68.77847],[17.78297,68.7486],[17.78289,68.77814],[17.73927,68.79133],[17.64527,68.79707],[17.46762,68.8312],[17.54566,68.84715],[17.60922,68.87149],[17.63014,68.8769],[17.66481,68.8815],[17.69418,68.89175],[17.70737,68.89326],[17.71827,68.89082],[17.74147,68.87897],[17.76873,68.87181],[17.79607,68.86815],[17.82358,68.86831],[17.85133,68.87275],[17.82594,68.89374],[17.70737,68.91376],[17.71168,68.91877],[17.72096,68.93423],[17.5215,68.91673],[17.45777,68.89981],[17.42612,68.89948],[17.43637,68.9134],[17.47975,68.94782],[17.49513,68.95474],[17.52394,68.95502],[17.5337,68.96084],[17.53598,68.97517],[17.53045,68.98688],[17.51922,68.99047],[17.48829,68.98884],[17.48829,68.99567],[17.55942,69.03172],[17.6032,69.06061],[17.65699,69.07811],[17.67937,69.09186],[17.66782,69.09601],[17.64381,69.10077],[17.6316,69.10554],[17.65886,69.11689],[17.86899,69.12132],[17.95883,69.14851],[18.02418,69.15567],[18.15235,69.15396],[18.08131,69.16913],[18.07106,69.17756],[18.07325,69.19741],[18.0796,69.20702],[18.09034,69.21479],[18.10524,69.22907],[18.07716,69.23713],[18.01629,69.22919],[17.98854,69.23526],[18.00408,69.25015],[18.0031,69.28571],[18.0158,69.30415],[18.04542,69.31745],[18.11256,69.33348],[18.13868,69.35252],[18.13054,69.36933],[18.14405,69.38202],[18.16538,69.39374],[18.18035,69.40778],[18.1753,69.41218],[18.17066,69.41828],[18.16603,69.42084],[18.17107,69.43366],[18.16481,69.43887],[18.15577,69.44196],[18.15235,69.44815],[18.15504,69.45759],[18.15846,69.45962],[18.16554,69.46015],[18.19353,69.46943],[18.24171,69.47606],[18.24952,69.47968],[18.25563,69.4842],[18.26336,69.48811],[18.27589,69.48969],[18.30095,69.48676],[18.32252,69.47895],[18.34148,69.46768],[18.38234,69.43134],[18.38738,69.42219],[18.38347,69.4147],[18.37631,69.40766],[18.36834,69.39326],[18.36476,69.39151],[18.36818,69.39232],[18.44752,69.39354],[18.46713,69.39033],[18.48715,69.38202],[18.50294,69.37006],[18.50929,69.35594],[18.50709,69.33784],[18.49781,69.30695],[18.49562,69.29047],[18.50953,69.28294],[18.51629,69.27611],[18.51271,69.26655],[18.50424,69.25873],[18.49855,69.25202],[18.49724,69.2447],[18.50245,69.23526],[18.52491,69.26203],[18.53321,69.2779],[18.53663,69.29426],[18.53631,69.32901],[18.53834,69.34797],[18.54396,69.35936],[18.56479,69.36465],[18.57976,69.35293],[18.58872,69.33324],[18.59181,69.31468],[18.60206,69.30024],[18.62534,69.29316],[18.6517,69.28824],[18.67026,69.28026],[18.67921,69.27204],[18.69166,69.2635],[18.70297,69.26252],[18.70777,69.2768],[18.70314,69.28767],[18.69264,69.29255],[18.681,69.29645],[18.67368,69.30415],[18.68971,69.31786],[18.73504,69.32416],[18.8239,69.32526],[18.86345,69.31932],[18.9297,69.2958],[19.00538,69.28555],[19.01295,69.28705],[19.01637,69.29393],[19.01352,69.2993],[19.00701,69.30288],[18.99903,69.30415],[18.98854,69.30711],[18.9546,69.32832],[18.93377,69.33405],[18.66481,69.36933],[18.63152,69.38296],[18.61573,69.38605],[18.60662,69.39045],[18.60084,69.40054],[18.59669,69.41218],[18.59181,69.42084],[18.57781,69.43134],[18.56267,69.43696],[18.5298,69.44135],[18.49008,69.44172],[18.46664,69.44522],[18.4546,69.45433],[18.45688,69.4654],[18.46616,69.47382],[18.4782,69.47956],[18.48878,69.48225],[18.46852,69.50405],[18.47429,69.51642],[18.49757,69.52196],[18.56471,69.52656],[18.63063,69.541],[18.85271,69.55231],[18.86158,69.5467],[18.86549,69.53071],[18.86427,69.52192],[18.86004,69.51447],[18.85328,69.50825],[18.84449,69.50275],[18.86012,69.5034],[18.87721,69.50194],[18.89373,69.49763],[18.9065,69.48969],[18.91139,69.48184],[18.91293,69.46556],[18.91676,69.45807],[18.93531,69.44627],[19.00953,69.42829],[19.00318,69.4079],[19.01441,69.39704],[19.05738,69.38605],[19.12233,69.35879],[19.14601,69.35252],[19.34742,69.34418],[19.3794,69.32184],[19.3711,69.30012],[19.3506,69.29047],[19.28492,69.27554],[19.22926,69.28368],[19.21534,69.28156],[19.18922,69.27216],[19.167,69.26704],[19.16879,69.26044],[19.1775,69.25348],[19.18775,69.2495],[19.19663,69.25129],[19.22446,69.26211],[19.23211,69.26655],[19.25099,69.27424],[19.26856,69.26618],[19.27231,69.25239],[19.24903,69.24266],[19.26319,69.2353],[19.30079,69.22403],[19.31772,69.22215],[19.3366,69.22492],[19.365,69.23798],[19.3794,69.24266],[19.4131,69.24018],[19.47722,69.22077],[19.50929,69.22907],[19.48764,69.24128],[19.46599,69.24897],[19.44858,69.26032],[19.44093,69.28368],[19.44361,69.29238],[19.44947,69.29865],[19.4546,69.3061],[19.4546,69.31843],[19.44947,69.32486],[19.42954,69.34174],[19.35011,69.3791],[19.32488,69.38402],[19.29835,69.38581],[19.15626,69.37714],[19.1194,69.38605],[19.10963,69.39204],[19.08522,69.41401],[19.08326,69.41828],[19.08326,69.42353],[19.08237,69.42919],[19.07789,69.43452],[19.07008,69.43757],[19.04363,69.44135],[19.02174,69.45026],[19.00131,69.46434],[18.99269,69.48314],[19.00571,69.50617],[19.03191,69.52115],[19.0691,69.53327],[19.17693,69.55073],[19.19484,69.55048],[19.22202,69.53376],[19.23561,69.52827],[19.25017,69.52464],[19.26271,69.52326],[19.25375,69.5353],[19.24285,69.54377],[19.23325,69.55317],[19.22926,69.56794],[19.14763,69.56489],[19.1032,69.55598],[19.0534,69.55215],[19.03346,69.54059],[19.01637,69.53437],[18.99448,69.53962],[18.97315,69.55048],[18.95802,69.5611],[18.94435,69.6153],[19.08497,69.69343],[19.09832,69.73615],[19.11785,69.74335],[19.1395,69.7475],[19.18434,69.74982],[19.20143,69.75332],[19.23292,69.77057],[19.24903,69.77709],[19.29575,69.7829],[19.44435,69.77709],[19.48308,69.7814],[19.55877,69.8002],[19.73715,69.81306],[19.78419,69.80439],[19.77687,69.79157],[19.76938,69.78425],[19.73146,69.75682],[19.73414,69.75361],[19.73634,69.73957],[19.72869,69.72289],[19.7103,69.70539],[19.68971,69.69033],[19.67433,69.68154],[19.69337,69.66372],[19.71559,69.65493],[19.72739,69.64216],[19.71518,69.61262],[19.69988,69.59369],[19.64332,69.54059],[19.63592,69.53156],[19.62989,69.52045],[19.62647,69.50825],[19.62647,69.49592],[19.63266,69.48566],[19.64373,69.47175],[19.65016,69.45962],[19.64332,69.45433],[19.61411,69.44969],[19.58172,69.43744],[19.55193,69.42011],[19.53028,69.40034],[19.68849,69.44473],[19.69809,69.46601],[19.71599,69.49217],[19.72486,69.51606],[19.70834,69.53071],[19.75685,69.59955],[19.75099,69.60269],[19.7483,69.60541],[19.74643,69.60855],[19.74318,69.61262],[19.76384,69.61148],[19.8034,69.61416],[19.92856,69.60517],[19.9944,69.58906],[20.06023,69.57909],[20.11256,69.58535],[20.07496,69.5843],[20.03159,69.58832],[19.98927,69.59687],[19.95484,69.6092],[19.92498,69.61571],[19.88852,69.61872],[19.85776,69.62726],[19.84498,69.65046],[19.84246,69.65973],[19.82944,69.67353],[19.82447,69.68154],[19.82277,69.68871],[19.82447,69.7119],[19.83644,69.72394],[19.8602,69.7329],[19.87818,69.74433],[19.87233,69.76341],[19.8895,69.77489],[19.92775,69.78413],[19.94459,69.79418],[19.97788,69.83051],[19.98902,69.83857],[20.00611,69.84284],[20.00904,69.83487],[20.0027,69.82111],[19.98316,69.7967],[19.96852,69.76341],[20.00701,69.7685],[20.03395,69.79035],[20.07838,69.8454],[20.11476,69.8784],[20.14356,69.92219],[20.15455,69.93488],[20.16774,69.94221],[20.17042,69.93073],[20.17018,69.92699],[20.16774,69.92048],[20.16831,69.89623],[20.17066,69.88044],[20.17799,69.87328],[20.19304,69.86774],[20.2024,69.85895],[20.20729,69.85895],[20.20875,69.87954],[20.20191,69.92422],[20.20769,69.93183],[20.23601,69.94575],[20.27036,69.96784],[20.29265,69.97101],[20.31495,69.96381],[20.41725,69.89037],[20.4253,69.87718],[20.42026,69.86713],[20.40935,69.85749],[20.39991,69.8454],[20.39682,69.83405],[20.39617,69.81318],[20.39356,69.80439],[20.38624,69.79719],[20.37452,69.78864],[20.36362,69.77855],[20.3589,69.76683],[20.35629,69.75707],[20.35027,69.74506],[20.34262,69.73359],[20.3357,69.72557],[20.32179,69.6861],[20.31861,69.68154],[20.32301,69.66918],[20.33041,69.66327],[20.37525,69.64216],[20.38307,69.63467],[20.38624,69.62287],[20.38551,69.61103],[20.38258,69.59878],[20.37647,69.58918],[20.36598,69.58535],[20.33025,69.58222],[20.29127,69.57355],[20.27418,69.56061],[20.30437,69.54434],[20.28907,69.53791],[20.2776,69.52896],[20.26954,69.51728],[20.26393,69.50275],[20.27849,69.48517],[20.26686,69.46809],[20.24171,69.45978],[20.21559,69.46865],[20.20672,69.43985],[20.19158,69.41324],[20.16879,69.3937],[20.11606,69.38288],[20.05787,69.35936],[20.00025,69.34838],[19.98219,69.33894],[19.98715,69.33588],[19.99724,69.32819],[20.0027,69.32526],[19.93727,69.2884],[19.91684,69.26927],[19.94801,69.26313],[19.97169,69.27017],[20.00025,69.28571],[20.02768,69.30463],[20.04721,69.32184],[20.07049,69.33601],[20.22535,69.38434],[20.26694,69.38764],[20.27703,69.39228],[20.35426,69.46809],[20.37322,69.48225],[20.42286,69.5069],[20.44109,69.52277],[20.44825,69.5478],[20.45216,69.55585],[20.4616,69.56517],[20.47283,69.57343],[20.48243,69.57787],[20.49733,69.57762],[20.51157,69.57217],[20.52491,69.56452],[20.57081,69.54483],[20.64698,69.52119],[20.79152,69.50959],[20.80836,69.50267],[20.82301,69.49433],[20.83717,69.49022],[20.85304,69.49592],[20.81218,69.51044],[20.71843,69.52839],[20.68483,69.5478],[20.6587,69.57665],[20.64763,69.58535],[20.6268,69.59443],[20.54029,69.61034],[20.49236,69.62726],[20.48243,69.63687],[20.48829,69.64838],[20.52711,69.6778],[20.54176,69.70539],[20.53517,69.73046],[20.51336,69.74877],[20.48243,69.75601],[20.48243,69.76341],[20.51197,69.76948],[20.64291,69.77265],[20.78517,69.80174],[20.80388,69.81196],[20.82228,69.8286],[20.82496,69.84154],[20.81422,69.85395],[20.79981,69.86636],[20.79152,69.87954],[20.82927,69.88304],[21.05177,69.94473],[21.09254,69.94839],[21.09254,69.94221],[20.98243,69.90404],[20.91896,69.86685],[20.89389,69.85969],[20.89389,69.85285],[20.91456,69.8487],[20.93605,69.84894],[20.95509,69.8461],[20.96909,69.83234],[20.959,69.83186],[20.95167,69.82978],[20.94606,69.82551],[20.94109,69.81867],[20.99464,69.7934],[21.02052,69.78815],[21.05095,69.79759],[21.03565,69.80524],[21.00489,69.81395],[20.99635,69.8249],[21.0184,69.82648],[21.049,69.83202],[21.06861,69.84268],[21.05836,69.85969],[21.08513,69.86612],[21.17042,69.87564],[21.18881,69.86957],[21.18051,69.85456],[21.14088,69.82502],[21.12672,69.81122],[21.14991,69.81257],[21.17921,69.81949],[21.20655,69.8308],[21.22291,69.8454],[21.22389,69.85741],[21.20924,69.90746],[21.32594,69.90746],[21.30209,69.92036],[21.27052,69.92976],[21.23756,69.93476],[21.20924,69.93476],[21.22527,69.97468],[21.2531,70.003],[21.28989,70.02106],[21.33277,70.03034],[21.39259,70.029],[21.55812,69.98941],[21.55633,69.97517],[21.56967,69.9654],[21.60646,69.95527],[21.57862,69.92792],[21.6089,69.91193],[21.64601,69.89891],[21.68434,69.89012],[21.75766,69.88288],[21.90455,69.82543],[21.93092,69.80842],[21.94223,69.78734],[21.95729,69.77782],[22.05152,69.74982],[22.03419,69.74307],[22.01547,69.7436],[21.97706,69.74982],[22.00017,69.74038],[22.03004,69.73432],[22.06105,69.73338],[22.08627,69.73957],[22.09815,69.74982],[22.09205,69.75764],[22.05893,69.77025],[22.05616,69.79361],[22.01002,69.8124],[21.91554,69.83857],[21.93702,69.8426],[21.99985,69.83515],[22.01808,69.8454],[22.01197,69.85952],[21.98902,69.86799],[21.94288,69.87328],[21.93002,69.87934],[21.92823,69.89362],[21.92937,69.91047],[21.92514,69.92422],[21.9144,69.93781],[21.91359,69.94526],[21.92856,69.96271],[21.92799,69.96747],[21.92335,69.97187],[21.9214,69.97675],[21.92856,69.98314],[21.94011,69.98574],[21.9839,69.98314],[22.01002,69.98615],[22.0241,69.9855],[22.03484,69.97944],[22.03484,69.97382],[22.02475,69.95527],[22.05226,69.93842],[22.06137,69.95669],[22.05893,69.98965],[22.05152,70.01675],[22.06723,70.01813],[22.0975,70.02448],[22.11362,70.02411],[22.11362,70.03034],[21.95086,70.01227],[21.8659,70.01191],[21.79835,70.03718],[21.83888,70.05512],[21.9839,70.0576],[22.00514,70.06135],[22.02068,70.06782],[22.05152,70.0856],[22.08277,70.0965],[22.09441,70.1048],[22.09938,70.12035],[22.01979,70.10326],[22.00782,70.10236],[21.98601,70.08906],[21.95826,70.08454],[21.8392,70.09243],[21.82984,70.0891],[21.81715,70.07461],[21.80502,70.07136],[21.71949,70.06061],[21.68849,70.06513],[21.63103,70.09431],[21.61329,70.09858],[21.51336,70.0917],[21.48227,70.09858],[21.46876,70.10643],[21.43897,70.13715],[21.43653,70.1496],[21.45525,70.15892],[21.48024,70.16669],[21.49659,70.17495],[21.35816,70.16405],[21.31227,70.16755],[21.29493,70.17137],[21.28199,70.17626],[21.2715,70.18293],[21.26075,70.19208],[21.24684,70.19941],[21.21485,70.20645],[21.20924,70.20848],[21.2339,70.22427],[21.23569,70.22549],[21.27036,70.23859],[21.30698,70.24702],[21.33961,70.25007],[21.40707,70.26732],[21.4393,70.26948],[21.43523,70.25007],[21.44508,70.23786],[21.48976,70.20848],[21.49293,70.21719],[21.49252,70.2211],[21.49098,70.2248],[21.48976,70.23298],[21.49269,70.24018],[21.50611,70.25068],[21.51027,70.2569],[21.51149,70.27001],[21.51092,70.28205],[21.51173,70.2934],[21.51775,70.30467],[21.53395,70.31684],[21.55299,70.32103],[21.57146,70.31892],[21.58595,70.31216],[21.58741,70.30777],[21.58693,70.29296],[21.58912,70.2873],[21.61329,70.26992],[21.63608,70.26146],[21.68539,70.25568],[21.70948,70.25007],[21.79689,70.20628],[21.80437,70.19798],[21.80893,70.18842],[21.81935,70.17495],[21.8296,70.16816],[21.87403,70.14704],[21.87965,70.16059],[21.87672,70.16975],[21.87094,70.17792],[21.86785,70.18867],[21.86573,70.19062],[21.86158,70.19131],[21.8589,70.19404],[21.86036,70.2023],[21.86622,70.20742],[21.87582,70.20954],[21.88649,70.20954],[21.89454,70.20848],[21.87306,70.21605],[21.82732,70.22663],[21.80885,70.24018],[21.80568,70.25723],[21.82179,70.26862],[21.98683,70.32343],[22.0101,70.32461],[22.03159,70.31834],[22.01873,70.30903],[21.99147,70.29572],[21.9839,70.28425],[22.00913,70.28653],[22.07203,70.30467],[22.09522,70.30781],[22.10483,70.30415],[22.10678,70.29393],[22.10759,70.24531],[22.1172,70.23347],[22.14088,70.23648],[22.15284,70.24653],[22.15317,70.25934],[22.14088,70.28425],[22.26743,70.29511],[22.30584,70.2873],[22.31511,70.27269],[22.3003,70.25511],[22.27613,70.2392],[22.25758,70.22956],[22.27231,70.21792],[22.27768,70.20246],[22.2815,70.18521],[22.29176,70.16755],[22.27809,70.15819],[22.24903,70.15058],[22.23707,70.1402],[22.27467,70.13548],[22.40496,70.14704],[22.52475,70.12352],[22.55934,70.12661],[22.53639,70.13947],[22.50734,70.14672],[22.32594,70.16755],[22.33237,70.18012],[22.36061,70.21589],[22.37477,70.24632],[22.37371,70.25007],[22.40065,70.25829],[22.43393,70.26093],[22.46811,70.25991],[22.51295,70.25373],[22.55397,70.23835],[22.56528,70.23762],[22.57586,70.24067],[22.58709,70.24209],[22.60027,70.23648],[22.594,70.22207],[22.60369,70.21849],[22.6753,70.22313],[22.96705,70.20746],[22.9769,70.19888],[22.97055,70.18936],[22.8602,70.12621],[22.83668,70.12035],[22.80397,70.11693],[22.73609,70.102],[22.5525,70.0856],[22.47625,70.09089],[22.43458,70.08894],[22.39234,70.06782],[22.28492,70.04401],[22.30421,70.03913],[22.3318,70.04043],[22.35906,70.04609],[22.39503,70.0611],[22.64763,70.07567],[22.71372,70.09528],[22.8672,70.10602],[22.97853,70.14541],[23.01856,70.14704],[23.0027,70.11441],[22.9992,70.10098],[22.99806,70.08218],[23.00115,70.06586],[23.00904,70.05048],[23.02003,70.03807],[23.03224,70.03034],[23.05242,70.03238],[23.08497,70.03962],[23.11508,70.04304],[23.12843,70.03376],[23.12452,70.01288],[23.1198,69.99897],[23.12436,69.98794],[23.14894,69.97574],[23.13592,69.96674],[23.1233,69.96088],[23.10987,69.95726],[23.09441,69.95527],[23.1255,69.9444],[23.15919,69.95108],[23.28346,69.99339],[23.29908,69.99624],[23.31414,69.99653],[23.31617,69.99364],[23.32301,69.98627],[23.33481,69.98119],[23.33904,69.97773],[23.33668,69.9726],[23.30958,69.95409],[23.30958,69.94977],[23.32984,69.94839],[23.42058,69.97809],[23.4673,69.98579],[23.47731,69.99282],[23.48463,70.00633],[23.50221,70.01142],[23.52272,70.01496],[23.53932,70.02411],[23.48854,70.03417],[23.29689,70.03978],[23.27272,70.04658],[23.17555,70.09243],[23.19207,70.09756],[23.22779,70.09764],[23.24448,70.10236],[23.25953,70.10847],[23.27565,70.11164],[23.35776,70.1153],[23.37924,70.12324],[23.40211,70.1402],[23.37916,70.14964],[23.32358,70.15925],[23.29908,70.16755],[23.32765,70.17536],[23.40309,70.18081],[23.42205,70.19546],[23.32862,70.19306],[23.28077,70.19847],[23.24391,70.21589],[23.27573,70.22504],[23.38787,70.22956],[23.41782,70.23436],[23.48764,70.23554],[23.50343,70.23753],[23.50514,70.24384],[23.53191,70.24384],[23.50294,70.25336],[23.47047,70.25601],[23.29225,70.24384],[23.31284,70.25699],[23.39943,70.27863],[23.57081,70.29068],[23.61443,70.30467],[23.51197,70.29784],[23.51873,70.30585],[23.54615,70.32514],[23.52443,70.32396],[23.48276,70.3155],[23.46363,70.31834],[23.48227,70.33027],[23.51319,70.36555],[23.53549,70.37299],[23.56202,70.37694],[23.59059,70.38671],[23.64234,70.41112],[23.75099,70.44872],[23.81568,70.48701],[23.84034,70.49706],[23.91798,70.50943],[24.18629,70.49396],[24.29802,70.47484],[24.31105,70.4704],[24.33383,70.45954],[24.35027,70.45624],[24.35743,70.46279],[24.35532,70.47199],[24.34441,70.47663],[24.3152,70.4831],[24.2588,70.51374],[24.23146,70.52383],[24.11476,70.53807],[24.10271,70.54141],[24.11231,70.5489],[24.21079,70.58527],[24.23829,70.59951],[24.24733,70.60212],[24.25603,70.60342],[24.26433,70.60627],[24.27231,70.61319],[24.27565,70.62279],[24.27638,70.64712],[24.28224,70.65754],[24.29396,70.66641],[24.33383,70.68521],[24.35239,70.69098],[24.37045,70.68985],[24.40886,70.68146],[24.47771,70.6833],[24.4983,70.67805],[24.615,70.62621],[24.64698,70.61799],[24.688,70.61432],[24.72348,70.62104],[24.73854,70.64423],[24.72486,70.66523],[24.66163,70.68818],[24.64226,70.70258],[24.64674,70.70384],[24.65593,70.70938],[24.58815,70.72191],[24.56666,70.72988],[24.54396,70.74628],[24.5324,70.75039],[24.51596,70.75214],[24.46412,70.75039],[24.34742,70.76398],[24.29233,70.76411],[24.26588,70.76992],[24.24513,70.78449],[24.26808,70.80024],[24.26759,70.82071],[24.26938,70.83845],[24.36362,70.86286],[24.39576,70.86689],[24.41627,70.85277],[24.40886,70.84593],[24.45118,70.84113],[24.46583,70.83446],[24.46412,70.81802],[24.52027,70.81159],[24.57399,70.79877],[24.61606,70.77973],[24.63543,70.77977],[24.64967,70.79877],[24.64064,70.80858],[24.62908,70.81558],[24.60076,70.82543],[24.61061,70.84077],[24.61109,70.85147],[24.61329,70.85936],[24.62867,70.8664],[24.65333,70.86579],[24.6836,70.85993],[24.7103,70.85904],[24.72486,70.87324],[24.63754,70.89395],[24.60816,70.89436],[24.62135,70.9051],[24.62867,70.90803],[24.59474,70.91812],[24.58229,70.92451],[24.57399,70.93529],[24.59099,70.94245],[24.61305,70.9475],[24.636,70.95002],[24.65593,70.94961],[24.63941,70.95506],[24.60353,70.95612],[24.58766,70.96259],[24.60865,70.97053],[24.63689,70.97565],[24.66603,70.97769],[24.77418,70.96821],[24.78289,70.96597],[24.78891,70.96109],[24.79689,70.9527],[24.80714,70.94721],[24.8353,70.94245],[24.84742,70.93871],[24.8602,70.92837],[24.85377,70.92182],[24.83741,70.91608],[24.82049,70.90803],[24.98487,70.91425],[24.96811,70.92984],[24.97804,70.94579],[24.98797,70.95816],[24.9712,70.96259],[24.9935,70.97207],[25.03346,70.97134],[25.06284,70.95759],[25.05323,70.92788],[25.02589,70.90839],[24.98894,70.8913],[24.94972,70.87885],[24.91603,70.87324],[24.93295,70.86762],[24.97136,70.87617],[24.98829,70.86982],[25.00473,70.86164],[25.04835,70.85798],[25.06739,70.85277],[25.06715,70.87303],[25.07602,70.88434],[25.1115,70.90933],[25.13453,70.91966],[25.14259,70.9217],[25.15358,70.9195],[25.15968,70.91486],[25.16342,70.91014],[25.16652,70.90803],[25.17994,70.90375],[25.23194,70.87324],[25.24187,70.86237],[25.26612,70.82543],[25.24562,70.79133],[25.2575,70.79084],[25.26686,70.79426],[25.27508,70.80048],[25.28346,70.80874],[25.29477,70.81342],[25.31129,70.81419],[25.34156,70.81244],[25.34978,70.81867],[25.39226,70.88443],[25.39666,70.9007],[25.38551,70.90803],[25.37525,70.91315],[25.36061,70.92561],[25.34742,70.94042],[25.34181,70.9527],[25.365,70.97614],[25.41822,70.96455],[25.53598,70.92292],[25.53728,70.91128],[25.52703,70.89765],[25.51246,70.88691],[25.49318,70.87792],[25.44386,70.86262],[25.42311,70.85961],[25.44166,70.8415],[25.46567,70.84406],[25.51246,70.86982],[25.52076,70.86913],[25.53883,70.8544],[25.5534,70.85277],[25.56031,70.857],[25.58888,70.88068],[25.61671,70.88858],[25.66261,70.89533],[25.70574,70.89557],[25.72478,70.88377],[25.7282,70.87739],[25.73658,70.86933],[25.74684,70.86245],[25.75611,70.85961],[25.7684,70.86286],[25.77809,70.8701],[25.78541,70.87739],[25.79054,70.88068],[25.82309,70.88569],[25.85304,70.89403],[25.8816,70.8957],[25.91041,70.88068],[25.91871,70.87287],[25.92579,70.86367],[25.92514,70.8559],[25.89576,70.84955],[25.86866,70.83544],[25.82521,70.82746],[25.8003,70.81542],[25.75327,70.78449],[25.72609,70.77546],[25.62916,70.76398],[25.63445,70.75503],[25.64039,70.74848],[25.6565,70.73603],[25.64112,70.72289],[25.62013,70.71231],[25.59734,70.70515],[25.55991,70.69904],[25.51246,70.67121],[25.44679,70.66193],[25.42799,70.6424],[25.35377,70.60716],[25.30698,70.59931],[25.28712,70.59272],[25.25465,70.57225],[25.23927,70.56476],[25.10109,70.5231],[25.07358,70.50332],[25.24594,70.5279],[25.28712,70.51073],[25.24252,70.48664],[25.05991,70.48965],[25.0975,70.47134],[25.24334,70.47842],[25.28712,70.45612],[25.26743,70.456],[25.2518,70.44806],[25.24594,70.43464],[25.26401,70.40534],[25.26466,70.39301],[25.2566,70.38638],[25.19777,70.40038],[25.15659,70.39395],[25.08106,70.35932],[25.09425,70.35472],[25.10776,70.35297],[25.13575,70.35309],[25.11793,70.34699],[25.10548,70.33625],[25.10475,70.32534],[25.12208,70.31834],[25.14039,70.32282],[25.16383,70.33307],[25.18678,70.33934],[25.20395,70.33198],[25.20875,70.31672],[25.20134,70.30707],[25.05795,70.25446],[25.02638,70.24852],[25.01433,70.24457],[25.00294,70.23908],[24.9948,70.23298],[24.98992,70.23046],[24.97983,70.22944],[24.97804,70.22582],[24.97804,70.21849],[24.97706,70.21548],[24.97006,70.20628],[24.96616,70.19892],[24.96469,70.19135],[24.97022,70.17682],[24.96437,70.16999],[24.94679,70.15762],[24.94508,70.14859],[24.94337,70.10236],[24.96339,70.08039],[25.00424,70.06403],[25.03712,70.06436],[25.03338,70.09243],[25.02329,70.1009],[25.01197,70.10863],[25.00603,70.1186],[25.01222,70.13398],[25.02752,70.14281],[25.09474,70.15388],[25.08766,70.14761],[25.07358,70.12661],[25.09099,70.1271],[25.10727,70.13068],[25.12224,70.13227],[25.13575,70.12661],[25.10402,70.12128],[25.09034,70.1166],[25.08106,70.10602],[25.09327,70.10029],[25.10182,70.09101],[25.11378,70.08246],[25.13608,70.0788],[25.15943,70.08088],[25.20525,70.09028],[25.22853,70.09243],[25.2527,70.1013],[25.27394,70.12271],[25.31039,70.17121],[25.32439,70.18244],[25.34164,70.18989],[25.36134,70.19416],[25.3825,70.19546],[25.39479,70.19969],[25.4131,70.20991],[25.42954,70.22223],[25.43678,70.23298],[25.45053,70.2495],[25.5171,70.2779],[25.54038,70.29784],[25.51726,70.31135],[25.42311,70.32514],[25.44109,70.34223],[25.65642,70.44062],[25.86915,70.56419],[25.89666,70.5716],[25.92742,70.5764],[25.96046,70.58894],[25.99057,70.60651],[26.01222,70.62621],[26.05348,70.69269],[26.07081,70.71247],[26.08253,70.71638],[26.11915,70.71735],[26.1364,70.72305],[26.14527,70.73135],[26.15699,70.75019],[26.16359,70.7578],[26.19166,70.77375],[26.25538,70.79743],[26.30828,70.83332],[26.37428,70.86848],[26.61362,70.94912],[26.69117,70.9558],[26.68727,70.9527],[26.6775,70.94213],[26.72535,70.92788],[26.71925,70.91616],[26.72267,70.91096],[26.72918,70.90668],[26.73276,70.89777],[26.73015,70.88788],[26.7234,70.8808],[26.70826,70.86982],[26.69614,70.86441],[26.68149,70.86286],[26.66912,70.85961],[26.66383,70.84931],[26.66586,70.83804],[26.6714,70.83063],[26.67994,70.82665],[26.69093,70.82543],[26.7046,70.82901],[26.72096,70.8354],[26.73601,70.83861],[26.74578,70.83226],[26.74431,70.82347],[26.73561,70.81533],[26.71909,70.805],[26.7046,70.79002],[26.69158,70.77294],[26.68531,70.75458],[26.69117,70.73603],[26.64047,70.70661],[26.34164,70.64794],[26.37534,70.63837],[26.49936,70.66096],[26.53745,70.66185],[26.62306,70.65192],[26.65699,70.64053],[26.60182,70.55854],[26.60629,70.54438],[26.59311,70.53588],[26.5739,70.52847],[26.5608,70.51765],[26.55844,70.50414],[26.56397,70.49681],[26.57309,70.48965],[26.58131,70.47663],[26.54103,70.46157],[26.52133,70.44839],[26.51303,70.43159],[26.51531,70.42365],[26.52524,70.4134],[26.52662,70.4077],[26.52394,70.40058],[26.51515,70.38671],[26.51303,70.37979],[26.51043,70.37775],[26.50603,70.37055],[26.50587,70.36286],[26.51612,70.35932],[26.55388,70.35309],[26.56764,70.35619],[26.57521,70.36196],[26.57838,70.36823],[26.58326,70.37434],[26.59498,70.37979],[26.6089,70.3808],[26.63527,70.37665],[26.64959,70.37979],[26.63103,70.40111],[26.62916,70.4077],[26.63445,70.41303],[26.65593,70.42475],[26.66228,70.42642],[26.69272,70.42023],[26.7234,70.42088],[26.7531,70.42731],[26.78053,70.43842],[26.79933,70.45466],[26.80397,70.46955],[26.81227,70.47993],[26.94508,70.48286],[26.93149,70.46646],[26.94825,70.46247],[27.05128,70.47606],[27.07667,70.47435],[27.10206,70.46979],[27.09059,70.47451],[27.05437,70.48286],[27.04469,70.48774],[27.02703,70.50332],[26.97609,70.52741],[26.96608,70.53807],[26.9909,70.54377],[27.00034,70.54906],[27.00709,70.55854],[26.98178,70.56464],[26.97291,70.56538],[26.99171,70.58283],[27.0215,70.59894],[27.05388,70.61017],[27.0809,70.61319],[27.08855,70.61091],[27.10727,70.60244],[27.11638,70.59951],[27.12965,70.59833],[27.17107,70.59951],[27.24204,70.58544],[27.26661,70.58527],[27.23512,70.60171],[27.12989,70.62621],[27.09986,70.6411],[27.10532,70.65575],[27.15675,70.68146],[27.13901,70.68919],[27.09929,70.69672],[27.0809,70.70258],[27.11061,70.72871],[27.13982,70.74063],[27.28696,70.74356],[27.31666,70.73896],[27.32944,70.74331],[27.3423,70.7578],[27.31853,70.75934],[27.29371,70.7639],[27.28045,70.77473],[27.29078,70.79507],[27.31088,70.81818],[27.32399,70.82363],[27.34897,70.82543],[27.62965,70.805],[27.48015,70.82543],[27.48015,70.83226],[27.49537,70.83173],[27.50807,70.83601],[27.52052,70.84178],[27.53403,70.84593],[27.52231,70.85151],[27.50961,70.8618],[27.50001,70.8664],[27.49049,70.86726],[27.47047,70.86595],[27.46225,70.86982],[27.45802,70.87531],[27.45639,70.87808],[27.45346,70.87934],[27.44467,70.88068],[27.40968,70.87645],[27.39129,70.87637],[27.38331,70.88377],[27.38689,70.89167],[27.40431,70.90619],[27.41049,70.91425],[27.39405,70.90973],[27.36964,70.89321],[27.35581,70.88691],[27.33513,70.88402],[27.19093,70.89496],[27.15398,70.90571],[27.12257,70.9217],[27.1338,70.95002],[27.14869,70.96385],[27.17115,70.96686],[27.34897,70.94213],[27.34197,70.9527],[27.33131,70.96076],[27.30787,70.9726],[27.28956,70.97919],[27.2483,70.98908],[27.23243,70.99677],[27.22169,71.01895],[27.25318,71.02631],[27.47641,71.00666],[27.50001,70.99364],[27.50856,70.96857],[27.52931,70.95547],[27.55421,70.95527],[27.57553,70.96882],[27.56658,70.98163],[27.5643,70.99445],[27.56951,71.00654],[27.58253,71.01728],[27.54664,71.02269],[27.53305,71.02875],[27.52784,71.04145],[27.52605,71.05707],[27.52329,71.06647],[27.52459,71.07441],[27.53403,71.08613],[27.5687,71.09723],[27.61012,71.09292],[27.64234,71.09544],[27.65016,71.1271],[27.71551,71.10423],[27.72462,71.0904],[27.69801,71.06566],[27.72169,71.05972],[27.78785,71.05948],[27.81153,71.05598],[27.85572,71.041],[27.87672,71.03775],[27.96363,71.04662],[27.98316,71.05573],[27.99903,71.06582],[28.02076,71.07099],[28.04322,71.07099],[28.0617,71.06566],[28.06397,71.06159],[28.06332,71.05585],[28.06397,71.04995],[28.0691,71.04515],[28.08106,71.04096],[28.08717,71.04157],[28.14519,71.07404],[28.16733,71.08271],[28.19142,71.08613],[28.20973,71.08397],[28.23276,71.07803],[28.25245,71.06843],[28.261,71.05573],[28.25229,71.03937],[28.23292,71.03262],[28.21193,71.02778],[28.1989,71.01728],[28.21925,71.01728],[28.209,71.01533],[28.19996,71.01118],[28.1919,71.00495],[28.18523,70.99677],[28.19972,70.99897],[28.23976,71.01105],[28.23439,71.00072],[28.22633,70.99282],[28.21632,70.98701],[28.20509,70.9831],[28.23308,70.97704],[28.34343,71.00422],[28.49147,70.99982],[28.53102,70.98363],[28.53924,70.98249],[28.54607,70.97993],[28.54884,70.9726],[28.54664,70.96695],[28.53688,70.95844],[28.52931,70.93919],[28.50571,70.91987],[28.5005,70.91112],[28.48316,70.88947],[28.44321,70.88394],[28.36948,70.88691],[28.38356,70.87499],[28.40317,70.8725],[28.42506,70.87214],[28.44516,70.8664],[28.42237,70.85318],[28.39747,70.84711],[28.34343,70.84593],[28.34343,70.83975],[28.35271,70.83714],[28.35646,70.83466],[28.35865,70.83112],[28.36329,70.82543],[28.22543,70.83226],[28.24334,70.8249],[28.26197,70.8194],[28.30128,70.81244],[28.26588,70.79499],[28.22389,70.78583],[28.1797,70.78286],[28.13738,70.78449],[28.08074,70.79711],[28.0617,70.79877],[28.02312,70.79291],[28.00953,70.79613],[28.01384,70.81244],[27.99879,70.81574],[27.98585,70.81314],[27.97332,70.80825],[27.95924,70.805],[27.95069,70.79776],[27.82228,70.79121],[27.80844,70.79507],[27.79851,70.79658],[27.77263,70.79165],[27.76002,70.79133],[27.77638,70.78148],[27.81178,70.77668],[27.8283,70.77082],[27.81324,70.76484],[27.79672,70.76093],[27.78248,70.75519],[27.77369,70.74356],[27.85759,70.76301],[27.89967,70.76821],[27.98683,70.75702],[27.99342,70.7541],[27.99733,70.7458],[28.00668,70.74286],[28.08082,70.74567],[28.10743,70.74384],[28.13054,70.73603],[28.07244,70.70327],[27.93344,70.68708],[27.86988,70.66779],[27.87403,70.66511],[27.87672,70.66096],[27.79314,70.63679],[27.75294,70.63154],[27.72185,70.62214],[27.67652,70.61567],[27.65016,70.60635],[27.79469,70.61367],[28.15382,70.67792],[28.25343,70.71638],[28.28338,70.71849],[28.30128,70.70258],[28.28785,70.65375],[28.23316,70.61518],[28.16652,70.58747],[28.05795,70.55541],[28.03354,70.54121],[27.9944,70.52652],[27.91188,70.51162],[27.87379,70.4986],[27.84938,70.48286],[27.86231,70.46967],[27.86997,70.45856],[27.88356,70.42821],[27.89389,70.43919],[27.91456,70.47321],[27.92791,70.48273],[27.945,70.48916],[27.97975,70.49706],[27.95802,70.48444],[27.93816,70.46979],[28.0586,70.49299],[28.18523,70.50332],[28.08009,70.47712],[28.05177,70.45954],[28.04086,70.44477],[28.05006,70.44253],[28.08766,70.45148],[28.1128,70.46385],[28.13054,70.46979],[28.12949,70.46935],[28.11044,70.46121],[28.10402,70.45433],[28.10759,70.44571],[28.12713,70.44184],[28.13722,70.44668],[28.17775,70.47663],[28.21404,70.49567],[28.25294,70.51008],[28.29363,70.51797],[28.3353,70.51765],[28.32211,70.49698],[28.30323,70.48664],[28.28248,70.47899],[28.26401,70.46638],[28.24684,70.44823],[28.21323,70.42121],[28.17237,70.39545],[28.16065,70.3828],[28.15846,70.36811],[28.16814,70.34943],[28.17335,70.33295],[28.16961,70.31538],[28.15724,70.28425],[28.15789,70.2473],[28.17791,70.18228],[28.17775,70.15388],[28.16725,70.13548],[28.15203,70.12372],[28.13527,70.11416],[28.09978,70.08812],[28.07081,70.07738],[28.03989,70.07127],[28.01384,70.07136],[28.06625,70.06318],[28.1281,70.08161],[28.18393,70.11555],[28.21925,70.15388],[28.22543,70.17402],[28.21974,70.18602],[28.20851,70.1975],[28.1989,70.21589],[28.1989,70.22622],[28.20436,70.2458],[28.20191,70.25348],[28.19874,70.25996],[28.19142,70.28425],[28.19557,70.30158],[28.21664,70.33006],[28.22543,70.34565],[28.22918,70.36591],[28.22918,70.38329],[28.23268,70.39911],[28.24659,70.41454],[28.25815,70.42097],[28.29119,70.43293],[28.32081,70.43891],[28.32504,70.44831],[28.32553,70.45978],[28.32911,70.46979],[28.35336,70.48379],[28.39039,70.49335],[28.42897,70.49604],[28.45883,70.48965],[28.45623,70.47199],[28.46925,70.45515],[28.48927,70.44526],[28.50734,70.44872],[28.51173,70.45799],[28.50685,70.46625],[28.50034,70.47419],[28.5005,70.48286],[28.51075,70.49185],[28.52573,70.49787],[28.55502,70.50332],[28.55502,70.51073],[28.4817,70.51211],[28.45883,70.51765],[28.4061,70.54499],[28.39747,70.54829],[28.4017,70.55899],[28.47926,70.62621],[28.48504,70.63581],[28.49342,70.65803],[28.5005,70.66779],[28.51686,70.67817],[28.53386,70.68012],[28.57553,70.67463],[28.61354,70.67381],[28.62029,70.67829],[28.61036,70.68891],[28.57594,70.70148],[28.5407,70.70893],[28.52622,70.72175],[28.55502,70.75039],[28.64308,70.78925],[28.69321,70.82982],[28.7256,70.84894],[28.76108,70.86408],[28.79469,70.87324],[29.05747,70.88402],[29.08269,70.88068],[29.1045,70.87303],[29.10222,70.86872],[29.06227,70.8664],[29.06227,70.85961],[29.22136,70.85541],[29.2614,70.83975],[29.26303,70.83503],[29.26197,70.82087],[29.26482,70.81517],[29.27296,70.80972],[29.2824,70.80512],[29.30177,70.79877],[29.3812,70.79291],[29.4048,70.78449],[29.38054,70.76944],[29.29493,70.74356],[29.32211,70.73493],[29.41782,70.73603],[29.3991,70.72822],[29.37257,70.72386],[29.32228,70.72305],[29.32789,70.71271],[29.33774,70.70844],[29.35027,70.70807],[29.36378,70.70938],[29.3519,70.6953],[29.32879,70.69001],[29.3025,70.6874],[29.28142,70.68146],[29.285,70.67862],[29.28785,70.67699],[29.29493,70.67463],[29.28142,70.66096],[29.30641,70.6529],[29.32887,70.65998],[29.36997,70.68891],[29.3921,70.69733],[29.51775,70.70588],[29.69956,70.74372],[29.74578,70.74274],[29.77898,70.72655],[29.7815,70.68891],[29.76197,70.6645],[29.70265,70.63959],[29.67921,70.62002],[29.82309,70.63369],[29.83953,70.63939],[29.84938,70.6472],[29.85808,70.65595],[29.87037,70.66437],[29.95916,70.70466],[29.99383,70.71308],[30.06959,70.71556],[30.10475,70.71076],[30.2068,70.68146],[30.18605,70.6647],[30.1565,70.65599],[30.09693,70.64794],[30.13071,70.63882],[30.2409,70.63369],[30.33693,70.60615],[30.34734,70.59614],[30.32691,70.58491],[30.26466,70.56977],[30.15268,70.55825],[30.12477,70.5517],[30.12477,70.54487],[30.13803,70.54637],[30.15024,70.54584],[30.15984,70.54145],[30.16521,70.53124],[30.12428,70.53168],[30.04135,70.54438],[30.00074,70.54487],[30.00074,70.53807],[30.1631,70.5246],[30.45631,70.56122],[30.50164,70.55854],[30.5818,70.54218],[30.59913,70.52977],[30.56235,70.51765],[30.73194,70.46817],[30.74122,70.44184],[30.78663,70.42064],[30.81235,70.4147],[30.82374,70.42479],[30.83741,70.43171],[30.92604,70.45612],[30.94695,70.45002],[30.9734,70.42121],[30.98797,70.41454],[31.00563,70.409],[31.06332,70.36677],[31.0477,70.35627],[31.03053,70.34878],[31.01938,70.33991],[31.02174,70.32514],[31.03395,70.31501],[31.05047,70.30878],[31.06642,70.30048],[31.077,70.28425],[31.04119,70.28486],[30.9336,70.26374],[30.54884,70.24868],[30.51515,70.23908],[30.51466,70.21589],[30.48894,70.20307],[30.39861,70.19546],[30.37485,70.18586],[30.35776,70.17324],[30.35743,70.16128],[30.38429,70.15388],[30.35524,70.12971],[30.31707,70.11738],[30.1447,70.09243],[30.11948,70.08491],[30.11793,70.07807],[30.13315,70.07319],[30.15895,70.07136],[29.68971,70.09585],[29.22047,70.12035],[29.22674,70.12035],[28.9402,70.15133],[28.65366,70.18232],[28.61655,70.17691],[28.59669,70.16132],[28.75367,70.16755],[28.73259,70.14932],[28.69011,70.1341],[28.64356,70.12393],[28.61036,70.12035],[28.6294,70.10712],[28.66481,70.1],[28.73268,70.09858],[28.7741,70.1114],[28.78647,70.11115],[28.834,70.09951],[28.84995,70.09858],[28.84995,70.09243],[28.75904,70.09357],[28.73268,70.0856],[28.92408,70.07388],[28.99334,70.05585],[29.13795,70.0576],[29.12916,70.04755],[29.12428,70.04401],[29.16188,70.04515],[29.18312,70.0434],[29.19256,70.03718],[29.18385,70.03294],[29.13038,70.01675],[29.15838,70.00922],[29.34343,70.01675],[29.38941,70.00487],[29.68588,69.96955],[29.66359,69.96597],[29.57553,69.93578],[29.52947,69.92536],[29.48634,69.91071],[29.44011,69.90082],[29.42164,69.89037],[29.41505,69.88361],[29.41228,69.87963],[29.40838,69.87588],[29.39829,69.86957],[29.39031,69.86616],[29.36378,69.85969],[29.41326,69.85692],[29.4358,69.86237],[29.47145,69.88784],[29.51539,69.90933],[29.53517,69.91425],[29.54949,69.9147],[29.56365,69.91303],[29.5774,69.90937],[29.59034,69.90404],[29.60434,69.90127],[29.62989,69.90705],[29.66725,69.90135],[29.71437,69.91364],[29.74122,69.90746],[29.73162,69.89444],[29.73813,69.88573],[29.74627,69.87743],[29.74122,69.86587],[29.7754,69.83857],[29.75538,69.82884],[29.73699,69.80292],[29.69939,69.79328],[29.64926,69.77192],[29.64503,69.76341],[29.64503,69.75601],[29.62485,69.7541],[29.61256,69.74494],[29.60279,69.73298],[29.58969,69.72248],[29.57057,69.7165],[29.52809,69.71296],[29.50799,69.70881],[29.54347,69.70832],[29.5337,69.69526],[29.50603,69.67707],[29.48731,69.66108],[29.5215,69.66844],[29.53777,69.67499],[29.56723,69.69489],[29.68002,69.73542],[29.71559,69.74112],[29.82097,69.74396],[29.90162,69.73631],[29.90846,69.73745],[29.99301,69.76801],[30.03045,69.77595],[30.06275,69.77025],[30.04347,69.76142],[30.01905,69.73753],[30.00099,69.72557],[29.95493,69.71532],[29.9367,69.70576],[29.9393,69.68773],[29.95232,69.70523],[29.97779,69.71418],[30.02858,69.72248],[30.07114,69.73994],[30.08082,69.73867],[30.10174,69.71621],[30.11451,69.7062],[30.17514,69.68635],[30.18629,69.68773],[30.188,69.69571],[30.18068,69.70197],[30.16196,69.7119],[30.12224,69.74384],[30.11061,69.75601],[30.13185,69.76],[30.18897,69.76252],[30.2068,69.77025],[30.209,69.78441],[30.19467,69.79365],[30.17457,69.80142],[30.15895,69.81122],[30.16586,69.82392],[30.16798,69.84663],[30.16717,69.86872],[30.16521,69.87954],[30.2409,69.87954],[30.28924,69.88654],[30.30275,69.88325],[30.32399,69.86713],[30.31821,69.85928],[30.26881,69.8454],[30.29949,69.8382],[30.37184,69.8476],[30.39861,69.83857],[30.4026,69.83124],[30.40366,69.82241],[30.40382,69.81314],[30.4048,69.80439],[30.41098,69.78197],[30.41228,69.7805],[30.41359,69.73664],[30.40984,69.7023],[30.38819,69.68036],[30.33709,69.67406],[30.3602,69.66747],[30.42937,69.67406],[30.44353,69.67841],[30.44858,69.68895],[30.45248,69.71503],[30.44744,69.72679],[30.44744,69.73334],[30.46209,69.73774],[30.46518,69.74165],[30.46656,69.74702],[30.46681,69.75288],[30.46266,69.76423],[30.45525,69.77334],[30.45183,69.78168],[30.45997,69.79076],[30.45069,69.81029],[30.48292,69.81818],[30.69874,69.80854],[30.72055,69.79759],[30.70672,69.79279],[30.70037,69.78343],[30.70314,69.7744],[30.71697,69.77025],[30.73259,69.7722],[30.74968,69.77717],[30.78207,69.79076],[30.78956,69.79076],[30.82943,69.80246],[30.81764,69.79484],[30.81765,69.79484],[30.82154,69.79129],[30.82153,69.79009],[30.82156,69.78929],[30.82175,69.7889],[30.82184,69.78882],[30.82192,69.78876],[30.82197,69.7887],[30.82197,69.78863],[30.82193,69.78854],[30.82186,69.78845],[30.82178,69.78836],[30.82176,69.7883],[30.82178,69.78815],[30.8218,69.78807],[30.82184,69.78799],[30.82185,69.78796],[30.82187,69.78793],[30.8219,69.78791],[30.82192,69.78788],[30.82195,69.78786]]],[[[30.13958,69.80219],[30.16749,69.79035],[30.16204,69.78494],[30.12395,69.78221],[30.11345,69.7851],[30.12436,69.80008],[30.13063,69.80182],[30.13958,69.80219]]],[[[29.79575,69.75601],[29.71323,69.76341],[29.73536,69.79019],[29.80128,69.82071],[29.83009,69.83857],[29.80836,69.86587],[29.81593,69.89106],[29.84246,69.90892],[29.87721,69.91425],[29.97104,69.90205],[29.99448,69.89378],[29.99855,69.88813],[29.99659,69.87434],[30.00074,69.86587],[30.00554,69.86286],[30.02858,69.85285],[30.02662,69.84829],[30.02329,69.83674],[30.02117,69.83234],[30.09986,69.83446],[30.10743,69.8286],[30.08766,69.81708],[30.05714,69.80964],[29.97625,69.80028],[29.92888,69.78193],[29.90504,69.77709],[29.88429,69.78144],[29.86476,69.79072],[29.84653,69.79658],[29.83009,69.79076],[29.84604,69.77973],[29.83286,69.76927],[29.79575,69.75601]]],[[[30.09067,69.86229],[30.08977,69.85952],[30.0665,69.85273],[30.04339,69.85578],[30.03199,69.86538],[30.02638,69.87788],[30.03126,69.88353],[30.04428,69.87991],[30.07439,69.88174],[30.07895,69.87999],[30.07488,69.8664],[30.08009,69.86347],[30.09067,69.86229]]],[[[25.80055,70.96259],[25.75294,70.97651],[25.73113,70.97541],[25.71852,70.9558],[25.74415,70.95018],[25.75327,70.94961],[25.75327,70.94213],[25.66814,70.94538],[25.60027,70.93207],[25.5534,70.92788],[25.53354,70.93183],[25.51856,70.94025],[25.49195,70.95917],[25.45672,70.97272],[25.41627,70.9831],[25.5381,71.00336],[25.5608,71.01728],[25.49057,71.02196],[25.47153,71.02778],[25.45436,71.02997],[25.32553,71.00739],[25.30698,71.01105],[25.2942,71.02033],[25.29249,71.02814],[25.29444,71.03604],[25.29331,71.04515],[25.34799,71.06566],[25.31381,71.07246],[25.33204,71.07933],[25.35515,71.08348],[25.39918,71.08613],[25.41928,71.08234],[25.43922,71.07551],[25.45883,71.07201],[25.47836,71.07868],[25.47291,71.0821],[25.4642,71.08955],[25.45729,71.09296],[25.47169,71.10261],[25.48902,71.10175],[25.52613,71.09296],[25.55388,71.0926],[25.56031,71.09003],[25.57399,71.08246],[25.59205,71.07811],[25.63478,71.08039],[25.70867,71.06208],[25.71852,71.05199],[25.71323,71.07071],[25.70094,71.08393],[25.68344,71.09321],[25.5534,71.14077],[25.56528,71.15217],[25.60711,71.14501],[25.62574,71.15103],[25.63844,71.15973],[25.65349,71.16474],[25.66733,71.16527],[25.67701,71.16059],[25.68409,71.14472],[25.80738,71.15445],[25.80177,71.14159],[25.78395,71.11221],[25.7837,71.10293],[25.80568,71.09585],[25.85914,71.11335],[25.88307,71.11347],[25.87965,71.09683],[25.89723,71.09858],[25.92123,71.10676],[25.93702,71.10969],[25.96046,71.10749],[26.00636,71.12519],[26.0298,71.11652],[26.0337,71.08723],[25.99098,71.06704],[25.93287,71.05541],[25.88982,71.05199],[25.9065,71.0445],[25.92514,71.0397],[25.94484,71.03754],[25.96437,71.03775],[25.96437,71.01728],[25.93963,71.01081],[25.93019,71.01105],[25.95639,71.00202],[25.99122,70.99893],[26.02622,71.00015],[26.05372,71.00422],[26.07456,71.01227],[26.11573,71.03343],[26.136,71.03775],[26.18523,71.04987],[26.20851,71.04963],[26.21811,71.03156],[26.20655,71.01325],[26.17994,71.00267],[26.11354,70.99535],[26.10572,70.99165],[26.08815,70.97968],[26.0726,70.97517],[25.9686,70.97773],[25.94825,70.97492],[25.92368,70.96577],[25.90024,70.96133],[25.80055,70.96259]]],[[[25.87355,70.69921],[25.88787,70.69383],[25.88738,70.68806],[25.88136,70.68069],[25.85686,70.67072],[25.80926,70.66214],[25.80055,70.66498],[25.78606,70.67422],[25.78419,70.67886],[25.78679,70.68472],[25.78582,70.68818],[25.78956,70.69314],[25.85117,70.70726],[25.87265,70.70539],[25.87355,70.69921]]],[[[25.28582,70.28311],[25.29119,70.28791],[25.32472,70.2956],[25.33041,70.2908],[25.33749,70.28738],[25.34718,70.2875],[25.35312,70.28404],[25.35589,70.27875],[25.35572,70.27627],[25.35157,70.27338],[25.34946,70.26874],[25.34881,70.26476],[25.34466,70.26211],[25.24676,70.24107],[25.24236,70.24441],[25.26206,70.26016],[25.26547,70.27017],[25.27011,70.27428],[25.28492,70.28014],[25.28582,70.28311]]],[[[24.94117,71.0384],[24.9371,71.03937],[24.94304,71.04173],[24.97535,71.0445],[24.99936,71.02997],[25.01018,71.0303],[25.03224,71.03563],[25.04453,71.036],[25.0477,71.03213],[25.04526,71.02591],[25.04103,71.02192],[25.02296,71.01215],[25.02084,71.00735],[25.02556,71.0058],[25.02898,71.00332],[25.01401,71.00259],[25.00945,70.99901],[25.00335,70.99624],[24.97413,70.9964],[24.96713,70.99905],[24.98211,71.00283],[24.98219,71.00446],[24.95924,71.00532],[24.93002,71.02074],[24.93141,71.0231],[24.93596,71.0266],[24.94166,71.03575],[24.94117,71.0384]]],[[[24.67075,71.04291],[24.63396,71.04877],[24.61427,71.05663],[24.61899,71.06932],[24.64633,71.08271],[24.67164,71.08808],[24.69337,71.08511],[24.70533,71.07852],[24.702,71.07233],[24.70484,71.06904],[24.72071,71.06782],[24.73292,71.06859],[24.73911,71.07331],[24.73121,71.08369],[24.70948,71.09772],[24.71258,71.10757],[24.74488,71.10879],[24.76401,71.10468],[24.76775,71.09931],[24.77296,71.09589],[24.77931,71.09365],[24.78826,71.093],[24.80681,71.0974],[24.8169,71.09882],[24.8366,71.09955],[24.83693,71.09488],[24.81674,71.08601],[24.81235,71.07998],[24.82602,71.07685],[24.8187,71.0738],[24.78761,71.06782],[24.77662,71.05923],[24.78907,71.05305],[24.78907,71.04707],[24.77003,71.02619],[24.75603,71.02534],[24.72202,71.02656],[24.70484,71.03144],[24.68767,71.03815],[24.67075,71.04291]]],[[[24.09734,70.92943],[24.0901,70.92109],[24.0796,70.91462],[24.04314,70.91413],[24.02296,70.91698],[24.00571,70.92284],[23.99871,70.93159],[23.9865,70.94229],[23.90935,70.9558],[23.9402,70.96406],[24.00856,70.9665],[24.03891,70.97626],[24.00709,70.9831],[23.94215,70.97761],[23.90935,70.9831],[23.88575,70.99616],[23.89503,71.00226],[23.95021,71.00422],[23.93963,71.01179],[23.93238,71.01533],[23.92286,71.01728],[23.96013,71.02863],[24.08741,71.02411],[24.07862,71.01447],[24.07309,71.01105],[24.10922,71.00214],[24.18767,71.00507],[24.22462,70.99677],[24.18784,70.98932],[24.1067,70.99388],[24.07309,70.9831],[24.07984,70.98021],[24.08237,70.97712],[24.084,70.97346],[24.08741,70.96882],[24.07309,70.96259],[24.21022,70.96699],[24.24513,70.9558],[24.21079,70.9558],[24.21079,70.94599],[24.19988,70.9416],[24.18385,70.94086],[24.16928,70.94213],[24.17677,70.93529],[24.15992,70.92805],[24.14332,70.93024],[24.12623,70.935],[24.10792,70.93529],[24.09734,70.92943]]],[[[23.69402,70.58759],[23.69207,70.59589],[23.68678,70.59951],[23.64177,70.59951],[23.6657,70.61298],[23.68068,70.62494],[23.67954,70.6363],[23.65602,70.64794],[23.67628,70.65424],[23.68434,70.65892],[23.6902,70.66779],[23.64283,70.68521],[23.63551,70.69204],[23.64015,70.70222],[23.65113,70.70991],[23.67595,70.72305],[23.69777,70.74339],[23.70924,70.7486],[23.81568,70.75117],[23.84034,70.74356],[23.83033,70.7364],[23.82838,70.73029],[23.83424,70.72565],[23.84718,70.72305],[23.84018,70.7167],[23.83497,70.71279],[23.82879,70.71064],[23.81918,70.70938],[23.83188,70.70336],[23.8436,70.70405],[23.85515,70.70734],[23.86769,70.70938],[23.96388,70.70938],[23.97779,70.70694],[24.03272,70.68891],[24.04347,70.6835],[24.05226,70.67719],[24.05983,70.66975],[24.0669,70.66096],[24.0652,70.64594],[24.08326,70.63597],[24.12843,70.62002],[24.10157,70.58869],[24.01222,70.56778],[23.92897,70.52326],[23.86793,70.5124],[23.80421,70.51333],[23.75099,70.52383],[23.7378,70.53681],[23.70981,70.55825],[23.69703,70.5716],[23.695,70.57819],[23.69402,70.58759]]],[[[23.36313,70.32616],[23.3816,70.31834],[23.21632,70.28278],[23.15504,70.27733],[23.10467,70.28327],[23.08204,70.30166],[23.08741,70.32836],[23.11411,70.35932],[23.12696,70.3708],[23.13543,70.38532],[23.13819,70.4007],[23.13461,70.41454],[23.07504,70.36005],[23.03891,70.34097],[23.00831,70.34943],[22.99537,70.35716],[22.98024,70.35883],[22.96453,70.3581],[22.94956,70.35932],[22.93914,70.36335],[22.87135,70.40229],[22.85402,70.4077],[22.88087,70.41413],[22.94011,70.40705],[22.96388,70.42137],[22.91969,70.43089],[22.9087,70.435],[22.89536,70.44611],[22.89723,70.451],[22.92237,70.45612],[22.93653,70.46101],[22.9437,70.46239],[22.95297,70.46296],[22.95834,70.46503],[22.96144,70.46967],[22.96388,70.47663],[22.97242,70.47724],[22.99122,70.47598],[22.99806,70.47663],[23.00367,70.48066],[23.01303,70.49315],[23.01856,70.49706],[23.12428,70.52057],[23.14145,70.51415],[23.15105,70.49836],[23.17359,70.50275],[23.20069,70.51374],[23.2234,70.51765],[23.2234,70.52383],[23.20094,70.529],[23.181,70.53852],[23.17555,70.54759],[23.1963,70.5517],[23.21437,70.55044],[23.23959,70.54564],[23.26206,70.53612],[23.27174,70.5207],[23.26734,70.50609],[23.26043,70.49185],[23.26092,70.4809],[23.27858,70.47663],[23.29127,70.48383],[23.3108,70.51874],[23.32643,70.53124],[23.3047,70.5351],[23.29835,70.54316],[23.30763,70.55044],[23.33326,70.5517],[23.35328,70.54682],[23.38697,70.5329],[23.40838,70.53124],[23.39381,70.54206],[23.38787,70.54487],[23.41261,70.56171],[23.50375,70.54499],[23.53932,70.54487],[23.51547,70.56],[23.48927,70.57087],[23.43629,70.58527],[23.44166,70.59028],[23.45167,70.60151],[23.45737,70.60635],[23.3982,70.61335],[23.39096,70.61799],[23.4642,70.62494],[23.48455,70.62466],[23.50147,70.6166],[23.51881,70.61054],[23.55665,70.61888],[23.5735,70.61319],[23.55983,70.60635],[23.56821,70.59772],[23.60133,70.57905],[23.59449,70.56574],[23.5866,70.55415],[23.58074,70.54296],[23.58033,70.53124],[23.59164,70.51642],[23.61109,70.51215],[23.63404,70.51044],[23.65602,70.50332],[23.64918,70.50031],[23.63551,70.49242],[23.6281,70.48965],[23.636,70.48334],[23.65333,70.47313],[23.66228,70.46979],[23.63413,70.43749],[23.59254,70.41527],[23.40838,70.35309],[23.31902,70.34211],[23.29225,70.33198],[23.31365,70.33275],[23.33904,70.33088],[23.36313,70.32616]]],[[[22.14088,70.48286],[22.15154,70.49966],[22.1609,70.51138],[22.18556,70.53465],[22.20289,70.54409],[22.24545,70.55671],[22.26441,70.5716],[22.2566,70.57258],[22.23707,70.57905],[22.31056,70.60151],[22.33334,70.61319],[22.09995,70.60635],[22.09164,70.60419],[22.07732,70.59479],[22.06861,70.59272],[22.0407,70.59357],[22.01124,70.59951],[22.02508,70.61188],[22.05738,70.6245],[22.07203,70.63369],[22.0088,70.63349],[21.97706,70.63752],[21.95037,70.64794],[21.9865,70.66254],[22.0442,70.65986],[22.19532,70.63182],[22.22153,70.6319],[22.24334,70.64053],[22.25034,70.6494],[22.25115,70.65937],[22.24448,70.66836],[22.22975,70.67463],[22.26588,70.67499],[22.32057,70.66128],[22.41521,70.62621],[22.41521,70.63369],[22.40187,70.64741],[22.38396,70.67324],[22.37387,70.69819],[22.38453,70.70938],[22.40496,70.70942],[22.41456,70.70795],[22.42115,70.70295],[22.43238,70.69204],[22.44858,70.68252],[22.47022,70.67658],[22.49269,70.67573],[22.51149,70.68146],[22.49789,70.68936],[22.4948,70.6988],[22.50147,70.70807],[22.51759,70.71556],[22.54103,70.71747],[22.56739,70.71288],[22.65154,70.68769],[22.65626,70.68171],[22.64112,70.67121],[22.60483,70.66035],[22.59498,70.65253],[22.60646,70.64053],[22.63087,70.63593],[22.65162,70.6457],[22.67042,70.65786],[22.68897,70.66096],[22.70289,70.65152],[22.70704,70.6374],[22.70826,70.6223],[22.71315,70.60977],[22.72486,70.60358],[22.73211,70.61115],[22.73585,70.6249],[22.73666,70.63711],[22.74789,70.64741],[22.77369,70.65021],[22.82618,70.64794],[22.80779,70.66324],[22.78517,70.67463],[22.79249,70.69359],[22.77784,70.70429],[22.75318,70.71394],[22.73048,70.72988],[22.72438,70.73696],[22.72022,70.74356],[22.72299,70.74848],[22.75392,70.75178],[22.80568,70.76398],[22.79689,70.75365],[22.792,70.75039],[22.8108,70.74433],[22.85109,70.74189],[22.8672,70.72988],[22.85402,70.72988],[22.85402,70.72305],[22.87241,70.72285],[22.90561,70.72769],[22.92384,70.7248],[22.93149,70.71662],[22.92172,70.70726],[22.89503,70.69514],[22.91782,70.68513],[22.94361,70.67036],[22.96909,70.6612],[22.99073,70.66779],[22.9769,70.68146],[22.99757,70.68789],[23.01987,70.69208],[23.03272,70.70136],[23.0254,70.72305],[23.04957,70.72248],[23.09645,70.71019],[23.12094,70.70938],[23.11061,70.71418],[23.09881,70.72333],[23.09311,70.73212],[23.10141,70.73603],[23.16538,70.73029],[23.18238,70.73603],[23.17319,70.74071],[23.16432,70.74286],[23.14487,70.74356],[23.13543,70.74551],[23.13217,70.74994],[23.13103,70.75479],[23.12843,70.7578],[23.0713,70.76777],[23.05275,70.77391],[23.02996,70.79084],[23.04859,70.79719],[23.1006,70.79877],[23.09067,70.79955],[23.0818,70.80207],[23.07358,70.80638],[23.06625,70.81244],[23.09254,70.81367],[23.13754,70.7956],[23.16188,70.79133],[23.18214,70.79499],[23.18767,70.80219],[23.18019,70.81061],[23.16188,70.81802],[23.16188,70.82543],[23.19011,70.81574],[23.24318,70.78705],[23.27174,70.77705],[23.28663,70.77595],[23.32895,70.77928],[23.3401,70.78449],[23.34034,70.79849],[23.32097,70.81851],[23.32301,70.82884],[23.32228,70.83812],[23.31528,70.85065],[23.313,70.86164],[23.32643,70.8664],[23.34254,70.86603],[23.35808,70.86408],[23.37233,70.85895],[23.38478,70.84931],[23.3965,70.8426],[23.43483,70.8288],[23.44313,70.82884],[23.4463,70.81342],[23.45493,70.80484],[23.46795,70.80073],[23.48414,70.79877],[23.46046,70.79084],[23.41236,70.7919],[23.38787,70.78449],[23.40268,70.77778],[23.42066,70.77387],[23.45737,70.77082],[23.44663,70.76752],[23.4253,70.76655],[23.41578,70.76398],[23.41098,70.75922],[23.40675,70.7473],[23.40211,70.74356],[23.38527,70.74335],[23.34897,70.75312],[23.33326,70.75039],[23.32683,70.74193],[23.32456,70.71939],[23.31959,70.70938],[23.31463,70.70869],[23.30681,70.71019],[23.29754,70.7104],[23.28159,70.70209],[23.25131,70.69514],[23.26637,70.68431],[23.27174,70.68146],[23.18238,70.68891],[23.16668,70.69452],[23.15854,70.69416],[23.15309,70.67817],[23.1478,70.67316],[23.14129,70.66975],[23.13461,70.66779],[23.14283,70.659],[23.15504,70.65583],[23.18238,70.65412],[23.16969,70.64887],[23.15187,70.63227],[23.14145,70.62621],[23.12037,70.62401],[23.07887,70.62987],[23.05942,70.62621],[23.11411,70.61319],[23.08888,70.58625],[23.05502,70.59138],[23.01832,70.60395],[22.98455,70.59951],[23.00473,70.59614],[23.00815,70.58515],[22.99781,70.57282],[22.9769,70.56538],[22.95265,70.56647],[22.90577,70.57836],[22.88087,70.57905],[22.88087,70.5716],[22.93605,70.55854],[22.92506,70.54979],[22.91383,70.54377],[22.90162,70.53998],[22.88819,70.53807],[22.87094,70.53937],[22.84376,70.5493],[22.83326,70.5517],[22.82163,70.54735],[22.79981,70.52814],[22.78859,70.52383],[22.77272,70.5257],[22.76515,70.53107],[22.76686,70.53986],[22.77833,70.5517],[22.6893,70.56367],[22.64381,70.56415],[22.63429,70.5517],[22.6268,70.54487],[22.63543,70.53262],[22.6316,70.52631],[22.62135,70.52411],[22.60987,70.52383],[22.60288,70.52582],[22.59547,70.52896],[22.58961,70.52863],[22.58481,70.51472],[22.57911,70.5091],[22.57203,70.50495],[22.56609,70.50332],[22.51677,70.52782],[22.48927,70.53193],[22.47731,70.50702],[22.46843,70.49486],[22.44923,70.49763],[22.43019,70.50605],[22.42213,70.51073],[22.40724,70.51459],[22.39869,70.51398],[22.37371,70.50332],[22.3423,70.49921],[22.30893,70.50336],[22.29282,70.51447],[22.31284,70.53124],[22.28565,70.54157],[22.26808,70.529],[22.24334,70.48965],[22.22145,70.48066],[22.18653,70.47313],[22.15447,70.47232],[22.14088,70.48286]]],[[[22.42107,70.36176],[22.43922,70.35619],[22.45338,70.34565],[22.46957,70.33731],[22.50465,70.32514],[22.47535,70.34772],[22.4699,70.35309],[22.46795,70.36823],[22.47364,70.38028],[22.48512,70.38447],[22.5298,70.3642],[22.57521,70.38202],[22.60027,70.36677],[22.60572,70.38007],[22.61891,70.38703],[22.63299,70.3854],[22.64112,70.37299],[22.64812,70.37299],[22.65089,70.3863],[22.6609,70.39557],[22.67465,70.39887],[22.68897,70.39411],[22.69451,70.38556],[22.69435,70.36294],[22.69646,70.35309],[22.71437,70.33698],[22.72975,70.34463],[22.73715,70.36506],[22.73048,70.38719],[22.75636,70.39496],[22.78053,70.38622],[22.79859,70.36685],[22.80568,70.34223],[22.82797,70.33373],[22.95639,70.32514],[22.94646,70.32298],[22.93735,70.31879],[22.92921,70.31265],[22.92237,70.30467],[22.94304,70.30024],[22.96599,70.29784],[22.98854,70.29296],[23.00831,70.28075],[23.01905,70.26496],[23.01629,70.2543],[23.00147,70.24917],[22.7317,70.2569],[22.44516,70.29145],[22.38136,70.32575],[22.37371,70.33198],[22.37867,70.34699],[22.39763,70.35782],[22.42107,70.36176]]],[[[21.68458,70.36384],[21.68816,70.36921],[21.69304,70.37031],[21.69801,70.37108],[21.70338,70.37665],[21.70362,70.38638],[21.71225,70.38923],[21.7295,70.38272],[21.73813,70.37824],[21.79274,70.35806],[21.79916,70.34711],[21.79371,70.32343],[21.76466,70.28685],[21.74903,70.2744],[21.73097,70.26484],[21.71485,70.26],[21.70314,70.26179],[21.68963,70.27049],[21.67693,70.28482],[21.67888,70.30736],[21.68881,70.33544],[21.68914,70.35456],[21.68458,70.36384]]],[[[21.702,69.95478],[21.71909,69.95319],[21.73618,69.94839],[21.72975,69.93846],[21.7199,69.93415],[21.70802,69.93183],[21.69581,69.92792],[21.68588,69.93024],[21.67791,69.93439],[21.67172,69.94042],[21.66798,69.94839],[21.68507,69.95311],[21.702,69.95478]]],[[[21.70981,70.00576],[21.70663,70.00206],[21.70745,69.99974],[21.70973,69.9982],[21.70248,69.9938],[21.6871,69.99181],[21.5853,70.01219],[21.54884,70.01675],[21.54477,70.01923],[21.5617,70.01903],[21.56365,70.02204],[21.5608,70.02513],[21.55559,70.02721],[21.55974,70.0305],[21.6045,70.04422],[21.65952,70.03819],[21.68027,70.02843],[21.72047,70.01923],[21.72804,70.01484],[21.72527,70.01065],[21.70981,70.00576]]],[[[21.40317,70.33373],[21.40545,70.3419],[21.40414,70.34593],[21.39812,70.34687],[21.3943,70.34833],[21.38706,70.3535],[21.42595,70.38967],[21.43922,70.38683],[21.44492,70.37881],[21.44549,70.37238],[21.44939,70.36778],[21.45216,70.36001],[21.452,70.34955],[21.45631,70.34492],[21.46469,70.34203],[21.46339,70.33609],[21.40707,70.32477],[21.40675,70.32722],[21.40317,70.33373]]],[[[21.30055,70.12165],[21.32822,70.12206],[21.33505,70.12023],[21.36134,70.10704],[21.35694,70.10017],[21.33888,70.09813],[21.31503,70.10025],[21.2964,70.10399],[21.28745,70.10969],[21.29086,70.11697],[21.30055,70.12165]]],[[[20.85987,70.04401],[20.88624,70.03758],[20.93531,70.00943],[20.95883,70.00308],[21.09938,70.01048],[20.98072,69.98163],[20.97535,69.96271],[20.94044,69.94697],[20.89194,69.93797],[20.84262,69.93781],[20.80519,69.94839],[20.77556,69.97211],[20.76173,69.98762],[20.76051,69.99966],[20.78354,70.02424],[20.80201,70.0375],[20.82439,70.04296],[20.85987,70.04401]]],[[[21.04103,70.06135],[21.04664,70.03913],[21.02003,70.02814],[20.95533,70.02411],[20.96632,70.03498],[20.99187,70.05146],[21.02052,70.06354],[21.04103,70.06135]]],[[[20.82553,70.07306],[20.80812,70.08055],[20.79884,70.09333],[20.79298,70.11904],[20.80747,70.14082],[20.8318,70.15095],[20.85694,70.14492],[20.91481,70.1079],[20.91521,70.09553],[20.89422,70.07958],[20.86166,70.069],[20.82553,70.07306]]],[[[20.60255,70.04401],[20.58815,70.04597],[20.58863,70.05093],[20.59522,70.05777],[20.59913,70.06513],[20.60255,70.08637],[20.60109,70.09715],[20.5923,70.10602],[20.57691,70.10957],[20.56471,70.10472],[20.55958,70.09374],[20.56495,70.0788],[20.51783,70.0788],[20.52084,70.06232],[20.50668,70.05834],[20.46876,70.06513],[20.45094,70.06476],[20.43165,70.06806],[20.41383,70.07494],[20.39991,70.0856],[20.39129,70.09663],[20.3899,70.10269],[20.3921,70.10961],[20.39356,70.12348],[20.39967,70.15038],[20.4157,70.17154],[20.43775,70.18667],[20.46258,70.19546],[20.5254,70.20295],[20.54461,70.20848],[20.54518,70.21149],[20.54591,70.21792],[20.5477,70.2248],[20.55128,70.22956],[20.56137,70.23322],[20.58766,70.23615],[20.7339,70.23672],[20.77719,70.22956],[20.80885,70.22036],[20.82439,70.20987],[20.82423,70.19457],[20.80828,70.17121],[20.78932,70.15314],[20.78077,70.14248],[20.77556,70.12458],[20.77247,70.1201],[20.77101,70.11555],[20.77418,70.10952],[20.7894,70.09374],[20.79152,70.09243],[20.79518,70.07665],[20.7942,70.06782],[20.78679,70.06257],[20.77101,70.0576],[20.74733,70.05598],[20.72486,70.0611],[20.70493,70.06794],[20.68849,70.07136],[20.67514,70.06826],[20.66041,70.05459],[20.64723,70.05146],[20.63624,70.05028],[20.61451,70.04515],[20.60255,70.04401]]],[[[20.549,69.87336],[20.55502,69.88174],[20.55812,69.89008],[20.56275,69.89598],[20.57691,69.90119],[20.59889,69.90461],[20.71315,69.90961],[20.72202,69.90412],[20.7225,69.89753],[20.71656,69.89423],[20.71315,69.89321],[20.70289,69.88882],[20.69825,69.88402],[20.69663,69.87788],[20.70444,69.86103],[20.72071,69.8371],[20.70672,69.81729],[20.6609,69.80337],[20.60621,69.79377],[20.55397,69.80048],[20.53248,69.81232],[20.5267,69.82111],[20.52263,69.83942],[20.52931,69.85419],[20.549,69.87336]]],[[[20.20151,70.30707],[20.24521,70.2742],[20.28777,70.26398],[20.292,70.2604],[20.28191,70.25141],[20.23325,70.22679],[20.22364,70.21975],[20.21404,70.21556],[20.20834,70.21841],[20.19996,70.22606],[20.19703,70.23355],[20.19728,70.25593],[20.19614,70.26183],[20.19304,70.26586],[20.18751,70.27794],[20.16627,70.29393],[20.16595,70.30003],[20.17465,70.30671],[20.18857,70.3109],[20.20151,70.30707]]],[[[19.74936,70.12348],[19.74757,70.13593],[19.74244,70.14069],[19.73504,70.14362],[19.72584,70.15046],[19.70151,70.18122],[19.69215,70.18863],[19.67351,70.19855],[19.66407,70.20539],[19.63307,70.21931],[19.55934,70.23119],[19.53712,70.25007],[19.54933,70.25654],[19.56316,70.25633],[19.59164,70.25007],[19.59164,70.2569],[19.58839,70.26838],[19.61557,70.27924],[19.67775,70.29043],[19.68971,70.28535],[19.69508,70.27363],[19.69777,70.2602],[19.70151,70.25007],[19.71518,70.23876],[19.73325,70.22993],[19.75261,70.22419],[19.77019,70.22211],[19.79054,70.2106],[19.80152,70.1874],[19.8156,70.16975],[19.84498,70.17495],[19.85304,70.18415],[19.86598,70.21044],[19.87289,70.21589],[19.89137,70.21385],[19.94117,70.19546],[19.93051,70.1767],[19.93816,70.16376],[19.95753,70.15461],[19.98219,70.14704],[20.11158,70.12019],[20.15406,70.12035],[20.15406,70.11286],[20.05421,70.10151],[20.02369,70.09243],[20.03639,70.08307],[20.03102,70.07538],[20.01686,70.06928],[19.9782,70.06013],[19.81951,70.06025],[19.77613,70.06733],[19.74936,70.0856],[19.74757,70.09345],[19.74936,70.12348]]],[[[20.04843,70.14712],[20.03891,70.1444],[19.94508,70.16344],[19.94581,70.16889],[19.9651,70.1767],[19.98528,70.17935],[20.0442,70.16616],[20.05486,70.16319],[20.05991,70.15994],[20.0617,70.1553],[20.04843,70.14712]]],[[[19.91635,70.01146],[19.90821,70.01362],[19.90016,70.01675],[19.91977,70.02424],[19.94793,70.0268],[19.97609,70.02436],[19.99586,70.01675],[19.94996,70.00971],[19.91635,70.01146]]],[[[19.59506,69.93439],[19.69264,69.96361],[19.72625,69.97919],[19.74968,69.9951],[19.77426,70.00483],[19.8003,70.00434],[19.81332,70.00259],[19.83424,69.99482],[19.85646,69.97313],[19.83473,69.94965],[19.79233,69.9252],[19.75807,69.89179],[19.72055,69.86469],[19.67709,69.85521],[19.48365,69.83832],[19.43426,69.84052],[19.44272,69.85847],[19.50994,69.89374],[19.53297,69.91938],[19.54689,69.92548],[19.59506,69.93439]]],[[[19.4922,69.90176],[19.48561,69.8972],[19.47332,69.88666],[19.43409,69.86957],[19.42286,69.86123],[19.41733,69.85301],[19.41334,69.84544],[19.40675,69.83857],[19.37477,69.82331],[19.334,69.81265],[19.12159,69.78783],[19.08839,69.80101],[19.05568,69.83137],[19.04363,69.83857],[18.84303,69.90331],[18.76433,69.91494],[18.73341,69.93134],[18.72885,69.94782],[18.7693,69.95527],[18.86525,69.94221],[18.88364,69.94538],[18.91432,69.96206],[18.93377,69.96955],[18.87566,69.97313],[18.84474,69.98212],[18.83139,69.99966],[18.8449,70.01504],[18.87582,70.02424],[18.93377,70.03034],[18.98561,70.02411],[18.9983,70.02619],[19.01783,70.03514],[19.03004,70.03718],[19.04347,70.03408],[19.05079,70.02717],[19.05486,70.02017],[19.05738,70.01675],[19.0739,70.01626],[19.1194,70.03034],[19.10206,70.04157],[19.08253,70.05048],[19.06756,70.06147],[19.06422,70.0788],[19.0853,70.07225],[19.10206,70.07046],[19.11866,70.07274],[19.20818,70.09858],[19.22674,70.09357],[19.22625,70.08422],[19.2234,70.07368],[19.23487,70.06513],[19.25587,70.06733],[19.2767,70.07807],[19.29908,70.08584],[19.32488,70.0788],[19.30844,70.06582],[19.2942,70.04755],[19.29233,70.03119],[19.33969,70.01773],[19.39259,69.99189],[19.42042,69.98941],[19.41863,70.01366],[19.43849,70.03339],[19.46811,70.04662],[19.53565,70.05732],[19.5569,70.05707],[19.57496,70.04776],[19.58253,70.03384],[19.57814,70.02359],[19.5713,70.01423],[19.5713,70.00308],[19.58229,69.99323],[19.59449,69.99795],[19.60711,70.00873],[19.61915,70.01675],[19.63527,70.02074],[19.6526,70.02143],[19.66944,70.01732],[19.68483,70.00678],[19.68312,69.98579],[19.64747,69.96996],[19.54021,69.95161],[19.53289,69.94627],[19.52345,69.93476],[19.5215,69.93049],[19.51938,69.91962],[19.51661,69.91425],[19.50864,69.90778],[19.4922,69.90176]]],[[[19.53875,70.09369],[19.49057,70.09394],[19.41733,70.10423],[19.35865,70.11311],[19.34311,70.11839],[19.33497,70.12792],[19.34059,70.14008],[19.36655,70.1542],[19.40797,70.16205],[19.44663,70.15542],[19.55209,70.12092],[19.57325,70.11172],[19.56902,70.10139],[19.5503,70.09492],[19.53875,70.09369]]],[[[19.00945,70.1459],[18.99586,70.15209],[19.00172,70.15835],[19.04566,70.16913],[19.06446,70.17048],[19.07634,70.16669],[19.08741,70.15746],[19.09864,70.1579],[19.09791,70.18586],[19.11411,70.1933],[19.13738,70.19721],[19.13803,70.20173],[19.11883,70.20881],[19.11199,70.21625],[19.11394,70.22061],[19.11036,70.22443],[19.09636,70.22993],[19.0892,70.23359],[19.09148,70.23794],[19.10515,70.24116],[19.13502,70.24091],[19.14552,70.23941],[19.15203,70.23745],[19.15512,70.2392],[19.15577,70.24291],[19.15984,70.24836],[19.16831,70.25487],[19.17742,70.25584],[19.18491,70.2534],[19.19158,70.25434],[19.19728,70.25702],[19.2059,70.2543],[19.21144,70.25056],[19.23048,70.23436],[19.22967,70.22085],[19.22771,70.21206],[19.24236,70.20087],[19.24871,70.19375],[19.25221,70.18667],[19.25017,70.17414],[19.22967,70.15986],[19.22543,70.15388],[19.22543,70.14916],[19.22682,70.14444],[19.2295,70.13988],[19.22682,70.13496],[19.17416,70.11514],[19.14064,70.11079],[19.10288,70.11689],[19.03142,70.14082],[19.00945,70.1459]]],[[[18.7693,69.64672],[18.77703,69.63544],[18.79331,69.63166],[18.81227,69.62938],[18.82781,69.62287],[18.83644,69.60431],[18.82293,69.59073],[18.7693,69.57168],[18.73194,69.56533],[18.62599,69.57787],[18.61402,69.57477],[18.5796,69.5611],[18.56039,69.55805],[18.48561,69.55858],[18.26197,69.53059],[18.19402,69.53071],[18.16871,69.54043],[18.12827,69.56493],[18.10524,69.57168],[18.04786,69.57201],[18.02084,69.57665],[17.99537,69.59211],[18.00554,69.60065],[18.02613,69.6142],[18.03745,69.61945],[18.03435,69.62324],[18.02947,69.63312],[18.0407,69.63227],[18.05014,69.63052],[18.06959,69.62446],[18.0809,69.62275],[18.09099,69.62494],[18.11199,69.63312],[18.13502,69.63695],[18.23683,69.6293],[18.26189,69.62165],[18.26905,69.61738],[18.28272,69.60578],[18.27906,69.60456],[18.27605,69.59968],[18.27809,69.59443],[18.29021,69.59211],[18.29737,69.5954],[18.31349,69.60952],[18.32423,69.61262],[18.32228,69.61835],[18.34352,69.61884],[18.35467,69.62287],[18.36451,69.62824],[18.38917,69.63459],[18.40008,69.64057],[18.32423,69.63312],[18.30454,69.63426],[18.29103,69.63898],[18.18653,69.70881],[18.21437,69.71418],[18.3169,69.70881],[18.31072,69.70881],[18.3532,69.70482],[18.47853,69.70881],[18.61085,69.69282],[18.63282,69.70197],[18.59392,69.71092],[18.38917,69.71992],[18.35182,69.72993],[18.34474,69.74982],[18.32691,69.76545],[18.33473,69.78095],[18.35678,69.79287],[18.38234,69.79759],[18.39487,69.79609],[18.40309,69.79198],[18.41993,69.7805],[18.43653,69.77631],[18.46648,69.78002],[18.48194,69.77709],[18.48609,69.76899],[18.48194,69.75886],[18.48308,69.75096],[18.50245,69.74982],[18.51368,69.7541],[18.52101,69.76215],[18.53321,69.7805],[18.5569,69.79637],[18.58513,69.80329],[18.65317,69.80439],[18.64129,69.7556],[18.66326,69.71296],[18.70737,69.68684],[18.76246,69.68773],[18.7422,69.69457],[18.73683,69.706],[18.7409,69.72028],[18.75668,69.7519],[18.78981,69.78388],[18.77443,69.7956],[18.68865,69.83552],[18.67408,69.84715],[18.66684,69.85969],[18.67888,69.88605],[18.71795,69.88166],[18.76384,69.86982],[18.79664,69.87328],[18.78297,69.87954],[18.80152,69.8874],[18.82203,69.88605],[18.84164,69.878],[18.85816,69.86587],[18.84913,69.86148],[18.84449,69.85692],[18.83766,69.8454],[18.85914,69.84439],[18.89845,69.84809],[18.98601,69.83381],[18.99903,69.8286],[19.0197,69.81415],[19.0442,69.80215],[19.0608,69.78705],[19.05738,69.76341],[19.03346,69.74372],[18.9699,69.73347],[18.91456,69.69904],[18.87729,69.69221],[18.83855,69.6894],[18.80348,69.68154],[18.79412,69.67561],[18.78272,69.66568],[18.7732,69.6551],[18.7693,69.64672]]],[[[18.79908,70.06566],[18.80649,70.05931],[18.81837,70.0644],[18.82846,70.07315],[18.88982,70.10615],[18.9074,70.10541],[18.92066,70.0974],[18.96909,70.0843],[18.9756,70.07363],[18.95973,70.06391],[18.93775,70.05341],[18.91049,70.04556],[18.83668,70.0384],[18.76515,70.01919],[18.73032,69.99994],[18.71876,69.99071],[18.71323,69.98916],[18.70777,69.98656],[18.70167,69.98469],[18.68784,69.98823],[18.67009,69.99901],[18.67042,70.01215],[18.68751,70.02216],[18.68995,70.02644],[18.66676,70.02757],[18.66017,70.0336],[18.65724,70.04833],[18.6753,70.06428],[18.702,70.07657],[18.71241,70.08356],[18.70826,70.08649],[18.71022,70.09443],[18.70387,70.10228],[18.7024,70.1114],[18.72136,70.11603],[18.75367,70.11196],[18.78126,70.102],[18.79575,70.08422],[18.79908,70.06566]]],[[[18.89055,70.17019],[18.89015,70.16604],[18.88803,70.16205],[18.89324,70.15583],[18.89243,70.14973],[18.88087,70.14285],[18.79754,70.14631],[18.78582,70.15029],[18.78028,70.15754],[18.78859,70.16352],[18.80502,70.16812],[18.82016,70.17593],[18.83562,70.19127],[18.86378,70.19066],[18.87289,70.19237],[18.87794,70.19208],[18.87908,70.18989],[18.89739,70.18976],[18.89772,70.18846],[18.89739,70.1787],[18.89055,70.17019]]],[[[18.83188,70.08336],[18.81804,70.08348],[18.81129,70.10094],[18.80511,70.10708],[18.80136,70.11323],[18.79998,70.12486],[18.80388,70.13076],[18.81813,70.13292],[18.84758,70.12922],[18.84986,70.12494],[18.84889,70.11835],[18.85182,70.10444],[18.84539,70.093],[18.83188,70.08336]]],[[[18.5844,69.82884],[18.57594,69.82229],[18.47722,69.82001],[18.4485,69.81892],[18.43832,69.82282],[18.43694,69.83161],[18.44207,69.83865],[18.46095,69.84601],[18.49545,69.85074],[18.49806,69.85448],[18.49863,69.85895],[18.50636,69.85997],[18.58131,69.84992],[18.58969,69.84573],[18.58774,69.84247],[18.58172,69.83963],[18.5844,69.82884]]],[[[18.52752,70.02611],[18.52272,70.029],[18.52027,70.03254],[18.51702,70.03469],[18.5184,70.03738],[18.53484,70.04824],[18.55169,70.05272],[18.5652,70.0502],[18.57081,70.04617],[18.57309,70.04287],[18.577,70.04178],[18.57732,70.03974],[18.57089,70.03685],[18.56007,70.02794],[18.53867,70.02497],[18.52752,70.02611]]],[[[18.15952,69.74181],[18.16017,69.74779],[18.16603,69.75068],[18.22136,69.76012],[18.22836,69.753],[18.23626,69.74783],[18.24968,69.73062],[18.24204,69.72521],[18.2291,69.72183],[18.21762,69.72191],[18.17937,69.73367],[18.16717,69.73721],[18.15952,69.74181]]],[[[18.1207,69.67711],[18.12875,69.67398],[18.14682,69.67438],[18.16277,69.67068],[18.16928,69.66307],[18.16399,69.65465],[18.12428,69.64297],[18.1124,69.64269],[18.07472,69.6433],[18.07,69.64623],[18.07626,69.64728],[18.0866,69.64659],[18.09262,69.65021],[18.09034,69.65408],[18.08351,69.65941],[18.12306,69.66096],[18.11842,69.6647],[18.07325,69.67272],[18.08025,69.678],[18.10239,69.67971],[18.1207,69.67711]]],[[[17.92123,69.30402],[17.92107,69.29413],[17.92644,69.28368],[17.93539,69.27774],[17.959,69.26781],[17.96746,69.26313],[17.95069,69.2508],[17.92693,69.24726],[17.87867,69.2495],[17.87867,69.24266],[17.91375,69.23408],[17.93247,69.22724],[17.94068,69.21882],[17.94907,69.20515],[17.96892,69.20222],[17.99155,69.20307],[18.00896,69.20112],[17.98845,69.18744],[17.95826,69.18049],[17.82065,69.1695],[17.7072,69.17292],[17.61109,69.15396],[17.51905,69.15794],[17.48829,69.15396],[17.49391,69.16889],[17.50408,69.17984],[17.5298,69.20112],[17.49871,69.20283],[17.47218,69.20014],[17.44695,69.19286],[17.41993,69.18061],[17.37843,69.15396],[17.23463,69.10619],[17.18832,69.08348],[17.1587,69.05028],[17.17237,69.0456],[17.19947,69.04824],[17.21388,69.04409],[17.18507,69.0244],[17.1294,69.01154],[17.07301,69.00812],[17.042,69.01679],[17.04347,69.03071],[17.05828,69.03921],[17.07862,69.0432],[17.09718,69.04409],[17.08741,69.04898],[17.08351,69.05028],[17.09156,69.06171],[17.10564,69.06635],[17.12233,69.0683],[17.13803,69.07201],[17.10987,69.0847],[16.82325,69.05443],[16.80983,69.0646],[16.77963,69.07014],[16.77312,69.0882],[16.78647,69.10814],[16.81666,69.11921],[16.87241,69.1044],[16.89625,69.10423],[16.89234,69.12665],[16.98854,69.13963],[17.03305,69.13202],[17.056,69.13288],[17.06984,69.14712],[17.06422,69.15009],[17.06129,69.15327],[17.05934,69.15664],[17.05633,69.16014],[17.14454,69.18407],[17.17237,69.20112],[17.08237,69.18159],[17.04949,69.18061],[16.97429,69.19489],[16.89861,69.19489],[16.89861,69.20112],[16.9087,69.20319],[16.91236,69.20576],[16.91432,69.20946],[16.91912,69.2154],[16.89943,69.22093],[16.88917,69.22232],[16.87867,69.22215],[16.94484,69.23652],[17.08676,69.22895],[17.14568,69.25633],[17.12379,69.25023],[17.11769,69.2495],[17.1089,69.25178],[17.10694,69.25658],[17.1089,69.26142],[17.11085,69.26313],[17.10971,69.26821],[17.10011,69.28124],[17.08888,69.28954],[17.08351,69.28026],[17.07057,69.26805],[17.04038,69.26826],[16.98113,69.2768],[16.98113,69.28368],[16.99041,69.28535],[16.9961,69.28775],[17.00782,69.29792],[16.92555,69.29344],[16.90602,69.29792],[16.89763,69.31171],[16.91529,69.31757],[17.13185,69.31098],[17.1242,69.31371],[17.10402,69.32526],[17.11769,69.33145],[17.0774,69.33051],[17.05828,69.3343],[17.042,69.34512],[17.05844,69.34984],[17.07545,69.35204],[17.11085,69.35252],[17.08465,69.36176],[17.05568,69.36445],[16.97136,69.35651],[16.87867,69.35936],[16.87867,69.3662],[16.89332,69.36579],[16.90724,69.3686],[16.93393,69.37987],[16.93092,69.38377],[16.92652,69.39354],[16.93849,69.39838],[16.94988,69.39802],[16.97902,69.39228],[16.99106,69.38715],[16.99822,69.38605],[17.00424,69.38833],[17.0145,69.3981],[17.02174,69.40034],[17.03907,69.39838],[17.06251,69.38915],[17.07667,69.38605],[17.09498,69.38736],[17.12485,69.39777],[17.14194,69.40034],[17.27605,69.39354],[17.36842,69.36689],[17.39943,69.3662],[17.38941,69.38044],[17.37062,69.38703],[17.33058,69.39354],[17.29623,69.41136],[17.28224,69.41401],[17.44663,69.41429],[17.49578,69.42829],[17.32545,69.43944],[17.24293,69.45474],[17.18653,69.50275],[17.2256,69.50096],[17.24643,69.49604],[17.26344,69.47842],[17.28159,69.46992],[17.30201,69.46353],[17.31625,69.46182],[17.30795,69.47712],[17.30323,69.48225],[17.37273,69.47663],[17.3921,69.48225],[17.36818,69.49079],[17.32667,69.51773],[17.30323,69.52326],[17.31715,69.53498],[17.34327,69.53754],[17.37176,69.53388],[17.4048,69.52265],[17.42091,69.51952],[17.45037,69.51704],[17.46144,69.51374],[17.47804,69.49921],[17.48854,69.49592],[17.51197,69.49437],[17.53093,69.49014],[17.58302,69.46796],[17.60133,69.46369],[17.64527,69.46182],[17.64527,69.46865],[17.61647,69.47606],[17.60288,69.48212],[17.59067,69.48969],[17.58473,69.49714],[17.57163,69.51874],[17.56642,69.52326],[17.49513,69.54059],[17.47478,69.55297],[17.46852,69.55988],[17.46022,69.57168],[17.469,69.57925],[17.47364,69.58661],[17.47348,69.59345],[17.46762,69.59955],[17.51686,69.59699],[17.55397,69.57486],[17.61793,69.51704],[17.63209,69.51284],[17.65789,69.50849],[17.68263,69.50926],[17.69361,69.52017],[17.68922,69.52969],[17.67009,69.53197],[17.66578,69.54059],[17.66472,69.55077],[17.65984,69.56924],[17.65895,69.57787],[17.65699,69.58466],[17.65366,69.58959],[17.65301,69.59414],[17.65895,69.59955],[17.67384,69.60346],[17.68775,69.59951],[17.69923,69.59199],[17.70737,69.58535],[17.73569,69.5517],[17.7531,69.54059],[17.77223,69.5478],[17.79981,69.5751],[17.81772,69.5871],[17.83741,69.59211],[17.85914,69.58674],[17.87387,69.57315],[17.89283,69.53685],[17.88307,69.52705],[17.86134,69.5163],[17.85133,69.50959],[17.84457,69.50251],[17.8423,69.49775],[17.84108,69.49213],[17.83766,69.48225],[17.82472,69.46577],[17.82277,69.45751],[17.83082,69.44815],[17.84498,69.44522],[17.85768,69.45234],[17.87525,69.47236],[17.88299,69.48949],[17.89137,69.49872],[17.91774,69.50593],[17.93458,69.52009],[17.9441,69.52326],[17.97267,69.52001],[18.05055,69.49592],[18.03907,69.48477],[18.02117,69.48102],[17.98227,69.48225],[17.99391,69.46284],[17.98439,69.44961],[17.94068,69.42829],[17.98227,69.41315],[18.00229,69.40998],[18.0158,69.42084],[18.01002,69.43305],[18.02467,69.44086],[18.04859,69.44294],[18.07081,69.43793],[18.07862,69.42499],[18.08106,69.38764],[18.08815,69.37987],[18.09864,69.37613],[18.09767,69.36762],[18.09099,69.35834],[18.08473,69.35252],[18.07081,69.34907],[18.0158,69.35252],[17.95533,69.34268],[17.92311,69.33234],[17.90593,69.31843],[17.91912,69.31232],[17.92123,69.30402]]],[[[17.41896,68.9964],[17.40113,68.98932],[17.37664,68.98932],[17.3519,68.99575],[17.34409,69.00324],[17.34938,69.00934],[17.35076,69.0163],[17.34881,69.02391],[17.35255,69.03473],[17.36443,69.04711],[17.38649,69.06354],[17.41969,69.07917],[17.45151,69.08491],[17.54713,69.09211],[17.55836,69.09199],[17.57211,69.08955],[17.56658,69.08588],[17.55128,69.08124],[17.54591,69.07461],[17.54721,69.06713],[17.54428,69.06049],[17.53891,69.05561],[17.52491,69.04792],[17.50123,69.03946],[17.47828,69.03461],[17.45786,69.02717],[17.44223,69.01679],[17.41896,68.9964]]],[[[17.1587,68.86591],[17.10963,68.88622],[17.08717,68.89851],[17.08351,68.91376],[17.1045,68.92503],[17.1312,68.91543],[17.17237,68.88581],[17.19663,68.87279],[17.22592,68.8614],[17.25587,68.85541],[17.28224,68.85847],[17.26482,68.86872],[17.22047,68.88223],[17.20639,68.89326],[17.20533,68.91327],[17.22495,68.92113],[17.31967,68.91844],[17.36427,68.90933],[17.40553,68.89228],[17.44044,68.86591],[17.34897,68.83515],[17.29981,68.80366],[17.26222,68.79365],[17.22364,68.79304],[17.19337,68.8039],[17.17823,68.81501],[17.17237,68.84797],[17.1587,68.86591]]],[[[16.97429,68.84544],[17.00099,68.85859],[17.01564,68.86001],[17.02198,68.84886],[17.02703,68.84699],[17.05291,68.81753],[17.07342,68.81208],[17.1316,68.78339],[17.14568,68.77033],[17.10499,68.75804],[16.84099,68.72541],[16.81666,68.73558],[16.82358,68.73998],[16.83033,68.74714],[16.83522,68.75625],[16.83717,68.76659],[16.84425,68.77326],[16.87794,68.7875],[16.91098,68.79707],[16.97429,68.84544]]],[[[16.67148,68.935],[16.66831,68.9405],[16.65577,68.9523],[16.6539,68.95563],[16.65992,68.95982],[16.68572,68.96495],[16.69011,68.96975],[16.69809,68.97272],[16.71022,68.97378],[16.72128,68.97207],[16.75147,68.95922],[16.76677,68.96052],[16.76905,68.95828],[16.76645,68.95628],[16.67571,68.93114],[16.67148,68.935]]],[[[16.35939,68.99014],[16.41505,68.97248],[16.46681,68.96214],[16.52052,68.96214],[16.56617,68.96833],[16.58465,68.96186],[16.59946,68.94717],[16.6019,68.93122],[16.58326,68.92113],[16.58717,68.89745],[16.56707,68.8874],[16.47625,68.88581],[16.43474,68.8913],[16.39487,68.902],[16.3436,68.93374],[16.28517,68.95209],[16.26173,68.96833],[16.30633,68.99531],[16.35939,68.99014]]],[[[16.50123,68.57559],[16.50603,68.56818],[16.49757,68.55402],[16.48146,68.54751],[16.45932,68.54906],[16.41944,68.55744],[16.34653,68.55952],[16.22218,68.54743],[16.15553,68.52456],[16.14177,68.52334],[16.12973,68.52717],[16.11793,68.53425],[16.10597,68.53852],[16.09352,68.53351],[16.08237,68.51557],[16.06967,68.48896],[16.0534,68.46483],[16.01206,68.44697],[15.99497,68.42943],[15.96632,68.39301],[15.94093,68.38032],[15.90398,68.36986],[15.87623,68.36909],[15.87818,68.38556],[15.87078,68.40058],[15.87371,68.41462],[15.88063,68.42878],[15.88429,68.44416],[15.8816,68.45637],[15.8755,68.46662],[15.87062,68.47846],[15.87078,68.49543],[15.85857,68.48623],[15.85963,68.47736],[15.86476,68.46735],[15.86451,68.45441],[15.85719,68.44086],[15.84929,68.43476],[15.82301,68.42402],[15.81235,68.42642],[15.79607,68.4339],[15.78102,68.43818],[15.77443,68.43085],[15.78045,68.41869],[15.80738,68.40314],[15.81617,68.39301],[15.79274,68.39362],[15.78102,68.4018],[15.77312,68.4134],[15.76149,68.42402],[15.74789,68.42536],[15.74041,68.41494],[15.73308,68.40131],[15.7199,68.39301],[15.72185,68.38837],[15.72462,68.37694],[15.72674,68.3725],[15.69142,68.37324],[15.67433,68.37128],[15.65846,68.36506],[15.66944,68.3614],[15.68116,68.35908],[15.69353,68.35814],[15.70631,68.35883],[15.69125,68.343],[15.64015,68.31745],[15.63795,68.30419],[15.62436,68.30048],[15.59799,68.30443],[15.58277,68.30419],[15.58961,68.30781],[15.59645,68.31037],[15.59645,68.31786],[15.57537,68.3194],[15.54412,68.33405],[15.52768,68.33771],[15.37599,68.32758],[15.33839,68.33198],[15.3226,68.35139],[15.34254,68.34821],[15.35808,68.35493],[15.38787,68.38247],[15.40593,68.39191],[15.47291,68.40599],[15.50717,68.42255],[15.57008,68.46304],[15.61134,68.47492],[15.58058,68.48745],[15.57594,68.49193],[15.57277,68.50288],[15.56471,68.5091],[15.55372,68.51118],[15.54176,68.50967],[15.55291,68.48778],[15.55397,68.47533],[15.54217,68.46625],[15.4393,68.4184],[15.41179,68.41348],[15.40504,68.4145],[15.38404,68.42023],[15.37647,68.41718],[15.37037,68.41254],[15.36362,68.40599],[15.31625,68.39549],[15.27866,68.37324],[15.21176,68.36595],[15.18539,68.35139],[15.21485,68.35252],[15.22674,68.34882],[15.23325,68.33771],[15.21656,68.3354],[15.14503,68.31293],[15.13404,68.30805],[15.11378,68.28681],[15.08578,68.27123],[15.04086,68.25702],[15.0005,68.25332],[14.98683,68.26948],[14.99269,68.27139],[14.99789,68.27407],[15.00294,68.2779],[15.00733,68.28315],[14.99537,68.2978],[15.00929,68.31367],[15.03419,68.32632],[15.05584,68.33153],[15.06813,68.3391],[15.10402,68.37735],[15.12338,68.39301],[15.19256,68.43488],[15.22291,68.44379],[15.25221,68.45734],[15.26808,68.46125],[15.35678,68.46125],[15.33082,68.46467],[15.2601,68.4665],[15.24073,68.47492],[15.24838,68.48623],[15.27898,68.4899],[15.33693,68.48859],[15.28175,68.49543],[15.27491,68.49852],[15.27459,68.5056],[15.27524,68.51268],[15.27149,68.51586],[15.17856,68.52334],[15.19874,68.54304],[15.2173,68.55687],[15.23878,68.56428],[15.26808,68.56428],[15.3117,68.55882],[15.32325,68.56281],[15.30893,68.57856],[15.39471,68.58478],[15.40553,68.58051],[15.43434,68.56184],[15.45232,68.55744],[15.43963,68.57363],[15.39161,68.60521],[15.40756,68.60468],[15.43605,68.59833],[15.45232,68.5978],[15.44321,68.60904],[15.43873,68.61213],[15.43873,68.61953],[15.54884,68.62572],[15.55665,68.62393],[15.56739,68.61445],[15.57496,68.6103],[15.58912,68.60643],[15.6032,68.60505],[15.61687,68.60663],[15.63054,68.61213],[15.61598,68.61286],[15.60483,68.61864],[15.59449,68.62629],[15.58277,68.63255],[15.56275,68.6352],[15.51384,68.63618],[15.49773,68.64248],[15.47828,68.65583],[15.45737,68.66706],[15.44207,68.6822],[15.43873,68.70767],[15.44304,68.72358],[15.44956,68.72915],[15.5691,68.7294],[15.58155,68.73111],[15.59303,68.73428],[15.60483,68.73574],[15.61785,68.73249],[15.64226,68.72321],[15.66261,68.71918],[15.71363,68.7014],[15.6867,68.71092],[15.67888,68.71507],[15.67596,68.71918],[15.66871,68.73208],[15.66578,68.73558],[15.63966,68.74323],[15.50123,68.74307],[15.47592,68.74689],[15.45981,68.75605],[15.45558,68.76903],[15.45916,68.79613],[15.45232,68.81127],[15.46412,68.81],[15.48585,68.805],[15.49708,68.8039],[15.50766,68.80646],[15.51417,68.81269],[15.51987,68.81977],[15.52866,68.82494],[15.55633,68.82636],[15.61346,68.81778],[15.63795,68.82494],[15.61842,68.82978],[15.59018,68.83307],[15.56349,68.83918],[15.5486,68.85228],[15.55323,68.87226],[15.57569,68.88223],[15.62428,68.88581],[15.62037,68.89411],[15.61411,68.90046],[15.60613,68.90473],[15.59645,68.90693],[15.60955,68.91942],[15.63054,68.94481],[15.64479,68.95474],[15.67661,68.96271],[15.77849,68.95474],[15.85759,68.97016],[15.88429,68.96833],[15.9074,68.95942],[15.90789,68.95734],[15.90984,68.94977],[15.90284,68.93675],[15.89796,68.91743],[15.90455,68.90388],[15.917,68.89574],[15.92408,68.88642],[15.91481,68.86933],[15.87818,68.81753],[15.87582,68.81049],[15.87477,68.79755],[15.87078,68.79023],[15.86329,68.7829],[15.84791,68.77302],[15.84034,68.76659],[15.82399,68.75617],[15.76149,68.73558],[15.80551,68.73847],[15.85353,68.74763],[15.89894,68.76362],[15.93556,68.78709],[15.95558,68.79165],[15.9769,68.78132],[15.98959,68.7635],[15.98365,68.74555],[15.9712,68.73225],[15.95387,68.70478],[15.94239,68.69062],[15.93312,68.68415],[15.92449,68.68207],[15.91529,68.68098],[15.9048,68.67756],[15.89519,68.67158],[15.87867,68.6579],[15.87078,68.65302],[15.84791,68.64834],[15.79331,68.64297],[15.77443,68.63255],[15.7658,68.61567],[15.76922,68.60322],[15.77711,68.59199],[15.78191,68.57856],[15.77784,68.56216],[15.76661,68.55378],[15.75262,68.54572],[15.74041,68.5301],[15.78102,68.54121],[15.80291,68.55134],[15.81617,68.56428],[15.81902,68.58381],[15.81512,68.59809],[15.81674,68.61083],[15.8366,68.62572],[15.85857,68.63418],[15.93214,68.65302],[15.9782,68.67154],[16.00514,68.67756],[16.02784,68.67414],[16.04542,68.64301],[16.06129,68.63032],[16.08302,68.63874],[16.09002,68.65619],[16.08106,68.67251],[16.05568,68.694],[16.05063,68.69599],[16.03891,68.70344],[16.03321,68.71137],[16.04542,68.71507],[16.06813,68.73127],[16.07618,68.73558],[16.10743,68.74071],[16.21323,68.73558],[16.20102,68.76073],[16.17888,68.77167],[16.12387,68.784],[16.10857,68.79145],[16.09457,68.80166],[16.08888,68.81489],[16.09718,68.8312],[16.10743,68.83613],[16.19174,68.85716],[16.20704,68.85847],[16.22462,68.85602],[16.25359,68.84296],[16.26791,68.83861],[16.28403,68.84032],[16.29396,68.84736],[16.29526,68.85493],[16.26246,68.86669],[16.24952,68.88418],[16.24684,68.89997],[16.25465,68.90323],[16.31463,68.8701],[16.39096,68.85444],[16.43002,68.852],[16.43881,68.84955],[16.44044,68.84235],[16.43979,68.82807],[16.45558,68.81533],[16.53045,68.826],[16.55592,68.82494],[16.53981,68.81501],[16.50554,68.80317],[16.49448,68.79023],[16.51197,68.79096],[16.53061,68.78901],[16.54672,68.78266],[16.55592,68.77033],[16.52613,68.76097],[16.52573,68.75263],[16.5337,68.74112],[16.52858,68.72199],[16.577,68.70767],[16.56715,68.69921],[16.53484,68.68098],[16.56088,68.6717],[16.55893,68.65522],[16.54233,68.63703],[16.52467,68.62263],[16.51319,68.61677],[16.50099,68.61221],[16.49106,68.60578],[16.48707,68.59467],[16.49204,68.58234],[16.4961,68.57933],[16.50123,68.57559]]],[[[16.14129,68.38398],[16.12355,68.37922],[16.11769,68.38556],[16.0949,68.39753],[16.11541,68.41035],[16.17237,68.42772],[16.15854,68.42731],[16.1447,68.42853],[16.11769,68.4339],[16.13771,68.46869],[16.16896,68.49909],[16.19215,68.51496],[16.22169,68.52375],[16.3436,68.53701],[16.35873,68.53486],[16.38884,68.52546],[16.40235,68.52334],[16.41212,68.51948],[16.41668,68.51048],[16.41896,68.50007],[16.42286,68.49193],[16.43279,68.48526],[16.45558,68.47651],[16.46656,68.46869],[16.44313,68.46263],[16.3921,68.45596],[16.37159,68.44758],[16.3864,68.44107],[16.40528,68.42943],[16.41407,68.4184],[16.39861,68.41348],[16.23072,68.40957],[16.17921,68.39981],[16.14129,68.38398]]],[[[16.25856,68.05345],[16.24285,68.05402],[16.17905,68.05992],[16.18035,68.06566],[16.2754,68.09772],[16.28541,68.09394],[16.28785,68.09007],[16.29477,68.08747],[16.33123,68.07673],[16.33123,68.07331],[16.32936,68.06965],[16.32407,68.04792],[16.31984,68.04393],[16.3143,68.04141],[16.28533,68.04312],[16.25856,68.05345]]],[[[16.17384,68.33832],[16.09018,68.33137],[16.08172,68.33316],[16.06056,68.33035],[16.05055,68.33124],[16.04648,68.33316],[16.04298,68.33377],[16.04599,68.33767],[16.0927,68.35651],[16.16171,68.35708],[16.18019,68.35029],[16.18312,68.34597],[16.18116,68.34174],[16.1797,68.33987],[16.17384,68.33832]]],[[[15.56967,69.10554],[15.61069,69.12568],[15.65992,69.1385],[15.75807,69.14712],[15.79135,69.16128],[15.84311,69.22028],[15.87078,69.22907],[15.86866,69.23359],[15.86622,69.24494],[15.86451,69.2495],[15.8816,69.25414],[15.91603,69.25898],[15.93214,69.26313],[15.97511,69.28718],[16.10157,69.31525],[16.13152,69.31098],[16.14991,69.29084],[16.14674,69.26923],[16.1316,69.24872],[16.11427,69.23212],[16.09897,69.21109],[16.0892,69.17145],[16.07618,69.15396],[16.0608,69.1446],[16.01401,69.1328],[15.97039,69.10895],[15.95631,69.10554],[15.94646,69.10187],[15.93442,69.09333],[15.91481,69.07514],[15.91017,69.07266],[15.89324,69.0659],[15.87713,69.06224],[15.87387,69.05671],[15.87338,69.04999],[15.87078,69.04409],[15.85776,69.03384],[15.84791,69.02924],[15.81617,69.02363],[15.76043,69.00568],[15.63217,68.98664],[15.59645,68.99567],[15.56674,69.01268],[15.54908,69.01626],[15.52866,69.00934],[15.54566,69.00031],[15.56007,68.99014],[15.5691,68.97773],[15.56967,68.96214],[15.56349,68.95136],[15.52866,68.91376],[15.50147,68.89582],[15.46404,68.88207],[15.43149,68.88422],[15.41879,68.91376],[15.42799,68.92463],[15.42905,68.9348],[15.42644,68.94668],[15.42506,68.96214],[15.43092,68.97752],[15.45444,69.00056],[15.45981,69.01309],[15.51759,69.05394],[15.542,69.08096],[15.56967,69.10554]]],[[[15.51027,67.99282],[15.50367,67.99531],[15.49578,67.99738],[15.48243,68.00263],[15.48316,68.00605],[15.49537,68.0056],[15.50847,68.008],[15.52166,68.01569],[15.5359,68.02082],[15.57407,68.02558],[15.85971,68.02749],[15.89178,68.01862],[15.91871,68.01423],[15.93019,68.00825],[15.93295,68.00405],[15.9336,67.99702],[15.92482,67.99286],[15.88396,67.98412],[15.84116,67.98371],[15.78614,67.99315],[15.72877,68.01195],[15.70623,68.01236],[15.67937,67.9936],[15.66131,67.98859],[15.65211,67.98721],[15.61736,67.98526],[15.52345,67.98998],[15.51027,67.99282]]],[[[15.82594,68.12592],[15.81894,68.12307],[15.80755,68.12385],[15.78028,68.13349],[15.75465,68.13719],[15.75262,68.14256],[15.75929,68.14875],[15.80104,68.16096],[15.82928,68.16128],[15.83399,68.15672],[15.82431,68.1505],[15.8283,68.14501],[15.82252,68.13878],[15.83058,68.13772],[15.83473,68.13609],[15.82545,68.13268],[15.82456,68.12995],[15.82594,68.12592]]],[[[14.48846,68.79536],[14.52394,68.80707],[14.54803,68.8039],[14.55323,68.79434],[14.55502,68.77041],[14.56178,68.75605],[14.57228,68.74632],[14.58725,68.73908],[14.60499,68.73517],[14.62379,68.73558],[14.61622,68.74071],[14.60792,68.74461],[14.59889,68.7473],[14.58961,68.7486],[14.59783,68.7674],[14.60865,68.77806],[14.62371,68.78449],[14.64422,68.79023],[14.61647,68.79906],[14.60759,68.80728],[14.61354,68.82123],[14.62843,68.8299],[14.64869,68.83295],[14.66944,68.83104],[14.6858,68.82494],[14.67897,68.81753],[14.69207,68.81127],[14.6797,68.76732],[14.68653,68.75747],[14.71998,68.76288],[14.80128,68.78937],[14.8436,68.79629],[14.8838,68.79023],[14.87289,68.78046],[14.87233,68.76923],[14.88006,68.75996],[14.89405,68.75605],[14.90707,68.76024],[14.92897,68.77904],[14.94532,68.784],[14.94158,68.79267],[14.94223,68.80146],[14.94654,68.80988],[14.95265,68.81753],[14.90431,68.84544],[14.94117,68.85981],[14.95265,68.86591],[14.97608,68.84805],[14.99106,68.84203],[14.99269,68.83417],[14.99203,68.82486],[14.99366,68.81753],[14.99985,68.79926],[15.00603,68.79385],[15.01759,68.80048],[15.02426,68.80805],[15.0276,68.8144],[15.02662,68.81997],[15.02101,68.82494],[15.04982,68.85277],[15.08546,68.8452],[15.1233,68.82559],[15.15887,68.81753],[15.14568,68.84252],[15.12029,68.85651],[15.09156,68.8664],[15.0687,68.87897],[15.07667,68.89899],[15.0652,68.91315],[15.02784,68.93423],[15.01938,68.94477],[15.00929,68.96332],[15.00766,68.98102],[15.08448,69.01122],[15.10434,69.01447],[15.12436,69.01533],[15.13771,69.01309],[15.15398,69.00251],[15.16822,68.98827],[15.17066,68.97378],[15.15138,68.96214],[15.19256,68.94269],[15.20655,68.94038],[15.19703,68.93521],[15.19288,68.93423],[15.19288,68.9274],[15.20623,68.92756],[15.21852,68.92438],[15.24073,68.91376],[15.20948,68.90327],[15.19557,68.89692],[15.18539,68.88581],[15.21437,68.88166],[15.27149,68.91975],[15.29526,68.90693],[15.28175,68.86591],[15.2728,68.85407],[15.24073,68.82494],[15.30209,68.843],[15.31951,68.85541],[15.32586,68.85871],[15.33351,68.85871],[15.33969,68.85554],[15.34246,68.84886],[15.34783,68.84691],[15.38404,68.85228],[15.37176,68.83535],[15.36264,68.81733],[15.35076,68.80292],[15.32976,68.79707],[15.29982,68.8028],[15.28443,68.80353],[15.27491,68.79707],[15.27833,68.79181],[15.30274,68.77656],[15.2824,68.76557],[15.27491,68.76288],[15.3117,68.75263],[15.35841,68.74628],[15.39422,68.73111],[15.39772,68.694],[15.37525,68.66991],[15.33619,68.6529],[15.06267,68.57852],[14.87322,68.58446],[14.84278,68.59154],[14.84881,68.59455],[14.85825,68.60204],[14.86329,68.60521],[14.80812,68.61469],[14.80641,68.61595],[14.80877,68.61953],[14.81593,68.63776],[14.83367,68.64448],[14.87696,68.64619],[14.94874,68.66413],[14.97291,68.66669],[15.03468,68.66669],[15.04347,68.66938],[15.05055,68.67536],[15.0569,68.68228],[15.06251,68.6872],[15.08888,68.69501],[15.14088,68.69501],[15.16505,68.7014],[15.15431,68.7132],[15.14674,68.72553],[15.14503,68.73957],[15.15138,68.75605],[15.02605,68.77119],[14.99366,68.76288],[15.01352,68.76301],[15.0687,68.7486],[15.05014,68.7298],[15.01954,68.71214],[14.98601,68.70254],[14.95883,68.70767],[14.9629,68.71621],[14.9629,68.71906],[14.96111,68.72163],[14.95883,68.7294],[14.94695,68.71459],[14.9253,68.69501],[14.90089,68.6813],[14.88038,68.68407],[14.86199,68.68989],[14.82781,68.67349],[14.80877,68.68098],[14.82065,68.69408],[14.82154,68.70722],[14.81512,68.71475],[14.80502,68.71137],[14.7964,68.701],[14.78492,68.68317],[14.77459,68.67414],[14.75034,68.66747],[14.72193,68.67304],[14.69606,68.68757],[14.67897,68.70767],[14.67408,68.68696],[14.66212,68.67398],[14.63063,68.65302],[14.62582,68.64521],[14.62257,68.62885],[14.61695,68.62572],[14.55828,68.62726],[14.54493,68.62263],[14.52068,68.60904],[14.49195,68.60668],[14.43507,68.61213],[14.41725,68.61953],[14.41326,68.63642],[14.4192,68.65485],[14.4319,68.66669],[14.42091,68.67251],[14.4144,68.66865],[14.40805,68.66218],[14.39723,68.66047],[14.38795,68.66389],[14.38209,68.66938],[14.36988,68.6872],[14.38111,68.69766],[14.39454,68.70161],[14.42506,68.7014],[14.42628,68.71442],[14.46412,68.72451],[14.54176,68.73558],[14.54176,68.74242],[14.51661,68.7425],[14.43816,68.75605],[14.45533,68.77603],[14.48846,68.79536]]],[[[14.96119,67.9416],[14.9651,67.95258],[14.9769,67.95913],[14.97706,67.96377],[14.97202,67.97004],[14.9782,67.97187],[15.01881,67.97053],[15.03834,67.96743],[15.05209,67.96825],[15.06178,67.97443],[15.0691,67.98054],[15.09596,67.99384],[15.10572,68.00072],[15.11069,68.00019],[15.11362,67.99486],[15.1111,67.98701],[15.10662,67.98086],[15.1089,67.97622],[15.1399,67.95844],[15.16245,67.95405],[15.2116,67.95124],[15.22787,67.9477],[15.23129,67.94188],[15.24659,67.94172],[15.25709,67.9405],[15.26271,67.93256],[15.27931,67.93976],[15.28028,67.94282],[15.29566,67.94526],[15.30397,67.94505],[15.30486,67.93769],[15.28924,67.92585],[15.25367,67.91657],[15.24635,67.91787],[15.24252,67.91975],[15.1631,67.91071],[15.14763,67.91063],[15.11931,67.91584],[15.02263,67.91889],[14.98024,67.91462],[14.97218,67.91649],[14.96909,67.92524],[14.96119,67.9416]]],[[[15.28663,67.977],[15.26824,67.96699],[15.18483,67.96678],[15.17335,67.97468],[15.16619,67.98676],[15.16049,67.99262],[15.15968,67.99567],[15.16334,68.00056],[15.17115,68.00528],[15.17652,68.01154],[15.18946,68.01899],[15.21144,68.02554],[15.22096,68.03144],[15.22202,68.03726],[15.23032,68.03669],[15.24041,68.029],[15.25807,68.00975],[15.27508,67.99543],[15.28663,67.977]]],[[[14.73365,68.33771],[14.71876,68.33763],[14.70973,68.33291],[14.69207,68.31037],[14.70314,68.29682],[14.69386,68.2862],[14.6753,68.27936],[14.65105,68.2757],[14.63941,68.27245],[14.62859,68.26789],[14.62379,68.26264],[14.63006,68.2578],[14.67164,68.24958],[14.6565,68.24079],[14.61492,68.22455],[14.57203,68.21988],[14.55551,68.21524],[14.52125,68.20116],[14.49822,68.19672],[14.41822,68.19432],[14.40707,68.19245],[14.39145,68.1833],[14.38356,68.18073],[14.36842,68.18106],[14.33815,68.18671],[14.32203,68.18692],[14.32602,68.17695],[14.3283,68.17329],[14.31218,68.16804],[14.27703,68.16779],[14.24708,68.15839],[14.2129,68.15282],[14.1985,68.15278],[14.20875,68.16865],[14.21274,68.17329],[14.21599,68.17426],[14.21843,68.17451],[14.21974,68.17597],[14.219,68.18073],[14.21176,68.18452],[14.20607,68.18936],[14.20183,68.19489],[14.1985,68.20116],[14.23487,68.22004],[14.31804,68.23233],[14.35621,68.24213],[14.30152,68.23579],[14.27418,68.23701],[14.25318,68.24958],[14.27027,68.25812],[14.28883,68.26191],[14.3283,68.26264],[14.30592,68.27448],[14.29672,68.29316],[14.3034,68.312],[14.3283,68.32404],[14.35792,68.3205],[14.39527,68.28734],[14.42506,68.28315],[14.42506,68.29059],[14.41342,68.29731],[14.41944,68.30109],[14.43165,68.30541],[14.43816,68.31415],[14.44272,68.31843],[14.45346,68.31452],[14.47291,68.30419],[14.49562,68.30606],[14.49643,68.31631],[14.4839,68.33063],[14.46608,68.34455],[14.45623,68.33739],[14.44402,68.33731],[14.4358,68.34431],[14.43816,68.35883],[14.39617,68.36717],[14.38356,68.3725],[14.49342,68.38556],[14.5193,68.38231],[14.563,68.36823],[14.58961,68.36506],[14.5818,68.38109],[14.55299,68.39403],[14.54176,68.40599],[14.65349,68.42853],[14.67164,68.4169],[14.67319,68.40355],[14.67823,68.39566],[14.69581,68.38247],[14.70753,68.37792],[14.70932,68.38882],[14.70574,68.41348],[14.71412,68.42329],[14.72641,68.43],[14.74236,68.43354],[14.76092,68.4339],[14.7964,68.4267],[14.81446,68.41918],[14.82244,68.40973],[14.82553,68.39509],[14.82195,68.38984],[14.75408,68.35883],[14.75408,68.35139],[14.78354,68.35415],[14.8401,68.37446],[14.87013,68.3793],[14.88038,68.38597],[14.88445,68.41983],[14.89747,68.4339],[14.92986,68.43732],[15.00978,68.42805],[15.06332,68.44872],[15.10141,68.45368],[15.17237,68.45441],[15.15463,68.43867],[15.03419,68.36347],[15.01417,68.35883],[15.01645,68.36359],[15.01881,68.37043],[15.01881,68.37653],[15.01417,68.3793],[15.00392,68.37763],[15.00172,68.37311],[15.00229,68.36811],[15.0005,68.36506],[14.94532,68.35139],[14.96323,68.3454],[14.97934,68.33771],[14.93629,68.32787],[14.76319,68.25902],[14.73553,68.25495],[14.71998,68.26264],[14.72291,68.27961],[14.73862,68.2958],[14.77459,68.31786],[14.7566,68.31737],[14.74724,68.32416],[14.74122,68.33275],[14.73365,68.33771]]],[[[15.06992,67.64358],[15.02377,67.63744],[15.01376,67.63963],[15.01564,67.64476],[15.02166,67.64948],[15.02784,67.652],[15.04436,67.65363],[15.04322,67.65493],[15.03972,67.65701],[15.10556,67.66681],[15.11695,67.66303],[15.11435,67.65428],[15.08855,67.64464],[15.06992,67.64358]]],[[[14.99859,68.53514],[14.99849,68.53508],[14.99838,68.535],[14.99824,68.53491],[14.99807,68.53481],[14.99789,68.53469],[14.99768,68.53455],[14.99746,68.53441],[14.99722,68.53426],[14.99695,68.53409],[14.99667,68.53391],[14.99638,68.53373],[14.99607,68.53354],[14.99575,68.53334],[14.99541,68.53313],[14.99506,68.53292],[14.9947,68.5327],[14.99433,68.53247],[14.99395,68.53225],[14.99357,68.53202],[14.99317,68.53178],[14.99277,68.53155],[14.99236,68.53132],[14.99195,68.53108],[14.99153,68.53085],[14.99111,68.53062],[14.99069,68.53039],[14.99027,68.53016],[14.98985,68.52994],[14.98943,68.52972],[14.98901,68.52951],[14.98859,68.5293],[14.98818,68.5291],[14.98777,68.52891],[14.98737,68.52872],[14.98698,68.52854],[14.98659,68.52838],[14.98621,68.52822],[14.98584,68.52808],[14.98548,68.52795],[14.98513,68.52783],[14.98479,68.52772],[14.98447,68.52763],[14.98416,68.52755],[14.98387,68.52749],[14.98359,68.52745],[14.98333,68.52742],[14.98308,68.52741],[14.98241,68.52731],[14.98192,68.5272],[14.98134,68.52703],[14.98068,68.52683],[14.97992,68.52658],[14.97909,68.5263],[14.97819,68.52598],[14.97721,68.52563],[14.97617,68.52524],[14.97506,68.52483],[14.9739,68.52439],[14.97268,68.52392],[14.97142,68.52343],[14.97011,68.52291],[14.96876,68.52238],[14.96738,68.52182],[14.96597,68.52125],[14.96453,68.52067],[14.96306,68.52008],[14.96158,68.51947],[14.96009,68.51886],[14.95859,68.51824],[14.95708,68.51762],[14.95558,68.51699],[14.95408,68.51637],[14.95258,68.51575],[14.95111,68.51513],[14.94965,68.51452],[14.94821,68.51391],[14.9468,68.51332],[14.94542,68.51273],[14.94407,68.51216],[14.94277,68.51161],[14.94151,68.51108],[14.9403,68.51056],[14.93915,68.51007],[14.93805,68.5096],[14.93701,68.50916],[14.93604,68.50875],[14.93514,68.50836],[14.93432,68.50801],[14.93358,68.50769],[14.93292,68.50741],[14.93235,68.50716],[14.93188,68.50696],[14.9315,68.50679],[14.93123,68.50668],[14.931,68.50658],[14.89194,68.49486],[14.76303,68.49486],[14.71746,68.49095],[14.70444,68.51309],[14.65887,68.53002],[14.62631,68.54304],[14.60418,68.55866],[14.6198,68.57038],[14.66928,68.58731],[14.71355,68.57689],[14.78777,68.57429],[14.8672,68.56908],[14.9323,68.56127],[15.00001,68.55476],[14.99871,68.53522],[14.99859,68.53514]]],[[[14.95867,68.92609],[14.98292,68.91779],[14.99659,68.9016],[14.98756,68.88467],[14.95834,68.87531],[14.90122,68.8723],[14.89226,68.87336],[14.85873,68.88337],[14.8436,68.88544],[14.8401,68.89167],[14.85524,68.90717],[14.85402,68.91348],[14.8519,68.91877],[14.85727,68.92304],[14.87338,68.92915],[14.89967,68.93085],[14.95867,68.92609]]],[[[14.88673,68.30085],[14.94012,68.30215],[14.95314,68.27741],[14.89715,68.24356],[14.87241,68.22272],[14.84376,68.22663],[14.81381,68.23184],[14.79558,68.24616],[14.81772,68.2683],[14.88673,68.30085]]],[[[14.80291,68.21389],[14.79501,68.20922],[14.7881,68.20132],[14.76865,68.1942],[14.74138,68.19371],[14.72649,68.19652],[14.72153,68.20034],[14.72576,68.20567],[14.73259,68.21092],[14.73813,68.21821],[14.7496,68.22305],[14.81113,68.22004],[14.8239,68.21499],[14.82675,68.20946],[14.81357,68.2062],[14.80291,68.21389]]],[[[14.702,67.80476],[14.70126,67.80227],[14.69329,67.80455],[14.68718,67.80492],[14.68596,67.80732],[14.68263,67.80651],[14.6753,67.8052],[14.66985,67.80292],[14.65992,67.79999],[14.6565,67.80061],[14.66017,67.80691],[14.66887,67.80968],[14.67433,67.81192],[14.68051,67.81306],[14.69068,67.81306],[14.70346,67.81753],[14.71258,67.81737],[14.70948,67.81403],[14.70509,67.8072],[14.70102,67.80809],[14.70061,67.80626],[14.702,67.80476]]],[[[14.68206,68.15497],[14.67758,68.15371],[14.66293,68.15835],[14.67482,68.16747],[14.6797,68.17125],[14.69125,68.17125],[14.702,68.17092],[14.6989,68.16283],[14.69394,68.15811],[14.68914,68.15542],[14.68824,68.15347],[14.68531,68.15192],[14.68377,68.15249],[14.68442,68.1544],[14.68206,68.15497]]],[[[14.57976,67.72972],[14.58635,67.73054],[14.59474,67.73534],[14.60125,67.73037],[14.59563,67.72569],[14.58985,67.72338],[14.58489,67.72081],[14.58513,67.71963],[14.58318,67.71988],[14.58147,67.72289],[14.57765,67.72427],[14.57976,67.72972]]],[[[14.24887,67.39533],[14.25912,67.39549],[14.2693,67.40021],[14.27955,67.40864],[14.30942,67.42308],[14.37176,67.44111],[14.3899,67.44123],[14.40065,67.43659],[14.40349,67.43016],[14.39877,67.42377],[14.39918,67.42182],[14.40846,67.42577],[14.41212,67.42528],[14.4192,67.42341],[14.41285,67.41307],[14.3921,67.39851],[14.36647,67.39094],[14.28419,67.37954],[14.27475,67.37678],[14.25611,67.37385],[14.23894,67.37397],[14.22674,67.37735],[14.22902,67.38418],[14.24855,67.3889],[14.24529,67.39265],[14.24887,67.39533]]],[[[14.15138,67.01191],[14.1504,67.02692],[14.14698,67.0327],[14.14047,67.03596],[14.10011,67.06167],[14.06756,67.06957],[13.99301,67.0777],[13.99301,67.08393],[14.01336,67.08991],[14.03077,67.09805],[14.06202,67.11872],[14.0573,67.13304],[14.06691,67.13496],[14.1338,67.11009],[14.15219,67.10712],[14.17189,67.11127],[14.1941,67.12946],[14.21957,67.15595],[14.24684,67.17373],[14.27369,67.16584],[14.25856,67.13764],[14.23959,67.11547],[14.21762,67.09809],[14.19239,67.08393],[14.21274,67.04922],[14.2151,67.03242],[14.1985,67.02253],[14.20118,67.01887],[14.20436,67.01179],[14.2059,67.00886],[14.19223,67.00357],[14.17408,66.9999],[14.15821,67.00141],[14.15138,67.01191]]],[[[14.1172,68.33731],[14.14715,68.3347],[14.16928,68.32168],[14.19923,68.31517],[14.2409,68.31387],[14.26824,68.28262],[14.2422,68.25658],[14.20053,68.24877],[14.16277,68.26309],[14.14324,68.27351],[14.13803,68.28522],[14.14584,68.29564],[14.10678,68.29564],[14.0586,68.29694],[14.04037,68.31257],[14.07944,68.31517],[14.06642,68.3321],[14.1172,68.33731]]],[[[13.88966,68.17866],[13.87631,68.18073],[13.86964,68.17682],[13.86394,68.16962],[13.85581,68.16275],[13.84197,68.15961],[13.7741,68.15961],[13.78468,68.14692],[13.82472,68.14313],[13.8423,68.13227],[13.84596,68.12055],[13.83937,68.11201],[13.82569,68.10676],[13.7741,68.10196],[13.76027,68.10497],[13.75473,68.10981],[13.74952,68.12328],[13.74269,68.12604],[13.72267,68.12303],[13.71372,68.11567],[13.70826,68.10651],[13.69825,68.09813],[13.70607,68.08592],[13.71078,68.08145],[13.71876,68.07762],[13.69899,68.07026],[13.68214,68.06973],[13.66481,68.07136],[13.64373,68.07087],[13.65113,68.07762],[13.64381,68.07909],[13.63054,68.08369],[13.62322,68.08511],[13.62468,68.10786],[13.5949,68.12055],[13.55885,68.11961],[13.54127,68.10155],[13.54298,68.09614],[13.54737,68.09081],[13.55274,68.08674],[13.55836,68.08511],[13.56479,68.08177],[13.55909,68.07502],[13.5503,68.06973],[13.54737,68.07087],[13.53826,68.05488],[13.52719,68.0434],[13.51287,68.04051],[13.45672,68.07099],[13.48569,68.10684],[13.58912,68.15961],[13.563,68.16421],[13.50994,68.13671],[13.47926,68.13227],[13.47926,68.13972],[13.49073,68.14061],[13.50074,68.14399],[13.50856,68.15009],[13.51336,68.15961],[13.50327,68.15933],[13.49488,68.16071],[13.47926,68.16706],[13.5276,68.17329],[13.51661,68.1791],[13.47926,68.18692],[13.51564,68.2097],[13.57162,68.21752],[13.6159,68.22663],[13.59685,68.23139],[13.58229,68.23591],[13.56544,68.23774],[13.50001,68.24226],[13.63673,68.29434],[13.6657,68.29084],[13.67791,68.29059],[13.68637,68.28783],[13.70134,68.2788],[13.71502,68.27464],[13.73439,68.27871],[13.75001,68.28262],[13.77084,68.28002],[13.79119,68.26805],[13.80079,68.26948],[13.80812,68.27416],[13.81967,68.28775],[13.82838,68.29059],[13.84637,68.30215],[13.87371,68.32559],[13.91928,68.34121],[13.98308,68.33731],[14.00782,68.29434],[13.96746,68.2696],[13.9935,68.25788],[14.02784,68.26264],[14.08725,68.28262],[14.12501,68.27481],[14.15887,68.25528],[14.11069,68.2071],[14.06202,68.20116],[14.05112,68.18985],[14.04347,68.1835],[14.03403,68.18073],[13.94777,68.17768],[13.93678,68.17487],[13.92482,68.17015],[13.91041,68.16767],[13.89991,68.17243],[13.88966,68.17866]]],[[[13.95493,67.26919],[13.96062,67.27119],[13.96127,67.27196],[13.9607,67.27371],[13.96485,67.27582],[13.96135,67.27627],[13.9415,67.27273],[13.93328,67.2731],[13.93417,67.27595],[13.96209,67.28364],[13.96453,67.28718],[13.97462,67.28905],[14.02475,67.28758],[14.02459,67.27672],[14.0171,67.27733],[14.0053,67.27578],[13.99895,67.27513],[13.99846,67.27676],[13.98829,67.27538],[13.98829,67.27424],[13.98813,67.27322],[13.98439,67.26927],[13.95607,67.25837],[13.95134,67.25821],[13.9489,67.25955],[13.95338,67.26366],[13.9192,67.26004],[13.91684,67.26252],[13.92807,67.26675],[13.95493,67.26919]]],[[[13.96681,67.41771],[13.96388,67.41678],[13.95574,67.42044],[13.95859,67.41942],[13.96396,67.42105],[13.95769,67.42048],[13.95444,67.42463],[13.9594,67.42674],[13.97356,67.43439],[13.98797,67.43134],[13.98316,67.4287],[13.97787,67.42776],[13.9747,67.42561],[13.97633,67.42324],[13.98162,67.42223],[13.98658,67.4208],[13.95859,67.41258],[13.95794,67.41376],[13.96681,67.41771]]],[[[13.85027,67.10769],[13.8484,67.11005],[13.84319,67.10672],[13.8353,67.10444],[13.8274,67.10554],[13.83587,67.11685],[13.83139,67.12132],[13.83196,67.12344],[13.85043,67.12434],[13.90659,67.11591],[13.93043,67.11095],[13.92774,67.10623],[13.9135,67.10069],[13.90317,67.09984],[13.89324,67.10293],[13.87615,67.10106],[13.87078,67.10212],[13.87338,67.1044],[13.87363,67.10541],[13.86712,67.10578],[13.86199,67.10366],[13.8554,67.10346],[13.85027,67.10769]]],[[[13.86232,67.07461],[13.86826,67.07075],[13.86923,67.06419],[13.86524,67.05952],[13.75506,67.04409],[13.75131,67.04735],[13.75294,67.05073],[13.76433,67.05476],[13.76767,67.05915],[13.75457,67.06786],[13.76035,67.07477],[13.82374,67.08527],[13.85377,67.07807],[13.86232,67.07461]]],[[[13.36297,66.78648],[13.37184,66.78307],[13.46266,66.77757],[13.4686,66.77827],[13.47381,66.7757],[13.47145,66.76805],[13.44549,66.75922],[13.34319,66.75109],[13.33977,66.74982],[13.25546,66.74921],[13.24602,66.75206],[13.26531,66.75397],[13.26645,66.75568],[13.26246,66.75662],[13.26279,66.75829],[13.35393,66.78734],[13.36297,66.78648]]],[[[13.47063,66.92019],[13.46892,66.91649],[13.46078,66.9136],[13.43539,66.90554],[13.42815,66.90729],[13.43385,66.91454],[13.43124,66.91844],[13.4301,66.92231],[13.41928,66.92365],[13.4048,66.92296],[13.42009,66.93541],[13.43474,66.93789],[13.44597,66.93928],[13.44532,66.93602],[13.4406,66.93004],[13.44874,66.93069],[13.46209,66.928],[13.46437,66.92788],[13.46721,66.92699],[13.46721,66.92418],[13.4734,66.9217],[13.47063,66.92019]]],[[[13.33326,68.02644],[13.32154,68.02985],[13.26905,67.99779],[13.23862,67.98554],[13.22535,67.99885],[13.22438,68.02143],[13.22137,68.03213],[13.21551,68.03669],[13.19703,68.03343],[13.19361,68.02582],[13.19337,68.01679],[13.18434,68.00943],[13.1727,68.00902],[13.16627,68.01537],[13.16375,68.02558],[13.16383,68.03669],[13.16847,68.04975],[13.17799,68.05948],[13.23927,68.09211],[13.25831,68.09561],[13.27687,68.0882],[13.29811,68.0655],[13.31218,68.0583],[13.32838,68.06342],[13.33863,68.08601],[13.32016,68.10415],[13.29396,68.11835],[13.28053,68.12914],[13.29566,68.15229],[13.33058,68.15575],[13.4004,68.14594],[13.40903,68.14321],[13.42807,68.13028],[13.43767,68.12604],[13.41375,68.08299],[13.39584,68.06025],[13.37989,68.05036],[13.38014,68.04548],[13.37159,68.02172],[13.36622,68.01276],[13.3567,68.01065],[13.33326,68.02644]]],[[[13.19426,66.79772],[13.18816,66.79963],[13.18816,66.80545],[13.20965,66.80895],[13.22478,66.81147],[13.23479,66.80895],[13.21485,66.7934],[13.2024,66.79588],[13.19426,66.79772]]],[[[12.9489,66.24608],[12.97006,66.26378],[12.9878,66.27159],[13.15895,66.28522],[13.16896,66.28278],[13.16749,66.27957],[12.92937,66.22687],[12.92107,66.22993],[12.92831,66.23692],[12.9489,66.24608]]],[[[13.08123,68.03742],[13.06137,68.03327],[13.0503,68.02456],[13.0503,68.01655],[13.05934,68.01113],[13.07504,68.00943],[13.08627,68.01545],[13.09978,68.02538],[13.11085,68.02827],[13.11736,68.00405],[13.12599,67.98696],[13.13087,67.96385],[13.13087,67.95258],[13.12387,67.944],[13.10581,67.9405],[13.05641,67.93879],[13.04037,67.9405],[12.99537,67.96479],[12.97682,67.96947],[12.98569,67.94794],[12.97088,67.94953],[12.96111,67.94668],[12.96022,67.94098],[12.97202,67.93427],[12.98927,67.93098],[13.0241,67.92866],[13.04127,67.92341],[13.04664,67.91547],[13.04233,67.90526],[13.03305,67.89647],[13.01791,67.89086],[13.01596,67.88666],[13.01531,67.88202],[13.01368,67.8791],[12.99269,67.87222],[12.89731,67.8559],[12.88331,67.8415],[12.87086,67.82514],[12.84197,67.81562],[12.78712,67.81013],[12.79444,67.82062],[12.83107,67.84553],[12.84571,67.85277],[12.84848,67.8548],[12.84702,67.86099],[12.84156,67.87434],[12.84164,67.8791],[12.84962,67.88984],[12.85841,67.89907],[12.87965,67.9169],[12.88917,67.92866],[12.89308,67.94839],[12.90016,67.95783],[12.90691,67.96076],[12.92123,67.96117],[12.92774,67.96467],[12.93035,67.97065],[12.92945,67.98359],[12.93116,67.98896],[12.97918,68.03653],[12.99008,68.04475],[13.01368,68.0572],[13.04713,68.06468],[13.06227,68.07087],[13.07504,68.08511],[13.06853,68.08845],[13.05974,68.09528],[13.0547,68.09813],[13.0547,68.10497],[13.0796,68.10419],[13.15699,68.08511],[13.15699,68.07762],[13.1434,68.07762],[13.13331,68.06818],[13.12159,68.06232],[13.10906,68.05899],[13.09555,68.0572],[13.09555,68.05036],[13.13657,68.05036],[13.12062,68.03824],[13.10157,68.03653],[13.08123,68.03742]]],[[[13.0962,66.59418],[13.09213,66.60102],[13.09661,66.59838],[13.09897,66.6],[13.09213,66.60794],[13.08969,66.61453],[13.0936,66.61823],[13.09474,66.62084],[13.10629,66.62344],[13.12037,66.62848],[13.12306,66.62307],[13.12737,66.62112],[13.12802,66.61217],[13.12892,66.60501],[13.12599,66.59284],[13.12151,66.58784],[13.11769,66.5858],[13.11134,66.58104],[13.1054,66.58291],[13.10174,66.58849],[13.0962,66.59418]]],[[[13.0853,66.66018],[13.08009,66.65721],[13.08017,66.65579],[13.07244,66.65571],[13.06943,66.65445],[13.06568,66.65184],[13.05274,66.64899],[13.04721,66.65062],[13.0538,66.65388],[13.05266,66.65506],[13.04811,66.65668],[13.04607,66.65982],[13.05681,66.66324],[13.05372,66.66482],[13.04656,66.66572],[13.03745,66.66995],[13.03745,66.67211],[13.03989,66.67552],[13.04152,66.68134],[13.04957,66.68679],[13.07748,66.69697],[13.08774,66.69684],[13.09425,66.69188],[13.09742,66.68041],[13.09685,66.67695],[13.09278,66.67263],[13.09083,66.66413],[13.08725,66.6623],[13.0853,66.66018]]],[[[13.05445,66.58153],[13.06528,66.56916],[13.04583,66.5598],[13.01979,66.55476],[12.99985,66.55638],[12.99318,66.55858],[12.98504,66.56354],[12.9922,66.56167],[12.99871,66.57164],[13.00034,66.57339],[12.99838,66.57522],[12.99431,66.5705],[12.98951,66.56664],[12.98382,66.5659],[12.97641,66.57042],[12.97845,66.58088],[12.9852,66.58267],[12.99098,66.5882],[12.9992,66.5847],[13.00986,66.58352],[13.00945,66.58043],[13.01384,66.57978],[13.02068,66.58059],[13.0324,66.58641],[13.04729,66.58975],[13.05161,66.58759],[13.05445,66.58153]]],[[[12.88429,66.37645],[12.89519,66.36042],[12.89894,66.35505],[12.87721,66.35904],[12.86793,66.36347],[12.85955,66.3664],[12.8484,66.37173],[12.8379,66.3708],[12.8318,66.37324],[12.8274,66.37678],[12.81666,66.38109],[12.80079,66.38471],[12.81056,66.38935],[12.84311,66.39842],[12.85027,66.40961],[12.83546,66.4239],[12.82643,66.43622],[12.81861,66.43744],[12.81723,66.44257],[12.82944,66.44733],[12.88673,66.45653],[12.89674,66.4562],[12.90162,66.45311],[12.90235,66.44644],[12.90699,66.44261],[12.91082,66.43716],[12.91245,66.43138],[12.91944,66.43159],[12.92823,66.44204],[12.92921,66.45246],[12.92888,66.45783],[12.94077,66.46019],[12.9607,66.45946],[12.96648,66.45311],[12.95411,66.43309],[12.9489,66.40908],[12.93849,66.39444],[12.931,66.38935],[12.91603,66.3946],[12.9074,66.39891],[12.90235,66.40485],[12.89967,66.41608],[12.89129,66.40933],[12.886,66.40168],[12.88136,66.39057],[12.88429,66.37645]]],[[[12.44418,65.87873],[12.45826,65.88251],[12.47071,65.88752],[12.47869,65.89838],[12.36883,65.89159],[12.38356,65.90648],[12.43092,65.93256],[12.44386,65.94404],[12.46144,65.97004],[12.47242,65.98094],[12.49122,65.99063],[12.60133,66.02167],[12.62721,66.02302],[12.65008,66.01508],[12.62029,65.99307],[12.60857,65.97993],[12.61524,65.97419],[12.636,65.97606],[12.65821,65.98127],[12.67953,65.98876],[12.69801,65.99775],[12.7409,66.01358],[12.8003,66.02481],[12.86004,66.0268],[12.90382,66.01508],[12.89015,66.00145],[12.85768,66.00047],[12.73406,65.97557],[12.67482,65.95222],[12.62338,65.94213],[12.49269,65.87979],[12.46583,65.87328],[12.43092,65.87108],[12.44418,65.87873]]],[[[12.70509,66.24128],[12.70021,66.24323],[12.70509,66.2508],[12.71469,66.2591],[12.73756,66.27057],[12.75717,66.27749],[12.79282,66.29499],[12.7942,66.30036],[12.79526,66.30512],[12.79379,66.31122],[12.79998,66.31196],[12.80698,66.30378],[12.81218,66.2967],[12.82439,66.29902],[12.82928,66.29584],[12.83562,66.29365],[12.83937,66.29312],[12.85971,66.29267],[12.8672,66.29169],[12.87289,66.28824],[12.87534,66.28563],[12.88233,66.2768],[12.88689,66.2569],[12.87924,66.24339],[12.86834,66.23945],[12.85719,66.23404],[12.84604,66.22626],[12.82496,66.21589],[12.81023,66.22358],[12.78728,66.21727],[12.76075,66.22191],[12.75082,66.2331],[12.74098,66.24165],[12.71957,66.24311],[12.70509,66.24128]]],[[[12.87802,66.52989],[12.83351,66.51887],[12.80966,66.52053],[12.8034,66.52627],[12.79558,66.53099],[12.79249,66.53909],[12.79648,66.54487],[12.80071,66.54556],[12.82293,66.54755],[12.80527,66.55089],[12.80584,66.55345],[12.83945,66.55626],[12.85776,66.56525],[12.86614,66.56192],[12.8707,66.55577],[12.86557,66.55138],[12.8554,66.54938],[12.85792,66.54747],[12.8812,66.5432],[12.88461,66.54002],[12.88274,66.53526],[12.87802,66.52989]]],[[[12.74285,67.74254],[12.74545,67.74657],[12.76059,67.75593],[12.77052,67.75296],[12.76775,67.74002],[12.75701,67.73705],[12.74285,67.74254]]],[[[12.72543,67.65774],[12.72495,67.65196],[12.7212,67.65184],[12.71005,67.65969],[12.70314,67.66218],[12.69956,67.6612],[12.70346,67.65799],[12.70899,67.6553],[12.70948,67.65192],[12.7024,67.63801],[12.69842,67.63923],[12.69728,67.64289],[12.69728,67.64798],[12.69256,67.65298],[12.68466,67.65697],[12.68247,67.66181],[12.68035,67.66393],[12.66708,67.66372],[12.64568,67.65217],[12.63242,67.65668],[12.61671,67.65754],[12.6045,67.64985],[12.60157,67.64216],[12.6032,67.63821],[12.60255,67.63288],[12.59132,67.63023],[12.57814,67.63443],[12.57016,67.64651],[12.57,67.65282],[12.6124,67.66242],[12.62233,67.67141],[12.64723,67.68317],[12.71656,67.6953],[12.7234,67.69225],[12.72055,67.68732],[12.71209,67.67886],[12.70696,67.67687],[12.70664,67.67353],[12.71876,67.66751],[12.72275,67.66352],[12.72543,67.65774]]],[[[12.59449,66.57844],[12.59262,66.58194],[12.59482,66.58531],[12.59002,66.58771],[12.59433,66.5928],[12.6041,66.5939],[12.60703,66.58792],[12.61061,66.58503],[12.61622,66.59203],[12.61964,66.59215],[12.62167,66.59935],[12.62509,66.59996],[12.62965,66.60277],[12.63583,66.60863],[12.64698,66.6083],[12.66139,66.60493],[12.66798,66.60045],[12.66554,66.59695],[12.65065,66.59329],[12.64991,66.59247],[12.6552,66.59146],[12.6801,66.59231],[12.68279,66.58332],[12.68214,66.5738],[12.68434,66.56912],[12.68287,66.56611],[12.67327,66.56757],[12.67172,66.56391],[12.65764,66.55219],[12.6552,66.54784],[12.64772,66.54678],[12.6246,66.55036],[12.61346,66.55455],[12.60947,66.55935],[12.61394,66.56501],[12.63266,66.57054],[12.6316,66.57164],[12.62241,66.57331],[12.61866,66.57319],[12.61411,66.57449],[12.60955,66.57746],[12.59449,66.57844]]],[[[12.34213,66.08344],[12.35727,66.08735],[12.386,66.1009],[12.40016,66.10391],[12.45672,66.10725],[12.47242,66.11131],[12.47771,66.11774],[12.48024,66.1269],[12.48748,66.13508],[12.52296,66.14069],[12.57423,66.15851],[12.54217,66.1706],[12.50424,66.17585],[12.46559,66.1743],[12.43092,66.16596],[12.43092,66.17276],[12.52272,66.19815],[12.53387,66.19892],[12.54298,66.20197],[12.55144,66.22036],[12.5617,66.22114],[12.58172,66.21377],[12.59522,66.20502],[12.60076,66.19367],[12.60426,66.18114],[12.61207,66.16938],[12.61183,66.15681],[12.59051,66.14761],[12.54705,66.13862],[12.54705,66.13117],[12.62192,66.13117],[12.60572,66.12275],[12.5879,66.1175],[12.5879,66.11131],[12.62843,66.1149],[12.64666,66.11319],[12.65691,66.10391],[12.64959,66.09418],[12.64039,66.09028],[12.60027,66.08869],[12.5901,66.08495],[12.57423,66.07591],[12.53338,66.0607],[12.2942,66.01508],[12.33473,66.04243],[12.3506,66.04804],[12.36573,66.05158],[12.38006,66.05659],[12.39332,66.06664],[12.42042,66.0799],[12.4297,66.0871],[12.41717,66.09024],[12.39796,66.08763],[12.36166,66.07709],[12.34213,66.07591],[12.34213,66.08344]]],[[[12.58383,66.36982],[12.6067,66.3712],[12.60947,66.36595],[12.60385,66.36042],[12.59506,66.35741],[12.58725,66.35651],[12.58172,66.35729],[12.57895,66.35546],[12.58489,66.35061],[12.58888,66.34907],[12.61232,66.35342],[12.61818,66.35322],[12.55274,66.32986],[12.54632,66.33071],[12.54778,66.33568],[12.54664,66.33845],[12.53728,66.33365],[12.5184,66.32909],[12.49822,66.3319],[12.49594,66.33617],[12.50139,66.33841],[12.50676,66.338],[12.5241,66.34959],[12.53338,66.35061],[12.53907,66.34756],[12.54282,66.34667],[12.54778,66.35252],[12.55307,66.35586],[12.56397,66.35375],[12.56577,66.36066],[12.58383,66.36982]]],[[[12.21111,65.32465],[12.20428,65.31932],[12.21119,65.30256],[12.2186,65.30101],[12.23634,65.29133],[12.24773,65.28046],[12.23561,65.27521],[12.22104,65.2709],[12.19386,65.25165],[12.18385,65.2473],[12.08058,65.21503],[12.05348,65.21996],[12.07732,65.23363],[12.09474,65.2558],[12.12233,65.30256],[12.11118,65.3017],[12.10035,65.30215],[12.0901,65.30435],[12.08074,65.30878],[12.09734,65.32534],[12.10906,65.34296],[12.12224,65.35733],[12.14283,65.364],[12.15512,65.36245],[12.17123,65.35318],[12.18068,65.35102],[12.18775,65.35456],[12.20248,65.37177],[12.21119,65.37763],[12.21119,65.38508],[12.18377,65.38349],[12.17701,65.38508],[12.174,65.3863],[12.16586,65.39082],[12.16082,65.39582],[12.17482,65.402],[12.21119,65.42609],[12.26775,65.44941],[12.32846,65.46703],[12.32154,65.47431],[12.31715,65.48078],[12.31479,65.48737],[12.31422,65.49494],[12.25856,65.47297],[12.22902,65.46849],[12.19744,65.47386],[12.23219,65.48749],[12.20436,65.48749],[12.23024,65.51227],[12.24041,65.52607],[12.24529,65.54149],[12.23854,65.54263],[12.22983,65.54711],[12.22486,65.54898],[12.2444,65.55882],[12.25864,65.57461],[12.27426,65.58173],[12.29737,65.56607],[12.31593,65.54108],[12.32472,65.53193],[12.3353,65.52729],[12.38649,65.51423],[12.39731,65.50755],[12.44459,65.46703],[12.44646,65.45848],[12.44654,65.43842],[12.45143,65.42609],[12.46168,65.41283],[12.47495,65.4029],[12.49049,65.39761],[12.5066,65.39814],[12.49187,65.38752],[12.45875,65.38227],[12.44459,65.37084],[12.39243,65.36017],[12.37965,65.35407],[12.36671,65.34394],[12.35255,65.33633],[12.33644,65.33153],[12.23902,65.32246],[12.21111,65.32465]]],[[[12.37509,65.74299],[12.3746,65.7458],[12.39462,65.75869],[12.39853,65.76301],[12.39975,65.76679],[12.40455,65.77342],[12.41415,65.78042],[12.47218,65.79719],[12.47739,65.80101],[12.48406,65.80415],[12.49155,65.80435],[12.49407,65.80191],[12.4909,65.79711],[12.48951,65.7829],[12.48699,65.77721],[12.4843,65.77481],[12.46111,65.76256],[12.43735,65.76044],[12.40065,65.7475],[12.39511,65.74771],[12.38478,65.7392],[12.38014,65.73949],[12.37509,65.74299]]],[[[12.38347,65.69339],[12.39405,65.699],[12.39861,65.70511],[12.40887,65.71267],[12.44679,65.72521],[12.44939,65.72338],[12.45037,65.72049],[12.4463,65.7154],[12.34425,65.6479],[12.32569,65.64667],[12.31056,65.65461],[12.30592,65.66332],[12.33627,65.68171],[12.34254,65.68944],[12.34343,65.69172],[12.34913,65.69392],[12.35141,65.69143],[12.35719,65.68936],[12.38347,65.69339]]],[[[12.38315,66.38386],[12.38193,66.38215],[12.38193,66.3815],[12.38583,66.37637],[12.38429,66.37108],[12.37973,66.37214],[12.3755,66.37409],[12.3711,66.37328],[12.372,66.3699],[12.3746,66.36701],[12.37208,66.36571],[12.36736,66.36542],[12.36354,66.36306],[12.36411,66.35924],[12.36622,66.35566],[12.36044,66.35309],[12.35165,66.35175],[12.34637,66.35289],[12.34474,66.35265],[12.35182,66.34597],[12.3484,66.34162],[12.33652,66.34247],[12.32244,66.35301],[12.31389,66.35305],[12.30698,66.35611],[12.30877,66.36351],[12.31194,66.36909],[12.34254,66.37438],[12.35816,66.3712],[12.35987,66.37165],[12.36118,66.3745],[12.37355,66.37848],[12.3711,66.38007],[12.37306,66.38312],[12.37859,66.38504],[12.38315,66.38386]]],[[[12.24773,65.84675],[12.24024,65.83836],[12.23414,65.83881],[12.23495,65.84406],[12.23764,65.84992],[12.23846,65.86388],[12.24342,65.86522],[12.25099,65.86091],[12.25294,65.87434],[12.2579,65.87991],[12.27947,65.88585],[12.32407,65.91348],[12.3222,65.91397],[12.31568,65.91201],[12.30966,65.91796],[12.30462,65.91901],[12.3073,65.92556],[12.31365,65.93069],[12.35336,65.9361],[12.36516,65.93374],[12.37306,65.92988],[12.37558,65.92524],[12.36663,65.92149],[12.35833,65.91568],[12.34938,65.918],[12.3331,65.90965],[12.32293,65.90119],[12.32439,65.89655],[12.32667,65.8935],[12.32179,65.89057],[12.31536,65.89159],[12.31243,65.89513],[12.306,65.89423],[12.29819,65.88699],[12.29469,65.87706],[12.292,65.87295],[12.29119,65.87511],[12.29013,65.87633],[12.26905,65.86697],[12.2575,65.85737],[12.25709,65.85692],[12.261,65.85619],[12.25929,65.85102],[12.25302,65.85004],[12.24773,65.84675]]],[[[12.30779,66.12755],[12.30307,66.12934],[12.2986,66.1354],[12.29729,66.13443],[12.29851,66.13007],[12.29331,66.12596],[12.28622,66.12503],[12.2837,66.13142],[12.28736,66.13923],[12.31642,66.16344],[12.33025,66.17105],[12.34588,66.17308],[12.35174,66.16743],[12.34734,66.15282],[12.33025,66.14785],[12.32602,66.13508],[12.31756,66.13089],[12.31381,66.13121],[12.30779,66.12755]]],[[[11.97902,65.08283],[11.99366,65.08674],[12.03338,65.08283],[12.04835,65.0854],[12.04811,65.09174],[12.04314,65.09968],[12.04347,65.107],[12.06056,65.11762],[12.09978,65.12344],[12.12233,65.13129],[12.10759,65.12897],[12.0984,65.13032],[12.09278,65.13556],[12.08815,65.14492],[12.09108,65.14851],[12.09457,65.16169],[12.09669,65.17495],[12.09506,65.17841],[12.11394,65.19257],[12.13982,65.2038],[12.16725,65.21113],[12.19093,65.21381],[12.20802,65.20726],[12.24098,65.1787],[12.27166,65.16462],[12.25856,65.1479],[12.22486,65.12377],[12.2492,65.11921],[12.28452,65.11652],[12.30909,65.11058],[12.30047,65.0965],[12.27027,65.08071],[12.23121,65.06851],[12.1565,65.05549],[12.13282,65.05646],[12.09148,65.0666],[12.07081,65.06916],[12.0477,65.06949],[11.99985,65.0751],[11.97902,65.08283]]],[[[12.20859,66.00047],[12.20802,66.00202],[12.20639,66.00369],[12.2033,66.00235],[12.19899,66.00357],[12.19508,66.00129],[12.19549,66.00438],[12.19752,66.0089],[12.20704,66.01415],[12.21599,66.01276],[12.22877,66.01415],[12.24944,66.00373],[12.24147,66.00047],[12.24033,65.99742],[12.24846,65.99718],[12.2457,65.98924],[12.23829,65.98648],[12.23113,65.98387],[12.21909,65.98383],[12.21453,65.98021],[12.20859,65.97704],[12.20232,65.98086],[12.20582,65.9844],[12.20948,65.98863],[12.21306,65.98941],[12.21477,65.99042],[12.21811,65.99547],[12.21551,65.9964],[12.20769,65.99921],[12.20859,66.00047]]],[[[12.12729,65.61213],[12.12672,65.61754],[12.13201,65.62214],[12.14308,65.62897],[12.14747,65.6328],[12.15358,65.63443],[12.15512,65.63626],[12.15284,65.6389],[12.15122,65.6398],[12.15349,65.64159],[12.16505,65.64631],[12.17091,65.64387],[12.17441,65.64293],[12.17742,65.63996],[12.18019,65.64016],[12.17514,65.62071],[12.15903,65.60493],[12.15284,65.60069],[12.14772,65.59992],[12.14649,65.5965],[12.13038,65.59117],[12.12664,65.59182],[12.12753,65.59719],[12.12818,65.60098],[12.12818,65.60334],[12.12395,65.60623],[12.12729,65.61213]]],[[[12.08066,65.38609],[12.077,65.39086],[12.07602,65.3959],[12.07911,65.4007],[12.08408,65.40396],[12.08798,65.40904],[12.0888,65.41547],[12.08733,65.41584],[12.08399,65.41063],[12.07887,65.40746],[12.05161,65.39855],[12.04721,65.40408],[12.0429,65.41718],[12.04713,65.42129],[12.09246,65.43997],[12.10043,65.43981],[12.10043,65.43151],[12.10108,65.42992],[12.14145,65.45966],[12.13998,65.46003],[12.13168,65.45559],[12.12444,65.45413],[12.12387,65.45832],[12.13103,65.46511],[12.13673,65.46817],[12.14259,65.46939],[12.14731,65.47545],[12.15227,65.47574],[12.15423,65.47285],[12.15569,65.47325],[12.16424,65.47577],[12.17107,65.47431],[12.17099,65.46975],[12.1312,65.43765],[12.1194,65.4204],[12.11622,65.41804],[12.11093,65.41678],[12.11061,65.41153],[12.11346,65.4053],[12.10955,65.39794],[12.10841,65.39419],[12.1041,65.39045],[12.09189,65.38638],[12.08066,65.38609]]],[[[12.08937,67.52989],[12.09246,67.53217],[12.09962,67.53356],[12.11126,67.53132],[12.12224,67.5288],[12.1338,67.52936],[12.14373,67.52997],[12.14739,67.52778],[12.14999,67.52839],[12.15911,67.53034],[12.16424,67.52607],[12.15878,67.52464],[12.1548,67.5231],[12.15447,67.52574],[12.15349,67.52753],[12.14999,67.51805],[12.14552,67.51972],[12.14373,67.52298],[12.13966,67.5231],[12.13706,67.51984],[12.12957,67.5152],[12.12135,67.51382],[12.11549,67.51195],[12.10808,67.51199],[12.10206,67.5104],[12.10255,67.50943],[12.09783,67.5115],[12.09311,67.51024],[12.0888,67.50666],[12.08343,67.49962],[12.07667,67.49726],[12.07521,67.49815],[12.07634,67.50153],[12.07895,67.50267],[12.07895,67.50373],[12.07732,67.50479],[12.08172,67.50768],[12.08709,67.51195],[12.07976,67.51382],[12.07773,67.51691],[12.07862,67.51915],[12.08399,67.52115],[12.08945,67.52546],[12.08937,67.52989]]],[[[12.02784,66.49799],[12.02874,66.50117],[12.03053,66.50304],[12.0276,66.50308],[12.02019,66.49938],[12.01124,66.50161],[12.01881,66.50788],[12.03582,66.51097],[12.04127,66.51244],[12.04819,66.51537],[12.05665,66.51496],[12.05926,66.51345],[12.06023,66.50963],[12.06218,66.50288],[12.05315,66.49848],[12.03191,66.49124],[12.02101,66.49425],[12.02784,66.49799]]],[[[12.03134,65.22634],[12.03728,65.21959],[12.03696,65.20502],[12.02215,65.20242],[12.00416,65.20807],[11.99757,65.20751],[11.9839,65.21267],[11.96827,65.21149],[11.96315,65.21609],[11.96624,65.22403],[11.97967,65.23709],[11.99887,65.2405],[12.01995,65.23912],[12.02223,65.23432],[12.02792,65.2296],[12.03134,65.22634]]],[[[11.87794,65.60224],[11.8685,65.59907],[11.85939,65.59838],[11.84864,65.60419],[11.86915,65.61042],[11.84742,65.61416],[11.7798,65.607],[11.75929,65.61791],[11.76515,65.635],[11.785,65.6603],[11.80828,65.68305],[11.82447,65.69302],[11.89096,65.7062],[11.92612,65.70873],[11.95444,65.69644],[11.96502,65.69623],[11.98211,65.69994],[11.99789,65.70014],[12.00514,65.6896],[11.99977,65.67805],[11.98683,65.67194],[11.95786,65.66502],[11.97299,65.64956],[11.97608,65.64159],[11.97145,65.63154],[11.95826,65.62271],[11.92661,65.59634],[11.91684,65.58999],[11.90707,65.59032],[11.90268,65.5954],[11.89869,65.6013],[11.8899,65.60419],[11.87794,65.60224]]],[[[11.95354,67.46332],[11.95102,67.45909],[11.94915,67.45616],[11.94207,67.45551],[11.93035,67.45051],[11.92791,67.45075],[11.93019,67.4547],[11.931,67.46267],[11.94101,67.46833],[11.9498,67.4702],[11.95623,67.46634],[11.95354,67.46332]]],[[[11.65724,65.04243],[11.65187,65.04572],[11.65358,65.05146],[11.65268,65.05756],[11.65219,65.06],[11.65797,65.06468],[11.64991,65.06509],[11.62696,65.05805],[11.60353,65.04816],[11.57985,65.04255],[11.5586,65.04206],[11.51881,65.05459],[11.51922,65.05878],[11.52662,65.06196],[11.52817,65.06379],[11.52508,65.06542],[11.52882,65.07543],[11.53102,65.08519],[11.54086,65.0917],[11.5547,65.09626],[11.56568,65.10391],[11.58033,65.10969],[11.66179,65.11835],[11.68897,65.11799],[11.70729,65.11392],[11.71876,65.10838],[11.72576,65.10663],[11.73113,65.10871],[11.73292,65.11188],[11.74293,65.11538],[11.76173,65.11937],[11.77687,65.11848],[11.77719,65.11005],[11.76531,65.10212],[11.74545,65.09512],[11.70965,65.08161],[11.68881,65.07713],[11.6736,65.07172],[11.67351,65.06851],[11.68816,65.06855],[11.70086,65.06476],[11.6985,65.05744],[11.68442,65.05061],[11.66944,65.04491],[11.65724,65.04243]]],[[[11.35426,64.58735],[11.36883,64.59101],[11.3685,64.60358],[11.36134,64.62775],[11.36647,64.63443],[11.39145,64.61103],[11.38884,64.62027],[11.39308,64.62592],[11.40268,64.62275],[11.44402,64.5954],[11.45436,64.59317],[11.46551,64.58784],[11.47291,64.56949],[11.4817,64.56342],[11.48024,64.55606],[11.46567,64.55117],[11.43784,64.54987],[11.43393,64.54735],[11.43735,64.54365],[11.43287,64.54243],[11.4144,64.54597],[11.386,64.5528],[11.35133,64.5644],[11.34449,64.57368],[11.34791,64.58259],[11.35426,64.58735]]],[[[11.14161,64.57127],[11.16993,64.57404],[11.22486,64.56952],[11.19174,64.59561],[11.08399,64.58828],[11.04298,64.59992],[11.03736,64.61445],[11.04265,64.63036],[11.05397,64.64395],[11.06658,64.65144],[11.08578,64.65205],[11.10597,64.64631],[11.14235,64.63101],[11.22926,64.61127],[11.26938,64.59223],[11.28631,64.55899],[11.31218,64.54011],[11.42563,64.53974],[11.45143,64.51496],[11.43897,64.5069],[11.43068,64.49677],[11.41676,64.47272],[11.39145,64.48273],[11.31577,64.48798],[11.29998,64.49689],[11.28387,64.51325],[11.24692,64.51529],[11.18019,64.50747],[11.12867,64.55585],[11.14161,64.57127]]],[[[11.24545,64.63939],[11.23658,64.63911],[11.23129,64.63646],[11.22926,64.63422],[11.22047,64.63345],[11.17311,64.63736],[11.16993,64.6446],[11.18181,64.65351],[11.18165,64.65754],[11.16798,64.65973],[11.17123,64.66372],[11.174,64.66885],[11.18556,64.67381],[11.30397,64.69208],[11.31666,64.68976],[11.31642,64.68081],[11.34262,64.67768],[11.35572,64.6673],[11.35076,64.65156],[11.34376,64.63898],[11.34148,64.62865],[11.34213,64.62324],[11.3401,64.62043],[11.33424,64.61665],[11.32887,64.61384],[11.32602,64.60952],[11.32114,64.60334],[11.31227,64.59968],[11.29786,64.60346],[11.2798,64.61176],[11.26539,64.6225],[11.25506,64.63369],[11.24545,64.63939]]],[[[11.18084,64.93179],[11.19264,64.92398],[11.1976,64.91523],[11.20688,64.90913],[11.2658,64.89851],[11.26637,64.8937],[11.26515,64.89216],[11.26238,64.89199],[11.25904,64.89106],[11.21713,64.86579],[11.17628,64.84862],[11.13217,64.83885],[11.0809,64.83584],[11.08497,64.8461],[11.08774,64.85008],[11.07789,64.85395],[11.06756,64.85472],[11.05665,64.85322],[11.04607,64.85008],[11.04607,64.85757],[11.06251,64.8627],[11.08025,64.87507],[11.09205,64.88963],[11.09108,64.9016],[11.08131,64.89834],[11.00571,64.89851],[10.94028,64.87482],[10.90691,64.85741],[10.87916,64.85163],[10.85011,64.84931],[10.82691,64.85008],[10.82691,64.85757],[11.08904,64.95043],[11.10133,64.95311],[11.11638,64.95108],[11.14096,64.9416],[11.16717,64.93732],[11.18084,64.93179]]],[[[11.22684,59.08798],[11.20855,59.0858],[11.22006,59.09016],[11.24379,59.09236],[11.22684,59.08798]]],[[[11.02947,63.77172],[11.03582,63.78819],[11.0468,63.79597],[11.05787,63.7989],[11.07285,63.79723],[11.20875,63.81623],[11.21827,63.81485],[11.22714,63.80964],[11.22893,63.80651],[11.21404,63.79796],[11.19492,63.79365],[11.15952,63.79776],[11.14731,63.79605],[11.05218,63.75682],[11.04819,63.75222],[11.0385,63.74518],[11.03036,63.74274],[11.00538,63.74209],[10.99944,63.74649],[11.00579,63.75646],[11.02947,63.77172]]],[[[11.11757,59.01559],[11.1194,59.02082],[11.12217,59.0237],[11.11757,59.01559]]],[[[10.96339,64.95746],[11.03248,64.97297],[11.03346,64.98823],[11.05934,64.99042],[11.09246,64.98387],[11.115,64.97297],[11.11183,64.96955],[11.10865,64.96821],[11.10524,64.96768],[10.96502,64.91869],[10.89894,64.90827],[10.84116,64.87739],[10.81691,64.86856],[10.73813,64.85008],[10.7422,64.85985],[10.74513,64.86371],[10.71095,64.86371],[10.73048,64.87222],[10.74122,64.88711],[10.7505,64.90396],[10.76564,64.91836],[10.78387,64.92402],[10.85141,64.9252],[10.87176,64.92768],[10.92449,64.9418],[10.96339,64.95746]]],[[[11.00896,59.0292],[11.00082,59.02961],[10.99147,59.0336],[10.99155,59.04686],[10.99342,59.06232],[10.99318,59.07665],[11.00327,59.08649],[11.02076,59.09125],[11.03435,59.08893],[11.04021,59.08104],[11.03981,59.07441],[11.04762,59.07319],[11.07049,59.0749],[11.06959,59.07762],[11.07032,59.07933],[11.07569,59.08047],[11.08302,59.0773],[11.08237,59.06786],[11.07553,59.05854],[11.06479,59.0515],[11.05161,59.04613],[11.05047,59.0423],[11.05486,59.03587],[11.0464,59.0268],[11.03053,59.02082],[11.01824,59.01935],[11.01352,59.02163],[11.01157,59.02538],[11.00896,59.0292]]],[[[10.92807,59.0502],[10.92197,59.05805],[10.92783,59.06346],[10.93076,59.07111],[10.93572,59.07754],[10.93922,59.08377],[10.94508,59.08385],[10.94809,59.08377],[10.952,59.08511],[10.95647,59.08279],[10.95786,59.07551],[10.95908,59.07111],[10.96111,59.06647],[10.95981,59.06232],[10.96046,59.05341],[10.9638,59.04902],[10.96608,59.03856],[10.95248,59.03718],[10.94565,59.0303],[10.94313,59.03111],[10.94125,59.03376],[10.93841,59.036],[10.93751,59.03966],[10.9406,59.04194],[10.93963,59.04393],[10.93466,59.0432],[10.93157,59.04759],[10.93727,59.04881],[10.92807,59.0502]]],[[[10.85629,64.96695],[10.85475,64.96263],[10.83749,64.95608],[10.83326,64.9534],[10.82936,64.94957],[10.82651,64.95018],[10.82309,64.94916],[10.82,64.94579],[10.81568,64.94501],[10.81056,64.94514],[10.80486,64.94408],[10.80161,64.94929],[10.80755,64.95466],[10.81259,64.95726],[10.79957,64.95718],[10.79501,64.95893],[10.79135,64.96711],[10.79192,64.97142],[10.79363,64.97476],[10.79282,64.97712],[10.78997,64.97659],[10.78679,64.97504],[10.78517,64.97236],[10.78533,64.96959],[10.78321,64.96788],[10.75294,64.96922],[10.74578,64.9669],[10.74383,64.96418],[10.73992,64.96422],[10.73284,64.96263],[10.73211,64.96487],[10.73471,64.96723],[10.73959,64.96902],[10.74252,64.97118],[10.75733,64.97752],[10.76189,64.97659],[10.78069,64.97858],[10.77971,64.97972],[10.77394,64.97993],[10.76889,64.98119],[10.7645,64.98347],[10.76173,64.98623],[10.76165,64.98949],[10.77744,64.99201],[10.78272,64.99042],[10.77963,64.98688],[10.79339,64.98749],[10.79762,64.9892],[10.79868,64.99246],[10.80161,64.99421],[10.81121,64.99449],[10.81601,64.99258],[10.81609,64.98338],[10.81634,64.98273],[10.83578,64.98497],[10.83595,64.98688],[10.83782,64.9912],[10.85231,64.99734],[10.85776,64.99795],[10.86622,64.99592],[10.86663,64.99278],[10.85532,64.98953],[10.85743,64.98859],[10.89226,64.99372],[10.8956,64.99344],[10.89715,64.9912],[10.90154,64.99144],[10.90382,64.99075],[10.89902,64.98835],[10.89137,64.98664],[10.89047,64.98554],[10.89706,64.98652],[10.89926,64.98107],[10.90512,64.98253],[10.91009,64.98501],[10.91025,64.98688],[10.90903,64.9892],[10.91822,64.99372],[10.92164,64.9964],[10.92953,64.99836],[10.93857,64.99702],[10.93735,64.99624],[10.93352,64.99588],[10.93474,64.99262],[10.93198,64.99075],[10.93165,64.98973],[10.94467,64.99193],[10.96022,64.9914],[10.96152,64.98884],[10.94321,64.98481],[10.93889,64.98668],[10.93588,64.9844],[10.93897,64.98135],[10.95509,64.9805],[10.96013,64.97667],[10.95411,64.97553],[10.94809,64.97704],[10.94768,64.97594],[10.94964,64.97297],[10.94646,64.97024],[10.9319,64.96849],[10.924,64.96922],[10.91741,64.97118],[10.87517,64.96125],[10.86655,64.96227],[10.86378,64.96756],[10.87517,64.98001],[10.87216,64.98261],[10.86508,64.98216],[10.86272,64.98058],[10.865,64.97931],[10.84742,64.96906],[10.84571,64.96471],[10.85165,64.96674],[10.85629,64.96695]]],[[[10.84262,59.11001],[10.85548,59.11538],[10.86524,59.1166],[10.86793,59.11327],[10.865,59.10895],[10.85914,59.10602],[10.85572,59.10236],[10.85727,59.09907],[10.87192,59.10651],[10.89763,59.11563],[10.91049,59.11644],[10.91383,59.11156],[10.9144,59.10074],[10.90707,59.09056],[10.8838,59.07217],[10.87745,59.07123],[10.87477,59.07567],[10.8698,59.07709],[10.85572,59.07416],[10.84571,59.07575],[10.84181,59.08023],[10.83839,59.08641],[10.82911,59.09943],[10.83253,59.10444],[10.84262,59.11001]]],[[[10.81153,64.53364],[10.81479,64.53107],[10.82016,64.52733],[10.82976,64.52424],[10.83749,64.51899],[10.84132,64.51858],[10.83481,64.51512],[10.82537,64.51549],[10.79884,64.51687],[10.78419,64.51821],[10.77613,64.52196],[10.78452,64.52196],[10.78614,64.52428],[10.77752,64.52867],[10.77312,64.53449],[10.77866,64.53482],[10.78598,64.53856],[10.78541,64.5408],[10.79086,64.54357],[10.7999,64.54011],[10.80608,64.53482],[10.81153,64.53364]]],[[[10.69956,64.8179],[10.70224,64.82091],[10.71518,64.82518],[10.72731,64.8238],[10.73032,64.82026],[10.72731,64.81513],[10.72429,64.81399],[10.7208,64.81265],[10.71754,64.81253],[10.71616,64.81411],[10.71241,64.81603],[10.70737,64.81696],[10.70525,64.81598],[10.70761,64.81501],[10.70452,64.81306],[10.69964,64.81598],[10.69956,64.8179]]],[[[10.56105,59.21572],[10.56064,59.20844],[10.53826,59.21312],[10.54363,59.21971],[10.56105,59.21572]]],[[[10.51173,59.37918],[10.51726,59.38508],[10.51637,59.39203],[10.52727,59.38752],[10.53614,59.38491],[10.53826,59.38414],[10.53826,59.37417],[10.53338,59.36664],[10.52206,59.37226],[10.51173,59.37918]]],[[[10.43051,59.09638],[10.43466,59.08678],[10.43889,59.08641],[10.44532,59.0926],[10.44988,59.0941],[10.4524,59.08735],[10.45248,59.06916],[10.45053,59.0646],[10.44402,59.06269],[10.4336,59.06721],[10.42579,59.08031],[10.42156,59.09809],[10.42408,59.10875],[10.42921,59.11799],[10.43214,59.11583],[10.43466,59.11103],[10.43491,59.10598],[10.43116,59.09972],[10.43051,59.09638]]],[[[9.98797,64.07933],[10.01678,64.06517],[10.01637,64.05858],[10.00676,64.0397],[9.9629,64.04076],[9.94793,64.04499],[9.94207,64.04987],[9.93995,64.05532],[9.93198,64.06078],[9.93222,64.0644],[9.93442,64.06741],[9.93995,64.07237],[9.952,64.07722],[9.96852,64.0799],[9.98797,64.07933]]],[[[9.85678,64.02338],[9.84742,64.02631],[9.84376,64.03319],[9.85108,64.03824],[9.87525,64.03832],[9.87973,64.04352],[9.88852,64.04906],[9.90358,64.04548],[9.91749,64.03718],[9.92018,64.03156],[9.91969,64.02851],[9.93084,64.02753],[9.93995,64.02212],[9.94386,64.01146],[9.92848,64.00316],[9.90821,63.9975],[9.89226,63.99702],[9.88087,64.00263],[9.86752,64.0065],[9.85385,64.00894],[9.85597,64.01301],[9.87379,64.01655],[9.88111,64.01996],[9.8755,64.02269],[9.86736,64.02359],[9.85678,64.02338]]],[[[9.42913,63.68098],[9.43304,63.67805],[9.43198,63.67052],[9.42953,63.66523],[9.43336,63.65823],[9.43914,63.65213],[9.45769,63.64842],[9.44386,63.63662],[9.42416,63.63992],[9.41464,63.65115],[9.41106,63.65758],[9.39975,63.65933],[9.39405,63.65213],[9.39926,63.64944],[9.40105,63.64672],[9.3969,63.64842],[9.38811,63.64594],[9.38054,63.64936],[9.37973,63.65147],[9.37452,63.65339],[9.36752,63.65306],[9.37135,63.65705],[9.37452,63.65961],[9.37241,63.66568],[9.38128,63.66987],[9.38836,63.67235],[9.39235,63.67609],[9.39503,63.68142],[9.40203,63.68382],[9.41293,63.69033],[9.41806,63.687],[9.4227,63.68285],[9.42913,63.68098]]],[[[9.42823,63.79886],[9.41912,63.79605],[9.40903,63.79694],[9.40561,63.79532],[9.4039,63.78848],[9.3978,63.78958],[9.39291,63.78913],[9.38706,63.78673],[9.3825,63.798],[9.39283,63.81224],[9.39405,63.81477],[9.38868,63.81411],[9.38494,63.81338],[9.39007,63.81835],[9.40089,63.81879],[9.40252,63.82001],[9.40536,63.82091],[9.40846,63.82066],[9.41407,63.82717],[9.42766,63.8253],[9.42384,63.82282],[9.42384,63.82046],[9.42799,63.82127],[9.438,63.82095],[9.44036,63.81647],[9.43458,63.80602],[9.42823,63.79886]]],[[[9.39015,64.17666],[9.39243,64.17227],[9.38828,64.17044],[9.37281,64.17414],[9.38364,64.17849],[9.39015,64.17666]]],[[[8.34449,63.45356],[8.34295,63.45588],[8.33961,63.45816],[8.33302,63.45913],[8.32488,63.45685],[8.3213,63.45197],[8.31853,63.44709],[8.31267,63.44489],[8.29933,63.4455],[8.28826,63.44855],[8.2824,63.45506],[8.28468,63.46654],[8.27784,63.46654],[8.28842,63.48672],[8.30096,63.50141],[8.31723,63.51317],[8.41334,63.55781],[8.43539,63.5622],[8.61801,63.57075],[8.69109,63.56342],[8.70948,63.56363],[8.72348,63.56778],[8.68181,63.5788],[8.58465,63.5871],[8.54526,63.60248],[8.56471,63.61188],[8.58253,63.61359],[8.6211,63.60993],[8.78826,63.64004],[8.82765,63.63959],[8.83334,63.61677],[8.84645,63.61591],[8.85475,63.61982],[8.85939,63.62816],[8.86069,63.64033],[8.86818,63.64619],[8.88527,63.64932],[8.91871,63.65087],[8.95167,63.65742],[8.96518,63.65624],[8.97731,63.64411],[8.97299,63.64435],[8.96599,63.64004],[8.95965,63.63435],[8.95688,63.63044],[8.96062,63.62466],[8.97438,63.62027],[8.98829,63.59276],[9.01515,63.59723],[9.04868,63.60798],[9.08009,63.60619],[9.12135,63.58198],[9.12468,63.57713],[9.12428,63.57258],[9.12672,63.56908],[9.13868,63.56778],[9.17604,63.56778],[9.17604,63.5622],[9.14186,63.55476],[9.10678,63.53327],[8.85857,63.48701],[8.71803,63.48404],[8.66228,63.46833],[8.57325,63.45913],[8.50359,63.43423],[8.47706,63.43122],[8.40846,63.43122],[8.39031,63.43382],[8.34604,63.45234],[8.34449,63.45356]]],[[[9.04152,63.65461],[9.04819,63.65917],[9.05787,63.66108],[9.08473,63.66181],[9.10759,63.65982],[9.1185,63.65534],[9.11891,63.65176],[9.1233,63.64985],[9.14454,63.65241],[9.15024,63.65095],[9.15659,63.64842],[9.16,63.64777],[9.167,63.6472],[9.17091,63.64142],[9.16212,63.63386],[9.13233,63.62865],[9.11053,63.62116],[9.07634,63.61298],[9.03012,63.61726],[9.01401,63.62669],[9.02687,63.63032],[9.03053,63.633],[9.03126,63.63809],[9.03826,63.64423],[9.04054,63.64924],[9.04152,63.65461]]],[[[9.12672,63.98416],[9.12493,63.98208],[9.12607,63.97728],[9.11866,63.97171],[9.10125,63.9831],[9.10939,63.98461],[9.11378,63.98729],[9.11565,63.99042],[9.12078,63.99103],[9.1255,63.98949],[9.13299,63.9962],[9.13665,63.99388],[9.13608,63.99042],[9.13909,63.98815],[9.14308,63.98668],[9.13624,63.9853],[9.12672,63.98416]]],[[[9.03533,63.67182],[9.03631,63.67858],[9.04575,63.68236],[9.07228,63.68411],[9.10369,63.67601],[9.10694,63.67739],[9.11036,63.67739],[9.11484,63.67516],[9.11232,63.66946],[9.10483,63.66523],[9.04119,63.66633],[9.03679,63.66645],[9.03533,63.67182]]],[[[8.90618,63.74014],[8.91228,63.73892],[8.91326,63.73611],[8.92245,63.73656],[8.92278,63.7305],[8.91595,63.72846],[8.90748,63.72716],[8.90284,63.72443],[8.89983,63.71955],[8.8956,63.71735],[8.89251,63.71817],[8.88632,63.71634],[8.87892,63.71446],[8.87273,63.71959],[8.86647,63.73005],[8.86142,63.73501],[8.86801,63.73465],[8.87517,63.73672],[8.88201,63.73749],[8.89389,63.73969],[8.90618,63.74014]]],[[[8.75245,63.80195],[8.7693,63.80549],[8.78736,63.81244],[8.80543,63.81538],[8.80209,63.81159],[8.79982,63.80817],[8.79689,63.805],[8.79176,63.8017],[8.79176,63.79491],[8.80535,63.79096],[8.81072,63.78164],[8.81284,63.76073],[8.81739,63.75019],[8.82211,63.74274],[8.82553,63.73408],[8.82586,63.71979],[8.792,63.69806],[8.74342,63.68793],[8.54526,63.67764],[8.47584,63.66429],[8.4559,63.67137],[8.52556,63.69184],[8.47047,63.68447],[8.4559,63.67764],[8.44166,63.68505],[8.41432,63.68285],[8.36036,63.67137],[8.33522,63.66816],[8.31349,63.66816],[8.29314,63.67328],[8.27174,63.68505],[8.33155,63.70181],[8.51808,63.71979],[8.74342,63.7744],[8.72731,63.78001],[8.70851,63.77924],[8.6902,63.77424],[8.67506,63.76756],[8.6823,63.7801],[8.73715,63.80915],[8.75245,63.80195]]],[[[8.67311,63.79141],[8.67579,63.7921],[8.68165,63.79621],[8.70989,63.7991],[8.71046,63.79702],[8.67848,63.78026],[8.66741,63.77969],[8.65887,63.78107],[8.61476,63.77172],[8.61508,63.77509],[8.62013,63.78083],[8.62582,63.78494],[8.65398,63.79043],[8.66131,63.79568],[8.66668,63.79678],[8.67172,63.79609],[8.67311,63.79141]]],[[[8.30787,63.27021],[8.31568,63.2639],[8.32594,63.25959],[8.3357,63.26227],[8.34498,63.26659],[8.35353,63.26728],[8.36785,63.25487],[8.38209,63.23672],[8.39601,63.22687],[8.40821,63.23941],[8.40073,63.25641],[8.40138,63.27204],[8.41049,63.28339],[8.42872,63.28779],[8.44597,63.28368],[8.45924,63.27338],[8.4839,63.24681],[8.54803,63.2189],[8.57472,63.19961],[8.56577,63.17792],[8.42319,63.16108],[8.37403,63.16494],[8.3449,63.17646],[8.29282,63.21613],[8.26417,63.23261],[8.27027,63.24323],[8.27296,63.26752],[8.27784,63.27481],[8.28842,63.27717],[8.2986,63.27513],[8.30787,63.27021]]],[[[8.48894,63.85415],[8.48911,63.85016],[8.4913,63.84813],[8.49366,63.84935],[8.4948,63.85183],[8.49814,63.85114],[8.49822,63.84744],[8.49448,63.84605],[8.49358,63.84276],[8.48902,63.83991],[8.48984,63.83837],[8.48911,63.83369],[8.48707,63.83031],[8.48211,63.8332],[8.48162,63.84064],[8.48146,63.84243],[8.48113,63.84585],[8.47755,63.84805],[8.47755,63.84622],[8.47543,63.84427],[8.4725,63.84561],[8.47063,63.84715],[8.46974,63.84463],[8.4673,63.84097],[8.46209,63.83837],[8.4568,63.83588],[8.4533,63.83735],[8.44614,63.83881],[8.43914,63.84138],[8.44654,63.84715],[8.45419,63.84671],[8.45948,63.84618],[8.45924,63.8485],[8.46184,63.84992],[8.46437,63.85086],[8.46713,63.85179],[8.46876,63.8544],[8.47096,63.85615],[8.47592,63.85541],[8.48479,63.85362],[8.48894,63.85415]]],[[[8.41977,63.59199],[8.41855,63.588],[8.41765,63.58491],[8.42042,63.58181],[8.42628,63.58145],[8.42921,63.57978],[8.43263,63.58019],[8.43409,63.57636],[8.43629,63.57534],[8.43914,63.57213],[8.43702,63.56822],[8.42823,63.56192],[8.41855,63.56061],[8.42433,63.56521],[8.4262,63.56603],[8.42075,63.56525],[8.41546,63.5631],[8.41082,63.56497],[8.40838,63.56468],[8.40366,63.5609],[8.39788,63.56399],[8.40219,63.5707],[8.40707,63.57368],[8.41066,63.57644],[8.41546,63.57713],[8.41635,63.57901],[8.41025,63.57864],[8.40358,63.57526],[8.39861,63.57005],[8.39291,63.56603],[8.38657,63.56603],[8.38282,63.56981],[8.38152,63.57164],[8.37892,63.57526],[8.36866,63.57518],[8.3672,63.5775],[8.36923,63.5799],[8.36573,63.58487],[8.3707,63.5867],[8.38412,63.5867],[8.39055,63.588],[8.3921,63.59068],[8.40146,63.59154],[8.40724,63.58991],[8.41204,63.58837],[8.41204,63.58918],[8.40789,63.59219],[8.4122,63.59605],[8.4179,63.59357],[8.41977,63.59199]]],[[[8.23512,63.22223],[8.27801,63.20038],[8.28891,63.1966],[8.30641,63.18822],[8.31479,63.18134],[8.31813,63.1778],[8.32537,63.17137],[8.30681,63.16718],[8.23129,63.15957],[8.20981,63.16136],[8.19581,63.16718],[8.19077,63.17499],[8.1819,63.20136],[8.17368,63.20905],[8.16529,63.21345],[8.17066,63.22016],[8.18816,63.22533],[8.21046,63.22736],[8.23512,63.22223]]],[[[8.07781,63.24116],[8.11329,63.23941],[8.13282,63.22919],[8.15561,63.21088],[8.17075,63.19139],[8.16798,63.17792],[8.1823,63.16718],[8.18849,63.16494],[8.18849,63.15746],[8.02019,63.13793],[7.97682,63.14321],[7.9284,63.17792],[7.93776,63.1861],[7.99049,63.19843],[8.04713,63.23062],[8.07781,63.24116]]],[[[8.00408,63.47281],[8.07057,63.47329],[8.10076,63.46406],[8.12436,63.42597],[8.17205,63.40607],[8.18165,63.3902],[8.15089,63.35981],[8.13844,63.3509],[8.12745,63.34756],[8.09978,63.34248],[8.09474,63.33918],[8.09148,63.3312],[8.08668,63.3288],[8.03826,63.3288],[8.02247,63.32612],[7.99399,63.31562],[7.97682,63.31513],[7.97381,63.32591],[7.93312,63.33478],[7.91472,63.34248],[7.93295,63.34614],[7.99733,63.34248],[7.96388,63.35318],[7.80633,63.37128],[7.78679,63.38276],[7.79119,63.40388],[7.78745,63.40559],[7.77817,63.41132],[7.80942,63.42292],[7.83774,63.42878],[7.89763,63.43122],[7.92384,63.43732],[7.97543,63.46516],[8.00408,63.47281]]],[[[7.68133,63.05508],[7.68133,63.06126],[7.69907,63.06196],[7.70639,63.07172],[7.70883,63.08316],[7.71274,63.08857],[7.72047,63.0904],[7.72641,63.09382],[7.73325,63.09553],[7.77817,63.08173],[7.84864,63.09805],[7.88673,63.09976],[7.91472,63.08173],[7.89991,63.06269],[7.87338,63.04511],[7.84303,63.03217],[7.80584,63.02582],[7.78793,63.02066],[7.77817,63.02025],[7.77036,63.02289],[7.7575,63.03144],[7.75367,63.03335],[7.73512,63.03604],[7.68133,63.05508]]],[[[7.49024,62.94522],[7.48927,62.94725],[7.47299,62.96223],[7.46534,62.96548],[7.39291,62.97964],[7.37452,62.98705],[7.36655,62.99673],[7.37574,63.00605],[7.39674,63.01264],[7.43556,63.02025],[7.42302,63.02766],[7.41733,63.03604],[7.42075,63.0432],[7.43556,63.04755],[7.41896,63.05345],[7.4109,63.05492],[7.40138,63.05508],[7.40138,63.06126],[7.42359,63.06098],[7.49024,63.06806],[7.47641,63.05508],[7.50489,63.05439],[7.52703,63.04662],[7.5652,63.02025],[7.57146,63.02729],[7.57537,63.03632],[7.57504,63.04426],[7.56316,63.0506],[7.57407,63.05695],[7.58912,63.06293],[7.59555,63.06464],[7.60613,63.07844],[7.60548,63.08991],[7.58513,63.11652],[7.62062,63.11762],[7.63706,63.11579],[7.6478,63.10969],[7.6482,63.09248],[7.6504,63.08047],[7.64959,63.0694],[7.64039,63.05508],[7.65203,63.05199],[7.66261,63.04255],[7.68133,63.02025],[7.6976,63.00947],[7.70631,63.00666],[7.68165,62.99673],[7.6644,62.99307],[7.62403,62.98965],[7.60963,62.98273],[7.59889,62.97508],[7.52654,62.94603],[7.5088,62.94286],[7.49024,62.94522]]],[[[6.83969,62.79438],[6.78443,62.80801],[6.77036,62.81696],[6.77223,62.82217],[6.785,62.82388],[6.80421,62.82225],[6.785,62.83222],[6.77752,62.83983],[6.7776,62.84894],[6.79005,62.85765],[6.80567,62.8544],[6.83229,62.84154],[6.85987,62.84504],[6.89373,62.85391],[6.92433,62.85659],[6.94215,62.84154],[6.94215,62.82591],[6.89633,62.81981],[6.88006,62.80801],[6.88917,62.80541],[6.89861,62.79914],[6.90382,62.79035],[6.90056,62.7801],[6.88673,62.77509],[6.86883,62.77977],[6.83969,62.79438]]],[[[6.65626,62.6857],[6.66529,62.6883],[6.67359,62.69253],[6.68141,62.69819],[6.67481,62.71719],[6.68474,62.73017],[6.70314,62.73578],[6.72242,62.7329],[6.71559,62.72549],[6.74399,62.72289],[6.85279,62.74592],[6.87892,62.74274],[6.90447,62.73261],[6.91944,62.71719],[6.91407,62.69819],[6.7492,62.67646],[6.68295,62.65754],[6.67237,62.65599],[6.66774,62.66059],[6.66652,62.66991],[6.66277,62.67512],[6.65626,62.67744],[6.64666,62.67829],[6.64666,62.68452],[6.65626,62.6857]]],[[[6.55177,58.21133],[6.54176,58.21214],[6.53468,58.21503],[6.53297,58.21837],[6.53069,58.23017],[6.52841,58.23204],[6.52451,58.23257],[6.52223,58.23436],[6.51987,58.24201],[6.52459,58.24425],[6.61297,58.23623],[6.62021,58.23078],[6.62704,58.22594],[6.63201,58.2204],[6.6325,58.21096],[6.62867,58.20047],[6.62241,58.19627],[6.61834,58.20034],[6.61411,58.20205],[6.58937,58.20099],[6.58318,58.20291],[6.55926,58.22793],[6.55527,58.22671],[6.55909,58.22313],[6.56039,58.21707],[6.55177,58.21133]]],[[[6.4756,62.76439],[6.48325,62.7569],[6.48064,62.74352],[6.46388,62.7281],[6.45533,62.72655],[6.44752,62.72842],[6.43133,62.7366],[6.42742,62.74083],[6.42237,62.74425],[6.42254,62.74563],[6.44549,62.75381],[6.43946,62.75894],[6.41033,62.76561],[6.43889,62.77643],[6.44549,62.78132],[6.44833,62.78445],[6.47495,62.78885],[6.47657,62.78758],[6.47381,62.77147],[6.4756,62.76439]]],[[[6.30323,62.4252],[6.3213,62.42284],[6.33253,62.41079],[6.32765,62.41071],[6.32472,62.40908],[6.32203,62.40656],[6.31837,62.40396],[6.16505,62.39655],[6.09067,62.40241],[6.02345,62.43744],[6.20167,62.44489],[6.21656,62.44135],[6.26303,62.42381],[6.30323,62.4252]]],[[[6.03151,62.5456],[6.02312,62.54686],[6.0158,62.55069],[6.01677,62.55418],[6.04656,62.56497],[6.05364,62.56936],[6.08692,62.57066],[6.0901,62.57591],[6.07447,62.58621],[6.10263,62.59089],[6.12192,62.58873],[6.12859,62.58255],[6.12631,62.57473],[6.12794,62.56835],[6.13299,62.56289],[6.12981,62.5478],[6.13494,62.53132],[6.13063,62.53034],[6.0971,62.55024],[6.08733,62.55134],[6.04509,62.53889],[6.01848,62.53661],[6.01824,62.5397],[6.02206,62.54352],[6.02573,62.54389],[6.02971,62.54173],[6.03321,62.54328],[6.03151,62.5456]]],[[[6.09181,59.26142],[6.05633,59.24071],[6.00441,59.23078],[5.95818,59.22785],[5.92986,59.24348],[5.93246,59.26899],[5.95249,59.28392],[5.98756,59.29084],[6.01637,59.29218],[6.0726,59.28506],[6.09986,59.27656],[6.09181,59.26142]]],[[[5.84099,62.26976],[5.85157,62.28046],[5.84645,62.28168],[5.83709,62.28559],[5.83172,62.28661],[5.84108,62.31306],[5.82879,62.3295],[5.81121,62.34345],[5.80445,62.36237],[5.8156,62.38573],[5.8366,62.40322],[5.86199,62.4156],[5.88624,62.42381],[5.917,62.42988],[5.94386,62.42805],[5.96746,62.4173],[5.98862,62.39647],[5.99269,62.3863],[5.99448,62.37519],[5.99952,62.36612],[6.01295,62.36237],[6.0267,62.36017],[6.06625,62.34821],[6.07879,62.34186],[6.06804,62.34211],[6.05738,62.34089],[6.03712,62.33503],[5.87403,62.25544],[5.81129,62.24567],[5.81804,62.25666],[5.84099,62.26976]]],[[[6.04176,62.47175],[6.03045,62.46491],[6.02182,62.46931],[6.01303,62.46739],[5.99757,62.46723],[5.97877,62.46304],[5.96998,62.46121],[5.96217,62.46304],[5.95427,62.46166],[5.94573,62.46304],[5.93426,62.46446],[5.93295,62.46715],[5.93458,62.4702],[5.94044,62.47635],[5.94744,62.48045],[5.95558,62.48229],[5.9603,62.48766],[5.96803,62.49148],[5.97788,62.48672],[5.99863,62.48302],[6.03232,62.48485],[6.04501,62.48672],[6.04721,62.48538],[6.04176,62.47175]]],[[[5.77312,59.15428],[5.7728,59.15896],[5.77459,59.16405],[5.77434,59.16999],[5.77125,59.17267],[5.78085,59.17642],[5.7846,59.17361],[5.78549,59.16987],[5.79412,59.16413],[5.79998,59.168],[5.80804,59.16987],[5.80291,59.17642],[5.80242,59.18252],[5.80869,59.18541],[5.80974,59.1872],[5.80958,59.19009],[5.81219,59.19253],[5.81625,59.19416],[5.82252,59.19912],[5.83294,59.1999],[5.84327,59.19619],[5.86231,59.18728],[5.87664,59.18452],[5.87696,59.17858],[5.87737,59.17097],[5.87656,59.16739],[5.86419,59.16177],[5.85353,59.15567],[5.84636,59.14684],[5.84441,59.14317],[5.84018,59.14029],[5.82488,59.1387],[5.80885,59.14073],[5.79689,59.1387],[5.78989,59.14155],[5.78175,59.14248],[5.77312,59.15428]]],[[[5.77833,62.20742],[5.70143,62.19107],[5.54689,62.19269],[5.53777,62.19489],[5.53004,62.19782],[5.52247,62.20478],[5.51881,62.21271],[5.51393,62.2202],[5.50213,62.22582],[5.58326,62.21841],[5.60572,62.22582],[5.58855,62.232],[5.56837,62.23627],[5.53004,62.23945],[5.51808,62.24315],[5.52377,62.25104],[5.5394,62.25825],[5.5573,62.25995],[5.55421,62.26337],[5.55201,62.26667],[5.54908,62.26984],[5.54371,62.27302],[5.56324,62.29141],[5.59848,62.29702],[5.67058,62.29409],[5.67921,62.29621],[5.68784,62.29995],[5.69646,62.30166],[5.70484,62.29751],[5.71168,62.29096],[5.7186,62.28547],[5.72657,62.28181],[5.73609,62.28046],[5.78126,62.28119],[5.80112,62.27741],[5.80445,62.26679],[5.79575,62.26398],[5.78932,62.25886],[5.78533,62.25169],[5.78386,62.24258],[5.78582,62.23847],[5.79029,62.23387],[5.79493,62.23094],[5.79754,62.232],[5.79168,62.21906],[5.7907,62.21499],[5.77833,62.20742]]],[[[5.6775,59.1225],[5.69793,59.12018],[5.72096,59.12568],[5.73911,59.12442],[5.76401,59.11787],[5.77589,59.11274],[5.77849,59.10139],[5.77475,59.08055],[5.75074,59.07233],[5.667,59.10041],[5.60157,59.11522],[5.57521,59.12401],[5.58513,59.12718],[5.5936,59.13251],[5.60792,59.13443],[5.62428,59.13105],[5.63478,59.1315],[5.64682,59.13068],[5.6775,59.1225]]],[[[5.72967,62.36164],[5.74147,62.36066],[5.74236,62.34976],[5.73463,62.33788],[5.73374,62.33308],[5.73902,62.33242],[5.72853,62.32665],[5.69899,62.32136],[5.67457,62.32274],[5.66896,62.32758],[5.66725,62.3299],[5.65952,62.32803],[5.65406,62.32441],[5.64975,62.31977],[5.636,62.31928],[5.61394,62.32469],[5.60304,62.32876],[5.60971,62.33381],[5.63014,62.34178],[5.65431,62.34512],[5.67311,62.34382],[5.67986,62.3465],[5.67888,62.35541],[5.68531,62.36205],[5.69695,62.36465],[5.71583,62.36518],[5.72006,62.3631],[5.72153,62.36009],[5.72967,62.36164]]],[[[5.50213,60.43696],[5.48601,60.44428],[5.45916,60.46646],[5.44435,60.47114],[5.43556,60.47651],[5.39283,60.51211],[5.32399,60.54682],[5.33871,60.55207],[5.386,60.55305],[5.40903,60.55801],[5.41481,60.562],[5.42359,60.57075],[5.43434,60.57783],[5.47543,60.59406],[5.52198,60.60615],[5.54322,60.61742],[5.56967,60.62507],[5.58155,60.63223],[5.58774,60.64252],[5.58871,60.66547],[5.59156,60.67658],[5.60841,60.68842],[5.63608,60.69261],[5.6657,60.68879],[5.68767,60.67658],[5.68767,60.61172],[5.6858,60.59593],[5.674,60.54682],[5.67416,60.5292],[5.68141,60.48168],[5.67596,60.47289],[5.66293,60.47004],[5.63649,60.47114],[5.62452,60.46686],[5.61671,60.45746],[5.61183,60.44806],[5.6089,60.44379],[5.52906,60.43505],[5.50213,60.43696]]],[[[5.50807,59.89912],[5.48911,59.9156],[5.4817,59.9538],[5.47682,59.96296],[5.46648,59.96084],[5.45688,59.95453],[5.45427,59.95099],[5.43279,59.95234],[5.41017,59.95767],[5.38893,59.9663],[5.37241,59.97769],[5.36183,59.99535],[5.37526,60.00251],[5.44939,60.00503],[5.45362,60.00959],[5.44435,60.02241],[5.43971,60.03242],[5.4441,60.041],[5.45289,60.048],[5.46168,60.0528],[5.46827,60.05244],[5.47584,60.04881],[5.48414,60.04637],[5.49252,60.04971],[5.49659,60.05248],[5.5088,60.05899],[5.51295,60.06025],[5.57789,60.06647],[5.58334,60.06501],[5.58871,60.06171],[5.59457,60.05996],[5.60206,60.0633],[5.60646,60.06855],[5.60792,60.07172],[5.61061,60.07343],[5.61915,60.07392],[5.64698,60.08015],[5.65675,60.07884],[5.66041,60.06647],[5.66041,60.01691],[5.65284,60.00092],[5.60524,59.96223],[5.60613,59.95051],[5.62208,59.93854],[5.6399,59.9156],[5.62241,59.9112],[5.59156,59.9228],[5.57154,59.92304],[5.52809,59.90176],[5.50807,59.89912]]],[[[5.60019,59.86742],[5.61581,59.8531],[5.61394,59.84956],[5.59913,59.83987],[5.59824,59.83491],[5.59962,59.82982],[5.59783,59.82425],[5.59132,59.81717],[5.58074,59.81419],[5.57228,59.81802],[5.57,59.82193],[5.56943,59.82514],[5.56601,59.82848],[5.5656,59.83251],[5.56707,59.83686],[5.5652,59.83983],[5.55844,59.8419],[5.55698,59.84577],[5.55649,59.85086],[5.55413,59.85301],[5.55234,59.85643],[5.55453,59.86294],[5.58912,59.87295],[5.60019,59.86742]]],[[[5.59392,62.33979],[5.57691,62.33527],[5.54249,62.33173],[5.52133,62.33487],[5.51564,62.34032],[5.5149,62.34553],[5.51686,62.34943],[5.50994,62.364],[5.52361,62.3697],[5.54737,62.36787],[5.56479,62.36107],[5.58172,62.35883],[5.59636,62.35448],[5.59767,62.34479],[5.59392,62.33979]]],[[[5.39015,59.79206],[5.37794,59.79291],[5.37241,59.78962],[5.36638,59.78046],[5.35231,59.77766],[5.33627,59.77904],[5.32456,59.78278],[5.3143,59.78945],[5.31039,59.79499],[5.30405,59.81318],[5.28484,59.84821],[5.27312,59.86164],[5.25636,59.87466],[5.26157,59.88516],[5.26197,59.89509],[5.25799,59.90339],[5.25017,59.90941],[5.28761,59.93781],[5.29754,59.95099],[5.28028,59.95661],[5.2754,59.95966],[5.28289,59.96662],[5.29493,59.97382],[5.30405,59.97769],[5.31398,59.97822],[5.32618,59.97651],[5.33766,59.97199],[5.34498,59.96406],[5.38819,59.95775],[5.42066,59.93838],[5.44606,59.91132],[5.46803,59.88207],[5.48911,59.86103],[5.4909,59.85195],[5.49252,59.82372],[5.49781,59.80341],[5.4817,59.78791],[5.42189,59.75898],[5.38966,59.75861],[5.36329,59.76407],[5.35816,59.7722],[5.37037,59.77464],[5.38592,59.77204],[5.39959,59.77123],[5.40651,59.77904],[5.40187,59.7873],[5.39015,59.79206]]],[[[5.4205,62.24319],[5.41179,62.24254],[5.40764,62.24742],[5.40594,62.25202],[5.40064,62.25609],[5.39129,62.25686],[5.3978,62.26061],[5.40577,62.26073],[5.41033,62.26463],[5.41245,62.26732],[5.41562,62.26781],[5.4218,62.26691],[5.42913,62.26826],[5.44622,62.26622],[5.45615,62.26732],[5.4651,62.26679],[5.47153,62.26638],[5.47844,62.26435],[5.48374,62.26341],[5.48561,62.25422],[5.4673,62.25247],[5.45956,62.25304],[5.45541,62.25585],[5.45883,62.25275],[5.4673,62.24881],[5.47234,62.24856],[5.47674,62.24714],[5.48268,62.24677],[5.49041,62.23884],[5.48081,62.23676],[5.47283,62.23676],[5.46811,62.2403],[5.46713,62.23652],[5.46233,62.23322],[5.45851,62.23351],[5.452,62.23762],[5.44671,62.2388],[5.43295,62.2388],[5.42913,62.24193],[5.4205,62.24319]]],[[[5.38478,59.1953],[5.3768,59.20722],[5.37534,59.21882],[5.37843,59.22675],[5.3851,59.23412],[5.39389,59.24042],[5.40382,59.24209],[5.41383,59.24079],[5.42555,59.2364],[5.4323,59.23273],[5.43922,59.22993],[5.452,59.22211],[5.46209,59.21088],[5.46632,59.20453],[5.46811,59.19672],[5.46461,59.18309],[5.45118,59.16348],[5.44321,59.15892],[5.43442,59.16108],[5.43067,59.16474],[5.43263,59.16722],[5.43198,59.1706],[5.42742,59.17455],[5.42172,59.1778],[5.39601,59.18793],[5.38478,59.1953]]],[[[5.2881,60.14476],[5.2859,60.1494],[5.28557,60.15143],[5.28305,60.15412],[5.29233,60.15567],[5.29624,60.16067],[5.29973,60.16376],[5.30079,60.16177],[5.30405,60.16014],[5.30828,60.16319],[5.31276,60.16873],[5.31389,60.16934],[5.31788,60.17137],[5.32293,60.17219],[5.32757,60.17654],[5.34099,60.17048],[5.34864,60.16486],[5.34636,60.15554],[5.33904,60.14338],[5.33033,60.13886],[5.32293,60.14256],[5.313,60.14602],[5.30738,60.14924],[5.30266,60.15355],[5.30209,60.15168],[5.29737,60.15131],[5.29274,60.15013],[5.29046,60.14802],[5.2881,60.14476]]],[[[5.27345,59.73501],[5.26059,59.73387],[5.24122,59.7425],[5.2256,59.75519],[5.22047,59.75544],[5.21078,59.75324],[5.20069,59.74946],[5.19418,59.74494],[5.18995,59.7364],[5.19044,59.72993],[5.19288,59.72321],[5.19418,59.71385],[5.188,59.70262],[5.16017,59.68244],[5.15398,59.66983],[5.16017,59.65522],[5.17481,59.66193],[5.19288,59.67585],[5.20851,59.68285],[5.19166,59.66348],[5.188,59.6555],[5.19044,59.64728],[5.19752,59.64082],[5.20151,59.63312],[5.19418,59.62141],[5.20167,59.61457],[5.19386,59.60724],[5.1858,59.60163],[5.17709,59.59748],[5.15512,59.5917],[5.15284,59.59162],[5.1526,59.59463],[5.14649,59.6009],[5.13559,59.60944],[5.12428,59.62141],[5.11541,59.63605],[5.11166,59.65241],[5.11671,59.6857],[5.13136,59.71198],[5.15545,59.73509],[5.188,59.75861],[5.14487,59.75755],[5.12485,59.76187],[5.11842,59.77904],[5.10524,59.76756],[5.08953,59.76227],[5.07618,59.7663],[5.07065,59.78278],[5.07618,59.79462],[5.08741,59.80093],[5.09742,59.80931],[5.09864,59.82746],[5.10304,59.82534],[5.11411,59.82201],[5.11842,59.82001],[5.12224,59.82819],[5.12843,59.83161],[5.13657,59.831],[5.14649,59.82746],[5.13893,59.84081],[5.10483,59.86848],[5.11622,59.87324],[5.12818,59.87499],[5.15398,59.87466],[5.15968,59.85993],[5.16831,59.85],[5.19418,59.83369],[5.20411,59.83047],[5.21339,59.82966],[5.22023,59.82661],[5.22283,59.8166],[5.22722,59.80732],[5.23764,59.80549],[5.24985,59.80573],[5.25978,59.80268],[5.27955,59.77798],[5.29322,59.76447],[5.30714,59.75861],[5.31764,59.75227],[5.33424,59.72142],[5.34498,59.71015],[5.30974,59.69013],[5.29078,59.68354],[5.27003,59.68285],[5.27003,59.68968],[5.28102,59.69135],[5.31031,59.70332],[5.30242,59.71845],[5.29786,59.73627],[5.28932,59.74982],[5.27003,59.75178],[5.27345,59.73501]]],[[[5.16443,59.21805],[5.17269,59.24103],[5.17213,59.25828],[5.17312,59.26871],[5.16528,59.27343],[5.17872,59.29222],[5.22828,59.28559],[5.18279,59.32001],[5.17384,59.33405],[5.17449,59.34927],[5.18523,59.35586],[5.19874,59.36188],[5.20851,59.37494],[5.18849,59.38398],[5.18002,59.40058],[5.18588,59.41474],[5.20851,59.41596],[5.24488,59.36921],[5.25392,59.34797],[5.26254,59.34105],[5.27263,59.33564],[5.28028,59.33027],[5.28647,59.32038],[5.28403,59.31538],[5.27882,59.31013],[5.27687,59.29926],[5.27898,59.29255],[5.2951,59.28285],[5.3141,59.2736],[5.31793,59.25654],[5.31738,59.22885],[5.30236,59.2055],[5.29709,59.16888],[5.26319,59.15184],[5.23593,59.14106],[5.20855,59.14289],[5.18843,59.15725],[5.17867,59.1705],[5.16617,59.19568],[5.16443,59.21805]]],[[[5.21827,60.00849],[5.20427,60.01606],[5.19939,60.02383],[5.20069,60.02936],[5.19793,60.03388],[5.17384,60.04613],[5.17172,60.04946],[5.17254,60.0541],[5.17986,60.06818],[5.19711,60.08198],[5.20362,60.08828],[5.2068,60.08674],[5.20729,60.07953],[5.21111,60.07123],[5.21697,60.06143],[5.21957,60.05101],[5.22389,60.0423],[5.2317,60.04051],[5.23976,60.04393],[5.24244,60.0467],[5.24041,60.04946],[5.24195,60.05134],[5.24659,60.05146],[5.24138,60.05537],[5.22877,60.06733],[5.22299,60.0788],[5.2212,60.08552],[5.21827,60.08796],[5.21534,60.08881],[5.20493,60.10708],[5.20533,60.11738],[5.21754,60.11848],[5.22202,60.11713],[5.22983,60.11221],[5.24781,60.09854],[5.25367,60.08979],[5.24977,60.08942],[5.25221,60.08503],[5.25953,60.07559],[5.26246,60.07538],[5.26588,60.08267],[5.27272,60.08373],[5.27931,60.08124],[5.28972,60.07429],[5.29835,60.05972],[5.30006,60.05077],[5.29908,60.04633],[5.29859,60.03783],[5.29705,60.02753],[5.27931,60.01252],[5.2776,60.00361],[5.26881,59.99486],[5.25367,59.99311],[5.2461,59.99844],[5.24545,60.0043],[5.24008,60.0065],[5.23097,60.00617],[5.21827,60.00849]]],[[[4.91627,61.78095],[4.88966,61.7851],[4.87208,61.8006],[4.87078,61.81338],[4.88071,61.81436],[4.90008,61.80744],[4.90748,61.81123],[4.91407,61.81611],[4.92677,61.82795],[4.89812,61.82705],[4.82944,61.83422],[4.80323,61.84162],[4.82195,61.85342],[4.84645,61.86249],[4.86492,61.87303],[4.86524,61.88939],[4.90952,61.89818],[4.95297,61.89696],[5.22283,61.84846],[5.20541,61.83393],[5.17661,61.82567],[5.11842,61.82111],[5.13185,61.82783],[5.13868,61.83735],[5.13746,61.84736],[5.12599,61.85586],[5.09059,61.82811],[5.0534,61.80878],[5.01295,61.7958],[4.91627,61.78095]]],[[[5.12623,60.003],[5.13136,60.00617],[5.13437,60.00723],[5.15496,60.0102],[5.16586,60.01504],[5.17189,60.01439],[5.17677,60.01541],[5.17799,60.01708],[5.18751,60.01663],[5.19484,60.01439],[5.20346,60.00654],[5.20932,59.99645],[5.21437,59.99152],[5.21656,59.98725],[5.21201,59.98163],[5.20175,59.9761],[5.15203,59.96931],[5.15056,59.9667],[5.14121,59.96593],[5.12241,59.968],[5.09995,59.98469],[5.0975,59.99185],[5.10637,59.99755],[5.12623,60.003]]],[[[5.11573,60.42805],[5.11931,60.43537],[5.13282,60.44379],[5.07895,60.45555],[5.06446,60.46491],[5.07065,60.46918],[5.0735,60.4704],[5.07814,60.47114],[5.07814,60.47797],[5.06332,60.47679],[5.05909,60.48249],[5.05812,60.49201],[5.05372,60.50214],[5.04396,60.50641],[5.03159,60.50458],[5.0184,60.50064],[5.00587,60.49844],[4.99057,60.50617],[4.97779,60.52432],[4.96078,60.55988],[4.97088,60.5541],[4.97576,60.55394],[4.98194,60.55305],[5.02638,60.52289],[5.15016,60.50137],[5.19418,60.47114],[5.20476,60.44916],[5.20436,60.43183],[5.19239,60.41877],[5.1399,60.40184],[5.12501,60.40241],[5.11842,60.41307],[5.11573,60.42805]]],[[[5.01547,61.94343],[5.01612,61.95246],[5.02475,61.96019],[5.03663,61.96149],[5.0442,61.95698],[5.04835,61.95283],[5.05584,61.95897],[5.05437,61.97236],[4.99855,61.99624],[4.98618,62.00528],[4.98422,62.00947],[4.98414,62.01862],[4.98585,62.02741],[4.98512,62.03388],[4.99293,62.03506],[5.00961,62.03067],[5.06764,62.00886],[5.07976,62.00641],[5.08578,62.0104],[5.08904,62.01582],[5.10182,62.02131],[5.12029,62.02578],[5.13356,62.01984],[5.15211,61.99795],[5.14869,61.98859],[5.13893,61.97972],[5.12989,61.96369],[5.12794,61.95856],[5.12322,61.9488],[5.11256,61.93692],[5.09523,61.92744],[5.07537,61.92719],[5.04103,61.93464],[5.03386,61.93505],[5.02149,61.93887],[5.01547,61.94343]]],[[[4.93849,60.27505],[4.9358,60.28555],[4.94142,60.29125],[4.99244,60.29702],[5.00758,60.2956],[5.02296,60.2862],[5.03663,60.31346],[5.02019,60.30768],[5.00668,60.31322],[4.99366,60.32233],[4.97828,60.32709],[4.97096,60.33283],[4.9651,60.35944],[4.96078,60.36811],[4.97193,60.38398],[4.96852,60.39216],[4.95965,60.39777],[4.9546,60.40595],[4.94459,60.43024],[4.9489,60.43915],[4.96827,60.44379],[4.97682,60.44123],[4.98194,60.43659],[5.00221,60.39997],[5.07065,60.3476],[5.09376,60.32022],[5.09767,60.29816],[5.08286,60.28555],[5.0503,60.2862],[5.05844,60.27521],[5.08619,60.26154],[5.09864,60.25141],[5.10426,60.24168],[5.10825,60.2294],[5.11069,60.21532],[5.11166,60.20051],[5.1032,60.19074],[5.08432,60.18895],[5.0656,60.19123],[5.05714,60.19367],[5.05437,60.20848],[5.04664,60.22451],[5.03582,60.23794],[5.02296,60.24518],[5.01743,60.22077],[4.99301,60.22529],[4.96461,60.24323],[4.94793,60.25886],[4.93849,60.27505]]],[[[5.06902,60.11457],[5.06691,60.11359],[5.06739,60.11237],[5.06682,60.11168],[5.06048,60.114],[5.05055,60.11433],[5.04396,60.11506],[5.0385,60.11668],[5.0394,60.1212],[5.04249,60.12568],[5.03753,60.12779],[5.04038,60.13491],[5.049,60.13866],[5.06186,60.14033],[5.06642,60.13984],[5.07195,60.14216],[5.08798,60.14171],[5.09034,60.1354],[5.08676,60.12775],[5.07716,60.12381],[5.07333,60.12295],[5.06935,60.12352],[5.06479,60.12568],[5.06145,60.12458],[5.05999,60.12189],[5.05657,60.12226],[5.06113,60.11921],[5.06463,60.11477],[5.06935,60.11795],[5.06902,60.11457]]],[[[5.07244,61.10944],[5.02459,61.11445],[5.01523,61.12084],[5.01075,61.15261],[5.00766,61.15941],[5.00766,61.16364],[5.01572,61.16564],[5.0429,61.15656],[5.07415,61.13194],[5.07993,61.12055],[5.07919,61.11131],[5.07244,61.10944]]],[[[4.96884,60.88687],[4.96078,60.89908],[4.95493,60.93659],[4.95688,60.94107],[4.96599,60.942],[4.97812,60.94001],[4.99423,60.93395],[5.00587,60.91787],[5.03216,60.85358],[5.03476,60.84947],[5.03338,60.84695],[5.0302,60.84435],[5.02564,60.84418],[5.01238,60.84683],[4.9922,60.84431],[4.98211,60.8474],[4.97356,60.85509],[4.96453,60.86734],[4.96355,60.87177],[4.96453,60.87661],[4.96664,60.87954],[4.96966,60.88199],[4.96884,60.88687]]],[[[4.94972,61.52745],[4.95655,61.52558],[4.96249,61.52473],[4.96941,61.52102],[4.9725,61.51813],[4.97527,61.5148],[4.97722,61.51651],[4.98032,61.51744],[4.98463,61.51626],[4.98837,61.52094],[4.99301,61.51883],[4.99545,61.51219],[4.99545,61.51004],[4.98455,61.50585],[4.97348,61.50068],[4.96022,61.50255],[4.95322,61.50389],[4.94663,61.50662],[4.93686,61.50918],[4.92872,61.51386],[4.92709,61.51626],[4.93173,61.51879],[4.91676,61.51862],[4.91847,61.52367],[4.92441,61.5222],[4.92522,61.52652],[4.92066,61.52806],[4.92229,61.53311],[4.92433,61.5351],[4.92457,61.53706],[4.92579,61.53897],[4.92994,61.5406],[4.9336,61.53681],[4.94785,61.53063],[4.94972,61.52745]]],[[[4.81414,61.06147],[4.81186,61.05414],[4.80323,61.04654],[4.79705,61.06281],[4.79526,61.08291],[4.7964,61.11848],[4.79558,61.12604],[4.79119,61.13691],[4.79021,61.14614],[4.79461,61.15375],[4.81837,61.15542],[4.83058,61.16324],[4.85133,61.1293],[4.86329,61.12173],[4.87208,61.13646],[4.86996,61.15013],[4.84474,61.19733],[4.86248,61.20344],[4.87281,61.19465],[4.88575,61.16324],[4.89039,61.14521],[4.89527,61.13736],[4.90317,61.13959],[4.9061,61.14643],[4.90577,61.15501],[4.90333,61.16352],[4.90008,61.16999],[4.91033,61.16938],[4.91863,61.1706],[4.92604,61.17328],[4.93426,61.17744],[4.9297,61.18049],[4.92481,61.18643],[4.91993,61.19111],[4.93238,61.19229],[4.94353,61.19017],[4.95289,61.18513],[4.96078,61.17744],[4.98731,61.1197],[4.98536,61.10489],[4.96795,61.09227],[4.92652,61.07587],[4.90968,61.06387],[4.89381,61.0561],[4.88478,61.06977],[4.8755,61.08979],[4.85841,61.10114],[4.85564,61.0965],[4.82594,61.07941],[4.82057,61.07754],[4.8152,61.069],[4.81414,61.06147]]],[[[4.83473,60.89521],[4.8309,60.90241],[4.83318,60.90839],[4.83123,60.9145],[4.82521,60.92048],[4.82106,60.91852],[4.81691,60.91169],[4.80958,60.91185],[4.8003,60.91694],[4.79135,60.9184],[4.78386,60.91694],[4.78159,60.91763],[4.78403,60.92023],[4.78199,60.92402],[4.77687,60.93],[4.78159,60.93529],[4.79509,60.93887],[4.83676,60.94318],[4.84327,60.93887],[4.8366,60.93317],[4.82488,60.93008],[4.82634,60.92902],[4.85564,60.93252],[4.87078,60.93293],[4.88282,60.93],[4.88413,60.9256],[4.87664,60.92593],[4.87086,60.92377],[4.87403,60.91767],[4.88527,60.91372],[4.89723,60.90742],[4.92254,60.87812],[4.92416,60.87116],[4.92009,60.86835],[4.92237,60.8675],[4.9284,60.86424],[4.92937,60.86115],[4.92897,60.85863],[4.92514,60.85554],[4.91822,60.85537],[4.89796,60.85847],[4.87875,60.86514],[4.87241,60.87507],[4.87224,60.88402],[4.86817,60.88776],[4.86541,60.88569],[4.86101,60.88467],[4.84539,60.89008],[4.83473,60.89521]]],[[[4.87241,60.50328],[4.87192,60.50589],[4.87737,60.50711],[4.87167,60.50987],[4.86891,60.51439],[4.85759,60.517],[4.85499,60.52216],[4.85475,60.52745],[4.85182,60.52912],[4.84791,60.5301],[4.84881,60.53242],[4.85288,60.53172],[4.85328,60.53404],[4.84962,60.53661],[4.84881,60.5386],[4.84164,60.54015],[4.84417,60.54275],[4.87257,60.5598],[4.87631,60.5587],[4.879,60.55919],[4.88087,60.56106],[4.88364,60.55199],[4.89609,60.53848],[4.91114,60.5281],[4.91017,60.52265],[4.90528,60.51952],[4.90512,60.51883],[4.90927,60.51817],[4.91269,60.51614],[4.91505,60.51394],[4.9179,60.51256],[4.92009,60.50991],[4.92408,60.50674],[4.92718,60.50288],[4.92709,60.49864],[4.92229,60.49445],[4.91505,60.49307],[4.90341,60.5041],[4.89283,60.5102],[4.89161,60.50873],[4.8908,60.50401],[4.89096,60.49702],[4.88738,60.49616],[4.88054,60.49645],[4.87648,60.49767],[4.87241,60.50328]]],[[[4.88331,59.31428],[4.89308,59.3181],[4.90382,59.31619],[4.90594,59.31151],[4.90414,59.30874],[4.90968,59.305],[4.8886,59.29316],[4.88185,59.29316],[4.87786,59.29772],[4.86752,59.29507],[4.86297,59.29999],[4.85792,59.30349],[4.85703,59.3107],[4.8624,59.31371],[4.87159,59.3146],[4.87395,59.31737],[4.88038,59.31342],[4.88331,59.31428]]],[[[4.90349,61.67617],[4.9048,61.66022],[4.90284,61.65249],[4.90235,61.65461],[4.8991,61.65937],[4.8921,61.66279],[4.88356,61.66429],[4.86541,61.65937],[4.85719,61.66161],[4.85328,61.66332],[4.84816,61.66498],[4.84083,61.66962],[4.83627,61.67455],[4.83188,61.68146],[4.83025,61.69001],[4.83286,61.69579],[4.83871,61.69961],[4.84832,61.70161],[4.85825,61.70222],[4.86305,61.7082],[4.87029,61.71467],[4.87989,61.71198],[4.87745,61.70099],[4.88429,61.6957],[4.8895,61.68846],[4.89576,61.68452],[4.90349,61.67617]]],[[[4.83676,61.63414],[4.84669,61.6413],[4.84303,61.64232],[4.84327,61.64415],[4.85019,61.64171],[4.85678,61.62486],[4.85589,61.61929],[4.85857,61.61465],[4.88054,61.61017],[4.89438,61.59878],[4.89894,61.59785],[4.9017,61.59597],[4.8982,61.59569],[4.88836,61.59215],[4.80877,61.58271],[4.806,61.58422],[4.80087,61.58535],[4.79176,61.58462],[4.7894,61.58718],[4.79038,61.58999],[4.7916,61.59121],[4.80616,61.59626],[4.81349,61.59675],[4.83302,61.6055],[4.84506,61.60501],[4.8506,61.60627],[4.8423,61.61359],[4.8388,61.61514],[4.83994,61.61697],[4.84067,61.6201],[4.83855,61.6232],[4.83676,61.63414]]],[[[4.79298,61.79112],[4.79542,61.79295],[4.84099,61.81005],[4.84929,61.80935],[4.87102,61.78937],[4.8825,61.77782],[4.88315,61.76797],[4.8777,61.76093],[4.84474,61.74677],[4.84002,61.74864],[4.83684,61.75084],[4.84002,61.75271],[4.84555,61.75348],[4.84816,61.76647],[4.84677,61.76854],[4.84189,61.77005],[4.82871,61.77965],[4.79746,61.78799],[4.79298,61.79112]]],[[[4.85532,61.35895],[4.86166,61.35794],[4.86297,61.35016],[4.83383,61.33507],[4.83196,61.33495],[4.83058,61.33865],[4.82952,61.34081],[4.82423,61.34422],[4.82382,61.34878],[4.83033,61.35436],[4.84474,61.359],[4.85109,61.35883],[4.85328,61.36091],[4.85532,61.35895]]],[[[4.78541,60.61579],[4.78875,60.61396],[4.792,60.61457],[4.79493,60.61542],[4.79363,60.61787],[4.79103,60.63052],[4.78842,60.63813],[4.78761,60.64423],[4.78614,60.64842],[4.78614,60.65607],[4.79127,60.66608],[4.80144,60.66718],[4.81007,60.66128],[4.82057,60.65644],[4.82399,60.65152],[4.8239,60.64655],[4.82537,60.64362],[4.83033,60.64004],[4.8309,60.63556],[4.82732,60.63141],[4.82944,60.62971],[4.8379,60.63052],[4.84588,60.62812],[4.85157,60.62108],[4.85182,60.6142],[4.84474,60.6114],[4.84083,60.60676],[4.84392,60.58975],[4.83676,60.58674],[4.82097,60.58442],[4.80177,60.5871],[4.78289,60.59276],[4.77947,60.59854],[4.78891,60.59748],[4.79078,60.60029],[4.78598,60.6118],[4.78541,60.61579]]],[[[4.73894,61.3107],[4.73968,61.30593],[4.74252,61.30199],[4.74765,61.29918],[4.76808,61.29694],[4.77744,61.29332],[4.77996,61.28811],[4.77206,61.28526],[4.76328,61.28628],[4.75896,61.28429],[4.74789,61.28844],[4.70362,61.28653],[4.69809,61.28852],[4.69475,61.29145],[4.68865,61.29873],[4.6893,61.30423],[4.70183,61.30577],[4.69907,61.30801],[4.69777,61.31114],[4.70126,61.31322],[4.70769,61.31074],[4.70745,61.31236],[4.70558,61.31529],[4.70753,61.31688],[4.71664,61.31965],[4.72665,61.31855],[4.73544,61.31493],[4.73894,61.3107]]],[[[4.69711,60.76415],[4.69777,60.77293],[4.69557,60.7755],[4.69077,60.77945],[4.69109,60.7803],[4.69264,60.78172],[4.68841,60.78189],[4.68556,60.78689],[4.69044,60.78909],[4.69899,60.78604],[4.70712,60.78685],[4.70712,60.78571],[4.70558,60.78457],[4.70712,60.7838],[4.70867,60.78095],[4.71127,60.78034],[4.71233,60.78482],[4.71429,60.7871],[4.7186,60.78437],[4.72299,60.78124],[4.72438,60.77945],[4.72576,60.78124],[4.73146,60.78201],[4.73723,60.77847],[4.7409,60.77656],[4.73829,60.77306],[4.74041,60.76988],[4.74602,60.7626],[4.74309,60.75605],[4.73422,60.75137],[4.7304,60.75015],[4.70932,60.75153],[4.7024,60.75015],[4.70094,60.75218],[4.70208,60.75491],[4.70208,60.75629],[4.70558,60.75393],[4.70932,60.75393],[4.70745,60.75711],[4.69711,60.76415]]],[[[4.68849,60.99946],[4.68035,60.99714],[4.67237,61.00332],[4.66879,61.01411],[4.66489,61.0187],[4.65626,61.01952],[4.64869,61.02643],[4.64601,61.03628],[4.64479,61.04584],[4.64812,61.05231],[4.64877,61.05467],[4.64381,61.0576],[4.64471,61.06025],[4.65935,61.06607],[4.66407,61.06745],[4.66847,61.06831],[4.67457,61.07339],[4.6797,61.07966],[4.68898,61.08234],[4.70004,61.08222],[4.70558,61.07624],[4.70916,61.06729],[4.71461,61.06013],[4.71217,61.05516],[4.71144,61.04828],[4.72145,61.04023],[4.73268,61.03506],[4.73959,61.02766],[4.73902,61.01374],[4.73113,60.99994],[4.71844,60.99091],[4.70688,60.98851],[4.70191,60.99372],[4.70134,61.00161],[4.70541,61.01044],[4.70867,61.01972],[4.70541,61.01874],[4.69744,61.00772],[4.69174,61.00251],[4.68849,60.99946]]]]},"properties":{"geometry_id":"geom-territoire-no-norvege-1945-01-01","date_validite":"1945-01-01","statut":"provisoire_ohm","sources":[{"source_id":"src-openhistoricalmap","locator":"relation 2851798 — Norge 1925-08-14 → 2004","usage":"tracé de la frontière"},{"source_id":"src-natural-earth-10m","locator":"ne_10m_land + ne_10m_minor_islands","usage":"trait de côte"}],"method":"extraction_ohm_puis_decoupage_trait_de_cote","operations":["OHM r2851798","∩ terres Natural Earth"],"precision":"frontières terrestres : celles d’OHM ; côtes : Natural Earth 1:10m (~1 km)","zone_incertitude_km":null,"surface_km2":318434,"logiciel":"Python — Shapely/GEOS, scikit-image, SciPy","script":"outils/geo/deriver_snapshot0_lot03.py","date_creation":"2026-09-28","auteur":"Claude","licence":"CC0 (OpenHistoricalMap) + segments sous licence d’origine listés dans licences_segments : à créditer","licences_segments":[{"relation":2851798,"licence":"CC BY 4.0","source":"Kartverket Administrative enheter","segments":6},{"relation":2851798,"licence":"CC BY 4.0","source":"Administrative units municipalities from Kartverket (Norwegian Mapping Authority)","segments":35}],"points_a_verifier":["Svalbard, Jan Mayen et l'île aux Ours NON inclus : garnison norvégienne au Spitzberg depuis 1942 et stations météo allemandes isolées, donc pas « sous contrôle allemand ». Entité séparée à créer si une source le permet.","Frontière norvégo-soviétique : celle d'OHM ; à comparer avec Petsamo (lot 01)."]}}