{"type":"Feature","geometry":{"type":"MultiPolygon","coordinates":[[[[29.60304,36.14163],[29.58554,36.13414],[29.58432,36.12979],[29.5822,36.12861],[29.57781,36.12543],[29.57496,36.12417],[29.56007,36.12104],[29.55917,36.12104],[29.56031,36.12694],[29.56373,36.13211],[29.56739,36.14427],[29.56959,36.15091],[29.5796,36.16189],[29.58872,36.16714],[29.59531,36.16669],[29.59417,36.15847],[29.59327,36.15217],[29.59905,36.14932],[29.60214,36.14781],[29.60304,36.14163]]],[[[29.49147,36.1516],[29.48536,36.1553],[29.49399,36.16108],[29.50294,36.15872],[29.50847,36.15469],[29.50449,36.15213],[29.49993,36.15221],[29.49903,36.14968],[29.49147,36.1516]]],[[[28.0617,36.11652],[28.07081,36.11103],[28.07879,36.10741],[28.08668,36.10513],[28.09645,36.1035],[28.09376,36.09528],[28.08985,36.08828],[28.08375,36.08194],[28.07594,36.07559],[28.08009,36.07136],[28.08961,36.05512],[28.03761,36.06843],[28.01694,36.069],[27.99342,36.06196],[27.94842,36.03901],[27.9323,36.02534],[27.89234,35.97191],[27.86354,35.94098],[27.8274,35.91376],[27.78045,35.89004],[27.73927,35.91315],[27.73268,35.91511],[27.73032,35.92178],[27.71225,35.9527],[27.72535,35.96719],[27.75408,36.03718],[27.76002,36.06196],[27.75709,36.08438],[27.74684,36.09618],[27.73316,36.10464],[27.70883,36.1271],[27.70729,36.13202],[27.71355,36.1398],[27.71225,36.14448],[27.70289,36.15046],[27.69654,36.14956],[27.69093,36.14948],[27.68426,36.15815],[27.70069,36.1634],[27.73951,36.18545],[27.76336,36.19221],[27.77198,36.19782],[27.76743,36.20596],[27.77605,36.21162],[27.77809,36.21711],[27.77817,36.2237],[27.78045,36.23261],[27.78712,36.24518],[27.79412,36.25434],[27.80323,36.27021],[27.80787,36.27424],[27.83741,36.28099],[27.84197,36.28473],[27.84946,36.29352],[27.88282,36.32148],[27.89031,36.33259],[27.89967,36.34016],[27.95924,36.35676],[28.07081,36.40534],[28.08579,36.41478],[28.11842,36.42768],[28.18393,36.42446],[28.21388,36.45547],[28.22242,36.456],[28.23113,36.44977],[28.23976,36.43867],[28.23976,36.43252],[28.22584,36.41795],[28.23634,36.37303],[28.21583,36.36359],[28.21119,36.35765],[28.20509,36.32266],[28.19744,36.31196],[28.17547,36.29043],[28.17091,36.27798],[28.16847,36.24982],[28.16342,36.2377],[28.15455,36.23261],[28.14845,36.22606],[28.13592,36.19522],[28.13054,36.18545],[28.1277,36.18647],[28.11004,36.18659],[28.10328,36.18545],[28.10092,36.18138],[28.09913,36.17446],[28.09522,36.16787],[28.08579,36.16498],[28.0617,36.11652]]],[[[27.76686,36.58519],[27.77784,36.59561],[27.78696,36.60627],[27.78785,36.61685],[27.79249,36.61717],[27.79526,36.61872],[27.80152,36.62425],[27.80152,36.61685],[27.81813,36.63402],[27.84197,36.64472],[27.86101,36.64672],[27.86305,36.63788],[27.83522,36.63109],[27.82228,36.62376],[27.81528,36.61001],[27.82447,36.61294],[27.82862,36.61298],[27.8357,36.60252],[27.86988,36.62425],[27.87208,36.62055],[27.87281,36.61962],[27.87379,36.61909],[27.87672,36.61685],[27.87135,36.61335],[27.86793,36.60944],[27.86549,36.60554],[27.86305,36.60252],[27.86988,36.60668],[27.87322,36.60545],[27.87289,36.5996],[27.86988,36.5895],[27.87062,36.57779],[27.87257,36.56924],[27.87672,36.56159],[27.86752,36.55683],[27.86305,36.55537],[27.86801,36.55321],[27.87208,36.55036],[27.87485,36.54645],[27.87672,36.54108],[27.8545,36.5305],[27.84303,36.5279],[27.8283,36.52802],[27.8283,36.53425],[27.83416,36.53653],[27.84262,36.54361],[27.84938,36.54792],[27.80592,36.56013],[27.79249,36.56696],[27.80787,36.57587],[27.76002,36.57587],[27.76686,36.58519]]],[[[27.70476,36.24714],[27.69956,36.24803],[27.69565,36.25381],[27.69581,36.25682],[27.70053,36.26016],[27.70224,36.26606],[27.69817,36.26781],[27.68946,36.26366],[27.68409,36.26439],[27.68751,36.27293],[27.69427,36.28022],[27.70045,36.28368],[27.71152,36.28575],[27.71827,36.28246],[27.72071,36.27684],[27.72088,36.272],[27.71925,36.26708],[27.70476,36.24714]]],[[[27.61012,36.2165],[27.60239,36.21695],[27.58286,36.21255],[27.56853,36.21516],[27.55055,36.21589],[27.5315,36.21174],[27.51889,36.21686],[27.51743,36.2309],[27.52654,36.24006],[27.5337,36.24189],[27.54868,36.24409],[27.56568,36.24494],[27.61647,36.24262],[27.61899,36.23794],[27.61866,36.2281],[27.61443,36.21967],[27.61012,36.2165]]],[[[27.32179,36.41136],[27.31495,36.41136],[27.30934,36.42015],[27.29689,36.42756],[27.29444,36.43553],[27.29518,36.45563],[27.29705,36.46516],[27.30063,36.47346],[27.31023,36.45771],[27.32504,36.4619],[27.34156,36.47346],[27.35581,36.47964],[27.3685,36.4724],[27.38168,36.44416],[27.39682,36.43867],[27.38746,36.42084],[27.39959,36.41014],[27.42066,36.40864],[27.43849,36.41816],[27.4419,36.41511],[27.44337,36.41206],[27.44467,36.40453],[27.43873,36.39448],[27.42823,36.3852],[27.41586,36.38032],[27.40431,36.38345],[27.39926,36.37873],[27.39015,36.38345],[27.37794,36.38202],[27.36476,36.39338],[27.35743,36.41022],[27.3628,36.42499],[27.34962,36.43122],[27.33815,36.42841],[27.32887,36.42056],[27.32179,36.41136]]],[[[26.93727,36.69278],[26.92335,36.7062],[26.91774,36.71613],[26.92026,36.75117],[26.92628,36.76561],[26.93767,36.76081],[26.94239,36.76626],[26.95387,36.77595],[26.95875,36.78132],[26.96404,36.77802],[26.98601,36.76765],[26.99952,36.77851],[27.0075,36.78783],[27.02076,36.80858],[27.05519,36.83267],[27.06121,36.83934],[27.16424,36.89118],[27.26564,36.90404],[27.28093,36.9079],[27.29152,36.89183],[27.34099,36.8819],[27.35581,36.86323],[27.32342,36.8487],[27.2142,36.82388],[27.19077,36.81232],[27.12989,36.76081],[27.10906,36.75829],[27.08318,36.76122],[27.06007,36.7674],[27.04754,36.77509],[26.99204,36.75361],[26.97576,36.74079],[26.98601,36.71988],[26.97169,36.71625],[26.96567,36.70555],[26.96656,36.69172],[26.97291,36.6789],[26.95533,36.68171],[26.93727,36.69278]]],[[[27.09978,35.4405],[27.09303,35.45185],[27.09425,35.46158],[27.1089,35.46605],[27.1089,35.47223],[27.10206,35.47223],[27.10206,35.47907],[27.11883,35.48265],[27.1198,35.49311],[27.1089,35.5207],[27.10963,35.5349],[27.11264,35.54361],[27.11378,35.55097],[27.1089,35.56167],[27.10084,35.56708],[27.07488,35.58023],[27.06788,35.58893],[27.06935,35.60224],[27.07667,35.61579],[27.0857,35.62629],[27.09181,35.63056],[27.11541,35.64224],[27.12371,35.66779],[27.12794,35.69335],[27.15414,35.71796],[27.16179,35.74689],[27.16245,35.77729],[27.15675,35.79438],[27.15675,35.80121],[27.17107,35.80866],[27.17775,35.80866],[27.17775,35.80121],[27.18458,35.80121],[27.19011,35.80707],[27.20509,35.82233],[27.21372,35.82803],[27.22096,35.82925],[27.2269,35.82709],[27.23243,35.82233],[27.22885,35.80899],[27.21502,35.79002],[27.21193,35.77733],[27.21193,35.7534],[27.21323,35.74478],[27.21852,35.73469],[27.21876,35.72614],[27.2129,35.71874],[27.20134,35.70942],[27.18979,35.69741],[27.18458,35.68179],[27.18035,35.67292],[27.17066,35.66356],[27.16098,35.65131],[27.15675,35.63398],[27.1565,35.6188],[27.15854,35.61205],[27.18458,35.59577],[27.20875,35.56005],[27.21534,35.55418],[27.22088,35.55101],[27.21648,35.54401],[27.209,35.5371],[27.20509,35.53437],[27.20436,35.52766],[27.20379,35.52717],[27.20541,35.52684],[27.21193,35.5207],[27.23316,35.5041],[27.23731,35.49339],[27.23243,35.47223],[27.2068,35.47752],[27.18092,35.46894],[27.16163,35.4501],[27.15675,35.42451],[27.15895,35.42744],[27.16082,35.43037],[27.16424,35.43207],[27.17107,35.43134],[27.16586,35.42333],[27.15805,35.4156],[27.14812,35.40888],[27.13624,35.404],[27.14308,35.4204],[27.13527,35.42621],[27.1211,35.42768],[27.1089,35.43134],[27.09978,35.4405]]],[[[27.16676,36.61506],[27.1858,36.61567],[27.19467,36.60692],[27.20606,36.5871],[27.19801,36.56831],[27.17457,36.56053],[27.16139,36.56037],[27.14015,36.56322],[27.12973,36.56952],[27.12615,36.58006],[27.13722,36.60008],[27.16676,36.61506]]],[[[27.10898,36.94872],[27.10865,36.95372],[27.1159,36.95755],[27.13421,36.95864],[27.13787,36.95783],[27.14145,36.95453],[27.14438,36.95376],[27.15195,36.95889],[27.16293,36.95698],[27.16749,36.94859],[27.16179,36.93716],[27.16717,36.92825],[27.17514,36.92251],[27.16782,36.92267],[27.15943,36.92577],[27.15593,36.92556],[27.15089,36.92369],[27.13697,36.92288],[27.13266,36.92508],[27.13022,36.92959],[27.10898,36.94872]]],[[[27.08457,37.06411],[27.09278,37.06285],[27.10214,37.0607],[27.10605,37.05785],[27.10922,37.05785],[27.10637,37.0539],[27.10092,37.05349],[27.09636,37.05337],[27.08831,37.05398],[27.08326,37.05614],[27.07789,37.05724],[27.07895,37.0624],[27.08457,37.06411]]],[[[27.09286,37.27212],[27.08237,37.2781],[27.08383,37.2908],[27.08212,37.29234],[27.08766,37.30203],[27.10336,37.29951],[27.09221,37.28766],[27.09783,37.28518],[27.09995,37.2827],[27.10581,37.27867],[27.10182,37.27428],[27.09286,37.27212]]],[[[26.88982,37.08979],[26.90162,37.0773],[26.98601,37.04881],[26.98601,37.04198],[26.97291,37.04198],[26.98219,37.02875],[26.99529,37.02289],[27.00587,37.01618],[27.00709,37.00043],[27.01539,37.00873],[27.02394,37.01268],[27.03248,37.01236],[27.04127,37.00788],[27.04428,36.99624],[27.03688,36.97846],[27.04127,36.96686],[27.03631,36.96015],[27.03492,36.95718],[27.03386,36.95262],[27.04127,36.95262],[27.04127,36.95942],[27.04754,36.95942],[27.04038,36.94505],[27.02361,36.94501],[26.99342,36.95262],[26.98829,36.94668],[26.98618,36.93769],[26.98341,36.92951],[26.97609,36.92593],[26.96632,36.9278],[26.95875,36.93098],[26.95191,36.93163],[26.94508,36.92593],[26.93775,36.93505],[26.92986,36.94278],[26.92115,36.94709],[26.91163,36.94579],[26.92026,36.95881],[26.92498,36.96308],[26.93141,36.96686],[26.9253,36.98168],[26.92986,36.99396],[26.93865,37.00454],[26.94508,37.01411],[26.94728,37.01618],[26.95118,37.02119],[26.95387,37.0279],[26.95191,37.03514],[26.94361,37.04072],[26.93507,37.03962],[26.9284,37.03636],[26.92457,37.03514],[26.91717,37.04165],[26.91245,37.04694],[26.90349,37.06249],[26.89601,37.06891],[26.88893,37.07099],[26.88559,37.07559],[26.88982,37.08979]]],[[[26.8519,35.37669],[26.86166,35.38093],[26.8794,35.39973],[26.88657,35.404],[26.89015,35.40717],[26.89674,35.42133],[26.90024,35.42451],[26.90854,35.42325],[26.91977,35.41828],[26.92457,35.41767],[26.9607,35.42959],[26.97609,35.43134],[27.00245,35.43696],[27.01197,35.43769],[27.01336,35.43134],[27.00709,35.42744],[26.99968,35.42451],[27.00709,35.404],[27.00709,35.39777],[26.99236,35.3972],[26.96795,35.39338],[26.95875,35.39033],[26.94606,35.38353],[26.93702,35.37694],[26.92775,35.37189],[26.91472,35.36986],[26.90577,35.36664],[26.88836,35.35269],[26.87672,35.34935],[26.86427,35.35358],[26.85377,35.36298],[26.8484,35.37238],[26.8519,35.37669]]],[[[26.93173,37.47622],[26.97226,37.47215],[26.97364,37.47403],[26.97902,37.47565],[26.98618,37.47333],[26.99594,37.46703],[26.99741,37.46471],[27.0018,37.46227],[27.00766,37.45694],[27.00725,37.45165],[27.00294,37.45108],[26.99204,37.45812],[26.98829,37.45881],[26.98243,37.44961],[26.97429,37.4464],[26.96843,37.4499],[26.96689,37.45266],[26.96461,37.45409],[26.96136,37.4499],[26.96038,37.4453],[26.95834,37.44391],[26.95004,37.44717],[26.94386,37.45592],[26.94296,37.46263],[26.93792,37.46784],[26.93173,37.47069],[26.92693,37.47419],[26.93173,37.47622]]],[[[26.79509,37.15546],[26.78834,37.16206],[26.77622,37.16966],[26.77272,37.18268],[26.78419,37.19147],[26.79802,37.19058],[26.80104,37.19257],[26.8003,37.19929],[26.80828,37.20026],[26.81723,37.19481],[26.82309,37.19331],[26.82683,37.19424],[26.8309,37.19282],[26.83473,37.19107],[26.84108,37.18915],[26.84978,37.18732],[26.85288,37.18179],[26.8462,37.17121],[26.84409,37.16201],[26.85426,37.15852],[26.86427,37.15331],[26.8698,37.14102],[26.87184,37.1341],[26.87794,37.12897],[26.88689,37.1166],[26.88689,37.1057],[26.87973,37.10383],[26.8755,37.1037],[26.87517,37.10008],[26.86988,37.09805],[26.86158,37.09732],[26.84995,37.09846],[26.83758,37.10472],[26.83758,37.11213],[26.84864,37.11787],[26.85231,37.12458],[26.84303,37.12515],[26.82976,37.11872],[26.81723,37.11986],[26.81039,37.12938],[26.81422,37.13813],[26.8169,37.14655],[26.80641,37.15168],[26.79509,37.15546]]],[[[26.72307,37.31912],[26.71852,37.32331],[26.72022,37.32799],[26.72967,37.32738],[26.73967,37.32038],[26.74374,37.31749],[26.74968,37.30911],[26.76808,37.30443],[26.77735,37.30695],[26.78452,37.30886],[26.78956,37.30463],[26.79249,37.29601],[26.79038,37.29076],[26.79176,37.28889],[26.79217,37.28742],[26.79086,37.28579],[26.78736,37.28449],[26.78452,37.277],[26.78012,37.27395],[26.77784,37.27778],[26.77483,37.28115],[26.77027,37.28059],[26.76726,37.27737],[26.76254,37.28091],[26.76116,37.28799],[26.75929,37.29295],[26.76206,37.29271],[26.76555,37.29328],[26.75929,37.29767],[26.75261,37.29536],[26.73894,37.29422],[26.7352,37.29955],[26.72649,37.29975],[26.71957,37.3013],[26.71599,37.30683],[26.71518,37.30931],[26.71168,37.31102],[26.70981,37.31411],[26.71079,37.31696],[26.71396,37.32127],[26.72128,37.31786],[26.72242,37.31794],[26.72307,37.31912]]],[[[26.73805,37.39049],[26.74073,37.38874],[26.75221,37.38365],[26.75904,37.37613],[26.75221,37.37238],[26.74415,37.36058],[26.74049,37.36693],[26.74163,37.37458],[26.74033,37.37458],[26.73845,37.37458],[26.73634,37.37279],[26.733,37.37629],[26.72983,37.38036],[26.72584,37.3867],[26.71974,37.38732],[26.71664,37.39297],[26.71477,37.39859],[26.70981,37.40261],[26.71372,37.40636],[26.71664,37.41275],[26.71941,37.41287],[26.71786,37.40542],[26.72592,37.40078],[26.72869,37.39863],[26.73398,37.39867],[26.73585,37.39667],[26.73691,37.39374],[26.73805,37.39049]]],[[[26.52858,37.30073],[26.53386,37.32514],[26.53736,37.33149],[26.53883,37.33812],[26.53582,37.34707],[26.5337,37.36066],[26.53639,37.37271],[26.54509,37.37311],[26.55641,37.37206],[26.56861,37.37442],[26.58058,37.3701],[26.59034,37.36445],[26.59669,37.3592],[26.59881,37.35541],[26.60369,37.34943],[26.60613,37.33955],[26.60084,37.33735],[26.59547,37.34162],[26.58872,37.34479],[26.58497,37.34561],[26.58131,37.34675],[26.57244,37.34715],[26.56373,37.3417],[26.55974,37.33438],[26.55844,37.32974],[26.5547,37.32713],[26.54884,37.32657],[26.55388,37.31989],[26.5652,37.30842],[26.56772,37.27464],[26.5573,37.27123],[26.5464,37.27717],[26.54737,37.28364],[26.54477,37.2884],[26.53272,37.29173],[26.52858,37.30073]]],[[[26.26832,36.555],[26.26979,36.55777],[26.27345,36.56159],[26.26433,36.57331],[26.26149,36.58763],[26.26645,36.59593],[26.28028,36.5895],[26.29477,36.59658],[26.31178,36.58808],[26.32846,36.57526],[26.34164,36.56904],[26.35084,36.57274],[26.36061,36.58649],[26.36598,36.5895],[26.37729,36.5882],[26.38592,36.58609],[26.39389,36.58568],[26.40382,36.5895],[26.39031,36.59544],[26.38494,36.6048],[26.38893,36.61335],[26.38941,36.6162],[26.37867,36.61921],[26.36997,36.62442],[26.36215,36.63052],[26.36215,36.63788],[26.39332,36.63654],[26.43051,36.61872],[26.45948,36.59667],[26.46599,36.58271],[26.45997,36.5777],[26.45493,36.57685],[26.45004,36.58055],[26.44467,36.5895],[26.4297,36.5786],[26.41586,36.5749],[26.38673,36.57587],[26.3733,36.57241],[26.36305,36.56367],[26.34864,36.54108],[26.34767,36.52802],[26.34946,36.51561],[26.34164,36.50935],[26.31772,36.50755],[26.30095,36.51325],[26.28224,36.53986],[26.26596,36.54792],[26.26832,36.555]]],[[[19.27866,40.475],[19.2754,40.48237],[19.26995,40.49242],[19.26564,40.49901],[19.26124,40.50552],[19.26401,40.51203],[19.27092,40.51333],[19.27491,40.50694],[19.27833,40.50418],[19.28191,40.50227],[19.28761,40.4995],[19.29184,40.49433],[19.28899,40.48477],[19.28639,40.475],[19.28549,40.47378],[19.27866,40.475]]],[[[7.52966,43.78596],[7.52977,43.78598],[7.52985,43.78603],[7.52993,43.78611],[7.52977,43.78618],[7.52983,43.78625],[7.52978,43.7863],[7.52979,43.78643],[7.52977,43.78656],[7.5298,43.78665],[7.52984,43.78673],[7.52986,43.78681],[7.52982,43.78689],[7.52978,43.78701],[7.52979,43.78721],[7.5298,43.78728],[7.52989,43.78739],[7.52996,43.78751],[7.52996,43.78756],[7.52992,43.78761],[7.52996,43.78782],[7.52999,43.7879],[7.53007,43.78793],[7.53003,43.78818],[7.52997,43.78833],[7.52995,43.78841],[7.52982,43.78844],[7.52969,43.78868],[7.52952,43.78876],[7.52952,43.78888],[7.52954,43.78902],[7.52951,43.78907],[7.52937,43.78925],[7.52913,43.78952],[7.52909,43.78966],[7.52911,43.7898],[7.52912,43.7899],[7.52907,43.79002],[7.52903,43.79007],[7.52888,43.79026],[7.52869,43.79042],[7.52843,43.79059],[7.5282,43.79073],[7.5279,43.79085],[7.52768,43.79103],[7.52741,43.79142],[7.52715,43.79189],[7.52682,43.79252],[7.52668,43.79276],[7.52654,43.79297],[7.52653,43.79315],[7.52638,43.79355],[7.52609,43.79424],[7.52602,43.79446],[7.52593,43.7948],[7.52585,43.79516],[7.52581,43.79542],[7.52575,43.79555],[7.5254,43.79597],[7.52521,43.79631],[7.52478,43.79678],[7.52436,43.79709],[7.52371,43.79774],[7.52255,43.79875],[7.52176,43.79946],[7.52078,43.80059],[7.52014,43.80141],[7.5197,43.80191],[7.5191,43.8024],[7.51868,43.80275],[7.5184,43.80309],[7.51831,43.80328],[7.51835,43.80343],[7.51857,43.80363],[7.51869,43.80379],[7.51871,43.80394],[7.51862,43.80413],[7.51818,43.80464],[7.51805,43.80484],[7.51785,43.80543],[7.51779,43.80615],[7.51774,43.80696],[7.51765,43.80768],[7.51736,43.80869],[7.51701,43.80978],[7.51663,43.81072],[7.51623,43.81136],[7.51594,43.8122],[7.51548,43.8133],[7.51496,43.81409],[7.5147,43.81453],[7.51452,43.81534],[7.51437,43.8159],[7.51423,43.81655],[7.51421,43.81711],[7.51421,43.81753],[7.51407,43.81799],[7.51399,43.81837],[7.51389,43.8196],[7.51388,43.82003],[7.51376,43.82037],[7.51345,43.82095],[7.51311,43.82175],[7.51292,43.82241],[7.51268,43.82289],[7.51241,43.82322],[7.51193,43.82353],[7.51172,43.82378],[7.51144,43.82432],[7.51109,43.82509],[7.51065,43.82586],[7.51031,43.82681],[7.51044,43.82721],[7.51052,43.82756],[7.51054,43.82793],[7.51042,43.82833],[7.51036,43.8287],[7.51042,43.82925],[7.51042,43.83007],[7.51027,43.83151],[7.51025,43.83246],[7.51014,43.83312],[7.51006,43.83376],[7.51,43.83432],[7.5099,43.83445],[7.50944,43.83487],[7.50912,43.835],[7.50863,43.83516],[7.50836,43.83526],[7.50818,43.83539],[7.50801,43.83556],[7.50788,43.83592],[7.50785,43.83624],[7.50779,43.83649],[7.50758,43.8367],[7.50712,43.83719],[7.507,43.83746],[7.50692,43.83778],[7.5069,43.83819],[7.50697,43.83856],[7.50696,43.83881],[7.50689,43.83922],[7.50681,43.83959],[7.50684,43.83998],[7.50693,43.84017],[7.5072,43.84036],[7.50734,43.84048],[7.50738,43.84059],[7.50739,43.84082],[7.50748,43.84102],[7.50789,43.84127],[7.50813,43.84139],[7.50776,43.84184],[7.50485,43.84341],[7.50462,43.84349],[7.50429,43.84351],[7.5041,43.84352],[7.50391,43.8436],[7.50356,43.84396],[7.50319,43.84433],[7.50185,43.84472],[7.50032,43.84523],[7.49911,43.84552],[7.4988,43.8466],[7.4987,43.84704],[7.49849,43.84809],[7.49828,43.84853],[7.49816,43.84862],[7.49719,43.84906],[7.49688,43.84921],[7.49674,43.84938],[7.49658,43.84976],[7.49652,43.85005],[7.49656,43.85031],[7.49663,43.8506],[7.49667,43.8508],[7.49659,43.85096],[7.49643,43.8512],[7.49632,43.85127],[7.49614,43.85145],[7.49601,43.85175],[7.49593,43.85209],[7.49589,43.85234],[7.4959,43.85279],[7.49591,43.85338],[7.49588,43.85372],[7.49575,43.85432],[7.49566,43.85465],[7.49524,43.85542],[7.49512,43.8559],[7.49511,43.85635],[7.49516,43.85701],[7.49537,43.85842],[7.49545,43.85969],[7.49548,43.86078],[7.4954,43.8617],[7.49521,43.86224],[7.49511,43.86265],[7.49525,43.86336],[7.4953,43.86397],[7.49536,43.86432],[7.49556,43.86442],[7.49608,43.86454],[7.49657,43.86455],[7.49709,43.86445],[7.49756,43.86438],[7.49799,43.86424],[7.49814,43.86421],[7.49832,43.86423],[7.49862,43.86449],[7.49923,43.86512],[7.49949,43.86547],[7.4998,43.86573],[7.50013,43.86613],[7.50037,43.86645],[7.50043,43.86662],[7.50048,43.8668],[7.50048,43.86703],[7.5003,43.86725],[7.49996,43.8677],[7.49973,43.86798],[7.4993,43.8683],[7.49883,43.8687],[7.49841,43.86927],[7.49818,43.86957],[7.49795,43.86978],[7.49732,43.87037],[7.49756,43.87079],[7.4976,43.87094],[7.49763,43.87109],[7.4978,43.87158],[7.49806,43.87185],[7.49867,43.8723],[7.49885,43.87262],[7.4999,43.87313],[7.50024,43.87333],[7.5003,43.87342],[7.50027,43.87363],[7.50031,43.8738],[7.50042,43.8739],[7.50073,43.87398],[7.50083,43.87412],[7.50112,43.87469],[7.50119,43.87496],[7.50465,43.88073],[7.49671,43.89208],[7.49341,43.89486],[7.49246,43.89774],[7.49341,43.9111],[7.49186,43.91326],[7.4922,43.91607],[7.4895,43.92405],[7.50104,43.92062],[7.50667,43.91348],[7.51061,43.90881],[7.51679,43.91051],[7.5246,43.91372],[7.52817,43.91814],[7.5404,43.91329],[7.54499,43.91267],[7.55018,43.93443],[7.55413,43.94846],[7.56477,43.95433],[7.58211,43.95452],[7.58726,43.95965],[7.60417,43.96236],[7.58898,43.97287],[7.61799,43.97565],[7.63275,43.99164],[7.64065,43.99609],[7.63623,44.00073],[7.61198,44.01702],[7.59962,44.02257],[7.59741,44.02339],[7.59541,44.02289],[7.58255,44.03036],[7.58256,44.03061],[7.5822,44.03079],[7.58189,44.03056],[7.58061,44.02973],[7.5795,44.02988],[7.57871,44.03016],[7.57747,44.03001],[7.57686,44.02962],[7.5622,44.03331],[7.55568,44.04503],[7.53353,44.05095],[7.52134,44.0528],[7.46881,44.05058],[7.44461,44.04515],[7.42109,44.04947],[7.37981,44.05095],[7.36334,44.06419],[7.36245,44.064],[7.36221,44.06414],[7.36198,44.06413],[7.36137,44.06432],[7.36098,44.06444],[7.36079,44.06452],[7.36055,44.06451],[7.36037,44.06461],[7.36021,44.06484],[7.35936,44.06536],[7.35883,44.06551],[7.35834,44.06577],[7.35811,44.06606],[7.35671,44.06751],[7.35599,44.06814],[7.35581,44.06838],[7.35579,44.0688],[7.35591,44.06932],[7.35625,44.06978],[7.35593,44.07095],[7.35578,44.07117],[7.35557,44.0717],[7.35484,44.07301],[7.35464,44.07342],[7.35431,44.07385],[7.35369,44.0741],[7.3529,44.07407],[7.35221,44.0742],[7.35175,44.07436],[7.35125,44.07439],[7.35085,44.07447],[7.35033,44.07465],[7.34927,44.07479],[7.34881,44.07477],[7.34826,44.07487],[7.34698,44.0752],[7.34631,44.0752],[7.34534,44.07532],[7.34375,44.07585],[7.34341,44.07617],[7.34276,44.07635],[7.34237,44.07641],[7.34209,44.07665],[7.34164,44.07678],[7.34121,44.07697],[7.34069,44.07701],[7.33902,44.07662],[7.33792,44.07639],[7.33719,44.07615],[7.33641,44.07638],[7.33568,44.07652],[7.33529,44.07667],[7.33434,44.07678],[7.33368,44.0768],[7.33287,44.07703],[7.33268,44.0769],[7.33258,44.07693],[7.3326,44.07715],[7.33248,44.07719],[7.33221,44.07715],[7.33242,44.07668],[7.332,44.07624],[7.33086,44.07506],[7.32985,44.07453],[7.32572,44.07343],[7.32276,44.07296],[7.32002,44.07421],[7.31664,44.07377],[7.31409,44.07237],[7.31211,44.07281],[7.31192,44.07337],[7.3099,44.07428],[7.30773,44.07464],[7.30347,44.07345],[7.30169,44.07243],[7.29896,44.07171],[7.29376,44.07199],[7.29252,44.07161],[7.29067,44.07144],[7.28618,44.09849],[7.27398,44.10813],[7.27366,44.10777],[7.27318,44.10753],[7.27175,44.10727],[7.27092,44.10724],[7.27063,44.10712],[7.26961,44.106],[7.26752,44.10527],[7.26716,44.10469],[7.26632,44.1042],[7.26567,44.10412],[7.26299,44.10298],[7.26094,44.10183],[7.26022,44.10115],[7.26017,44.10043],[7.25972,44.09958],[7.25846,44.09916],[7.24179,44.11218],[7.23845,44.09967],[7.1933,44.07908],[7.18124,44.08151],[7.17309,44.08127],[7.17291,44.08493],[7.16987,44.08765],[7.16141,44.09094],[7.15257,44.09557],[7.15141,44.10374],[7.15292,44.10968],[7.13922,44.11113],[7.13096,44.11421],[7.12498,44.11643],[7.10197,44.12339],[7.10137,44.12974],[7.10069,44.13024],[7.10092,44.13149],[7.10183,44.13284],[7.10115,44.13473],[7.10051,44.13634],[7.10076,44.13799],[7.10036,44.13913],[7.09925,44.14012],[7.09908,44.14182],[7.09818,44.14301],[7.09855,44.14449],[7.0991,44.14503],[7.09842,44.14612],[7.09739,44.14676],[7.09698,44.14732],[7.0973,44.14932],[7.0965,44.1508],[7.09566,44.15146],[7.09481,44.1518],[7.09455,44.15215],[7.09453,44.15272],[7.09481,44.15343],[7.09463,44.15379],[7.09247,44.15465],[7.09165,44.15519],[7.09107,44.15601],[7.09092,44.1567],[7.09109,44.15743],[7.09155,44.1583],[7.09144,44.15885],[7.09094,44.15983],[7.09087,44.16027],[7.09111,44.16119],[7.09091,44.16189],[7.09013,44.16315],[7.09009,44.16342],[7.08956,44.16371],[7.08868,44.16449],[7.08839,44.16535],[7.08824,44.16712],[7.0883,44.16815],[7.088,44.16864],[7.08731,44.16992],[7.08652,44.17039],[7.08593,44.17099],[7.0841,44.17217],[7.0826,44.17301],[7.08217,44.17311],[7.0808,44.17314],[7.08058,44.17323],[7.08014,44.17382],[7.07855,44.17498],[7.07912,44.17518],[7.07976,44.17597],[7.0812,44.17919],[7.08326,44.18344],[7.07322,44.20134],[7.06206,44.20442],[7.04945,44.21119],[7.04395,44.21482],[7.02722,44.21902],[7.02071,44.22004],[7.02062,44.22012],[7.0187,44.22406],[7.01893,44.22724],[7.0195,44.22826],[7.0196,44.2288],[7.02003,44.22957],[7.02011,44.22989],[7.0199,44.23111],[7.01962,44.23158],[7.01953,44.23203],[7.01929,44.23237],[7.01887,44.23236],[7.01818,44.23232],[7.01773,44.23237],[7.01714,44.23226],[7.01619,44.23246],[7.01588,44.2325],[7.01549,44.23278],[7.015,44.23289],[7.01445,44.23324],[7.01436,44.23356],[7.01411,44.23387],[7.01388,44.2344],[7.01354,44.23463],[7.01308,44.23498],[7.01228,44.23528],[7.01119,44.23555],[7.00995,44.23558],[7.00929,44.23553],[7.00845,44.23521],[7.00776,44.2367],[7.00731,44.23703],[7.00699,44.23759],[7.00674,44.23792],[7.00619,44.23826],[7.00529,44.23965],[7.0048,44.24033],[7.00431,44.24162],[7.00366,44.24217],[7.00259,44.24296],[7.00158,44.24344],[7.00071,44.24373],[7.00061,44.24457],[7.00037,44.2451],[7.00041,44.24527],[7.00033,44.24541],[7.00061,44.24587],[7.00058,44.24625],[7.00093,44.24696],[7.00091,44.24712],[7.00062,44.24713],[7.00028,44.24724],[7.00003,44.24729],[6.9995,44.24771],[6.99827,44.24834],[6.99841,44.24877],[6.99823,44.24918],[6.9982,44.24967],[6.99828,44.24983],[6.99824,44.25005],[6.99801,44.25023],[6.99779,44.25071],[6.9977,44.25132],[6.9973,44.25143],[6.99724,44.25153],[6.99691,44.25171],[6.99653,44.25194],[6.9971,44.25274],[6.99702,44.25326],[6.9968,44.25373],[6.99691,44.25448],[6.99707,44.25496],[6.99715,44.25525],[6.99756,44.2556],[6.99797,44.25595],[6.99766,44.25627],[6.99772,44.25666],[6.99769,44.25714],[6.99783,44.25743],[6.99784,44.25762],[6.99811,44.25793],[6.99835,44.25854],[6.99844,44.25911],[6.99819,44.2596],[6.99794,44.26001],[6.99786,44.26047],[6.99766,44.26072],[6.99763,44.26139],[6.99755,44.26182],[6.99741,44.26202],[6.99706,44.26239],[6.99686,44.26317],[6.99652,44.26398],[6.99615,44.26438],[6.99602,44.26454],[6.99559,44.26483],[6.99531,44.26489],[6.99517,44.26518],[6.99554,44.26541],[6.99576,44.26574],[6.99591,44.26579],[6.99625,44.26638],[6.99622,44.26673],[6.99584,44.26701],[6.99566,44.26765],[6.99566,44.26783],[6.9956,44.26808],[6.99541,44.26864],[6.99545,44.26876],[6.99547,44.26888],[6.99549,44.26922],[6.99542,44.2693],[6.99547,44.26944],[6.99544,44.26954],[6.99555,44.26985],[6.99568,44.27011],[6.99566,44.27027],[6.99582,44.27051],[6.99579,44.2707],[6.99588,44.27087],[6.99601,44.27097],[6.9962,44.27107],[6.99647,44.27112],[6.99639,44.27158],[6.99658,44.27182],[6.9969,44.27205],[6.99686,44.2723],[6.99686,44.2725],[6.99698,44.27266],[6.99714,44.27269],[6.99729,44.273],[6.99736,44.2733],[6.99727,44.27341],[6.99728,44.27347],[6.99728,44.27356],[6.9971,44.27393],[6.99664,44.27428],[6.99621,44.2745],[6.99616,44.27485],[6.99572,44.27532],[6.99566,44.27542],[6.99544,44.27571],[6.99544,44.2759],[6.99515,44.27612],[6.99507,44.27632],[6.99504,44.27665],[6.99494,44.2769],[6.99506,44.27698],[6.99496,44.27709],[6.99476,44.27713],[6.99457,44.27724],[6.9945,44.27742],[6.99458,44.27751],[6.99452,44.27801],[6.99454,44.27823],[6.99475,44.27838],[6.99493,44.27866],[6.99478,44.27954],[6.99533,44.27963],[6.99554,44.27977],[6.99583,44.28021],[6.99555,44.28048],[6.9949,44.28041],[6.99402,44.28058],[6.99335,44.28091],[6.99283,44.28132],[6.99239,44.28153],[6.99214,44.28174],[6.99185,44.28174],[6.99112,44.28227],[6.99046,44.2829],[6.98994,44.28311],[6.98973,44.28322],[6.98959,44.28343],[6.98876,44.28368],[6.98859,44.28362],[6.98735,44.284],[6.98674,44.28433],[6.98637,44.28421],[6.98589,44.28443],[6.9851,44.28432],[6.98455,44.28455],[6.98417,44.28455],[6.98366,44.28477],[6.9833,44.28488],[6.98259,44.28525],[6.98244,44.28543],[6.98236,44.28559],[6.98209,44.28589],[6.982,44.28606],[6.98179,44.28631],[6.98138,44.28706],[6.98121,44.28712],[6.98096,44.28702],[6.98082,44.28704],[6.9805,44.28687],[6.98007,44.28683],[6.97957,44.28698],[6.97937,44.28699],[6.97824,44.28623],[6.97751,44.28614],[6.97752,44.28567],[6.97543,44.28528],[6.97407,44.28468],[6.97393,44.28422],[6.97365,44.28404],[6.97233,44.28407],[6.97171,44.28366],[6.97092,44.28483],[6.96947,44.28546],[6.96918,44.28607],[6.96867,44.28686],[6.96907,44.28712],[6.96936,44.2876],[6.96937,44.28794],[6.96928,44.28848],[6.9696,44.2888],[6.97027,44.28941],[6.97076,44.28968],[6.97072,44.28988],[6.97047,44.28999],[6.97075,44.29032],[6.97074,44.29069],[6.9709,44.29112],[6.97129,44.29133],[6.97122,44.2921],[6.97101,44.29296],[6.97155,44.29333],[6.97059,44.29403],[6.96946,44.29471],[6.96891,44.29457],[6.96812,44.29493],[6.96782,44.29514],[6.96727,44.29547],[6.96644,44.29548],[6.96574,44.29474],[6.96394,44.29448],[6.9638,44.29414],[6.96331,44.29356],[6.96223,44.29362],[6.96113,44.29419],[6.96012,44.29394],[6.95883,44.29456],[6.95731,44.29536],[6.95666,44.29603],[6.95574,44.2971],[6.95572,44.29751],[6.95667,44.29792],[6.95664,44.29962],[6.9571,44.29985],[6.95719,44.3],[6.95742,44.30001],[6.95748,44.3002],[6.95755,44.30038],[6.95768,44.3006],[6.95786,44.30058],[6.95785,44.30071],[6.958,44.30093],[6.95797,44.30109],[6.95806,44.30112],[6.95844,44.30121],[6.9584,44.30144],[6.95826,44.30164],[6.95858,44.30199],[6.95849,44.30212],[6.95848,44.30227],[6.95825,44.30245],[6.95821,44.30257],[6.95814,44.30271],[6.95817,44.30288],[6.95809,44.30316],[6.95801,44.30343],[6.958,44.30368],[6.95795,44.30455],[6.95787,44.30482],[6.95772,44.30502],[6.95776,44.30509],[6.95772,44.30523],[6.95789,44.30527],[6.95802,44.30539],[6.95796,44.30569],[6.95823,44.30575],[6.95826,44.30584],[6.9583,44.30592],[6.95857,44.30618],[6.95869,44.30655],[6.95899,44.30674],[6.95986,44.30696],[6.96002,44.30736],[6.95987,44.30793],[6.96007,44.308],[6.9601,44.3081],[6.9607,44.30886],[6.96047,44.30914],[6.96038,44.30937],[6.96047,44.30987],[6.96032,44.31019],[6.96049,44.31042],[6.96032,44.31074],[6.9602,44.311],[6.96019,44.31146],[6.95965,44.3118],[6.95896,44.31222],[6.95865,44.31228],[6.95832,44.3126],[6.95796,44.31296],[6.95782,44.31343],[6.95729,44.31371],[6.95642,44.31397],[6.95621,44.31418],[6.9558,44.31438],[6.95558,44.31451],[6.9552,44.31455],[6.95481,44.3147],[6.95445,44.31502],[6.95425,44.31509],[6.95397,44.31533],[6.95377,44.3156],[6.95338,44.31623],[6.9533,44.31665],[6.95319,44.31698],[6.95294,44.31767],[6.95319,44.31794],[6.95298,44.31833],[6.95336,44.31855],[6.95306,44.31891],[6.95288,44.31915],[6.95276,44.31942],[6.95213,44.3197],[6.95147,44.31956],[6.95079,44.31973],[6.95033,44.31961],[6.94948,44.31973],[6.94885,44.31993],[6.94875,44.32024],[6.94833,44.32039],[6.9474,44.32044],[6.94695,44.32059],[6.94622,44.32064],[6.94556,44.32097],[6.94488,44.32119],[6.94427,44.32201],[6.9438,44.3225],[6.94344,44.32296],[6.94334,44.32353],[6.94296,44.32399],[6.94227,44.32421],[6.94151,44.32477],[6.94006,44.32455],[6.93831,44.3246],[6.93803,44.32545],[6.93753,44.32671],[6.93712,44.32771],[6.93696,44.32885],[6.936,44.32937],[6.93562,44.3297],[6.93531,44.32981],[6.9351,44.33004],[6.93503,44.33011],[6.93483,44.33006],[6.93479,44.33008],[6.93475,44.33008],[6.93459,44.33012],[6.93452,44.33013],[6.93445,44.33011],[6.93438,44.33005],[6.93416,44.32998],[6.93404,44.33002],[6.93364,44.33009],[6.9334,44.33004],[6.93312,44.33014],[6.93314,44.33023],[6.93288,44.33053],[6.93189,44.33067],[6.93151,44.33086],[6.9313,44.33096],[6.93083,44.33154],[6.92939,44.33197],[6.92858,44.33208],[6.92754,44.33233],[6.92677,44.33284],[6.9264,44.33341],[6.92623,44.33409],[6.92651,44.33465],[6.92657,44.33496],[6.92673,44.3353],[6.92663,44.33583],[6.92624,44.33609],[6.92614,44.33661],[6.92612,44.33695],[6.92598,44.3371],[6.9259,44.33739],[6.92566,44.33749],[6.92537,44.33777],[6.92564,44.33799],[6.92561,44.33832],[6.92539,44.33851],[6.92499,44.33879],[6.92481,44.33906],[6.92439,44.33925],[6.92417,44.33957],[6.92398,44.34004],[6.92404,44.34065],[6.92414,44.34098],[6.92347,44.34145],[6.92288,44.34153],[6.92222,44.34188],[6.92195,44.34243],[6.92152,44.3428],[6.92131,44.34336],[6.92115,44.34375],[6.92139,44.34416],[6.92111,44.34442],[6.92088,44.34472],[6.92098,44.34504],[6.92092,44.34539],[6.9214,44.34568],[6.92146,44.34593],[6.92163,44.34614],[6.92194,44.34628],[6.92223,44.34653],[6.9222,44.347],[6.92232,44.34728],[6.92248,44.34753],[6.92253,44.34771],[6.92277,44.3478],[6.92284,44.34801],[6.92274,44.34817],[6.92269,44.34832],[6.92246,44.3485],[6.92223,44.34872],[6.92232,44.34896],[6.92264,44.34919],[6.92252,44.34936],[6.92261,44.34971],[6.92226,44.35006],[6.92264,44.35055],[6.92191,44.3514],[6.922,44.35163],[6.92158,44.35176],[6.921,44.35182],[6.92006,44.35208],[6.91928,44.35259],[6.91893,44.35281],[6.91832,44.35309],[6.91782,44.35302],[6.91629,44.35331],[6.91609,44.35331],[6.91564,44.35342],[6.91521,44.35354],[6.91454,44.35356],[6.91404,44.35353],[6.91362,44.35342],[6.91307,44.35335],[6.91231,44.35327],[6.91194,44.35314],[6.91179,44.3532],[6.9117,44.35342],[6.91078,44.35401],[6.91052,44.35419],[6.91033,44.35468],[6.90994,44.35524],[6.90943,44.356],[6.90945,44.35629],[6.90932,44.35649],[6.90899,44.35666],[6.90882,44.3568],[6.90859,44.35709],[6.90819,44.35717],[6.90781,44.3572],[6.90739,44.3572],[6.90666,44.35781],[6.906,44.35821],[6.90555,44.3584],[6.90527,44.35846],[6.90478,44.35855],[6.90429,44.35847],[6.90358,44.35827],[6.90316,44.35821],[6.90288,44.35811],[6.90253,44.35803],[6.90205,44.35796],[6.90095,44.35782],[6.90047,44.35764],[6.89953,44.35743],[6.89916,44.35805],[6.899,44.35831],[6.89873,44.35839],[6.89813,44.35844],[6.89772,44.35847],[6.89744,44.35856],[6.89716,44.35873],[6.89675,44.35875],[6.89608,44.35901],[6.89581,44.35913],[6.89554,44.35915],[6.89518,44.35937],[6.89489,44.35941],[6.89441,44.35957],[6.89398,44.35964],[6.89355,44.35946],[6.8933,44.35961],[6.89314,44.35965],[6.89285,44.35992],[6.89255,44.35999],[6.89235,44.36],[6.89219,44.35983],[6.89203,44.36001],[6.89171,44.36006],[6.89157,44.36025],[6.89093,44.36037],[6.89023,44.36061],[6.88927,44.36077],[6.88919,44.3611],[6.88897,44.36127],[6.88871,44.36094],[6.88842,44.36076],[6.88818,44.36083],[6.88777,44.361],[6.88773,44.3612],[6.88754,44.3612],[6.88743,44.36129],[6.8874,44.36142],[6.88733,44.3616],[6.88741,44.36192],[6.88733,44.36227],[6.88737,44.36267],[6.8873,44.36289],[6.88726,44.36321],[6.88717,44.36337],[6.88686,44.3636],[6.88694,44.36419],[6.88699,44.36438],[6.88692,44.36473],[6.88694,44.36489],[6.88689,44.3654],[6.88712,44.36586],[6.88743,44.366],[6.8876,44.36638],[6.88759,44.36655],[6.88791,44.36722],[6.88792,44.36726],[6.88798,44.36728],[6.88862,44.36752],[6.88883,44.36758],[6.88914,44.36773],[6.88937,44.3678],[6.8895,44.36788],[6.88955,44.36792],[6.8897,44.36797],[6.88989,44.36809],[6.88996,44.36815],[6.8901,44.36821],[6.8904,44.36828],[6.89114,44.36836],[6.89159,44.36847],[6.89199,44.36866],[6.89216,44.36868],[6.89235,44.36864],[6.89262,44.36861],[6.89319,44.36877],[6.89368,44.36903],[6.8938,44.36912],[6.894,44.3692],[6.89409,44.36927],[6.89414,44.36935],[6.89425,44.36946],[6.89449,44.36961],[6.89456,44.36974],[6.89459,44.36977],[6.89473,44.36985],[6.89481,44.36992],[6.89484,44.36996],[6.89484,44.37],[6.89499,44.37022],[6.89521,44.37046],[6.89544,44.37063],[6.89542,44.37069],[6.89546,44.3708],[6.89549,44.37096],[6.89555,44.37104],[6.89572,44.3712],[6.89583,44.37139],[6.89591,44.37148],[6.89591,44.37154],[6.89593,44.37159],[6.896,44.37176],[6.896,44.37178],[6.89593,44.37183],[6.89591,44.37185],[6.89591,44.3719],[6.89599,44.37215],[6.89608,44.37235],[6.8962,44.37242],[6.89622,44.37245],[6.89638,44.37277],[6.89639,44.37284],[6.89639,44.37291],[6.89637,44.37302],[6.89629,44.37315],[6.89626,44.37325],[6.89625,44.37338],[6.89623,44.37344],[6.89624,44.37352],[6.89636,44.37374],[6.89643,44.37393],[6.89656,44.37412],[6.89656,44.37427],[6.89659,44.37432],[6.89678,44.37448],[6.89681,44.37454],[6.89681,44.37459],[6.89671,44.37474],[6.89669,44.37482],[6.8967,44.37489],[6.8969,44.37519],[6.89714,44.37536],[6.89714,44.37539],[6.89714,44.37541],[6.89713,44.37542],[6.8968,44.37552],[6.89672,44.37556],[6.8967,44.37567],[6.89665,44.37577],[6.89653,44.37587],[6.89651,44.37593],[6.89644,44.37598],[6.8964,44.3761],[6.89631,44.37623],[6.89625,44.37638],[6.89625,44.37642],[6.89607,44.37664],[6.89604,44.37672],[6.89606,44.37693],[6.896,44.37704],[6.89603,44.37709],[6.89601,44.37719],[6.89599,44.37721],[6.89592,44.37723],[6.89589,44.37728],[6.89579,44.37729],[6.89576,44.3773],[6.89572,44.37741],[6.89561,44.37753],[6.89559,44.3776],[6.89561,44.37773],[6.89557,44.37785],[6.89558,44.37795],[6.8955,44.37807],[6.89551,44.37815],[6.89547,44.37822],[6.89546,44.37832],[6.8954,44.37838],[6.89541,44.37853],[6.89536,44.37859],[6.89534,44.3787],[6.89529,44.37873],[6.89528,44.37879],[6.89525,44.37886],[6.89528,44.379],[6.89527,44.37903],[6.89518,44.37911],[6.89515,44.37916],[6.89517,44.37919],[6.89512,44.37939],[6.89513,44.37948],[6.8951,44.37956],[6.89506,44.37962],[6.89506,44.37965],[6.89509,44.3797],[6.89508,44.37984],[6.89514,44.37989],[6.89516,44.38004],[6.89515,44.38008],[6.8951,44.38015],[6.8951,44.38017],[6.89513,44.3802],[6.89513,44.38021],[6.89496,44.38049],[6.89506,44.38104],[6.89507,44.38108],[6.89511,44.38112],[6.89526,44.38118],[6.89538,44.38127],[6.89542,44.38137],[6.89542,44.38152],[6.89544,44.38159],[6.89556,44.3817],[6.89557,44.38172],[6.89555,44.38188],[6.89558,44.38213],[6.89577,44.38291],[6.89585,44.38298],[6.89597,44.38307],[6.89599,44.38316],[6.89597,44.38326],[6.89574,44.38371],[6.89572,44.38379],[6.89572,44.384],[6.89576,44.38416],[6.8958,44.38423],[6.89586,44.3843],[6.8959,44.38432],[6.89598,44.38438],[6.89601,44.38449],[6.89583,44.38475],[6.89579,44.38496],[6.8958,44.38512],[6.89578,44.38521],[6.8958,44.38526],[6.89567,44.3854],[6.89559,44.38567],[6.89551,44.38586],[6.89549,44.38608],[6.89554,44.38622],[6.89554,44.38643],[6.89552,44.38646],[6.89546,44.38651],[6.89544,44.38654],[6.89544,44.38663],[6.89539,44.38674],[6.89541,44.38687],[6.89544,44.38693],[6.89549,44.38696],[6.89552,44.38713],[6.8956,44.38734],[6.89555,44.38742],[6.89556,44.38747],[6.89551,44.38754],[6.89554,44.3876],[6.89549,44.38771],[6.89547,44.38782],[6.89532,44.38792],[6.8952,44.38807],[6.89507,44.38814],[6.895,44.38821],[6.89485,44.38824],[6.89483,44.38827],[6.89482,44.38836],[6.89477,44.38842],[6.89472,44.38867],[6.89467,44.38885],[6.89491,44.38979],[6.89496,44.38989],[6.89503,44.38998],[6.89508,44.39022],[6.89518,44.39038],[6.8954,44.39056],[6.89545,44.39078],[6.89556,44.39097],[6.89558,44.39102],[6.89557,44.39133],[6.89561,44.39165],[6.89561,44.39181],[6.8956,44.39188],[6.89562,44.3923],[6.89561,44.39237],[6.89559,44.39243],[6.8956,44.39266],[6.89557,44.3927],[6.89558,44.39274],[6.89562,44.39278],[6.89562,44.39281],[6.89559,44.39289],[6.8956,44.39293],[6.89565,44.39296],[6.89597,44.39347],[6.89609,44.39362],[6.89627,44.39392],[6.8964,44.39401],[6.89654,44.39415],[6.89667,44.39438],[6.89683,44.39452],[6.89685,44.39462],[6.89686,44.39475],[6.89688,44.39487],[6.89687,44.39512],[6.89672,44.39539],[6.89665,44.39551],[6.89642,44.39582],[6.89631,44.39594],[6.89627,44.39597],[6.89595,44.39634],[6.89576,44.39666],[6.89544,44.3969],[6.8953,44.39694],[6.89519,44.39701],[6.8951,44.39715],[6.89507,44.39718],[6.89494,44.39725],[6.89478,44.3973],[6.89474,44.39736],[6.89472,44.39745],[6.89466,44.39755],[6.89449,44.39767],[6.89437,44.3978],[6.89436,44.3983],[6.89429,44.39869],[6.89433,44.39882],[6.89436,44.39921],[6.89434,44.39945],[6.89435,44.39959],[6.89428,44.39986],[6.89432,44.39994],[6.89433,44.40006],[6.89438,44.40014],[6.89438,44.40019],[6.89447,44.40025],[6.89448,44.40029],[6.89449,44.40052],[6.89453,44.40065],[6.8945,44.40084],[6.89451,44.40092],[6.89453,44.40098],[6.89463,44.40107],[6.89465,44.40111],[6.89464,44.40126],[6.89469,44.4016],[6.89467,44.40164],[6.89467,44.40167],[6.8948,44.40187],[6.8948,44.40191],[6.89479,44.40195],[6.89479,44.40206],[6.89482,44.40211],[6.89485,44.40213],[6.89485,44.40215],[6.89483,44.40219],[6.89495,44.40246],[6.89518,44.40256],[6.89533,44.40262],[6.89545,44.4027],[6.8956,44.40287],[6.89577,44.40292],[6.89589,44.40298],[6.89596,44.40307],[6.89604,44.4032],[6.8962,44.40335],[6.89624,44.40337],[6.89636,44.40339],[6.89648,44.4035],[6.89655,44.40361],[6.89666,44.40366],[6.89677,44.40378],[6.89686,44.40395],[6.89692,44.404],[6.89713,44.40417],[6.89721,44.4042],[6.89727,44.4042],[6.8973,44.40422],[6.8974,44.40439],[6.89745,44.40452],[6.8975,44.40458],[6.8975,44.4046],[6.89733,44.4048],[6.89748,44.40492],[6.8976,44.40508],[6.89763,44.40514],[6.89772,44.40548],[6.89768,44.40562],[6.89761,44.40573],[6.8974,44.40592],[6.89744,44.40603],[6.89742,44.4061],[6.89735,44.40623],[6.8973,44.40637],[6.89719,44.40653],[6.89717,44.40658],[6.89718,44.40667],[6.89721,44.4067],[6.89734,44.40677],[6.8974,44.40683],[6.89738,44.40692],[6.89736,44.40695],[6.89727,44.40705],[6.897,44.4073],[6.89675,44.40759],[6.8965,44.40781],[6.8963,44.40804],[6.89616,44.40815],[6.89611,44.40816],[6.89601,44.40821],[6.89593,44.40834],[6.89566,44.40835],[6.89557,44.40841],[6.89547,44.40854],[6.89547,44.4086],[6.89544,44.40864],[6.89534,44.40874],[6.89515,44.40901],[6.8951,44.40906],[6.89487,44.40915],[6.89483,44.40918],[6.89473,44.40933],[6.89448,44.40955],[6.89397,44.41003],[6.89393,44.4101],[6.89393,44.41013],[6.894,44.41025],[6.8942,44.41087],[6.89422,44.41089],[6.8941,44.41098],[6.89404,44.41111],[6.89399,44.41126],[6.89412,44.41159],[6.89414,44.41188],[6.89417,44.41194],[6.89424,44.412],[6.89425,44.41218],[6.89432,44.4123],[6.89432,44.41236],[6.89431,44.41246],[6.89422,44.41256],[6.89419,44.41262],[6.89418,44.41283],[6.89421,44.41307],[6.89429,44.41316],[6.8943,44.41325],[6.8942,44.41341],[6.89404,44.4136],[6.89394,44.41378],[6.89385,44.41388],[6.89383,44.41394],[6.89385,44.41399],[6.89385,44.41402],[6.89383,44.41407],[6.89377,44.41414],[6.89365,44.41425],[6.89359,44.41435],[6.89364,44.41456],[6.89375,44.41475],[6.89377,44.41483],[6.89372,44.41519],[6.89338,44.41652],[6.89331,44.41668],[6.89307,44.41708],[6.89302,44.41731],[6.89299,44.41758],[6.89294,44.41792],[6.89295,44.41802],[6.89298,44.41814],[6.89302,44.41822],[6.89249,44.41985],[6.89283,44.42088],[6.89586,44.4208],[6.89741,44.42079],[6.89761,44.42101],[6.89845,44.42188],[6.89914,44.42228],[6.90004,44.42189],[6.90283,44.4204],[6.90704,44.42296],[6.90771,44.42322],[6.91795,44.42759],[6.9181,44.42759],[6.9182,44.42755],[6.91826,44.42741],[6.91839,44.42726],[6.9187,44.42696],[6.91899,44.42679],[6.91917,44.42664],[6.9195,44.42641],[6.91964,44.42634],[6.91974,44.42631],[6.91993,44.42618],[6.92028,44.42601],[6.92041,44.42593],[6.92051,44.42584],[6.92071,44.42569],[6.92081,44.42564],[6.92084,44.42561],[6.92087,44.42553],[6.92086,44.42549],[6.92087,44.42547],[6.92101,44.42538],[6.92102,44.42527],[6.92115,44.42518],[6.92148,44.4248],[6.92172,44.42441],[6.92178,44.42423],[6.92184,44.42413],[6.92213,44.42369],[6.9223,44.4234],[6.92235,44.42335],[6.92241,44.42332],[6.92261,44.4233],[6.92289,44.42329],[6.92305,44.42327],[6.92335,44.42319],[6.9235,44.42315],[6.92418,44.42289],[6.92488,44.42254],[6.92497,44.4225],[6.92507,44.42249],[6.92522,44.42251],[6.92531,44.42254],[6.92536,44.42257],[6.92538,44.42262],[6.9254,44.42281],[6.92547,44.42292],[6.92553,44.42298],[6.92556,44.42309],[6.92561,44.42315],[6.92598,44.42334],[6.92629,44.42352],[6.92652,44.42368],[6.9267,44.42383],[6.92681,44.42392],[6.92713,44.42408],[6.92729,44.4241],[6.92753,44.4241],[6.9276,44.42411],[6.92778,44.42419],[6.92805,44.42422],[6.92815,44.42422],[6.9285,44.4242],[6.92863,44.42421],[6.92915,44.42434],[6.92971,44.42437],[6.93018,44.42427],[6.93038,44.42425],[6.93054,44.4242],[6.93079,44.42415],[6.93101,44.42409],[6.93106,44.42407],[6.93114,44.424],[6.93124,44.42411],[6.93134,44.4242],[6.93143,44.42429],[6.93158,44.42438],[6.93298,44.42507],[6.93307,44.42516],[6.9332,44.42537],[6.93347,44.42565],[6.93348,44.42573],[6.93343,44.42578],[6.9331,44.42602],[6.933,44.42611],[6.93296,44.42616],[6.93295,44.42619],[6.93245,44.42813],[6.93245,44.42816],[6.93251,44.42817],[6.93288,44.4282],[6.93293,44.42822],[6.93301,44.42831],[6.93305,44.42839],[6.93308,44.42852],[6.93307,44.42856],[6.93295,44.42871],[6.93287,44.42886],[6.93285,44.42895],[6.93288,44.42903],[6.93292,44.4291],[6.93298,44.42915],[6.93317,44.42924],[6.93329,44.42932],[6.93334,44.42937],[6.93339,44.42952],[6.93347,44.42969],[6.93356,44.42984],[6.93364,44.42991],[6.93375,44.42997],[6.9339,44.43],[6.93422,44.42996],[6.93447,44.42997],[6.93464,44.42999],[6.93483,44.43006],[6.93516,44.43007],[6.93532,44.43004],[6.93549,44.43004],[6.93561,44.43001],[6.9357,44.42997],[6.93578,44.42985],[6.93584,44.42979],[6.93595,44.42976],[6.93627,44.4297],[6.93648,44.4297],[6.9369,44.42977],[6.9375,44.4297],[6.93767,44.42965],[6.93827,44.42933],[6.93848,44.42921],[6.93876,44.42902],[6.93903,44.42886],[6.93909,44.4288],[6.93909,44.42876],[6.93911,44.42872],[6.93926,44.42857],[6.93936,44.42857],[6.93958,44.42852],[6.93977,44.4285],[6.9399,44.42846],[6.94055,44.42809],[6.94069,44.42803],[6.94079,44.42802],[6.94098,44.42806],[6.94116,44.42817],[6.94132,44.42832],[6.94145,44.42836],[6.94172,44.42839],[6.94203,44.42836],[6.94222,44.42837],[6.94239,44.42836],[6.94246,44.42834],[6.94261,44.42826],[6.9427,44.4282],[6.94285,44.42806],[6.94291,44.42805],[6.94317,44.42808],[6.94324,44.42812],[6.94333,44.42814],[6.94341,44.42815],[6.9436,44.42812],[6.94417,44.42789],[6.9443,44.42789],[6.94457,44.42795],[6.94469,44.42795],[6.94477,44.4279],[6.94489,44.42777],[6.94502,44.42766],[6.94543,44.42743],[6.9455,44.4274],[6.9457,44.42736],[6.94589,44.4273],[6.94595,44.42727],[6.94606,44.42718],[6.9462,44.4271],[6.94639,44.42706],[6.94653,44.42708],[6.94679,44.42731],[6.94695,44.42741],[6.94701,44.42749],[6.94716,44.4278],[6.94731,44.42791],[6.94733,44.42793],[6.94732,44.42796],[6.94721,44.42803],[6.94716,44.42807],[6.94714,44.42811],[6.94716,44.42816],[6.94731,44.42828],[6.94735,44.42856],[6.9473,44.42867],[6.94732,44.42871],[6.94751,44.42902],[6.94757,44.42908],[6.94778,44.42921],[6.94792,44.42949],[6.94797,44.42955],[6.94802,44.42959],[6.94812,44.42963],[6.94817,44.42966],[6.94819,44.4297],[6.94818,44.42976],[6.9481,44.42985],[6.94782,44.42995],[6.94768,44.43009],[6.94752,44.43016],[6.9474,44.43024],[6.94724,44.43035],[6.9472,44.43042],[6.94676,44.43065],[6.94656,44.43069],[6.94654,44.4307],[6.94653,44.43083],[6.94642,44.43086],[6.94642,44.43088],[6.94638,44.43088],[6.94635,44.43091],[6.94625,44.43092],[6.94623,44.43095],[6.94621,44.43103],[6.94601,44.43111],[6.94595,44.43117],[6.94567,44.43126],[6.94562,44.43129],[6.94559,44.43132],[6.94552,44.43145],[6.94522,44.43165],[6.94485,44.43197],[6.9444,44.43247],[6.94417,44.43261],[6.94404,44.43266],[6.94391,44.43268],[6.94376,44.43269],[6.94341,44.43267],[6.94329,44.43269],[6.94315,44.43274],[6.94302,44.43284],[6.94292,44.43289],[6.94273,44.43289],[6.94262,44.43286],[6.94248,44.4328],[6.94244,44.4328],[6.94239,44.43283],[6.94227,44.43287],[6.942,44.43291],[6.94172,44.43293],[6.94156,44.43295],[6.94144,44.43302],[6.94125,44.43307],[6.94103,44.43317],[6.94099,44.4332],[6.94093,44.43329],[6.94089,44.43332],[6.94073,44.4334],[6.94066,44.43345],[6.94062,44.4335],[6.94055,44.43353],[6.94038,44.43355],[6.9402,44.43354],[6.94009,44.43351],[6.94004,44.43364],[6.93992,44.43374],[6.93966,44.43375],[6.93958,44.43381],[6.93952,44.43389],[6.93951,44.434],[6.93962,44.43456],[6.93959,44.43486],[6.93955,44.43498],[6.93937,44.43532],[6.93923,44.43552],[6.93921,44.43564],[6.93915,44.43577],[6.93915,44.43585],[6.93921,44.43592],[6.93924,44.43605],[6.93919,44.43617],[6.93917,44.43626],[6.93916,44.43629],[6.93918,44.43636],[6.93917,44.43652],[6.93913,44.43663],[6.93905,44.43675],[6.93902,44.43685],[6.93899,44.43688],[6.93897,44.43696],[6.93893,44.43702],[6.9389,44.43706],[6.93872,44.43719],[6.93858,44.43742],[6.93857,44.43753],[6.93853,44.43762],[6.93846,44.43768],[6.93832,44.43769],[6.93825,44.43774],[6.9382,44.43786],[6.93814,44.43807],[6.93807,44.43816],[6.93796,44.43822],[6.93785,44.43822],[6.93767,44.43825],[6.93763,44.43828],[6.93757,44.43839],[6.93755,44.43853],[6.93752,44.43857],[6.93742,44.43864],[6.93719,44.43872],[6.93715,44.43878],[6.93702,44.43913],[6.93698,44.43917],[6.93685,44.43919],[6.93675,44.43926],[6.93667,44.43936],[6.93665,44.43947],[6.93669,44.43958],[6.93673,44.43977],[6.93677,44.4398],[6.93678,44.43985],[6.93646,44.43999],[6.9364,44.43999],[6.93637,44.44002],[6.93595,44.44021],[6.93578,44.44025],[6.93571,44.44025],[6.93557,44.44021],[6.93536,44.44011],[6.93517,44.44012],[6.93499,44.4401],[6.93437,44.44018],[6.93417,44.44019],[6.93374,44.44026],[6.93352,44.44027],[6.93349,44.4403],[6.93343,44.44043],[6.93339,44.44048],[6.93331,44.44052],[6.9332,44.44055],[6.93312,44.44061],[6.93309,44.44079],[6.93306,44.44086],[6.93302,44.441],[6.93299,44.44103],[6.93295,44.44125],[6.93293,44.44143],[6.93288,44.4415],[6.93271,44.44158],[6.93252,44.44173],[6.93229,44.44188],[6.93227,44.44199],[6.9322,44.44207],[6.93217,44.44212],[6.93213,44.44217],[6.9321,44.44218],[6.93158,44.44207],[6.93144,44.44206],[6.93129,44.44212],[6.93098,44.44228],[6.93095,44.44215],[6.93072,44.44225],[6.93085,44.44247],[6.93075,44.44248],[6.93058,44.44234],[6.93045,44.44228],[6.93039,44.44226],[6.93027,44.44226],[6.93023,44.44229],[6.93019,44.44238],[6.93009,44.44247],[6.93001,44.4425],[6.92986,44.44252],[6.92983,44.44253],[6.92976,44.44268],[6.92963,44.44273],[6.92949,44.44282],[6.92942,44.44292],[6.9294,44.44302],[6.92936,44.44306],[6.92928,44.4431],[6.92923,44.44311],[6.929,44.44308],[6.92883,44.44311],[6.92875,44.44319],[6.92872,44.4433],[6.92861,44.44338],[6.92842,44.44338],[6.92815,44.44335],[6.92806,44.44336],[6.92768,44.44344],[6.92753,44.4435],[6.92731,44.44366],[6.92707,44.44371],[6.92681,44.44384],[6.92637,44.44397],[6.92616,44.4441],[6.92603,44.44416],[6.92579,44.44416],[6.92557,44.4442],[6.92557,44.44423],[6.92558,44.44454],[6.92553,44.44464],[6.92542,44.44477],[6.92534,44.44489],[6.92516,44.44499],[6.92481,44.44507],[6.92473,44.4451],[6.92463,44.44518],[6.92393,44.44544],[6.92384,44.44546],[6.92362,44.44546],[6.92354,44.44547],[6.92343,44.44551],[6.92325,44.44551],[6.92312,44.44554],[6.92281,44.44555],[6.92254,44.44563],[6.92172,44.44563],[6.92164,44.44566],[6.92157,44.44565],[6.92148,44.44567],[6.92118,44.44564],[6.92098,44.44569],[6.92081,44.44578],[6.92071,44.44587],[6.92059,44.44587],[6.92055,44.44589],[6.92052,44.44593],[6.92048,44.44595],[6.92042,44.44595],[6.92039,44.44597],[6.92042,44.44615],[6.92024,44.44621],[6.92019,44.44619],[6.9202,44.44626],[6.92018,44.44628],[6.92013,44.44631],[6.92006,44.44627],[6.91996,44.44638],[6.91975,44.44638],[6.9196,44.44649],[6.91954,44.44657],[6.91946,44.44655],[6.91934,44.44658],[6.9193,44.44663],[6.91918,44.44666],[6.91915,44.44671],[6.91921,44.44676],[6.91922,44.44681],[6.91921,44.44683],[6.91919,44.44684],[6.91919,44.44687],[6.91911,44.44692],[6.91903,44.44694],[6.91901,44.44696],[6.91899,44.44702],[6.91901,44.44714],[6.91898,44.44714],[6.91895,44.44719],[6.91895,44.44726],[6.91892,44.4473],[6.91894,44.44733],[6.9188,44.4474],[6.91874,44.44744],[6.9187,44.44757],[6.91854,44.44759],[6.91845,44.44757],[6.91833,44.44762],[6.91823,44.44769],[6.91818,44.4478],[6.91815,44.44783],[6.91815,44.44796],[6.91811,44.44801],[6.91808,44.44815],[6.91798,44.44821],[6.91793,44.44828],[6.91792,44.44833],[6.91766,44.44826],[6.91735,44.44844],[6.91722,44.44843],[6.9172,44.44848],[6.91699,44.44859],[6.91688,44.4486],[6.91654,44.44855],[6.91645,44.44861],[6.91632,44.44867],[6.91627,44.44875],[6.91623,44.44879],[6.91597,44.44882],[6.91593,44.44884],[6.91589,44.44887],[6.91581,44.4489],[6.91567,44.44897],[6.91542,44.44898],[6.91532,44.44906],[6.91517,44.44911],[6.9151,44.44922],[6.91506,44.44925],[6.91506,44.44928],[6.91513,44.44939],[6.91509,44.44947],[6.91503,44.44952],[6.91495,44.44953],[6.91473,44.44954],[6.91448,44.44963],[6.91425,44.44981],[6.91397,44.44995],[6.91376,44.4501],[6.91349,44.45025],[6.91321,44.45037],[6.91307,44.45046],[6.9128,44.45065],[6.91272,44.45072],[6.91256,44.45082],[6.91212,44.45119],[6.91173,44.45157],[6.91161,44.45175],[6.91132,44.45213],[6.91121,44.45231],[6.9112,44.45235],[6.91121,44.45239],[6.91125,44.45242],[6.91154,44.45259],[6.91184,44.45284],[6.91203,44.45297],[6.91207,44.45301],[6.91213,44.45318],[6.91221,44.45327],[6.91222,44.45331],[6.91218,44.45341],[6.91218,44.4535],[6.91211,44.45354],[6.9121,44.45356],[6.91213,44.45368],[6.91207,44.45374],[6.91198,44.45374],[6.9119,44.45379],[6.91182,44.45387],[6.91176,44.454],[6.91176,44.45409],[6.91172,44.45415],[6.91175,44.45421],[6.91173,44.45422],[6.91173,44.45424],[6.91176,44.45427],[6.91179,44.45439],[6.91183,44.45446],[6.91183,44.45452],[6.91175,44.45457],[6.91169,44.45463],[6.91167,44.45474],[6.91164,44.45477],[6.91154,44.45504],[6.91151,44.45507],[6.91144,44.45509],[6.91137,44.45515],[6.91129,44.45517],[6.91127,44.4552],[6.91104,44.45559],[6.911,44.4558],[6.91095,44.45591],[6.91088,44.45596],[6.91085,44.456],[6.91078,44.45616],[6.91076,44.45627],[6.91073,44.45632],[6.91064,44.4564],[6.91054,44.45664],[6.9105,44.4567],[6.91034,44.45686],[6.91027,44.45705],[6.91019,44.45715],[6.91013,44.45726],[6.91017,44.45738],[6.9101,44.45756],[6.91007,44.45769],[6.91006,44.45781],[6.91004,44.45784],[6.90998,44.4579],[6.90989,44.45804],[6.90981,44.45809],[6.90973,44.45817],[6.90953,44.45832],[6.90941,44.45844],[6.90938,44.4585],[6.90916,44.45867],[6.90889,44.45891],[6.90884,44.45897],[6.90871,44.45917],[6.90861,44.45946],[6.90853,44.45962],[6.90845,44.45973],[6.90835,44.45999],[6.90828,44.46025],[6.90826,44.46029],[6.9082,44.46035],[6.90793,44.46049],[6.90785,44.46059],[6.90782,44.4607],[6.90779,44.46092],[6.90779,44.46129],[6.90771,44.46148],[6.90769,44.46175],[6.90762,44.46216],[6.90764,44.46225],[6.90781,44.46246],[6.90784,44.46252],[6.90783,44.46263],[6.90782,44.46268],[6.90764,44.46295],[6.90745,44.46338],[6.90741,44.46349],[6.90736,44.46371],[6.90724,44.46404],[6.90718,44.46425],[6.90707,44.46477],[6.90715,44.4651],[6.90715,44.46516],[6.90714,44.4652],[6.90695,44.46559],[6.90672,44.46577],[6.90648,44.46602],[6.90646,44.46607],[6.90644,44.46619],[6.90643,44.46622],[6.90639,44.46624],[6.90635,44.4663],[6.9063,44.46646],[6.90626,44.46674],[6.90627,44.4669],[6.90631,44.46709],[6.90633,44.4675],[6.90636,44.46764],[6.90549,44.46809],[6.90514,44.46835],[6.90507,44.46839],[6.90498,44.46839],[6.90486,44.46837],[6.90478,44.46838],[6.90463,44.46851],[6.90451,44.46866],[6.90443,44.4687],[6.90438,44.46876],[6.90427,44.46876],[6.90423,44.46878],[6.90407,44.46883],[6.90404,44.4689],[6.90394,44.46895],[6.90384,44.46908],[6.90377,44.46908],[6.90361,44.46912],[6.90353,44.46916],[6.90345,44.46917],[6.9034,44.46921],[6.90327,44.46928],[6.90318,44.4693],[6.90296,44.46933],[6.90289,44.46936],[6.90283,44.4694],[6.90266,44.46959],[6.90259,44.46974],[6.90253,44.4698],[6.90249,44.46993],[6.90247,44.46993],[6.90242,44.46997],[6.90238,44.47009],[6.90233,44.47009],[6.90216,44.47016],[6.90203,44.47024],[6.90163,44.47025],[6.90135,44.47021],[6.90116,44.47021],[6.90105,44.47025],[6.90095,44.47031],[6.90088,44.47041],[6.90082,44.47053],[6.90064,44.47049],[6.90043,44.47048],[6.9002,44.47055],[6.9001,44.47054],[6.90002,44.47056],[6.89996,44.47055],[6.89984,44.47058],[6.89981,44.47057],[6.89976,44.47048],[6.89973,44.47046],[6.89964,44.47048],[6.89948,44.4705],[6.89938,44.47054],[6.89929,44.4706],[6.89925,44.47067],[6.89915,44.47062],[6.89909,44.47065],[6.89904,44.47071],[6.89898,44.47072],[6.89896,44.47074],[6.89887,44.47073],[6.89872,44.4708],[6.8987,44.4708],[6.89863,44.47075],[6.89853,44.47072],[6.89827,44.47069],[6.898,44.4707],[6.89771,44.47073],[6.89744,44.47073],[6.8972,44.47076],[6.89647,44.4709],[6.89617,44.47106],[6.89575,44.47138],[6.89568,44.4714],[6.89532,44.47139],[6.89529,44.4714],[6.89511,44.47153],[6.89497,44.47154],[6.8947,44.47169],[6.89461,44.47169],[6.89448,44.47162],[6.89443,44.47161],[6.89434,44.47164],[6.89427,44.47173],[6.8942,44.47176],[6.89385,44.47168],[6.89373,44.47167],[6.89344,44.47175],[6.89313,44.47194],[6.89271,44.47197],[6.89263,44.47203],[6.89252,44.47202],[6.89249,44.47204],[6.89239,44.47206],[6.89221,44.47201],[6.89218,44.47199],[6.8922,44.47194],[6.89219,44.47192],[6.89212,44.47189],[6.89198,44.47195],[6.89194,44.47194],[6.89186,44.47189],[6.89175,44.47189],[6.89169,44.47188],[6.89166,44.47194],[6.89162,44.47197],[6.89146,44.47197],[6.89133,44.47201],[6.89123,44.47207],[6.89118,44.47213],[6.89112,44.47223],[6.89108,44.4724],[6.89104,44.47246],[6.89098,44.47246],[6.89094,44.47249],[6.89087,44.4725],[6.89083,44.47253],[6.89068,44.47245],[6.89057,44.47243],[6.89053,44.47244],[6.8905,44.47247],[6.89045,44.47257],[6.89028,44.47258],[6.89022,44.47263],[6.89012,44.47265],[6.88993,44.47295],[6.88962,44.47312],[6.8894,44.47332],[6.88921,44.47341],[6.88904,44.47347],[6.88896,44.47353],[6.88892,44.47361],[6.88883,44.47366],[6.88863,44.47372],[6.88855,44.47384],[6.88852,44.47385],[6.88835,44.47393],[6.88827,44.47393],[6.88822,44.47395],[6.88809,44.47395],[6.88774,44.47405],[6.8873,44.4744],[6.88725,44.47452],[6.88721,44.47456],[6.88617,44.47492],[6.88611,44.47499],[6.88602,44.47528],[6.88604,44.47542],[6.88604,44.47546],[6.88599,44.4755],[6.88574,44.4755],[6.88542,44.47555],[6.88512,44.47565],[6.88497,44.47574],[6.88484,44.4758],[6.88461,44.47584],[6.88436,44.47587],[6.88392,44.47595],[6.88358,44.47606],[6.88331,44.4762],[6.88315,44.47624],[6.88306,44.47628],[6.88298,44.47636],[6.88294,44.47647],[6.8829,44.4765],[6.8827,44.47659],[6.88263,44.47666],[6.88244,44.47678],[6.88236,44.47687],[6.88223,44.47691],[6.8822,44.47694],[6.88214,44.47711],[6.88208,44.4772],[6.88198,44.47726],[6.88179,44.47731],[6.88177,44.47733],[6.88172,44.47744],[6.88156,44.47752],[6.88153,44.47758],[6.88152,44.47768],[6.88148,44.47775],[6.88147,44.47785],[6.88134,44.47808],[6.88128,44.47816],[6.88123,44.47852],[6.88117,44.47878],[6.88103,44.47894],[6.8809,44.47904],[6.88084,44.47911],[6.88076,44.47915],[6.88062,44.47918],[6.88063,44.47941],[6.88062,44.47946],[6.88057,44.47951],[6.88053,44.47953],[6.88046,44.47953],[6.88042,44.47954],[6.88035,44.47961],[6.88032,44.47967],[6.88009,44.47984],[6.88007,44.47985],[6.87998,44.47981],[6.87988,44.4798],[6.87985,44.4798],[6.87983,44.47986],[6.87978,44.47988],[6.87971,44.47988],[6.87954,44.47985],[6.87943,44.47986],[6.87936,44.4799],[6.87929,44.47999],[6.87914,44.48008],[6.87901,44.48013],[6.87894,44.48014],[6.87887,44.48012],[6.87875,44.48002],[6.8787,44.48001],[6.87861,44.48001],[6.87844,44.48006],[6.87828,44.48006],[6.87826,44.48014],[6.87824,44.48041],[6.87821,44.48049],[6.87815,44.48054],[6.8781,44.48055],[6.87801,44.48054],[6.87795,44.48052],[6.87793,44.48053],[6.87785,44.48064],[6.87766,44.48066],[6.87747,44.4808],[6.87734,44.48088],[6.87707,44.48096],[6.87691,44.48104],[6.87682,44.48112],[6.87672,44.48125],[6.87662,44.4813],[6.87658,44.48136],[6.87654,44.48144],[6.87647,44.48152],[6.87643,44.48162],[6.87625,44.48183],[6.87624,44.48191],[6.87615,44.482],[6.87612,44.48202],[6.87603,44.48202],[6.87599,44.48207],[6.87588,44.4822],[6.87583,44.48231],[6.87583,44.48234],[6.87594,44.48252],[6.87594,44.48258],[6.87593,44.4827],[6.87597,44.48281],[6.87603,44.48285],[6.87613,44.48289],[6.87615,44.48293],[6.87621,44.48298],[6.87625,44.48304],[6.87628,44.48315],[6.87626,44.48317],[6.87627,44.48322],[6.87641,44.48335],[6.87654,44.48345],[6.87663,44.4836],[6.87677,44.48368],[6.8768,44.48375],[6.8768,44.48385],[6.87682,44.48389],[6.87694,44.48407],[6.87702,44.48412],[6.87711,44.48413],[6.87715,44.48418],[6.87715,44.48439],[6.87718,44.48442],[6.87725,44.48447],[6.87728,44.48455],[6.87729,44.4846],[6.87724,44.48461],[6.87722,44.48465],[6.8772,44.48475],[6.87721,44.48479],[6.87723,44.48481],[6.87721,44.48483],[6.87724,44.48492],[6.87722,44.48497],[6.87725,44.485],[6.87726,44.48508],[6.87725,44.48511],[6.8772,44.48517],[6.87723,44.4852],[6.87719,44.48531],[6.87719,44.48539],[6.87721,44.48542],[6.87726,44.48545],[6.87727,44.4855],[6.87725,44.48555],[6.8772,44.48558],[6.87722,44.48562],[6.87726,44.48579],[6.87728,44.48582],[6.87728,44.48586],[6.87733,44.48594],[6.87734,44.48608],[6.87732,44.48613],[6.87734,44.48616],[6.87739,44.4862],[6.87741,44.48627],[6.8775,44.4864],[6.8775,44.48651],[6.87753,44.48659],[6.87749,44.48666],[6.87733,44.48678],[6.87732,44.48683],[6.87723,44.48688],[6.87719,44.48695],[6.8772,44.48699],[6.87717,44.48703],[6.87718,44.48706],[6.87725,44.48724],[6.87721,44.48736],[6.87714,44.48739],[6.87707,44.48748],[6.87704,44.48757],[6.87699,44.48765],[6.87701,44.4877],[6.87711,44.48778],[6.87718,44.4878],[6.87729,44.48786],[6.87724,44.48796],[6.87719,44.48799],[6.87713,44.48807],[6.87707,44.48812],[6.87707,44.4882],[6.87704,44.48832],[6.87693,44.48854],[6.87689,44.48867],[6.87685,44.48875],[6.87682,44.48878],[6.87665,44.48885],[6.87583,44.48929],[6.87539,44.48945],[6.87519,44.48948],[6.87496,44.4896],[6.87454,44.4897],[6.87447,44.48973],[6.87422,44.48989],[6.87399,44.48993],[6.87364,44.49008],[6.87339,44.49009],[6.87328,44.49013],[6.87319,44.49018],[6.87304,44.4902],[6.87291,44.49019],[6.87265,44.49036],[6.8726,44.49042],[6.87251,44.49049],[6.87245,44.49049],[6.87225,44.49055],[6.87209,44.49063],[6.87175,44.49073],[6.87167,44.49078],[6.87155,44.49077],[6.87134,44.49079],[6.87112,44.49084],[6.87107,44.49084],[6.8709,44.49077],[6.87089,44.49091],[6.87087,44.49095],[6.87081,44.49099],[6.8708,44.49102],[6.87081,44.49122],[6.87075,44.49133],[6.8708,44.49141],[6.87079,44.49143],[6.87071,44.49153],[6.87065,44.49154],[6.8706,44.49164],[6.87056,44.49169],[6.87054,44.49175],[6.87034,44.49181],[6.87025,44.49186],[6.87019,44.49187],[6.86991,44.49207],[6.86982,44.49208],[6.86971,44.49212],[6.86962,44.49213],[6.8696,44.49214],[6.8696,44.49218],[6.86956,44.49223],[6.86948,44.49229],[6.86936,44.49236],[6.86921,44.4924],[6.8691,44.4924],[6.86905,44.49246],[6.86893,44.49253],[6.86881,44.49252],[6.86875,44.49253],[6.86872,44.49261],[6.86865,44.49265],[6.86856,44.49273],[6.8685,44.49276],[6.86847,44.49281],[6.86843,44.49283],[6.86843,44.4929],[6.86836,44.49302],[6.86824,44.493],[6.86821,44.49313],[6.86818,44.49314],[6.86816,44.49318],[6.86812,44.49321],[6.86801,44.49333],[6.86797,44.49343],[6.86792,44.49345],[6.86781,44.49342],[6.86774,44.49343],[6.86773,44.49344],[6.86773,44.4935],[6.86765,44.4935],[6.86753,44.49365],[6.8674,44.49376],[6.86725,44.49402],[6.86722,44.49403],[6.8672,44.49406],[6.86714,44.49409],[6.86714,44.49415],[6.86713,44.49417],[6.86702,44.49417],[6.86694,44.49416],[6.86682,44.4942],[6.86665,44.49421],[6.8664,44.49429],[6.86637,44.49431],[6.86629,44.49447],[6.86614,44.49467],[6.866,44.49493],[6.86593,44.49495],[6.86585,44.49502],[6.86578,44.49504],[6.86573,44.49507],[6.86567,44.49513],[6.86565,44.49517],[6.86553,44.49517],[6.86542,44.49521],[6.86541,44.49523],[6.86541,44.4953],[6.86535,44.49538],[6.86535,44.49541],[6.86536,44.49547],[6.86539,44.49552],[6.86539,44.4956],[6.86534,44.49563],[6.86532,44.49567],[6.86522,44.49599],[6.86517,44.49605],[6.86512,44.49607],[6.86506,44.49615],[6.86502,44.49623],[6.86498,44.49638],[6.86496,44.49642],[6.86498,44.49649],[6.86493,44.49656],[6.86494,44.49658],[6.86497,44.49658],[6.86497,44.49662],[6.86495,44.49671],[6.86491,44.49679],[6.8649,44.49687],[6.86495,44.49697],[6.86504,44.49708],[6.86505,44.49717],[6.865,44.4972],[6.86497,44.49726],[6.8649,44.49734],[6.8649,44.49737],[6.86491,44.49745],[6.8649,44.49752],[6.8648,44.49762],[6.8648,44.49771],[6.86484,44.49778],[6.86481,44.49786],[6.86484,44.49789],[6.86471,44.49794],[6.86457,44.49782],[6.86452,44.4978],[6.8645,44.49781],[6.86439,44.49794],[6.86436,44.498],[6.86435,44.4981],[6.8644,44.49828],[6.86441,44.4986],[6.86439,44.49864],[6.86437,44.49875],[6.86435,44.49879],[6.86424,44.49889],[6.864,44.49891],[6.86394,44.49895],[6.86375,44.49915],[6.86365,44.49921],[6.86348,44.49935],[6.86345,44.4994],[6.86345,44.49951],[6.86329,44.49959],[6.86313,44.49961],[6.86305,44.4996],[6.86283,44.49965],[6.86274,44.49972],[6.86259,44.49979],[6.86248,44.49985],[6.86225,44.49993],[6.86205,44.49998],[6.86188,44.50006],[6.86172,44.50022],[6.86164,44.50025],[6.86158,44.50032],[6.86156,44.50047],[6.86145,44.50064],[6.86142,44.50077],[6.86145,44.50093],[6.86149,44.50109],[6.86147,44.50131],[6.86147,44.50152],[6.86148,44.50157],[6.86141,44.50173],[6.86137,44.5019],[6.86139,44.50198],[6.86138,44.5021],[6.86143,44.50226],[6.86139,44.50238],[6.86142,44.50255],[6.86139,44.50261],[6.86134,44.50264],[6.86135,44.50283],[6.86129,44.50289],[6.86127,44.50296],[6.86123,44.50324],[6.86116,44.50349],[6.86104,44.50377],[6.8609,44.50399],[6.86083,44.50415],[6.86079,44.50428],[6.86077,44.50454],[6.86078,44.5046],[6.86077,44.50462],[6.86066,44.50477],[6.86058,44.50485],[6.86049,44.50501],[6.86047,44.50508],[6.86037,44.5051],[6.8603,44.50519],[6.86023,44.50535],[6.86019,44.50538],[6.8601,44.50542],[6.86002,44.50549],[6.85993,44.50566],[6.85989,44.5057],[6.85974,44.50578],[6.85917,44.50618],[6.859,44.50624],[6.85895,44.5063],[6.8589,44.50631],[6.85887,44.50638],[6.85883,44.50643],[6.85874,44.50647],[6.8587,44.50656],[6.85865,44.50659],[6.85863,44.50662],[6.85851,44.50663],[6.85849,44.50664],[6.85848,44.50668],[6.85839,44.50665],[6.85837,44.50666],[6.85833,44.50669],[6.85831,44.50675],[6.85824,44.50677],[6.85821,44.50682],[6.85811,44.5069],[6.85812,44.50696],[6.85808,44.50703],[6.85809,44.50708],[6.85806,44.5071],[6.85806,44.50714],[6.85808,44.50719],[6.85816,44.50725],[6.85812,44.50729],[6.85811,44.50734],[6.85808,44.50739],[6.85804,44.50748],[6.85822,44.5075],[6.85825,44.50748],[6.85829,44.50749],[6.85837,44.50757],[6.85837,44.50767],[6.85845,44.5078],[6.85849,44.50782],[6.85856,44.50787],[6.85861,44.50787],[6.85866,44.50795],[6.8587,44.50797],[6.85872,44.50799],[6.8587,44.50817],[6.85882,44.5083],[6.85883,44.50841],[6.85888,44.50857],[6.85887,44.50862],[6.85889,44.5087],[6.85893,44.50872],[6.85895,44.50876],[6.85889,44.50881],[6.85888,44.50883],[6.8589,44.50891],[6.85894,44.50901],[6.85894,44.50907],[6.859,44.50912],[6.85901,44.50915],[6.85911,44.50921],[6.85915,44.50928],[6.85919,44.50939],[6.85917,44.50944],[6.85914,44.50947],[6.85915,44.50951],[6.85921,44.50956],[6.85931,44.50957],[6.85933,44.50961],[6.85937,44.50963],[6.85936,44.50969],[6.8594,44.50975],[6.85946,44.50981],[6.85945,44.50983],[6.85938,44.50984],[6.85934,44.50987],[6.85932,44.50989],[6.85933,44.50996],[6.8594,44.51001],[6.8594,44.51003],[6.85931,44.51014],[6.85919,44.5102],[6.85918,44.51024],[6.85915,44.51027],[6.85915,44.5103],[6.85916,44.51033],[6.85915,44.51035],[6.85907,44.51042],[6.85901,44.51045],[6.85898,44.51044],[6.85901,44.51055],[6.85908,44.51064],[6.85902,44.51074],[6.85898,44.51075],[6.85896,44.5108],[6.859,44.51085],[6.85898,44.51087],[6.85895,44.51086],[6.85891,44.51088],[6.85886,44.51088],[6.85884,44.51092],[6.85878,44.51091],[6.85874,44.51093],[6.8588,44.51103],[6.85875,44.51104],[6.85877,44.51108],[6.85875,44.51129],[6.85877,44.51132],[6.85872,44.51135],[6.85872,44.51145],[6.85867,44.51149],[6.85866,44.51152],[6.85865,44.5117],[6.85869,44.51177],[6.85864,44.51185],[6.85865,44.51189],[6.8586,44.51191],[6.85854,44.512],[6.85833,44.51205],[6.85831,44.51208],[6.8583,44.51212],[6.85833,44.51216],[6.8583,44.51219],[6.85835,44.51223],[6.85833,44.51229],[6.85843,44.51231],[6.85846,44.51237],[6.85853,44.51241],[6.85854,44.51254],[6.85857,44.51259],[6.85855,44.51262],[6.85849,44.51261],[6.85847,44.51264],[6.85853,44.51267],[6.85854,44.51269],[6.85855,44.51275],[6.85853,44.5128],[6.85828,44.51283],[6.85812,44.51293],[6.85808,44.51292],[6.85798,44.51294],[6.85785,44.51303],[6.85774,44.51308],[6.85755,44.51325],[6.85741,44.5133],[6.85734,44.51335],[6.85723,44.51339],[6.85716,44.51343],[6.85707,44.51343],[6.85703,44.51346],[6.85701,44.51353],[6.85696,44.51355],[6.85688,44.51355],[6.85679,44.51362],[6.85677,44.51364],[6.85681,44.51368],[6.85673,44.51384],[6.85675,44.51387],[6.85679,44.51386],[6.85682,44.5139],[6.85688,44.51393],[6.85687,44.51401],[6.85682,44.51405],[6.85685,44.51409],[6.85683,44.51412],[6.85688,44.51417],[6.85687,44.51423],[6.8568,44.51437],[6.85681,44.51442],[6.85678,44.51444],[6.8567,44.51457],[6.85672,44.51461],[6.85667,44.51469],[6.8567,44.51472],[6.8567,44.51473],[6.85655,44.51489],[6.85657,44.51503],[6.85654,44.51506],[6.85655,44.51508],[6.85653,44.51511],[6.85654,44.51516],[6.85657,44.51521],[6.85662,44.51524],[6.85672,44.51534],[6.85671,44.51535],[6.85673,44.51543],[6.8567,44.51549],[6.85673,44.51559],[6.85669,44.51573],[6.85661,44.51578],[6.85658,44.51593],[6.85646,44.51613],[6.85642,44.51636],[6.85638,44.51642],[6.85635,44.51653],[6.85622,44.51667],[6.85627,44.51682],[6.85624,44.51689],[6.85626,44.51694],[6.85625,44.51698],[6.85626,44.51702],[6.85625,44.51704],[6.85628,44.5171],[6.85626,44.51717],[6.85625,44.51724],[6.85628,44.5173],[6.85637,44.5174],[6.85638,44.51747],[6.85644,44.51766],[6.8564,44.5177],[6.85639,44.51774],[6.85652,44.51782],[6.85654,44.51792],[6.85652,44.51797],[6.85654,44.518],[6.85662,44.51803],[6.85664,44.51806],[6.85672,44.51808],[6.85674,44.51811],[6.85675,44.51819],[6.85694,44.51828],[6.85698,44.51832],[6.85699,44.51839],[6.85699,44.51842],[6.85703,44.51842],[6.85707,44.51847],[6.85704,44.51854],[6.85706,44.51858],[6.8571,44.5186],[6.85708,44.51868],[6.85709,44.51874],[6.85696,44.51879],[6.85705,44.51888],[6.85705,44.51891],[6.85706,44.51894],[6.85711,44.51897],[6.85716,44.51906],[6.85721,44.51911],[6.85719,44.51918],[6.85714,44.51919],[6.85709,44.51924],[6.85707,44.51934],[6.85703,44.51937],[6.85701,44.5194],[6.85703,44.51945],[6.85704,44.51953],[6.85702,44.51955],[6.85702,44.51958],[6.85692,44.51974],[6.85692,44.51976],[6.85698,44.51984],[6.85705,44.51987],[6.85703,44.51991],[6.85701,44.51997],[6.85702,44.51999],[6.85708,44.51998],[6.85713,44.52001],[6.85713,44.52005],[6.85719,44.52008],[6.85723,44.52015],[6.85721,44.52028],[6.85718,44.52031],[6.85719,44.52037],[6.85716,44.52043],[6.85711,44.52049],[6.85711,44.52052],[6.85716,44.52057],[6.85718,44.52064],[6.85718,44.5207],[6.85732,44.52082],[6.85765,44.52092],[6.85783,44.52095],[6.85783,44.52096],[6.85776,44.52107],[6.85773,44.52119],[6.85773,44.52133],[6.85776,44.52137],[6.85774,44.52155],[6.85771,44.52163],[6.85767,44.52165],[6.85754,44.52183],[6.8575,44.52186],[6.85744,44.52198],[6.85729,44.52218],[6.85726,44.52225],[6.85725,44.5223],[6.85731,44.5224],[6.85732,44.52253],[6.85727,44.52253],[6.85716,44.52259],[6.85707,44.52273],[6.85704,44.52289],[6.85692,44.52308],[6.85685,44.52308],[6.85683,44.52309],[6.85679,44.5232],[6.8567,44.52328],[6.85672,44.52331],[6.8567,44.52335],[6.8567,44.5234],[6.85672,44.52343],[6.85672,44.5235],[6.85674,44.52352],[6.8567,44.52361],[6.85671,44.52364],[6.85675,44.52367],[6.85678,44.52373],[6.85683,44.52375],[6.85684,44.52376],[6.85678,44.52383],[6.85676,44.52387],[6.85675,44.52395],[6.85666,44.52402],[6.85658,44.52403],[6.85654,44.52401],[6.85652,44.52403],[6.85652,44.52407],[6.85651,44.52411],[6.85646,44.52417],[6.85645,44.52423],[6.85646,44.52425],[6.85632,44.5244],[6.85632,44.52448],[6.85628,44.52451],[6.85625,44.52466],[6.85626,44.52469],[6.8561,44.5249],[6.85595,44.525],[6.85592,44.52508],[6.85588,44.52509],[6.85577,44.52522],[6.85577,44.52532],[6.85574,44.52539],[6.85571,44.52546],[6.85564,44.52553],[6.85563,44.52563],[6.85572,44.52569],[6.85563,44.52574],[6.85559,44.52583],[6.85548,44.52594],[6.8554,44.52613],[6.85526,44.52636],[6.85518,44.52655],[6.85499,44.52658],[6.85489,44.52662],[6.85469,44.52673],[6.85466,44.52676],[6.85465,44.52685],[6.85458,44.52688],[6.85454,44.52695],[6.85438,44.52706],[6.85431,44.52717],[6.85426,44.52719],[6.85424,44.52736],[6.85419,44.52741],[6.85418,44.52748],[6.85414,44.52754],[6.85395,44.52766],[6.85383,44.52776],[6.85351,44.52787],[6.8536,44.52797],[6.85359,44.52799],[6.85365,44.52807],[6.85376,44.52814],[6.85381,44.52824],[6.85383,44.52826],[6.854,44.52832],[6.8543,44.52849],[6.85454,44.52876],[6.85458,44.52883],[6.85458,44.52887],[6.85461,44.52888],[6.8547,44.529],[6.85477,44.52899],[6.8548,44.52903],[6.85484,44.52906],[6.85494,44.52904],[6.85501,44.52906],[6.85515,44.52914],[6.8552,44.52924],[6.85523,44.52926],[6.85523,44.52935],[6.8553,44.52946],[6.8553,44.52952],[6.85524,44.52975],[6.85522,44.52979],[6.85513,44.52987],[6.8551,44.52992],[6.85509,44.52998],[6.85515,44.53007],[6.8551,44.53011],[6.85509,44.53014],[6.85518,44.53024],[6.85517,44.53026],[6.85513,44.53028],[6.85512,44.53037],[6.85514,44.53041],[6.85519,44.53044],[6.85528,44.53046],[6.85533,44.53055],[6.85538,44.53058],[6.85542,44.53072],[6.85534,44.53077],[6.85534,44.53079],[6.85543,44.53086],[6.85544,44.53089],[6.85548,44.53093],[6.85546,44.53096],[6.85546,44.53103],[6.85552,44.53117],[6.85553,44.53124],[6.85537,44.53141],[6.8553,44.53157],[6.8553,44.5316],[6.85535,44.53167],[6.85548,44.53178],[6.85541,44.53184],[6.85543,44.5319],[6.85549,44.53193],[6.85547,44.53199],[6.85552,44.53199],[6.85559,44.53203],[6.85569,44.53202],[6.85576,44.53207],[6.85576,44.53215],[6.85582,44.53219],[6.85584,44.53222],[6.85581,44.53227],[6.85583,44.53238],[6.85585,44.5324],[6.85591,44.53237],[6.856,44.53239],[6.85599,44.53245],[6.85602,44.53255],[6.85605,44.53258],[6.85617,44.53262],[6.85616,44.53267],[6.85627,44.53272],[6.8564,44.53282],[6.85647,44.5329],[6.85647,44.53298],[6.85654,44.53313],[6.85666,44.53328],[6.85683,44.53332],[6.85684,44.53334],[6.85683,44.53339],[6.85687,44.5334],[6.85692,44.53336],[6.85703,44.53332],[6.85715,44.53334],[6.8572,44.53345],[6.85726,44.53347],[6.85732,44.53352],[6.85772,44.53389],[6.85805,44.53413],[6.85827,44.53427],[6.85859,44.53452],[6.85874,44.53467],[6.85886,44.53466],[6.85895,44.53469],[6.85899,44.53475],[6.85913,44.53475],[6.8592,44.53477],[6.85932,44.53478],[6.8594,44.53482],[6.85943,44.53482],[6.85965,44.53472],[6.85984,44.53472],[6.86005,44.53469],[6.86059,44.53455],[6.86064,44.53456],[6.86079,44.53462],[6.86096,44.53466],[6.86127,44.53469],[6.86175,44.53471],[6.86201,44.53476],[6.86219,44.5348],[6.86255,44.53493],[6.86285,44.53512],[6.86323,44.53546],[6.86324,44.5355],[6.86322,44.53559],[6.86325,44.53562],[6.86356,44.53581],[6.86365,44.53593],[6.86393,44.53596],[6.8641,44.536],[6.86426,44.53606],[6.8645,44.5361],[6.86469,44.53609],[6.86487,44.53603],[6.86505,44.536],[6.86514,44.536],[6.86564,44.53607],[6.86602,44.536],[6.8664,44.53596],[6.86647,44.53597],[6.86688,44.53606],[6.86719,44.53616],[6.86743,44.53622],[6.86763,44.53625],[6.86802,44.53626],[6.86845,44.53631],[6.86866,44.53639],[6.86889,44.53654],[6.86909,44.53665],[6.86937,44.53677],[6.86972,44.53694],[6.86988,44.53705],[6.86992,44.53712],[6.86994,44.53719],[6.86995,44.53734],[6.86993,44.53749],[6.86997,44.53756],[6.86994,44.53766],[6.86998,44.53784],[6.86997,44.53787],[6.87001,44.53793],[6.86996,44.53798],[6.86996,44.53808],[6.86999,44.53828],[6.87,44.53839],[6.86998,44.53843],[6.87,44.53848],[6.8699,44.5386],[6.86989,44.53862],[6.86991,44.53866],[6.86981,44.5388],[6.86981,44.53882],[6.86981,44.5389],[6.86983,44.53894],[6.86982,44.539],[6.86997,44.53909],[6.86996,44.53912],[6.86989,44.53919],[6.86986,44.53925],[6.86986,44.53929],[6.86988,44.53935],[6.86996,44.53942],[6.86998,44.53952],[6.87006,44.53961],[6.87009,44.53968],[6.87027,44.53985],[6.87027,44.54001],[6.87032,44.54017],[6.87042,44.54021],[6.87044,44.54023],[6.87044,44.54027],[6.87049,44.54031],[6.87049,44.54034],[6.87039,44.54042],[6.87039,44.54049],[6.8704,44.54052],[6.87063,44.54058],[6.87066,44.54061],[6.87067,44.54071],[6.87063,44.54075],[6.87063,44.54081],[6.87066,44.54092],[6.87066,44.54102],[6.87068,44.54109],[6.87072,44.54113],[6.87084,44.54116],[6.87088,44.54119],[6.87092,44.54123],[6.8709,44.54129],[6.87091,44.54138],[6.87104,44.54162],[6.871,44.54167],[6.871,44.54173],[6.87108,44.54183],[6.8712,44.54209],[6.87113,44.54216],[6.87114,44.54224],[6.8712,44.54241],[6.87127,44.54254],[6.87124,44.54258],[6.87125,44.54263],[6.87129,44.54265],[6.87135,44.54275],[6.87141,44.54278],[6.87144,44.54281],[6.87152,44.54294],[6.87161,44.54303],[6.8716,44.54305],[6.87163,44.5431],[6.87164,44.54314],[6.87172,44.5432],[6.87177,44.54322],[6.87183,44.54343],[6.87199,44.54356],[6.87206,44.54365],[6.87201,44.54376],[6.87202,44.5438],[6.87214,44.54407],[6.87213,44.54411],[6.8721,44.54417],[6.87207,44.54426],[6.87209,44.54448],[6.87212,44.54455],[6.87224,44.54459],[6.87224,44.54461],[6.87222,44.54469],[6.87219,44.54505],[6.87211,44.54521],[6.87209,44.54528],[6.87218,44.54545],[6.87221,44.54556],[6.87222,44.54564],[6.87218,44.54572],[6.8722,44.54575],[6.87229,44.54578],[6.87249,44.54592],[6.87274,44.546],[6.87279,44.546],[6.87293,44.54596],[6.87303,44.54597],[6.87313,44.54593],[6.87319,44.54599],[6.87323,44.54609],[6.8733,44.54615],[6.8733,44.5462],[6.87332,44.54622],[6.87341,44.54625],[6.87344,44.54629],[6.8735,44.54632],[6.87352,44.54635],[6.87359,44.54637],[6.87362,44.54641],[6.87377,44.54648],[6.87392,44.54657],[6.87401,44.54657],[6.87405,44.54654],[6.87425,44.54656],[6.87442,44.54649],[6.87449,44.54644],[6.87465,44.54642],[6.8747,44.54648],[6.87487,44.54651],[6.87502,44.54659],[6.8752,44.5466],[6.87531,44.54657],[6.87553,44.54641],[6.87576,44.54628],[6.87584,44.54626],[6.87606,44.54625],[6.87623,44.54629],[6.87629,44.54634],[6.87632,44.54634],[6.87648,44.54633],[6.87666,44.54635],[6.87668,44.54637],[6.87667,44.54645],[6.87676,44.54655],[6.87695,44.54662],[6.87696,44.54666],[6.87701,44.54668],[6.87703,44.5467],[6.87706,44.5468],[6.87703,44.54686],[6.87701,44.54696],[6.87704,44.54712],[6.87694,44.54721],[6.87693,44.54725],[6.87693,44.54728],[6.877,44.54738],[6.87704,44.54762],[6.87702,44.54772],[6.87697,44.54783],[6.87694,44.54794],[6.87698,44.54822],[6.87697,44.54833],[6.87701,44.54845],[6.87704,44.54859],[6.87702,44.54872],[6.87696,44.549],[6.87689,44.54913],[6.87683,44.5492],[6.87661,44.54934],[6.87638,44.54955],[6.87631,44.54959],[6.87621,44.54963],[6.87618,44.54966],[6.87609,44.54988],[6.87597,44.55007],[6.87597,44.5501],[6.87599,44.55014],[6.87608,44.55022],[6.87609,44.55031],[6.87603,44.55041],[6.87602,44.55047],[6.87597,44.5505],[6.87596,44.55066],[6.8759,44.55077],[6.87592,44.5508],[6.87615,44.55103],[6.87623,44.55113],[6.87638,44.55143],[6.87645,44.55166],[6.87645,44.55174],[6.87655,44.55223],[6.8766,44.5524],[6.87662,44.55253],[6.8766,44.55265],[6.87664,44.55271],[6.8768,44.55286],[6.87697,44.55294],[6.8771,44.55303],[6.87717,44.55306],[6.87731,44.55316],[6.87765,44.55329],[6.87804,44.55351],[6.87812,44.55364],[6.87813,44.55375],[6.8781,44.55392],[6.8781,44.55396],[6.87814,44.55399],[6.87841,44.55417],[6.87866,44.55439],[6.87869,44.5544],[6.87903,44.55427],[6.87924,44.55426],[6.8794,44.5543],[6.87957,44.55431],[6.87971,44.55429],[6.87977,44.55427],[6.87987,44.5542],[6.87994,44.55411],[6.88002,44.55404],[6.88047,44.55386],[6.88061,44.55379],[6.8808,44.55351],[6.88091,44.55338],[6.88139,44.55304],[6.88156,44.55292],[6.882,44.55272],[6.88221,44.5526],[6.88239,44.55246],[6.88249,44.5524],[6.88263,44.55235],[6.88291,44.55237],[6.88314,44.55235],[6.88322,44.55233],[6.88334,44.55228],[6.88366,44.55208],[6.88386,44.55199],[6.88398,44.55196],[6.88431,44.55192],[6.88472,44.55191],[6.8852,44.55196],[6.88655,44.55227],[6.88661,44.55228],[6.88731,44.55228],[6.8875,44.55231],[6.88786,44.55242],[6.8879,44.55242],[6.88799,44.55239],[6.88844,44.55208],[6.88859,44.55199],[6.88873,44.55202],[6.88887,44.55209],[6.88924,44.5522],[6.8894,44.55223],[6.88978,44.55228],[6.89037,44.5523],[6.89046,44.55248],[6.89047,44.55255],[6.89045,44.55265],[6.8904,44.55273],[6.89037,44.55285],[6.89037,44.5529],[6.8904,44.55295],[6.89061,44.55318],[6.89079,44.55343],[6.89095,44.55377],[6.8914,44.55419],[6.89148,44.55424],[6.89182,44.55437],[6.89188,44.55441],[6.89205,44.55457],[6.89214,44.55468],[6.89224,44.55484],[6.89228,44.55486],[6.89269,44.55493],[6.89281,44.55496],[6.89284,44.55501],[6.89288,44.55502],[6.89331,44.55509],[6.89342,44.55515],[6.89401,44.55522],[6.89413,44.55529],[6.89419,44.55537],[6.89427,44.55542],[6.89456,44.55545],[6.89469,44.55548],[6.8948,44.55544],[6.89498,44.55551],[6.89546,44.55552],[6.89585,44.55556],[6.89588,44.55555],[6.8959,44.55552],[6.89605,44.55547],[6.89612,44.55547],[6.89649,44.55553],[6.89653,44.55552],[6.8967,44.55554],[6.89701,44.55554],[6.89759,44.55557],[6.89794,44.55546],[6.89805,44.55545],[6.8985,44.55547],[6.89866,44.5555],[6.89878,44.5555],[6.89881,44.55553],[6.89894,44.55554],[6.89919,44.55537],[6.89921,44.55534],[6.89925,44.5553],[6.89927,44.55525],[6.89933,44.55523],[6.89939,44.55517],[6.89941,44.55512],[6.89946,44.5551],[6.8995,44.55502],[6.89952,44.555],[6.89977,44.55492],[6.89979,44.5549],[6.89979,44.55486],[6.89991,44.55473],[6.89994,44.55466],[6.90014,44.5545],[6.90034,44.55426],[6.90047,44.55417],[6.9005,44.55411],[6.90058,44.55405],[6.90063,44.55405],[6.9007,44.55407],[6.90084,44.55406],[6.9009,44.55402],[6.90107,44.55395],[6.90134,44.5539],[6.90148,44.5539],[6.90162,44.55385],[6.90196,44.55378],[6.90204,44.55389],[6.90216,44.55395],[6.90223,44.55395],[6.90224,44.55397],[6.90222,44.554],[6.90223,44.55403],[6.90231,44.55415],[6.90239,44.55417],[6.90247,44.55424],[6.90258,44.55428],[6.90266,44.55439],[6.90274,44.55445],[6.90279,44.55454],[6.90282,44.55464],[6.90293,44.55472],[6.903,44.55487],[6.90316,44.55508],[6.9032,44.55511],[6.90345,44.55521],[6.90359,44.55524],[6.90376,44.55531],[6.90385,44.55537],[6.90389,44.55543],[6.90394,44.55546],[6.90397,44.55551],[6.90411,44.55557],[6.90414,44.55562],[6.90422,44.55569],[6.90438,44.55577],[6.90446,44.55582],[6.90449,44.5559],[6.90452,44.55605],[6.90453,44.55609],[6.90461,44.55617],[6.90462,44.55628],[6.90469,44.55639],[6.90496,44.5565],[6.90502,44.55656],[6.90523,44.55667],[6.90548,44.55685],[6.90559,44.55687],[6.90568,44.55683],[6.9057,44.55684],[6.90571,44.55686],[6.90574,44.55689],[6.90587,44.55694],[6.90596,44.557],[6.90617,44.5571],[6.90634,44.55722],[6.9065,44.55738],[6.90661,44.55741],[6.90678,44.5574],[6.90687,44.55745],[6.90717,44.55753],[6.90754,44.5575],[6.90766,44.55757],[6.90781,44.55759],[6.90797,44.55765],[6.90807,44.55765],[6.90819,44.5577],[6.90831,44.55772],[6.90906,44.55773],[6.90938,44.55779],[6.9096,44.55787],[6.90979,44.55799],[6.90989,44.55805],[6.91015,44.5581],[6.91059,44.55822],[6.91153,44.55856],[6.91197,44.55868],[6.91217,44.55877],[6.91237,44.55888],[6.91256,44.55893],[6.91265,44.55894],[6.9132,44.55893],[6.91385,44.55891],[6.91462,44.55886],[6.91503,44.55886],[6.91537,44.55891],[6.91561,44.55899],[6.91579,44.55909],[6.91585,44.55918],[6.91591,44.55958],[6.91619,44.56013],[6.91641,44.56073],[6.91647,44.56112],[6.91649,44.56129],[6.91656,44.56158],[6.91652,44.56158],[6.9164,44.56167],[6.9163,44.5617],[6.91626,44.56173],[6.91619,44.56175],[6.91608,44.56183],[6.91599,44.56184],[6.91596,44.56188],[6.9159,44.56201],[6.91578,44.56212],[6.91575,44.5622],[6.91569,44.56224],[6.91565,44.5623],[6.91551,44.56236],[6.9154,44.56243],[6.9152,44.56248],[6.91515,44.56252],[6.91512,44.56257],[6.91499,44.56265],[6.91469,44.56289],[6.91469,44.56295],[6.91473,44.56301],[6.91471,44.56306],[6.91472,44.56317],[6.91468,44.5632],[6.91459,44.56321],[6.91451,44.56326],[6.91439,44.56328],[6.91436,44.56337],[6.91425,44.5635],[6.91419,44.56354],[6.91419,44.56357],[6.91423,44.56362],[6.91423,44.56364],[6.91418,44.56371],[6.91411,44.56386],[6.91413,44.56389],[6.91418,44.5639],[6.91426,44.56401],[6.91425,44.56404],[6.9142,44.56408],[6.9142,44.56414],[6.91423,44.56423],[6.91428,44.56429],[6.91429,44.56433],[6.91427,44.56435],[6.9141,44.56443],[6.91403,44.56451],[6.91399,44.56461],[6.91389,44.56467],[6.91368,44.56473],[6.91364,44.56476],[6.91363,44.5648],[6.91365,44.56484],[6.91367,44.56486],[6.91368,44.56491],[6.91367,44.56508],[6.91365,44.5651],[6.91359,44.56512],[6.9135,44.56512],[6.91346,44.56515],[6.91342,44.56521],[6.91342,44.56533],[6.9134,44.56537],[6.91321,44.56547],[6.9132,44.56556],[6.91323,44.56562],[6.91317,44.56569],[6.9131,44.56588],[6.91311,44.56596],[6.91314,44.56603],[6.91314,44.56608],[6.91306,44.56616],[6.91292,44.56633],[6.91302,44.56652],[6.91317,44.56692],[6.91318,44.56709],[6.91316,44.56734],[6.91319,44.5676],[6.91317,44.56767],[6.913,44.56783],[6.91299,44.56793],[6.91297,44.56797],[6.91284,44.56803],[6.9128,44.56807],[6.91273,44.56821],[6.91274,44.56824],[6.91281,44.56826],[6.91282,44.56829],[6.9127,44.56846],[6.91258,44.56867],[6.91263,44.56872],[6.91263,44.56875],[6.91254,44.56884],[6.91258,44.56888],[6.91271,44.56895],[6.91274,44.56899],[6.91278,44.56913],[6.91281,44.56914],[6.91312,44.56918],[6.91329,44.56923],[6.91363,44.56928],[6.91366,44.56931],[6.9137,44.56931],[6.91401,44.5693],[6.91412,44.56931],[6.91419,44.56934],[6.91425,44.56939],[6.91432,44.56942],[6.91465,44.56945],[6.91492,44.56943],[6.91533,44.56951],[6.9156,44.56948],[6.91598,44.56954],[6.91616,44.56953],[6.9164,44.56954],[6.91683,44.56963],[6.91758,44.56963],[6.9182,44.56957],[6.9183,44.56958],[6.91851,44.56957],[6.91871,44.56959],[6.91909,44.56957],[6.91919,44.56959],[6.91945,44.56955],[6.9196,44.5695],[6.91973,44.5695],[6.92002,44.56942],[6.92015,44.56942],[6.9203,44.5695],[6.921,44.56972],[6.92107,44.56976],[6.92118,44.56988],[6.92128,44.56996],[6.92137,44.57],[6.92158,44.57004],[6.92168,44.57008],[6.92186,44.5702],[6.92195,44.5702],[6.92215,44.57028],[6.92227,44.57036],[6.92236,44.57051],[6.92262,44.57055],[6.92286,44.57063],[6.92306,44.57069],[6.92325,44.57081],[6.92333,44.57083],[6.92374,44.57092],[6.92406,44.57102],[6.92443,44.5711],[6.92453,44.57114],[6.92461,44.57113],[6.92478,44.57118],[6.92485,44.57119],[6.92513,44.57114],[6.92532,44.57114],[6.92543,44.57117],[6.92581,44.57134],[6.9259,44.57139],[6.92602,44.5715],[6.92608,44.57151],[6.92631,44.57148],[6.92662,44.57146],[6.92668,44.57146],[6.92688,44.57151],[6.92694,44.57154],[6.92711,44.57168],[6.92716,44.5717],[6.92754,44.57178],[6.92763,44.57185],[6.92778,44.57192],[6.92801,44.57199],[6.92824,44.57201],[6.92839,44.57198],[6.92858,44.57199],[6.92887,44.57195],[6.92894,44.57199],[6.92907,44.57202],[6.92948,44.57202],[6.92959,44.57204],[6.92968,44.57206],[6.9299,44.57221],[6.93004,44.57227],[6.93019,44.5723],[6.93032,44.57242],[6.93072,44.57251],[6.93079,44.57255],[6.93091,44.57267],[6.93096,44.57268],[6.93142,44.57274],[6.93149,44.57274],[6.93166,44.57268],[6.93187,44.57267],[6.93194,44.57269],[6.93212,44.57283],[6.93218,44.57285],[6.93225,44.57285],[6.93243,44.5729],[6.93255,44.573],[6.93262,44.57303],[6.93287,44.57307],[6.93292,44.5732],[6.9329,44.57365],[6.93292,44.57373],[6.93297,44.57383],[6.93302,44.5739],[6.93305,44.57396],[6.93314,44.57425],[6.93314,44.57434],[6.93316,44.57441],[6.93326,44.57454],[6.93329,44.57461],[6.9333,44.57483],[6.93332,44.57493],[6.93337,44.57509],[6.93348,44.57531],[6.93349,44.57536],[6.93347,44.57546],[6.93347,44.57558],[6.93351,44.57602],[6.93354,44.57621],[6.93354,44.57627],[6.93345,44.57657],[6.93341,44.57664],[6.93327,44.57681],[6.9332,44.57696],[6.93318,44.57706],[6.9332,44.57718],[6.93316,44.57725],[6.93319,44.5773],[6.93318,44.57736],[6.93316,44.57742],[6.93308,44.57751],[6.93307,44.57756],[6.93308,44.5776],[6.93301,44.57775],[6.93295,44.57785],[6.93293,44.57797],[6.93277,44.57817],[6.93275,44.57822],[6.93276,44.5783],[6.93272,44.57834],[6.93277,44.57851],[6.93279,44.57862],[6.93291,44.57883],[6.93299,44.57892],[6.93298,44.57906],[6.9331,44.57934],[6.93312,44.57942],[6.9331,44.5795],[6.93303,44.57959],[6.93299,44.57961],[6.93285,44.5796],[6.93282,44.57956],[6.93268,44.57952],[6.93261,44.57953],[6.93257,44.57955],[6.93244,44.57965],[6.9324,44.57965],[6.93232,44.57961],[6.93228,44.57963],[6.93226,44.57969],[6.93214,44.57978],[6.93202,44.5799],[6.93195,44.5799],[6.9319,44.57992],[6.93188,44.57996],[6.93187,44.58005],[6.93181,44.58013],[6.93179,44.58023],[6.93165,44.58048],[6.93165,44.58058],[6.93159,44.58064],[6.93159,44.58073],[6.93144,44.58078],[6.93141,44.58081],[6.93138,44.58084],[6.93138,44.58088],[6.93143,44.58097],[6.93143,44.581],[6.93124,44.58112],[6.93109,44.58128],[6.93109,44.58133],[6.93121,44.58146],[6.93124,44.58151],[6.93124,44.58175],[6.93119,44.5819],[6.93126,44.58199],[6.93127,44.58209],[6.93127,44.58225],[6.93148,44.58237],[6.93175,44.58245],[6.93179,44.58248],[6.93178,44.58255],[6.93182,44.58259],[6.9318,44.58263],[6.9318,44.58267],[6.9319,44.58286],[6.93193,44.58295],[6.93196,44.58301],[6.93212,44.58318],[6.93215,44.58342],[6.93212,44.58358],[6.93235,44.58375],[6.93239,44.58384],[6.93247,44.58396],[6.93265,44.58405],[6.93265,44.58414],[6.93269,44.58422],[6.93275,44.58425],[6.93294,44.58432],[6.933,44.58436],[6.93304,44.58442],[6.93305,44.58463],[6.93307,44.58471],[6.93309,44.58474],[6.93321,44.58481],[6.93325,44.58485],[6.93336,44.58502],[6.93349,44.58512],[6.93358,44.58517],[6.93372,44.58518],[6.9338,44.58521],[6.93383,44.58527],[6.93381,44.58534],[6.93385,44.58539],[6.93412,44.58552],[6.93424,44.58559],[6.93439,44.5857],[6.93461,44.58591],[6.93474,44.58608],[6.93431,44.58635],[6.93421,44.5864],[6.93412,44.58647],[6.93384,44.58657],[6.93376,44.58664],[6.93364,44.58671],[6.93346,44.58692],[6.93335,44.58711],[6.93333,44.58718],[6.93327,44.58763],[6.93327,44.58772],[6.93341,44.58838],[6.93345,44.5885],[6.93343,44.58854],[6.93343,44.58867],[6.93346,44.58894],[6.93348,44.58907],[6.93346,44.58919],[6.93346,44.58932],[6.93339,44.58943],[6.93331,44.58952],[6.93325,44.58963],[6.93325,44.58968],[6.93332,44.5898],[6.93338,44.58985],[6.93339,44.58992],[6.93338,44.58995],[6.93326,44.59011],[6.93324,44.59019],[6.93324,44.59026],[6.93329,44.59031],[6.93345,44.59043],[6.93347,44.59049],[6.93347,44.59088],[6.93342,44.59107],[6.93341,44.59145],[6.93336,44.59173],[6.9332,44.5921],[6.93313,44.59219],[6.93293,44.59239],[6.93277,44.59261],[6.93268,44.59277],[6.93268,44.59293],[6.93277,44.59308],[6.93291,44.59327],[6.9329,44.5934],[6.93292,44.59345],[6.93306,44.59361],[6.93307,44.59365],[6.93304,44.59374],[6.93305,44.5939],[6.93301,44.59405],[6.933,44.59412],[6.93303,44.5943],[6.93303,44.59439],[6.93305,44.5945],[6.933,44.59476],[6.93302,44.59481],[6.93315,44.59492],[6.93314,44.59503],[6.93316,44.59528],[6.93321,44.59546],[6.93326,44.59573],[6.93335,44.59579],[6.93338,44.59583],[6.93343,44.59597],[6.93359,44.59623],[6.93361,44.59628],[6.93359,44.59634],[6.93361,44.59642],[6.93375,44.59687],[6.93379,44.59692],[6.93403,44.59705],[6.93413,44.59715],[6.93422,44.59721],[6.9345,44.59734],[6.93476,44.59748],[6.93501,44.59766],[6.93507,44.59773],[6.93517,44.59779],[6.93524,44.59783],[6.93565,44.59798],[6.93602,44.59809],[6.93671,44.59825],[6.93719,44.5984],[6.93733,44.59847],[6.93751,44.59859],[6.93795,44.5988],[6.93798,44.59885],[6.93814,44.59916],[6.93824,44.59926],[6.93831,44.59929],[6.93817,44.59953],[6.9381,44.5996],[6.93794,44.59974],[6.9375,44.60007],[6.93728,44.60029],[6.93717,44.60046],[6.93698,44.60078],[6.9368,44.60097],[6.93665,44.60135],[6.9367,44.60139],[6.93673,44.60147],[6.93686,44.60153],[6.9369,44.60159],[6.93694,44.60175],[6.93698,44.60183],[6.9372,44.60211],[6.93723,44.60219],[6.93722,44.60248],[6.93732,44.60258],[6.93735,44.60264],[6.93741,44.60281],[6.93744,44.60288],[6.93756,44.60305],[6.93767,44.60312],[6.93776,44.60325],[6.93783,44.60341],[6.93791,44.60349],[6.93794,44.60362],[6.93798,44.60375],[6.93803,44.60377],[6.93821,44.6038],[6.93831,44.60387],[6.93848,44.60391],[6.93855,44.60391],[6.9386,44.60389],[6.93863,44.60386],[6.93868,44.60386],[6.93894,44.60402],[6.93903,44.60406],[6.93922,44.60408],[6.93942,44.60418],[6.93963,44.60418],[6.93974,44.60422],[6.93985,44.60428],[6.94002,44.60443],[6.94009,44.60446],[6.94042,44.60452],[6.94055,44.60459],[6.94076,44.60453],[6.94091,44.60453],[6.94108,44.60455],[6.94128,44.6046],[6.94149,44.60471],[6.9416,44.60484],[6.94163,44.60492],[6.9417,44.60498],[6.94189,44.60519],[6.94211,44.60527],[6.94232,44.6053],[6.94262,44.60544],[6.94278,44.60551],[6.94283,44.60554],[6.94303,44.60573],[6.94314,44.60578],[6.94344,44.60581],[6.94355,44.60585],[6.94365,44.60583],[6.94374,44.60585],[6.94398,44.60585],[6.94415,44.60583],[6.9447,44.60582],[6.94524,44.60586],[6.94543,44.60589],[6.94563,44.60599],[6.94571,44.606],[6.94579,44.60603],[6.94594,44.60614],[6.94615,44.60621],[6.94625,44.60626],[6.94646,44.60639],[6.94693,44.60685],[6.94712,44.60698],[6.94724,44.6071],[6.94734,44.60715],[6.94747,44.60729],[6.94764,44.60742],[6.94772,44.60751],[6.94777,44.60754],[6.94782,44.60763],[6.94787,44.60766],[6.9479,44.60771],[6.94798,44.60792],[6.94805,44.60798],[6.94813,44.60816],[6.9482,44.6082],[6.94827,44.60827],[6.94854,44.60844],[6.94877,44.60849],[6.94886,44.60853],[6.94911,44.6087],[6.94919,44.60878],[6.94936,44.60911],[6.94944,44.60919],[6.94963,44.60933],[6.94982,44.60958],[6.95001,44.60973],[6.95027,44.6099],[6.95032,44.60997],[6.95036,44.61023],[6.95042,44.61034],[6.95045,44.61048],[6.95045,44.61074],[6.95042,44.61087],[6.95044,44.611],[6.95039,44.61123],[6.9504,44.61127],[6.95049,44.61141],[6.95052,44.61154],[6.95054,44.61157],[6.95054,44.61161],[6.95051,44.61167],[6.95055,44.61184],[6.95053,44.61199],[6.95054,44.61213],[6.95052,44.61243],[6.95043,44.61255],[6.95042,44.61259],[6.95049,44.61278],[6.9505,44.61284],[6.95048,44.61292],[6.95052,44.61301],[6.95053,44.61319],[6.95045,44.61332],[6.95033,44.61338],[6.95004,44.61377],[6.94998,44.61401],[6.94995,44.61421],[6.94991,44.61426],[6.94985,44.61428],[6.94955,44.61428],[6.94922,44.61435],[6.94914,44.61441],[6.94908,44.61449],[6.94908,44.61487],[6.94901,44.61497],[6.9491,44.61521],[6.94917,44.61535],[6.94919,44.61547],[6.94916,44.61566],[6.94913,44.61572],[6.94891,44.61592],[6.9489,44.61597],[6.94893,44.61638],[6.94891,44.61643],[6.94884,44.61651],[6.94876,44.61657],[6.94872,44.61658],[6.94872,44.61668],[6.94871,44.61674],[6.94873,44.61684],[6.94872,44.61695],[6.94868,44.61698],[6.94848,44.61708],[6.94845,44.61716],[6.94854,44.6174],[6.94862,44.61772],[6.9487,44.61816],[6.94871,44.61827],[6.9487,44.61835],[6.94875,44.61859],[6.94884,44.61873],[6.94899,44.61888],[6.94911,44.61894],[6.9493,44.61899],[6.94936,44.61903],[6.94945,44.61917],[6.9496,44.61948],[6.9497,44.61963],[6.94992,44.61975],[6.94997,44.61978],[6.95,44.61983],[6.95016,44.61977],[6.9504,44.61974],[6.95054,44.61978],[6.95059,44.6198],[6.95062,44.61986],[6.9507,44.61992],[6.95082,44.61995],[6.9511,44.61993],[6.95127,44.61994],[6.95129,44.61993],[6.95131,44.6199],[6.95135,44.61988],[6.95163,44.61989],[6.95193,44.61992],[6.95204,44.61994],[6.95217,44.62003],[6.95241,44.62015],[6.95283,44.62021],[6.95309,44.62023],[6.95331,44.62028],[6.9534,44.62035],[6.9536,44.62046],[6.95463,44.62086],[6.95504,44.62101],[6.95524,44.62106],[6.95539,44.62107],[6.95554,44.62107],[6.95576,44.62111],[6.95589,44.62111],[6.95683,44.62109],[6.9571,44.62106],[6.95732,44.62109],[6.95763,44.62117],[6.95792,44.6212],[6.95817,44.62125],[6.95829,44.62125],[6.95882,44.62131],[6.95894,44.62132],[6.95919,44.6213],[6.95976,44.6212],[6.96,44.62117],[6.96019,44.62093],[6.96043,44.62076],[6.96059,44.62074],[6.96067,44.62067],[6.96075,44.62063],[6.96074,44.62054],[6.96071,44.62052],[6.96071,44.6205],[6.96085,44.62039],[6.96124,44.62022],[6.96131,44.62015],[6.96144,44.62008],[6.96161,44.62002],[6.96169,44.61997],[6.96183,44.61994],[6.96195,44.61988],[6.962,44.61984],[6.96215,44.61974],[6.96226,44.61972],[6.9624,44.61953],[6.96247,44.61946],[6.96272,44.61931],[6.96279,44.61927],[6.96293,44.61923],[6.96326,44.61919],[6.96357,44.61913],[6.96367,44.61909],[6.96381,44.619],[6.96402,44.61894],[6.96421,44.61878],[6.96449,44.61879],[6.9648,44.61882],[6.96534,44.61884],[6.96552,44.61887],[6.9658,44.61897],[6.9661,44.61897],[6.96638,44.61902],[6.96676,44.61908],[6.96695,44.61913],[6.96726,44.61924],[6.96746,44.61936],[6.96778,44.61947],[6.96799,44.61953],[6.96823,44.61953],[6.9683,44.61959],[6.96832,44.61973],[6.96836,44.61989],[6.96843,44.62001],[6.96844,44.62005],[6.9684,44.62013],[6.96847,44.62028],[6.96849,44.62041],[6.96847,44.62045],[6.9684,44.62053],[6.96839,44.62055],[6.96845,44.62063],[6.96844,44.62065],[6.96835,44.6207],[6.9683,44.62074],[6.96829,44.62077],[6.96834,44.62083],[6.96836,44.62089],[6.96835,44.62093],[6.96815,44.62114],[6.96797,44.62126],[6.96795,44.62129],[6.96797,44.62134],[6.96811,44.62154],[6.96816,44.6217],[6.96814,44.62182],[6.96808,44.62188],[6.96787,44.62201],[6.96749,44.62218],[6.96746,44.62222],[6.96738,44.62243],[6.96736,44.62261],[6.96737,44.62267],[6.96741,44.62278],[6.96762,44.62302],[6.96772,44.62325],[6.96791,44.62338],[6.96813,44.62358],[6.96816,44.62368],[6.96818,44.62372],[6.96834,44.62387],[6.96847,44.62432],[6.96846,44.62467],[6.96849,44.62487],[6.96853,44.62497],[6.96888,44.62563],[6.96896,44.62573],[6.96916,44.62592],[6.96881,44.62584],[6.96872,44.6258],[6.96853,44.6257],[6.96814,44.62558],[6.96637,44.62533],[6.96619,44.62532],[6.96596,44.62535],[6.96564,44.62548],[6.96541,44.6256],[6.96522,44.62566],[6.96509,44.62569],[6.96479,44.62567],[6.96468,44.62567],[6.96436,44.62585],[6.96424,44.6259],[6.96388,44.62613],[6.96314,44.62617],[6.96227,44.6264],[6.9617,44.62689],[6.96158,44.62767],[6.96146,44.62789],[6.96107,44.62836],[6.96102,44.62878],[6.96073,44.6294],[6.96041,44.62976],[6.96013,44.6299],[6.95991,44.63035],[6.95965,44.63099],[6.95938,44.63142],[6.95914,44.63167],[6.95878,44.63207],[6.95835,44.63245],[6.95813,44.63276],[6.95754,44.63335],[6.95693,44.63391],[6.95649,44.63412],[6.9561,44.63446],[6.95596,44.63459],[6.9558,44.63489],[6.95572,44.63502],[6.95562,44.63536],[6.9549,44.63539],[6.95451,44.6356],[6.95413,44.63587],[6.95407,44.63613],[6.95391,44.6363],[6.95383,44.63656],[6.95372,44.63677],[6.95378,44.63716],[6.95318,44.63759],[6.95278,44.63815],[6.95279,44.63858],[6.95289,44.63908],[6.95299,44.63928],[6.95309,44.63945],[6.95319,44.63986],[6.95335,44.64032],[6.95355,44.64061],[6.95383,44.64117],[6.95384,44.64124],[6.95381,44.64131],[6.9537,44.64146],[6.95368,44.64151],[6.9537,44.64157],[6.95394,44.64199],[6.95369,44.64332],[6.95378,44.64351],[6.95356,44.64387],[6.95355,44.64398],[6.95348,44.64423],[6.95336,44.64439],[6.9531,44.64467],[6.95296,44.64488],[6.95293,44.64501],[6.95293,44.64516],[6.95297,44.64526],[6.95298,44.64537],[6.95292,44.64546],[6.95272,44.64565],[6.95235,44.64598],[6.95201,44.64625],[6.95192,44.64636],[6.95186,44.64643],[6.95182,44.64654],[6.95177,44.64682],[6.95173,44.6469],[6.95155,44.64709],[6.95151,44.64717],[6.95147,44.64727],[6.95145,44.64741],[6.95145,44.64779],[6.95139,44.6483],[6.95142,44.64851],[6.95141,44.6486],[6.95138,44.64865],[6.95124,44.6488],[6.95104,44.64893],[6.95068,44.64931],[6.95064,44.64938],[6.95063,44.64956],[6.95061,44.6496],[6.95058,44.64963],[6.95046,44.64968],[6.95031,44.64982],[6.95019,44.64989],[6.95011,44.64999],[6.94989,44.65003],[6.94978,44.65008],[6.94971,44.65018],[6.94955,44.65034],[6.94946,44.65041],[6.94932,44.65051],[6.94927,44.65059],[6.94919,44.65085],[6.94912,44.65091],[6.94904,44.65095],[6.94891,44.65113],[6.94858,44.65149],[6.94852,44.65157],[6.94841,44.65177],[6.94824,44.65197],[6.948,44.65216],[6.94798,44.65221],[6.94797,44.65224],[6.94801,44.65232],[6.94791,44.65238],[6.94792,44.65277],[6.94797,44.65292],[6.94797,44.65296],[6.9479,44.65311],[6.94788,44.65333],[6.94785,44.65338],[6.94781,44.65341],[6.94768,44.65346],[6.94765,44.65353],[6.94761,44.65373],[6.94764,44.65387],[6.94796,44.65406],[6.94814,44.65413],[6.94817,44.65416],[6.94812,44.65421],[6.9481,44.65427],[6.9481,44.65434],[6.94813,44.6544],[6.94825,44.6545],[6.94826,44.65459],[6.94828,44.65463],[6.9484,44.65476],[6.94846,44.65493],[6.94874,44.65525],[6.94884,44.65555],[6.94894,44.65573],[6.94908,44.65582],[6.94922,44.65599],[6.94927,44.65607],[6.94933,44.65614],[6.94953,44.65627],[6.94957,44.65638],[6.94956,44.65644],[6.94947,44.65658],[6.94948,44.65664],[6.94951,44.65671],[6.94957,44.65677],[6.94971,44.65689],[6.94993,44.65701],[6.94998,44.65706],[6.9501,44.65724],[6.95052,44.65762],[6.95059,44.65772],[6.95063,44.65781],[6.95065,44.65789],[6.95068,44.65795],[6.95087,44.65818],[6.95128,44.65853],[6.95144,44.65877],[6.95165,44.6589],[6.95173,44.65895],[6.95222,44.65922],[6.95241,44.6593],[6.95256,44.6594],[6.9529,44.65949],[6.95318,44.65966],[6.95323,44.65969],[6.95333,44.65969],[6.95339,44.65971],[6.95346,44.65976],[6.95352,44.65982],[6.95366,44.6599],[6.95402,44.66002],[6.95417,44.66009],[6.95432,44.66021],[6.95451,44.66029],[6.9548,44.66048],[6.95497,44.66057],[6.95515,44.6607],[6.95551,44.66101],[6.95567,44.66118],[6.95569,44.66125],[6.95573,44.66129],[6.95636,44.66153],[6.95649,44.66161],[6.95656,44.66164],[6.9569,44.66169],[6.95692,44.66168],[6.9571,44.66168],[6.95711,44.6617],[6.9571,44.66176],[6.95727,44.66181],[6.95734,44.66181],[6.95744,44.66186],[6.95747,44.66185],[6.95754,44.66188],[6.9577,44.662],[6.9578,44.66201],[6.95824,44.6622],[6.95898,44.66264],[6.95917,44.66275],[6.95937,44.66282],[6.95945,44.66286],[6.9595,44.66292],[6.95956,44.66304],[6.95954,44.66319],[6.95951,44.66325],[6.95934,44.66342],[6.95915,44.6635],[6.95915,44.66355],[6.95905,44.66378],[6.95906,44.66381],[6.9591,44.66385],[6.95911,44.66391],[6.95911,44.66399],[6.95908,44.66403],[6.95903,44.66405],[6.95916,44.66425],[6.95927,44.66436],[6.95937,44.6645],[6.9594,44.66457],[6.95938,44.66461],[6.95939,44.66466],[6.95948,44.66475],[6.95952,44.66484],[6.95946,44.66489],[6.95942,44.66497],[6.95934,44.66503],[6.95924,44.66504],[6.95916,44.66512],[6.95915,44.66516],[6.95917,44.6652],[6.95934,44.66532],[6.95931,44.6654],[6.95934,44.66545],[6.95934,44.66548],[6.95929,44.66554],[6.95926,44.66555],[6.95912,44.66553],[6.95902,44.66564],[6.95899,44.66569],[6.95879,44.66586],[6.95877,44.6659],[6.95891,44.66612],[6.95892,44.66619],[6.95901,44.66629],[6.95887,44.66638],[6.95878,44.66642],[6.95877,44.66647],[6.95873,44.66653],[6.95873,44.66659],[6.95871,44.66665],[6.95867,44.66671],[6.95857,44.66681],[6.95852,44.6669],[6.9585,44.66695],[6.95853,44.66697],[6.95853,44.667],[6.95847,44.6671],[6.95844,44.6672],[6.95841,44.66726],[6.95833,44.66733],[6.95828,44.66742],[6.95836,44.66765],[6.95849,44.66788],[6.95852,44.66797],[6.95861,44.66809],[6.95865,44.66814],[6.95874,44.66819],[6.95877,44.66825],[6.95877,44.66827],[6.95879,44.66831],[6.95877,44.66839],[6.95851,44.66868],[6.95845,44.66881],[6.95831,44.66893],[6.9582,44.66899],[6.95807,44.66913],[6.95786,44.66924],[6.95786,44.6693],[6.95779,44.6694],[6.95775,44.66942],[6.95777,44.66944],[6.95774,44.66948],[6.95772,44.66964],[6.95767,44.66984],[6.95768,44.66993],[6.95762,44.67006],[6.95753,44.67015],[6.95758,44.67026],[6.95783,44.67063],[6.95789,44.67068],[6.95793,44.67073],[6.95795,44.67079],[6.95793,44.67098],[6.9579,44.67105],[6.95786,44.67112],[6.95776,44.67126],[6.95773,44.67132],[6.95778,44.67166],[6.9578,44.67182],[6.95783,44.67186],[6.95786,44.67193],[6.95788,44.67196],[6.95797,44.67199],[6.95803,44.67204],[6.95806,44.67211],[6.95813,44.67245],[6.95816,44.67247],[6.95825,44.67251],[6.95833,44.67253],[6.9584,44.67265],[6.95847,44.67269],[6.95852,44.67278],[6.95857,44.67293],[6.95865,44.67302],[6.95872,44.67307],[6.95883,44.67323],[6.95883,44.67328],[6.9588,44.67341],[6.95875,44.67356],[6.9587,44.67363],[6.95868,44.67379],[6.9587,44.67382],[6.95877,44.67387],[6.95885,44.6739],[6.95886,44.67391],[6.95887,44.67399],[6.95889,44.67405],[6.95895,44.6741],[6.95893,44.67416],[6.95895,44.67433],[6.95902,44.67437],[6.95902,44.67441],[6.95911,44.67444],[6.95911,44.67448],[6.95918,44.67452],[6.95925,44.67452],[6.95939,44.67456],[6.95943,44.67459],[6.95954,44.67461],[6.95963,44.67466],[6.9597,44.67476],[6.95975,44.67475],[6.95981,44.67477],[6.9599,44.67476],[6.95993,44.67482],[6.95998,44.67483],[6.96002,44.67489],[6.96014,44.67492],[6.96025,44.67498],[6.96034,44.67512],[6.96035,44.67513],[6.96037,44.67512],[6.96038,44.67514],[6.96046,44.67518],[6.96048,44.67522],[6.96065,44.67541],[6.96103,44.67598],[6.96132,44.67631],[6.96142,44.67639],[6.9615,44.67643],[6.96182,44.67649],[6.962,44.67654],[6.96207,44.67658],[6.9621,44.67666],[6.96216,44.67676],[6.96217,44.6768],[6.96214,44.67686],[6.96218,44.67706],[6.96218,44.67713],[6.96221,44.67716],[6.96223,44.67722],[6.96225,44.67733],[6.96225,44.67734],[6.96227,44.67742],[6.96244,44.67752],[6.96249,44.67757],[6.96253,44.67764],[6.96256,44.67777],[6.96262,44.67784],[6.96271,44.67793],[6.96272,44.67795],[6.96279,44.67799],[6.96283,44.67808],[6.96305,44.67816],[6.96309,44.67816],[6.96316,44.67822],[6.96338,44.67825],[6.9635,44.67828],[6.96355,44.67832],[6.96364,44.67831],[6.96388,44.67817],[6.96393,44.67811],[6.96435,44.67796],[6.96474,44.67779],[6.96496,44.67772],[6.96511,44.67772],[6.9652,44.67769],[6.96528,44.67769],[6.96532,44.67767],[6.96534,44.67764],[6.96547,44.67763],[6.96556,44.6776],[6.96565,44.6776],[6.96581,44.6775],[6.96591,44.67751],[6.96595,44.67748],[6.96613,44.6775],[6.96619,44.67749],[6.96636,44.67743],[6.96663,44.6774],[6.96674,44.67742],[6.96679,44.67741],[6.96697,44.67741],[6.96715,44.67743],[6.96726,44.6774],[6.96737,44.6774],[6.96771,44.67743],[6.96786,44.67743],[6.9679,44.67741],[6.96824,44.67746],[6.96855,44.67745],[6.96863,44.67744],[6.96865,44.67741],[6.96869,44.67739],[6.96876,44.6774],[6.96881,44.67736],[6.96896,44.67733],[6.96902,44.67729],[6.96952,44.67729],[6.96961,44.67722],[6.97004,44.67721],[6.9702,44.6772],[6.97032,44.67721],[6.97035,44.67731],[6.97043,44.6773],[6.97052,44.67733],[6.97059,44.67732],[6.97066,44.67728],[6.97082,44.67721],[6.97087,44.67722],[6.97096,44.67721],[6.97104,44.67717],[6.97108,44.67718],[6.97119,44.67716],[6.97119,44.67724],[6.9714,44.6775],[6.97142,44.67754],[6.97148,44.67758],[6.97151,44.67763],[6.97151,44.67768],[6.97147,44.67773],[6.97145,44.67781],[6.97143,44.67804],[6.97172,44.67811],[6.97177,44.67816],[6.97178,44.67822],[6.97172,44.67828],[6.97171,44.67833],[6.97171,44.67838],[6.97179,44.6785],[6.97192,44.67861],[6.97196,44.67867],[6.97196,44.67872],[6.97201,44.67881],[6.97207,44.67885],[6.97215,44.67887],[6.97232,44.67899],[6.97239,44.67899],[6.97248,44.67902],[6.97267,44.67903],[6.97279,44.67907],[6.97299,44.67907],[6.97306,44.67909],[6.97309,44.67915],[6.9731,44.67925],[6.97319,44.67929],[6.97337,44.67949],[6.97341,44.67951],[6.9735,44.67947],[6.97368,44.67951],[6.97374,44.67953],[6.97386,44.67961],[6.97397,44.67975],[6.9742,44.67991],[6.97439,44.68011],[6.97448,44.68011],[6.97484,44.6802],[6.9749,44.68023],[6.97498,44.68026],[6.97519,44.68038],[6.97536,44.68044],[6.97539,44.68053],[6.97546,44.68058],[6.97558,44.68061],[6.97565,44.68065],[6.97579,44.68082],[6.9759,44.68087],[6.97597,44.68092],[6.97612,44.68106],[6.97617,44.68113],[6.97623,44.68117],[6.97634,44.68129],[6.97635,44.68137],[6.97648,44.68157],[6.9765,44.68174],[6.97657,44.68211],[6.97663,44.68218],[6.97663,44.68225],[6.97665,44.68238],[6.97663,44.68244],[6.97676,44.68246],[6.97683,44.68243],[6.97693,44.68254],[6.97702,44.68259],[6.97721,44.68267],[6.97727,44.68273],[6.9773,44.68281],[6.97731,44.68296],[6.97753,44.68314],[6.97758,44.68321],[6.97757,44.68336],[6.97762,44.68357],[6.97767,44.68359],[6.97783,44.68354],[6.97797,44.68362],[6.97801,44.68364],[6.97808,44.6836],[6.97813,44.68361],[6.97823,44.68367],[6.97829,44.68363],[6.97844,44.68368],[6.9788,44.68372],[6.97957,44.68385],[6.97966,44.68391],[6.97977,44.68391],[6.97999,44.68395],[6.98017,44.68394],[6.98026,44.68399],[6.98039,44.68398],[6.98069,44.68405],[6.98107,44.6841],[6.98136,44.68419],[6.98182,44.68435],[6.9819,44.68435],[6.98201,44.68438],[6.98206,44.68443],[6.98217,44.68455],[6.98217,44.68472],[6.98222,44.68476],[6.98229,44.68479],[6.9824,44.68488],[6.98272,44.68497],[6.98277,44.68501],[6.98295,44.68508],[6.9833,44.6855],[6.98332,44.68556],[6.98349,44.68574],[6.98373,44.68596],[6.98385,44.68609],[6.98399,44.6862],[6.98435,44.68639],[6.98463,44.68667],[6.98487,44.68678],[6.98491,44.68703],[6.98502,44.68712],[6.98519,44.68711],[6.98526,44.68723],[6.98544,44.6873],[6.98545,44.68749],[6.98573,44.68765],[6.98573,44.68776],[6.98602,44.68792],[6.98645,44.68849],[6.9865,44.68868],[6.98658,44.68887],[6.9867,44.68909],[6.98672,44.6892],[6.98675,44.68925],[6.98682,44.6893],[6.98689,44.68949],[6.98705,44.68973],[6.98705,44.68997],[6.98711,44.69008],[6.98711,44.69011],[6.98742,44.69006],[6.98773,44.69005],[6.98811,44.69011],[6.98871,44.69018],[6.9896,44.69041],[6.98966,44.69041],[6.98974,44.69038],[6.98991,44.69026],[6.99013,44.69017],[6.99065,44.69005],[6.991,44.69004],[6.99122,44.69005],[6.99156,44.6901],[6.99215,44.69022],[6.99269,44.69028],[6.99311,44.69037],[6.99346,44.6903],[6.99365,44.69025],[6.99386,44.69023],[6.99443,44.69027],[6.99476,44.69037],[6.99517,44.6904],[6.9955,44.69042],[6.9956,44.69038],[6.99572,44.69036],[6.99582,44.69036],[6.99626,44.69046],[6.99645,44.69048],[6.99658,44.69053],[6.99672,44.69054],[6.99682,44.69058],[6.99698,44.69057],[6.99714,44.69064],[6.99745,44.69056],[6.99771,44.69044],[6.9978,44.69046],[6.99795,44.69044],[6.99797,44.69045],[6.99811,44.69045],[6.99848,44.6905],[6.99873,44.69055],[6.9988,44.69056],[6.99881,44.69052],[6.99884,44.6905],[6.99895,44.69055],[6.99908,44.69054],[6.99966,44.69065],[6.99967,44.69054],[6.99973,44.69037],[6.99977,44.6903],[6.99979,44.69022],[6.99981,44.69016],[6.9999,44.69009],[6.99991,44.69003],[7.00004,44.68988],[7.00011,44.68968],[7.00025,44.68952],[7.00034,44.68938],[7.00046,44.68919],[7.00047,44.68913],[7.00064,44.68895],[7.00073,44.68877],[7.00083,44.68864],[7.00093,44.68849],[7.00111,44.68824],[7.00126,44.68813],[7.00142,44.68794],[7.00144,44.68789],[7.00145,44.68784],[7.00154,44.68769],[7.00158,44.68758],[7.00163,44.68755],[7.00172,44.68753],[7.00197,44.6875],[7.00207,44.68746],[7.00218,44.68745],[7.00237,44.68748],[7.00246,44.68739],[7.00256,44.68733],[7.003,44.68735],[7.00312,44.68734],[7.00327,44.68731],[7.00377,44.68712],[7.00398,44.68721],[7.00417,44.68724],[7.00436,44.68722],[7.00457,44.68723],[7.00479,44.6873],[7.00483,44.68732],[7.00488,44.68738],[7.00495,44.68744],[7.00512,44.68747],[7.00519,44.68757],[7.00534,44.68772],[7.00538,44.68784],[7.00544,44.68788],[7.00556,44.68786],[7.00565,44.68788],[7.00578,44.68798],[7.00583,44.6881],[7.00596,44.6882],[7.00598,44.68824],[7.00641,44.68834],[7.00672,44.6885],[7.00684,44.68862],[7.00696,44.68868],[7.00699,44.68871],[7.00718,44.68876],[7.00749,44.6888],[7.00752,44.68882],[7.00753,44.68887],[7.00758,44.68891],[7.00785,44.68905],[7.008,44.68907],[7.00822,44.68913],[7.00836,44.68914],[7.00844,44.68917],[7.00855,44.68914],[7.00861,44.6891],[7.00865,44.68904],[7.00877,44.68895],[7.00894,44.68889],[7.00896,44.68884],[7.00903,44.68884],[7.00909,44.68881],[7.00914,44.68875],[7.00923,44.6887],[7.00933,44.68856],[7.00962,44.68867],[7.00993,44.68873],[7.01036,44.68875],[7.01053,44.68872],[7.0107,44.68873],[7.01086,44.68875],[7.01115,44.68886],[7.01124,44.68887],[7.0114,44.68885],[7.0118,44.68888],[7.01207,44.68894],[7.01222,44.68899],[7.01235,44.68901],[7.01269,44.68896],[7.01298,44.68901],[7.01329,44.68902],[7.01354,44.68912],[7.01362,44.68911],[7.01369,44.68916],[7.01373,44.68918],[7.01378,44.68925],[7.01385,44.68928],[7.01399,44.68926],[7.01428,44.68934],[7.01472,44.68939],[7.01505,44.68941],[7.01561,44.68938],[7.01608,44.68944],[7.01634,44.68953],[7.01644,44.68954],[7.0167,44.68953],[7.01679,44.68949],[7.01746,44.68936],[7.01813,44.68919],[7.0182,44.68916],[7.01832,44.6892],[7.01872,44.6893],[7.01886,44.68935],[7.019,44.68937],[7.01909,44.6894],[7.01915,44.68944],[7.01915,44.68949],[7.0196,44.68986],[7.01972,44.68994],[7.02,44.69007],[7.02009,44.6901],[7.02014,44.69015],[7.02018,44.69024],[7.0202,44.69038],[7.02032,44.69047],[7.02052,44.69052],[7.02065,44.69061],[7.02085,44.69063],[7.02126,44.69065],[7.02141,44.69069],[7.02179,44.69074],[7.02183,44.6908],[7.02194,44.69082],[7.02224,44.69085],[7.02234,44.69085],[7.02243,44.69086],[7.02254,44.69089],[7.02263,44.69094],[7.02289,44.69101],[7.02321,44.69113],[7.02339,44.69118],[7.0235,44.69123],[7.0236,44.6913],[7.02373,44.69135],[7.02386,44.69142],[7.02401,44.69147],[7.02412,44.69149],[7.02464,44.69133],[7.02485,44.69134],[7.02503,44.69137],[7.02515,44.69138],[7.02547,44.69136],[7.02566,44.69133],[7.02602,44.69124],[7.02633,44.69111],[7.02659,44.69117],[7.02666,44.6912],[7.02669,44.69128],[7.02696,44.6914],[7.02706,44.69144],[7.02727,44.69147],[7.02737,44.69149],[7.02745,44.6915],[7.02751,44.69154],[7.02761,44.69158],[7.02769,44.69159],[7.02801,44.69154],[7.02817,44.69159],[7.02848,44.6916],[7.02877,44.69169],[7.02909,44.69175],[7.02915,44.6917],[7.02924,44.69167],[7.0295,44.69167],[7.02967,44.69166],[7.02975,44.69164],[7.02991,44.69166],[7.02997,44.69165],[7.03018,44.69155],[7.03033,44.69154],[7.03041,44.69141],[7.03046,44.69137],[7.03055,44.69135],[7.03068,44.69136],[7.03081,44.69121],[7.03099,44.6912],[7.031,44.69117],[7.03105,44.69118],[7.03111,44.69116],[7.0312,44.6911],[7.03125,44.6911],[7.03145,44.69101],[7.03164,44.69097],[7.03194,44.69096],[7.03207,44.69094],[7.03206,44.69088],[7.03208,44.69083],[7.03227,44.69073],[7.03234,44.69067],[7.03239,44.69065],[7.03248,44.69065],[7.03251,44.69062],[7.03266,44.69065],[7.03274,44.69065],[7.03292,44.6906],[7.03302,44.69064],[7.03333,44.6906],[7.03341,44.69062],[7.03357,44.69052],[7.03364,44.69053],[7.0338,44.69045],[7.03423,44.69028],[7.03442,44.69019],[7.03451,44.69013],[7.03489,44.68976],[7.03506,44.68967],[7.03557,44.68961],[7.03581,44.68959],[7.03608,44.68959],[7.03645,44.68954],[7.03673,44.68949],[7.037,44.68938],[7.03719,44.68934],[7.03732,44.68917],[7.0374,44.6891],[7.03757,44.689],[7.03761,44.68895],[7.03764,44.68888],[7.0377,44.68882],[7.03775,44.6888],[7.03786,44.6888],[7.03802,44.68863],[7.03811,44.68858],[7.03822,44.68856],[7.03832,44.68852],[7.03878,44.68828],[7.03887,44.68804],[7.03892,44.688],[7.03895,44.68788],[7.03899,44.68785],[7.03921,44.68769],[7.03925,44.68763],[7.03933,44.68757],[7.03954,44.68747],[7.03954,44.68742],[7.03952,44.68739],[7.03988,44.68708],[7.04002,44.68698],[7.0403,44.68687],[7.04042,44.68683],[7.04046,44.68673],[7.04051,44.68668],[7.04057,44.6867],[7.04072,44.68671],[7.04077,44.68669],[7.04081,44.68665],[7.04095,44.68662],[7.04101,44.68659],[7.04107,44.68655],[7.04112,44.68647],[7.04127,44.68646],[7.04133,44.68635],[7.04148,44.68635],[7.04154,44.68631],[7.04167,44.6862],[7.04173,44.68618],[7.04179,44.68618],[7.04195,44.68606],[7.0422,44.68596],[7.04228,44.68589],[7.04251,44.68578],[7.04276,44.68554],[7.04285,44.68551],[7.04285,44.68554],[7.0429,44.68556],[7.04303,44.68551],[7.04313,44.68552],[7.04325,44.68543],[7.04348,44.68536],[7.04358,44.68521],[7.04358,44.68514],[7.04377,44.68515],[7.0439,44.68511],[7.04402,44.68499],[7.04412,44.685],[7.04418,44.68498],[7.04425,44.68492],[7.04439,44.68488],[7.04455,44.68486],[7.04458,44.68482],[7.04468,44.6848],[7.04486,44.68473],[7.04506,44.6847],[7.04545,44.68457],[7.04572,44.68455],[7.04592,44.68449],[7.0461,44.68437],[7.04644,44.6842],[7.04648,44.68416],[7.04651,44.68411],[7.04654,44.68408],[7.04676,44.684],[7.04682,44.68395],[7.04685,44.68388],[7.04691,44.68383],[7.0468,44.68381],[7.04675,44.68377],[7.04667,44.68359],[7.04667,44.68352],[7.04668,44.68346],[7.04674,44.68341],[7.04681,44.68338],[7.04692,44.68336],[7.04705,44.68332],[7.04707,44.68325],[7.04718,44.68326],[7.04724,44.68324],[7.04736,44.68316],[7.04735,44.6831],[7.04742,44.68309],[7.04758,44.6831],[7.0478,44.68303],[7.04803,44.68303],[7.04814,44.68305],[7.04823,44.68311],[7.04829,44.68311],[7.04835,44.68307],[7.04841,44.68302],[7.04849,44.68298],[7.04885,44.6829],[7.04895,44.68285],[7.04912,44.68281],[7.04946,44.68286],[7.04959,44.68283],[7.04979,44.68292],[7.04985,44.68293],[7.05003,44.68291],[7.05029,44.68286],[7.05039,44.68281],[7.0507,44.68287],[7.05074,44.68284],[7.05109,44.68283],[7.05119,44.68286],[7.05126,44.68286],[7.05141,44.68279],[7.05172,44.68288],[7.052,44.68282],[7.05205,44.68284],[7.0523,44.68278],[7.05246,44.68277],[7.05268,44.68274],[7.05283,44.68276],[7.05289,44.68274],[7.05303,44.68265],[7.0531,44.68278],[7.05313,44.68283],[7.05317,44.68285],[7.05323,44.68282],[7.05345,44.6828],[7.05357,44.68281],[7.05377,44.68286],[7.05383,44.68291],[7.05396,44.68286],[7.05406,44.68278],[7.05426,44.68256],[7.05446,44.68243],[7.05483,44.68224],[7.05493,44.68217],[7.05499,44.68208],[7.05508,44.68209],[7.05515,44.68205],[7.05517,44.68198],[7.0553,44.68195],[7.0554,44.68195],[7.05574,44.68182],[7.05584,44.68174],[7.05588,44.68164],[7.05588,44.68156],[7.05593,44.6815],[7.05602,44.68145],[7.0561,44.68143],[7.05611,44.68138],[7.05617,44.68134],[7.05626,44.68132],[7.05639,44.68126],[7.05647,44.68125],[7.05668,44.68125],[7.05692,44.68128],[7.057,44.68127],[7.05725,44.68108],[7.05734,44.68105],[7.05733,44.68098],[7.05755,44.68096],[7.05763,44.68094],[7.05766,44.68083],[7.05783,44.68083],[7.05801,44.6808],[7.05819,44.68073],[7.0584,44.68061],[7.0588,44.68048],[7.05915,44.68022],[7.05958,44.68006],[7.05995,44.68004],[7.06017,44.67998],[7.06035,44.67996],[7.06087,44.67997],[7.06117,44.67996],[7.06181,44.67984],[7.062,44.67982],[7.06205,44.67985],[7.06228,44.67988],[7.06297,44.68015],[7.06327,44.6803],[7.06333,44.6803],[7.0634,44.68027],[7.06352,44.68025],[7.06373,44.68027],[7.06399,44.68018],[7.06408,44.68012],[7.06413,44.68016],[7.06423,44.68018],[7.06461,44.68007],[7.06475,44.6801],[7.06485,44.67999],[7.06492,44.67997],[7.06496,44.67997],[7.06507,44.68],[7.06524,44.67996],[7.06546,44.67997],[7.06559,44.68],[7.06571,44.67997],[7.0658,44.67993],[7.06601,44.67989],[7.06608,44.67994],[7.06627,44.67993],[7.06631,44.67994],[7.06633,44.67997],[7.06645,44.67994],[7.0666,44.67995],[7.06675,44.68003],[7.06683,44.68003],[7.0669,44.68001],[7.06695,44.68002],[7.06723,44.68002],[7.06756,44.68006],[7.06765,44.68003],[7.06776,44.68002],[7.06785,44.68003],[7.06805,44.67993],[7.06819,44.67989],[7.06846,44.67984],[7.06879,44.67983],[7.06911,44.67979],[7.06923,44.67982],[7.06958,44.67984],[7.06986,44.67982],[7.07134,44.68009],[7.07229,44.68017],[7.07273,44.68069],[7.07412,44.68078],[7.07534,44.6808],[7.07574,44.68091],[7.07598,44.6809],[7.07605,44.68095],[7.07616,44.68095],[7.07623,44.68097],[7.07632,44.6811],[7.07644,44.6811],[7.07668,44.68104],[7.07672,44.68108],[7.07679,44.68109],[7.07687,44.68105],[7.07702,44.68103],[7.07711,44.68104],[7.07717,44.68121],[7.0771,44.68123],[7.07707,44.68129],[7.07707,44.68157],[7.0771,44.68163],[7.07698,44.68177],[7.07694,44.68185],[7.07686,44.6819],[7.07685,44.68197],[7.0768,44.6821],[7.07678,44.6824],[7.07682,44.68248],[7.07685,44.68266],[7.07639,44.68262],[7.07635,44.68267],[7.07629,44.68271],[7.07626,44.68277],[7.07625,44.68281],[7.07628,44.68289],[7.07628,44.68295],[7.0764,44.68329],[7.07641,44.68344],[7.07633,44.68351],[7.07625,44.68372],[7.07618,44.68384],[7.07609,44.68394],[7.07602,44.684],[7.07596,44.68412],[7.07595,44.68416],[7.07591,44.68419],[7.07581,44.68444],[7.07577,44.6845],[7.07557,44.68469],[7.07554,44.68474],[7.07556,44.68482],[7.07552,44.68484],[7.0755,44.68489],[7.07549,44.68498],[7.07553,44.68503],[7.07557,44.68514],[7.07549,44.68531],[7.0755,44.6854],[7.07546,44.6856],[7.07547,44.68571],[7.07546,44.68575],[7.07531,44.68589],[7.07536,44.68613],[7.07528,44.68626],[7.07525,44.68631],[7.0752,44.68634],[7.07512,44.68647],[7.07509,44.68662],[7.07504,44.68674],[7.07505,44.68691],[7.07495,44.68708],[7.07494,44.68714],[7.07498,44.68729],[7.07496,44.68737],[7.07487,44.68755],[7.07481,44.68763],[7.07468,44.68773],[7.07468,44.68787],[7.07473,44.6881],[7.0747,44.68814],[7.07472,44.6882],[7.07482,44.68834],[7.07491,44.68857],[7.07487,44.68868],[7.07488,44.68876],[7.07495,44.68886],[7.07503,44.6889],[7.07505,44.68893],[7.07505,44.68895],[7.07511,44.68902],[7.07512,44.68908],[7.07525,44.68914],[7.07545,44.68944],[7.07565,44.68958],[7.07561,44.6897],[7.07558,44.68972],[7.07561,44.68999],[7.07566,44.69011],[7.07564,44.69021],[7.07561,44.6903],[7.07553,44.69038],[7.07554,44.69045],[7.07552,44.69047],[7.0754,44.69048],[7.07539,44.69052],[7.07535,44.69055],[7.07533,44.69057],[7.07533,44.69065],[7.07531,44.69067],[7.07519,44.6907],[7.07516,44.69072],[7.07516,44.69078],[7.07509,44.6908],[7.07507,44.69084],[7.0751,44.69091],[7.07509,44.69095],[7.07502,44.69099],[7.075,44.69102],[7.07499,44.69109],[7.07501,44.69115],[7.07499,44.69117],[7.07492,44.69122],[7.07491,44.69133],[7.07487,44.69144],[7.07484,44.69149],[7.07476,44.69149],[7.07476,44.69158],[7.07473,44.69165],[7.07469,44.69169],[7.07455,44.6919],[7.07455,44.69195],[7.07447,44.6921],[7.07445,44.69221],[7.07449,44.69229],[7.07446,44.69233],[7.0744,44.69236],[7.07429,44.69235],[7.07406,44.69256],[7.07397,44.6926],[7.0739,44.69271],[7.07385,44.69277],[7.07378,44.69288],[7.07371,44.69295],[7.07361,44.693],[7.07359,44.69305],[7.07353,44.69308],[7.07352,44.69312],[7.07344,44.69322],[7.07341,44.69328],[7.07328,44.69333],[7.07331,44.6935],[7.07328,44.69359],[7.0733,44.69367],[7.0733,44.6937],[7.0732,44.69382],[7.07304,44.69385],[7.07298,44.69388],[7.07295,44.69392],[7.07294,44.69395],[7.07299,44.69411],[7.0731,44.69428],[7.07313,44.69444],[7.07319,44.69457],[7.07321,44.69466],[7.07328,44.69481],[7.07344,44.69499],[7.07344,44.69504],[7.0734,44.69507],[7.07321,44.69508],[7.07318,44.69511],[7.07316,44.69514],[7.07319,44.69527],[7.07315,44.6953],[7.07315,44.69539],[7.07311,44.69546],[7.07318,44.69558],[7.07326,44.6956],[7.0733,44.69569],[7.07332,44.6958],[7.0733,44.69589],[7.07322,44.69596],[7.0732,44.69603],[7.07315,44.69605],[7.07306,44.69606],[7.07289,44.69601],[7.07282,44.69602],[7.07259,44.69612],[7.07252,44.69618],[7.07247,44.69628],[7.07239,44.69637],[7.07231,44.69653],[7.07228,44.69662],[7.07225,44.69666],[7.07219,44.6967],[7.07218,44.69686],[7.07193,44.69684],[7.07178,44.69686],[7.07171,44.69685],[7.07165,44.69687],[7.07162,44.69693],[7.07158,44.69711],[7.0715,44.69731],[7.07146,44.69755],[7.07148,44.69763],[7.07146,44.69768],[7.07147,44.69784],[7.07141,44.69786],[7.0713,44.69795],[7.07123,44.69807],[7.07102,44.69813],[7.07088,44.69826],[7.07083,44.69867],[7.07083,44.69878],[7.07081,44.69896],[7.07081,44.69913],[7.07083,44.69921],[7.07088,44.69927],[7.07087,44.69941],[7.0709,44.69956],[7.07085,44.69968],[7.07085,44.69975],[7.07077,44.69987],[7.07071,44.70002],[7.0707,44.70006],[7.07073,44.7001],[7.07075,44.70019],[7.07074,44.70025],[7.07073,44.70028],[7.07067,44.70031],[7.07064,44.70034],[7.07065,44.70037],[7.07073,44.70044],[7.07073,44.70047],[7.0707,44.70051],[7.07075,44.70059],[7.07076,44.70065],[7.07074,44.7007],[7.07069,44.70076],[7.07043,44.70088],[7.07038,44.70105],[7.0704,44.70108],[7.07038,44.70112],[7.07028,44.70119],[7.07021,44.70119],[7.07014,44.70117],[7.0701,44.70119],[7.07008,44.70124],[7.07003,44.70126],[7.06989,44.70124],[7.06987,44.70127],[7.06985,44.70133],[7.06979,44.70143],[7.0697,44.70149],[7.06966,44.70156],[7.06954,44.7016],[7.06944,44.70171],[7.06936,44.70175],[7.06927,44.70186],[7.06913,44.70183],[7.06903,44.70188],[7.06902,44.70192],[7.0689,44.70195],[7.06848,44.70202],[7.06814,44.70214],[7.06806,44.70227],[7.06792,44.70234],[7.06786,44.70239],[7.06784,44.70243],[7.06765,44.70255],[7.06762,44.70262],[7.06761,44.7027],[7.06756,44.70277],[7.06753,44.70288],[7.0675,44.70334],[7.0676,44.70351],[7.0676,44.70356],[7.06756,44.70365],[7.06752,44.7038],[7.06742,44.704],[7.06742,44.70409],[7.06742,44.70417],[7.06751,44.70438],[7.06755,44.70457],[7.06748,44.70472],[7.06748,44.70491],[7.0675,44.70497],[7.06756,44.70503],[7.0676,44.70524],[7.06758,44.70533],[7.06745,44.70542],[7.06738,44.70544],[7.06728,44.7055],[7.06728,44.70556],[7.06715,44.70579],[7.06712,44.7059],[7.06711,44.70598],[7.06697,44.70618],[7.06675,44.70631],[7.06671,44.70638],[7.06666,44.70646],[7.06666,44.70679],[7.06627,44.70716],[7.06624,44.70721],[7.06623,44.70726],[7.06589,44.70755],[7.0658,44.70766],[7.0657,44.70773],[7.06566,44.70779],[7.06564,44.70786],[7.06539,44.70815],[7.06526,44.7082],[7.0652,44.70824],[7.06516,44.70832],[7.06504,44.70838],[7.06502,44.70842],[7.06508,44.70848],[7.06507,44.70856],[7.06519,44.70869],[7.06521,44.70876],[7.06518,44.70882],[7.06505,44.70894],[7.065,44.709],[7.06497,44.70906],[7.06498,44.70915],[7.06507,44.7093],[7.0652,44.70946],[7.06524,44.70954],[7.0652,44.70961],[7.06522,44.70968],[7.06527,44.70973],[7.06577,44.71009],[7.06592,44.71021],[7.0662,44.71036],[7.06629,44.71043],[7.06633,44.71054],[7.06632,44.71082],[7.06634,44.71088],[7.06637,44.71093],[7.06642,44.71101],[7.06638,44.71116],[7.06641,44.71131],[7.06655,44.71139],[7.06646,44.71159],[7.06646,44.71173],[7.06634,44.71185],[7.06637,44.71197],[7.06624,44.71215],[7.06598,44.71233],[7.06607,44.71265],[7.06602,44.71282],[7.06588,44.71289],[7.06585,44.71296],[7.06589,44.71299],[7.06595,44.71305],[7.06582,44.71319],[7.06575,44.71346],[7.06545,44.71364],[7.06535,44.71383],[7.06511,44.71371],[7.06502,44.71376],[7.06486,44.71377],[7.06469,44.71369],[7.06449,44.71365],[7.06424,44.71374],[7.06419,44.71385],[7.06402,44.71397],[7.06374,44.71395],[7.06365,44.71386],[7.06339,44.71386],[7.06301,44.71395],[7.06292,44.71405],[7.06278,44.71401],[7.06262,44.71397],[7.06233,44.7142],[7.06191,44.7143],[7.06161,44.7143],[7.06114,44.71436],[7.06076,44.71446],[7.06059,44.71444],[7.06011,44.71454],[7.05999,44.71449],[7.05962,44.71447],[7.05932,44.7145],[7.05909,44.71454],[7.05857,44.71475],[7.05827,44.71479],[7.05808,44.71479],[7.05787,44.71474],[7.05773,44.71473],[7.05755,44.7147],[7.05739,44.71461],[7.05728,44.71466],[7.0572,44.71482],[7.05688,44.7149],[7.05659,44.71502],[7.05625,44.71509],[7.05613,44.7151],[7.05572,44.71501],[7.05532,44.71495],[7.05507,44.71495],[7.05485,44.71496],[7.05465,44.71494],[7.05441,44.71488],[7.0542,44.7149],[7.05402,44.71496],[7.05374,44.71512],[7.05346,44.71522],[7.05303,44.71537],[7.05261,44.71558],[7.05219,44.71574],[7.0518,44.71594],[7.05157,44.7161],[7.05078,44.71622],[7.05045,44.71623],[7.05003,44.71627],[7.04983,44.71627],[7.04964,44.71636],[7.04914,44.71646],[7.04907,44.71645],[7.04888,44.71661],[7.04869,44.7166],[7.04861,44.71666],[7.04836,44.71671],[7.04822,44.71677],[7.04811,44.71688],[7.04791,44.71696],[7.04775,44.71695],[7.04754,44.717],[7.04744,44.71715],[7.04729,44.71723],[7.04706,44.71728],[7.04683,44.7173],[7.04667,44.71741],[7.04638,44.71747],[7.04607,44.71757],[7.04577,44.71767],[7.04556,44.7178],[7.04532,44.71782],[7.04502,44.71799],[7.04472,44.71804],[7.04445,44.71813],[7.04418,44.71808],[7.0439,44.71814],[7.04364,44.71826],[7.04341,44.71831],[7.04314,44.71835],[7.04307,44.7184],[7.04285,44.71842],[7.04258,44.71852],[7.04236,44.71855],[7.04235,44.71857],[7.04224,44.7186],[7.04223,44.71866],[7.04203,44.71877],[7.0419,44.71882],[7.04188,44.71894],[7.04169,44.71909],[7.04164,44.71917],[7.04158,44.71918],[7.04149,44.71931],[7.04145,44.71938],[7.04133,44.7195],[7.04117,44.71956],[7.04091,44.71949],[7.04076,44.71959],[7.0403,44.71979],[7.04022,44.71987],[7.0402,44.72003],[7.04007,44.72029],[7.03996,44.72044],[7.03992,44.72077],[7.03943,44.72134],[7.03937,44.72145],[7.03931,44.72157],[7.03923,44.72169],[7.03917,44.72171],[7.0391,44.72181],[7.03899,44.72188],[7.03881,44.72202],[7.03833,44.72221],[7.03808,44.72233],[7.03795,44.72238],[7.03794,44.72243],[7.03784,44.72253],[7.03783,44.72262],[7.03762,44.72272],[7.03736,44.72307],[7.03701,44.72351],[7.03687,44.72354],[7.03653,44.72388],[7.03624,44.72427],[7.03628,44.72441],[7.03621,44.7245],[7.0362,44.72458],[7.03609,44.72463],[7.03595,44.72476],[7.036,44.72497],[7.03579,44.72516],[7.03551,44.72543],[7.03553,44.72553],[7.0354,44.7257],[7.03519,44.72592],[7.03482,44.72604],[7.03442,44.72634],[7.03409,44.72651],[7.03394,44.7266],[7.0339,44.72675],[7.0336,44.72694],[7.03351,44.7271],[7.03301,44.72727],[7.03282,44.72761],[7.03252,44.72789],[7.03113,44.72831],[7.03096,44.72849],[7.03087,44.72857],[7.03075,44.72866],[7.03073,44.72871],[7.03067,44.72873],[7.03062,44.72876],[7.03057,44.7288],[7.03052,44.72893],[7.03051,44.72898],[7.03055,44.72907],[7.03048,44.72907],[7.0304,44.72914],[7.03035,44.72916],[7.03032,44.72931],[7.03028,44.72936],[7.03017,44.72949],[7.03011,44.72956],[7.03007,44.72963],[7.02996,44.7297],[7.02976,44.72976],[7.02967,44.72985],[7.0295,44.72989],[7.02943,44.72997],[7.02939,44.73006],[7.02948,44.73011],[7.0295,44.73015],[7.02949,44.7302],[7.0296,44.73033],[7.02967,44.73043],[7.02969,44.73051],[7.02975,44.73061],[7.0298,44.73081],[7.02987,44.73082],[7.02995,44.73088],[7.02997,44.73096],[7.03003,44.73096],[7.03011,44.73104],[7.03013,44.73108],[7.03014,44.73112],[7.03009,44.73113],[7.03013,44.73118],[7.03019,44.73122],[7.03023,44.73134],[7.03027,44.73141],[7.03031,44.73147],[7.03032,44.73156],[7.03032,44.73164],[7.03035,44.73172],[7.03039,44.73181],[7.03037,44.7319],[7.03033,44.73194],[7.03032,44.732],[7.03031,44.73202],[7.03029,44.73208],[7.03033,44.73211],[7.03031,44.73218],[7.03022,44.73237],[7.03019,44.73245],[7.03019,44.73252],[7.03006,44.73267],[7.03003,44.73273],[7.03002,44.73278],[7.03003,44.73283],[7.03007,44.73297],[7.0301,44.7331],[7.03007,44.73322],[7.02997,44.73338],[7.02992,44.73344],[7.02987,44.73351],[7.02984,44.73358],[7.02983,44.73367],[7.02978,44.73373],[7.02971,44.73373],[7.02968,44.73376],[7.02965,44.73391],[7.0296,44.73397],[7.02952,44.73413],[7.02949,44.73417],[7.02947,44.73421],[7.02944,44.7343],[7.02938,44.73433],[7.02938,44.73439],[7.02926,44.73457],[7.02927,44.73461],[7.02925,44.73471],[7.02918,44.73475],[7.02914,44.73481],[7.0291,44.73489],[7.02899,44.73496],[7.0289,44.73505],[7.02885,44.73511],[7.02882,44.73519],[7.02881,44.73524],[7.02874,44.73527],[7.02861,44.73527],[7.02859,44.73525],[7.02854,44.73526],[7.02846,44.73526],[7.02844,44.73528],[7.02837,44.73528],[7.02832,44.7353],[7.02832,44.73534],[7.02827,44.73536],[7.02809,44.73538],[7.02802,44.73538],[7.02794,44.7354],[7.0278,44.73541],[7.02774,44.73541],[7.02768,44.73543],[7.02761,44.73544],[7.02758,44.73547],[7.02752,44.7355],[7.02727,44.73571],[7.02723,44.73582],[7.02724,44.7359],[7.02719,44.73597],[7.02709,44.73597],[7.02703,44.73601],[7.02702,44.73605],[7.02704,44.7361],[7.02711,44.73617],[7.02717,44.73629],[7.02718,44.73633],[7.02705,44.73652],[7.02694,44.73667],[7.02685,44.73667],[7.02677,44.73697],[7.02674,44.73706],[7.02662,44.73715],[7.02655,44.73722],[7.02655,44.73731],[7.02659,44.73752],[7.02655,44.73757],[7.02647,44.73755],[7.02644,44.73756],[7.02636,44.73753],[7.02632,44.73755],[7.02628,44.7376],[7.02625,44.73761],[7.02615,44.7376],[7.02612,44.73765],[7.02606,44.73767],[7.02595,44.73774],[7.02583,44.7378],[7.02579,44.73781],[7.02575,44.73783],[7.02573,44.73786],[7.02566,44.73787],[7.0256,44.73789],[7.0255,44.73802],[7.02545,44.73805],[7.02539,44.73806],[7.02526,44.73807],[7.02523,44.73809],[7.02522,44.73812],[7.02523,44.73819],[7.02518,44.73824],[7.02519,44.73827],[7.02518,44.73831],[7.02512,44.73835],[7.02503,44.73842],[7.025,44.73847],[7.02494,44.7385],[7.02491,44.73854],[7.02484,44.73862],[7.02477,44.73866],[7.02466,44.73872],[7.02461,44.73876],[7.02456,44.73881],[7.02453,44.73889],[7.0245,44.73894],[7.02443,44.73903],[7.02442,44.73906],[7.02439,44.73906],[7.02436,44.73908],[7.02433,44.73911],[7.02431,44.73912],[7.02424,44.73921],[7.02418,44.73926],[7.02409,44.73927],[7.02404,44.7393],[7.024,44.73932],[7.024,44.73937],[7.02399,44.73942],[7.02394,44.73953],[7.02392,44.73956],[7.02385,44.73959],[7.02382,44.73962],[7.0238,44.73967],[7.0238,44.73972],[7.02378,44.73975],[7.02376,44.73978],[7.02372,44.73978],[7.0237,44.73979],[7.02369,44.73984],[7.02364,44.73993],[7.02357,44.73998],[7.0235,44.74004],[7.02367,44.74005],[7.02369,44.74009],[7.02365,44.74019],[7.02368,44.74026],[7.02362,44.74028],[7.02357,44.74034],[7.02355,44.7404],[7.02355,44.74043],[7.02357,44.74045],[7.02358,44.74047],[7.02357,44.7405],[7.02357,44.74053],[7.02356,44.74057],[7.02357,44.74059],[7.02357,44.74064],[7.02358,44.74068],[7.02362,44.74077],[7.02364,44.74078],[7.02365,44.74081],[7.02366,44.74086],[7.02369,44.74086],[7.02372,44.74094],[7.02372,44.74099],[7.02374,44.74102],[7.02368,44.74105],[7.02367,44.74107],[7.02371,44.74113],[7.02373,44.74119],[7.02376,44.74123],[7.02381,44.74124],[7.02387,44.74129],[7.02392,44.74132],[7.02401,44.74132],[7.02409,44.74136],[7.02411,44.74139],[7.02414,44.74142],[7.02421,44.74144],[7.02427,44.7415],[7.02439,44.74162],[7.02452,44.74167],[7.02454,44.74173],[7.02459,44.74177],[7.02464,44.74182],[7.02465,44.74188],[7.02467,44.74192],[7.02474,44.74198],[7.02476,44.74201],[7.02479,44.7421],[7.02483,44.74218],[7.02489,44.74227],[7.02496,44.74234],[7.02511,44.74248],[7.02524,44.74256],[7.0253,44.74264],[7.02532,44.7427],[7.02536,44.74275],[7.02537,44.74277],[7.0255,44.74293],[7.02555,44.74301],[7.02557,44.74306],[7.02562,44.74311],[7.02568,44.74314],[7.0257,44.74322],[7.02574,44.74326],[7.02576,44.7433],[7.02576,44.74333],[7.02585,44.7434],[7.02586,44.74345],[7.0259,44.74354],[7.02589,44.74356],[7.0259,44.74361],[7.02596,44.74372],[7.02599,44.74378],[7.02601,44.74385],[7.02604,44.74391],[7.02609,44.74401],[7.02613,44.74406],[7.02614,44.74412],[7.02616,44.74416],[7.02615,44.7442],[7.02614,44.74423],[7.02615,44.74427],[7.02618,44.74431],[7.02626,44.74436],[7.02627,44.74442],[7.0263,44.74448],[7.02636,44.74453],[7.02644,44.74455],[7.02646,44.74458],[7.02638,44.74466],[7.02631,44.74469],[7.02618,44.74479],[7.02595,44.74504],[7.0259,44.74516],[7.02584,44.74525],[7.02575,44.74535],[7.02572,44.74549],[7.02568,44.74559],[7.02567,44.74564],[7.02566,44.74569],[7.02563,44.74573],[7.02556,44.74578],[7.02543,44.74584],[7.02538,44.74586],[7.02527,44.74595],[7.02521,44.74602],[7.02516,44.74604],[7.02511,44.74608],[7.02508,44.74612],[7.02503,44.74615],[7.02495,44.74625],[7.0249,44.74637],[7.02485,44.7464],[7.02473,44.74648],[7.02455,44.74663],[7.02447,44.74671],[7.02439,44.74685],[7.02427,44.74698],[7.02422,44.74703],[7.02417,44.74705],[7.02414,44.74709],[7.024,44.74713],[7.02396,44.74716],[7.02391,44.74719],[7.02376,44.74724],[7.02373,44.74726],[7.02371,44.74728],[7.02363,44.7473],[7.02357,44.74731],[7.0235,44.74731],[7.02348,44.74735],[7.0234,44.74739],[7.02339,44.74742],[7.02335,44.74743],[7.02329,44.74746],[7.02327,44.7475],[7.02323,44.74752],[7.02321,44.7476],[7.02324,44.74775],[7.02324,44.74783],[7.02322,44.74787],[7.02318,44.74798],[7.02297,44.74806],[7.0229,44.74809],[7.02292,44.74815],[7.0229,44.74819],[7.02288,44.74822],[7.02292,44.74825],[7.02295,44.74832],[7.02297,44.74837],[7.023,44.74843],[7.02297,44.74848],[7.02295,44.74855],[7.02303,44.74874],[7.02304,44.7488],[7.0231,44.74901],[7.02308,44.74915],[7.02308,44.74923],[7.02307,44.74929],[7.02301,44.74928],[7.02298,44.74931],[7.02287,44.74932],[7.02281,44.74935],[7.0228,44.74941],[7.02275,44.74943],[7.02266,44.74942],[7.02254,44.74947],[7.02239,44.74953],[7.02214,44.74956],[7.02207,44.74959],[7.022,44.7496],[7.02191,44.74961],[7.02188,44.74962],[7.02186,44.74964],[7.02189,44.7497],[7.02189,44.74975],[7.02184,44.74976],[7.02185,44.74979],[7.02188,44.74981],[7.02191,44.74982],[7.02191,44.74983],[7.0219,44.74988],[7.02193,44.74994],[7.02193,44.75001],[7.02192,44.75009],[7.0219,44.75011],[7.02187,44.75015],[7.02191,44.7502],[7.02188,44.75031],[7.02179,44.75047],[7.02166,44.75059],[7.02162,44.75065],[7.0216,44.75073],[7.02154,44.75086],[7.02155,44.75093],[7.02153,44.75107],[7.0215,44.75115],[7.02147,44.75118],[7.02136,44.75132],[7.02129,44.75143],[7.02122,44.7515],[7.02128,44.75163],[7.02131,44.75168],[7.0215,44.75179],[7.02152,44.75183],[7.02149,44.75191],[7.02147,44.75199],[7.02146,44.75207],[7.02153,44.75215],[7.02149,44.75226],[7.02145,44.75233],[7.02147,44.75256],[7.02147,44.75272],[7.02144,44.75281],[7.02152,44.75295],[7.02157,44.75301],[7.02161,44.75307],[7.0216,44.75314],[7.02161,44.75318],[7.02162,44.75323],[7.02166,44.75329],[7.02172,44.75334],[7.02181,44.75345],[7.02178,44.75355],[7.02178,44.75363],[7.02176,44.75369],[7.02173,44.75377],[7.02176,44.75383],[7.02175,44.75389],[7.02172,44.75393],[7.02171,44.75403],[7.02178,44.7542],[7.02176,44.75429],[7.02177,44.75438],[7.02175,44.75449],[7.02179,44.75455],[7.02179,44.75463],[7.02181,44.7547],[7.02193,44.75484],[7.02198,44.75488],[7.02234,44.75504],[7.02256,44.75509],[7.02288,44.75519],[7.02316,44.75526],[7.02364,44.75544],[7.02394,44.75545],[7.02403,44.75549],[7.02401,44.75563],[7.02404,44.75572],[7.02417,44.75581],[7.02417,44.75587],[7.02437,44.75605],[7.02457,44.75615],[7.02474,44.75619],[7.0249,44.75627],[7.02512,44.75629],[7.02507,44.75644],[7.02496,44.75651],[7.02496,44.7566],[7.02489,44.75665],[7.02477,44.7568],[7.02475,44.75692],[7.02481,44.75725],[7.02483,44.7573],[7.02479,44.75747],[7.02481,44.75758],[7.02482,44.75772],[7.02483,44.75786],[7.02482,44.75796],[7.02482,44.75813],[7.02489,44.75828],[7.02497,44.75836],[7.02488,44.75855],[7.02484,44.75859],[7.02483,44.75864],[7.02485,44.75871],[7.02486,44.75887],[7.02476,44.75894],[7.02469,44.75905],[7.02467,44.75914],[7.02474,44.75927],[7.02479,44.75934],[7.02479,44.75942],[7.02486,44.75954],[7.02498,44.75961],[7.02508,44.75964],[7.02515,44.75973],[7.02513,44.7598],[7.02514,44.75984],[7.0251,44.76001],[7.02505,44.76015],[7.02501,44.76033],[7.02494,44.76047],[7.025,44.7606],[7.02493,44.76068],[7.0249,44.76078],[7.02493,44.76088],[7.02494,44.76109],[7.02495,44.76123],[7.02504,44.76126],[7.02503,44.7614],[7.02504,44.76147],[7.02496,44.7616],[7.02483,44.76183],[7.02489,44.76198],[7.02483,44.76213],[7.02458,44.76258],[7.02454,44.76284],[7.02435,44.76342],[7.02425,44.76378],[7.02403,44.76406],[7.02322,44.76453],[7.02301,44.76466],[7.02278,44.76488],[7.02254,44.76514],[7.02235,44.76528],[7.02208,44.76565],[7.02173,44.76624],[7.02166,44.76639],[7.02168,44.76647],[7.02163,44.76652],[7.02155,44.76657],[7.02144,44.7666],[7.02125,44.76674],[7.0211,44.7669],[7.02101,44.76703],[7.02092,44.76712],[7.02082,44.76719],[7.02083,44.76725],[7.02078,44.76733],[7.02056,44.76745],[7.02049,44.76755],[7.02047,44.76768],[7.02042,44.76773],[7.0203,44.7678],[7.02014,44.76792],[7.02007,44.76801],[7.02009,44.76811],[7.02019,44.76828],[7.02018,44.76847],[7.02016,44.76863],[7.02016,44.76881],[7.02033,44.76913],[7.02046,44.76928],[7.02069,44.76942],[7.02092,44.76963],[7.02124,44.76996],[7.0217,44.77038],[7.02198,44.77073],[7.02205,44.77099],[7.02205,44.77112],[7.02197,44.77122],[7.02169,44.7713],[7.02156,44.77137],[7.02144,44.77142],[7.02106,44.77158],[7.02101,44.77166],[7.02103,44.77176],[7.02096,44.77185],[7.02085,44.77192],[7.0207,44.77201],[7.02055,44.77205],[7.02041,44.77215],[7.02028,44.77233],[7.02015,44.77248],[7.02003,44.77266],[7.01998,44.77282],[7.01994,44.77294],[7.01986,44.77318],[7.01987,44.77323],[7.01987,44.77334],[7.01985,44.7734],[7.01989,44.77354],[7.01993,44.7736],[7.01992,44.77369],[7.01989,44.77376],[7.0199,44.77385],[7.01985,44.77391],[7.01987,44.77397],[7.01986,44.77405],[7.01981,44.77407],[7.01979,44.77412],[7.01976,44.77415],[7.01974,44.77423],[7.01969,44.7743],[7.01968,44.77437],[7.01968,44.77444],[7.01966,44.7745],[7.01967,44.77463],[7.01964,44.77468],[7.01957,44.77475],[7.01949,44.7748],[7.01943,44.77485],[7.01941,44.77491],[7.01934,44.77495],[7.01931,44.775],[7.01924,44.77503],[7.01925,44.7751],[7.01922,44.77515],[7.0192,44.77525],[7.01917,44.7753],[7.01912,44.77548],[7.01909,44.7757],[7.01912,44.77585],[7.01912,44.77599],[7.01913,44.77608],[7.01904,44.77619],[7.01907,44.7763],[7.01902,44.77637],[7.01899,44.77657],[7.01883,44.77667],[7.01863,44.77685],[7.01844,44.77692],[7.0183,44.77699],[7.01818,44.77701],[7.01811,44.77699],[7.01806,44.77704],[7.01798,44.77704],[7.01793,44.77719],[7.01781,44.77732],[7.01771,44.77741],[7.01756,44.77747],[7.01744,44.77747],[7.01736,44.77763],[7.01719,44.77772],[7.01714,44.77778],[7.01679,44.77804],[7.01654,44.77827],[7.01632,44.77831],[7.01624,44.77834],[7.0162,44.7784],[7.01614,44.77844],[7.01606,44.77847],[7.01598,44.77844],[7.01578,44.77855],[7.01569,44.77857],[7.01563,44.77862],[7.01555,44.77864],[7.01546,44.77873],[7.01533,44.77886],[7.01524,44.77889],[7.0152,44.77893],[7.01515,44.77908],[7.01508,44.77923],[7.01504,44.77951],[7.01498,44.77963],[7.01483,44.77974],[7.0147,44.77982],[7.01461,44.77988],[7.01455,44.77997],[7.01456,44.77999],[7.01455,44.78006],[7.01451,44.78024],[7.01448,44.78029],[7.01447,44.78034],[7.01443,44.78042],[7.01438,44.78046],[7.01429,44.78056],[7.01414,44.78079],[7.0141,44.78084],[7.01402,44.78087],[7.01396,44.78089],[7.0139,44.78093],[7.01379,44.78103],[7.0137,44.78113],[7.01365,44.78126],[7.0136,44.78128],[7.01357,44.78131],[7.01353,44.78142],[7.0135,44.78144],[7.01345,44.78148],[7.01342,44.7815],[7.01336,44.78156],[7.01329,44.78162],[7.01327,44.78167],[7.01322,44.7817],[7.01312,44.78183],[7.01301,44.78194],[7.01292,44.78196],[7.01285,44.78199],[7.01282,44.78206],[7.01279,44.78213],[7.01274,44.7822],[7.01267,44.78237],[7.01252,44.78253],[7.01226,44.78279],[7.01217,44.78297],[7.01208,44.78306],[7.01202,44.78316],[7.01183,44.78333],[7.01176,44.78341],[7.01175,44.78351],[7.01162,44.78357],[7.01158,44.78365],[7.01161,44.78371],[7.01155,44.78377],[7.01151,44.78381],[7.01146,44.78384],[7.01131,44.78389],[7.01123,44.78394],[7.01098,44.78403],[7.01065,44.78425],[7.01058,44.78429],[7.01049,44.78436],[7.01042,44.78438],[7.01035,44.78434],[7.01026,44.78432],[7.01016,44.78436],[7.01012,44.78441],[7.01009,44.78448],[7.00975,44.78451],[7.00949,44.78454],[7.00914,44.7846],[7.00886,44.78461],[7.0086,44.78464],[7.00812,44.78468],[7.00801,44.7847],[7.00782,44.78477],[7.00752,44.78478],[7.00765,44.7848],[7.00728,44.78481],[7.00688,44.78499],[7.00664,44.78507],[7.00637,44.78508],[7.00614,44.78518],[7.00601,44.78525],[7.00596,44.78536],[7.00575,44.78555],[7.00548,44.78566],[7.00517,44.7858],[7.00495,44.78594],[7.00441,44.7862],[7.00411,44.78631],[7.0038,44.78632],[7.0037,44.78641],[7.00357,44.78658],[7.00321,44.78665],[7.00317,44.78682],[7.00309,44.78686],[7.00299,44.78693],[7.0029,44.78702],[7.00287,44.78712],[7.00278,44.78722],[7.00262,44.78728],[7.0024,44.78733],[7.00217,44.78773],[7.00141,44.78813],[7.00111,44.78871],[7.00085,44.789],[7.00009,44.78923],[6.99958,44.78972],[6.99987,44.79017],[6.99984,44.79058],[7.00009,44.79101],[7.00093,44.79221],[7.0017,44.7924],[7.00229,44.79246],[7.00287,44.79288],[7.00347,44.79277],[7.00418,44.79411],[7.00453,44.79439],[7.00478,44.79455],[7.00499,44.79462],[7.00496,44.79464],[7.00527,44.79466],[7.00549,44.79472],[7.00563,44.79486],[7.00565,44.79512],[7.00598,44.79525],[7.00619,44.79531],[7.0066,44.79536],[7.00695,44.79549],[7.00736,44.79557],[7.00762,44.79561],[7.0082,44.79575],[7.00837,44.7958],[7.00857,44.79591],[7.00883,44.79596],[7.00902,44.79609],[7.0092,44.79616],[7.00932,44.79631],[7.00945,44.79645],[7.00949,44.79653],[7.00969,44.79667],[7.00965,44.79674],[7.00967,44.79685],[7.00979,44.79701],[7.00988,44.79718],[7.00993,44.79732],[7.00998,44.79744],[7.0101,44.79779],[7.01013,44.79792],[7.01016,44.79811],[7.01014,44.79827],[7.01009,44.79849],[7.00954,44.79866],[7.00952,44.79881],[7.00937,44.79913],[7.0093,44.79921],[7.00934,44.79934],[7.00934,44.79942],[7.00938,44.79952],[7.00939,44.79961],[7.00931,44.79976],[7.00938,44.79988],[7.0093,44.80009],[7.00932,44.80019],[7.0093,44.80031],[7.00935,44.80047],[7.00937,44.80055],[7.00932,44.80063],[7.00929,44.80082],[7.00926,44.80092],[7.00939,44.80104],[7.00947,44.80118],[7.00949,44.80136],[7.00944,44.80157],[7.00935,44.80172],[7.00944,44.80186],[7.00947,44.80197],[7.00955,44.80206],[7.00959,44.80221],[7.00973,44.80235],[7.00991,44.80251],[7.01006,44.80269],[7.01035,44.80283],[7.01045,44.8029],[7.01053,44.80301],[7.01071,44.80314],[7.01093,44.80324],[7.01099,44.80334],[7.01115,44.80344],[7.01138,44.80366],[7.01142,44.80375],[7.01164,44.80372],[7.0117,44.80375],[7.01182,44.80382],[7.01214,44.80414],[7.01239,44.8042],[7.01254,44.80432],[7.01257,44.8044],[7.01263,44.80449],[7.01262,44.80469],[7.01265,44.80478],[7.01275,44.8049],[7.01284,44.80502],[7.01289,44.80509],[7.01294,44.80513],[7.01296,44.80517],[7.01297,44.80523],[7.01304,44.80526],[7.01306,44.80533],[7.01309,44.80535],[7.01315,44.80545],[7.01321,44.80552],[7.01329,44.80555],[7.01338,44.80564],[7.01339,44.80567],[7.01344,44.80573],[7.01345,44.80578],[7.01343,44.80583],[7.01344,44.80593],[7.01347,44.80598],[7.01349,44.80604],[7.01362,44.80618],[7.01371,44.80635],[7.01372,44.80642],[7.01375,44.80656],[7.01374,44.80659],[7.01372,44.80664],[7.01375,44.80679],[7.01375,44.80689],[7.01376,44.80699],[7.01376,44.80727],[7.01377,44.80732],[7.01391,44.80749],[7.01399,44.80761],[7.01403,44.80769],[7.01404,44.80786],[7.01406,44.80813],[7.01411,44.80824],[7.01417,44.80835],[7.01419,44.8084],[7.01418,44.80847],[7.0142,44.80852],[7.01427,44.8086],[7.01432,44.80866],[7.01433,44.80872],[7.01435,44.8088],[7.01441,44.80886],[7.01443,44.80891],[7.01442,44.80895],[7.01442,44.80899],[7.01443,44.80904],[7.0144,44.80908],[7.01438,44.80913],[7.01433,44.8092],[7.01439,44.80925],[7.01445,44.80931],[7.01444,44.80933],[7.01447,44.80937],[7.01456,44.80941],[7.01455,44.80945],[7.01454,44.80948],[7.01455,44.80956],[7.01457,44.8096],[7.01457,44.80962],[7.0146,44.80965],[7.01469,44.8097],[7.01484,44.80975],[7.01494,44.80978],[7.01505,44.8098],[7.0152,44.80985],[7.01537,44.80987],[7.01573,44.81005],[7.01613,44.81031],[7.01619,44.81037],[7.01621,44.81046],[7.01623,44.81053],[7.01631,44.81066],[7.01632,44.81073],[7.01634,44.81078],[7.01634,44.81083],[7.01643,44.81087],[7.01651,44.81095],[7.01659,44.81103],[7.01671,44.81118],[7.01682,44.81126],[7.01693,44.81136],[7.01704,44.81145],[7.01723,44.81155],[7.01723,44.81159],[7.0173,44.81163],[7.0174,44.81175],[7.01755,44.81186],[7.0177,44.81194],[7.01817,44.81206],[7.01822,44.81213],[7.01832,44.81219],[7.01841,44.81222],[7.01847,44.81223],[7.01864,44.81224],[7.01876,44.8123],[7.01886,44.81235],[7.01892,44.81237],[7.01896,44.81243],[7.01902,44.81244],[7.01907,44.81248],[7.01916,44.81252],[7.01918,44.81256],[7.01947,44.81271],[7.01947,44.81278],[7.01945,44.81286],[7.01941,44.81294],[7.01942,44.813],[7.01946,44.81307],[7.01943,44.81312],[7.01944,44.81317],[7.01949,44.81325],[7.01957,44.81331],[7.01962,44.81342],[7.01969,44.81353],[7.01964,44.81384],[7.01963,44.81395],[7.01961,44.81407],[7.01958,44.81416],[7.01957,44.81422],[7.01957,44.81426],[7.01962,44.8143],[7.01964,44.81436],[7.01963,44.81441],[7.01965,44.81444],[7.01964,44.81445],[7.01965,44.81448],[7.01972,44.81453],[7.01976,44.81458],[7.01978,44.81462],[7.01982,44.81467],[7.01983,44.8147],[7.01988,44.81473],[7.02001,44.81478],[7.02001,44.81481],[7.02004,44.81484],[7.02014,44.81486],[7.02019,44.81489],[7.02021,44.81499],[7.02019,44.81515],[7.02021,44.81524],[7.02023,44.81533],[7.02028,44.81538],[7.02027,44.81547],[7.02026,44.8155],[7.0203,44.81556],[7.0203,44.81559],[7.02026,44.8156],[7.02022,44.81562],[7.02025,44.81565],[7.02023,44.81577],[7.02031,44.81583],[7.02031,44.8159],[7.02029,44.81594],[7.02033,44.81604],[7.02038,44.81619],[7.02027,44.81624],[7.02022,44.81632],[7.0202,44.8164],[7.0202,44.81654],[7.02022,44.81666],[7.0203,44.81681],[7.02021,44.81691],[7.02012,44.81699],[7.02001,44.81703],[7.01994,44.81716],[7.01985,44.81729],[7.01974,44.81737],[7.01969,44.81752],[7.01964,44.81758],[7.01975,44.81767],[7.0198,44.81777],[7.01979,44.81796],[7.01979,44.81804],[7.01985,44.81825],[7.01991,44.81841],[7.0199,44.81851],[7.01998,44.81854],[7.01999,44.81862],[7.02012,44.81883],[7.02036,44.819],[7.02047,44.81912],[7.02059,44.81929],[7.0207,44.81938],[7.02063,44.81943],[7.02052,44.81955],[7.0205,44.81974],[7.02055,44.81981],[7.0207,44.81989],[7.02078,44.81999],[7.02075,44.82014],[7.02077,44.82021],[7.02073,44.82026],[7.02076,44.82032],[7.02123,44.82045],[7.02131,44.82051],[7.0214,44.82051],[7.0215,44.82061],[7.02163,44.82062],[7.02172,44.82069],[7.02198,44.82084],[7.02226,44.82088],[7.0224,44.82095],[7.0225,44.82097],[7.02264,44.821],[7.02294,44.82117],[7.02302,44.82121],[7.02324,44.82127],[7.02327,44.82131],[7.02331,44.82135],[7.02332,44.82137],[7.02331,44.82141],[7.02334,44.82147],[7.02333,44.8215],[7.02334,44.82154],[7.02333,44.82161],[7.02338,44.82164],[7.02343,44.8217],[7.02342,44.82174],[7.02342,44.82179],[7.02345,44.82185],[7.02346,44.82191],[7.02343,44.82199],[7.02343,44.82203],[7.02353,44.82204],[7.02358,44.82209],[7.02364,44.82212],[7.0237,44.82213],[7.02373,44.82216],[7.02377,44.82218],[7.02382,44.82224],[7.02386,44.82232],[7.02398,44.82234],[7.02405,44.82237],[7.02412,44.82241],[7.02417,44.82242],[7.02419,44.82249],[7.02422,44.82255],[7.02424,44.82262],[7.02416,44.82268],[7.02412,44.82272],[7.02416,44.82276],[7.02419,44.82285],[7.02419,44.82291],[7.02414,44.82298],[7.02415,44.82304],[7.02406,44.82313],[7.02391,44.82322],[7.02366,44.82325],[7.0233,44.82327],[7.02312,44.82329],[7.02252,44.8233],[7.02237,44.82329],[7.02228,44.8233],[7.02219,44.8233],[7.02215,44.82333],[7.02203,44.82338],[7.02187,44.82342],[7.02181,44.82347],[7.02175,44.82348],[7.02171,44.82353],[7.02171,44.82357],[7.02163,44.82359],[7.02154,44.82361],[7.02145,44.82364],[7.0214,44.82368],[7.0214,44.82374],[7.02134,44.82377],[7.02128,44.82384],[7.02124,44.82391],[7.02125,44.82399],[7.02118,44.82404],[7.02114,44.82412],[7.02109,44.82417],[7.02107,44.82421],[7.021,44.82425],[7.0209,44.82429],[7.02084,44.82432],[7.02068,44.82446],[7.02062,44.82445],[7.02056,44.82448],[7.0205,44.82448],[7.02041,44.82457],[7.02036,44.82457],[7.0203,44.82457],[7.02024,44.82464],[7.02015,44.82468],[7.0201,44.82466],[7.01998,44.82465],[7.01985,44.82469],[7.01976,44.82473],[7.01966,44.82475],[7.01949,44.82475],[7.01944,44.82476],[7.01941,44.8248],[7.01936,44.82483],[7.01927,44.82484],[7.01921,44.82483],[7.01908,44.82484],[7.01905,44.82484],[7.01903,44.82486],[7.01881,44.82484],[7.01876,44.82484],[7.01872,44.82485],[7.01867,44.82487],[7.01865,44.8249],[7.01859,44.82491],[7.01855,44.82491],[7.01849,44.82491],[7.01843,44.82488],[7.01834,44.82486],[7.01819,44.82489],[7.01811,44.82493],[7.01792,44.82495],[7.01788,44.82494],[7.01783,44.82492],[7.01778,44.82491],[7.01765,44.82486],[7.0176,44.82486],[7.01755,44.82483],[7.0175,44.82482],[7.0174,44.82481],[7.01729,44.82483],[7.0172,44.82485],[7.01709,44.82484],[7.01703,44.82481],[7.01698,44.82477],[7.01692,44.82475],[7.01685,44.82475],[7.01679,44.82474],[7.01672,44.82472],[7.01662,44.82472],[7.01649,44.82474],[7.0163,44.82479],[7.01605,44.82482],[7.01598,44.82484],[7.01592,44.8248],[7.01582,44.82479],[7.01573,44.8248],[7.01567,44.82481],[7.01561,44.8248],[7.01542,44.82481],[7.01528,44.82484],[7.01523,44.82484],[7.01519,44.82484],[7.01514,44.82486],[7.01506,44.82488],[7.01502,44.8249],[7.01497,44.82494],[7.0149,44.82496],[7.01484,44.82499],[7.0148,44.82503],[7.01478,44.82507],[7.01475,44.8251],[7.01471,44.82511],[7.01466,44.82511],[7.01461,44.82508],[7.01452,44.82509],[7.01448,44.82509],[7.01444,44.82515],[7.01439,44.82515],[7.01422,44.82516],[7.01417,44.82515],[7.01411,44.82513],[7.01404,44.82514],[7.01397,44.82513],[7.0139,44.8251],[7.01383,44.82509],[7.01372,44.82505],[7.01367,44.82506],[7.01362,44.82508],[7.01355,44.82506],[7.01348,44.82505],[7.01346,44.82503],[7.01338,44.82502],[7.01332,44.82499],[7.01312,44.82502],[7.01296,44.82506],[7.01281,44.82505],[7.01266,44.82508],[7.01259,44.82509],[7.01253,44.82509],[7.01246,44.82512],[7.01219,44.82515],[7.01207,44.82515],[7.01195,44.82518],[7.01183,44.82528],[7.01178,44.82529],[7.0116,44.82535],[7.01151,44.82537],[7.01143,44.8254],[7.01131,44.82545],[7.01124,44.82546],[7.01114,44.82549],[7.01094,44.82564],[7.01088,44.82567],[7.01074,44.82572],[7.01063,44.82579],[7.01056,44.82584],[7.01049,44.82586],[7.01034,44.8259],[7.01022,44.82593],[7.01015,44.82596],[7.01006,44.82597],[7.00998,44.826],[7.00987,44.82607],[7.00979,44.82608],[7.00973,44.82611],[7.00966,44.82614],[7.00959,44.8262],[7.00954,44.82625],[7.00952,44.82632],[7.00945,44.82647],[7.00941,44.82654],[7.00931,44.82664],[7.00929,44.82669],[7.00931,44.82674],[7.00937,44.82685],[7.00936,44.82693],[7.00937,44.82709],[7.00938,44.82722],[7.00939,44.82731],[7.00943,44.82742],[7.00945,44.82756],[7.00963,44.82795],[7.00968,44.82802],[7.00966,44.8281],[7.00971,44.82818],[7.00965,44.82829],[7.00969,44.82835],[7.0097,44.82843],[7.00974,44.82852],[7.00975,44.82857],[7.00974,44.82862],[7.00972,44.82868],[7.00972,44.82875],[7.00967,44.82882],[7.00958,44.82905],[7.00951,44.82912],[7.00931,44.82928],[7.00913,44.82947],[7.00907,44.82957],[7.00895,44.82972],[7.00893,44.82977],[7.00898,44.82991],[7.00895,44.82999],[7.00886,44.83017],[7.00884,44.83026],[7.00883,44.83033],[7.00884,44.83047],[7.00883,44.83067],[7.00877,44.8309],[7.00871,44.8311],[7.00866,44.83115],[7.00864,44.83128],[7.00865,44.83138],[7.00861,44.83143],[7.00855,44.83154],[7.00859,44.83178],[7.00859,44.83186],[7.00858,44.83196],[7.00853,44.8321],[7.0079,44.83302],[7.00784,44.83307],[7.00778,44.83313],[7.00772,44.83323],[7.00775,44.83329],[7.00772,44.83338],[7.00768,44.83345],[7.00762,44.83349],[7.00752,44.83353],[7.00747,44.8336],[7.00743,44.8337],[7.00736,44.83379],[7.00731,44.83386],[7.00725,44.83397],[7.00722,44.83402],[7.00721,44.8341],[7.00716,44.83416],[7.00714,44.83423],[7.00713,44.83429],[7.00715,44.83434],[7.00716,44.83438],[7.00712,44.83443],[7.00711,44.83456],[7.00711,44.83463],[7.00711,44.83473],[7.00707,44.83482],[7.00694,44.83485],[7.00687,44.835],[7.00686,44.83517],[7.00655,44.83504],[7.00634,44.83502],[7.00635,44.83517],[7.00626,44.83522],[7.00633,44.83533],[7.00639,44.83545],[7.00639,44.83556],[7.00638,44.83559],[7.00638,44.83563],[7.00643,44.83578],[7.00644,44.83584],[7.00645,44.8359],[7.00643,44.83594],[7.00643,44.83599],[7.0064,44.83607],[7.00641,44.83611],[7.00645,44.83614],[7.00645,44.8362],[7.00643,44.83624],[7.00637,44.83629],[7.00628,44.83642],[7.00639,44.83657],[7.00632,44.83667],[7.00635,44.83678],[7.00637,44.8369],[7.00641,44.83705],[7.00643,44.8372],[7.00646,44.8373],[7.00652,44.83742],[7.00659,44.83749],[7.00666,44.83758],[7.00668,44.83766],[7.00678,44.83782],[7.00678,44.83789],[7.00684,44.83796],[7.00686,44.83802],[7.00677,44.83816],[7.00678,44.83827],[7.00676,44.83844],[7.00684,44.83856],[7.00676,44.83869],[7.00672,44.83881],[7.00666,44.83891],[7.00665,44.83897],[7.00663,44.83905],[7.00662,44.83917],[7.00662,44.83934],[7.00658,44.83941],[7.00655,44.83962],[7.00661,44.8398],[7.00644,44.83984],[7.00635,44.83988],[7.00611,44.83995],[7.00598,44.83999],[7.00586,44.84002],[7.00575,44.84006],[7.00557,44.84018],[7.00545,44.84023],[7.00528,44.84029],[7.00506,44.84029],[7.00493,44.84033],[7.00483,44.84039],[7.00469,44.8404],[7.00456,44.84043],[7.00448,44.84044],[7.00437,44.84046],[7.00424,44.84051],[7.00416,44.84055],[7.00409,44.84066],[7.00397,44.84074],[7.00386,44.84078],[7.00373,44.84087],[7.00365,44.84091],[7.00355,44.84095],[7.00344,44.84098],[7.00337,44.84105],[7.00324,44.84112],[7.00311,44.84116],[7.00303,44.84121],[7.00294,44.84125],[7.00284,44.84133],[7.00273,44.84139],[7.00247,44.84167],[7.00235,44.84171],[7.0022,44.84177],[7.00206,44.84189],[7.00194,44.84193],[7.00175,44.84202],[7.00166,44.84211],[7.00159,44.84219],[7.00153,44.84224],[7.00144,44.84232],[7.00139,44.84237],[7.00126,44.8424],[7.00111,44.84239],[7.00073,44.84235],[7.0004,44.84226],[7.00021,44.84223],[7.00009,44.84223],[6.99967,44.84224],[6.99945,44.84227],[6.99934,44.84224],[6.99904,44.84223],[6.99883,44.84221],[6.99852,44.8422],[6.9982,44.84209],[6.99791,44.84206],[6.99766,44.84205],[6.99737,44.84211],[6.997,44.84207],[6.99678,44.84205],[6.99657,44.84204],[6.99643,44.84201],[6.99624,44.84201],[6.99613,44.84204],[6.99585,44.84205],[6.99576,44.84203],[6.99548,44.84206],[6.99528,44.84208],[6.99505,44.8421],[6.99484,44.84214],[6.99462,44.84218],[6.99431,44.84223],[6.99416,44.84226],[6.99399,44.8423],[6.99387,44.84235],[6.99376,44.8424],[6.99369,44.84241],[6.99364,44.84245],[6.99357,44.84249],[6.99346,44.84252],[6.99335,44.84254],[6.99322,44.84258],[6.99317,44.84257],[6.99309,44.84266],[6.99297,44.84275],[6.99287,44.84279],[6.9928,44.84285],[6.99275,44.84293],[6.99253,44.84295],[6.99241,44.84298],[6.99229,44.84308],[6.99224,44.84317],[6.99218,44.84323],[6.99203,44.8433],[6.99197,44.84335],[6.99192,44.84342],[6.99178,44.84345],[6.99177,44.84349],[6.99171,44.84353],[6.99165,44.84355],[6.99155,44.84356],[6.99153,44.84361],[6.9914,44.8437],[6.99129,44.8437],[6.99123,44.84376],[6.99113,44.84376],[6.99103,44.84376],[6.99096,44.84379],[6.99081,44.8438],[6.9907,44.84379],[6.99056,44.84384],[6.99042,44.84387],[6.9903,44.84395],[6.99015,44.84403],[6.98997,44.84414],[6.98978,44.84418],[6.98947,44.84421],[6.98913,44.84426],[6.98897,44.84424],[6.98871,44.84426],[6.98854,44.84428],[6.98845,44.84428],[6.98838,44.84432],[6.98835,44.84435],[6.98833,44.84444],[6.98832,44.84451],[6.98834,44.84457],[6.98827,44.84459],[6.98818,44.84465],[6.988,44.84462],[6.98792,44.84462],[6.98784,44.84465],[6.98764,44.84464],[6.98751,44.84464],[6.98741,44.84467],[6.98724,44.84477],[6.98707,44.84477],[6.98697,44.84481],[6.98687,44.84497],[6.98686,44.84505],[6.98649,44.84519],[6.98636,44.8453],[6.9863,44.84534],[6.98623,44.8454],[6.98616,44.84533],[6.98587,44.84523],[6.98558,44.84516],[6.98544,44.84514],[6.98531,44.84522],[6.98506,44.84531],[6.98491,44.84537],[6.98471,44.84542],[6.98459,44.84542],[6.9844,44.84551],[6.98424,44.84567],[6.98401,44.84579],[6.98388,44.84584],[6.98371,44.84606],[6.98368,44.84615],[6.98333,44.84615],[6.98301,44.84629],[6.98283,44.84627],[6.98271,44.84626],[6.98262,44.8463],[6.98248,44.84632],[6.98235,44.84636],[6.98224,44.84643],[6.98216,44.8465],[6.98203,44.84648],[6.98192,44.84649],[6.98182,44.84656],[6.98165,44.84653],[6.98157,44.84655],[6.9815,44.8466],[6.98147,44.84666],[6.98134,44.84676],[6.98119,44.84683],[6.98085,44.84676],[6.98063,44.84674],[6.98033,44.84666],[6.98002,44.8466],[6.97969,44.84649],[6.9794,44.84645],[6.97932,44.84647],[6.97923,44.84645],[6.97912,44.84643],[6.979,44.84648],[6.97889,44.84645],[6.97871,44.84643],[6.97857,44.84638],[6.97846,44.84633],[6.97838,44.84622],[6.97835,44.84608],[6.97806,44.84591],[6.97794,44.84587],[6.97778,44.84586],[6.97757,44.8458],[6.97723,44.84577],[6.97698,44.84573],[6.97669,44.84574],[6.97655,44.84573],[6.97638,44.84573],[6.97624,44.84577],[6.97609,44.84581],[6.97595,44.84582],[6.97588,44.84589],[6.97566,44.846],[6.97546,44.84599],[6.97537,44.84603],[6.97518,44.84604],[6.97497,44.84606],[6.97479,44.84609],[6.97454,44.84606],[6.9744,44.84606],[6.97435,44.84611],[6.97425,44.84613],[6.97406,44.84616],[6.97397,44.84618],[6.97385,44.84616],[6.9737,44.84617],[6.97336,44.84612],[6.97307,44.84613],[6.97293,44.84612],[6.97277,44.8461],[6.9726,44.84613],[6.97253,44.84611],[6.97243,44.84612],[6.97229,44.84609],[6.97201,44.84621],[6.97172,44.84631],[6.97136,44.84633],[6.97097,44.84633],[6.97072,44.84642],[6.97058,44.84643],[6.97047,44.8465],[6.97031,44.84654],[6.97021,44.84666],[6.9701,44.84671],[6.96996,44.84679],[6.96975,44.84689],[6.96957,44.8469],[6.96932,44.84697],[6.96908,44.847],[6.96887,44.84699],[6.96858,44.84712],[6.96808,44.84715],[6.96784,44.84725],[6.9677,44.84744],[6.96774,44.84799],[6.96773,44.84811],[6.96764,44.84834],[6.96749,44.84852],[6.96729,44.84866],[6.96697,44.84879],[6.96669,44.84885],[6.96644,44.84893],[6.96625,44.84903],[6.96621,44.84916],[6.96611,44.8492],[6.96605,44.84927],[6.96544,44.84921],[6.9652,44.84926],[6.96503,44.84936],[6.96474,44.84944],[6.96447,44.84965],[6.96414,44.84965],[6.96405,44.84967],[6.9639,44.84976],[6.96387,44.84989],[6.96366,44.85004],[6.96353,44.85007],[6.96328,44.85026],[6.9631,44.85035],[6.963,44.85034],[6.96288,44.85036],[6.9627,44.8504],[6.96259,44.8504],[6.96253,44.85048],[6.96233,44.85052],[6.96226,44.85058],[6.96224,44.85062],[6.96205,44.85071],[6.96176,44.85076],[6.96157,44.85074],[6.96139,44.85075],[6.96117,44.85084],[6.96108,44.85085],[6.961,44.85086],[6.96094,44.85097],[6.9609,44.85104],[6.9608,44.8511],[6.96077,44.85121],[6.96066,44.85134],[6.96034,44.85136],[6.96023,44.85142],[6.96018,44.85152],[6.96006,44.85167],[6.95979,44.85185],[6.95959,44.85193],[6.95937,44.85208],[6.95889,44.85244],[6.95876,44.85257],[6.95858,44.85263],[6.95824,44.85267],[6.95803,44.85273],[6.95766,44.85269],[6.9574,44.85276],[6.95729,44.85303],[6.95622,44.8536],[6.95564,44.85437],[6.95442,44.85559],[6.95341,44.85526],[6.95289,44.85587],[6.95218,44.85588],[6.95115,44.85588],[6.95072,44.85585],[6.95033,44.85594],[6.95025,44.856],[6.95012,44.85613],[6.94999,44.85613],[6.94986,44.85616],[6.94977,44.85619],[6.94966,44.85632],[6.9496,44.85642],[6.94916,44.85666],[6.94884,44.85681],[6.9487,44.85706],[6.94814,44.85723],[6.94714,44.85728],[6.94693,44.85742],[6.94554,44.85791],[6.94481,44.85851],[6.94431,44.85925],[6.94381,44.85934],[6.94297,44.85968],[6.94246,44.85973],[6.94184,44.85984],[6.94156,44.85994],[6.94111,44.8599],[6.94078,44.85985],[6.94041,44.85985],[6.94011,44.85998],[6.93955,44.86006],[6.93894,44.86015],[6.93833,44.86029],[6.93709,44.86085],[6.93642,44.86137],[6.93605,44.86185],[6.93555,44.86205],[6.93523,44.86212],[6.935,44.86211],[6.93483,44.86211],[6.93468,44.86217],[6.93449,44.86221],[6.93425,44.86225],[6.93416,44.86223],[6.93403,44.86216],[6.9338,44.86216],[6.93349,44.86216],[6.93327,44.86221],[6.93291,44.86237],[6.93256,44.86259],[6.9322,44.86284],[6.93198,44.86312],[6.9318,44.86319],[6.93166,44.86334],[6.93164,44.86349],[6.93143,44.8636],[6.93137,44.86368],[6.93122,44.86363],[6.93098,44.86335],[6.93091,44.86309],[6.93064,44.86288],[6.93051,44.86267],[6.93028,44.86246],[6.92977,44.8619],[6.92954,44.86142],[6.92925,44.86116],[6.92884,44.86098],[6.92846,44.86075],[6.92827,44.86047],[6.92799,44.86025],[6.92753,44.85996],[6.92722,44.85981],[6.92692,44.85963],[6.92652,44.85937],[6.92653,44.85902],[6.92624,44.85859],[6.9262,44.85806],[6.92645,44.85768],[6.92646,44.85731],[6.92669,44.85704],[6.92681,44.85677],[6.92678,44.85639],[6.92639,44.85626],[6.92615,44.85615],[6.92597,44.85586],[6.92583,44.85561],[6.92555,44.85536],[6.92532,44.8552],[6.92502,44.8549],[6.9245,44.85458],[6.92443,44.8545],[6.92436,44.8544],[6.92432,44.85432],[6.9242,44.85422],[6.92402,44.85405],[6.92394,44.85395],[6.92369,44.85367],[6.92351,44.85345],[6.92342,44.85333],[6.92338,44.85325],[6.92329,44.8531],[6.92321,44.85305],[6.92318,44.85299],[6.92319,44.85291],[6.92316,44.85286],[6.92311,44.85275],[6.92313,44.85269],[6.92313,44.85265],[6.92309,44.85254],[6.92307,44.85242],[6.92303,44.85231],[6.92297,44.85221],[6.9228,44.85195],[6.9226,44.85163],[6.92255,44.85156],[6.92251,44.85148],[6.92243,44.85136],[6.92234,44.85125],[6.92219,44.85112],[6.92212,44.85109],[6.922,44.85097],[6.92178,44.85088],[6.92171,44.85084],[6.92155,44.85073],[6.92139,44.85063],[6.92121,44.85048],[6.92095,44.85029],[6.92063,44.85011],[6.92038,44.84998],[6.91982,44.84974],[6.91929,44.84949],[6.91892,44.84926],[6.91862,44.8491],[6.91841,44.84894],[6.9182,44.84877],[6.91795,44.84867],[6.91776,44.84857],[6.91739,44.84847],[6.91708,44.84833],[6.91686,44.84819],[6.91671,44.84811],[6.91654,44.84808],[6.91637,44.84803],[6.91618,44.848],[6.9159,44.84782],[6.91544,44.84772],[6.91524,44.84765],[6.91505,44.84753],[6.91494,44.84743],[6.91488,44.84733],[6.91485,44.84722],[6.91484,44.84712],[6.91459,44.84703],[6.91453,44.84695],[6.91454,44.84688],[6.91453,44.84677],[6.91454,44.84668],[6.91449,44.84663],[6.91446,44.84652],[6.91444,44.84645],[6.91437,44.84631],[6.91444,44.84622],[6.91428,44.84611],[6.91428,44.84606],[6.91418,44.84595],[6.91404,44.84589],[6.91398,44.84579],[6.91386,44.84568],[6.91379,44.84554],[6.91374,44.84546],[6.9135,44.84534],[6.91323,44.84515],[6.91286,44.84504],[6.91271,44.84497],[6.91234,44.84492],[6.9122,44.84487],[6.91203,44.84482],[6.91183,44.84482],[6.91163,44.84483],[6.91144,44.84482],[6.91127,44.8448],[6.9111,44.8448],[6.91097,44.84481],[6.9107,44.84479],[6.91037,44.84473],[6.91028,44.84475],[6.90999,44.84472],[6.90989,44.84467],[6.90973,44.84462],[6.9095,44.84456],[6.9091,44.84454],[6.90902,44.84457],[6.9089,44.84446],[6.90875,44.84439],[6.90863,44.84438],[6.90849,44.84439],[6.90836,44.84442],[6.90804,44.84436],[6.90783,44.84436],[6.90753,44.84439],[6.90731,44.84433],[6.90713,44.84422],[6.90677,44.84444],[6.90651,44.8446],[6.90628,44.84476],[6.90608,44.84493],[6.90592,44.84515],[6.90568,44.84559],[6.90519,44.84634],[6.90505,44.8465],[6.905,44.84661],[6.90492,44.84667],[6.90486,44.84676],[6.90488,44.84687],[6.90482,44.84697],[6.9046,44.84703],[6.90452,44.8471],[6.90445,44.84711],[6.90443,44.84717],[6.90431,44.84718],[6.90422,44.84725],[6.90412,44.84732],[6.90407,44.84738],[6.9039,44.84744],[6.90355,44.84765],[6.90349,44.84773],[6.9034,44.84781],[6.90339,44.8479],[6.9033,44.84794],[6.90318,44.84802],[6.90313,44.84814],[6.903,44.84808],[6.90291,44.84807],[6.90278,44.84804],[6.90268,44.84801],[6.90256,44.84799],[6.90248,44.84801],[6.90234,44.84802],[6.90217,44.84803],[6.90209,44.848],[6.90194,44.84804],[6.90173,44.84801],[6.90161,44.848],[6.90156,44.84797],[6.90145,44.84793],[6.90137,44.84788],[6.90133,44.84788],[6.90124,44.84784],[6.9012,44.84784],[6.90112,44.8478],[6.90108,44.84782],[6.90098,44.8478],[6.90089,44.84777],[6.90083,44.84772],[6.90077,44.84774],[6.90063,44.84775],[6.90055,44.84773],[6.90051,44.84771],[6.90045,44.84773],[6.90038,44.84774],[6.90033,44.8477],[6.90026,44.8477],[6.90021,44.84772],[6.90016,44.84781],[6.9001,44.84784],[6.89992,44.84783],[6.89978,44.8479],[6.89949,44.84794],[6.89931,44.84794],[6.89924,44.84791],[6.89915,44.8479],[6.8991,44.84788],[6.89899,44.84787],[6.89893,44.84788],[6.89889,44.84794],[6.8989,44.84799],[6.89898,44.84804],[6.89898,44.84811],[6.89893,44.84815],[6.89885,44.84815],[6.89886,44.84821],[6.89882,44.84826],[6.89872,44.84833],[6.89865,44.84837],[6.89861,44.84841],[6.8986,44.84848],[6.89852,44.8485],[6.89842,44.84849],[6.89837,44.84852],[6.89824,44.84854],[6.89812,44.84851],[6.89805,44.84855],[6.89788,44.84838],[6.89783,44.84836],[6.89745,44.84821],[6.89736,44.84817],[6.89723,44.84813],[6.89691,44.84805],[6.89673,44.84804],[6.89651,44.84799],[6.8964,44.84801],[6.89622,44.84802],[6.89612,44.848],[6.89584,44.84794],[6.8958,44.84792],[6.89569,44.8479],[6.89553,44.84788],[6.89542,44.84784],[6.89538,44.8478],[6.89528,44.84777],[6.89514,44.8478],[6.89508,44.84784],[6.8949,44.84787],[6.89481,44.84792],[6.89476,44.84799],[6.89462,44.84804],[6.89453,44.84801],[6.89441,44.84804],[6.89419,44.84802],[6.8941,44.84797],[6.89403,44.84799],[6.89391,44.848],[6.89375,44.84804],[6.89365,44.84811],[6.89353,44.84816],[6.89337,44.84819],[6.89325,44.84815],[6.89319,44.84815],[6.8931,44.84821],[6.89274,44.84811],[6.89261,44.84824],[6.89234,44.8482],[6.89215,44.84819],[6.89202,44.8482],[6.89198,44.84815],[6.89197,44.84811],[6.8919,44.84807],[6.89177,44.848],[6.89168,44.84801],[6.89153,44.84795],[6.89143,44.84796],[6.89134,44.84793],[6.89127,44.84793],[6.89118,44.84788],[6.89112,44.84787],[6.89096,44.84788],[6.89086,44.84788],[6.89074,44.8479],[6.89043,44.84789],[6.89038,44.84787],[6.89029,44.84787],[6.89017,44.84784],[6.89012,44.84785],[6.88991,44.84785],[6.88977,44.84778],[6.8897,44.84774],[6.88963,44.84774],[6.88948,44.84776],[6.88937,44.84773],[6.88926,44.84767],[6.88916,44.84762],[6.88911,44.84763],[6.88903,44.84766],[6.88892,44.84764],[6.88874,44.84751],[6.88866,44.84747],[6.88853,44.84744],[6.88847,44.8474],[6.8884,44.84737],[6.88835,44.84733],[6.88827,44.84734],[6.88821,44.84736],[6.88814,44.8474],[6.88805,44.84739],[6.88796,44.84733],[6.88779,44.84727],[6.8876,44.84727],[6.88747,44.84727],[6.88741,44.84728],[6.88734,44.84726],[6.88724,44.84733],[6.88716,44.84733],[6.88703,44.8473],[6.88696,44.84725],[6.88671,44.84722],[6.88657,44.84727],[6.88647,44.84733],[6.88635,44.84734],[6.88614,44.84727],[6.88594,44.84724],[6.88576,44.84723],[6.88565,44.84725],[6.88552,44.8473],[6.8854,44.84728],[6.88529,44.84729],[6.88518,44.8473],[6.88505,44.84728],[6.88493,44.84738],[6.88472,44.8475],[6.88449,44.84762],[6.88417,44.84764],[6.88394,44.84766],[6.88386,44.84782],[6.8837,44.848],[6.88348,44.84808],[6.88335,44.8481],[6.88326,44.84805],[6.88316,44.84811],[6.883,44.84818],[6.88299,44.84828],[6.88285,44.84854],[6.88272,44.84879],[6.8826,44.84887],[6.88254,44.84899],[6.88257,44.84936],[6.88262,44.84955],[6.88257,44.84963],[6.88239,44.84962],[6.88225,44.84965],[6.88201,44.84968],[6.88183,44.84969],[6.88175,44.84964],[6.88166,44.84968],[6.88132,44.8496],[6.88109,44.84951],[6.88074,44.84944],[6.88078,44.84954],[6.88074,44.84961],[6.88039,44.84964],[6.88015,44.84969],[6.88002,44.84979],[6.87994,44.84983],[6.87986,44.84993],[6.87973,44.84996],[6.87965,44.84995],[6.8795,44.85],[6.87933,44.85005],[6.87929,44.85014],[6.87916,44.85019],[6.87913,44.85025],[6.87893,44.85038],[6.87891,44.85045],[6.8788,44.85063],[6.87867,44.85063],[6.87821,44.85066],[6.87813,44.85071],[6.87806,44.85075],[6.87795,44.85073],[6.87789,44.85078],[6.87774,44.8508],[6.87761,44.85082],[6.87752,44.85088],[6.87747,44.85093],[6.87732,44.85103],[6.87724,44.85116],[6.87718,44.85124],[6.87705,44.85134],[6.87693,44.85135],[6.8768,44.85133],[6.87646,44.8512],[6.87621,44.85107],[6.87585,44.85095],[6.8756,44.85088],[6.87532,44.85098],[6.87516,44.85104],[6.87483,44.85098],[6.87454,44.8509],[6.87422,44.85086],[6.87403,44.85091],[6.87387,44.8509],[6.87368,44.85084],[6.87351,44.85082],[6.87332,44.85076],[6.87324,44.85066],[6.87305,44.85059],[6.87292,44.8506],[6.87283,44.8505],[6.87229,44.85035],[6.87209,44.85035],[6.87165,44.85036],[6.8713,44.85024],[6.87118,44.85018],[6.8711,44.8501],[6.87087,44.85006],[6.87079,44.85001],[6.87023,44.84977],[6.86883,44.85007],[6.86764,44.85034],[6.86656,44.8504],[6.86628,44.85052],[6.86602,44.85048],[6.86583,44.85052],[6.86568,44.85046],[6.86547,44.85056],[6.86531,44.85061],[6.86524,44.85058],[6.86515,44.85051],[6.86508,44.85051],[6.86496,44.85048],[6.86485,44.85046],[6.86475,44.85051],[6.86454,44.85052],[6.8644,44.8505],[6.8643,44.85051],[6.86418,44.85048],[6.86413,44.85054],[6.86402,44.85052],[6.86396,44.85055],[6.86387,44.85058],[6.86369,44.85061],[6.86357,44.85059],[6.86348,44.85056],[6.86334,44.85064],[6.86317,44.85068],[6.86277,44.85097],[6.86267,44.85131],[6.8626,44.85144],[6.8621,44.85157],[6.8619,44.85161],[6.86169,44.85172],[6.86158,44.85182],[6.86149,44.85191],[6.86138,44.85206],[6.86128,44.85218],[6.86116,44.85224],[6.86105,44.85232],[6.86099,44.85244],[6.86094,44.85256],[6.86096,44.85267],[6.86086,44.85269],[6.86073,44.85267],[6.86052,44.85265],[6.86032,44.85267],[6.86014,44.85273],[6.85989,44.8529],[6.85968,44.85297],[6.85955,44.85305],[6.85947,44.85313],[6.85941,44.85322],[6.85931,44.85327],[6.85924,44.85335],[6.8591,44.8534],[6.85904,44.85358],[6.85893,44.85367],[6.85881,44.85391],[6.85874,44.85401],[6.85872,44.85417],[6.85862,44.85431],[6.85851,44.85441],[6.85843,44.85445],[6.85833,44.85456],[6.85828,44.85467],[6.85824,44.85481],[6.85825,44.85496],[6.85817,44.85507],[6.85814,44.85514],[6.85826,44.85525],[6.85823,44.85531],[6.85814,44.85538],[6.85802,44.85544],[6.85787,44.8554],[6.85774,44.8554],[6.85759,44.85546],[6.85737,44.85572],[6.85723,44.85581],[6.85709,44.85578],[6.85677,44.85586],[6.85663,44.85592],[6.85656,44.856],[6.85647,44.8561],[6.85633,44.85617],[6.85626,44.85628],[6.85613,44.85636],[6.85591,44.85641],[6.85577,44.85648],[6.85572,44.8566],[6.85562,44.85667],[6.85537,44.85685],[6.85529,44.85715],[6.85519,44.85745],[6.85504,44.8577],[6.85486,44.85791],[6.85459,44.85806],[6.8541,44.85812],[6.85338,44.85801],[6.85289,44.85795],[6.85249,44.85788],[6.85229,44.85777],[6.8521,44.85769],[6.8519,44.85764],[6.85155,44.85761],[6.85133,44.85764],[6.85096,44.85767],[6.85053,44.85784],[6.85038,44.85795],[6.85028,44.85809],[6.85003,44.85812],[6.84967,44.85817],[6.84932,44.85825],[6.84913,44.85827],[6.84883,44.85851],[6.84867,44.85854],[6.84857,44.85858],[6.84823,44.85859],[6.84781,44.85856],[6.84768,44.85857],[6.84744,44.8586],[6.84704,44.85865],[6.84691,44.85866],[6.84684,44.85869],[6.8467,44.85875],[6.84654,44.85887],[6.84638,44.85901],[6.84634,44.8591],[6.84631,44.85918],[6.84625,44.85922],[6.84607,44.85923],[6.84594,44.85927],[6.84579,44.85932],[6.84567,44.85941],[6.84562,44.85945],[6.84547,44.85947],[6.84534,44.85949],[6.84523,44.85954],[6.84509,44.85956],[6.84496,44.85959],[6.84464,44.85956],[6.84445,44.85961],[6.84415,44.85967],[6.84351,44.85979],[6.84314,44.85982],[6.84268,44.85983],[6.84234,44.8598],[6.84206,44.85993],[6.84173,44.85978],[6.8413,44.85959],[6.84101,44.85967],[6.8407,44.85981],[6.84038,44.85992],[6.83998,44.85997],[6.83962,44.85997],[6.83866,44.86082],[6.83848,44.86118],[6.83851,44.86149],[6.83854,44.86166],[6.8385,44.86187],[6.83833,44.86191],[6.83824,44.86203],[6.83802,44.86212],[6.83778,44.8622],[6.83764,44.86221],[6.8375,44.86237],[6.83711,44.86239],[6.83683,44.86249],[6.83642,44.86268],[6.8361,44.86281],[6.8358,44.86294],[6.83547,44.8631],[6.83528,44.86318],[6.83509,44.86322],[6.83459,44.86345],[6.8343,44.86358],[6.8341,44.8637],[6.83391,44.86376],[6.83349,44.86388],[6.83331,44.86395],[6.833,44.86441],[6.83251,44.86489],[6.83248,44.86515],[6.83261,44.8655],[6.83244,44.86576],[6.83242,44.86609],[6.83178,44.86645],[6.83138,44.86665],[6.831,44.86693],[6.83079,44.86749],[6.83007,44.86801],[6.82847,44.868],[6.82744,44.86805],[6.82638,44.8682],[6.82473,44.86861],[6.82396,44.86924],[6.82342,44.86965],[6.82312,44.87014],[6.8212,44.87056],[6.82082,44.87097],[6.8179,44.87145],[6.81768,44.87177],[6.81735,44.87175],[6.8166,44.87194],[6.81604,44.87234],[6.81603,44.87262],[6.8156,44.87315],[6.81496,44.87346],[6.81472,44.87349],[6.81454,44.87363],[6.81434,44.87368],[6.81396,44.87388],[6.81374,44.8739],[6.81352,44.87401],[6.81356,44.87424],[6.81329,44.87438],[6.81271,44.87457],[6.81163,44.87508],[6.81082,44.87516],[6.81052,44.87528],[6.80968,44.87533],[6.80965,44.87555],[6.80753,44.87619],[6.80736,44.87642],[6.80664,44.87644],[6.80642,44.8765],[6.80633,44.87672],[6.80583,44.87686],[6.80567,44.87703],[6.80519,44.87725],[6.80486,44.87722],[6.80458,44.87714],[6.80422,44.87764],[6.80361,44.87833],[6.80333,44.87864],[6.80319,44.87936],[6.80308,44.87953],[6.80194,44.87997],[6.80194,44.88025],[6.80189,44.8805],[6.802,44.8809],[6.79979,44.88504],[6.79957,44.88766],[6.80161,44.89108],[6.79205,44.88921],[6.78661,44.88954],[6.78654,44.88923],[6.78646,44.88906],[6.78619,44.88898],[6.78595,44.88893],[6.78581,44.8887],[6.78544,44.88864],[6.78526,44.88864],[6.78493,44.88874],[6.78501,44.88887],[6.78498,44.88907],[6.78492,44.88921],[6.78467,44.88934],[6.78461,44.88956],[6.78462,44.88995],[6.78471,44.89011],[6.78483,44.89033],[6.78471,44.89044],[6.78472,44.89053],[6.78449,44.89058],[6.78414,44.89074],[6.78418,44.89087],[6.78405,44.8914],[6.78401,44.89159],[6.78385,44.89167],[6.78369,44.89195],[6.78355,44.89205],[6.78368,44.89231],[6.78386,44.89259],[6.78402,44.89278],[6.78417,44.89304],[6.7844,44.89331],[6.78449,44.89347],[6.7843,44.89355],[6.78416,44.89367],[6.78395,44.89387],[6.78382,44.89386],[6.78371,44.89379],[6.78335,44.89387],[6.78317,44.8939],[6.7829,44.89393],[6.78269,44.89389],[6.78255,44.8939],[6.78215,44.89379],[6.782,44.89365],[6.78191,44.89346],[6.78173,44.89336],[6.78161,44.89325],[6.78141,44.89332],[6.7809,44.89326],[6.78058,44.89319],[6.78051,44.89347],[6.78019,44.89357],[6.77996,44.89373],[6.77995,44.89385],[6.77985,44.89402],[6.77977,44.89413],[6.77974,44.89424],[6.77969,44.89444],[6.77963,44.89469],[6.7796,44.8948],[6.77954,44.89487],[6.77948,44.89492],[6.77917,44.89503],[6.77909,44.8951],[6.77898,44.8952],[6.7789,44.8953],[6.7788,44.89547],[6.77881,44.89554],[6.77888,44.89566],[6.7789,44.89576],[6.77881,44.89593],[6.77876,44.8961],[6.77867,44.89626],[6.7785,44.89643],[6.77858,44.89654],[6.77865,44.89667],[6.77878,44.89682],[6.77879,44.89699],[6.77886,44.89714],[6.77879,44.89729],[6.77876,44.89743],[6.77874,44.89756],[6.77864,44.89765],[6.77858,44.89782],[6.77863,44.89794],[6.77865,44.89806],[6.77861,44.89822],[6.77853,44.89837],[6.7785,44.89852],[6.77878,44.89896],[6.7785,44.89905],[6.77837,44.89893],[6.77824,44.89883],[6.77828,44.8987],[6.77826,44.89861],[6.7781,44.89861],[6.77805,44.89851],[6.7778,44.89858],[6.77756,44.89876],[6.77747,44.89886],[6.77745,44.89899],[6.77718,44.899],[6.77706,44.89912],[6.77669,44.89916],[6.77651,44.89925],[6.77643,44.89949],[6.77662,44.89965],[6.77682,44.89984],[6.77694,44.89996],[6.77694,44.9001],[6.777,44.90021],[6.77694,44.90028],[6.77676,44.90041],[6.77653,44.90054],[6.77615,44.90069],[6.77584,44.90081],[6.77563,44.90083],[6.77542,44.90093],[6.77519,44.90104],[6.77479,44.90114],[6.77467,44.90123],[6.77457,44.9013],[6.77449,44.90141],[6.77437,44.90154],[6.7743,44.90158],[6.77429,44.90167],[6.7742,44.90177],[6.77411,44.90183],[6.774,44.90196],[6.77379,44.90224],[6.77331,44.90255],[6.77301,44.90267],[6.77261,44.90288],[6.77186,44.90324],[6.77175,44.90333],[6.77159,44.90341],[6.77143,44.90345],[6.77107,44.90344],[6.77087,44.90343],[6.77073,44.90338],[6.77068,44.90328],[6.77061,44.90326],[6.77052,44.90322],[6.77037,44.90317],[6.77023,44.90315],[6.77012,44.90314],[6.77001,44.90311],[6.76983,44.90307],[6.76976,44.90304],[6.76952,44.90301],[6.76942,44.90297],[6.76884,44.90294],[6.76826,44.90287],[6.76775,44.90272],[6.7674,44.90259],[6.76718,44.90252],[6.76678,44.9024],[6.76655,44.90233],[6.76634,44.90232],[6.76606,44.90227],[6.76589,44.90226],[6.76573,44.90229],[6.76557,44.90233],[6.76539,44.90236],[6.76525,44.90238],[6.76497,44.90239],[6.76476,44.90242],[6.76462,44.90249],[6.76437,44.90248],[6.76421,44.90253],[6.76411,44.90252],[6.76399,44.90247],[6.76389,44.90247],[6.76377,44.90249],[6.76362,44.90255],[6.76351,44.90252],[6.7634,44.90252],[6.76325,44.90259],[6.76302,44.90259],[6.76287,44.9026],[6.76253,44.90253],[6.76239,44.90254],[6.76211,44.90253],[6.76197,44.90259],[6.76182,44.90263],[6.76168,44.90265],[6.76141,44.90267],[6.76124,44.90264],[6.76066,44.90275],[6.76048,44.90277],[6.76026,44.90285],[6.76013,44.90288],[6.75999,44.90293],[6.75983,44.90304],[6.75977,44.90312],[6.75965,44.90319],[6.75949,44.90329],[6.75923,44.9033],[6.7591,44.90339],[6.759,44.90347],[6.75879,44.9036],[6.75851,44.90383],[6.75825,44.90402],[6.75815,44.90407],[6.75795,44.9041],[6.75731,44.90422],[6.75703,44.9044],[6.75684,44.90442],[6.75658,44.90445],[6.75639,44.90451],[6.75607,44.9046],[6.75536,44.90478],[6.75496,44.90493],[6.7544,44.90515],[6.75402,44.90527],[6.75251,44.90545],[6.75235,44.90561],[6.75196,44.90546],[6.7518,44.90552],[6.75156,44.90552],[6.75144,44.90566],[6.75127,44.90567],[6.75093,44.90576],[6.75076,44.90585],[6.75103,44.90602],[6.75084,44.90618],[6.75066,44.90612],[6.75057,44.90633],[6.75042,44.90642],[6.75016,44.90688],[6.75003,44.90701],[6.74993,44.90709],[6.74983,44.90721],[6.74973,44.90735],[6.74967,44.90746],[6.7497,44.90754],[6.74978,44.90783],[6.7498,44.90794],[6.74993,44.90806],[6.75008,44.90821],[6.75014,44.90834],[6.75027,44.90844],[6.75038,44.90867],[6.75052,44.90883],[6.75066,44.90904],[6.75068,44.90921],[6.75074,44.90937],[6.75079,44.90944],[6.75081,44.90953],[6.75085,44.90963],[6.75088,44.90991],[6.75092,44.91002],[6.75093,44.91012],[6.75082,44.91016],[6.75073,44.91026],[6.7507,44.91041],[6.75065,44.9105],[6.75068,44.9106],[6.7507,44.9107],[6.75088,44.91083],[6.75082,44.91092],[6.75083,44.91102],[6.75085,44.9112],[6.75085,44.91138],[6.75086,44.91146],[6.75082,44.91158],[6.75078,44.91167],[6.75074,44.91178],[6.75081,44.91184],[6.75081,44.9119],[6.7508,44.91198],[6.7507,44.91212],[6.75072,44.91218],[6.75077,44.91222],[6.75081,44.91232],[6.7508,44.9125],[6.75075,44.91258],[6.75078,44.91269],[6.75069,44.91279],[6.75068,44.91285],[6.75077,44.91312],[6.75082,44.91324],[6.75082,44.91336],[6.75073,44.9135],[6.7507,44.91357],[6.75074,44.91367],[6.75071,44.91374],[6.7507,44.91383],[6.75055,44.91395],[6.7504,44.91414],[6.75042,44.91423],[6.75064,44.91462],[6.75082,44.915],[6.75078,44.91513],[6.75067,44.91529],[6.75083,44.91549],[6.75103,44.91579],[6.75126,44.9162],[6.75144,44.91651],[6.75184,44.91681],[6.75194,44.91695],[6.75196,44.91706],[6.75196,44.91718],[6.7518,44.91725],[6.75163,44.91746],[6.75148,44.91766],[6.75132,44.91792],[6.75124,44.91809],[6.75134,44.91824],[6.75127,44.91838],[6.75104,44.9185],[6.75079,44.9186],[6.75048,44.91871],[6.75023,44.91883],[6.75006,44.91892],[6.74993,44.91904],[6.74999,44.91922],[6.75002,44.91938],[6.74998,44.91962],[6.74996,44.9198],[6.74991,44.92006],[6.74969,44.92017],[6.74955,44.92028],[6.7493,44.92042],[6.74918,44.92053],[6.74918,44.9208],[6.74904,44.921],[6.7489,44.92116],[6.74867,44.92144],[6.74845,44.92176],[6.7485,44.92213],[6.73571,44.92997],[6.72734,44.94217],[6.72775,44.95131],[6.72256,44.95387],[6.7197,44.96111],[6.71308,44.96556],[6.71507,44.96647],[6.71575,44.96815],[6.716,44.97809],[6.72258,44.98217],[6.73159,44.9872],[6.73386,44.98704],[6.73512,44.98731],[6.73566,44.98795],[6.73628,44.98844],[6.73685,44.98864],[6.73721,44.98898],[6.7379,44.98934],[6.73783,44.98943],[6.7378,44.98953],[6.7378,44.98966],[6.73782,44.98978],[6.73786,44.98986],[6.73785,44.98997],[6.73773,44.99019],[6.73782,44.99038],[6.7378,44.99046],[6.73776,44.99055],[6.7378,44.99072],[6.73777,44.99086],[6.73768,44.99105],[6.73764,44.99118],[6.73758,44.99129],[6.73755,44.99136],[6.73757,44.9914],[6.73759,44.9915],[6.73757,44.99165],[6.73752,44.99169],[6.73743,44.99174],[6.73744,44.99179],[6.73739,44.99185],[6.73738,44.99192],[6.73738,44.992],[6.7374,44.99205],[6.73738,44.99212],[6.73737,44.99226],[6.73733,44.99235],[6.73724,44.99244],[6.73728,44.9925],[6.73734,44.99265],[6.73735,44.9928],[6.73731,44.99292],[6.73721,44.99325],[6.73716,44.99334],[6.73706,44.9934],[6.73699,44.99347],[6.73696,44.99354],[6.73712,44.9936],[6.7372,44.99364],[6.7373,44.99363],[6.73781,44.99374],[6.73862,44.99381],[6.739,44.99389],[6.73915,44.9939],[6.73928,44.99393],[6.73938,44.99398],[6.73948,44.994],[6.73956,44.99402],[6.73968,44.99409],[6.73977,44.99411],[6.74003,44.99408],[6.74017,44.99403],[6.74036,44.99393],[6.74058,44.994],[6.74105,44.99409],[6.74114,44.99413],[6.74118,44.9942],[6.7412,44.99427],[6.74129,44.9943],[6.7414,44.99433],[6.74148,44.99441],[6.74154,44.99448],[6.74163,44.99453],[6.74178,44.99469],[6.7419,44.99487],[6.74199,44.9949],[6.74211,44.99498],[6.74226,44.99507],[6.7425,44.995],[6.74267,44.99504],[6.74289,44.99515],[6.74316,44.9951],[6.74335,44.99519],[6.74375,44.99511],[6.74407,44.99507],[6.74433,44.99509],[6.74449,44.99519],[6.74473,44.99514],[6.74488,44.99519],[6.74535,44.99515],[6.7456,44.99522],[6.74573,44.99528],[6.74591,44.99527],[6.74613,44.99521],[6.74639,44.99528],[6.74652,44.99534],[6.74676,44.99536],[6.74685,44.99532],[6.74685,44.99528],[6.74694,44.99531],[6.747,44.99536],[6.74706,44.99539],[6.74714,44.99552],[6.74719,44.99557],[6.74727,44.99555],[6.74728,44.9955],[6.7477,44.99561],[6.74795,44.99552],[6.74841,44.99561],[6.74869,44.99564],[6.74886,44.99576],[6.74911,44.99577],[6.74928,44.99562],[6.74951,44.99562],[6.74991,44.99544],[6.75002,44.99537],[6.75014,44.99548],[6.75065,44.99577],[6.75091,44.99589],[6.75112,44.99595],[6.75116,44.99598],[6.75116,44.99602],[6.75128,44.9961],[6.75123,44.99622],[6.75131,44.99631],[6.75145,44.99643],[6.75177,44.99682],[6.75136,44.9973],[6.75108,44.99724],[6.75049,44.99683],[6.75024,44.99689],[6.75005,44.99675],[6.74988,44.99689],[6.75004,44.9971],[6.74984,44.99739],[6.74993,44.9976],[6.75003,44.99789],[6.75096,44.99834],[6.75104,44.99868],[6.7506,44.9989],[6.7506,44.9992],[6.75046,44.99952],[6.75051,45.00024],[6.75023,45.00105],[6.74992,45.00222],[6.75019,45.00318],[6.75012,45.00322],[6.74993,45.00343],[6.74998,45.00347],[6.74991,45.00358],[6.74978,45.00369],[6.74982,45.00387],[6.74987,45.00402],[6.74987,45.00412],[6.74975,45.00416],[6.7496,45.00418],[6.74952,45.00431],[6.74933,45.00445],[6.7492,45.00454],[6.74907,45.00459],[6.74894,45.00466],[6.7485,45.00479],[6.74827,45.00494],[6.74827,45.00501],[6.74825,45.00509],[6.74822,45.00511],[6.74824,45.00519],[6.74824,45.00522],[6.74815,45.00526],[6.74815,45.00529],[6.74819,45.00532],[6.7482,45.00546],[6.74812,45.00564],[6.7481,45.00576],[6.7482,45.00584],[6.74825,45.00601],[6.74823,45.00618],[6.74801,45.0063],[6.74801,45.00637],[6.74797,45.00644],[6.74792,45.0065],[6.74785,45.00663],[6.74784,45.00669],[6.74777,45.0068],[6.74771,45.00692],[6.74759,45.00707],[6.74755,45.00714],[6.74748,45.0072],[6.74742,45.00725],[6.74745,45.00733],[6.74746,45.00742],[6.74743,45.00748],[6.74744,45.00753],[6.74745,45.00759],[6.74748,45.00766],[6.74742,45.00776],[6.7474,45.00789],[6.74741,45.00795],[6.74741,45.008],[6.74737,45.00811],[6.74732,45.00817],[6.74705,45.00825],[6.74692,45.00835],[6.74683,45.0084],[6.74676,45.0085],[6.74673,45.00853],[6.74662,45.00859],[6.74658,45.00866],[6.74642,45.00897],[6.74638,45.00906],[6.74636,45.00919],[6.74632,45.00929],[6.74635,45.00938],[6.74632,45.00939],[6.74623,45.00952],[6.74613,45.00965],[6.74594,45.00972],[6.74596,45.00978],[6.7459,45.00994],[6.74586,45.01011],[6.74582,45.0102],[6.7457,45.01031],[6.74561,45.01032],[6.74548,45.01036],[6.74534,45.01049],[6.74527,45.0106],[6.7452,45.01069],[6.74512,45.0108],[6.74509,45.01091],[6.74516,45.01103],[6.74493,45.01111],[6.74483,45.01122],[6.74483,45.01132],[6.74486,45.01146],[6.7449,45.01157],[6.74494,45.01171],[6.74497,45.01181],[6.74497,45.01197],[6.74498,45.01201],[6.74501,45.01212],[6.74503,45.01224],[6.7451,45.01228],[6.74515,45.01271],[6.74506,45.01297],[6.74486,45.01335],[6.74475,45.01358],[6.7447,45.01385],[6.74468,45.01406],[6.74468,45.01438],[6.74463,45.01446],[6.74456,45.01455],[6.74454,45.01463],[6.74454,45.01472],[6.74449,45.01483],[6.74436,45.01493],[6.74423,45.01503],[6.74405,45.01514],[6.74387,45.01525],[6.74371,45.01536],[6.74354,45.01546],[6.74348,45.01555],[6.74348,45.01568],[6.74349,45.01587],[6.74348,45.01602],[6.74342,45.0161],[6.7433,45.01617],[6.74321,45.0163],[6.74306,45.01641],[6.74291,45.0165],[6.74284,45.01653],[6.7428,45.01657],[6.74274,45.01661],[6.74259,45.0166],[6.74247,45.01659],[6.74231,45.0166],[6.74214,45.01664],[6.74182,45.01665],[6.74161,45.01674],[6.74143,45.01675],[6.74129,45.01682],[6.7412,45.01682],[6.7411,45.01679],[6.74093,45.01693],[6.74084,45.01693],[6.74083,45.0169],[6.74073,45.01692],[6.74067,45.0169],[6.74056,45.0169],[6.74029,45.01697],[6.7401,45.01703],[6.73982,45.01718],[6.7395,45.01737],[6.73931,45.01747],[6.73893,45.01766],[6.73843,45.01787],[6.73822,45.01798],[6.73808,45.018],[6.73786,45.01793],[6.73779,45.01789],[6.73766,45.01783],[6.73759,45.01782],[6.73748,45.01781],[6.73739,45.01778],[6.73719,45.01779],[6.73705,45.01782],[6.73686,45.01788],[6.73664,45.0179],[6.73654,45.01793],[6.73638,45.01794],[6.73624,45.018],[6.73611,45.01804],[6.73601,45.01806],[6.73594,45.01804],[6.73586,45.01792],[6.73574,45.01792],[6.73563,45.01794],[6.73538,45.01797],[6.7352,45.01808],[6.73501,45.01816],[6.73491,45.01818],[6.73483,45.01817],[6.73474,45.01823],[6.73472,45.01826],[6.73465,45.01823],[6.7346,45.01827],[6.73454,45.01834],[6.7345,45.01841],[6.73431,45.01841],[6.73418,45.01843],[6.73408,45.01848],[6.73398,45.01854],[6.73389,45.01858],[6.73382,45.01858],[6.7337,45.0186],[6.73357,45.01864],[6.7335,45.01867],[6.73339,45.01869],[6.73327,45.01872],[6.73318,45.01875],[6.7331,45.0188],[6.73307,45.0189],[6.73301,45.01891],[6.73287,45.01895],[6.73281,45.01901],[6.73274,45.01902],[6.73268,45.01907],[6.73266,45.01915],[6.73255,45.0192],[6.73235,45.01927],[6.73217,45.01934],[6.73205,45.01934],[6.73194,45.01936],[6.73185,45.01942],[6.73179,45.0195],[6.73156,45.01959],[6.73145,45.01965],[6.73137,45.01971],[6.73131,45.01978],[6.73105,45.02002],[6.73096,45.02006],[6.73088,45.02007],[6.73072,45.0201],[6.73059,45.02009],[6.73048,45.02011],[6.73031,45.02013],[6.73018,45.02016],[6.73009,45.02016],[6.72999,45.02022],[6.72992,45.02024],[6.72984,45.02022],[6.72974,45.02022],[6.7297,45.02023],[6.72966,45.02026],[6.72959,45.02029],[6.72955,45.02031],[6.72953,45.02036],[6.7295,45.02039],[6.72946,45.02041],[6.72941,45.02041],[6.72934,45.02043],[6.72928,45.02047],[6.72916,45.02051],[6.72908,45.0205],[6.72903,45.02051],[6.72897,45.02051],[6.72882,45.02048],[6.72873,45.02045],[6.72865,45.02045],[6.72859,45.02044],[6.72853,45.02041],[6.72848,45.0204],[6.72842,45.02039],[6.72838,45.02041],[6.72829,45.02039],[6.72818,45.0204],[6.7281,45.02036],[6.72792,45.02035],[6.72788,45.02036],[6.72778,45.02037],[6.72773,45.02037],[6.7277,45.0204],[6.72768,45.02043],[6.72759,45.02044],[6.72753,45.02046],[6.72749,45.02048],[6.72741,45.02054],[6.72735,45.02056],[6.72731,45.02057],[6.72729,45.0206],[6.72729,45.02065],[6.72727,45.02068],[6.72723,45.02071],[6.72721,45.02073],[6.72722,45.02076],[6.72718,45.0208],[6.72714,45.02082],[6.72704,45.02084],[6.72699,45.02087],[6.72695,45.02088],[6.72692,45.02091],[6.72688,45.02094],[6.72684,45.02096],[6.7268,45.021],[6.72673,45.02105],[6.72668,45.02106],[6.72665,45.0211],[6.72665,45.02115],[6.72662,45.0212],[6.72657,45.02124],[6.72652,45.02127],[6.72647,45.02129],[6.72632,45.02133],[6.72614,45.02143],[6.72609,45.02145],[6.72604,45.0215],[6.72593,45.02155],[6.72576,45.02164],[6.72561,45.02165],[6.72555,45.02162],[6.72545,45.02164],[6.72536,45.02163],[6.72529,45.02164],[6.72523,45.02167],[6.72513,45.02169],[6.72505,45.02165],[6.72494,45.02167],[6.72485,45.02172],[6.72466,45.02177],[6.72454,45.02183],[6.72442,45.02184],[6.72436,45.02181],[6.72429,45.02182],[6.72419,45.02183],[6.7241,45.02185],[6.72404,45.02183],[6.72394,45.02181],[6.72384,45.02181],[6.72373,45.02179],[6.72363,45.02185],[6.72355,45.02188],[6.72346,45.02188],[6.72343,45.0219],[6.72337,45.02195],[6.72333,45.02197],[6.7233,45.02197],[6.72321,45.022],[6.72309,45.022],[6.72304,45.02202],[6.72294,45.02205],[6.72272,45.02212],[6.72265,45.02213],[6.72262,45.02206],[6.72259,45.02201],[6.72245,45.02202],[6.72239,45.022],[6.72234,45.02201],[6.72225,45.022],[6.7221,45.02195],[6.72202,45.02194],[6.7218,45.02196],[6.7217,45.02198],[6.72156,45.02199],[6.72137,45.02201],[6.72122,45.022],[6.72113,45.02198],[6.72087,45.02194],[6.72076,45.02194],[6.72061,45.02186],[6.72056,45.02179],[6.72051,45.0217],[6.72042,45.02163],[6.72035,45.02158],[6.72027,45.02156],[6.72018,45.02152],[6.72011,45.02148],[6.72004,45.02143],[6.71996,45.02141],[6.71989,45.02137],[6.71977,45.02134],[6.71968,45.02126],[6.71954,45.02122],[6.7194,45.0212],[6.71931,45.02116],[6.71917,45.02111],[6.71905,45.02109],[6.7189,45.02105],[6.71882,45.02102],[6.71872,45.02097],[6.71861,45.02095],[6.71848,45.02093],[6.71841,45.02088],[6.71833,45.02083],[6.71821,45.02076],[6.71809,45.02072],[6.71801,45.02068],[6.71792,45.02065],[6.71784,45.02061],[6.71776,45.02055],[6.71768,45.02052],[6.71757,45.02052],[6.71747,45.02052],[6.71738,45.02053],[6.71725,45.02057],[6.71714,45.02061],[6.71705,45.02062],[6.71695,45.02062],[6.71689,45.02066],[6.71679,45.02069],[6.71668,45.02073],[6.7166,45.02075],[6.71651,45.02077],[6.71637,45.02078],[6.71613,45.02081],[6.71605,45.02081],[6.71599,45.02082],[6.71586,45.02081],[6.71569,45.02077],[6.71559,45.02077],[6.71557,45.02076],[6.71553,45.02075],[6.71547,45.02072],[6.71542,45.02072],[6.71538,45.02073],[6.71527,45.0207],[6.71518,45.0207],[6.71475,45.02072],[6.71466,45.02071],[6.71455,45.02071],[6.71444,45.02074],[6.71433,45.02075],[6.71422,45.0208],[6.71414,45.02081],[6.71403,45.0208],[6.7139,45.02084],[6.71388,45.02082],[6.71383,45.02079],[6.71377,45.02081],[6.71373,45.02081],[6.71367,45.0208],[6.71362,45.02077],[6.71357,45.02076],[6.71352,45.02073],[6.71346,45.02072],[6.71337,45.02075],[6.71324,45.02069],[6.71317,45.02068],[6.71306,45.02068],[6.71297,45.0207],[6.71292,45.02068],[6.71287,45.02067],[6.71279,45.02068],[6.7127,45.02066],[6.71261,45.02071],[6.71253,45.02074],[6.71238,45.02074],[6.71223,45.0208],[6.71212,45.02081],[6.71204,45.02081],[6.71199,45.02084],[6.71198,45.02088],[6.71192,45.0209],[6.71184,45.02091],[6.71176,45.02091],[6.7117,45.02089],[6.71154,45.02087],[6.71147,45.02088],[6.71143,45.02092],[6.71131,45.02097],[6.71123,45.02095],[6.71114,45.02094],[6.71111,45.02091],[6.7109,45.02088],[6.71079,45.02088],[6.7107,45.02088],[6.7106,45.0209],[6.71047,45.0209],[6.71042,45.02093],[6.71039,45.02097],[6.71025,45.02098],[6.7102,45.021],[6.71014,45.02101],[6.71008,45.02105],[6.71001,45.02106],[6.70997,45.02109],[6.70991,45.02116],[6.70985,45.02122],[6.70981,45.02123],[6.70976,45.02127],[6.70971,45.02128],[6.70967,45.02131],[6.70963,45.02134],[6.70958,45.02136],[6.70954,45.02136],[6.70948,45.02135],[6.70942,45.02137],[6.70935,45.02137],[6.70931,45.02143],[6.70926,45.02145],[6.70923,45.02146],[6.70916,45.02143],[6.70911,45.02142],[6.70905,45.02147],[6.70901,45.02148],[6.70893,45.02151],[6.70884,45.0215],[6.70878,45.02152],[6.70873,45.0215],[6.70869,45.02152],[6.70855,45.02152],[6.70849,45.02153],[6.70843,45.02152],[6.70812,45.02154],[6.70807,45.02153],[6.70801,45.02153],[6.70795,45.02155],[6.70791,45.02157],[6.70779,45.02168],[6.70765,45.02177],[6.70758,45.0218],[6.70747,45.02182],[6.70729,45.02183],[6.7072,45.02184],[6.70715,45.02186],[6.7071,45.02186],[6.70704,45.02187],[6.707,45.02186],[6.70691,45.02186],[6.70686,45.02187],[6.70682,45.0218],[6.70664,45.02171],[6.70647,45.02168],[6.70624,45.02168],[6.70613,45.02173],[6.70606,45.02175],[6.70597,45.02179],[6.70594,45.02179],[6.70589,45.0218],[6.70574,45.02185],[6.70569,45.02188],[6.70559,45.02188],[6.7055,45.02185],[6.70544,45.02183],[6.7053,45.0218],[6.70528,45.02178],[6.70522,45.02176],[6.7052,45.02176],[6.70518,45.02178],[6.70516,45.02177],[6.70505,45.02169],[6.705,45.02158],[6.70499,45.02154],[6.70485,45.02144],[6.70481,45.02142],[6.70448,45.0214],[6.70427,45.02141],[6.70415,45.02135],[6.70355,45.02138],[6.70276,45.02129],[6.70243,45.02129],[6.70207,45.02129],[6.7015,45.02124],[6.70119,45.02123],[6.70073,45.02114],[6.7005,45.02108],[6.70036,45.02087],[6.70005,45.02066],[6.69972,45.02052],[6.69945,45.02043],[6.69924,45.02035],[6.69904,45.02022],[6.69885,45.0201],[6.6982,45.02013],[6.69788,45.02013],[6.69776,45.02014],[6.6975,45.02023],[6.6973,45.0203],[6.69709,45.02042],[6.69694,45.02061],[6.69677,45.02076],[6.69662,45.02088],[6.69316,45.0209],[6.69185,45.02075],[6.69173,45.02073],[6.69142,45.0207],[6.69134,45.02068],[6.69118,45.02068],[6.69094,45.02076],[6.69079,45.02093],[6.69027,45.02086],[6.68954,45.02078],[6.68932,45.02077],[6.68893,45.0207],[6.68856,45.02071],[6.6883,45.0207],[6.68763,45.02084],[6.68762,45.02086],[6.68759,45.02088],[6.68756,45.02091],[6.68753,45.0209],[6.68747,45.02091],[6.6874,45.02092],[6.68733,45.02099],[6.6873,45.021],[6.68726,45.02099],[6.68719,45.021],[6.68703,45.02102],[6.68692,45.02103],[6.6868,45.02102],[6.68664,45.02104],[6.6864,45.02108],[6.68631,45.02108],[6.68624,45.02107],[6.68622,45.02108],[6.68611,45.02111],[6.686,45.02118],[6.68597,45.02119],[6.68596,45.0212],[6.68592,45.02124],[6.68587,45.02125],[6.68585,45.02127],[6.68585,45.02129],[6.68581,45.02133],[6.6858,45.02136],[6.68578,45.02138],[6.68575,45.02141],[6.68574,45.02144],[6.68571,45.02144],[6.68568,45.02146],[6.68565,45.02147],[6.68565,45.02149],[6.68562,45.02154],[6.68558,45.02155],[6.68551,45.02162],[6.68546,45.02165],[6.68542,45.02165],[6.68539,45.02168],[6.68525,45.02172],[6.68508,45.02181],[6.68503,45.02187],[6.685,45.02192],[6.68495,45.02194],[6.6848,45.02198],[6.68478,45.02202],[6.68474,45.02206],[6.68471,45.0221],[6.68457,45.02216],[6.68455,45.02221],[6.68451,45.02226],[6.68448,45.02229],[6.68442,45.02226],[6.68436,45.02225],[6.68428,45.02227],[6.68424,45.02227],[6.68411,45.02221],[6.68397,45.02223],[6.68389,45.02225],[6.68381,45.02225],[6.68374,45.02226],[6.68363,45.02223],[6.68355,45.02223],[6.68347,45.02223],[6.68339,45.02222],[6.68333,45.02224],[6.68325,45.02224],[6.68311,45.02227],[6.68293,45.02228],[6.68283,45.02229],[6.68276,45.02222],[6.68262,45.02214],[6.68251,45.0221],[6.68232,45.02199],[6.68216,45.02191],[6.68212,45.02187],[6.68204,45.02182],[6.68197,45.02173],[6.68193,45.02172],[6.68188,45.0217],[6.68181,45.0217],[6.68176,45.02168],[6.68168,45.02164],[6.68144,45.02148],[6.68132,45.02143],[6.68126,45.02141],[6.68118,45.02139],[6.68111,45.02139],[6.68107,45.02137],[6.68092,45.02128],[6.68085,45.02122],[6.68078,45.02111],[6.68068,45.02102],[6.68062,45.021],[6.68056,45.02095],[6.68042,45.02089],[6.68026,45.0208],[6.68009,45.02067],[6.68,45.02063],[6.67991,45.02059],[6.67982,45.02058],[6.67974,45.02056],[6.67962,45.02055],[6.67953,45.02057],[6.67948,45.02059],[6.67942,45.02058],[6.67934,45.02056],[6.67917,45.02055],[6.67903,45.02057],[6.67891,45.02062],[6.67887,45.02066],[6.67879,45.02067],[6.67871,45.02065],[6.67865,45.02065],[6.67855,45.02067],[6.67846,45.02067],[6.67836,45.02066],[6.67828,45.02064],[6.67817,45.02064],[6.67792,45.02062],[6.67781,45.02062],[6.67763,45.02063],[6.67724,45.02054],[6.67704,45.0205],[6.67696,45.02045],[6.6769,45.02041],[6.67682,45.02039],[6.67664,45.02028],[6.67656,45.0202],[6.6765,45.02016],[6.67633,45.02006],[6.67622,45.02],[6.67615,45.01997],[6.67606,45.01992],[6.67601,45.01987],[6.67596,45.01984],[6.67591,45.0198],[6.67588,45.01974],[6.67583,45.01962],[6.67579,45.01958],[6.67574,45.01955],[6.6757,45.01953],[6.67566,45.01951],[6.67561,45.0195],[6.67557,45.0195],[6.67542,45.01946],[6.67529,45.01946],[6.67524,45.01945],[6.67514,45.0194],[6.67508,45.01937],[6.67502,45.01939],[6.67491,45.01937],[6.67484,45.01935],[6.67478,45.01936],[6.67472,45.01939],[6.67466,45.01943],[6.6746,45.01954],[6.67455,45.01958],[6.6745,45.01959],[6.67446,45.01958],[6.67443,45.01956],[6.67441,45.01952],[6.67435,45.01952],[6.67427,45.0195],[6.67416,45.0195],[6.6741,45.01954],[6.67404,45.01956],[6.67396,45.0196],[6.67387,45.01961],[6.6737,45.01964],[6.67361,45.01965],[6.67345,45.01965],[6.6733,45.01963],[6.67136,45.01973],[6.66917,45.02011],[6.66797,45.02365],[6.66509,45.02572],[6.66172,45.02647],[6.65783,45.02636],[6.65382,45.0266],[6.64908,45.02709],[6.64738,45.02674],[6.64545,45.02844],[6.64515,45.0307],[6.64595,45.03283],[6.64485,45.03559],[6.64522,45.03932],[6.64558,45.04228],[6.64496,45.046],[6.64393,45.0462],[6.6436,45.04662],[6.6423,45.04684],[6.64219,45.04735],[6.64086,45.04776],[6.64028,45.04897],[6.63895,45.05084],[6.63888,45.0521],[6.63882,45.05381],[6.63918,45.0552],[6.63403,45.05517],[6.63101,45.05423],[6.62998,45.05349],[6.6285,45.0532],[6.62376,45.05316],[6.61708,45.05235],[6.61384,45.05076],[6.61177,45.05057],[6.60842,45.05207],[6.60767,45.05326],[6.60509,45.05484],[6.60413,45.0561],[6.60192,45.06023],[6.60102,45.06103],[6.59894,45.06226],[6.59855,45.06418],[6.59746,45.06531],[6.59757,45.06632],[6.59733,45.067],[6.59691,45.06725],[6.59682,45.06773],[6.5965,45.06887],[6.59536,45.06963],[6.59401,45.06982],[6.59293,45.07036],[6.59261,45.07095],[6.59195,45.07156],[6.5892,45.07153],[6.58375,45.07333],[6.581,45.07367],[6.57663,45.07273],[6.57497,45.07414],[6.56851,45.07382],[6.56517,45.07544],[6.56412,45.07745],[6.56194,45.07943],[6.55837,45.08029],[6.5568,45.08524],[6.55751,45.08624],[6.55657,45.08756],[6.55564,45.08972],[6.55427,45.0915],[6.55354,45.09212],[6.55331,45.09347],[6.55116,45.09524],[6.5502,45.09808],[6.55016,45.09933],[6.54909,45.10081],[6.54892,45.10188],[6.54956,45.10227],[6.55017,45.10277],[6.55156,45.10344],[6.55287,45.1036],[6.55366,45.10396],[6.55541,45.10432],[6.55729,45.10406],[6.55874,45.10401],[6.56012,45.10453],[6.56163,45.10493],[6.56198,45.10528],[6.56206,45.10562],[6.56182,45.10673],[6.56187,45.10834],[6.56163,45.10921],[6.5625,45.11189],[6.56268,45.11228],[6.56377,45.11407],[6.56427,45.11438],[6.56951,45.1162],[6.56991,45.11648],[6.57408,45.12104],[6.57636,45.12251],[6.57677,45.12324],[6.57893,45.12228],[6.58091,45.12167],[6.58152,45.12166],[6.58237,45.12144],[6.58274,45.12121],[6.58369,45.12052],[6.58465,45.1202],[6.58504,45.12011],[6.58619,45.12006],[6.5869,45.1201],[6.58797,45.11984],[6.58838,45.11965],[6.58892,45.1194],[6.58975,45.11932],[6.59074,45.11914],[6.61739,45.1214],[6.63,45.10945],[6.62997,45.10957],[6.63005,45.1096],[6.63012,45.10973],[6.63008,45.10976],[6.63009,45.10979],[6.6303,45.10983],[6.63044,45.10973],[6.63048,45.10968],[6.63066,45.1097],[6.63068,45.10977],[6.63076,45.10982],[6.63094,45.10987],[6.63098,45.10997],[6.63111,45.11005],[6.63143,45.11013],[6.63169,45.11026],[6.63176,45.11025],[6.6318,45.11029],[6.63192,45.11032],[6.63199,45.11031],[6.63206,45.11034],[6.63214,45.11033],[6.63229,45.11037],[6.63256,45.11039],[6.63265,45.11043],[6.63296,45.1104],[6.63297,45.11044],[6.63286,45.11076],[6.63288,45.11082],[6.63291,45.11086],[6.63289,45.11087],[6.63288,45.1109],[6.63293,45.11093],[6.63296,45.11093],[6.63299,45.11097],[6.63298,45.11104],[6.63312,45.11111],[6.63322,45.11114],[6.63328,45.11126],[6.63328,45.11129],[6.63298,45.11142],[6.6329,45.11144],[6.63288,45.1115],[6.63291,45.11157],[6.63291,45.1116],[6.63283,45.11166],[6.63278,45.11173],[6.63278,45.11182],[6.6328,45.11185],[6.63285,45.11186],[6.63288,45.11194],[6.63285,45.11199],[6.63288,45.11205],[6.6329,45.11218],[6.63284,45.11237],[6.63287,45.11241],[6.63286,45.11247],[6.63289,45.11252],[6.63287,45.11257],[6.63291,45.11261],[6.63287,45.11274],[6.63288,45.11283],[6.63298,45.11291],[6.63293,45.1131],[6.63295,45.11315],[6.63295,45.11323],[6.63303,45.11331],[6.63303,45.11338],[6.63308,45.1134],[6.6331,45.11344],[6.63312,45.11363],[6.63307,45.11368],[6.63315,45.11385],[6.63314,45.1139],[6.63297,45.11401],[6.63281,45.11416],[6.63274,45.11418],[6.63285,45.11442],[6.63285,45.11453],[6.63288,45.11463],[6.63293,45.11472],[6.63294,45.11479],[6.63292,45.11488],[6.63296,45.11504],[6.63291,45.11509],[6.63293,45.11515],[6.63283,45.1152],[6.63278,45.11527],[6.6329,45.11532],[6.63294,45.11535],[6.63295,45.11538],[6.6329,45.1156],[6.63295,45.11564],[6.63292,45.11573],[6.63295,45.11581],[6.63293,45.11587],[6.63389,45.11582],[6.63408,45.11583],[6.63432,45.11583],[6.63439,45.11581],[6.63463,45.11583],[6.63474,45.11584],[6.63533,45.11607],[6.6354,45.11606],[6.63547,45.116],[6.63555,45.116],[6.63563,45.11597],[6.63597,45.11596],[6.63618,45.1159],[6.63647,45.11586],[6.63657,45.11581],[6.63667,45.11579],[6.63689,45.11579],[6.63692,45.11576],[6.6371,45.11568],[6.63719,45.11571],[6.63725,45.11571],[6.6374,45.11565],[6.6376,45.11566],[6.63785,45.11559],[6.63825,45.11565],[6.63832,45.11567],[6.63839,45.11574],[6.63852,45.11576],[6.63868,45.11576],[6.63875,45.1158],[6.63885,45.1157],[6.63889,45.1157],[6.63897,45.11573],[6.63915,45.11575],[6.63928,45.11583],[6.63934,45.11578],[6.63944,45.11573],[6.63952,45.11565],[6.63957,45.11564],[6.63972,45.11556],[6.63979,45.11554],[6.63988,45.11555],[6.63999,45.11553],[6.64013,45.11555],[6.64018,45.11555],[6.64029,45.11546],[6.64034,45.11546],[6.64043,45.1155],[6.64046,45.11553],[6.6405,45.11554],[6.64054,45.11554],[6.64062,45.11551],[6.64067,45.1155],[6.64073,45.11552],[6.64083,45.11548],[6.64087,45.11549],[6.6409,45.11552],[6.64103,45.11555],[6.64108,45.11557],[6.64128,45.11557],[6.64173,45.11562],[6.64189,45.11567],[6.6421,45.1157],[6.64227,45.11577],[6.6424,45.11579],[6.6425,45.11584],[6.64259,45.11592],[6.64276,45.11612],[6.64279,45.11621],[6.64292,45.11626],[6.64301,45.11619],[6.64313,45.11613],[6.6433,45.11614],[6.64424,45.11565],[6.64441,45.11548],[6.64462,45.11539],[6.64487,45.11532],[6.64514,45.11528],[6.64535,45.11526],[6.64552,45.11519],[6.64568,45.11517],[6.64603,45.11524],[6.64615,45.11523],[6.64634,45.11514],[6.64642,45.11513],[6.64648,45.11518],[6.64662,45.1151],[6.64689,45.11503],[6.64701,45.11497],[6.64748,45.11487],[6.64763,45.11482],[6.64777,45.11482],[6.64792,45.11485],[6.64851,45.11482],[6.64859,45.11478],[6.64868,45.11477],[6.64876,45.11478],[6.64881,45.11483],[6.64889,45.11486],[6.64893,45.11495],[6.64905,45.115],[6.6491,45.11501],[6.64918,45.11507],[6.64929,45.11511],[6.64934,45.11515],[6.64948,45.11514],[6.64956,45.11516],[6.6497,45.11516],[6.6498,45.11524],[6.64998,45.11533],[6.65002,45.11538],[6.65013,45.11542],[6.65019,45.11548],[6.65037,45.11553],[6.65049,45.11559],[6.6507,45.11581],[6.65062,45.11593],[6.6506,45.116],[6.65065,45.11604],[6.65065,45.11607],[6.65067,45.11614],[6.65075,45.11612],[6.65077,45.11616],[6.6508,45.11624],[6.65095,45.1163],[6.65108,45.11638],[6.65117,45.11638],[6.65121,45.11637],[6.65132,45.11637],[6.65148,45.11634],[6.65166,45.11637],[6.65175,45.11634],[6.65182,45.11639],[6.65208,45.11639],[6.65229,45.11644],[6.65239,45.11649],[6.65267,45.1165],[6.65293,45.11656],[6.65304,45.1166],[6.6531,45.11664],[6.65312,45.1167],[6.65316,45.11683],[6.65321,45.11693],[6.65329,45.11698],[6.65347,45.11703],[6.65359,45.11709],[6.65367,45.11715],[6.65378,45.11733],[6.65397,45.11746],[6.65401,45.11751],[6.65421,45.11759],[6.65425,45.11762],[6.65428,45.11772],[6.6543,45.11774],[6.65442,45.11777],[6.6545,45.11775],[6.65455,45.11776],[6.6546,45.11782],[6.65477,45.1179],[6.6548,45.11797],[6.65485,45.118],[6.65491,45.11804],[6.65502,45.11807],[6.65507,45.11812],[6.65514,45.11813],[6.65538,45.11826],[6.65541,45.1183],[6.65543,45.11839],[6.65541,45.11858],[6.65554,45.11875],[6.6556,45.1188],[6.65569,45.11882],[6.6559,45.11886],[6.65608,45.11896],[6.6563,45.1192],[6.6564,45.11936],[6.65646,45.11943],[6.65673,45.11947],[6.65682,45.11951],[6.65703,45.11955],[6.65717,45.11971],[6.6573,45.11983],[6.65744,45.12004],[6.65747,45.12013],[6.65764,45.12028],[6.65779,45.12049],[6.65781,45.12061],[6.65796,45.12085],[6.65816,45.12131],[6.65846,45.12167],[6.65859,45.12168],[6.65865,45.12154],[6.65872,45.12145],[6.65897,45.12124],[6.65922,45.12114],[6.65944,45.12106],[6.66023,45.12096],[6.66034,45.12093],[6.66056,45.12083],[6.6609,45.12071],[6.66235,45.1205],[6.66272,45.12061],[6.66277,45.12064],[6.66314,45.12072],[6.66339,45.12082],[6.66354,45.12085],[6.66362,45.1209],[6.6637,45.121],[6.66374,45.12103],[6.66396,45.12123],[6.66399,45.12129],[6.66414,45.12143],[6.66437,45.12169],[6.66439,45.12177],[6.66437,45.12187],[6.66441,45.12193],[6.66442,45.12202],[6.6645,45.12216],[6.66449,45.1222],[6.66464,45.12235],[6.66488,45.12254],[6.66512,45.12266],[6.66563,45.12287],[6.66564,45.1229],[6.66541,45.12305],[6.66538,45.12309],[6.66539,45.1231],[6.66553,45.12316],[6.6657,45.12316],[6.66578,45.12318],[6.66606,45.12329],[6.66615,45.1234],[6.66616,45.12345],[6.66621,45.12355],[6.66625,45.12358],[6.66632,45.12358],[6.66652,45.12348],[6.66654,45.12342],[6.66675,45.12339],[6.66685,45.12343],[6.6669,45.12339],[6.6674,45.12363],[6.66759,45.12368],[6.66773,45.12374],[6.66781,45.12383],[6.668,45.1238],[6.66815,45.12373],[6.66834,45.12375],[6.66836,45.12384],[6.66895,45.12384],[6.66917,45.12392],[6.66946,45.12394],[6.67002,45.12393],[6.67024,45.12401],[6.67061,45.12418],[6.67074,45.12431],[6.67091,45.12436],[6.67097,45.12442],[6.67109,45.12446],[6.67121,45.12448],[6.67132,45.12447],[6.67151,45.12442],[6.67192,45.1244],[6.67204,45.12443],[6.6722,45.12442],[6.67251,45.12441],[6.67259,45.12439],[6.67267,45.12448],[6.67281,45.12452],[6.67289,45.12463],[6.67301,45.1249],[6.67304,45.12494],[6.673,45.12501],[6.67302,45.12504],[6.67317,45.12513],[6.67319,45.12517],[6.67322,45.1252],[6.6732,45.12522],[6.67313,45.1252],[6.67304,45.12526],[6.67303,45.1253],[6.67308,45.12536],[6.67309,45.1254],[6.67312,45.12542],[6.6731,45.12545],[6.67309,45.1255],[6.67314,45.12564],[6.6731,45.1257],[6.6731,45.12579],[6.67318,45.12583],[6.67319,45.1259],[6.67314,45.12595],[6.67313,45.12597],[6.67319,45.12601],[6.67326,45.12601],[6.67329,45.12606],[6.67329,45.12615],[6.67323,45.12615],[6.67319,45.12617],[6.6732,45.12622],[6.67324,45.12625],[6.67333,45.12626],[6.67338,45.12625],[6.67345,45.12631],[6.67344,45.12635],[6.67347,45.1265],[6.67354,45.12657],[6.67357,45.12662],[6.67357,45.12677],[6.67353,45.12685],[6.67358,45.1269],[6.67358,45.12695],[6.67354,45.12705],[6.67366,45.12725],[6.67365,45.12732],[6.67381,45.12757],[6.67385,45.12778],[6.67399,45.12793],[6.67398,45.12797],[6.67399,45.12804],[6.67402,45.12812],[6.674,45.12814],[6.6739,45.1282],[6.67393,45.12826],[6.67408,45.1284],[6.67418,45.12846],[6.67425,45.12847],[6.67439,45.1286],[6.67469,45.12881],[6.67479,45.1289],[6.67479,45.12893],[6.67473,45.12899],[6.67467,45.12909],[6.67466,45.12919],[6.67452,45.12936],[6.67443,45.12942],[6.67432,45.12943],[6.67422,45.12938],[6.67412,45.12936],[6.67387,45.12937],[6.67372,45.12945],[6.67362,45.12959],[6.67361,45.12965],[6.67364,45.12972],[6.6737,45.1298],[6.67371,45.12998],[6.6736,45.13022],[6.67372,45.13035],[6.67383,45.13059],[6.6739,45.13069],[6.67392,45.13135],[6.67383,45.13145],[6.67383,45.13157],[6.67419,45.13201],[6.67454,45.13227],[6.67571,45.1332],[6.67607,45.1336],[6.67644,45.13389],[6.67652,45.13411],[6.67669,45.13433],[6.67686,45.13495],[6.67699,45.13554],[6.67724,45.13586],[6.67744,45.13608],[6.67751,45.13619],[6.67778,45.13657],[6.67789,45.13669],[6.67799,45.13685],[6.67842,45.13728],[6.67846,45.13736],[6.67848,45.13742],[6.67852,45.13747],[6.67867,45.13758],[6.6787,45.13762],[6.6787,45.13765],[6.6788,45.13774],[6.67884,45.13781],[6.67897,45.13795],[6.67898,45.138],[6.67904,45.13814],[6.67911,45.13836],[6.67915,45.13837],[6.67919,45.13841],[6.67924,45.1385],[6.6793,45.13868],[6.67938,45.13876],[6.67946,45.13889],[6.67953,45.13894],[6.6796,45.1391],[6.67973,45.13928],[6.67977,45.13941],[6.67982,45.13948],[6.67991,45.13967],[6.67995,45.13971],[6.67999,45.13985],[6.68005,45.13992],[6.68007,45.13998],[6.68012,45.14005],[6.68024,45.14018],[6.68034,45.14023],[6.68042,45.1403],[6.68058,45.14028],[6.68066,45.14024],[6.68096,45.14018],[6.68107,45.14015],[6.68148,45.14012],[6.6817,45.14007],[6.68237,45.13985],[6.68271,45.13971],[6.68312,45.13963],[6.68336,45.13965],[6.68351,45.13968],[6.68387,45.13981],[6.68397,45.1398],[6.68423,45.13983],[6.68464,45.13979],[6.68497,45.13982],[6.68511,45.13982],[6.68528,45.13979],[6.68549,45.13979],[6.68561,45.13981],[6.68611,45.13982],[6.68644,45.13984],[6.6867,45.13991],[6.68682,45.1399],[6.68695,45.13992],[6.68711,45.13989],[6.68735,45.13989],[6.6874,45.13992],[6.68754,45.13992],[6.6876,45.13995],[6.68792,45.13995],[6.68809,45.14],[6.68819,45.14005],[6.68824,45.14005],[6.68833,45.14003],[6.68882,45.13999],[6.68926,45.13974],[6.68934,45.13965],[6.68951,45.13957],[6.68962,45.13948],[6.68971,45.13942],[6.68979,45.1394],[6.69007,45.13937],[6.69055,45.13939],[6.69119,45.13923],[6.69128,45.13926],[6.69155,45.13927],[6.6918,45.13922],[6.69215,45.13916],[6.69219,45.13919],[6.69216,45.13924],[6.69219,45.13929],[6.6924,45.13933],[6.69245,45.13938],[6.69271,45.13941],[6.69278,45.13941],[6.69291,45.13955],[6.69324,45.1396],[6.69325,45.13963],[6.69332,45.13966],[6.69339,45.13975],[6.69338,45.13978],[6.69355,45.13996],[6.69357,45.13999],[6.69358,45.14004],[6.69361,45.14007],[6.69378,45.14011],[6.69383,45.14015],[6.69404,45.14018],[6.6941,45.14023],[6.69425,45.14028],[6.69484,45.14039],[6.695,45.1404],[6.69511,45.14042],[6.69529,45.14041],[6.69541,45.14044],[6.69549,45.1405],[6.69557,45.14052],[6.69561,45.14058],[6.69577,45.14062],[6.69589,45.14063],[6.69609,45.14067],[6.69637,45.14068],[6.69651,45.14068],[6.6966,45.14066],[6.69696,45.14063],[6.69713,45.14061],[6.69725,45.14067],[6.69736,45.14069],[6.69738,45.14073],[6.69742,45.14078],[6.69757,45.14079],[6.69772,45.14083],[6.6978,45.14082],[6.69786,45.14094],[6.69786,45.14097],[6.69788,45.141],[6.69795,45.14101],[6.69812,45.1411],[6.69831,45.14114],[6.69833,45.14116],[6.69831,45.14125],[6.69826,45.14127],[6.69826,45.14129],[6.69838,45.14133],[6.69845,45.14141],[6.69856,45.14145],[6.69868,45.14146],[6.69873,45.14149],[6.69876,45.14151],[6.69882,45.14161],[6.699,45.14165],[6.69913,45.14171],[6.69936,45.14175],[6.69973,45.14175],[6.69983,45.14182],[6.7003,45.14182],[6.70035,45.14183],[6.70064,45.14196],[6.70068,45.14202],[6.70109,45.14215],[6.70113,45.14219],[6.7012,45.14222],[6.70121,45.14225],[6.70121,45.14231],[6.70128,45.14235],[6.70143,45.1424],[6.70147,45.14239],[6.70156,45.14235],[6.70172,45.14235],[6.70179,45.14237],[6.70197,45.1425],[6.702,45.1426],[6.70208,45.14276],[6.7021,45.14281],[6.7022,45.14289],[6.7024,45.14293],[6.70243,45.14295],[6.70244,45.14303],[6.70247,45.14305],[6.70268,45.14304],[6.70273,45.14306],[6.7028,45.14313],[6.70288,45.14313],[6.7029,45.14314],[6.70291,45.14317],[6.70294,45.14318],[6.70303,45.1432],[6.70338,45.14311],[6.70345,45.14311],[6.70352,45.14313],[6.70363,45.14318],[6.70369,45.14325],[6.70375,45.14328],[6.70393,45.14331],[6.70408,45.1433],[6.70429,45.14343],[6.70437,45.14346],[6.70451,45.14346],[6.70463,45.14344],[6.70466,45.14346],[6.70478,45.14364],[6.70483,45.14366],[6.7049,45.14367],[6.70499,45.14373],[6.70516,45.14372],[6.70532,45.14377],[6.70544,45.14379],[6.70562,45.14378],[6.70569,45.1438],[6.70572,45.14384],[6.70577,45.14387],[6.70579,45.14393],[6.70582,45.14394],[6.7059,45.14393],[6.70606,45.14386],[6.70637,45.14417],[6.70676,45.14434],[6.7069,45.14433],[6.70704,45.14435],[6.70725,45.14446],[6.70733,45.14467],[6.70744,45.14471],[6.70798,45.14468],[6.70817,45.14462],[6.70868,45.14454],[6.70904,45.14445],[6.70916,45.14435],[6.70928,45.14443],[6.70934,45.14444],[6.70946,45.1445],[6.70981,45.14448],[6.70987,45.1445],[6.70997,45.14458],[6.7102,45.14463],[6.71024,45.14465],[6.7104,45.14467],[6.71059,45.14467],[6.71068,45.14471],[6.71078,45.14473],[6.71084,45.14477],[6.71109,45.14481],[6.71121,45.14481],[6.71129,45.14485],[6.71136,45.14487],[6.7115,45.14486],[6.71164,45.14489],[6.71186,45.14483],[6.71208,45.14472],[6.71235,45.1447],[6.71241,45.14468],[6.71262,45.14455],[6.71298,45.14448],[6.71302,45.14446],[6.71316,45.14432],[6.71321,45.14433],[6.71324,45.14433],[6.71347,45.14423],[6.71351,45.14419],[6.71375,45.14415],[6.71395,45.14416],[6.71406,45.14414],[6.71414,45.14412],[6.71424,45.14407],[6.71429,45.14409],[6.71435,45.14409],[6.71451,45.14404],[6.71459,45.14398],[6.71499,45.14389],[6.7151,45.14383],[6.7152,45.14375],[6.71538,45.14373],[6.7155,45.1437],[6.71555,45.1436],[6.71556,45.14342],[6.71562,45.14336],[6.71575,45.14333],[6.7159,45.14325],[6.716,45.14324],[6.71605,45.14322],[6.7162,45.14312],[6.71652,45.14296],[6.71662,45.14295],[6.71676,45.14292],[6.71688,45.14285],[6.71693,45.14284],[6.71699,45.1428],[6.71708,45.14271],[6.7174,45.14251],[6.71757,45.14247],[6.71761,45.14245],[6.71771,45.14232],[6.71788,45.14221],[6.71805,45.14218],[6.71812,45.14215],[6.71829,45.14212],[6.71836,45.14208],[6.71855,45.14202],[6.71876,45.14193],[6.71906,45.14177],[6.71941,45.1417],[6.71944,45.14167],[6.71949,45.14164],[6.71977,45.14157],[6.72007,45.14146],[6.72023,45.14138],[6.72034,45.14125],[6.72048,45.1412],[6.72054,45.14115],[6.72071,45.14106],[6.72092,45.14091],[6.72106,45.14087],[6.72119,45.14079],[6.72148,45.14069],[6.7217,45.14053],[6.7222,45.14032],[6.72254,45.1402],[6.72271,45.14016],[6.72293,45.14006],[6.72312,45.13993],[6.72319,45.13982],[6.72326,45.13976],[6.72342,45.13966],[6.72353,45.13958],[6.72419,45.13945],[6.72429,45.13942],[6.72459,45.13927],[6.72492,45.1392],[6.72517,45.13911],[6.72545,45.13904],[6.72556,45.13898],[6.72566,45.13895],[6.72607,45.13878],[6.72648,45.13858],[6.72692,45.13846],[6.72719,45.13847],[6.72742,45.13859],[6.72744,45.13864],[6.72748,45.13867],[6.72755,45.1387],[6.7278,45.13892],[6.72795,45.13902],[6.72809,45.13907],[6.72837,45.13915],[6.72853,45.13924],[6.72863,45.13926],[6.72878,45.13918],[6.72889,45.13915],[6.72892,45.13912],[6.729,45.1391],[6.72907,45.13905],[6.72921,45.13906],[6.7293,45.13901],[6.72954,45.13897],[6.72973,45.13883],[6.72993,45.13875],[6.73023,45.13868],[6.73047,45.13865],[6.73051,45.13864],[6.73055,45.13869],[6.73061,45.13872],[6.73076,45.13875],[6.731,45.13872],[6.73114,45.13874],[6.73129,45.1387],[6.73147,45.13872],[6.73157,45.1387],[6.73172,45.13872],[6.73183,45.13871],[6.73199,45.13875],[6.73203,45.13878],[6.73209,45.13879],[6.73215,45.13882],[6.73244,45.13887],[6.73279,45.13889],[6.73298,45.13885],[6.73311,45.13879],[6.73326,45.13875],[6.7334,45.13873],[6.73354,45.1387],[6.73366,45.13871],[6.73371,45.13873],[6.73383,45.13872],[6.73388,45.13874],[6.73406,45.13874],[6.73433,45.13873],[6.73454,45.13875],[6.73482,45.1387],[6.73524,45.13856],[6.73542,45.13857],[6.73552,45.13859],[6.7357,45.13858],[6.736,45.13854],[6.73627,45.13846],[6.73627,45.13841],[6.73626,45.13838],[6.7363,45.13831],[6.73632,45.13823],[6.73635,45.13819],[6.73648,45.13812],[6.73659,45.1381],[6.73672,45.138],[6.73683,45.13796],[6.73692,45.13789],[6.73708,45.13785],[6.73714,45.13777],[6.7373,45.13767],[6.73734,45.13762],[6.73752,45.13754],[6.73761,45.13749],[6.73765,45.13742],[6.73788,45.13733],[6.73804,45.13723],[6.73819,45.1372],[6.73823,45.13715],[6.73833,45.13713],[6.73835,45.13719],[6.73837,45.13721],[6.73842,45.1372],[6.73847,45.13719],[6.73856,45.13713],[6.73861,45.13712],[6.73875,45.13706],[6.73897,45.13702],[6.73902,45.13699],[6.73908,45.13693],[6.73921,45.1369],[6.73926,45.13682],[6.7394,45.13678],[6.73948,45.13672],[6.73973,45.13669],[6.73985,45.13672],[6.73991,45.13677],[6.73996,45.13679],[6.74022,45.13682],[6.74048,45.13681],[6.74061,45.13691],[6.74086,45.13701],[6.74096,45.13703],[6.74101,45.13709],[6.74113,45.13712],[6.74119,45.13716],[6.7412,45.13719],[6.74123,45.13722],[6.74136,45.13728],[6.74148,45.13737],[6.74154,45.13745],[6.74154,45.13754],[6.74156,45.13756],[6.74161,45.1376],[6.74169,45.13761],[6.74169,45.13766],[6.74173,45.13774],[6.7418,45.13778],[6.74189,45.13779],[6.74191,45.13782],[6.7419,45.13784],[6.74192,45.13785],[6.74209,45.13791],[6.74219,45.1379],[6.74224,45.13788],[6.74233,45.13791],[6.74239,45.13791],[6.74245,45.13795],[6.74273,45.13797],[6.74279,45.138],[6.74279,45.13803],[6.74299,45.13815],[6.74308,45.13817],[6.74319,45.13816],[6.74324,45.13816],[6.74332,45.13819],[6.74379,45.13846],[6.74394,45.13851],[6.74401,45.13855],[6.74404,45.13858],[6.74436,45.13864],[6.74456,45.13873],[6.74482,45.13882],[6.74492,45.13887],[6.7451,45.13892],[6.74514,45.13894],[6.74522,45.13904],[6.74527,45.13907],[6.74533,45.13915],[6.74531,45.13924],[6.74533,45.13928],[6.74538,45.13932],[6.74555,45.13933],[6.74589,45.13944],[6.74601,45.13959],[6.74609,45.13972],[6.7462,45.13979],[6.74627,45.1399],[6.74631,45.13993],[6.74631,45.13997],[6.74634,45.14002],[6.74634,45.1401],[6.74639,45.14018],[6.74645,45.1402],[6.74655,45.14031],[6.74657,45.14039],[6.74663,45.14044],[6.74666,45.14048],[6.74672,45.14058],[6.74673,45.14065],[6.74693,45.14096],[6.74708,45.14109],[6.74714,45.14118],[6.74717,45.1412],[6.74722,45.14133],[6.74728,45.14142],[6.74751,45.14166],[6.74765,45.14174],[6.74772,45.14176],[6.74789,45.14181],[6.74801,45.14181],[6.74816,45.14187],[6.74822,45.14192],[6.74827,45.14193],[6.74828,45.14199],[6.74831,45.14203],[6.7483,45.14205],[6.74836,45.1421],[6.74843,45.14212],[6.74875,45.14214],[6.74884,45.14217],[6.74887,45.14222],[6.74912,45.14225],[6.74913,45.14226],[6.74911,45.14232],[6.74913,45.14235],[6.7492,45.14239],[6.74933,45.14243],[6.74947,45.14257],[6.74965,45.14262],[6.74983,45.1427],[6.74992,45.1427],[6.75026,45.1428],[6.75033,45.14286],[6.75035,45.1429],[6.7505,45.14296],[6.75056,45.14301],[6.75065,45.14307],[6.75086,45.14331],[6.75104,45.14343],[6.75109,45.1435],[6.7512,45.14355],[6.75128,45.14365],[6.752,45.1441],[6.75203,45.14414],[6.7521,45.14431],[6.75213,45.14434],[6.75223,45.14436],[6.75226,45.14438],[6.75236,45.14471],[6.75239,45.14474],[6.75266,45.14488],[6.75274,45.145],[6.75277,45.1451],[6.75279,45.14523],[6.75283,45.14531],[6.75283,45.14558],[6.75282,45.14569],[6.75277,45.14577],[6.75272,45.1459],[6.7526,45.14614],[6.75262,45.14624],[6.75267,45.14632],[6.75266,45.14651],[6.75272,45.14657],[6.75277,45.14669],[6.75284,45.14676],[6.75291,45.14689],[6.75302,45.14723],[6.75305,45.14735],[6.75309,45.14745],[6.75308,45.14749],[6.75314,45.14762],[6.75315,45.14769],[6.75333,45.14791],[6.75333,45.148],[6.75339,45.14813],[6.75369,45.14855],[6.75378,45.14874],[6.75382,45.14879],[6.7542,45.14906],[6.75432,45.14919],[6.75437,45.14927],[6.7544,45.14934],[6.75441,45.14942],[6.75436,45.14957],[6.75436,45.14962],[6.7545,45.14976],[6.75451,45.1498],[6.75448,45.14993],[6.75444,45.14996],[6.75469,45.15011],[6.75471,45.15019],[6.75473,45.1502],[6.75498,45.1502],[6.75504,45.15022],[6.75518,45.1503],[6.7554,45.15035],[6.75549,45.1504],[6.75554,45.15049],[6.75582,45.1506],[6.756,45.15064],[6.75612,45.15069],[6.75651,45.15071],[6.75656,45.15072],[6.75659,45.15075],[6.75693,45.15082],[6.75704,45.15091],[6.75717,45.15096],[6.7575,45.15105],[6.7576,45.15111],[6.7578,45.15111],[6.75816,45.1512],[6.75823,45.15124],[6.7583,45.15129],[6.75833,45.15133],[6.75833,45.15147],[6.75835,45.1515],[6.75847,45.15154],[6.7585,45.15158],[6.75856,45.15164],[6.75856,45.15168],[6.7585,45.15172],[6.75846,45.15183],[6.75845,45.15197],[6.75849,45.15209],[6.75859,45.15222],[6.7587,45.15231],[6.75893,45.15239],[6.75901,45.15245],[6.75906,45.15247],[6.75915,45.15247],[6.75921,45.15245],[6.75945,45.15243],[6.75952,45.15245],[6.75962,45.15251],[6.75992,45.15256],[6.76002,45.15255],[6.7601,45.15256],[6.76028,45.15254],[6.76042,45.15257],[6.76101,45.15288],[6.76111,45.15291],[6.76117,45.15296],[6.76151,45.15306],[6.76153,45.15308],[6.76154,45.15311],[6.76139,45.15328],[6.76149,45.15342],[6.76196,45.15388],[6.76212,45.15409],[6.76217,45.15419],[6.76236,45.15426],[6.76256,45.15425],[6.7626,45.15427],[6.76269,45.15427],[6.76271,45.15428],[6.76271,45.15436],[6.76276,45.15446],[6.76296,45.15463],[6.76301,45.15465],[6.76304,45.15477],[6.76302,45.15479],[6.76303,45.15488],[6.76308,45.15494],[6.7631,45.15503],[6.76317,45.15507],[6.76316,45.15512],[6.76321,45.15518],[6.7632,45.15523],[6.76323,45.15531],[6.76332,45.15538],[6.76347,45.15552],[6.76352,45.15566],[6.76369,45.15578],[6.76391,45.15585],[6.76396,45.15589],[6.76398,45.15596],[6.76397,45.15605],[6.76393,45.1562],[6.76394,45.15624],[6.76399,45.15629],[6.76421,45.15644],[6.76431,45.15653],[6.76435,45.15662],[6.76437,45.15686],[6.76439,45.15689],[6.76446,45.1569],[6.76452,45.15697],[6.76458,45.157],[6.76476,45.15702],[6.76479,45.15716],[6.76486,45.1572],[6.76496,45.1574],[6.76501,45.15746],[6.76511,45.15754],[6.76518,45.15757],[6.76535,45.15759],[6.7655,45.15768],[6.76593,45.15782],[6.76622,45.15794],[6.76643,45.158],[6.76661,45.15801],[6.7667,45.15804],[6.76679,45.1581],[6.76691,45.15815],[6.76707,45.15828],[6.76725,45.15839],[6.76725,45.15843],[6.76729,45.15856],[6.76729,45.15868],[6.76743,45.15883],[6.76755,45.15889],[6.76759,45.15893],[6.76767,45.15912],[6.76777,45.15924],[6.76781,45.15931],[6.76779,45.15934],[6.76781,45.15943],[6.7678,45.15948],[6.76782,45.1595],[6.76781,45.15959],[6.76802,45.15979],[6.76823,45.15976],[6.76849,45.15977],[6.76854,45.15975],[6.7686,45.15975],[6.76862,45.15972],[6.76871,45.1597],[6.76877,45.15963],[6.76894,45.15971],[6.76904,45.15973],[6.76908,45.15973],[6.76921,45.1597],[6.76923,45.15973],[6.76934,45.15974],[6.76939,45.15972],[6.76944,45.15964],[6.76953,45.15958],[6.76956,45.15954],[6.7696,45.15952],[6.76962,45.15951],[6.76969,45.15954],[6.76978,45.15953],[6.76979,45.15956],[6.76984,45.15957],[6.76997,45.15957],[6.77008,45.15954],[6.77014,45.15955],[6.77022,45.15955],[6.77023,45.15953],[6.77034,45.15948],[6.77044,45.15948],[6.7708,45.1594],[6.77086,45.15941],[6.77089,45.15943],[6.77103,45.15943],[6.77108,45.15942],[6.77114,45.15936],[6.7713,45.15936],[6.77145,45.15932],[6.77153,45.15934],[6.7716,45.15928],[6.77165,45.15926],[6.77171,45.15926],[6.77184,45.15921],[6.77197,45.1592],[6.77213,45.15917],[6.77216,45.15913],[6.7722,45.15912],[6.77237,45.15911],[6.77246,45.15909],[6.77256,45.15913],[6.77264,45.15913],[6.7728,45.15909],[6.77288,45.15909],[6.77303,45.15904],[6.77315,45.15896],[6.77324,45.15895],[6.77345,45.15885],[6.77366,45.15882],[6.77374,45.15878],[6.77425,45.15885],[6.77448,45.15878],[6.7745,45.15875],[6.77452,45.15865],[6.77456,45.15861],[6.77465,45.1586],[6.77475,45.1586],[6.77504,45.15856],[6.77509,45.15859],[6.7751,45.15863],[6.77514,45.15865],[6.7752,45.15876],[6.77531,45.15878],[6.77558,45.15877],[6.7756,45.15875],[6.77562,45.15868],[6.77571,45.15862],[6.77576,45.15851],[6.77586,45.15849],[6.77594,45.15849],[6.77607,45.15842],[6.77617,45.15843],[6.77623,45.15845],[6.77633,45.15845],[6.77647,45.15838],[6.77659,45.15836],[6.77693,45.15841],[6.77703,45.15839],[6.77717,45.15839],[6.77724,45.1584],[6.77729,45.15843],[6.77745,45.15849],[6.77764,45.15852],[6.77773,45.15852],[6.7778,45.15851],[6.77806,45.1584],[6.77812,45.1584],[6.77827,45.15826],[6.77841,45.15824],[6.77867,45.15825],[6.77885,45.15823],[6.779,45.15822],[6.77923,45.15816],[6.77931,45.15814],[6.77934,45.15811],[6.77945,45.15818],[6.77948,45.15821],[6.7795,45.15828],[6.77967,45.15828],[6.77979,45.15826],[6.77984,45.15824],[6.77991,45.15815],[6.78002,45.15812],[6.78005,45.15806],[6.78015,45.15796],[6.78017,45.1579],[6.78023,45.15786],[6.78023,45.15782],[6.78028,45.15776],[6.78028,45.1576],[6.7803,45.15757],[6.78039,45.15754],[6.78052,45.15755],[6.78059,45.15753],[6.78073,45.15755],[6.78086,45.15753],[6.7809,45.15755],[6.78099,45.15754],[6.78103,45.15751],[6.78119,45.15746],[6.7813,45.1574],[6.78143,45.15735],[6.78156,45.15732],[6.78169,45.15718],[6.7817,45.15713],[6.78174,45.15709],[6.78178,45.15706],[6.7818,45.15696],[6.78187,45.15689],[6.78192,45.15682],[6.7819,45.1568],[6.78194,45.15674],[6.78238,45.15654],[6.78241,45.15651],[6.78243,45.15647],[6.78243,45.15641],[6.78253,45.15631],[6.78275,45.15628],[6.78292,45.15623],[6.78296,45.15621],[6.783,45.15621],[6.78326,45.15612],[6.78337,45.15612],[6.78345,45.15606],[6.78345,45.15598],[6.78354,45.15589],[6.78363,45.15585],[6.78364,45.15579],[6.78387,45.15575],[6.78389,45.15574],[6.78388,45.15567],[6.78392,45.15563],[6.78407,45.15554],[6.78408,45.1555],[6.78411,45.15546],[6.78416,45.15543],[6.78429,45.15538],[6.7844,45.15536],[6.78463,45.15538],[6.78472,45.15536],[6.78479,45.15533],[6.78486,45.15526],[6.78507,45.15514],[6.7851,45.1551],[6.78526,45.15503],[6.78531,45.15493],[6.78545,45.1548],[6.78552,45.15467],[6.78574,45.15452],[6.78574,45.15447],[6.78579,45.1544],[6.78604,45.15422],[6.78641,45.15403],[6.78657,45.15397],[6.78665,45.15388],[6.78667,45.15383],[6.78671,45.15381],[6.78684,45.15369],[6.78702,45.15348],[6.78728,45.15336],[6.78744,45.15336],[6.78754,45.15334],[6.7878,45.15339],[6.78826,45.15337],[6.78858,45.15339],[6.78951,45.15345],[6.78975,45.15349],[6.78979,45.15349],[6.78986,45.15346],[6.78994,45.15338],[6.78996,45.15339],[6.78999,45.15343],[6.79004,45.15346],[6.7901,45.15348],[6.79037,45.15353],[6.79051,45.15351],[6.79087,45.15351],[6.791,45.15352],[6.79114,45.15348],[6.79142,45.15345],[6.79154,45.15341],[6.79158,45.15347],[6.79162,45.1535],[6.79174,45.15353],[6.7919,45.15354],[6.79236,45.1535],[6.79257,45.15342],[6.79293,45.15338],[6.7931,45.15334],[6.79327,45.15335],[6.79338,45.15339],[6.79394,45.15335],[6.79427,45.15336],[6.79433,45.15338],[6.79454,45.15336],[6.79462,45.15338],[6.7952,45.15332],[6.79537,45.15328],[6.79572,45.15328],[6.7959,45.15326],[6.79604,45.15329],[6.79612,45.15328],[6.79648,45.15318],[6.79672,45.15306],[6.79679,45.15306],[6.79712,45.15295],[6.79728,45.15283],[6.79735,45.15276],[6.79733,45.15263],[6.79738,45.15253],[6.79744,45.15245],[6.79745,45.15232],[6.79747,45.1523],[6.79757,45.15228],[6.7976,45.15226],[6.79763,45.15222],[6.79766,45.1522],[6.79772,45.1521],[6.79771,45.15204],[6.79767,45.152],[6.79768,45.15198],[6.79777,45.15192],[6.79801,45.15183],[6.7982,45.15166],[6.79826,45.15157],[6.79838,45.15144],[6.79846,45.15151],[6.79871,45.15143],[6.79874,45.15143],[6.79883,45.15147],[6.79886,45.15146],[6.79895,45.15131],[6.79902,45.15127],[6.7991,45.15118],[6.79926,45.15118],[6.79934,45.15116],[6.7997,45.15093],[6.79993,45.15076],[6.80018,45.15064],[6.80036,45.15048],[6.80041,45.15047],[6.80055,45.15048],[6.80088,45.15036],[6.80096,45.1503],[6.80127,45.15027],[6.80143,45.15023],[6.80158,45.15017],[6.80183,45.15018],[6.80203,45.15007],[6.80233,45.14999],[6.80253,45.14997],[6.80263,45.14998],[6.80273,45.15002],[6.80283,45.15011],[6.80313,45.15016],[6.80339,45.15016],[6.80346,45.15006],[6.80352,45.15004],[6.80357,45.14997],[6.80357,45.14994],[6.80367,45.14981],[6.80373,45.14976],[6.8039,45.14974],[6.80398,45.14971],[6.80402,45.14968],[6.80408,45.14968],[6.80439,45.14958],[6.80453,45.14956],[6.8047,45.14948],[6.80503,45.14951],[6.80512,45.1495],[6.80521,45.14952],[6.80542,45.14948],[6.80552,45.14939],[6.8056,45.1494],[6.80586,45.14937],[6.80618,45.1494],[6.80685,45.14942],[6.80694,45.14941],[6.80703,45.14938],[6.8073,45.14942],[6.80743,45.14941],[6.80767,45.14942],[6.80775,45.1494],[6.80787,45.14935],[6.80795,45.14928],[6.80808,45.14906],[6.80816,45.14899],[6.80827,45.14893],[6.80832,45.14891],[6.80863,45.1489],[6.80893,45.14885],[6.80931,45.14883],[6.80946,45.14881],[6.80958,45.14874],[6.80964,45.14868],[6.80971,45.14851],[6.80981,45.14836],[6.80991,45.14833],[6.81016,45.1483],[6.81027,45.14827],[6.81058,45.14834],[6.81072,45.14836],[6.81093,45.14841],[6.81131,45.14847],[6.81145,45.14845],[6.81152,45.14847],[6.81164,45.14859],[6.81172,45.14864],[6.81175,45.14876],[6.8118,45.14883],[6.81201,45.1489],[6.81213,45.14898],[6.8122,45.14897],[6.81222,45.14888],[6.81224,45.14886],[6.81241,45.14882],[6.81255,45.14883],[6.81267,45.14867],[6.8129,45.14857],[6.8135,45.14836],[6.81355,45.1482],[6.81378,45.14798],[6.81423,45.14771],[6.81467,45.14756],[6.81485,45.14735],[6.81493,45.1472],[6.81498,45.14681],[6.81502,45.14674],[6.8151,45.14667],[6.81521,45.14655],[6.81533,45.14649],[6.8155,45.14645],[6.8159,45.14624],[6.81603,45.14615],[6.81619,45.146],[6.81651,45.14581],[6.81674,45.14572],[6.81694,45.14574],[6.81711,45.14572],[6.81718,45.14569],[6.81733,45.14548],[6.81745,45.14512],[6.81751,45.14504],[6.81781,45.14484],[6.81788,45.14483],[6.81805,45.14485],[6.81812,45.14484],[6.8183,45.14479],[6.81855,45.14466],[6.81876,45.14454],[6.8188,45.1445],[6.81881,45.14445],[6.81901,45.14433],[6.81914,45.14418],[6.81945,45.14427],[6.81951,45.1443],[6.81964,45.14442],[6.81973,45.14446],[6.82032,45.14457],[6.82068,45.1449],[6.82071,45.14496],[6.82081,45.14506],[6.82086,45.14515],[6.82109,45.14546],[6.82115,45.14551],[6.82122,45.14552],[6.82131,45.14551],[6.8214,45.14548],[6.82136,45.14538],[6.82136,45.14528],[6.82138,45.14521],[6.82142,45.14515],[6.82154,45.14508],[6.82202,45.14511],[6.82218,45.1449],[6.82218,45.14478],[6.82219,45.14471],[6.82224,45.14464],[6.8223,45.14459],[6.8225,45.14448],[6.82255,45.14442],[6.8226,45.14429],[6.82255,45.14417],[6.82238,45.14396],[6.82235,45.14388],[6.8229,45.14349],[6.82302,45.14334],[6.82318,45.14323],[6.82324,45.14321],[6.82349,45.14322],[6.82356,45.14318],[6.82363,45.14311],[6.82373,45.14308],[6.82386,45.14302],[6.82409,45.14282],[6.82428,45.14262],[6.82463,45.14234],[6.82495,45.14232],[6.82504,45.1424],[6.8251,45.14243],[6.82515,45.14244],[6.82518,45.14243],[6.82537,45.14225],[6.82541,45.14224],[6.82576,45.14218],[6.82595,45.14217],[6.82636,45.14212],[6.82644,45.1421],[6.82658,45.14202],[6.82682,45.14203],[6.82735,45.14184],[6.82754,45.14181],[6.82758,45.14179],[6.8276,45.14175],[6.82763,45.14173],[6.82779,45.1417],[6.82793,45.14163],[6.82811,45.14152],[6.8281,45.14147],[6.82831,45.14139],[6.82854,45.14127],[6.82874,45.14122],[6.82891,45.14119],[6.82911,45.14112],[6.82918,45.14105],[6.8293,45.14098],[6.82934,45.14091],[6.82956,45.14077],[6.82965,45.14064],[6.82966,45.14059],[6.8297,45.14056],[6.82977,45.14053],[6.82993,45.1405],[6.8301,45.14044],[6.83029,45.1404],[6.83035,45.14038],[6.83041,45.14029],[6.83046,45.14027],[6.83054,45.14018],[6.83058,45.14007],[6.83067,45.13998],[6.83068,45.13989],[6.83064,45.13986],[6.83043,45.13988],[6.83044,45.13984],[6.83037,45.13978],[6.83048,45.13964],[6.83055,45.13961],[6.8306,45.13954],[6.83062,45.13948],[6.83056,45.1392],[6.83062,45.13919],[6.83081,45.13909],[6.83095,45.13903],[6.83108,45.13902],[6.83113,45.13902],[6.83118,45.13905],[6.83133,45.13905],[6.83162,45.13889],[6.83177,45.13884],[6.83188,45.13883],[6.83202,45.13873],[6.83209,45.13864],[6.8321,45.1386],[6.83222,45.13851],[6.83223,45.13845],[6.83227,45.1384],[6.83236,45.13839],[6.83239,45.13835],[6.83242,45.13823],[6.8325,45.13815],[6.83275,45.13802],[6.83292,45.13785],[6.83303,45.13784],[6.83308,45.1378],[6.83311,45.13774],[6.83322,45.13766],[6.83337,45.13748],[6.83368,45.13717],[6.83371,45.13712],[6.83369,45.13703],[6.83367,45.13679],[6.83367,45.13675],[6.83375,45.13663],[6.8337,45.13648],[6.83376,45.13644],[6.83386,45.13639],[6.83401,45.13628],[6.83439,45.13626],[6.83478,45.13614],[6.83486,45.13609],[6.83487,45.13605],[6.83493,45.13601],[6.83506,45.13601],[6.83516,45.13598],[6.83529,45.13592],[6.83559,45.13572],[6.83571,45.13566],[6.83579,45.1356],[6.83591,45.13535],[6.8359,45.13522],[6.83614,45.13523],[6.83631,45.13526],[6.83632,45.13534],[6.83637,45.13544],[6.83652,45.13536],[6.83663,45.13529],[6.83668,45.13527],[6.83674,45.13528],[6.83678,45.13537],[6.8369,45.1355],[6.83705,45.13561],[6.83768,45.13587],[6.83773,45.13588],[6.83795,45.13584],[6.83814,45.13583],[6.83829,45.13586],[6.8384,45.13591],[6.83858,45.13595],[6.83866,45.13594],[6.83886,45.13587],[6.83892,45.13583],[6.83894,45.13578],[6.839,45.13569],[6.83918,45.13554],[6.83922,45.13552],[6.83931,45.13551],[6.83951,45.13541],[6.83994,45.13539],[6.84017,45.13532],[6.84028,45.13533],[6.84039,45.13536],[6.84054,45.13544],[6.84069,45.13548],[6.84083,45.13553],[6.84098,45.13563],[6.84119,45.13571],[6.84166,45.13597],[6.84182,45.1359],[6.84192,45.13587],[6.84254,45.13584],[6.84266,45.13581],[6.84285,45.13571],[6.84358,45.13564],[6.84376,45.13556],[6.84385,45.13555],[6.84398,45.13555],[6.84418,45.13561],[6.8445,45.13577],[6.8448,45.13586],[6.84487,45.13586],[6.84503,45.1358],[6.84513,45.13568],[6.84521,45.13564],[6.8458,45.13558],[6.84599,45.13566],[6.8463,45.13563],[6.84641,45.13559],[6.84647,45.13559],[6.84685,45.13568],[6.84703,45.13577],[6.84713,45.13577],[6.84719,45.1357],[6.84724,45.13559],[6.84724,45.13551],[6.84718,45.1353],[6.84715,45.13526],[6.84701,45.1352],[6.84698,45.13514],[6.84704,45.13511],[6.84704,45.13503],[6.84703,45.13494],[6.84704,45.13487],[6.84701,45.1348],[6.847,45.13468],[6.84698,45.13463],[6.84686,45.1346],[6.84682,45.13455],[6.84673,45.1345],[6.84664,45.13441],[6.84642,45.13405],[6.84631,45.13395],[6.84618,45.13385],[6.84616,45.13377],[6.84619,45.13368],[6.84623,45.13364],[6.84625,45.13357],[6.84658,45.13351],[6.84665,45.13348],[6.84666,45.1334],[6.84665,45.1332],[6.84622,45.13276],[6.84601,45.13261],[6.84596,45.13244],[6.84596,45.13237],[6.846,45.13226],[6.846,45.13219],[6.84594,45.13209],[6.84588,45.13202],[6.84577,45.13195],[6.8456,45.13187],[6.84548,45.13178],[6.8453,45.13156],[6.84529,45.1315],[6.84532,45.13129],[6.84529,45.13124],[6.84527,45.1311],[6.84526,45.131],[6.84554,45.12994],[6.84566,45.12964],[6.84581,45.12949],[6.84582,45.12945],[6.84594,45.12933],[6.84598,45.12925],[6.84621,45.12904],[6.84625,45.12898],[6.84624,45.12892],[6.84638,45.12881],[6.84645,45.12877],[6.84651,45.12869],[6.84661,45.12862],[6.84701,45.12841],[6.84712,45.12831],[6.84722,45.12827],[6.84734,45.12818],[6.84744,45.12808],[6.84752,45.12797],[6.84755,45.12789],[6.84751,45.12783],[6.84751,45.12775],[6.84767,45.1277],[6.84782,45.12762],[6.84787,45.12758],[6.84786,45.12754],[6.84781,45.12749],[6.84784,45.12741],[6.84787,45.12736],[6.84796,45.12732],[6.84809,45.12732],[6.84822,45.12728],[6.84875,45.12729],[6.849,45.12732],[6.84922,45.12729],[6.84932,45.12731],[6.84944,45.12729],[6.84962,45.12729],[6.85022,45.1274],[6.85039,45.12742],[6.85058,45.12749],[6.85092,45.12757],[6.85122,45.12766],[6.85141,45.12776],[6.85155,45.12781],[6.85163,45.12783],[6.85169,45.12782],[6.85177,45.12787],[6.85191,45.1279],[6.85213,45.12786],[6.85269,45.12811],[6.85294,45.12813],[6.8531,45.1282],[6.8531,45.12823],[6.85314,45.12827],[6.85329,45.12834],[6.85399,45.1285],[6.85405,45.12854],[6.85422,45.12861],[6.85443,45.12864],[6.85457,45.12864],[6.85472,45.12861],[6.85486,45.12857],[6.85519,45.12854],[6.85534,45.12856],[6.85578,45.12867],[6.85641,45.12897],[6.85673,45.1291],[6.85683,45.12916],[6.85687,45.12919],[6.85692,45.12932],[6.85696,45.12935],[6.85717,45.12942],[6.85727,45.12951],[6.85734,45.12954],[6.85739,45.12962],[6.85746,45.12983],[6.85752,45.12991],[6.85753,45.13],[6.85756,45.13002],[6.85765,45.13008],[6.85773,45.13015],[6.85783,45.13022],[6.85801,45.13028],[6.85818,45.13029],[6.85833,45.13034],[6.85858,45.13035],[6.85893,45.1303],[6.85911,45.13029],[6.8592,45.13031],[6.85945,45.13025],[6.8595,45.13025],[6.85963,45.13029],[6.85979,45.13031],[6.86018,45.13026],[6.86075,45.13031],[6.86115,45.13037],[6.86131,45.13034],[6.8615,45.13038],[6.86163,45.13044],[6.86174,45.13044],[6.86201,45.13057],[6.86226,45.13062],[6.86254,45.13074],[6.86258,45.13077],[6.86259,45.1308],[6.86272,45.13083],[6.86286,45.13088],[6.86293,45.13094],[6.8631,45.13104],[6.86338,45.13113],[6.86353,45.13116],[6.86395,45.13118],[6.86448,45.13125],[6.86546,45.13147],[6.86599,45.13153],[6.86625,45.1316],[6.86655,45.13163],[6.86703,45.13178],[6.86722,45.13185],[6.86737,45.13192],[6.86752,45.13203],[6.8677,45.13208],[6.86776,45.13211],[6.86784,45.13218],[6.86793,45.13234],[6.86799,45.13238],[6.86809,45.13242],[6.86811,45.13246],[6.86814,45.13249],[6.8684,45.13253],[6.86861,45.13266],[6.86864,45.13271],[6.86884,45.13283],[6.8689,45.13289],[6.86895,45.13291],[6.86906,45.1329],[6.8691,45.13292],[6.86923,45.13308],[6.8693,45.1331],[6.86934,45.13313],[6.86945,45.13327],[6.86966,45.13336],[6.86971,45.13343],[6.86978,45.13347],[6.86985,45.13356],[6.86994,45.1336],[6.87001,45.13365],[6.87003,45.13369],[6.87002,45.13371],[6.87006,45.13376],[6.87014,45.13378],[6.87017,45.1338],[6.87016,45.13386],[6.87017,45.13389],[6.87026,45.13395],[6.87026,45.13398],[6.87025,45.134],[6.87027,45.13404],[6.87035,45.13412],[6.87039,45.13418],[6.87046,45.13424],[6.87057,45.13429],[6.87066,45.1344],[6.87065,45.13444],[6.87067,45.1345],[6.87083,45.13459],[6.87085,45.13467],[6.87093,45.13474],[6.87093,45.13479],[6.871,45.13486],[6.871,45.13489],[6.8709,45.13493],[6.8709,45.13495],[6.87105,45.13503],[6.87111,45.13512],[6.87123,45.13524],[6.87148,45.13537],[6.87162,45.1354],[6.8717,45.13545],[6.87183,45.13549],[6.87207,45.13553],[6.87212,45.13557],[6.8722,45.13558],[6.87256,45.13568],[6.87266,45.13568],[6.8728,45.13575],[6.87302,45.13581],[6.87326,45.13582],[6.87338,45.13589],[6.87352,45.1359],[6.87368,45.13586],[6.87377,45.13579],[6.87391,45.13573],[6.87405,45.1356],[6.8741,45.13558],[6.87417,45.13558],[6.87449,45.13563],[6.87477,45.13552],[6.87485,45.13544],[6.87521,45.13541],[6.87537,45.13533],[6.87544,45.13533],[6.87562,45.13536],[6.87574,45.13534],[6.87596,45.13539],[6.87618,45.13541],[6.87626,45.13539],[6.87634,45.13536],[6.87646,45.13526],[6.87681,45.13517],[6.87691,45.13519],[6.87701,45.13516],[6.87721,45.1352],[6.87726,45.1352],[6.87735,45.13514],[6.87747,45.13511],[6.87778,45.13507],[6.87794,45.13507],[6.87805,45.13511],[6.8782,45.1351],[6.87832,45.13502],[6.87829,45.13495],[6.87843,45.13488],[6.87847,45.13481],[6.87869,45.13472],[6.87875,45.13461],[6.87876,45.13455],[6.87881,45.1345],[6.87896,45.13457],[6.87931,45.13469],[6.87946,45.13477],[6.87956,45.13478],[6.8796,45.13482],[6.87964,45.13488],[6.87975,45.13491],[6.8798,45.13493],[6.87995,45.13495],[6.8801,45.135],[6.88024,45.13496],[6.88031,45.13496],[6.88057,45.135],[6.88089,45.13501],[6.88106,45.13504],[6.88108,45.13505],[6.88109,45.1351],[6.88108,45.13513],[6.88096,45.13518],[6.88094,45.13525],[6.88108,45.13541],[6.88122,45.13551],[6.88123,45.13554],[6.88122,45.13557],[6.88138,45.13563],[6.88156,45.13566],[6.88166,45.13571],[6.88181,45.13569],[6.88189,45.1357],[6.88196,45.13573],[6.88233,45.13573],[6.8826,45.13579],[6.88289,45.13589],[6.88301,45.13589],[6.8832,45.13593],[6.88328,45.13593],[6.8834,45.13591],[6.88346,45.13587],[6.88363,45.13589],[6.88373,45.13587],[6.88395,45.13592],[6.88407,45.13591],[6.88431,45.13597],[6.8844,45.13598],[6.88451,45.13597],[6.88462,45.136],[6.88486,45.13611],[6.88491,45.13611],[6.8851,45.13609],[6.88513,45.1361],[6.88516,45.13616],[6.88515,45.13621],[6.88518,45.13625],[6.88533,45.13629],[6.88544,45.13637],[6.88583,45.13644],[6.88597,45.1365],[6.88626,45.13657],[6.88658,45.13662],[6.88692,45.13674],[6.88718,45.13674],[6.88742,45.13677],[6.8876,45.13675],[6.88764,45.13674],[6.88764,45.13664],[6.88767,45.1366],[6.88771,45.13657],[6.888,45.13653],[6.88813,45.13649],[6.88825,45.13649],[6.88841,45.13646],[6.88853,45.13646],[6.88914,45.13653],[6.88935,45.13653],[6.8896,45.13659],[6.88991,45.13659],[6.88999,45.13662],[6.89004,45.13662],[6.89019,45.13657],[6.89055,45.13661],[6.89073,45.1366],[6.89079,45.13658],[6.89086,45.1366],[6.89113,45.13665],[6.89144,45.13664],[6.89153,45.13663],[6.89162,45.13664],[6.89185,45.13663],[6.89218,45.13667],[6.89245,45.13672],[6.89258,45.13671],[6.89268,45.13672],[6.89288,45.13676],[6.89309,45.13683],[6.89358,45.13694],[6.89375,45.13701],[6.89382,45.13698],[6.89385,45.13698],[6.8939,45.13703],[6.89401,45.13706],[6.8941,45.13714],[6.89414,45.13721],[6.89419,45.13725],[6.8943,45.13729],[6.89452,45.13732],[6.89455,45.13746],[6.89472,45.13773],[6.89473,45.13778],[6.89473,45.13781],[6.89469,45.13783],[6.89468,45.13786],[6.89471,45.13801],[6.89474,45.13807],[6.89492,45.13827],[6.89523,45.13846],[6.89529,45.13852],[6.89535,45.13855],[6.89543,45.13862],[6.89556,45.13867],[6.89564,45.13876],[6.89582,45.13884],[6.89587,45.13889],[6.89605,45.13899],[6.89618,45.13911],[6.89622,45.13913],[6.89626,45.13917],[6.89625,45.13925],[6.89629,45.13926],[6.89631,45.1393],[6.89645,45.13936],[6.89652,45.13937],[6.89668,45.13946],[6.89676,45.13948],[6.89686,45.13955],[6.89684,45.13959],[6.89686,45.13961],[6.89711,45.13975],[6.89714,45.13985],[6.89713,45.13991],[6.89715,45.13994],[6.89718,45.14002],[6.89732,45.14014],[6.89741,45.14035],[6.89745,45.14042],[6.89746,45.14046],[6.89749,45.14051],[6.89748,45.14057],[6.8975,45.14062],[6.89753,45.14065],[6.89761,45.14068],[6.89762,45.14069],[6.89762,45.14083],[6.89766,45.14091],[6.89782,45.141],[6.89785,45.14102],[6.89786,45.14108],[6.89793,45.14115],[6.89799,45.14116],[6.89804,45.14121],[6.89804,45.14128],[6.89799,45.14132],[6.89798,45.14135],[6.89802,45.14144],[6.89801,45.14148],[6.89802,45.1415],[6.89805,45.14151],[6.89806,45.14155],[6.89805,45.14159],[6.89807,45.14162],[6.89825,45.14167],[6.89827,45.1417],[6.89823,45.14189],[6.89815,45.14199],[6.89811,45.14209],[6.89813,45.14218],[6.89803,45.14227],[6.89794,45.14241],[6.89779,45.14257],[6.89778,45.14267],[6.89769,45.1428],[6.89768,45.14286],[6.89759,45.14295],[6.89757,45.14302],[6.89744,45.14303],[6.8974,45.14306],[6.8972,45.1431],[6.89689,45.1431],[6.89672,45.14312],[6.89661,45.1431],[6.89646,45.14314],[6.89633,45.1432],[6.89592,45.14334],[6.8954,45.1435],[6.89536,45.14352],[6.89526,45.14363],[6.89493,45.14376],[6.89463,45.14391],[6.89428,45.14402],[6.89416,45.14408],[6.89396,45.14423],[6.89386,45.14426],[6.89378,45.14433],[6.89356,45.14439],[6.89332,45.14449],[6.89318,45.14457],[6.8928,45.1447],[6.89269,45.14476],[6.89249,45.14481],[6.89231,45.14484],[6.89225,45.14488],[6.89229,45.145],[6.89226,45.14508],[6.89218,45.14515],[6.8921,45.14523],[6.89192,45.14523],[6.89189,45.14525],[6.89189,45.14529],[6.89175,45.14534],[6.89168,45.14536],[6.89139,45.14547],[6.89129,45.1455],[6.89116,45.14556],[6.89111,45.14564],[6.89102,45.14573],[6.89102,45.14606],[6.89101,45.14612],[6.89097,45.1462],[6.89054,45.14621],[6.89019,45.14624],[6.88999,45.14629],[6.88997,45.14632],[6.88995,45.14659],[6.88997,45.14669],[6.89004,45.14678],[6.89011,45.14698],[6.89016,45.14704],[6.89014,45.1472],[6.89008,45.14728],[6.89007,45.14734],[6.89008,45.14749],[6.89017,45.1477],[6.89021,45.14786],[6.89038,45.14789],[6.89039,45.1479],[6.89038,45.14794],[6.89034,45.14796],[6.8905,45.14803],[6.89055,45.14807],[6.89059,45.14814],[6.89057,45.14817],[6.89043,45.14824],[6.89041,45.14839],[6.89039,45.14844],[6.89016,45.14868],[6.89014,45.14871],[6.89012,45.14886],[6.8901,45.14889],[6.89013,45.14905],[6.89017,45.14916],[6.89018,45.14925],[6.89013,45.14941],[6.89016,45.14973],[6.89009,45.14984],[6.89007,45.15],[6.88993,45.15015],[6.8899,45.15025],[6.88989,45.15027],[6.88985,45.1503],[6.88978,45.15032],[6.88976,45.1504],[6.88968,45.15049],[6.88959,45.15058],[6.88957,45.1506],[6.88937,45.15065],[6.88933,45.15078],[6.88919,45.15094],[6.88905,45.15113],[6.88911,45.15125],[6.88912,45.15138],[6.88903,45.1516],[6.88894,45.15173],[6.88892,45.1518],[6.88855,45.15209],[6.88832,45.15217],[6.8882,45.15228],[6.88808,45.15231],[6.88805,45.15238],[6.88798,45.1524],[6.88794,45.15243],[6.8879,45.15244],[6.88787,45.15248],[6.88789,45.15252],[6.88775,45.15254],[6.88774,45.15256],[6.88775,45.15259],[6.88769,45.15263],[6.88767,45.1527],[6.88763,45.15273],[6.88754,45.15276],[6.88751,45.15279],[6.88745,45.15281],[6.88743,45.15296],[6.88739,45.15298],[6.88729,45.15298],[6.88728,45.153],[6.88735,45.15309],[6.88733,45.15314],[6.88726,45.15313],[6.88724,45.15315],[6.88725,45.15318],[6.88722,45.15319],[6.8872,45.1532],[6.88722,45.15323],[6.88719,45.15324],[6.8871,45.15327],[6.88707,45.15329],[6.88696,45.15331],[6.88694,45.15332],[6.88691,45.15346],[6.88686,45.1535],[6.88685,45.15356],[6.88676,45.15364],[6.88669,45.15367],[6.88671,45.15374],[6.8867,45.1538],[6.88668,45.15382],[6.88665,45.15383],[6.88655,45.1538],[6.88646,45.15381],[6.88643,45.15384],[6.88639,45.15391],[6.88637,45.15392],[6.88634,45.15393],[6.8863,45.15403],[6.88624,45.1541],[6.88598,45.15422],[6.88578,45.15434],[6.88549,45.15444],[6.88531,45.15446],[6.88518,45.15449],[6.88513,45.1548],[6.8851,45.15488],[6.88504,45.15491],[6.88503,45.15493],[6.88508,45.15507],[6.88495,45.15523],[6.88491,45.15531],[6.88479,45.15546],[6.88474,45.15558],[6.88467,45.15566],[6.88457,45.15572],[6.88458,45.15577],[6.88456,45.15582],[6.8845,45.15587],[6.88446,45.15597],[6.88427,45.15626],[6.88425,45.15629],[6.8842,45.15631],[6.88419,45.15634],[6.88408,45.15639],[6.88405,45.15655],[6.88409,45.15664],[6.88408,45.15667],[6.88413,45.1567],[6.88413,45.15673],[6.88416,45.15706],[6.8843,45.15736],[6.88442,45.15754],[6.88449,45.15761],[6.88465,45.15769],[6.88477,45.15788],[6.8848,45.15797],[6.88486,45.15808],[6.88497,45.15816],[6.88506,45.1583],[6.88532,45.15848],[6.88551,45.15867],[6.88579,45.15884],[6.88583,45.15889],[6.88626,45.15912],[6.88644,45.15925],[6.88662,45.15941],[6.88683,45.15952],[6.88702,45.15966],[6.88719,45.15975],[6.88722,45.15981],[6.88726,45.15983],[6.88743,45.15983],[6.88754,45.15986],[6.88766,45.15999],[6.8877,45.16001],[6.88778,45.16003],[6.88802,45.16017],[6.88821,45.16033],[6.88836,45.16038],[6.88853,45.16049],[6.88878,45.1606],[6.88882,45.16064],[6.88912,45.16081],[6.88923,45.1609],[6.8896,45.16105],[6.88987,45.16113],[6.89009,45.16123],[6.89023,45.16126],[6.89032,45.16133],[6.8907,45.16143],[6.8908,45.16148],[6.89082,45.1615],[6.89081,45.16153],[6.89092,45.16157],[6.89101,45.16165],[6.89139,45.16182],[6.89156,45.16198],[6.89163,45.16207],[6.8917,45.16212],[6.89177,45.16213],[6.89183,45.16221],[6.89191,45.16241],[6.89194,45.16244],[6.89201,45.16248],[6.89206,45.16253],[6.8921,45.16259],[6.89217,45.16274],[6.89217,45.1628],[6.89216,45.16286],[6.89212,45.16286],[6.89207,45.16288],[6.89205,45.16292],[6.89201,45.16294],[6.89188,45.16293],[6.89174,45.16298],[6.8917,45.16298],[6.89167,45.16294],[6.89164,45.16292],[6.89158,45.16292],[6.89155,45.16295],[6.89154,45.16299],[6.89146,45.16303],[6.8913,45.16303],[6.89124,45.16299],[6.89117,45.163],[6.89114,45.16302],[6.89111,45.16311],[6.89111,45.1632],[6.89113,45.16332],[6.89114,45.16335],[6.89117,45.16337],[6.89121,45.16335],[6.89133,45.16333],[6.89142,45.1634],[6.89144,45.16349],[6.89146,45.1635],[6.89161,45.16353],[6.89188,45.16364],[6.89216,45.1638],[6.89228,45.16384],[6.89232,45.16388],[6.89232,45.1639],[6.89207,45.16403],[6.89204,45.16407],[6.89205,45.16412],[6.89195,45.16414],[6.89182,45.16421],[6.89162,45.16429],[6.89155,45.16437],[6.89144,45.1644],[6.89125,45.16448],[6.89116,45.1645],[6.89112,45.16455],[6.89107,45.16457],[6.89103,45.1646],[6.89103,45.16463],[6.89107,45.16467],[6.89115,45.16471],[6.89123,45.16472],[6.89125,45.16474],[6.89123,45.16478],[6.89117,45.16481],[6.89118,45.16484],[6.89134,45.1649],[6.89154,45.16501],[6.8918,45.16503],[6.89195,45.16508],[6.89204,45.16508],[6.89206,45.16515],[6.89205,45.16525],[6.892,45.16535],[6.89187,45.16541],[6.89183,45.16548],[6.89174,45.16556],[6.89174,45.16558],[6.89178,45.16561],[6.89178,45.16563],[6.89165,45.16568],[6.89152,45.16577],[6.89153,45.16579],[6.8916,45.16577],[6.89166,45.16577],[6.89169,45.16583],[6.89176,45.16586],[6.89178,45.16589],[6.89177,45.16593],[6.89164,45.16613],[6.8916,45.16615],[6.89149,45.16613],[6.89143,45.1662],[6.89145,45.16641],[6.89143,45.16658],[6.8914,45.16662],[6.89141,45.16665],[6.89143,45.16673],[6.89149,45.16682],[6.89163,45.16712],[6.89166,45.16715],[6.89181,45.16723],[6.89185,45.16728],[6.89206,45.16726],[6.89214,45.16729],[6.89228,45.16729],[6.89242,45.16731],[6.89287,45.16745],[6.89294,45.16752],[6.89298,45.16759],[6.893,45.1677],[6.89298,45.16776],[6.89294,45.16779],[6.89277,45.16786],[6.89282,45.16798],[6.89296,45.16805],[6.89298,45.16808],[6.89293,45.16812],[6.89295,45.16823],[6.89294,45.16829],[6.89295,45.16831],[6.89309,45.16835],[6.89311,45.16839],[6.89312,45.16843],[6.89314,45.16845],[6.89331,45.16843],[6.89349,45.16853],[6.89372,45.16858],[6.89385,45.16857],[6.89402,45.16858],[6.89462,45.16853],[6.89482,45.16846],[6.89504,45.16845],[6.89528,45.1684],[6.8954,45.16844],[6.89558,45.16848],[6.89589,45.16848],[6.89597,45.16851],[6.89623,45.16846],[6.89629,45.16844],[6.89637,45.1684],[6.89646,45.16838],[6.89653,45.16831],[6.89664,45.16825],[6.89674,45.16824],[6.89685,45.16819],[6.89689,45.16807],[6.8971,45.168],[6.89717,45.16801],[6.8972,45.16804],[6.89726,45.16804],[6.89736,45.16796],[6.89738,45.16792],[6.89747,45.16792],[6.89753,45.16794],[6.89769,45.16793],[6.89773,45.16795],[6.89789,45.1679],[6.89795,45.16793],[6.89807,45.16793],[6.89816,45.16796],[6.89827,45.16796],[6.89839,45.16789],[6.89851,45.16787],[6.89867,45.16782],[6.89878,45.16781],[6.89892,45.16776],[6.899,45.16771],[6.8991,45.1677],[6.89919,45.16765],[6.89933,45.16762],[6.89946,45.16762],[6.89964,45.16765],[6.89972,45.1676],[6.8999,45.16757],[6.9,45.16751],[6.90027,45.16749],[6.90041,45.1675],[6.90056,45.16744],[6.90067,45.16745],[6.90085,45.16733],[6.90096,45.16732],[6.90104,45.1673],[6.90109,45.16732],[6.90118,45.16733],[6.90176,45.1673],[6.90194,45.16734],[6.90198,45.16735],[6.90203,45.16742],[6.90207,45.16743],[6.90232,45.16746],[6.90236,45.16751],[6.9024,45.16751],[6.90244,45.16754],[6.90253,45.16756],[6.90253,45.16759],[6.90258,45.1676],[6.90264,45.16757],[6.90269,45.16757],[6.90271,45.1676],[6.90292,45.1676],[6.90301,45.16773],[6.90307,45.16777],[6.90314,45.1678],[6.9032,45.1678],[6.90331,45.16786],[6.90337,45.16786],[6.90342,45.16789],[6.90347,45.16789],[6.90356,45.1678],[6.9036,45.16779],[6.90365,45.16785],[6.90367,45.16785],[6.90376,45.16781],[6.90383,45.16775],[6.90394,45.16773],[6.90398,45.1677],[6.90401,45.16769],[6.90409,45.16772],[6.90414,45.16771],[6.90422,45.16774],[6.90448,45.16776],[6.90455,45.16778],[6.90458,45.16777],[6.90465,45.16773],[6.90465,45.16769],[6.90479,45.1677],[6.90484,45.16765],[6.90512,45.16751],[6.9052,45.16745],[6.90522,45.1674],[6.90536,45.16734],[6.90585,45.16731],[6.90603,45.16727],[6.90618,45.16718],[6.90642,45.16713],[6.90647,45.16709],[6.90647,45.16703],[6.90637,45.16697],[6.90634,45.16683],[6.90634,45.16679],[6.90638,45.16677],[6.90662,45.16673],[6.90673,45.16668],[6.90691,45.16655],[6.90704,45.16652],[6.90714,45.16642],[6.90716,45.16635],[6.90718,45.16632],[6.9073,45.1663],[6.90741,45.16625],[6.90747,45.16618],[6.90754,45.16617],[6.90758,45.16614],[6.9076,45.1661],[6.9076,45.16606],[6.90763,45.16605],[6.90766,45.16607],[6.9077,45.16608],[6.90775,45.16606],[6.90791,45.16585],[6.90796,45.16585],[6.90805,45.16588],[6.9081,45.16588],[6.90821,45.16583],[6.90823,45.16578],[6.90826,45.16575],[6.90831,45.16575],[6.90841,45.16576],[6.90865,45.16575],[6.90888,45.16579],[6.90889,45.16578],[6.90885,45.16571],[6.90902,45.1657],[6.90929,45.16563],[6.90933,45.16563],[6.90943,45.16566],[6.90946,45.16565],[6.90954,45.16567],[6.90961,45.16566],[6.9097,45.16568],[6.90991,45.1657],[6.90995,45.16568],[6.90997,45.16565],[6.90998,45.16559],[6.91,45.16557],[6.91005,45.16554],[6.91005,45.16549],[6.91003,45.16541],[6.91004,45.16539],[6.91014,45.16541],[6.91017,45.16535],[6.91023,45.16534],[6.91036,45.16536],[6.91049,45.16542],[6.91067,45.16554],[6.91071,45.16554],[6.91078,45.16548],[6.91083,45.16545],[6.91086,45.16546],[6.9109,45.16556],[6.91093,45.16556],[6.91098,45.16554],[6.91101,45.16555],[6.91096,45.16562],[6.91097,45.16564],[6.91117,45.16572],[6.91124,45.16578],[6.91125,45.16591],[6.91121,45.16601],[6.91113,45.16613],[6.91107,45.16625],[6.91102,45.16638],[6.91101,45.1665],[6.91111,45.16674],[6.91129,45.16694],[6.91174,45.1674],[6.91254,45.16781],[6.91276,45.16797],[6.91299,45.16809],[6.9141,45.16872],[6.91427,45.16888],[6.91428,45.16893],[6.9144,45.16897],[6.91466,45.16894],[6.91514,45.1688],[6.91528,45.1687],[6.91534,45.1686],[6.91549,45.16846],[6.91557,45.16831],[6.91567,45.16828],[6.91588,45.16827],[6.91605,45.1682],[6.91617,45.16821],[6.91624,45.16826],[6.91632,45.16828],[6.91639,45.16828],[6.91652,45.16823],[6.91657,45.16823],[6.91671,45.16829],[6.91679,45.16837],[6.9169,45.16843],[6.91702,45.16847],[6.91706,45.16846],[6.91715,45.16841],[6.91733,45.16839],[6.91739,45.16836],[6.91743,45.16831],[6.91755,45.16821],[6.91763,45.16817],[6.91774,45.16815],[6.91776,45.16816],[6.91785,45.16828],[6.91793,45.16835],[6.91796,45.16845],[6.91802,45.1685],[6.91809,45.16852],[6.91827,45.16851],[6.91832,45.16852],[6.91843,45.16859],[6.91851,45.1686],[6.91859,45.16861],[6.91868,45.16859],[6.91874,45.16855],[6.91883,45.16845],[6.91887,45.16843],[6.91939,45.16826],[6.91955,45.16818],[6.91975,45.16806],[6.91986,45.16794],[6.92014,45.16774],[6.92029,45.1677],[6.92064,45.16757],[6.92078,45.16747],[6.92083,45.16745],[6.92093,45.16745],[6.92113,45.16739],[6.92117,45.16733],[6.92117,45.1672],[6.92119,45.16715],[6.92134,45.16708],[6.92157,45.1669],[6.92188,45.16701],[6.9222,45.16702],[6.92236,45.16701],[6.92242,45.16697],[6.92243,45.16689],[6.92252,45.16672],[6.92304,45.16634],[6.92314,45.16624],[6.92319,45.16616],[6.92326,45.16613],[6.92335,45.16613],[6.92355,45.1661],[6.92364,45.16608],[6.9237,45.16608],[6.92385,45.16612],[6.92394,45.16613],[6.92398,45.16614],[6.92412,45.16626],[6.92416,45.16629],[6.92426,45.16631],[6.92422,45.16644],[6.92413,45.16652],[6.92411,45.16656],[6.92413,45.16659],[6.92412,45.16661],[6.92407,45.16669],[6.92404,45.16679],[6.92393,45.1668],[6.92379,45.16693],[6.92355,45.1671],[6.92352,45.16714],[6.92358,45.16724],[6.9237,45.16736],[6.92373,45.16741],[6.92375,45.16747],[6.92373,45.16757],[6.92359,45.16774],[6.92351,45.16793],[6.92341,45.16811],[6.92338,45.16825],[6.92324,45.16834],[6.9232,45.16844],[6.92298,45.16873],[6.92297,45.16876],[6.923,45.1688],[6.92318,45.16887],[6.92324,45.16888],[6.92335,45.16887],[6.92351,45.16876],[6.92362,45.1688],[6.92374,45.16886],[6.92381,45.16888],[6.92408,45.16891],[6.92425,45.16891],[6.92436,45.16888],[6.92446,45.16888],[6.92449,45.1689],[6.92453,45.16899],[6.92463,45.16903],[6.92473,45.16911],[6.92483,45.16931],[6.92495,45.16949],[6.92497,45.16956],[6.92506,45.16969],[6.9252,45.16978],[6.92545,45.16989],[6.92548,45.16992],[6.92553,45.17004],[6.92557,45.17008],[6.92563,45.1701],[6.92595,45.17009],[6.92622,45.17001],[6.92629,45.17001],[6.92641,45.17009],[6.92652,45.17012],[6.92685,45.17015],[6.92688,45.1702],[6.92689,45.17028],[6.92694,45.17033],[6.92712,45.1704],[6.92716,45.17044],[6.92717,45.17046],[6.92714,45.17051],[6.92717,45.17052],[6.92734,45.17053],[6.92752,45.17046],[6.92759,45.17051],[6.92763,45.17053],[6.92771,45.17052],[6.92772,45.17055],[6.92783,45.17058],[6.92799,45.17056],[6.92857,45.17065],[6.92882,45.17067],[6.92933,45.17079],[6.92963,45.17089],[6.9298,45.17093],[6.92994,45.171],[6.93003,45.17108],[6.93031,45.17115],[6.93044,45.17117],[6.93058,45.17115],[6.93062,45.17116],[6.93065,45.17121],[6.93069,45.17123],[6.93104,45.17128],[6.93135,45.17136],[6.93167,45.1714],[6.93209,45.17134],[6.9325,45.17132],[6.93286,45.17126],[6.93289,45.17128],[6.93292,45.17136],[6.933,45.17142],[6.93316,45.17136],[6.93336,45.17135],[6.93376,45.17142],[6.93389,45.1714],[6.93441,45.17147],[6.93425,45.17133],[6.93387,45.17109],[6.93389,45.17104],[6.93399,45.17103],[6.93422,45.17104],[6.93467,45.17104],[6.93594,45.17121],[6.93619,45.17126],[6.93635,45.17133],[6.93661,45.17141],[6.93685,45.17141],[6.93704,45.17138],[6.93709,45.17136],[6.93719,45.17128],[6.93734,45.17123],[6.93751,45.17119],[6.93764,45.17118],[6.93775,45.17118],[6.93805,45.17129],[6.93835,45.17136],[6.93781,45.17229],[6.93377,45.17339],[6.93389,45.17402],[6.93074,45.17792],[6.92999,45.18046],[6.92584,45.18333],[6.92454,45.18394],[6.91628,45.1877],[6.91679,45.19169],[6.91643,45.19292],[6.91596,45.19301],[6.91604,45.19352],[6.91641,45.19363],[6.91649,45.19396],[6.91579,45.19475],[6.91632,45.19511],[6.91624,45.19581],[6.9133,45.20082],[6.91045,45.20097],[6.9091,45.20092],[6.90693,45.2011],[6.90455,45.2007],[6.90217,45.20067],[6.8927,45.2089],[6.86632,45.21074],[6.85764,45.21615],[6.86004,45.22052],[6.86247,45.2224],[6.85974,45.223],[6.85977,45.226],[6.86021,45.22654],[6.86762,45.22795],[6.87386,45.22648],[6.8761,45.23006],[6.87555,45.2323],[6.87207,45.2349],[6.8785,45.24208],[6.8841,45.24381],[6.88698,45.24565],[6.88891,45.2469],[6.88913,45.25124],[6.88821,45.25636],[6.89374,45.25678],[6.8987,45.2582],[6.9013,45.25987],[6.90585,45.26153],[6.91072,45.26179],[6.913,45.26406],[6.91935,45.26356],[6.91984,45.26317],[6.92426,45.2615],[6.92587,45.26159],[6.92736,45.2612],[6.93165,45.26113],[6.93298,45.26122],[6.93365,45.26093],[6.93689,45.2611],[6.93942,45.26182],[6.94015,45.2615],[6.94111,45.26129],[6.94209,45.26055],[6.94349,45.26022],[6.94458,45.26055],[6.946,45.26184],[6.94716,45.26215],[6.94864,45.26303],[6.95139,45.26336],[6.95332,45.26339],[6.95471,45.26433],[6.95654,45.26433],[6.95797,45.26456],[6.95904,45.26453],[6.96099,45.26511],[6.96241,45.26488],[6.96458,45.26497],[6.9652,45.26458],[6.96756,45.26523],[6.96898,45.26526],[6.97104,45.26577],[6.9728,45.26606],[6.97535,45.26618],[6.97731,45.26511],[6.97771,45.26461],[6.97926,45.26387],[6.9801,45.26222],[6.98078,45.26142],[6.9831,45.26005],[6.98385,45.25985],[6.98653,45.25849],[6.98776,45.25744],[6.98821,45.25699],[6.99066,45.25644],[6.9918,45.25524],[6.99371,45.25447],[6.99409,45.2535],[6.99577,45.25172],[6.99684,45.25135],[6.99772,45.25063],[6.99894,45.24887],[7.00068,45.24806],[7.00122,45.24727],[7.00089,45.24609],[7.00169,45.24449],[7.00117,45.24368],[7.00072,45.24313],[7.00034,45.24224],[6.99864,45.24011],[6.99858,45.23913],[6.99926,45.23886],[6.99997,45.23889],[7.00231,45.23852],[7.00538,45.23739],[7.00643,45.23738],[7.00553,45.23874],[7.00604,45.23954],[7.00772,45.23967],[7.0093,45.23951],[7.01139,45.23899],[7.01227,45.23851],[7.01257,45.23889],[7.01304,45.23874],[7.0141,45.23895],[7.01481,45.23887],[7.01515,45.23843],[7.01584,45.23854],[7.01843,45.23833],[7.02356,45.23709],[7.02687,45.23588],[7.03034,45.23445],[7.03143,45.2343],[7.034,45.23355],[7.03533,45.23296],[7.03733,45.23163],[7.0386,45.23098],[7.03943,45.23084],[7.04132,45.22986],[7.04197,45.22984],[7.04372,45.22924],[7.04501,45.22928],[7.04723,45.22844],[7.05052,45.2259],[7.05109,45.22557],[7.0511,45.22552],[7.05114,45.22549],[7.05132,45.22542],[7.05152,45.22529],[7.05156,45.22522],[7.05162,45.22506],[7.05169,45.22479],[7.05174,45.22467],[7.0518,45.2246],[7.05187,45.22457],[7.05198,45.22449],[7.052,45.22448],[7.05203,45.2245],[7.05216,45.22434],[7.05227,45.22426],[7.05252,45.22414],[7.05262,45.22406],[7.0527,45.22407],[7.05295,45.22393],[7.05336,45.22368],[7.05337,45.22366],[7.05337,45.2236],[7.0534,45.22357],[7.05345,45.22356],[7.0535,45.22352],[7.05363,45.22344],[7.05363,45.22326],[7.05365,45.22319],[7.05395,45.22303],[7.05405,45.22294],[7.05411,45.22291],[7.05423,45.22278],[7.05433,45.22268],[7.05471,45.22239],[7.05482,45.2222],[7.05494,45.22217],[7.05527,45.22216],[7.05536,45.22211],[7.05559,45.22209],[7.05569,45.22194],[7.05582,45.22188],[7.05627,45.22158],[7.05663,45.22144],[7.05683,45.2214],[7.05688,45.22138],[7.05691,45.22133],[7.05693,45.2212],[7.05697,45.22115],[7.05704,45.22109],[7.05716,45.22102],[7.05726,45.22098],[7.05739,45.22104],[7.05755,45.22104],[7.05768,45.22099],[7.05782,45.22091],[7.05784,45.22088],[7.05785,45.22063],[7.05784,45.22056],[7.05785,45.22051],[7.05791,45.22044],[7.05802,45.22037],[7.05811,45.22019],[7.05821,45.22006],[7.05826,45.21996],[7.05827,45.21986],[7.05812,45.2198],[7.05795,45.21979],[7.05778,45.21969],[7.05774,45.21964],[7.05773,45.21959],[7.05776,45.21944],[7.05782,45.21934],[7.05823,45.21916],[7.05852,45.21906],[7.05859,45.21902],[7.05861,45.21899],[7.05861,45.21891],[7.0586,45.21885],[7.05856,45.21879],[7.05859,45.21873],[7.05869,45.21869],[7.05882,45.2185],[7.0589,45.21843],[7.05894,45.21836],[7.05895,45.21828],[7.05905,45.21825],[7.05912,45.21817],[7.05913,45.21808],[7.05918,45.21803],[7.05921,45.21792],[7.05924,45.21789],[7.0594,45.21787],[7.05944,45.2178],[7.05961,45.21768],[7.05981,45.21743],[7.06023,45.21699],[7.0603,45.21688],[7.06041,45.21679],[7.0605,45.21676],[7.06056,45.21669],[7.06069,45.21661],[7.06083,45.21654],[7.06087,45.21649],[7.06088,45.21634],[7.061,45.21627],[7.06104,45.21621],[7.06113,45.21594],[7.06125,45.21574],[7.06129,45.21564],[7.0614,45.21541],[7.0615,45.21538],[7.06155,45.21531],[7.06171,45.2153],[7.06176,45.21526],[7.06178,45.2152],[7.0619,45.21502],[7.06192,45.215],[7.06205,45.21498],[7.06224,45.21486],[7.06258,45.21453],[7.06267,45.21453],[7.06283,45.21443],[7.06306,45.21442],[7.06309,45.2144],[7.06312,45.21431],[7.06331,45.21412],[7.0634,45.21401],[7.06352,45.21397],[7.06359,45.2139],[7.06367,45.21384],[7.06375,45.21381],[7.06385,45.21369],[7.06402,45.21359],[7.06405,45.21354],[7.0641,45.2133],[7.06412,45.21324],[7.06429,45.21317],[7.06445,45.21306],[7.06447,45.21297],[7.06461,45.21288],[7.0647,45.2128],[7.06477,45.21271],[7.06501,45.21255],[7.0651,45.21253],[7.06519,45.21248],[7.06527,45.21238],[7.06534,45.21225],[7.06539,45.21211],[7.06545,45.21203],[7.06546,45.21191],[7.06548,45.21186],[7.0657,45.21162],[7.06584,45.21135],[7.06599,45.21126],[7.06604,45.21117],[7.0662,45.21103],[7.06622,45.211],[7.06624,45.21093],[7.06642,45.21078],[7.06651,45.21066],[7.06659,45.21063],[7.06661,45.21061],[7.06659,45.2105],[7.06661,45.21042],[7.06676,45.21036],[7.06688,45.21028],[7.06713,45.21022],[7.0672,45.21018],[7.06728,45.21013],[7.06743,45.21002],[7.06752,45.20997],[7.06758,45.20992],[7.06775,45.20983],[7.06808,45.20978],[7.06846,45.20975],[7.06883,45.20967],[7.06898,45.20968],[7.06906,45.2097],[7.06918,45.20965],[7.0698,45.20992],[7.07005,45.21006],[7.07044,45.21021],[7.07053,45.21035],[7.07086,45.21037],[7.07115,45.21021],[7.07156,45.21007],[7.07192,45.21012],[7.07216,45.21006],[7.0723,45.20993],[7.07242,45.20977],[7.07266,45.20977],[7.07288,45.20986],[7.07297,45.20986],[7.07308,45.20988],[7.07309,45.20995],[7.07313,45.20997],[7.07327,45.20996],[7.07331,45.20998],[7.07332,45.21002],[7.07331,45.21013],[7.07337,45.2102],[7.07351,45.21031],[7.07404,45.21038],[7.07411,45.21041],[7.07417,45.2104],[7.07445,45.21056],[7.07472,45.21075],[7.07479,45.21078],[7.07506,45.21076],[7.07516,45.21077],[7.07534,45.21088],[7.0754,45.21087],[7.07561,45.21081],[7.07565,45.21077],[7.07566,45.21071],[7.07563,45.21065],[7.07564,45.21059],[7.07569,45.21053],[7.07575,45.21049],[7.07579,45.21048],[7.07584,45.21048],[7.07593,45.21055],[7.07598,45.21057],[7.07633,45.21056],[7.07648,45.21057],[7.07655,45.21059],[7.07661,45.21064],[7.07669,45.21074],[7.07674,45.21083],[7.07681,45.21091],[7.07698,45.21105],[7.07698,45.21135],[7.07703,45.21149],[7.07719,45.2116],[7.07721,45.21175],[7.07762,45.21211],[7.07765,45.21224],[7.07756,45.2125],[7.07786,45.21271],[7.07824,45.21272],[7.07847,45.21275],[7.07893,45.21271],[7.07921,45.21277],[7.07938,45.21274],[7.07955,45.21288],[7.07967,45.21286],[7.07977,45.21282],[7.07989,45.21286],[7.08002,45.21294],[7.08014,45.21339],[7.07907,45.21437],[7.07888,45.21487],[7.07877,45.21523],[7.07876,45.21568],[7.07891,45.21596],[7.07909,45.21617],[7.07941,45.21634],[7.08025,45.21671],[7.08081,45.21691],[7.08141,45.21699],[7.08154,45.21697],[7.0817,45.217],[7.08223,45.21717],[7.08289,45.21729],[7.08296,45.21749],[7.08298,45.21759],[7.08298,45.21785],[7.08302,45.21798],[7.08305,45.21825],[7.08315,45.21852],[7.08319,45.21871],[7.08332,45.21899],[7.08334,45.21917],[7.08321,45.21965],[7.08302,45.21985],[7.08299,45.21998],[7.083,45.2201],[7.08294,45.22048],[7.08297,45.22066],[7.08301,45.22076],[7.08304,45.22085],[7.083,45.22089],[7.08292,45.22091],[7.0829,45.22094],[7.08291,45.22101],[7.08291,45.22114],[7.08296,45.2213],[7.08295,45.22144],[7.08292,45.22157],[7.08277,45.22178],[7.08261,45.22191],[7.08259,45.22197],[7.08257,45.22216],[7.08244,45.22236],[7.0823,45.22261],[7.08207,45.22287],[7.0819,45.22309],[7.08173,45.22328],[7.08164,45.22335],[7.08157,45.22346],[7.08147,45.22376],[7.08122,45.22436],[7.08118,45.22451],[7.08118,45.22456],[7.08124,45.22469],[7.08146,45.22496],[7.08155,45.22509],[7.08157,45.2252],[7.08187,45.22528],[7.08238,45.22534],[7.08268,45.22546],[7.08299,45.22573],[7.0831,45.22588],[7.08322,45.226],[7.0833,45.22607],[7.08353,45.22623],[7.0839,45.22622],[7.08431,45.22631],[7.08488,45.2262],[7.08504,45.2262],[7.08537,45.22623],[7.08613,45.22618],[7.08656,45.22619],[7.0868,45.22617],[7.0869,45.22614],[7.08716,45.22614],[7.08752,45.22604],[7.08826,45.22592],[7.08858,45.22598],[7.08859,45.22601],[7.08852,45.22606],[7.0886,45.22607],[7.08885,45.22625],[7.08895,45.22631],[7.08903,45.22633],[7.08915,45.22646],[7.08914,45.2265],[7.08911,45.22655],[7.08903,45.22661],[7.08905,45.22668],[7.08909,45.22673],[7.08918,45.22678],[7.08924,45.22685],[7.08932,45.22687],[7.08946,45.22687],[7.08951,45.22683],[7.0896,45.22682],[7.08963,45.22688],[7.08957,45.22695],[7.08949,45.227],[7.08941,45.22717],[7.08932,45.22729],[7.0893,45.2274],[7.0894,45.22747],[7.08951,45.22758],[7.08953,45.22768],[7.08959,45.22773],[7.08968,45.22786],[7.08972,45.22802],[7.08968,45.22805],[7.08967,45.22811],[7.08983,45.22816],[7.08992,45.22829],[7.08995,45.22839],[7.09011,45.22853],[7.09015,45.22857],[7.09018,45.22863],[7.09024,45.22866],[7.0903,45.22868],[7.09039,45.22868],[7.09042,45.22869],[7.0905,45.22877],[7.09068,45.22886],[7.09072,45.22893],[7.09076,45.22897],[7.09085,45.22901],[7.09102,45.22915],[7.09113,45.22932],[7.0912,45.22939],[7.0913,45.22955],[7.09134,45.22958],[7.09152,45.22964],[7.09154,45.22967],[7.09152,45.22974],[7.09153,45.22979],[7.09165,45.2298],[7.09168,45.22982],[7.09172,45.22985],[7.09174,45.22992],[7.09179,45.22997],[7.09182,45.22999],[7.0921,45.22996],[7.09233,45.22999],[7.09254,45.22997],[7.09261,45.22998],[7.09272,45.22997],[7.09297,45.23003],[7.0932,45.23003],[7.09326,45.23004],[7.09334,45.23006],[7.09342,45.23011],[7.09363,45.23015],[7.09381,45.23024],[7.09392,45.23027],[7.09397,45.2303],[7.09418,45.23037],[7.09426,45.23042],[7.09444,45.23047],[7.09452,45.23047],[7.09479,45.23058],[7.09488,45.2306],[7.09496,45.23061],[7.09517,45.23061],[7.09543,45.23068],[7.09557,45.23076],[7.09575,45.2309],[7.09587,45.23103],[7.09591,45.2311],[7.09596,45.23113],[7.09602,45.23121],[7.09624,45.23139],[7.09638,45.2316],[7.09638,45.23178],[7.09641,45.23183],[7.09638,45.23196],[7.09633,45.232],[7.09632,45.23205],[7.09634,45.23211],[7.0963,45.23218],[7.09632,45.23234],[7.09636,45.2324],[7.09636,45.23244],[7.09629,45.23245],[7.09624,45.23253],[7.09622,45.2326],[7.09622,45.23266],[7.09618,45.23271],[7.09619,45.23274],[7.09656,45.23279],[7.0966,45.23281],[7.09663,45.23284],[7.0968,45.23296],[7.09702,45.23321],[7.09699,45.23328],[7.09699,45.23331],[7.09693,45.23332],[7.09688,45.23335],[7.09689,45.23343],[7.09697,45.23351],[7.097,45.23357],[7.09698,45.2337],[7.09703,45.23381],[7.09707,45.23384],[7.09725,45.23382],[7.09758,45.23383],[7.09766,45.23384],[7.09776,45.23388],[7.09779,45.23393],[7.09786,45.23396],[7.0979,45.23401],[7.09794,45.23414],[7.09788,45.23429],[7.09796,45.23439],[7.09797,45.23447],[7.09795,45.23454],[7.09821,45.23461],[7.09829,45.23467],[7.09869,45.23481],[7.09876,45.23481],[7.09889,45.23478],[7.09907,45.23478],[7.09936,45.23488],[7.09939,45.2349],[7.09947,45.23503],[7.09953,45.23506],[7.09966,45.23515],[7.09992,45.2353],[7.10005,45.23533],[7.10017,45.23539],[7.10032,45.23543],[7.10045,45.2355],[7.10084,45.23554],[7.10099,45.23559],[7.10143,45.23565],[7.10188,45.23578],[7.10211,45.2358],[7.10216,45.23589],[7.10222,45.23596],[7.10223,45.23601],[7.10226,45.23605],[7.10234,45.23609],[7.10263,45.2361],[7.10296,45.23613],[7.10307,45.23619],[7.10319,45.23622],[7.1033,45.23629],[7.10334,45.23634],[7.10357,45.23635],[7.10363,45.2364],[7.10375,45.23646],[7.10396,45.23648],[7.10416,45.23653],[7.10439,45.23656],[7.10444,45.23657],[7.10477,45.23669],[7.10508,45.23686],[7.10513,45.23687],[7.10531,45.23707],[7.10535,45.2371],[7.10549,45.23714],[7.10561,45.23722],[7.10571,45.23733],[7.10574,45.23734],[7.10599,45.23731],[7.10634,45.2373],[7.10653,45.23737],[7.10661,45.23741],[7.10665,45.23745],[7.10665,45.23747],[7.10634,45.23761],[7.1062,45.23768],[7.10609,45.23779],[7.106,45.23792],[7.10595,45.23802],[7.10591,45.23806],[7.10592,45.23813],[7.10596,45.23818],[7.10603,45.23822],[7.10617,45.23835],[7.10618,45.23849],[7.10622,45.23854],[7.10629,45.23861],[7.10652,45.2387],[7.1066,45.23876],[7.10669,45.23888],[7.10679,45.23895],[7.10685,45.23904],[7.10687,45.23911],[7.10694,45.23917],[7.10693,45.23921],[7.10688,45.23929],[7.10669,45.23957],[7.10667,45.23971],[7.10663,45.23978],[7.10665,45.23985],[7.10664,45.2399],[7.1066,45.24],[7.1066,45.24004],[7.10675,45.24018],[7.1068,45.24025],[7.10683,45.2405],[7.10678,45.24068],[7.10667,45.24084],[7.10667,45.24091],[7.10673,45.24104],[7.10683,45.24117],[7.10688,45.24127],[7.1071,45.24152],[7.1071,45.24163],[7.10715,45.24172],[7.10719,45.24177],[7.10721,45.24181],[7.10718,45.24189],[7.10724,45.24209],[7.10732,45.2422],[7.10734,45.24235],[7.10746,45.24242],[7.10745,45.24252],[7.10734,45.24262],[7.10736,45.2427],[7.10741,45.24275],[7.10741,45.24282],[7.10737,45.24285],[7.10737,45.24287],[7.10742,45.24293],[7.10737,45.24315],[7.10742,45.2433],[7.10746,45.24337],[7.10759,45.24352],[7.10771,45.24377],[7.10782,45.24388],[7.10787,45.24399],[7.10828,45.2444],[7.10851,45.24469],[7.10856,45.24481],[7.10868,45.24495],[7.1087,45.24502],[7.10876,45.24511],[7.10883,45.24524],[7.10898,45.24536],[7.10906,45.2454],[7.10918,45.24542],[7.10927,45.24546],[7.10933,45.2455],[7.10937,45.24559],[7.10942,45.24561],[7.10943,45.24565],[7.10956,45.2457],[7.10961,45.24574],[7.10973,45.24594],[7.10978,45.24597],[7.10983,45.24607],[7.11008,45.24631],[7.1101,45.24636],[7.11018,45.24645],[7.11019,45.2465],[7.11022,45.24652],[7.1103,45.24664],[7.11039,45.24666],[7.1105,45.24665],[7.1106,45.24666],[7.11135,45.24657],[7.11144,45.24656],[7.11149,45.24652],[7.11157,45.24647],[7.11162,45.24646],[7.11181,45.24645],[7.11195,45.24642],[7.11226,45.24641],[7.11248,45.24644],[7.11275,45.24652],[7.11291,45.24654],[7.11318,45.24655],[7.11362,45.24658],[7.11375,45.24654],[7.11452,45.24644],[7.11465,45.24646],[7.11534,45.24662],[7.11565,45.24667],[7.11593,45.24668],[7.116,45.24664],[7.11612,45.24649],[7.1162,45.24644],[7.11634,45.24631],[7.11649,45.24614],[7.11672,45.24582],[7.11683,45.2457],[7.11689,45.24558],[7.11729,45.24552],[7.11756,45.24546],[7.11778,45.24536],[7.11798,45.24535],[7.11828,45.24519],[7.1187,45.24505],[7.11914,45.24486],[7.11953,45.24472],[7.11986,45.24458],[7.11999,45.24456],[7.12009,45.24449],[7.12024,45.24444],[7.12046,45.24442],[7.12059,45.24435],[7.1207,45.24432],[7.12076,45.24433],[7.12092,45.24437],[7.12112,45.24436],[7.12123,45.24437],[7.12131,45.24439],[7.12139,45.24443],[7.12165,45.2444],[7.12177,45.24441],[7.12196,45.24445],[7.12201,45.24444],[7.12203,45.24441],[7.12208,45.24438],[7.12229,45.24438],[7.12237,45.24436],[7.12246,45.24437],[7.12264,45.24438],[7.12277,45.24443],[7.12285,45.24444],[7.12296,45.24438],[7.1232,45.24435],[7.12368,45.24424],[7.12373,45.24424],[7.12375,45.24426],[7.12371,45.24432],[7.12373,45.24434],[7.12378,45.24436],[7.12384,45.24436],[7.12387,45.24433],[7.12395,45.2443],[7.12402,45.24429],[7.12418,45.2442],[7.1245,45.2441],[7.12478,45.24407],[7.12506,45.244],[7.12518,45.244],[7.12518,45.24417],[7.12536,45.24441],[7.12542,45.24456],[7.12543,45.24464],[7.12548,45.24467],[7.12548,45.24472],[7.12558,45.24475],[7.12573,45.24488],[7.12578,45.24496],[7.12577,45.24506],[7.12589,45.24528],[7.12608,45.2455],[7.12636,45.24574],[7.12643,45.24579],[7.12655,45.24583],[7.12689,45.24603],[7.12692,45.24612],[7.12704,45.24618],[7.12706,45.24622],[7.1271,45.24628],[7.12721,45.24636],[7.12725,45.24641],[7.12739,45.24647],[7.12744,45.24651],[7.12785,45.24667],[7.12802,45.24682],[7.12828,45.24696],[7.12838,45.24703],[7.12873,45.24713],[7.12891,45.24722],[7.12912,45.24738],[7.12933,45.24748],[7.1295,45.24763],[7.12954,45.24772],[7.13001,45.24807],[7.13005,45.24813],[7.13003,45.24829],[7.12996,45.24839],[7.12994,45.24845],[7.1299,45.24851],[7.12988,45.24858],[7.12985,45.24862],[7.12987,45.24868],[7.12986,45.24872],[7.1297,45.24881],[7.12977,45.24886],[7.12982,45.24895],[7.12986,45.24898],[7.12991,45.24909],[7.13005,45.24915],[7.1301,45.24918],[7.13012,45.24927],[7.13019,45.24943],[7.13025,45.24948],[7.13027,45.24958],[7.13035,45.24977],[7.13035,45.24983],[7.1306,45.25019],[7.13065,45.25028],[7.13072,45.25034],[7.13082,45.25063],[7.1308,45.25091],[7.13083,45.25105],[7.13104,45.25137],[7.13124,45.25148],[7.13129,45.25153],[7.13133,45.2516],[7.13146,45.25165],[7.13161,45.25177],[7.13172,45.25183],[7.13176,45.25191],[7.13187,45.25199],[7.13213,45.25211],[7.13245,45.25213],[7.13263,45.2522],[7.13272,45.25234],[7.13281,45.25257],[7.13292,45.25271],[7.13299,45.25277],[7.13302,45.25282],[7.13303,45.253],[7.13306,45.2531],[7.13322,45.25326],[7.13325,45.25335],[7.13329,45.25341],[7.13347,45.25355],[7.13362,45.25353],[7.13369,45.2535],[7.13377,45.25349],[7.1339,45.25349],[7.13409,45.25354],[7.1342,45.25366],[7.13427,45.25372],[7.13436,45.25374],[7.13468,45.25375],[7.13483,45.25373],[7.1351,45.25373],[7.13533,45.2538],[7.13541,45.25384],[7.13559,45.25402],[7.13573,45.25412],[7.13574,45.25416],[7.13585,45.25422],[7.13591,45.25428],[7.13601,45.25448],[7.13609,45.25451],[7.13615,45.25458],[7.13629,45.25469],[7.13635,45.25473],[7.13641,45.25482],[7.13647,45.25487],[7.1365,45.25494],[7.13664,45.25514],[7.13687,45.25529],[7.13691,45.25534],[7.13701,45.25541],[7.13712,45.25546],[7.1372,45.25561],[7.13723,45.25569],[7.13722,45.25575],[7.1374,45.25594],[7.1374,45.25622],[7.13734,45.25635],[7.13739,45.25645],[7.13739,45.25652],[7.1374,45.25656],[7.13748,45.25665],[7.13756,45.25683],[7.13748,45.25697],[7.13743,45.25701],[7.13734,45.25716],[7.1372,45.25726],[7.13716,45.25731],[7.13708,45.25747],[7.13711,45.25751],[7.1371,45.25756],[7.13682,45.25781],[7.13669,45.25795],[7.13668,45.258],[7.13664,45.25804],[7.13671,45.25812],[7.13664,45.2582],[7.13662,45.25826],[7.13658,45.25828],[7.13657,45.25834],[7.13641,45.25844],[7.1364,45.25847],[7.13644,45.25853],[7.13629,45.25875],[7.13627,45.25885],[7.13617,45.25908],[7.13614,45.25941],[7.13613,45.25946],[7.13608,45.25954],[7.13605,45.25972],[7.13597,45.25992],[7.13595,45.25999],[7.13595,45.26003],[7.13579,45.26012],[7.13553,45.26022],[7.13509,45.26036],[7.13496,45.26042],[7.13482,45.26044],[7.13473,45.26047],[7.13449,45.26051],[7.13382,45.26046],[7.13317,45.26051],[7.13304,45.26049],[7.133,45.26049],[7.13295,45.26056],[7.13286,45.26059],[7.13276,45.26061],[7.13269,45.26061],[7.13237,45.26073],[7.13226,45.26085],[7.13217,45.26089],[7.13173,45.26119],[7.13161,45.26136],[7.13156,45.2614],[7.13164,45.26146],[7.1318,45.26154],[7.13182,45.26158],[7.13182,45.26178],[7.13188,45.26192],[7.13184,45.26207],[7.13194,45.26216],[7.13194,45.2622],[7.13191,45.26231],[7.13194,45.26241],[7.13192,45.26247],[7.13183,45.26262],[7.13183,45.26289],[7.13186,45.26293],[7.13197,45.26301],[7.13225,45.26313],[7.13238,45.26321],[7.13244,45.26327],[7.13248,45.26334],[7.1325,45.26342],[7.1325,45.26351],[7.13251,45.26359],[7.13255,45.26367],[7.13267,45.2638],[7.13267,45.26382],[7.13265,45.26384],[7.13257,45.26385],[7.13263,45.26414],[7.13263,45.26426],[7.1326,45.26437],[7.13267,45.2646],[7.13274,45.26488],[7.13281,45.26504],[7.13289,45.26518],[7.13292,45.26525],[7.13323,45.26544],[7.13327,45.26549],[7.13335,45.26552],[7.13347,45.26568],[7.13354,45.26572],[7.13356,45.26578],[7.13365,45.26589],[7.13373,45.26595],[7.13373,45.26597],[7.1336,45.266],[7.13351,45.26604],[7.13342,45.26616],[7.13332,45.26627],[7.13331,45.26634],[7.13338,45.26651],[7.13338,45.26655],[7.13331,45.26669],[7.13325,45.26678],[7.133,45.26687],[7.13296,45.26688],[7.13284,45.26685],[7.13264,45.26688],[7.13251,45.26697],[7.13241,45.26712],[7.13233,45.26717],[7.13235,45.2673],[7.13247,45.26751],[7.13245,45.26761],[7.13246,45.26767],[7.1325,45.26773],[7.13248,45.26788],[7.13239,45.26802],[7.13235,45.26807],[7.13229,45.2681],[7.13215,45.26823],[7.13213,45.2683],[7.13201,45.26834],[7.13194,45.26841],[7.13192,45.2685],[7.13184,45.26856],[7.13177,45.26882],[7.13171,45.26892],[7.13136,45.26923],[7.13113,45.26954],[7.13107,45.26966],[7.13106,45.26974],[7.13111,45.26989],[7.13112,45.26996],[7.13105,45.27007],[7.13094,45.27021],[7.13089,45.2703],[7.13088,45.27035],[7.13075,45.27043],[7.13068,45.27049],[7.13061,45.27066],[7.13052,45.2708],[7.13048,45.27083],[7.13041,45.27085],[7.13029,45.27086],[7.13025,45.27091],[7.13006,45.271],[7.12997,45.27102],[7.12992,45.27105],[7.12987,45.27106],[7.12981,45.2711],[7.12974,45.27111],[7.12967,45.27118],[7.12959,45.27118],[7.12946,45.2712],[7.1293,45.27128],[7.12924,45.27128],[7.12917,45.27132],[7.12912,45.27132],[7.12901,45.2714],[7.12875,45.2715],[7.12877,45.27161],[7.12869,45.27173],[7.12875,45.27178],[7.12873,45.27184],[7.12874,45.27196],[7.12882,45.27206],[7.12926,45.27233],[7.1298,45.27278],[7.13029,45.27311],[7.13062,45.27329],[7.13094,45.27336],[7.1311,45.27344],[7.13131,45.27351],[7.13151,45.27354],[7.13184,45.27363],[7.13214,45.27369],[7.13218,45.27372],[7.13229,45.27384],[7.13248,45.27396],[7.13254,45.27401],[7.13259,45.27412],[7.13264,45.27416],[7.13271,45.27419],[7.13292,45.27423],[7.13292,45.27431],[7.13294,45.27434],[7.13293,45.27442],[7.13295,45.27446],[7.13304,45.27453],[7.13306,45.27457],[7.13311,45.2746],[7.13323,45.27466],[7.13336,45.27468],[7.13339,45.2747],[7.13336,45.27481],[7.13339,45.27487],[7.13354,45.27496],[7.13369,45.27497],[7.13378,45.275],[7.13382,45.27504],[7.13377,45.27512],[7.13376,45.27519],[7.13376,45.27524],[7.13384,45.27535],[7.13384,45.2754],[7.13382,45.27544],[7.13383,45.27547],[7.13388,45.27548],[7.13389,45.2755],[7.13389,45.27555],[7.13394,45.27563],[7.134,45.27566],[7.13403,45.27571],[7.13418,45.27572],[7.13424,45.27578],[7.13429,45.27578],[7.13431,45.27586],[7.13435,45.27591],[7.13447,45.27603],[7.1345,45.27607],[7.13457,45.27634],[7.13464,45.27639],[7.13468,45.27649],[7.13476,45.2766],[7.13483,45.27663],[7.13488,45.2767],[7.13491,45.27678],[7.13498,45.2768],[7.13506,45.27686],[7.13511,45.27684],[7.13525,45.27688],[7.13524,45.27701],[7.13526,45.27706],[7.13526,45.2771],[7.13533,45.27716],[7.13534,45.27734],[7.13536,45.27739],[7.13549,45.27755],[7.13548,45.27765],[7.13551,45.27776],[7.13558,45.27789],[7.13564,45.27791],[7.13571,45.27805],[7.13576,45.27816],[7.13576,45.27819],[7.13569,45.27832],[7.13575,45.27847],[7.1357,45.2786],[7.13575,45.27866],[7.13575,45.27869],[7.13569,45.27877],[7.13573,45.27883],[7.13575,45.27888],[7.13579,45.27891],[7.13579,45.27894],[7.13573,45.27906],[7.13578,45.27914],[7.13579,45.27918],[7.13583,45.27922],[7.13586,45.27928],[7.13586,45.27932],[7.13593,45.27944],[7.13592,45.27948],[7.13595,45.27952],[7.13593,45.27956],[7.13593,45.27961],[7.13597,45.27965],[7.13603,45.27981],[7.13608,45.27986],[7.13612,45.27992],[7.13604,45.28002],[7.13604,45.28006],[7.136,45.28015],[7.136,45.28019],[7.13595,45.28023],[7.13595,45.28029],[7.13597,45.28033],[7.13594,45.28038],[7.13593,45.2805],[7.136,45.28057],[7.13614,45.28066],[7.13629,45.28079],[7.1363,45.28082],[7.13628,45.28085],[7.13624,45.28098],[7.13621,45.28101],[7.13614,45.28102],[7.13608,45.28109],[7.13609,45.28115],[7.13608,45.28118],[7.13612,45.28122],[7.1361,45.28127],[7.13603,45.2813],[7.13605,45.28145],[7.13587,45.28152],[7.13569,45.28161],[7.13564,45.28173],[7.13545,45.28196],[7.13542,45.28202],[7.13543,45.28213],[7.13544,45.28218],[7.13543,45.28223],[7.13547,45.28228],[7.13532,45.28237],[7.13539,45.28243],[7.13541,45.28247],[7.13543,45.28258],[7.13542,45.28263],[7.13536,45.28269],[7.13522,45.28275],[7.13503,45.28291],[7.13496,45.28292],[7.13485,45.28298],[7.13481,45.28302],[7.13476,45.28318],[7.13473,45.28322],[7.13465,45.28323],[7.13463,45.28328],[7.13454,45.2833],[7.13449,45.28337],[7.13446,45.28349],[7.13445,45.28356],[7.13448,45.28364],[7.13437,45.28368],[7.13433,45.28371],[7.13433,45.28376],[7.13436,45.28385],[7.13428,45.28393],[7.13429,45.28397],[7.13427,45.28399],[7.13415,45.28402],[7.13411,45.28405],[7.13411,45.2841],[7.13405,45.2841],[7.13401,45.28425],[7.13399,45.28427],[7.13394,45.2843],[7.13392,45.28433],[7.13389,45.28435],[7.13387,45.28441],[7.1339,45.2845],[7.13382,45.28458],[7.13378,45.28471],[7.13376,45.28475],[7.13364,45.28478],[7.13363,45.28481],[7.1336,45.28489],[7.13362,45.28493],[7.13361,45.28497],[7.13349,45.28502],[7.13342,45.28502],[7.13339,45.285],[7.13328,45.28502],[7.13319,45.28509],[7.13303,45.28514],[7.13299,45.28518],[7.13291,45.28521],[7.13283,45.28522],[7.13283,45.28525],[7.1328,45.28528],[7.13266,45.2853],[7.13262,45.28541],[7.13257,45.28542],[7.13252,45.28549],[7.13249,45.2855],[7.13244,45.28555],[7.13236,45.28557],[7.13231,45.28564],[7.13225,45.28567],[7.13218,45.28575],[7.13211,45.2858],[7.132,45.28586],[7.13196,45.28586],[7.13183,45.28591],[7.1318,45.28593],[7.13162,45.28612],[7.13159,45.28617],[7.13141,45.28629],[7.13139,45.28636],[7.13127,45.28647],[7.13123,45.28654],[7.13116,45.2866],[7.13119,45.28664],[7.13112,45.2867],[7.13108,45.28676],[7.13102,45.28678],[7.131,45.28682],[7.13093,45.28687],[7.13066,45.28691],[7.13046,45.28703],[7.13038,45.28702],[7.13029,45.28706],[7.13028,45.28709],[7.13023,45.28711],[7.13024,45.28714],[7.13012,45.28726],[7.13001,45.28732],[7.12976,45.28734],[7.12947,45.28745],[7.12932,45.28745],[7.12922,45.28748],[7.12913,45.28749],[7.12894,45.28759],[7.12898,45.28764],[7.12894,45.28766],[7.12893,45.28773],[7.12885,45.28786],[7.12889,45.28797],[7.12894,45.288],[7.12905,45.28801],[7.12905,45.28808],[7.12911,45.28815],[7.12908,45.28821],[7.1291,45.28825],[7.12917,45.28829],[7.12917,45.28837],[7.12919,45.28839],[7.12919,45.28852],[7.12915,45.28854],[7.12911,45.28858],[7.12912,45.28862],[7.12902,45.28874],[7.12898,45.2888],[7.12891,45.28912],[7.12887,45.28915],[7.12876,45.28933],[7.1287,45.2894],[7.12858,45.28949],[7.12848,45.28969],[7.12842,45.28973],[7.12839,45.28977],[7.12831,45.28982],[7.12823,45.28992],[7.12822,45.28998],[7.12805,45.29009],[7.12801,45.29018],[7.12788,45.29022],[7.12775,45.29023],[7.12764,45.29034],[7.12756,45.2905],[7.12755,45.29055],[7.12756,45.29059],[7.12751,45.29068],[7.1275,45.29073],[7.1275,45.29079],[7.12751,45.29081],[7.12755,45.29084],[7.12757,45.29088],[7.12756,45.29096],[7.12737,45.29102],[7.12735,45.29105],[7.12733,45.29106],[7.12734,45.29108],[7.12727,45.29113],[7.12732,45.29117],[7.12726,45.29127],[7.12713,45.29131],[7.1271,45.29137],[7.12704,45.2914],[7.12703,45.29143],[7.12697,45.29147],[7.12697,45.29149],[7.12688,45.29154],[7.12681,45.29161],[7.12668,45.29168],[7.12662,45.29175],[7.12654,45.29177],[7.12649,45.29181],[7.12647,45.29185],[7.12649,45.29187],[7.12645,45.29189],[7.12646,45.29191],[7.12637,45.29193],[7.12632,45.29198],[7.12628,45.29205],[7.12631,45.29208],[7.12624,45.29212],[7.12627,45.29216],[7.12609,45.2922],[7.12604,45.29224],[7.126,45.29225],[7.12594,45.2923],[7.12595,45.29232],[7.12578,45.29237],[7.12567,45.29244],[7.12555,45.2925],[7.12547,45.29259],[7.12539,45.2927],[7.1251,45.2928],[7.12505,45.29284],[7.12464,45.29301],[7.12437,45.29315],[7.12432,45.29318],[7.12431,45.29325],[7.12423,45.29332],[7.12421,45.29337],[7.12414,45.29343],[7.12411,45.29352],[7.124,45.29356],[7.12381,45.29367],[7.1238,45.29372],[7.12377,45.29374],[7.12347,45.29386],[7.12341,45.2939],[7.12331,45.29393],[7.12307,45.29406],[7.12297,45.29419],[7.12287,45.29424],[7.12274,45.29436],[7.12267,45.29439],[7.1225,45.29459],[7.12241,45.29467],[7.12222,45.29479],[7.12214,45.29487],[7.12208,45.29491],[7.12205,45.29496],[7.122,45.29518],[7.122,45.2952],[7.12203,45.2952],[7.12204,45.29531],[7.12199,45.29537],[7.12199,45.2954],[7.12197,45.29543],[7.12192,45.29548],[7.12192,45.29551],[7.12189,45.29563],[7.12186,45.29565],[7.12186,45.29567],[7.12178,45.29581],[7.12178,45.29587],[7.12164,45.2961],[7.1216,45.29614],[7.12158,45.29616],[7.1216,45.29618],[7.12156,45.29622],[7.12148,45.2964],[7.12151,45.2965],[7.12155,45.29654],[7.12152,45.29657],[7.12152,45.2966],[7.1215,45.29661],[7.12151,45.29664],[7.12157,45.29665],[7.12161,45.29668],[7.12156,45.29675],[7.12153,45.29676],[7.1215,45.29682],[7.12146,45.29685],[7.12146,45.29688],[7.12139,45.29695],[7.12138,45.29702],[7.12133,45.29709],[7.12135,45.29714],[7.12132,45.29725],[7.12134,45.29729],[7.12134,45.29733],[7.1213,45.29743],[7.12139,45.29755],[7.12131,45.29763],[7.12133,45.29769],[7.12139,45.29773],[7.12128,45.29788],[7.12125,45.29796],[7.12126,45.298],[7.12123,45.29803],[7.12114,45.2982],[7.12109,45.29821],[7.12109,45.29824],[7.12105,45.29826],[7.12104,45.29832],[7.12105,45.29844],[7.12107,45.29849],[7.12112,45.29849],[7.12113,45.29851],[7.1211,45.29862],[7.12106,45.29863],[7.12101,45.29871],[7.12104,45.29873],[7.121,45.29874],[7.12098,45.29877],[7.12099,45.2988],[7.12096,45.29889],[7.12102,45.2989],[7.12108,45.299],[7.1211,45.29905],[7.12109,45.29907],[7.12102,45.29911],[7.12102,45.29926],[7.12096,45.29933],[7.12095,45.29936],[7.12096,45.29939],[7.12089,45.29941],[7.12081,45.29946],[7.12077,45.29951],[7.12071,45.29969],[7.12072,45.29978],[7.12058,45.29981],[7.12048,45.29992],[7.12045,45.29998],[7.12042,45.30011],[7.12036,45.30023],[7.1202,45.30042],[7.12011,45.30067],[7.12011,45.30073],[7.12008,45.3008],[7.1201,45.30087],[7.11995,45.30099],[7.11999,45.30104],[7.12001,45.3011],[7.12005,45.30113],[7.12005,45.30132],[7.12002,45.30141],[7.11995,45.30144],[7.11987,45.30142],[7.11972,45.3014],[7.11966,45.30141],[7.11953,45.3015],[7.11949,45.30158],[7.11951,45.30164],[7.11963,45.30188],[7.11963,45.30191],[7.11965,45.30194],[7.11966,45.30199],[7.1197,45.30202],[7.11981,45.30222],[7.11982,45.30223],[7.11988,45.30222],[7.11995,45.30229],[7.12005,45.30235],[7.12009,45.30237],[7.12016,45.30252],[7.12022,45.30258],[7.12027,45.3026],[7.12029,45.30272],[7.12026,45.30276],[7.12028,45.30286],[7.12025,45.30289],[7.12028,45.30292],[7.12027,45.30301],[7.12025,45.30303],[7.12027,45.3032],[7.12023,45.30325],[7.12022,45.30331],[7.12026,45.3034],[7.12027,45.30351],[7.12025,45.30356],[7.12028,45.30361],[7.12021,45.30365],[7.1201,45.30369],[7.12006,45.30373],[7.12007,45.30386],[7.12002,45.30396],[7.11999,45.30401],[7.11993,45.30402],[7.11991,45.30407],[7.11982,45.30411],[7.11978,45.30417],[7.11978,45.3042],[7.11984,45.30432],[7.11978,45.30435],[7.11977,45.30441],[7.11979,45.30445],[7.11974,45.30449],[7.11973,45.30453],[7.11959,45.30465],[7.11926,45.3048],[7.11918,45.30486],[7.11891,45.30486],[7.11894,45.30499],[7.11887,45.3051],[7.11886,45.30517],[7.11889,45.3052],[7.11883,45.30526],[7.11882,45.30529],[7.11876,45.30535],[7.11875,45.30541],[7.1187,45.30548],[7.11871,45.30554],[7.11865,45.3056],[7.11862,45.30562],[7.11843,45.30565],[7.11833,45.30569],[7.11827,45.30571],[7.11827,45.30575],[7.11806,45.30579],[7.1181,45.30592],[7.11805,45.30604],[7.11795,45.30613],[7.11799,45.30627],[7.11795,45.30636],[7.11792,45.30639],[7.11778,45.30643],[7.11776,45.30647],[7.11771,45.3065],[7.11766,45.3065],[7.11762,45.30659],[7.11753,45.30665],[7.11749,45.30673],[7.11752,45.30682],[7.11752,45.30687],[7.11754,45.3069],[7.1174,45.30696],[7.11736,45.30706],[7.11735,45.30711],[7.11725,45.30712],[7.11725,45.30719],[7.1173,45.30722],[7.1173,45.30727],[7.11741,45.30741],[7.11736,45.30745],[7.11737,45.3075],[7.11734,45.30761],[7.11715,45.30769],[7.1171,45.30772],[7.11709,45.30775],[7.11706,45.30778],[7.11707,45.30784],[7.11704,45.30787],[7.11704,45.30789],[7.11709,45.30791],[7.11716,45.30803],[7.11717,45.30808],[7.11721,45.30812],[7.11722,45.30816],[7.11726,45.30816],[7.11729,45.30818],[7.11725,45.30822],[7.11734,45.30829],[7.11734,45.30833],[7.11728,45.30835],[7.1173,45.30843],[7.11733,45.30845],[7.1173,45.30849],[7.11729,45.30853],[7.11733,45.3086],[7.11728,45.30863],[7.11736,45.30869],[7.11728,45.30873],[7.11732,45.30878],[7.11728,45.3088],[7.11727,45.30885],[7.11722,45.30893],[7.11722,45.30898],[7.11734,45.30913],[7.11733,45.30921],[7.11734,45.30925],[7.11731,45.30932],[7.11739,45.30948],[7.11743,45.30951],[7.11741,45.30956],[7.11743,45.30967],[7.11742,45.3097],[7.11738,45.30972],[7.1174,45.30983],[7.11745,45.30985],[7.11745,45.30988],[7.11744,45.30994],[7.11745,45.30996],[7.11753,45.30999],[7.11757,45.31006],[7.11759,45.31015],[7.11762,45.3102],[7.11773,45.31022],[7.11772,45.31033],[7.11775,45.31036],[7.11777,45.31043],[7.11782,45.31044],[7.11782,45.31047],[7.11783,45.31057],[7.11785,45.3106],[7.1178,45.31067],[7.11782,45.31074],[7.11786,45.31079],[7.11785,45.31082],[7.11793,45.31091],[7.11791,45.31093],[7.11795,45.31098],[7.11807,45.31105],[7.11804,45.3111],[7.11795,45.31118],[7.11788,45.31118],[7.11789,45.31126],[7.11784,45.31133],[7.11792,45.31142],[7.11789,45.31144],[7.11788,45.31151],[7.11783,45.31153],[7.11788,45.31155],[7.11789,45.3116],[7.11778,45.31168],[7.11768,45.31171],[7.11766,45.31176],[7.11741,45.3118],[7.11733,45.31186],[7.11733,45.3119],[7.11727,45.31193],[7.11717,45.31202],[7.11703,45.31209],[7.11701,45.31213],[7.11694,45.31216],[7.11692,45.31219],[7.11682,45.31224],[7.1167,45.31234],[7.11645,45.31245],[7.11636,45.31255],[7.11625,45.31258],[7.11618,45.31264],[7.11618,45.31267],[7.11611,45.31269],[7.1161,45.31271],[7.11611,45.31274],[7.11609,45.31275],[7.11599,45.31289],[7.11596,45.31291],[7.11592,45.31291],[7.11586,45.31297],[7.11578,45.31302],[7.11569,45.31312],[7.11562,45.31312],[7.11558,45.31314],[7.11557,45.31315],[7.1156,45.31319],[7.11558,45.31323],[7.11534,45.31335],[7.11534,45.31339],[7.11529,45.3134],[7.11505,45.31353],[7.11492,45.31364],[7.11478,45.31368],[7.11469,45.31373],[7.11463,45.31378],[7.11462,45.31381],[7.11455,45.31389],[7.11448,45.31392],[7.11441,45.31398],[7.11419,45.31395],[7.11414,45.31397],[7.11407,45.31396],[7.11396,45.31403],[7.11383,45.31407],[7.11369,45.31414],[7.11343,45.31422],[7.11334,45.31428],[7.1133,45.31435],[7.11325,45.31439],[7.11311,45.31439],[7.11272,45.31447],[7.11245,45.31456],[7.11242,45.31461],[7.11241,45.31463],[7.1123,45.31472],[7.1123,45.31476],[7.11227,45.31478],[7.11226,45.31483],[7.11227,45.31486],[7.11223,45.31492],[7.11224,45.31502],[7.11215,45.31513],[7.11207,45.31519],[7.112,45.31524],[7.11198,45.31527],[7.11197,45.31534],[7.11189,45.3155],[7.11172,45.3156],[7.1117,45.31564],[7.11162,45.31565],[7.11159,45.31569],[7.11151,45.31572],[7.11146,45.31577],[7.11139,45.31581],[7.11132,45.31592],[7.11133,45.31602],[7.11109,45.31619],[7.11108,45.31628],[7.11103,45.31633],[7.11104,45.31639],[7.11097,45.31648],[7.11098,45.31651],[7.11089,45.31656],[7.11081,45.31672],[7.11079,45.31674],[7.11072,45.31674],[7.11069,45.31677],[7.1106,45.3168],[7.11055,45.31686],[7.11054,45.31693],[7.11057,45.31701],[7.11056,45.31704],[7.11047,45.31708],[7.11043,45.31718],[7.11039,45.31723],[7.11026,45.31729],[7.11024,45.31732],[7.11011,45.31738],[7.11001,45.31747],[7.10998,45.31752],[7.10999,45.31757],[7.10997,45.3176],[7.10998,45.31763],[7.10996,45.31765],[7.10991,45.31767],[7.10989,45.31769],[7.10976,45.31774],[7.10968,45.31783],[7.10964,45.31786],[7.10959,45.31786],[7.10958,45.31788],[7.10959,45.31794],[7.10966,45.318],[7.10966,45.31812],[7.10964,45.31816],[7.10939,45.31828],[7.1094,45.31831],[7.10951,45.31833],[7.10951,45.31838],[7.10949,45.31843],[7.1094,45.31851],[7.1094,45.31858],[7.10938,45.31865],[7.10939,45.3187],[7.10938,45.31873],[7.10927,45.31877],[7.1092,45.31885],[7.10917,45.31892],[7.10917,45.319],[7.10943,45.31903],[7.1097,45.31909],[7.10976,45.31914],[7.10975,45.31923],[7.10971,45.31929],[7.10971,45.31933],[7.10971,45.31937],[7.10976,45.31943],[7.10995,45.31946],[7.11004,45.31951],[7.11006,45.31958],[7.1101,45.31959],[7.11018,45.31958],[7.11021,45.3196],[7.11021,45.31985],[7.11028,45.31995],[7.11027,45.32008],[7.11029,45.32011],[7.11033,45.32014],[7.11034,45.32017],[7.11038,45.32019],[7.11041,45.32028],[7.11044,45.3203],[7.11046,45.32034],[7.11045,45.32052],[7.11049,45.32061],[7.11047,45.32066],[7.11043,45.3207],[7.11044,45.32083],[7.1104,45.32095],[7.11042,45.32099],[7.11049,45.32105],[7.11065,45.32109],[7.1106,45.32116],[7.11059,45.3212],[7.11061,45.32124],[7.11066,45.32129],[7.11065,45.32133],[7.11066,45.32136],[7.11063,45.32145],[7.11062,45.32151],[7.11064,45.3216],[7.11063,45.32167],[7.11066,45.32171],[7.11075,45.32175],[7.11077,45.3218],[7.11082,45.32183],[7.11083,45.32186],[7.11089,45.32193],[7.11096,45.32211],[7.11101,45.32217],[7.11102,45.32232],[7.11113,45.32247],[7.11111,45.3225],[7.11121,45.32272],[7.11135,45.32285],[7.11156,45.32296],[7.11158,45.32304],[7.11161,45.32309],[7.11172,45.32317],[7.11173,45.32326],[7.11176,45.32327],[7.11178,45.32335],[7.1119,45.32351],[7.1119,45.32356],[7.11194,45.32364],[7.11199,45.32368],[7.11208,45.32385],[7.112,45.32394],[7.11173,45.32415],[7.11148,45.3244],[7.1113,45.32465],[7.11119,45.32489],[7.11109,45.32497],[7.11092,45.32505],[7.11091,45.32507],[7.11085,45.32515],[7.11082,45.32523],[7.11085,45.32529],[7.11082,45.3254],[7.11082,45.32548],[7.1109,45.32606],[7.1109,45.3261],[7.11088,45.32613],[7.11076,45.32625],[7.11068,45.32631],[7.11065,45.32639],[7.11059,45.32643],[7.11053,45.32653],[7.11033,45.32664],[7.10998,45.32676],[7.10997,45.32679],[7.11023,45.32693],[7.11053,45.32708],[7.11123,45.3273],[7.11174,45.32753],[7.11261,45.32793],[7.11327,45.32827],[7.11393,45.32839],[7.11469,45.32852],[7.11527,45.32849],[7.11579,45.32857],[7.11615,45.32848],[7.11638,45.32862],[7.11658,45.32877],[7.11678,45.32872],[7.11693,45.32866],[7.11701,45.32861],[7.11707,45.32861],[7.11716,45.32857],[7.11749,45.32846],[7.11759,45.32842],[7.11763,45.32838],[7.11774,45.32836],[7.11778,45.32832],[7.11798,45.3283],[7.11819,45.32821],[7.11824,45.32817],[7.11832,45.32816],[7.11841,45.32811],[7.11858,45.32809],[7.11865,45.32801],[7.11877,45.32796],[7.11885,45.32795],[7.11914,45.32785],[7.11933,45.32781],[7.11942,45.32776],[7.1196,45.32774],[7.1198,45.32768],[7.12,45.32765],[7.12015,45.32758],[7.12025,45.32758],[7.12031,45.32755],[7.12044,45.32753],[7.12053,45.32748],[7.12059,45.32743],[7.12072,45.32737],[7.12097,45.32736],[7.12121,45.32738],[7.12125,45.32737],[7.12134,45.32738],[7.12165,45.32734],[7.1217,45.3273],[7.12197,45.32728],[7.12213,45.3273],[7.12246,45.32741],[7.12251,45.32741],[7.12263,45.32736],[7.12314,45.32742],[7.1234,45.32741],[7.12351,45.32739],[7.12368,45.32739],[7.12406,45.32729],[7.12441,45.32723],[7.12464,45.32724],[7.12498,45.32722],[7.12524,45.32717],[7.12581,45.327],[7.12614,45.32697],[7.12623,45.32694],[7.12634,45.32699],[7.12633,45.32711],[7.12629,45.32717],[7.1263,45.32719],[7.12652,45.32735],[7.12658,45.32741],[7.12671,45.3276],[7.1268,45.32765],[7.12689,45.32765],[7.12701,45.32759],[7.12708,45.32759],[7.12738,45.32765],[7.12754,45.32778],[7.1277,45.3278],[7.12827,45.32776],[7.12846,45.32779],[7.12857,45.32788],[7.12865,45.32808],[7.12879,45.32819],[7.12882,45.32825],[7.12894,45.3283],[7.12903,45.32839],[7.12916,45.32848],[7.12921,45.32853],[7.12919,45.3286],[7.12932,45.32864],[7.12935,45.32867],[7.12935,45.32871],[7.12939,45.32874],[7.12947,45.32878],[7.1296,45.32888],[7.12962,45.32893],[7.12956,45.32903],[7.12956,45.32907],[7.12958,45.32916],[7.12973,45.32919],[7.12986,45.3292],[7.13011,45.32917],[7.13026,45.32912],[7.13031,45.32911],[7.13042,45.32915],[7.13071,45.32917],[7.13081,45.3292],[7.13097,45.3292],[7.13124,45.32924],[7.13133,45.32922],[7.13138,45.32922],[7.13148,45.32927],[7.13166,45.32932],[7.13181,45.32944],[7.13184,45.32954],[7.132,45.32963],[7.13205,45.32969],[7.13205,45.32972],[7.13202,45.32975],[7.13203,45.32979],[7.13206,45.32981],[7.13211,45.32982],[7.13221,45.32989],[7.13231,45.32992],[7.13234,45.32993],[7.13236,45.32997],[7.13245,45.33],[7.13251,45.33008],[7.13257,45.33011],[7.13261,45.33019],[7.13268,45.33026],[7.13271,45.33031],[7.13266,45.33038],[7.13265,45.33042],[7.13261,45.33046],[7.13263,45.33047],[7.13278,45.33049],[7.13291,45.33047],[7.13311,45.33053],[7.13319,45.33058],[7.1332,45.33061],[7.13324,45.33063],[7.13331,45.33064],[7.13333,45.33066],[7.13333,45.33071],[7.13341,45.33074],[7.13342,45.33078],[7.13362,45.3309],[7.13378,45.33097],[7.13387,45.33099],[7.13404,45.33108],[7.13424,45.33116],[7.13453,45.33124],[7.13456,45.33127],[7.13458,45.33131],[7.13455,45.33141],[7.13447,45.33154],[7.13447,45.33162],[7.13443,45.3317],[7.1344,45.33181],[7.13434,45.33185],[7.13428,45.33197],[7.13427,45.33202],[7.13429,45.33206],[7.13434,45.33208],[7.13434,45.33211],[7.13424,45.33217],[7.1342,45.33228],[7.13412,45.33231],[7.1341,45.33239],[7.13405,45.33244],[7.13405,45.33249],[7.13403,45.33257],[7.13401,45.3326],[7.134,45.33269],[7.13399,45.33274],[7.13393,45.33289],[7.1339,45.33292],[7.13391,45.33299],[7.13387,45.33301],[7.13386,45.3331],[7.13383,45.33313],[7.13383,45.33318],[7.13388,45.33325],[7.1339,45.33335],[7.13386,45.33343],[7.13388,45.33346],[7.13388,45.33372],[7.13395,45.33379],[7.13397,45.33385],[7.13397,45.334],[7.13392,45.33407],[7.13398,45.33418],[7.13401,45.33435],[7.13394,45.33464],[7.13393,45.33481],[7.13387,45.33489],[7.13386,45.33496],[7.13384,45.33519],[7.13368,45.33542],[7.13366,45.33548],[7.13373,45.33558],[7.13371,45.33563],[7.13372,45.33566],[7.13371,45.33575],[7.13375,45.33583],[7.13375,45.33592],[7.13367,45.33613],[7.13361,45.33615],[7.13361,45.33621],[7.13349,45.33625],[7.13341,45.33626],[7.13344,45.33632],[7.13343,45.33633],[7.13344,45.33636],[7.13338,45.33638],[7.13335,45.33651],[7.13331,45.33656],[7.13328,45.33669],[7.1332,45.33684],[7.13305,45.33696],[7.13293,45.33708],[7.13279,45.33711],[7.13263,45.33732],[7.13245,45.33762],[7.1323,45.33769],[7.13224,45.33775],[7.13217,45.33779],[7.13209,45.33788],[7.13208,45.33792],[7.13212,45.33802],[7.13206,45.33808],[7.13204,45.33824],[7.13196,45.33832],[7.132,45.33836],[7.13195,45.3384],[7.13195,45.33843],[7.13181,45.33854],[7.13177,45.33871],[7.1318,45.33881],[7.1318,45.33888],[7.1317,45.33906],[7.13169,45.33922],[7.1317,45.33938],[7.13167,45.33956],[7.13167,45.33978],[7.13166,45.33994],[7.13172,45.33998],[7.13177,45.34003],[7.13172,45.34008],[7.13176,45.34019],[7.13177,45.34027],[7.13163,45.34038],[7.13157,45.34046],[7.13156,45.3405],[7.13153,45.34055],[7.13167,45.34069],[7.13171,45.34076],[7.13171,45.34085],[7.13173,45.34088],[7.13178,45.34093],[7.13195,45.34101],[7.13207,45.3411],[7.13218,45.3412],[7.13226,45.34126],[7.1323,45.34138],[7.13236,45.34142],[7.1324,45.34149],[7.13246,45.34154],[7.13246,45.34163],[7.13251,45.34168],[7.13252,45.34176],[7.13261,45.3419],[7.13265,45.34206],[7.13274,45.34222],[7.13279,45.34227],[7.13283,45.34237],[7.13283,45.34241],[7.13287,45.34245],[7.13289,45.34249],[7.13288,45.34251],[7.13295,45.34255],[7.13298,45.34261],[7.13305,45.34267],[7.13308,45.34268],[7.1331,45.34272],[7.13317,45.34277],[7.13325,45.34286],[7.13343,45.34295],[7.13352,45.34301],[7.13357,45.34302],[7.13361,45.34308],[7.1336,45.34321],[7.1335,45.34344],[7.13353,45.34346],[7.13352,45.34356],[7.13348,45.34364],[7.13347,45.34373],[7.13352,45.34384],[7.13348,45.34398],[7.13346,45.34411],[7.1335,45.34424],[7.13345,45.34438],[7.13344,45.34445],[7.13348,45.34456],[7.13352,45.34464],[7.13365,45.345],[7.13368,45.34517],[7.13366,45.34524],[7.13349,45.3454],[7.13332,45.34565],[7.13326,45.3458],[7.13324,45.34597],[7.13321,45.34602],[7.13322,45.34609],[7.13325,45.34613],[7.13326,45.34617],[7.13335,45.34621],[7.13338,45.34634],[7.13351,45.34638],[7.13355,45.34657],[7.13357,45.34662],[7.13362,45.34667],[7.13377,45.34672],[7.13378,45.34675],[7.13375,45.34687],[7.13369,45.3469],[7.13367,45.34694],[7.1336,45.34697],[7.13358,45.34701],[7.13359,45.34705],[7.13367,45.34716],[7.13366,45.34725],[7.13373,45.3473],[7.13385,45.34746],[7.13393,45.34749],[7.13409,45.34761],[7.13415,45.34763],[7.1344,45.34766],[7.13458,45.3477],[7.13461,45.34772],[7.13472,45.34781],[7.13487,45.34788],[7.13489,45.34792],[7.13489,45.34799],[7.13494,45.34806],[7.13497,45.34808],[7.13508,45.34812],[7.13513,45.34819],[7.13533,45.34829],[7.13536,45.34838],[7.13536,45.3484],[7.13542,45.34846],[7.13542,45.34852],[7.1356,45.34856],[7.13573,45.34865],[7.1358,45.34876],[7.13581,45.3488],[7.13585,45.34885],[7.13584,45.34889],[7.13585,45.34892],[7.13589,45.34893],[7.13596,45.349],[7.13602,45.34902],[7.13599,45.34911],[7.13602,45.34918],[7.13602,45.34925],[7.13609,45.34931],[7.13616,45.34933],[7.13642,45.3493],[7.13644,45.34931],[7.13651,45.3493],[7.13655,45.34931],[7.13667,45.34942],[7.13682,45.34941],[7.13685,45.34943],[7.13689,45.34951],[7.13687,45.34956],[7.13688,45.34959],[7.137,45.34968],[7.13701,45.34971],[7.13708,45.34979],[7.13712,45.34981],[7.1373,45.34995],[7.13759,45.35008],[7.13758,45.3502],[7.1376,45.35026],[7.13759,45.35029],[7.13759,45.35035],[7.13757,45.35038],[7.13759,45.35041],[7.13755,45.3505],[7.13758,45.35051],[7.13757,45.35053],[7.13761,45.35055],[7.13756,45.35068],[7.13752,45.35072],[7.13755,45.35076],[7.13762,45.35082],[7.1377,45.35086],[7.1377,45.35089],[7.13776,45.35092],[7.13777,45.35094],[7.13793,45.35099],[7.13797,45.35103],[7.13805,45.35103],[7.13811,45.35107],[7.13821,45.35106],[7.13834,45.35108],[7.13839,45.35111],[7.13848,45.35124],[7.13858,45.35126],[7.13862,45.35123],[7.13871,45.35125],[7.13873,45.35127],[7.13871,45.3513],[7.13875,45.35133],[7.13883,45.35132],[7.13893,45.35133],[7.13901,45.3513],[7.13918,45.35134],[7.1393,45.35135],[7.13948,45.35133],[7.13963,45.35135],[7.13971,45.35134],[7.14004,45.35136],[7.14015,45.35139],[7.14024,45.35139],[7.14048,45.35148],[7.14057,45.35161],[7.14073,45.35157],[7.14098,45.35157],[7.14107,45.35159],[7.14115,45.35158],[7.14126,45.3516],[7.14146,45.35169],[7.1415,45.35169],[7.14162,45.35168],[7.14194,45.35172],[7.14201,45.35169],[7.14218,45.35169],[7.14243,45.35172],[7.14248,45.35172],[7.14264,45.35177],[7.14284,45.35175],[7.14291,45.35177],[7.14297,45.35183],[7.14306,45.3518],[7.14315,45.35185],[7.14322,45.35185],[7.14346,45.35189],[7.14354,45.35188],[7.1436,45.35189],[7.14361,45.35193],[7.14356,45.35196],[7.14357,45.35198],[7.14374,45.352],[7.14419,45.35203],[7.14426,45.35202],[7.14434,45.35201],[7.14454,45.3519],[7.14479,45.35187],[7.14523,45.35197],[7.14522,45.35201],[7.1452,45.35202],[7.1452,45.35205],[7.14522,45.35209],[7.14544,45.35208],[7.14561,45.3521],[7.14594,45.35205],[7.14613,45.35204],[7.14623,45.35205],[7.14634,45.35213],[7.14656,45.35215],[7.14686,45.35224],[7.14693,45.35223],[7.14704,45.35211],[7.14713,45.35212],[7.14722,45.35217],[7.14727,45.35221],[7.1473,45.3523],[7.1474,45.35237],[7.1474,45.3524],[7.14744,45.35246],[7.14751,45.35252],[7.14755,45.35259],[7.14761,45.35265],[7.14773,45.35294],[7.14793,45.35296],[7.14795,45.35299],[7.14795,45.35305],[7.14797,45.35307],[7.14813,45.35308],[7.1482,45.35313],[7.14842,45.35319],[7.14877,45.35331],[7.14892,45.3534],[7.14901,45.35351],[7.14904,45.35357],[7.14914,45.35364],[7.14931,45.35368],[7.14964,45.3537],[7.14986,45.35376],[7.14996,45.35375],[7.1501,45.35369],[7.15029,45.35364],[7.15033,45.35361],[7.15038,45.35352],[7.15041,45.3535],[7.15081,45.35348],[7.15096,45.35345],[7.15102,45.35321],[7.15248,45.35311],[7.15263,45.35304],[7.15266,45.35305],[7.15268,45.35308],[7.15264,45.35313],[7.1527,45.35323],[7.15257,45.35326],[7.15256,45.35328],[7.15251,45.35329],[7.15249,45.35332],[7.15235,45.35339],[7.15244,45.35346],[7.15248,45.35355],[7.15254,45.35356],[7.15261,45.35363],[7.15269,45.35367],[7.15273,45.35376],[7.15268,45.35386],[7.15269,45.35389],[7.15279,45.35395],[7.15292,45.35397],[7.15295,45.35398],[7.15297,45.35402],[7.15294,45.35404],[7.15289,45.35411],[7.15283,45.35413],[7.15281,45.35421],[7.15278,45.35426],[7.1528,45.3543],[7.15278,45.35431],[7.15278,45.35434],[7.15274,45.35434],[7.15274,45.35446],[7.15272,45.35452],[7.15267,45.35455],[7.1526,45.35463],[7.15258,45.35476],[7.15262,45.35481],[7.1526,45.35486],[7.15265,45.35493],[7.15272,45.355],[7.153,45.35506],[7.15301,45.35512],[7.15305,45.35514],[7.15305,45.35518],[7.15308,45.35522],[7.15312,45.35523],[7.15311,45.35526],[7.15314,45.35529],[7.15323,45.35533],[7.15336,45.35533],[7.15347,45.35538],[7.15376,45.3556],[7.15388,45.35565],[7.15398,45.35567],[7.15413,45.35577],[7.1542,45.35579],[7.15422,45.35583],[7.15426,45.35585],[7.15429,45.35593],[7.15437,45.356],[7.15464,45.35621],[7.15509,45.3565],[7.15516,45.35652],[7.15536,45.35653],[7.15554,45.3565],[7.15581,45.3565],[7.15587,45.35652],[7.156,45.35647],[7.15619,45.35656],[7.15667,45.35674],[7.15682,45.35681],[7.15699,45.35691],[7.15706,45.35699],[7.15728,45.35711],[7.15744,45.3573],[7.1575,45.35729],[7.15754,45.35731],[7.15756,45.35733],[7.15757,45.3574],[7.1575,45.35743],[7.15747,45.35748],[7.15749,45.35752],[7.15758,45.35756],[7.15767,45.35775],[7.15771,45.35779],[7.15769,45.35788],[7.15772,45.35797],[7.15778,45.35802],[7.15776,45.35809],[7.15761,45.35816],[7.15762,45.35821],[7.15768,45.3583],[7.15772,45.35832],[7.15778,45.35839],[7.1578,45.35846],[7.15792,45.35861],[7.15795,45.35864],[7.15801,45.35865],[7.15811,45.35882],[7.15831,45.35885],[7.15858,45.35896],[7.15866,45.35897],[7.15866,45.35902],[7.15871,45.3591],[7.15876,45.35912],[7.15882,45.35912],[7.15885,45.35916],[7.15905,45.35918],[7.15918,45.35928],[7.15945,45.35935],[7.15952,45.35942],[7.15959,45.35945],[7.15969,45.35956],[7.16022,45.35961],[7.16037,45.35962],[7.16048,45.35961],[7.16077,45.35966],[7.16084,45.35968],[7.16093,45.35969],[7.16103,45.35977],[7.16107,45.35977],[7.16117,45.35973],[7.16152,45.35975],[7.16176,45.35983],[7.16185,45.35989],[7.16203,45.35989],[7.16232,45.35995],[7.16254,45.36002],[7.16279,45.36018],[7.16287,45.36021],[7.16294,45.36026],[7.16302,45.36029],[7.16324,45.36031],[7.16338,45.36038],[7.16348,45.36039],[7.16364,45.36054],[7.16384,45.36062],[7.16402,45.36073],[7.16371,45.36084],[7.16364,45.36085],[7.16355,45.3609],[7.16344,45.36093],[7.16329,45.361],[7.16302,45.36118],[7.16293,45.36126],[7.16288,45.36127],[7.16277,45.36138],[7.16255,45.36148],[7.16249,45.36151],[7.16249,45.36158],[7.16246,45.36162],[7.16234,45.36168],[7.16214,45.36186],[7.16188,45.36198],[7.16169,45.36196],[7.16166,45.36198],[7.16164,45.36202],[7.16152,45.3621],[7.16128,45.36218],[7.16121,45.36223],[7.16115,45.36243],[7.16115,45.36253],[7.1612,45.36263],[7.16127,45.36267],[7.16135,45.36287],[7.16134,45.3629],[7.16108,45.36303],[7.16066,45.36317],[7.1606,45.36323],[7.16053,45.36326],[7.16051,45.36329],[7.16028,45.36339],[7.16026,45.36341],[7.16027,45.36344],[7.16018,45.36352],[7.16015,45.36361],[7.16006,45.36371],[7.15993,45.36394],[7.15993,45.36399],[7.15995,45.36401],[7.15989,45.36404],[7.15986,45.36408],[7.15985,45.36412],[7.15978,45.36417],[7.15966,45.36433],[7.15962,45.36435],[7.15954,45.36443],[7.15937,45.36452],[7.15936,45.36458],[7.15931,45.3646],[7.15926,45.36467],[7.15925,45.36469],[7.15931,45.36473],[7.15933,45.36476],[7.15932,45.36478],[7.15914,45.36489],[7.15912,45.36492],[7.15918,45.36504],[7.15916,45.36505],[7.15916,45.3651],[7.1592,45.36526],[7.15915,45.36537],[7.15917,45.36544],[7.15911,45.3655],[7.15909,45.36562],[7.15912,45.36565],[7.15917,45.36576],[7.15914,45.36577],[7.15914,45.36579],[7.15903,45.36584],[7.15905,45.36588],[7.15906,45.36599],[7.1591,45.36605],[7.15904,45.36609],[7.15903,45.36618],[7.15909,45.36619],[7.15924,45.36615],[7.15928,45.36624],[7.15941,45.36638],[7.15941,45.36642],[7.15936,45.36646],[7.15922,45.36648],[7.15914,45.36651],[7.15892,45.36652],[7.15877,45.36656],[7.15874,45.36659],[7.15873,45.36665],[7.15876,45.36674],[7.15873,45.36679],[7.15881,45.36691],[7.15881,45.36698],[7.15883,45.367],[7.15888,45.36701],[7.15891,45.36716],[7.15894,45.3672],[7.15899,45.36721],[7.1592,45.3672],[7.15924,45.36722],[7.15935,45.36736],[7.15943,45.36735],[7.15949,45.36738],[7.15954,45.36744],[7.15964,45.36758],[7.15965,45.36763],[7.15969,45.36769],[7.15969,45.36782],[7.15973,45.36792],[7.15974,45.36801],[7.15961,45.36801],[7.15956,45.36803],[7.15948,45.36816],[7.15956,45.36831],[7.15939,45.36843],[7.15927,45.36855],[7.15931,45.36863],[7.15926,45.36866],[7.15922,45.36882],[7.15916,45.36889],[7.15909,45.36893],[7.15906,45.36897],[7.15895,45.36898],[7.15893,45.36901],[7.15871,45.3691],[7.15855,45.36908],[7.15847,45.3691],[7.15843,45.36908],[7.15805,45.36915],[7.15776,45.36916],[7.15776,45.36921],[7.15776,45.36929],[7.1578,45.36952],[7.15783,45.36955],[7.15786,45.36964],[7.15793,45.36966],[7.15793,45.36968],[7.15788,45.36971],[7.15788,45.3698],[7.15784,45.36981],[7.15787,45.36991],[7.1579,45.36992],[7.15791,45.36998],[7.15788,45.37003],[7.15788,45.37006],[7.15793,45.3701],[7.15793,45.37014],[7.1579,45.37016],[7.15792,45.37021],[7.15781,45.37032],[7.15784,45.3704],[7.15779,45.37044],[7.15795,45.37053],[7.15802,45.37054],[7.15803,45.37056],[7.15799,45.37059],[7.15797,45.37063],[7.15795,45.37073],[7.15798,45.37077],[7.15812,45.37083],[7.15814,45.37086],[7.15814,45.3709],[7.15811,45.37094],[7.15812,45.37097],[7.1582,45.37101],[7.15827,45.37107],[7.1584,45.37111],[7.15844,45.3711],[7.15849,45.37112],[7.15861,45.37111],[7.1588,45.37126],[7.15911,45.37143],[7.15917,45.3715],[7.15924,45.37153],[7.15926,45.37155],[7.15921,45.37164],[7.15936,45.3718],[7.15937,45.3719],[7.15935,45.37193],[7.15937,45.37197],[7.15943,45.37201],[7.15947,45.3721],[7.15963,45.37214],[7.15965,45.37216],[7.15967,45.37224],[7.15977,45.3724],[7.15972,45.37243],[7.15976,45.37258],[7.15987,45.37275],[7.15991,45.37278],[7.15977,45.37286],[7.15975,45.3729],[7.15976,45.37303],[7.15976,45.37306],[7.15972,45.3731],[7.15976,45.37312],[7.15978,45.37317],[7.15983,45.3732],[7.15987,45.37324],[7.15988,45.37328],[7.15988,45.37332],[7.15983,45.37334],[7.15981,45.37338],[7.15985,45.37345],[7.15984,45.37353],[7.1598,45.37363],[7.15982,45.37367],[7.15988,45.37372],[7.15995,45.37386],[7.15996,45.3739],[7.16001,45.37396],[7.16007,45.37401],[7.16007,45.37408],[7.16013,45.37417],[7.16014,45.37423],[7.16012,45.37426],[7.16014,45.37432],[7.16014,45.37437],[7.1602,45.37446],[7.1602,45.3745],[7.16026,45.3745],[7.16031,45.37462],[7.16034,45.37463],[7.16041,45.37463],[7.16049,45.37472],[7.16055,45.37475],[7.16058,45.37486],[7.16057,45.37491],[7.1607,45.37514],[7.16071,45.37524],[7.16082,45.37534],[7.16093,45.37552],[7.16096,45.37555],[7.16116,45.37565],[7.1612,45.37568],[7.16121,45.37573],[7.16125,45.37581],[7.16138,45.37584],[7.16141,45.37587],[7.16137,45.37591],[7.16148,45.37598],[7.16158,45.37612],[7.16168,45.37617],[7.16171,45.37625],[7.1618,45.37636],[7.16192,45.3764],[7.16197,45.37649],[7.16208,45.37654],[7.16228,45.37668],[7.16235,45.37671],[7.16243,45.37679],[7.16243,45.37682],[7.16249,45.37688],[7.16248,45.37695],[7.16242,45.37703],[7.1624,45.37719],[7.16235,45.37728],[7.1623,45.37731],[7.1623,45.37733],[7.16228,45.37741],[7.16231,45.37752],[7.16234,45.37755],[7.16238,45.37756],[7.1624,45.37759],[7.16253,45.37763],[7.16259,45.37772],[7.16268,45.37776],[7.16272,45.37784],[7.16277,45.37789],[7.16272,45.37796],[7.16274,45.37799],[7.16273,45.37803],[7.16274,45.37808],[7.1628,45.37817],[7.16273,45.3782],[7.16264,45.37828],[7.16265,45.3783],[7.16271,45.37832],[7.16273,45.37836],[7.16269,45.3785],[7.16261,45.37864],[7.16261,45.37866],[7.16265,45.3787],[7.16271,45.37875],[7.16276,45.37877],[7.16277,45.3788],[7.16274,45.37886],[7.16275,45.3789],[7.16278,45.37901],[7.16279,45.37913],[7.16276,45.37917],[7.16271,45.37918],[7.16263,45.37926],[7.16272,45.37933],[7.16274,45.37937],[7.16278,45.3796],[7.16284,45.37976],[7.1631,45.38017],[7.16311,45.38027],[7.16313,45.38034],[7.16306,45.38038],[7.16302,45.38043],[7.16295,45.38054],[7.16286,45.38063],[7.16274,45.38069],[7.1627,45.38074],[7.16268,45.38078],[7.1627,45.38082],[7.16277,45.38087],[7.1627,45.38095],[7.16268,45.38099],[7.16269,45.38103],[7.16265,45.3811],[7.16266,45.38114],[7.16264,45.38116],[7.16269,45.38122],[7.16269,45.38133],[7.16267,45.38138],[7.16269,45.3815],[7.16274,45.38151],[7.16277,45.38155],[7.16282,45.38173],[7.16286,45.38175],[7.16287,45.3818],[7.16295,45.38186],[7.16296,45.38191],[7.16298,45.38193],[7.1635,45.38197],[7.16364,45.38197],[7.16391,45.38201],[7.16398,45.38205],[7.16408,45.38205],[7.16413,45.38213],[7.16413,45.38216],[7.16411,45.38221],[7.16416,45.38224],[7.16415,45.38228],[7.16425,45.38239],[7.16444,45.38247],[7.16444,45.38259],[7.16446,45.38261],[7.16456,45.38261],[7.16458,45.38263],[7.16464,45.38277],[7.16484,45.38297],[7.16488,45.38307],[7.16484,45.38314],[7.16488,45.38319],[7.16487,45.38321],[7.1649,45.38325],[7.16485,45.38329],[7.16486,45.38332],[7.1647,45.38333],[7.16454,45.38337],[7.16428,45.38354],[7.16424,45.38359],[7.16423,45.38361],[7.16427,45.38363],[7.16433,45.3837],[7.1644,45.38372],[7.16442,45.38375],[7.16449,45.38378],[7.16453,45.38376],[7.16468,45.38384],[7.16489,45.38386],[7.16489,45.38389],[7.16491,45.3839],[7.16503,45.38389],[7.16512,45.38392],[7.16523,45.38388],[7.16534,45.38391],[7.16545,45.38389],[7.16554,45.38393],[7.16566,45.38394],[7.16598,45.38403],[7.16622,45.38405],[7.16631,45.38408],[7.16643,45.3841],[7.16652,45.38406],[7.16657,45.38408],[7.16679,45.38409],[7.16683,45.3841],[7.16683,45.38413],[7.1669,45.3842],[7.16707,45.3843],[7.16727,45.38434],[7.16746,45.38433],[7.16757,45.3843],[7.16763,45.38431],[7.16783,45.38436],[7.16814,45.38447],[7.16889,45.38482],[7.16901,45.38489],[7.16925,45.38508],[7.16932,45.38517],[7.16939,45.38523],[7.16946,45.38525],[7.16955,45.38531],[7.1696,45.38532],[7.16967,45.38531],[7.16974,45.3854],[7.1698,45.38551],[7.17001,45.38559],[7.17012,45.38567],[7.17019,45.38576],[7.1703,45.38583],[7.1704,45.38586],[7.17044,45.38589],[7.17051,45.38586],[7.17055,45.38587],[7.17064,45.3859],[7.17077,45.38589],[7.17083,45.38591],[7.17091,45.38591],[7.17099,45.38594],[7.17109,45.38591],[7.17114,45.38592],[7.17141,45.38587],[7.17157,45.38581],[7.17169,45.38574],[7.17175,45.38573],[7.17182,45.38571],[7.17197,45.38571],[7.17202,45.38573],[7.17216,45.38568],[7.17223,45.38574],[7.17234,45.38578],[7.17254,45.38578],[7.17272,45.38575],[7.17291,45.38583],[7.17312,45.38579],[7.17334,45.38569],[7.17339,45.3857],[7.17346,45.38571],[7.17354,45.38579],[7.17366,45.38582],[7.1737,45.38582],[7.17385,45.38587],[7.17411,45.38591],[7.17424,45.386],[7.1743,45.38607],[7.17448,45.38619],[7.17458,45.38618],[7.17469,45.38613],[7.17477,45.38617],[7.17481,45.3862],[7.1748,45.38627],[7.17481,45.38632],[7.17493,45.38638],[7.17506,45.38651],[7.17509,45.38659],[7.17503,45.38663],[7.1751,45.38673],[7.17523,45.38678],[7.17553,45.387],[7.17553,45.38713],[7.17551,45.38719],[7.17554,45.38723],[7.17555,45.38729],[7.17548,45.38735],[7.17542,45.38745],[7.17546,45.38749],[7.17556,45.38754],[7.17566,45.38755],[7.17571,45.38759],[7.17572,45.38762],[7.17564,45.38771],[7.17563,45.38773],[7.1757,45.38781],[7.17585,45.38784],[7.17602,45.38792],[7.17613,45.38793],[7.17622,45.38802],[7.17625,45.38804],[7.17653,45.38805],[7.17673,45.3881],[7.17691,45.38824],[7.17692,45.38828],[7.17695,45.38831],[7.177,45.38834],[7.17711,45.38837],[7.1772,45.38846],[7.17719,45.38851],[7.17714,45.38855],[7.17714,45.38862],[7.17717,45.38865],[7.17725,45.38868],[7.17739,45.38886],[7.17755,45.3889],[7.17773,45.3889],[7.17775,45.38899],[7.17773,45.38904],[7.17775,45.38905],[7.17792,45.3891],[7.17805,45.38917],[7.17811,45.38919],[7.17815,45.38922],[7.17817,45.38927],[7.17832,45.38937],[7.17838,45.38946],[7.17841,45.38956],[7.17841,45.38958],[7.17837,45.3896],[7.17836,45.38962],[7.17836,45.38975],[7.17839,45.38977],[7.17838,45.38979],[7.17838,45.3899],[7.17842,45.38996],[7.17855,45.39],[7.1786,45.39005],[7.1786,45.39007],[7.17857,45.39013],[7.17859,45.39016],[7.17863,45.39021],[7.17875,45.39031],[7.17893,45.39035],[7.17898,45.39038],[7.17899,45.39041],[7.17904,45.39043],[7.17917,45.39042],[7.17921,45.39043],[7.1792,45.39049],[7.17927,45.39052],[7.17929,45.39061],[7.17935,45.39062],[7.17946,45.39074],[7.1796,45.39077],[7.17966,45.39082],[7.17947,45.39089],[7.1794,45.39096],[7.17935,45.39108],[7.17937,45.3911],[7.17936,45.39114],[7.17938,45.39122],[7.17942,45.39123],[7.1794,45.39127],[7.17931,45.39132],[7.17921,45.39134],[7.1791,45.39144],[7.17909,45.39151],[7.17903,45.39155],[7.17896,45.39156],[7.17879,45.39166],[7.17879,45.39171],[7.17869,45.39172],[7.17863,45.39175],[7.1785,45.39188],[7.17819,45.39204],[7.17811,45.39212],[7.17813,45.3923],[7.17807,45.3924],[7.17815,45.3925],[7.17817,45.39256],[7.17801,45.39262],[7.178,45.39265],[7.17801,45.39273],[7.17801,45.39275],[7.17806,45.39277],[7.17801,45.39281],[7.17799,45.39284],[7.17801,45.39286],[7.178,45.39288],[7.17793,45.39292],[7.17797,45.39297],[7.17794,45.39306],[7.17783,45.39311],[7.17787,45.39316],[7.17786,45.39318],[7.17789,45.39323],[7.17794,45.39325],[7.17797,45.39329],[7.17797,45.39333],[7.17782,45.3934],[7.17773,45.39348],[7.17782,45.39358],[7.17777,45.39367],[7.17778,45.39372],[7.17782,45.39376],[7.17782,45.39377],[7.17778,45.3938],[7.17779,45.39382],[7.17775,45.39389],[7.17777,45.39391],[7.17777,45.39399],[7.1778,45.39405],[7.1778,45.3941],[7.17783,45.39417],[7.17784,45.39423],[7.17782,45.39428],[7.17784,45.39437],[7.17788,45.39442],[7.1779,45.39451],[7.17788,45.39455],[7.17789,45.39458],[7.17786,45.39463],[7.17785,45.39476],[7.1779,45.39485],[7.17795,45.39488],[7.178,45.3949],[7.17813,45.3949],[7.17814,45.39495],[7.17813,45.39532],[7.17816,45.39538],[7.17817,45.39561],[7.17822,45.39569],[7.17823,45.39585],[7.17823,45.3959],[7.1782,45.39597],[7.17817,45.39617],[7.17814,45.39625],[7.17818,45.3963],[7.17822,45.39639],[7.17824,45.39655],[7.17831,45.39671],[7.17837,45.39677],[7.17843,45.39681],[7.1785,45.39682],[7.17855,45.39689],[7.17878,45.39704],[7.17882,45.39712],[7.17884,45.39723],[7.17882,45.39728],[7.17887,45.39732],[7.17905,45.39744],[7.17911,45.39752],[7.17921,45.39756],[7.17929,45.39765],[7.17934,45.39766],[7.17937,45.39768],[7.17939,45.39774],[7.17943,45.3978],[7.17957,45.39786],[7.17957,45.39794],[7.17963,45.39795],[7.17962,45.39796],[7.17967,45.39799],[7.17974,45.398],[7.17979,45.39804],[7.17981,45.39808],[7.1798,45.3981],[7.17977,45.39811],[7.1798,45.39819],[7.17983,45.39823],[7.18008,45.39831],[7.1801,45.39833],[7.18008,45.39836],[7.1802,45.39847],[7.18024,45.39857],[7.18042,45.39866],[7.18045,45.39871],[7.18042,45.39874],[7.18045,45.3988],[7.18039,45.39885],[7.18039,45.39887],[7.18047,45.39897],[7.1805,45.39903],[7.18055,45.39908],[7.18068,45.39914],[7.18073,45.39919],[7.18074,45.39922],[7.18074,45.39929],[7.18076,45.39933],[7.18083,45.3994],[7.18089,45.39943],[7.18093,45.39953],[7.181,45.39962],[7.18098,45.39969],[7.18102,45.39976],[7.18099,45.3998],[7.18108,45.39984],[7.18115,45.39992],[7.18121,45.39995],[7.18122,45.4],[7.18131,45.40003],[7.18141,45.40013],[7.18155,45.40016],[7.18158,45.40022],[7.18164,45.40026],[7.18167,45.40036],[7.18167,45.40041],[7.18174,45.40048],[7.18175,45.40055],[7.18185,45.40064],[7.18192,45.40072],[7.18197,45.40074],[7.18198,45.40077],[7.18197,45.40083],[7.18202,45.40089],[7.1821,45.40094],[7.18228,45.40097],[7.18237,45.40104],[7.18252,45.4011],[7.18271,45.40115],[7.18281,45.40117],[7.18275,45.40121],[7.1828,45.40128],[7.18282,45.40137],[7.18298,45.40156],[7.18307,45.40162],[7.18308,45.4017],[7.18314,45.40174],[7.18318,45.40179],[7.18321,45.40185],[7.18325,45.40188],[7.18328,45.40192],[7.18335,45.40193],[7.18341,45.40198],[7.1835,45.40201],[7.18357,45.40206],[7.18369,45.40208],[7.18376,45.40213],[7.18382,45.40221],[7.18394,45.40223],[7.18406,45.40227],[7.18413,45.40233],[7.18421,45.40235],[7.18429,45.40244],[7.18435,45.40246],[7.18446,45.40248],[7.18449,45.40252],[7.18471,45.40258],[7.18474,45.40266],[7.18484,45.40271],[7.18487,45.40278],[7.18496,45.40281],[7.18503,45.40285],[7.18522,45.4029],[7.18528,45.40295],[7.18531,45.40296],[7.18535,45.40301],[7.18534,45.40307],[7.18541,45.4031],[7.18546,45.40317],[7.18556,45.40326],[7.18556,45.40333],[7.18551,45.40346],[7.18537,45.40356],[7.18545,45.40362],[7.18547,45.40367],[7.18547,45.40383],[7.18544,45.40392],[7.18532,45.40408],[7.18536,45.40418],[7.18536,45.40436],[7.18529,45.40458],[7.18521,45.40474],[7.18508,45.40482],[7.18501,45.40489],[7.18498,45.40494],[7.18499,45.40503],[7.18496,45.40508],[7.1848,45.40523],[7.18477,45.40529],[7.18477,45.40533],[7.18487,45.40543],[7.18491,45.40553],[7.18496,45.4056],[7.18497,45.40562],[7.1849,45.40572],[7.18489,45.40597],[7.18485,45.40603],[7.18487,45.40617],[7.1849,45.40621],[7.18495,45.40634],[7.18499,45.4064],[7.18503,45.40655],[7.18513,45.40677],[7.18513,45.40679],[7.18503,45.40687],[7.18502,45.40691],[7.18486,45.40704],[7.18484,45.40708],[7.18471,45.40719],[7.18469,45.40723],[7.18457,45.40733],[7.1844,45.40736],[7.1843,45.40744],[7.18412,45.40748],[7.1839,45.4075],[7.18371,45.40757],[7.18334,45.40763],[7.18333,45.40766],[7.18318,45.40773],[7.18307,45.40773],[7.18297,45.40778],[7.18281,45.40781],[7.18263,45.40782],[7.18254,45.40785],[7.18251,45.40783],[7.18247,45.40786],[7.18229,45.40787],[7.18217,45.40791],[7.18203,45.40792],[7.18189,45.40798],[7.18172,45.40798],[7.18144,45.40805],[7.18134,45.40804],[7.18131,45.40803],[7.18102,45.40806],[7.18089,45.40811],[7.1808,45.40811],[7.18075,45.40813],[7.1806,45.40813],[7.18044,45.40817],[7.18043,45.40815],[7.18038,45.40813],[7.18023,45.40814],[7.18021,45.40819],[7.18018,45.40822],[7.18,45.40827],[7.17989,45.40832],[7.17981,45.40831],[7.17977,45.40832],[7.17952,45.40846],[7.17944,45.40848],[7.17939,45.40852],[7.17932,45.40853],[7.17928,45.40855],[7.1793,45.40859],[7.17924,45.40864],[7.1792,45.40865],[7.17919,45.40867],[7.17912,45.4087],[7.17902,45.40873],[7.17903,45.40877],[7.17911,45.40881],[7.17908,45.40883],[7.17904,45.40889],[7.179,45.40891],[7.17892,45.4089],[7.1786,45.40896],[7.17854,45.40895],[7.17849,45.40893],[7.17844,45.40894],[7.1783,45.4089],[7.17819,45.40893],[7.17801,45.40892],[7.17795,45.40896],[7.17774,45.40902],[7.17736,45.40906],[7.17723,45.40909],[7.17716,45.40913],[7.17708,45.4092],[7.17704,45.40922],[7.17691,45.40922],[7.17683,45.40921],[7.17679,45.40918],[7.17675,45.40918],[7.17661,45.40919],[7.17658,45.40923],[7.17654,45.40924],[7.17647,45.40923],[7.17642,45.40925],[7.17638,45.40924],[7.17611,45.40929],[7.17605,45.40928],[7.17603,45.40929],[7.176,45.40926],[7.17593,45.40926],[7.1759,45.40924],[7.17584,45.40924],[7.17578,45.40925],[7.17561,45.40935],[7.17552,45.40938],[7.17545,45.40939],[7.17524,45.40936],[7.17509,45.40938],[7.17499,45.40937],[7.17495,45.40933],[7.17492,45.40933],[7.17483,45.40937],[7.1747,45.4094],[7.17466,45.40942],[7.17455,45.40943],[7.17443,45.40949],[7.17402,45.4096],[7.174,45.40961],[7.17385,45.40961],[7.17379,45.40963],[7.17376,45.40967],[7.17368,45.40969],[7.17346,45.40973],[7.17323,45.4098],[7.17299,45.40986],[7.17277,45.40995],[7.17271,45.41],[7.17259,45.41002],[7.17255,45.41006],[7.17247,45.41007],[7.17238,45.41014],[7.17229,45.41017],[7.17222,45.41024],[7.17215,45.41027],[7.17202,45.41028],[7.1719,45.41032],[7.17186,45.41032],[7.17167,45.41039],[7.17147,45.41038],[7.17135,45.41044],[7.17121,45.41047],[7.17118,45.41048],[7.17087,45.41054],[7.17083,45.41057],[7.17068,45.41058],[7.17051,45.41064],[7.17032,45.41072],[7.17024,45.4108],[7.17004,45.41091],[7.17001,45.41095],[7.1698,45.41105],[7.16968,45.41115],[7.16953,45.41119],[7.1695,45.41123],[7.16925,45.41126],[7.16902,45.41135],[7.16864,45.41143],[7.16855,45.41147],[7.16848,45.41147],[7.16825,45.41153],[7.16814,45.41153],[7.16774,45.41164],[7.16734,45.41171],[7.16726,45.41175],[7.16721,45.41181],[7.16717,45.41183],[7.16712,45.41187],[7.16704,45.41189],[7.16679,45.41201],[7.16657,45.41207],[7.16651,45.41214],[7.1664,45.41212],[7.16627,45.41217],[7.16613,45.41217],[7.16607,45.41216],[7.16596,45.4122],[7.16583,45.41224],[7.16571,45.41233],[7.1656,45.41237],[7.16543,45.41249],[7.16531,45.41254],[7.16523,45.41256],[7.16513,45.41255],[7.16496,45.41266],[7.16477,45.41268],[7.16463,45.41271],[7.16462,45.41277],[7.16453,45.41286],[7.16444,45.41291],[7.16438,45.41292],[7.16415,45.41304],[7.16392,45.41311],[7.16386,45.41311],[7.16372,45.41316],[7.1637,45.41318],[7.16358,45.4132],[7.16356,45.41321],[7.16355,45.4133],[7.16352,45.41332],[7.16341,45.41337],[7.16325,45.41349],[7.16321,45.41349],[7.16303,45.4136],[7.16294,45.41361],[7.16287,45.41365],[7.16275,45.41376],[7.16267,45.41375],[7.16253,45.41377],[7.16224,45.41388],[7.16218,45.41399],[7.1621,45.41403],[7.16209,45.41407],[7.1621,45.41411],[7.162,45.41413],[7.16181,45.41422],[7.16163,45.41434],[7.1616,45.41438],[7.16156,45.41438],[7.16145,45.41449],[7.16144,45.41452],[7.16134,45.41458],[7.16131,45.41461],[7.16128,45.41468],[7.16129,45.41473],[7.16128,45.41475],[7.16101,45.41494],[7.16096,45.41497],[7.16087,45.41498],[7.1608,45.41503],[7.16055,45.4151],[7.16038,45.41519],[7.16029,45.41521],[7.16023,45.41525],[7.15988,45.41543],[7.15977,45.41549],[7.15909,45.41573],[7.15882,45.41586],[7.15867,45.41594],[7.15816,45.41614],[7.15802,45.41622],[7.15778,45.41633],[7.15766,45.4164],[7.15756,45.41647],[7.1575,45.41656],[7.15746,45.41657],[7.15741,45.41656],[7.15733,45.41659],[7.15732,45.41662],[7.15728,45.41663],[7.15723,45.41663],[7.15713,45.41674],[7.1571,45.41676],[7.15698,45.41676],[7.15693,45.41678],[7.15689,45.41683],[7.1568,45.41687],[7.15674,45.41692],[7.15664,45.417],[7.1566,45.41701],[7.15653,45.41712],[7.15647,45.41713],[7.1563,45.41724],[7.15609,45.41743],[7.15602,45.41746],[7.15594,45.41747],[7.15587,45.41759],[7.15576,45.4177],[7.15568,45.41773],[7.15563,45.4178],[7.15562,45.41783],[7.15554,45.41792],[7.15532,45.41797],[7.15529,45.41801],[7.15505,45.41817],[7.15501,45.4182],[7.15504,45.41824],[7.15501,45.41827],[7.15484,45.41837],[7.15477,45.41846],[7.15477,45.4185],[7.15473,45.41852],[7.15459,45.41865],[7.15443,45.41893],[7.15445,45.41904],[7.15444,45.4191],[7.1544,45.41919],[7.15432,45.41933],[7.15425,45.41954],[7.15419,45.41967],[7.15418,45.41975],[7.15413,45.41993],[7.15413,45.42009],[7.15408,45.42023],[7.15409,45.42028],[7.15413,45.42032],[7.15415,45.42037],[7.15415,45.42041],[7.1541,45.42049],[7.15409,45.4206],[7.15409,45.42065],[7.15395,45.42078],[7.1539,45.42087],[7.15377,45.421],[7.15373,45.42109],[7.15374,45.42114],[7.15373,45.42116],[7.1537,45.42117],[7.15364,45.42116],[7.15351,45.42125],[7.15349,45.42128],[7.15339,45.42135],[7.1534,45.4214],[7.15331,45.42144],[7.15321,45.42153],[7.15314,45.42161],[7.1531,45.42169],[7.15304,45.4217],[7.15302,45.42177],[7.15299,45.42178],[7.15294,45.42178],[7.15292,45.42179],[7.15291,45.42185],[7.15279,45.42193],[7.15278,45.42196],[7.15274,45.42198],[7.15271,45.42208],[7.15273,45.42215],[7.15272,45.42221],[7.15268,45.42226],[7.15267,45.42232],[7.15246,45.4225],[7.15238,45.42255],[7.15229,45.42264],[7.15229,45.42266],[7.15231,45.4227],[7.15222,45.42288],[7.15224,45.42298],[7.15222,45.42302],[7.15215,45.42308],[7.15211,45.42316],[7.15206,45.42318],[7.15185,45.4232],[7.15166,45.42323],[7.15137,45.42325],[7.15128,45.4233],[7.15115,45.42334],[7.15074,45.42336],[7.15029,45.42351],[7.15006,45.42357],[7.14998,45.42361],[7.14987,45.42362],[7.14977,45.42368],[7.14968,45.4237],[7.14956,45.42371],[7.14937,45.42367],[7.14927,45.42371],[7.14915,45.42371],[7.14902,45.42374],[7.14881,45.42367],[7.14878,45.42367],[7.14843,45.42375],[7.14831,45.42376],[7.14825,45.42374],[7.14797,45.42381],[7.14785,45.42382],[7.14746,45.42394],[7.14738,45.42393],[7.14734,45.4239],[7.14721,45.42387],[7.14708,45.4239],[7.14696,45.42391],[7.14676,45.42399],[7.14654,45.42404],[7.14625,45.42407],[7.14597,45.42419],[7.14582,45.4242],[7.14566,45.42425],[7.14517,45.42448],[7.14503,45.4245],[7.145,45.42453],[7.14496,45.42453],[7.14497,45.42458],[7.14495,45.4246],[7.14488,45.42464],[7.14458,45.42469],[7.14442,45.42476],[7.14436,45.4248],[7.14425,45.42485],[7.14414,45.42486],[7.14403,45.42482],[7.14365,45.42502],[7.14355,45.42509],[7.14347,45.4251],[7.14333,45.42519],[7.14314,45.42526],[7.14305,45.42527],[7.14301,45.42529],[7.14283,45.42535],[7.14276,45.42535],[7.14265,45.4254],[7.14258,45.42541],[7.14243,45.42546],[7.1424,45.42549],[7.14234,45.42548],[7.14225,45.42553],[7.14185,45.42568],[7.14171,45.42568],[7.14165,45.42571],[7.14153,45.42572],[7.14144,45.42576],[7.1412,45.42584],[7.14113,45.42589],[7.14106,45.42591],[7.14102,45.4259],[7.14094,45.42591],[7.14087,45.4259],[7.14087,45.42587],[7.14081,45.42587],[7.14058,45.42592],[7.14056,45.42596],[7.14036,45.42598],[7.14033,45.426],[7.14031,45.42598],[7.1402,45.42598],[7.14011,45.42601],[7.13998,45.42597],[7.13996,45.42591],[7.13987,45.42591],[7.13977,45.4259],[7.13968,45.42592],[7.13958,45.42592],[7.13954,45.42591],[7.1395,45.42586],[7.13948,45.42586],[7.1394,45.42587],[7.13935,45.42593],[7.13931,45.42593],[7.13913,45.42588],[7.13908,45.42589],[7.13903,45.42588],[7.13902,45.42586],[7.13894,45.42589],[7.13884,45.42588],[7.13859,45.42592],[7.13852,45.42591],[7.13839,45.42593],[7.13837,45.42591],[7.13827,45.42591],[7.13807,45.42596],[7.13798,45.42595],[7.13779,45.42596],[7.13778,45.42595],[7.13778,45.42592],[7.13767,45.42595],[7.13756,45.42593],[7.13732,45.42594],[7.13722,45.42597],[7.13702,45.42597],[7.13687,45.42603],[7.13681,45.42604],[7.13675,45.42602],[7.13673,45.426],[7.13666,45.42602],[7.13651,45.42601],[7.13646,45.42597],[7.13634,45.42601],[7.13627,45.42598],[7.13618,45.42601],[7.13603,45.42603],[7.13577,45.42602],[7.13564,45.42598],[7.13558,45.42601],[7.13523,45.42606],[7.13506,45.42611],[7.13479,45.42624],[7.13459,45.4263],[7.13407,45.42653],[7.1337,45.42655],[7.13353,45.4266],[7.13332,45.42661],[7.13316,45.42668],[7.13292,45.42673],[7.13259,45.42683],[7.13249,45.42686],[7.13233,45.42686],[7.1322,45.42683],[7.13215,45.42685],[7.13182,45.42717],[7.13155,45.4273],[7.13144,45.4274],[7.13136,45.42744],[7.13115,45.42749],[7.13101,45.4275],[7.13044,45.4276],[7.1302,45.42766],[7.13012,45.42766],[7.12993,45.42773],[7.12989,45.42771],[7.1298,45.42776],[7.12956,45.42782],[7.12952,45.42786],[7.12934,45.42791],[7.1293,45.42794],[7.12906,45.42799],[7.12901,45.42803],[7.12897,45.42808],[7.12892,45.42824],[7.12889,45.42826],[7.1289,45.42828],[7.12866,45.42834],[7.12861,45.42837],[7.12859,45.42841],[7.12859,45.42852],[7.12857,45.42857],[7.12858,45.4286],[7.12857,45.42864],[7.12847,45.4288],[7.12827,45.42893],[7.1281,45.42905],[7.12802,45.42909],[7.12797,45.42914],[7.12774,45.42928],[7.12766,45.4293],[7.12752,45.42928],[7.1273,45.42933],[7.12695,45.4295],[7.12674,45.42962],[7.1266,45.42967],[7.12646,45.42969],[7.12628,45.42977],[7.12612,45.42979],[7.12601,45.42989],[7.12596,45.42991],[7.1255,45.43001],[7.12529,45.43008],[7.1251,45.43016],[7.12475,45.43025],[7.12438,45.43037],[7.12409,45.4305],[7.12379,45.43066],[7.12375,45.43069],[7.12367,45.43071],[7.12346,45.43078],[7.12341,45.43084],[7.12329,45.43087],[7.12314,45.43097],[7.12295,45.43106],[7.1229,45.43106],[7.12264,45.43115],[7.12233,45.43113],[7.12219,45.43113],[7.12208,45.4311],[7.12164,45.43128],[7.12159,45.43129],[7.1215,45.43126],[7.12146,45.43127],[7.1213,45.43138],[7.12124,45.43147],[7.12119,45.43147],[7.12116,45.43151],[7.1211,45.43152],[7.12107,45.43156],[7.12106,45.43159],[7.121,45.43163],[7.121,45.43165],[7.12091,45.43169],[7.12085,45.4317],[7.12074,45.43173],[7.12061,45.43186],[7.12056,45.43194],[7.12055,45.43202],[7.12052,45.43203],[7.12046,45.4321],[7.12039,45.43212],[7.12036,45.43212],[7.12018,45.43216],[7.12011,45.43212],[7.12004,45.43216],[7.11999,45.43218],[7.11995,45.43224],[7.11987,45.43227],[7.11988,45.4323],[7.11976,45.43241],[7.1197,45.43252],[7.1196,45.43256],[7.11954,45.43261],[7.11927,45.43267],[7.11913,45.43276],[7.11891,45.43279],[7.11873,45.43275],[7.11868,45.4327],[7.11847,45.4327],[7.11838,45.4326],[7.11841,45.43257],[7.11816,45.43247],[7.11805,45.43241],[7.11799,45.43242],[7.11791,45.43235],[7.11789,45.43232],[7.11777,45.43236],[7.11762,45.43239],[7.11736,45.43249],[7.11731,45.43249],[7.11724,45.43245],[7.11716,45.43242],[7.11708,45.43251],[7.11692,45.43257],[7.11637,45.43265],[7.11617,45.43269],[7.116,45.4327],[7.11563,45.43283],[7.11508,45.43293],[7.11501,45.43299],[7.11497,45.433],[7.11463,45.43303],[7.11446,45.43311],[7.11434,45.43323],[7.11421,45.43332],[7.11397,45.43341],[7.11391,45.43346],[7.11388,45.43352],[7.11377,45.43378],[7.11361,45.43396],[7.11354,45.43398],[7.11348,45.43394],[7.11342,45.43395],[7.11342,45.43402],[7.11338,45.43407],[7.11332,45.43414],[7.11328,45.43414],[7.11325,45.43416],[7.11319,45.43428],[7.11314,45.43425],[7.1131,45.43425],[7.11309,45.43427],[7.1131,45.43429],[7.11321,45.43437],[7.11322,45.43441],[7.11323,45.43449],[7.11325,45.43453],[7.11351,45.43466],[7.11358,45.43472],[7.11365,45.43481],[7.11375,45.43484],[7.11383,45.4349],[7.11395,45.4351],[7.11412,45.43564],[7.11421,45.43579],[7.11443,45.43605],[7.11452,45.43621],[7.11453,45.43638],[7.11452,45.43657],[7.11445,45.43679],[7.11446,45.43683],[7.1145,45.43689],[7.11449,45.43691],[7.11443,45.43694],[7.11443,45.43696],[7.11448,45.437],[7.11453,45.4371],[7.11447,45.43714],[7.11446,45.43717],[7.1145,45.43722],[7.11456,45.43726],[7.11459,45.43732],[7.11455,45.43771],[7.11456,45.43817],[7.11455,45.43831],[7.11459,45.43845],[7.11458,45.43865],[7.11464,45.43902],[7.11461,45.43908],[7.11461,45.43912],[7.11456,45.43928],[7.11453,45.43928],[7.11458,45.43946],[7.11455,45.43964],[7.11459,45.43971],[7.11459,45.43975],[7.11458,45.43982],[7.11458,45.43996],[7.11457,45.44038],[7.1145,45.44054],[7.11453,45.44058],[7.11457,45.44058],[7.11457,45.44061],[7.11459,45.44065],[7.11459,45.44069],[7.1146,45.44072],[7.11455,45.44075],[7.11465,45.44097],[7.11467,45.44108],[7.11464,45.44112],[7.11474,45.44138],[7.11471,45.4414],[7.11462,45.44143],[7.11455,45.44147],[7.11446,45.4415],[7.11431,45.44163],[7.11422,45.44163],[7.11408,45.44166],[7.11406,45.44169],[7.11405,45.44175],[7.11402,45.44178],[7.11398,45.44185],[7.11381,45.44187],[7.11363,45.44196],[7.11359,45.44199],[7.11345,45.44206],[7.11339,45.44212],[7.11338,45.44215],[7.1132,45.44223],[7.11313,45.44233],[7.11302,45.44237],[7.11299,45.4424],[7.11292,45.44245],[7.11284,45.44253],[7.11271,45.44262],[7.11261,45.44272],[7.11242,45.44286],[7.1123,45.44297],[7.11191,45.44343],[7.1118,45.44363],[7.11181,45.44373],[7.11184,45.44381],[7.11176,45.444],[7.11175,45.44405],[7.11177,45.44411],[7.11175,45.44419],[7.11171,45.44427],[7.11172,45.44434],[7.11166,45.44444],[7.11165,45.4445],[7.11158,45.44461],[7.11158,45.44466],[7.1115,45.44491],[7.11141,45.44501],[7.11138,45.44506],[7.11138,45.44511],[7.11134,45.44515],[7.11134,45.44516],[7.11138,45.44518],[7.11128,45.44529],[7.11125,45.44541],[7.11118,45.4455],[7.11108,45.44566],[7.11101,45.44583],[7.11096,45.44601],[7.11093,45.44623],[7.11094,45.44628],[7.11082,45.44658],[7.11085,45.44663],[7.11085,45.44666],[7.11083,45.44671],[7.11081,45.44672],[7.11082,45.44676],[7.1108,45.4468],[7.11076,45.44682],[7.11065,45.44691],[7.1105,45.447],[7.11024,45.44703],[7.11023,45.44707],[7.11009,45.44707],[7.10981,45.44712],[7.10965,45.44719],[7.10957,45.44719],[7.10911,45.44731],[7.10899,45.44736],[7.10868,45.44741],[7.10863,45.44745],[7.10858,45.44746],[7.10852,45.44753],[7.10843,45.44752],[7.10844,45.44749],[7.10843,45.44747],[7.10839,45.44747],[7.10837,45.4475],[7.10832,45.44749],[7.1083,45.44751],[7.10823,45.44753],[7.10814,45.4476],[7.10807,45.44762],[7.10793,45.44769],[7.10778,45.44783],[7.10773,45.44785],[7.10771,45.44788],[7.10755,45.44788],[7.10752,45.4479],[7.10752,45.44795],[7.10749,45.44796],[7.10722,45.44796],[7.1071,45.44797],[7.10686,45.44809],[7.1068,45.44816],[7.10678,45.44822],[7.10678,45.44828],[7.1068,45.44839],[7.10676,45.44867],[7.10671,45.44875],[7.10671,45.44884],[7.10663,45.44896],[7.10655,45.449],[7.1065,45.44908],[7.10655,45.44915],[7.10655,45.44922],[7.10651,45.44927],[7.10648,45.44929],[7.10646,45.44929],[7.10641,45.44925],[7.10633,45.44924],[7.10627,45.44925],[7.10626,45.44931],[7.10625,45.44932],[7.106,45.44931],[7.10599,45.44937],[7.10599,45.44949],[7.1058,45.44954],[7.10578,45.44958],[7.10576,45.44969],[7.10574,45.44971],[7.10561,45.44973],[7.10556,45.44983],[7.1054,45.45003],[7.10537,45.45009],[7.1054,45.45016],[7.10541,45.4503],[7.10533,45.4504],[7.10531,45.45049],[7.10525,45.45056],[7.10525,45.45064],[7.10518,45.4507],[7.10508,45.45074],[7.10506,45.45077],[7.10507,45.4509],[7.10505,45.45097],[7.10502,45.451],[7.10492,45.45106],[7.10488,45.45112],[7.10482,45.45116],[7.10469,45.4512],[7.10444,45.45125],[7.10428,45.45134],[7.10419,45.45135],[7.10402,45.45144],[7.10388,45.45154],[7.10383,45.45159],[7.10359,45.45173],[7.10353,45.45186],[7.10345,45.45192],[7.10301,45.45206],[7.10313,45.45217],[7.10316,45.45224],[7.10319,45.45255],[7.10317,45.45259],[7.1027,45.45294],[7.10222,45.45317],[7.10199,45.45341],[7.10187,45.45348],[7.10185,45.45352],[7.10178,45.45355],[7.10169,45.45355],[7.10163,45.45358],[7.10158,45.45369],[7.10156,45.45371],[7.10147,45.45374],[7.10132,45.4537],[7.10123,45.45371],[7.10117,45.45377],[7.10117,45.45383],[7.10103,45.45388],[7.10093,45.45396],[7.10088,45.45398],[7.10088,45.45404],[7.10076,45.45411],[7.10076,45.45414],[7.10074,45.45416],[7.10074,45.45418],[7.10065,45.4543],[7.10047,45.45449],[7.10039,45.45449],[7.10037,45.4544],[7.10035,45.45436],[7.10026,45.45435],[7.10026,45.4543],[7.10025,45.4543],[7.10006,45.4543],[7.10002,45.45437],[7.10004,45.45448],[7.10011,45.45465],[7.10008,45.45469],[7.1,45.45476],[7.1,45.45483],[7.09997,45.45491],[7.09995,45.45493],[7.10001,45.45503],[7.1,45.45507],[7.09985,45.45529],[7.09973,45.45553],[7.09968,45.45593],[7.09966,45.456],[7.09967,45.45607],[7.09962,45.45619],[7.09964,45.45634],[7.09959,45.45642],[7.09959,45.45646],[7.09964,45.4566],[7.09962,45.4567],[7.09963,45.45675],[7.09962,45.45679],[7.09966,45.45688],[7.09954,45.45699],[7.09949,45.45712],[7.09937,45.45724],[7.09935,45.45731],[7.09935,45.45736],[7.0993,45.45755],[7.09914,45.45789],[7.09903,45.45797],[7.09894,45.45807],[7.09882,45.45823],[7.09881,45.4583],[7.09868,45.45845],[7.09859,45.45863],[7.0986,45.45872],[7.09858,45.45882],[7.09864,45.45891],[7.09868,45.45899],[7.09868,45.45904],[7.09861,45.45912],[7.09858,45.45933],[7.09857,45.45936],[7.09851,45.45938],[7.0985,45.4594],[7.09853,45.45949],[7.09853,45.45961],[7.09858,45.4597],[7.09859,45.45974],[7.09856,45.4598],[7.09856,45.45987],[7.09861,45.45996],[7.09862,45.46004],[7.0985,45.46025],[7.09853,45.46041],[7.09842,45.46053],[7.09841,45.46063],[7.09839,45.46065],[7.09832,45.46069],[7.09821,45.46084],[7.09817,45.46091],[7.09819,45.46097],[7.09815,45.46104],[7.09822,45.46111],[7.09836,45.4612],[7.09851,45.4612],[7.09853,45.46123],[7.0986,45.46123],[7.09861,45.46128],[7.09869,45.4613],[7.09875,45.4613],[7.09879,45.46127],[7.09881,45.46134],[7.09881,45.46139],[7.09887,45.46145],[7.09885,45.46147],[7.09885,45.46149],[7.09888,45.46153],[7.09901,45.46163],[7.09903,45.46185],[7.09907,45.46189],[7.0991,45.46194],[7.09909,45.46198],[7.09914,45.46209],[7.09913,45.46219],[7.09917,45.46221],[7.09923,45.46228],[7.09928,45.46229],[7.09928,45.46232],[7.09932,45.46236],[7.09934,45.46236],[7.09936,45.4624],[7.09938,45.46241],[7.09943,45.46249],[7.09946,45.46248],[7.0995,45.46258],[7.09956,45.46259],[7.09957,45.46254],[7.09959,45.46254],[7.09961,45.46263],[7.09959,45.4627],[7.09961,45.46269],[7.09961,45.46277],[7.09967,45.46281],[7.09974,45.46306],[7.09974,45.46327],[7.09967,45.46329],[7.09967,45.46332],[7.09964,45.46336],[7.09983,45.46359],[7.09994,45.46367],[7.10004,45.46385],[7.1001,45.46385],[7.10014,45.46388],[7.10009,45.46403],[7.10013,45.46412],[7.10012,45.46429],[7.10008,45.46432],[7.10012,45.46434],[7.10016,45.46439],[7.10016,45.46443],[7.10018,45.46446],[7.10017,45.46448],[7.1002,45.46451],[7.1002,45.46452],[7.10038,45.46456],[7.10046,45.46462],[7.10053,45.46465],[7.10052,45.46468],[7.10057,45.4647],[7.10066,45.46465],[7.1008,45.46467],[7.10086,45.46466],[7.10094,45.4647],[7.10101,45.46482],[7.10105,45.46484],[7.10109,45.4649],[7.10116,45.46493],[7.10119,45.46498],[7.10131,45.46511],[7.10145,45.46518],[7.10145,45.46523],[7.1015,45.46525],[7.10153,45.46529],[7.10169,45.46532],[7.10172,45.46535],[7.10171,45.46538],[7.10177,45.46541],[7.10179,45.46546],[7.10178,45.4655],[7.10181,45.46555],[7.10181,45.46564],[7.10183,45.46568],[7.10198,45.46574],[7.10202,45.46572],[7.10204,45.46576],[7.10204,45.46578],[7.10214,45.46585],[7.10226,45.46589],[7.1024,45.466],[7.10276,45.46618],[7.10286,45.46621],[7.1029,45.46627],[7.10299,45.46634],[7.10303,45.46645],[7.10309,45.46651],[7.10336,45.46665],[7.10337,45.46667],[7.10338,45.46678],[7.10342,45.46684],[7.10349,45.46691],[7.10362,45.46697],[7.10365,45.46703],[7.10392,45.46705],[7.10426,45.46699],[7.10429,45.46696],[7.10437,45.46695],[7.10442,45.46695],[7.10458,45.46705],[7.1047,45.46708],[7.1048,45.46706],[7.10489,45.46702],[7.10491,45.46702],[7.1051,45.46729],[7.10514,45.46736],[7.10523,45.46746],[7.10534,45.46763],[7.10535,45.46769],[7.10535,45.46784],[7.10532,45.46796],[7.10526,45.46806],[7.10524,45.46818],[7.10522,45.46823],[7.10506,45.46845],[7.10386,45.46859],[7.10242,45.46868],[7.10193,45.46874],[7.10149,45.46876],[7.10119,45.46871],[7.10097,45.46878],[7.10074,45.46889],[7.10026,45.4693],[7.10009,45.46938],[7.09973,45.46937],[7.0994,45.46938],[7.0992,45.46936],[7.09881,45.46925],[7.09862,45.46923],[7.09708,45.46949],[7.09632,45.46958],[7.09571,45.46976],[7.09522,45.4701],[7.09462,45.47045],[7.09432,45.47057],[7.09402,45.4706],[7.09343,45.47059],[7.09297,45.47051],[7.09226,45.47039],[7.09207,45.47039],[7.0916,45.47045],[7.09096,45.47048],[7.09055,45.47053],[7.09013,45.47053],[7.08971,45.4706],[7.08888,45.47087],[7.08873,45.47102],[7.08847,45.47124],[7.08842,45.47139],[7.08835,45.47149],[7.08811,45.4716],[7.08795,45.47175],[7.08773,45.47188],[7.08756,45.47198],[7.0873,45.47214],[7.08716,45.47228],[7.08713,45.47239],[7.08708,45.47247],[7.08694,45.47255],[7.0868,45.47258],[7.08659,45.47253],[7.08611,45.47233],[7.08577,45.47225],[7.08544,45.47208],[7.08523,45.47203],[7.08498,45.47203],[7.08449,45.47205],[7.08386,45.47199],[7.08329,45.47196],[7.08278,45.47202],[7.08226,45.47213],[7.08162,45.47246],[7.08096,45.47266],[7.08056,45.47273],[7.07961,45.4729],[7.07928,45.47311],[7.07876,45.47312],[7.07838,45.47331],[7.07821,45.47348],[7.07786,45.47361],[7.07744,45.4737],[7.07712,45.47364],[7.07679,45.47363],[7.07655,45.47359],[7.07625,45.47357],[7.07589,45.47346],[7.07552,45.47342],[7.0754,45.47339],[7.07516,45.47329],[7.07492,45.47325],[7.07469,45.47321],[7.07465,45.47318],[7.0746,45.47312],[7.07448,45.47309],[7.07423,45.47309],[7.07406,45.47308],[7.07389,45.47314],[7.0737,45.47316],[7.07354,45.47313],[7.07344,45.47312],[7.07335,45.47315],[7.07316,45.47315],[7.07307,45.47317],[7.07295,45.47328],[7.07278,45.47335],[7.07248,45.47338],[7.07215,45.47338],[7.07199,45.47346],[7.07176,45.47341],[7.07163,45.47351],[7.07128,45.47355],[7.07099,45.47364],[7.07015,45.4738],[7.06976,45.47391],[7.06918,45.47395],[7.06774,45.47397],[7.06685,45.47397],[7.0665,45.47395],[7.06616,45.47403],[7.06578,45.47398],[7.06561,45.4739],[7.06533,45.47393],[7.06476,45.47385],[7.0642,45.47379],[7.06385,45.47369],[7.06358,45.47358],[7.0634,45.47356],[7.06313,45.47341],[7.06282,45.47338],[7.06237,45.47332],[7.06196,45.47328],[7.06174,45.47328],[7.06126,45.4734],[7.06105,45.47342],[7.06088,45.47329],[7.06073,45.47301],[7.06062,45.47286],[7.06047,45.47259],[7.06034,45.4723],[7.06018,45.47211],[7.06009,45.47195],[7.05996,45.47181],[7.05992,45.47167],[7.05973,45.47164],[7.05886,45.47165],[7.05842,45.47171],[7.058,45.47183],[7.05765,45.47189],[7.05717,45.47188],[7.05675,45.47182],[7.05644,45.47175],[7.05602,45.47168],[7.05567,45.47165],[7.05504,45.47168],[7.05452,45.47168],[7.05415,45.47174],[7.05386,45.47186],[7.05351,45.47216],[7.05278,45.47232],[7.05256,45.47233],[7.05208,45.47222],[7.0516,45.47209],[7.05117,45.47208],[7.05062,45.47211],[7.05009,45.47221],[7.0495,45.47235],[7.049,45.47244],[7.04866,45.47247],[7.04842,45.47274],[7.04813,45.473],[7.04775,45.47333],[7.04753,45.47357],[7.04729,45.47411],[7.04721,45.47436],[7.04717,45.47468],[7.04706,45.47513],[7.04688,45.47527],[7.0468,45.47557],[7.0466,45.47566],[7.04662,45.47583],[7.04673,45.47619],[7.04674,45.47659],[7.04658,45.47721],[7.0464,45.4776],[7.04622,45.47791],[7.04607,45.47826],[7.0459,45.47858],[7.04571,45.47899],[7.0456,45.47926],[7.04556,45.47965],[7.04547,45.47968],[7.04525,45.4798],[7.0451,45.47981],[7.04498,45.47998],[7.04491,45.48016],[7.04518,45.48051],[7.04543,45.48098],[7.04586,45.48183],[7.04601,45.48203],[7.04633,45.48227],[7.04692,45.48263],[7.04721,45.48286],[7.04734,45.48312],[7.04729,45.48333],[7.04741,45.48365],[7.04769,45.48415],[7.04833,45.48578],[7.04868,45.4863],[7.04895,45.48643],[7.04971,45.48661],[7.0503,45.48685],[7.0507,45.48704],[7.05124,45.4871],[7.05246,45.48709],[7.05261,45.4872],[7.05304,45.48742],[7.05355,45.48752],[7.05435,45.48772],[7.05546,45.48788],[7.05563,45.48787],[7.05593,45.48778],[7.0569,45.48779],[7.0574,45.48772],[7.05779,45.48773],[7.0582,45.48761],[7.05857,45.4875],[7.05908,45.48745],[7.0594,45.48738],[7.05965,45.48733],[7.0599,45.4873],[7.06018,45.48733],[7.0603,45.48741],[7.06067,45.48747],[7.06093,45.48777],[7.06126,45.48806],[7.06167,45.4882],[7.06183,45.48842],[7.06117,45.48855],[7.06085,45.48868],[7.06067,45.48881],[7.06048,45.48905],[7.06028,45.4896],[7.06002,45.49014],[7.05939,45.49084],[7.05834,45.49155],[7.05773,45.49214],[7.0572,45.49304],[7.05691,45.49373],[7.05658,45.49423],[7.05614,45.49469],[7.05573,45.49502],[7.05492,45.49532],[7.05389,45.49565],[7.05297,45.49584],[7.05158,45.49616],[7.05097,45.49646],[7.05054,45.49664],[7.05008,45.49665],[7.04925,45.49662],[7.04866,45.49662],[7.04738,45.49673],[7.04722,45.4968],[7.04699,45.49695],[7.04676,45.49711],[7.04653,45.49724],[7.04548,45.49729],[7.04479,45.49736],[7.04465,45.49732],[7.04437,45.49715],[7.04389,45.49678],[7.04298,45.49663],[7.04231,45.49661],[7.04166,45.49651],[7.04044,45.49638],[7.03985,45.49613],[7.03875,45.49591],[7.03797,45.49604],[7.03683,45.49631],[7.03638,45.4965],[7.03601,45.49675],[7.03568,45.49688],[7.03539,45.49687],[7.03473,45.49675],[7.0343,45.49661],[7.03353,45.49644],[7.03289,45.49649],[7.03237,45.49648],[7.03212,45.49656],[7.03195,45.49663],[7.03162,45.49666],[7.03131,45.49673],[7.03111,45.49663],[7.03075,45.49653],[7.03042,45.49636],[7.03011,45.4961],[7.02969,45.49594],[7.02912,45.49584],[7.02882,45.4958],[7.02865,45.4958],[7.02838,45.49591],[7.02808,45.49598],[7.02763,45.49609],[7.02732,45.49639],[7.02719,45.49647],[7.02673,45.49651],[7.02618,45.49648],[7.02591,45.49656],[7.02543,45.49664],[7.02491,45.4966],[7.02439,45.49658],[7.02392,45.49649],[7.02315,45.49644],[7.02255,45.49647],[7.02212,45.49647],[7.02161,45.49657],[7.02129,45.4966],[7.02104,45.49669],[7.02082,45.49691],[7.02062,45.49706],[7.01986,45.49728],[7.01936,45.49741],[7.01916,45.49751],[7.01896,45.49764],[7.01852,45.49774],[7.01836,45.49782],[7.0177,45.49799],[7.01713,45.49807],[7.01686,45.49813],[7.01652,45.49816],[7.01571,45.49846],[7.01522,45.49855],[7.01478,45.49867],[7.01441,45.49872],[7.01404,45.49882],[7.01368,45.49884],[7.01294,45.49895],[7.01245,45.49913],[7.01217,45.49927],[7.01173,45.49945],[7.01109,45.49959],[7.01076,45.49969],[7.01036,45.49983],[7.01001,45.4999],[7.00984,45.49996],[7.00951,45.50001],[7.00931,45.50005],[7.00932,45.50018],[7.00928,45.50034],[7.00917,45.50061],[7.00885,45.50074],[7.00873,45.50092],[7.00861,45.50102],[7.0082,45.5011],[7.00762,45.50127],[7.00721,45.50136],[7.00683,45.50149],[7.00643,45.50178],[7.00629,45.50191],[7.00623,45.50208],[7.00595,45.50216],[7.00556,45.50241],[7.00535,45.50266],[7.00523,45.50296],[7.00507,45.50313],[7.00462,45.50316],[7.00418,45.50325],[7.00347,45.50323],[7.00268,45.50319],[7.00241,45.5033],[7.00219,45.50357],[7.00174,45.50382],[7.00133,45.504],[7.00092,45.50411],[7.00052,45.50443],[7.00029,45.5046],[6.99984,45.50478],[6.99985,45.50493],[6.99995,45.50521],[6.99999,45.50548],[7.00011,45.50575],[7.00042,45.50615],[7.00047,45.5065],[7.00039,45.50669],[7.00036,45.50702],[7.00045,45.50749],[7.00065,45.508],[7.00067,45.50844],[7.00058,45.50903],[7.00065,45.50965],[7.0008,45.51071],[7.00095,45.51102],[7.00112,45.51117],[7.00112,45.51132],[7.00107,45.51153],[7.00127,45.51171],[7.00152,45.512],[7.00162,45.51245],[7.00184,45.51264],[7.00219,45.51279],[7.0025,45.51278],[7.00258,45.51288],[7.00281,45.51349],[7.0031,45.51417],[7.00345,45.5146],[7.00376,45.5152],[7.00429,45.51608],[7.00444,45.51642],[7.0049,45.51679],[7.00522,45.51721],[7.00518,45.51773],[7.00405,45.51931],[7.00391,45.5203],[7.00366,45.52059],[7.00346,45.52075],[7.00324,45.52108],[7.00251,45.52166],[7.00181,45.52205],[7.00134,45.52242],[7.00093,45.52257],[7.00068,45.52275],[7.00022,45.5233],[6.9998,45.52363],[6.99956,45.52372],[6.99938,45.52392],[6.99894,45.52474],[6.99842,45.52536],[6.99822,45.52567],[6.99782,45.52598],[6.9975,45.52639],[6.99724,45.52656],[6.9969,45.52694],[6.99633,45.52717],[6.99611,45.52755],[6.99567,45.52796],[6.99538,45.52813],[6.99525,45.52828],[6.99508,45.52835],[6.99492,45.52851],[6.99459,45.52865],[6.99446,45.52875],[6.99364,45.52915],[6.99222,45.53],[6.99152,45.53023],[6.9912,45.53038],[6.99031,45.53067],[6.99003,45.53075],[6.99022,45.53143],[6.99044,45.53234],[6.99073,45.53371],[6.99085,45.53461],[6.9908,45.53509],[6.99075,45.53544],[6.99063,45.53575],[6.99061,45.536],[6.99088,45.53698],[6.9911,45.53716],[6.99166,45.53752],[6.99198,45.53791],[6.99211,45.53846],[6.9923,45.5387],[6.99317,45.53986],[6.99387,45.54105],[6.99412,45.54138],[6.99453,45.54174],[6.99496,45.54208],[6.99512,45.54229],[6.99547,45.54308],[6.9958,45.54379],[6.99582,45.54431],[6.99574,45.54496],[6.99577,45.54525],[6.99551,45.54585],[6.99507,45.54605],[6.995,45.54616],[6.99484,45.5465],[6.99467,45.5467],[6.99446,45.54686],[6.99405,45.54735],[6.99376,45.54754],[6.99364,45.5477],[6.99361,45.54794],[6.99344,45.54815],[6.99322,45.54847],[6.99299,45.549],[6.99293,45.54939],[6.99263,45.54976],[6.9927,45.55034],[6.99263,45.55076],[6.99227,45.55118],[6.99216,45.55145],[6.99236,45.55171],[6.99241,45.55202],[6.99206,45.55247],[6.99207,45.55266],[6.99192,45.55297],[6.99164,45.55352],[6.99115,45.55396],[6.99099,45.55415],[6.99096,45.55434],[6.99098,45.55458],[6.99108,45.5547],[6.99134,45.55545],[6.99122,45.55562],[6.99092,45.55583],[6.9905,45.55594],[6.99021,45.5561],[6.98977,45.55654],[6.99001,45.55664],[6.99005,45.55684],[6.99021,45.55705],[6.99031,45.55734],[6.99058,45.5596],[6.99054,45.56054],[6.99045,45.561],[6.99026,45.56138],[6.98988,45.56234],[6.9898,45.56259],[6.98978,45.56281],[6.98994,45.56297],[6.99011,45.56326],[6.99014,45.56349],[6.99013,45.56369],[6.99023,45.56388],[6.99037,45.564],[6.99044,45.56422],[6.99053,45.56438],[6.99073,45.5644],[6.99107,45.56443],[6.99131,45.56449],[6.99144,45.56458],[6.99162,45.56483],[6.99194,45.56489],[6.99215,45.56486],[6.99252,45.56497],[6.99288,45.56511],[6.9931,45.56529],[6.99346,45.56538],[6.99383,45.56549],[6.99395,45.5656],[6.99412,45.56569],[6.99435,45.56596],[6.99443,45.56599],[6.99507,45.56678],[6.99542,45.56692],[6.99572,45.56723],[6.99601,45.56755],[6.9964,45.56806],[6.99673,45.56827],[6.99689,45.56858],[6.9969,45.5688],[6.99687,45.56899],[6.99683,45.56914],[6.99678,45.56929],[6.99659,45.56931],[6.99646,45.56933],[6.99641,45.56938],[6.9963,45.56953],[6.99612,45.56977],[6.99585,45.56994],[6.99558,45.56997],[6.99531,45.56995],[6.99513,45.57002],[6.99497,45.57013],[6.99489,45.57038],[6.99489,45.57061],[6.99483,45.57094],[6.99466,45.57124],[6.99407,45.5721],[6.99396,45.57234],[6.99396,45.57254],[6.99411,45.57286],[6.99445,45.57333],[6.99463,45.57374],[6.99478,45.57386],[6.99498,45.57435],[6.9951,45.57457],[6.99513,45.57482],[6.99527,45.57513],[6.99529,45.57528],[6.99525,45.57538],[6.9953,45.57566],[6.99466,45.5759],[6.99421,45.57613],[6.99367,45.57671],[6.99297,45.57713],[6.99264,45.57744],[6.99203,45.57772],[6.99176,45.57818],[6.99115,45.57882],[6.99051,45.57922],[6.98989,45.57952],[6.98886,45.57971],[6.98836,45.57981],[6.98787,45.58003],[6.98711,45.58056],[6.98663,45.581],[6.98613,45.58133],[6.98515,45.58159],[6.98405,45.5819],[6.98241,45.58251],[6.98182,45.58285],[6.98121,45.583],[6.98088,45.5831],[6.98066,45.58333],[6.98079,45.5836],[6.98086,45.58413],[6.98084,45.58427],[6.98061,45.5845],[6.98018,45.5848],[6.97964,45.58524],[6.97905,45.58596],[6.97875,45.58657],[6.97855,45.58692],[6.97806,45.58759],[6.9782,45.58787],[6.97821,45.58844],[6.97836,45.58884],[6.97844,45.58911],[6.97839,45.58953],[6.97843,45.59017],[6.97866,45.59077],[6.97911,45.59188],[6.97993,45.59306],[6.98061,45.59409],[6.98081,45.59468],[6.98074,45.59541],[6.98057,45.59599],[6.98051,45.59635],[6.98061,45.59671],[6.98087,45.59704],[6.9808,45.59749],[6.98062,45.5978],[6.98045,45.59803],[6.98049,45.59831],[6.98085,45.59878],[6.98142,45.59919],[6.98168,45.59932],[6.98163,45.5996],[6.98167,45.59979],[6.98177,45.60009],[6.98192,45.60027],[6.98197,45.60058],[6.98198,45.601],[6.98191,45.60143],[6.98195,45.60182],[6.98203,45.60198],[6.98213,45.60216],[6.9822,45.60239],[6.98224,45.6027],[6.98224,45.60315],[6.98227,45.60328],[6.98241,45.60371],[6.9825,45.60392],[6.98275,45.60411],[6.98293,45.60443],[6.98316,45.60487],[6.98342,45.60518],[6.98362,45.60536],[6.98384,45.60559],[6.98394,45.60581],[6.98402,45.60632],[6.98404,45.60642],[6.98422,45.60657],[6.98434,45.60737],[6.98441,45.60757],[6.98457,45.60775],[6.98478,45.60787],[6.98488,45.60803],[6.98489,45.60817],[6.98496,45.60827],[6.98499,45.60841],[6.98499,45.60869],[6.98511,45.60881],[6.98512,45.60904],[6.98519,45.60935],[6.9852,45.60964],[6.98509,45.60997],[6.98508,45.61012],[6.9851,45.61027],[6.98516,45.61036],[6.98527,45.61084],[6.98536,45.61114],[6.98551,45.61126],[6.98564,45.61145],[6.98568,45.61179],[6.9858,45.6121],[6.98593,45.61257],[6.98607,45.61297],[6.98611,45.61327],[6.98606,45.61342],[6.98583,45.61352],[6.98559,45.61369],[6.98542,45.6138],[6.98509,45.61402],[6.98492,45.61415],[6.98465,45.61427],[6.98453,45.6144],[6.98435,45.61444],[6.98411,45.61457],[6.98398,45.61469],[6.98386,45.61481],[6.98369,45.61494],[6.98351,45.61511],[6.98338,45.61525],[6.98337,45.6153],[6.98347,45.61547],[6.98355,45.61565],[6.98361,45.61584],[6.98371,45.6163],[6.98361,45.61659],[6.98346,45.61694],[6.98346,45.61706],[6.98347,45.61714],[6.9837,45.61759],[6.98385,45.61791],[6.98408,45.61826],[6.98441,45.61863],[6.98455,45.61888],[6.98461,45.61922],[6.98463,45.6199],[6.98466,45.62012],[6.9848,45.62042],[6.98501,45.62074],[6.98554,45.62116],[6.98572,45.62124],[6.9859,45.62135],[6.98604,45.6215],[6.98623,45.62183],[6.98641,45.62222],[6.98657,45.62248],[6.9867,45.62287],[6.98674,45.62326],[6.98681,45.62373],[6.98686,45.62399],[6.98703,45.62485],[6.9871,45.62533],[6.98709,45.62556],[6.98702,45.6257],[6.98699,45.62589],[6.987,45.62597],[6.9871,45.62609],[6.98727,45.62616],[6.98742,45.62626],[6.98766,45.62636],[6.98791,45.62642],[6.9883,45.62645],[6.98854,45.62648],[6.98886,45.62654],[6.98908,45.62662],[6.98965,45.62676],[6.98989,45.62683],[6.99018,45.62688],[6.99063,45.62709],[6.99093,45.62725],[6.99114,45.62732],[6.99144,45.62739],[6.99165,45.62746],[6.99167,45.62749],[6.99189,45.62758],[6.99196,45.62759],[6.99213,45.62759],[6.99246,45.62768],[6.99267,45.62772],[6.99283,45.62779],[6.99293,45.62787],[6.99312,45.6281],[6.99327,45.62814],[6.99355,45.62819],[6.99377,45.62823],[6.99404,45.6283],[6.99432,45.62842],[6.99444,45.6285],[6.99446,45.62861],[6.99449,45.62867],[6.99459,45.62873],[6.99476,45.62879],[6.99478,45.62882],[6.99484,45.62889],[6.99493,45.62896],[6.99501,45.62906],[6.99511,45.6291],[6.99555,45.62924],[6.99582,45.62935],[6.99596,45.62946],[6.9961,45.62954],[6.99624,45.62962],[6.9965,45.62969],[6.99659,45.62978],[6.99664,45.6299],[6.99664,45.63011],[6.99668,45.63021],[6.99689,45.63042],[6.99698,45.63063],[6.9971,45.63073],[6.99725,45.63079],[6.99737,45.63102],[6.9975,45.63125],[6.99763,45.63139],[6.99783,45.63175],[6.99794,45.63204],[6.99803,45.63233],[6.99807,45.63242],[6.99812,45.63248],[6.99821,45.63254],[6.99827,45.63261],[6.99833,45.63276],[6.9985,45.63291],[6.99866,45.63315],[6.9988,45.63321],[6.99888,45.63335],[6.9991,45.63376],[6.99916,45.63392],[6.99928,45.63437],[6.99936,45.63455],[6.99948,45.63474],[6.99949,45.63492],[6.99966,45.63533],[6.99971,45.63557],[6.99999,45.63603],[7.00053,45.63625],[7.00086,45.63644],[7.00102,45.63659],[7.0011,45.63718],[7.00092,45.63731],[7.00085,45.63796],[7.00093,45.63831],[7.00106,45.63846],[7.00154,45.6387],[7.00162,45.639],[7.00152,45.63937],[7.00136,45.63976],[7.00086,45.6402],[7.00031,45.64049],[6.99917,45.64075],[6.99749,45.64077],[6.99598,45.64074],[6.99438,45.64061],[6.99279,45.64032],[6.9922,45.64028],[6.99189,45.64039],[6.99114,45.64094],[6.99064,45.64146],[6.98984,45.64196],[6.98985,45.64229],[6.99009,45.64284],[6.9904,45.64292],[6.99056,45.64311],[6.99012,45.64385],[6.98958,45.64416],[6.98876,45.64449],[6.98823,45.64444],[6.98762,45.64434],[6.98649,45.64429],[6.98563,45.64442],[6.98438,45.64483],[6.98328,45.64522],[6.98284,45.64553],[6.9825,45.64575],[6.98162,45.64592],[6.98116,45.64586],[6.97997,45.64566],[6.97904,45.64555],[6.97831,45.64559],[6.97677,45.64589],[6.97639,45.64622],[6.97585,45.64643],[6.97535,45.64658],[6.97495,45.6467],[6.97468,45.64688],[6.97467,45.64702],[6.97472,45.64716],[6.97464,45.6473],[6.97456,45.64736],[6.97439,45.64747],[6.97414,45.64753],[6.97382,45.64759],[6.97357,45.64764],[6.97323,45.64781],[6.97297,45.648],[6.97266,45.64839],[6.97236,45.64877],[6.97226,45.64923],[6.97228,45.64962],[6.97239,45.64993],[6.97237,45.65013],[6.97239,45.65052],[6.9724,45.65083],[6.97176,45.65093],[6.97132,45.65152],[6.97098,45.65231],[6.97094,45.65259],[6.97072,45.65296],[6.97027,45.65363],[6.97011,45.65426],[6.96948,45.65429],[6.96915,45.65418],[6.96901,45.65411],[6.96765,45.6543],[6.96657,45.65426],[6.96521,45.65439],[6.96451,45.65454],[6.96301,45.65471],[6.96262,45.65482],[6.96152,45.65492],[6.96125,45.655],[6.96099,45.65502],[6.96076,45.65493],[6.96,45.65415],[6.95967,45.65388],[6.95902,45.65352],[6.9584,45.65332],[6.95766,45.65319],[6.95728,45.65306],[6.95619,45.6528],[6.95474,45.65252],[6.95395,45.65235],[6.95296,45.65203],[6.95216,45.65164],[6.95131,45.65136],[6.95074,45.65126],[6.94979,45.65107],[6.94859,45.65096],[6.94754,45.65058],[6.94663,45.65019],[6.94611,45.65021],[6.94584,45.65013],[6.9455,45.6502],[6.94502,45.65002],[6.94462,45.64977],[6.94423,45.64974],[6.94298,45.6493],[6.94262,45.64922],[6.94218,45.64921],[6.94177,45.64914],[6.94158,45.649],[6.94134,45.64885],[6.94111,45.6486],[6.94063,45.64827],[6.94034,45.64819],[6.93999,45.64814],[6.93938,45.64821],[6.93871,45.64833],[6.93841,45.64832],[6.93828,45.64839],[6.93765,45.64825],[6.93722,45.64825],[6.93686,45.64809],[6.93679,45.64789],[6.93661,45.64774],[6.93586,45.64745],[6.93513,45.64728],[6.93486,45.64727],[6.93407,45.64697],[6.93398,45.64666],[6.93377,45.64645],[6.93339,45.64617],[6.93321,45.64618],[6.93281,45.64619],[6.93225,45.64608],[6.93206,45.6461],[6.9317,45.64595],[6.9313,45.6459],[6.93102,45.64592],[6.93049,45.64597],[6.9304,45.64607],[6.93024,45.64662],[6.92995,45.64713],[6.92939,45.6473],[6.92882,45.64734],[6.92804,45.64739],[6.92759,45.64734],[6.92689,45.64728],[6.9262,45.64797],[6.92546,45.64895],[6.92452,45.64948],[6.92373,45.64992],[6.92306,45.65012],[6.92138,45.65056],[6.92028,45.65066],[6.92013,45.65069],[6.91931,45.65078],[6.91883,45.65091],[6.91831,45.65104],[6.91803,45.65116],[6.91791,45.65138],[6.91789,45.65167],[6.91778,45.65187],[6.91764,45.65199],[6.91686,45.65212],[6.91651,45.65227],[6.91608,45.65244],[6.91569,45.65256],[6.91593,45.65307],[6.91611,45.65343],[6.91615,45.65372],[6.91632,45.65417],[6.91631,45.65452],[6.91615,45.65479],[6.91608,45.65506],[6.91602,45.65519],[6.91605,45.65545],[6.91621,45.65559],[6.91649,45.65598],[6.91672,45.65648],[6.91671,45.65664],[6.91664,45.65676],[6.91655,45.65689],[6.91642,45.65704],[6.91617,45.65746],[6.91595,45.65769],[6.91571,45.65798],[6.91583,45.65812],[6.91602,45.65848],[6.91636,45.65892],[6.91654,45.65921],[6.91665,45.65944],[6.91678,45.65984],[6.91663,45.65989],[6.91656,45.65994],[6.91655,45.66002],[6.91648,45.66005],[6.91647,45.66008],[6.91643,45.6601],[6.91638,45.66019],[6.91623,45.66025],[6.91614,45.66039],[6.91616,45.66047],[6.91605,45.66067],[6.91595,45.66079],[6.91577,45.6611],[6.91541,45.66141],[6.91529,45.66132],[6.91515,45.66127],[6.91505,45.66122],[6.91501,45.66121],[6.91489,45.66122],[6.91473,45.66121],[6.91466,45.66119],[6.91455,45.66123],[6.91445,45.66127],[6.91438,45.66132],[6.9143,45.66133],[6.91405,45.66126],[6.91393,45.66124],[6.91382,45.66128],[6.91358,45.66138],[6.91336,45.66144],[6.91319,45.66145],[6.91296,45.66152],[6.9126,45.66169],[6.91232,45.66179],[6.91213,45.66183],[6.91209,45.66191],[6.91181,45.66193],[6.91171,45.66197],[6.91161,45.66203],[6.91133,45.6621],[6.91105,45.66214],[6.91092,45.6622],[6.91084,45.66222],[6.91075,45.66222],[6.91066,45.66221],[6.91057,45.66215],[6.91009,45.66209],[6.90931,45.66197],[6.90905,45.66197],[6.90871,45.662],[6.90817,45.662],[6.90802,45.66203],[6.90795,45.66207],[6.90735,45.66215],[6.90693,45.66227],[6.90642,45.66237],[6.90635,45.66259],[6.90615,45.66263],[6.90575,45.66267],[6.90508,45.66284],[6.90471,45.66299],[6.90422,45.66322],[6.90371,45.66341],[6.90358,45.66355],[6.90307,45.66369],[6.90284,45.66371],[6.90258,45.6638],[6.90238,45.6639],[6.87699,45.67197],[6.87645,45.67142],[6.87636,45.67107],[6.87619,45.67086],[6.87591,45.67086],[6.87533,45.67068],[6.87516,45.67043],[6.87505,45.67011],[6.87338,45.67119],[6.87342,45.67146],[6.87357,45.67163],[6.87349,45.6719],[6.87357,45.67203],[6.87353,45.67218],[6.87372,45.67238],[6.87379,45.67263],[6.87411,45.67283],[6.87452,45.67322],[6.87503,45.67332],[6.87525,45.6737],[6.87531,45.67419],[6.87535,45.6744],[6.87467,45.67504],[6.87467,45.67537],[6.87415,45.67548],[6.87355,45.67618],[6.87265,45.67662],[6.87192,45.67678],[6.87145,45.67713],[6.87091,45.67719],[6.87057,45.6775],[6.87057,45.67771],[6.87027,45.67791],[6.87016,45.67827],[6.86836,45.67872],[6.86744,45.67881],[6.86703,45.67867],[6.86673,45.67861],[6.86557,45.67851],[6.86544,45.67885],[6.86486,45.67926],[6.86428,45.67926],[6.86377,45.67942],[6.86351,45.67942],[6.86312,45.6796],[6.86248,45.67948],[6.8619,45.67923],[6.86106,45.67924],[6.86046,45.67986],[6.86023,45.68019],[6.85982,45.68059],[6.8589,45.68082],[6.85817,45.68139],[6.85821,45.68185],[6.8586,45.68281],[6.85804,45.68345],[6.85797,45.68392],[6.85724,45.68461],[6.85712,45.68502],[6.85708,45.68508],[6.85699,45.68516],[6.85685,45.68525],[6.85649,45.68542],[6.8563,45.68553],[6.85622,45.68559],[6.85616,45.68569],[6.85609,45.68576],[6.85596,45.68587],[6.85593,45.68592],[6.85593,45.68599],[6.85591,45.68604],[6.85546,45.68638],[6.85526,45.68645],[6.85485,45.68653],[6.85463,45.68658],[6.85432,45.68672],[6.85431,45.68682],[6.85423,45.68684],[6.8542,45.68692],[6.85413,45.68703],[6.854,45.68706],[6.85388,45.68706],[6.85382,45.68723],[6.8538,45.68741],[6.85368,45.68753],[6.85322,45.68777],[6.85275,45.68792],[6.85252,45.68798],[6.85235,45.68805],[6.85198,45.68813],[6.85176,45.68819],[6.85161,45.68832],[6.85127,45.68842],[6.85092,45.68862],[6.85036,45.68869],[6.84965,45.68901],[6.84947,45.68916],[6.84932,45.6892],[6.84898,45.68923],[6.84872,45.68927],[6.84827,45.6893],[6.84803,45.68934],[6.8477,45.68929],[6.84768,45.68934],[6.84771,45.68949],[6.84776,45.6896],[6.84753,45.68971],[6.84742,45.68974],[6.84713,45.68974],[6.84689,45.68984],[6.84679,45.69],[6.84669,45.69005],[6.84669,45.69024],[6.84662,45.6903],[6.8465,45.6903],[6.84636,45.6903],[6.84636,45.69051],[6.8464,45.69067],[6.84638,45.69079],[6.84731,45.69126],[6.84761,45.6914],[6.84772,45.69166],[6.84718,45.69184],[6.84708,45.69206],[6.84682,45.6924],[6.84669,45.69266],[6.84647,45.69293],[6.84657,45.69307],[6.84686,45.69326],[6.84667,45.69349],[6.84643,45.69349],[6.84591,45.69348],[6.84549,45.69366],[6.84522,45.69382],[6.84518,45.69391],[6.84518,45.6941],[6.84527,45.69431],[6.8451,45.69461],[6.84462,45.69503],[6.84459,45.69529],[6.84461,45.69575],[6.84447,45.69592],[6.84398,45.69632],[6.84395,45.69644],[6.844,45.69662],[6.84395,45.69682],[6.84376,45.69712],[6.84318,45.69747],[6.843,45.69775],[6.84311,45.69807],[6.84304,45.69816],[6.84269,45.69829],[6.84259,45.69837],[6.84267,45.69864],[6.84274,45.69881],[6.84256,45.69891],[6.84238,45.69908],[6.84222,45.69915],[6.84222,45.69928],[6.84236,45.69967],[6.84232,45.69977],[6.84235,45.69995],[6.84244,45.70002],[6.84239,45.70022],[6.84227,45.70035],[6.84215,45.70038],[6.84196,45.70037],[6.84185,45.70035],[6.84168,45.70036],[6.84131,45.70043],[6.84103,45.70051],[6.84071,45.70067],[6.84059,45.70078],[6.84046,45.70088],[6.84039,45.7009],[6.84021,45.70091],[6.84002,45.70095],[6.8398,45.70105],[6.83964,45.70111],[6.83934,45.70113],[6.83913,45.70117],[6.83879,45.70125],[6.83857,45.70134],[6.8384,45.70137],[6.83826,45.70142],[6.83818,45.70148],[6.8381,45.70156],[6.83801,45.70161],[6.83782,45.70159],[6.83766,45.70156],[6.8375,45.70157],[6.83745,45.7016],[6.83726,45.70153],[6.83711,45.70157],[6.83679,45.70172],[6.83652,45.70182],[6.8362,45.7021],[6.8359,45.7022],[6.83579,45.70231],[6.8357,45.70247],[6.83549,45.70252],[6.835,45.70253],[6.83451,45.70246],[6.83431,45.70241],[6.8338,45.70233],[6.83333,45.7023],[6.83287,45.70223],[6.83228,45.70222],[6.83186,45.70219],[6.83154,45.70216],[6.83123,45.70212],[6.83091,45.7021],[6.83054,45.70216],[6.83026,45.70217],[6.83012,45.70215],[6.83007,45.70227],[6.82998,45.7026],[6.82985,45.70264],[6.82974,45.70266],[6.82968,45.70268],[6.82957,45.70281],[6.82954,45.7029],[6.82925,45.70307],[6.82923,45.70315],[6.82915,45.70326],[6.82889,45.7034],[6.82879,45.70352],[6.8287,45.70371],[6.82831,45.70386],[6.82819,45.70399],[6.82775,45.70411],[6.82752,45.70417],[6.82732,45.70457],[6.82728,45.70487],[6.82729,45.70509],[6.82724,45.70531],[6.82715,45.70545],[6.82704,45.70596],[6.82695,45.7062],[6.82688,45.70636],[6.82683,45.70651],[6.8269,45.70677],[6.82685,45.70698],[6.82666,45.70724],[6.82659,45.7076],[6.82652,45.70774],[6.82633,45.70792],[6.82614,45.70803],[6.8259,45.70815],[6.82571,45.70829],[6.82563,45.7084],[6.82556,45.7086],[6.82543,45.70872],[6.82535,45.70889],[6.82533,45.70912],[6.8252,45.70925],[6.82502,45.70934],[6.82491,45.70952],[6.82466,45.7097],[6.82458,45.70982],[6.82459,45.70993],[6.82465,45.71009],[6.82471,45.7102],[6.82469,45.7103],[6.82462,45.71032],[6.82436,45.71041],[6.82394,45.71049],[6.82383,45.71054],[6.82366,45.71061],[6.82357,45.71072],[6.82347,45.71084],[6.8234,45.71092],[6.82326,45.71101],[6.82281,45.71121],[6.82252,45.71128],[6.82207,45.71143],[6.82207,45.71149],[6.82206,45.71155],[6.82193,45.71169],[6.82188,45.71179],[6.82189,45.71214],[6.82189,45.71219],[6.82181,45.71225],[6.82173,45.7123],[6.82169,45.71238],[6.82163,45.71257],[6.82159,45.71267],[6.82155,45.71274],[6.82135,45.71297],[6.82128,45.71303],[6.82123,45.71312],[6.82121,45.71318],[6.82115,45.71324],[6.82107,45.71329],[6.82101,45.71338],[6.821,45.71351],[6.82096,45.71356],[6.82085,45.71362],[6.82075,45.7137],[6.82072,45.71375],[6.82072,45.71389],[6.82076,45.71396],[6.82075,45.71403],[6.82051,45.71422],[6.8204,45.71427],[6.82024,45.71443],[6.82015,45.71455],[6.82005,45.71465],[6.81994,45.71477],[6.81993,45.71523],[6.81995,45.71568],[6.81998,45.71593],[6.81995,45.71606],[6.8199,45.71613],[6.81982,45.71664],[6.81976,45.71683],[6.81967,45.71692],[6.81963,45.7176],[6.8195,45.7181],[6.81943,45.71879],[6.81929,45.71885],[6.81922,45.71901],[6.81916,45.71916],[6.81905,45.71931],[6.81861,45.71951],[6.81825,45.71971],[6.81784,45.71999],[6.81761,45.7202],[6.81723,45.72036],[6.81701,45.72042],[6.81666,45.72048],[6.81648,45.72055],[6.81612,45.72067],[6.81586,45.72078],[6.81561,45.72094],[6.81529,45.72103],[6.81518,45.72109],[6.81503,45.72108],[6.81487,45.72111],[6.81481,45.72115],[6.8147,45.72132],[6.81464,45.72135],[6.81452,45.7215],[6.81443,45.72154],[6.81438,45.72161],[6.81427,45.72165],[6.81423,45.72181],[6.81407,45.72194],[6.81399,45.72202],[6.81395,45.7221],[6.81383,45.72226],[6.81379,45.7223],[6.81352,45.72238],[6.81343,45.72241],[6.81341,45.72255],[6.81318,45.72264],[6.813,45.72273],[6.81289,45.72276],[6.81273,45.72282],[6.81267,45.72288],[6.81253,45.72295],[6.81243,45.72299],[6.8124,45.72306],[6.8123,45.72315],[6.81225,45.72321],[6.81224,45.72335],[6.81227,45.72344],[6.81221,45.72351],[6.81214,45.72364],[6.81195,45.72372],[6.81189,45.72381],[6.81177,45.72384],[6.81175,45.72391],[6.81182,45.72403],[6.8117,45.72417],[6.81146,45.72426],[6.81128,45.72435],[6.81121,45.72439],[6.81102,45.72442],[6.81077,45.72448],[6.81069,45.72446],[6.81064,45.72451],[6.81051,45.72454],[6.8104,45.72458],[6.81034,45.72463],[6.81027,45.72471],[6.81011,45.7248],[6.8099,45.72489],[6.80952,45.72497],[6.80934,45.72502],[6.80919,45.72508],[6.80905,45.72511],[6.8089,45.72516],[6.80882,45.72519],[6.80885,45.7253],[6.80882,45.72539],[6.80883,45.72553],[6.80881,45.7256],[6.80875,45.72569],[6.80874,45.72578],[6.80878,45.72588],[6.80875,45.72594],[6.80877,45.72603],[6.80885,45.72613],[6.80871,45.72636],[6.80857,45.72654],[6.80847,45.72693],[6.80847,45.72707],[6.80845,45.72721],[6.80836,45.72733],[6.80836,45.72738],[6.80841,45.72741],[6.80851,45.72746],[6.80855,45.7275],[6.80861,45.72762],[6.80865,45.72774],[6.80874,45.72784],[6.80884,45.7281],[6.80886,45.72835],[6.80893,45.7285],[6.8091,45.72864],[6.80933,45.72882],[6.80936,45.7289],[6.80937,45.729],[6.80945,45.7291],[6.80985,45.72939],[6.81015,45.72959],[6.8104,45.72978],[6.81054,45.72982],[6.81082,45.72989],[6.81117,45.73007],[6.81128,45.73025],[6.81137,45.73055],[6.81153,45.73083],[6.81158,45.73102],[6.8118,45.73127],[6.81206,45.73153],[6.81237,45.73195],[6.81313,45.73246],[6.81359,45.73268],[6.81372,45.73303],[6.81405,45.73342],[6.81442,45.73372],[6.81452,45.73395],[6.81435,45.73409],[6.81441,45.73444],[6.81448,45.7345],[6.81452,45.73474],[6.81465,45.73488],[6.81469,45.73497],[6.81481,45.73508],[6.81483,45.73518],[6.81489,45.73526],[6.81506,45.73538],[6.81509,45.73544],[6.8151,45.73549],[6.81517,45.73559],[6.81535,45.73575],[6.81548,45.73597],[6.81549,45.73614],[6.81561,45.7363],[6.81564,45.73662],[6.81567,45.73678],[6.81579,45.73707],[6.81567,45.73734],[6.81591,45.73768],[6.8162,45.73795],[6.81637,45.73826],[6.81631,45.73835],[6.81613,45.73853],[6.81606,45.7388],[6.81628,45.73918],[6.81644,45.73957],[6.81703,45.74004],[6.81679,45.74019],[6.81636,45.74043],[6.81613,45.74061],[6.81598,45.74077],[6.81547,45.74106],[6.81505,45.74131],[6.81438,45.74176],[6.81402,45.74216],[6.81369,45.74264],[6.81346,45.74306],[6.81336,45.74342],[6.81286,45.74348],[6.81274,45.74341],[6.81249,45.74342],[6.81208,45.74358],[6.81161,45.74362],[6.81071,45.74382],[6.80994,45.74405],[6.80959,45.7442],[6.80906,45.74451],[6.80884,45.74467],[6.80851,45.74494],[6.8082,45.74514],[6.80802,45.74532],[6.80794,45.74539],[6.80769,45.74569],[6.8074,45.7464],[6.80725,45.74674],[6.80703,45.74691],[6.80676,45.74703],[6.80644,45.74717],[6.80619,45.7473],[6.80602,45.74742],[6.80587,45.74758],[6.80563,45.74777],[6.80563,45.74786],[6.80564,45.74815],[6.80572,45.74831],[6.80577,45.74861],[6.80592,45.74878],[6.80605,45.74912],[6.80632,45.74958],[6.80644,45.74972],[6.80652,45.74983],[6.80662,45.74992],[6.80673,45.75006],[6.80697,45.7502],[6.80705,45.75026],[6.80727,45.75044],[6.80744,45.75055],[6.80749,45.75065],[6.80748,45.75073],[6.80726,45.75086],[6.80685,45.75115],[6.80662,45.7513],[6.8064,45.75152],[6.80628,45.75195],[6.8062,45.75236],[6.80611,45.75257],[6.80602,45.75268],[6.80584,45.75285],[6.8057,45.75299],[6.80557,45.75316],[6.80526,45.7538],[6.80511,45.75422],[6.80498,45.75481],[6.80495,45.75526],[6.80498,45.7557],[6.80514,45.75626],[6.80533,45.75663],[6.8054,45.75689],[6.80542,45.75708],[6.80532,45.75736],[6.80534,45.7575],[6.80528,45.75767],[6.80522,45.7578],[6.80522,45.75797],[6.80539,45.75843],[6.80541,45.75861],[6.80537,45.75882],[6.80531,45.75894],[6.80523,45.75909],[6.80509,45.7593],[6.80505,45.75944],[6.80506,45.75965],[6.80506,45.75995],[6.80504,45.76017],[6.80509,45.76039],[6.80514,45.76073],[6.80529,45.7611],[6.80544,45.76136],[6.80559,45.76178],[6.80579,45.76277],[6.80582,45.76318],[6.80589,45.76339],[6.80604,45.76359],[6.80617,45.76375],[6.80616,45.76385],[6.80603,45.76407],[6.8058,45.76434],[6.80553,45.76468],[6.80542,45.76488],[6.80527,45.76515],[6.80509,45.76552],[6.805,45.76581],[6.80497,45.76607],[6.80498,45.76625],[6.80502,45.7664],[6.80506,45.76652],[6.80505,45.7668],[6.80514,45.76704],[6.80519,45.76723],[6.8052,45.76742],[6.80514,45.76759],[6.80505,45.76774],[6.80494,45.768],[6.80436,45.769],[6.80389,45.76983],[6.80382,45.7702],[6.80376,45.77055],[6.80376,45.77107],[6.80411,45.77134],[6.80418,45.77143],[6.80421,45.77153],[6.80421,45.77171],[6.80422,45.7719],[6.80428,45.77206],[6.80434,45.77215],[6.80435,45.7722],[6.80423,45.77228],[6.80416,45.77235],[6.80417,45.77242],[6.8042,45.77251],[6.80413,45.77261],[6.80403,45.77266],[6.8038,45.77267],[6.80366,45.77274],[6.80363,45.77286],[6.80354,45.77319],[6.80345,45.77338],[6.80319,45.77364],[6.80292,45.77389],[6.80273,45.77414],[6.80258,45.7744],[6.80227,45.77489],[6.80214,45.77505],[6.80203,45.7752],[6.80193,45.77544],[6.80179,45.77564],[6.80177,45.77569],[6.80176,45.77573],[6.8018,45.77582],[6.80185,45.77595],[6.80187,45.77606],[6.8019,45.77614],[6.80193,45.7762],[6.80196,45.77625],[6.80196,45.77635],[6.80193,45.77653],[6.80193,45.77668],[6.80193,45.77681],[6.80191,45.77688],[6.80198,45.77704],[6.80228,45.77752],[6.80239,45.77789],[6.80259,45.77814],[6.80281,45.77831],[6.80294,45.77865],[6.80288,45.7789],[6.80295,45.77899],[6.80285,45.77931],[6.80283,45.7794],[6.80286,45.77955],[6.80286,45.77979],[6.80274,45.77996],[6.80252,45.78017],[6.80246,45.78021],[6.80215,45.78011],[6.80203,45.78008],[6.80187,45.7801],[6.80138,45.78024],[6.80108,45.78051],[6.80082,45.78063],[6.80094,45.78081],[6.80108,45.78107],[6.80118,45.78121],[6.80148,45.78144],[6.80167,45.78158],[6.80179,45.78172],[6.80201,45.78193],[6.80222,45.78222],[6.80232,45.78231],[6.80231,45.7824],[6.80216,45.78262],[6.80201,45.78301],[6.80201,45.78324],[6.80207,45.78354],[6.80212,45.78368],[6.80211,45.78379],[6.80207,45.78401],[6.80221,45.78452],[6.80218,45.78464],[6.80233,45.78484],[6.80249,45.78514],[6.80268,45.78562],[6.80285,45.78597],[6.80289,45.78618],[6.80301,45.78641],[6.80309,45.78661],[6.80321,45.78679],[6.80329,45.78687],[6.80338,45.78693],[6.80348,45.78697],[6.80363,45.78753],[6.80359,45.78774],[6.80367,45.78798],[6.80376,45.78823],[6.80386,45.78861],[6.80395,45.789],[6.80396,45.78927],[6.80401,45.78952],[6.80408,45.78973],[6.80408,45.78983],[6.80391,45.79009],[6.80385,45.7903],[6.80396,45.79045],[6.80413,45.79061],[6.80422,45.79108],[6.80427,45.79144],[6.80438,45.79175],[6.80459,45.79192],[6.80469,45.79194],[6.80478,45.79207],[6.80496,45.79212],[6.80512,45.79228],[6.80516,45.79245],[6.80518,45.79262],[6.80533,45.79285],[6.80547,45.79294],[6.80565,45.79318],[6.80584,45.79322],[6.80595,45.79327],[6.80634,45.7933],[6.80676,45.79331],[6.80695,45.79336],[6.80704,45.79344],[6.80714,45.79364],[6.80733,45.79384],[6.80745,45.79394],[6.80754,45.79397],[6.80763,45.79397],[6.80773,45.79395],[6.80801,45.79398],[6.80826,45.794],[6.80848,45.79406],[6.80869,45.79407],[6.80885,45.79415],[6.80902,45.79414],[6.80916,45.7942],[6.80921,45.79425],[6.80924,45.79439],[6.80937,45.79452],[6.80938,45.79464],[6.80943,45.79468],[6.80959,45.79476],[6.80974,45.79488],[6.80996,45.79502],[6.81017,45.79512],[6.81037,45.79516],[6.81062,45.7952],[6.81103,45.79519],[6.81124,45.7953],[6.81147,45.7953],[6.81161,45.79534],[6.81177,45.79544],[6.81204,45.7955],[6.81222,45.79556],[6.81235,45.79562],[6.81246,45.79563],[6.81253,45.79565],[6.81264,45.79572],[6.81272,45.79578],[6.81279,45.79585],[6.81297,45.79586],[6.81307,45.79585],[6.81315,45.79589],[6.81312,45.79594],[6.81303,45.79602],[6.81295,45.79607],[6.81277,45.79614],[6.81267,45.79621],[6.81261,45.79633],[6.81259,45.79646],[6.81248,45.79663],[6.81238,45.79677],[6.81234,45.7969],[6.81228,45.797],[6.81227,45.79708],[6.81229,45.79714],[6.81225,45.79722],[6.81221,45.79733],[6.81221,45.79746],[6.81219,45.79749],[6.81206,45.79752],[6.81192,45.79761],[6.81186,45.7977],[6.81173,45.79773],[6.81161,45.79787],[6.81151,45.79794],[6.81145,45.79802],[6.81152,45.79819],[6.81155,45.7984],[6.81166,45.79852],[6.81179,45.79861],[6.81192,45.79878],[6.81199,45.799],[6.81183,45.79918],[6.81171,45.79947],[6.81157,45.79991],[6.81156,45.80011],[6.81165,45.80032],[6.81175,45.80052],[6.81165,45.80086],[6.81127,45.80134],[6.81112,45.80176],[6.81086,45.8028],[6.81102,45.80336],[6.81104,45.80368],[6.81121,45.80401],[6.81128,45.80465],[6.81156,45.80511],[6.81188,45.80579],[6.81238,45.8063],[6.81252,45.8064],[6.81295,45.80657],[6.81316,45.80699],[6.81316,45.80721],[6.81309,45.8075],[6.81313,45.80783],[6.81308,45.80798],[6.81288,45.80821],[6.81236,45.80867],[6.81225,45.80888],[6.81221,45.8092],[6.81226,45.80939],[6.81222,45.80951],[6.8119,45.80962],[6.81178,45.80983],[6.81152,45.81005],[6.81145,45.81027],[6.81126,45.81048],[6.81138,45.81067],[6.81143,45.81102],[6.81113,45.81118],[6.8109,45.81151],[6.81078,45.81204],[6.8109,45.81229],[6.81091,45.81239],[6.81075,45.81248],[6.8102,45.81254],[6.80966,45.81263],[6.80922,45.81266],[6.80902,45.8127],[6.80829,45.81304],[6.80793,45.81343],[6.80749,45.81398],[6.80709,45.81433],[6.80655,45.81459],[6.80575,45.81504],[6.8052,45.81532],[6.80482,45.81558],[6.80459,45.81579],[6.80435,45.81593],[6.80431,45.81602],[6.80413,45.81615],[6.80408,45.81616],[6.80391,45.81618],[6.8039,45.8162],[6.80394,45.81627],[6.80409,45.81637],[6.80419,45.81642],[6.80431,45.81647],[6.80444,45.81648],[6.80468,45.8166],[6.80492,45.81675],[6.80538,45.81691],[6.80558,45.81687],[6.80582,45.81689],[6.80644,45.8171],[6.8067,45.81728],[6.80683,45.81751],[6.80686,45.81787],[6.80693,45.81821],[6.8072,45.81854],[6.80777,45.81892],[6.80847,45.81929],[6.80886,45.81976],[6.80928,45.82006],[6.80965,45.82091],[6.80976,45.8214],[6.81055,45.82184],[6.81088,45.82225],[6.81105,45.82302],[6.81098,45.82358],[6.8112,45.82397],[6.81119,45.82441],[6.81144,45.8251],[6.81169,45.82552],[6.81209,45.82557],[6.81268,45.82548],[6.8128,45.82579],[6.81315,45.82596],[6.81358,45.82611],[6.81386,45.82635],[6.81392,45.82656],[6.81408,45.82663],[6.81419,45.82686],[6.81443,45.82698],[6.81455,45.82726],[6.81455,45.82756],[6.81443,45.82807],[6.81442,45.82826],[6.81452,45.82846],[6.81479,45.82877],[6.81487,45.82901],[6.81491,45.82926],[6.81514,45.82959],[6.81539,45.82973],[6.81564,45.82977],[6.8158,45.82989],[6.816,45.82997],[6.81629,45.83024],[6.81635,45.83045],[6.81644,45.83055],[6.81659,45.83068],[6.81684,45.83078],[6.81701,45.83095],[6.81721,45.831],[6.81731,45.83105],[6.81751,45.83126],[6.81766,45.8315],[6.81777,45.83166],[6.81775,45.83183],[6.81783,45.83185],[6.81785,45.832],[6.81804,45.83212],[6.81802,45.83222],[6.81809,45.83237],[6.81808,45.83245],[6.818,45.83255],[6.81793,45.8327],[6.81785,45.83293],[6.81779,45.83298],[6.81777,45.83308],[6.81778,45.83326],[6.81779,45.83356],[6.81784,45.83382],[6.81789,45.83402],[6.81798,45.83422],[6.81802,45.83437],[6.81808,45.83448],[6.81812,45.8346],[6.81817,45.83469],[6.81816,45.83479],[6.81817,45.83492],[6.81815,45.83504],[6.81816,45.8351],[6.81818,45.83517],[6.81834,45.8354],[6.81835,45.83548],[6.81834,45.83557],[6.81837,45.83566],[6.8184,45.83573],[6.81843,45.8358],[6.81844,45.83588],[6.81845,45.836],[6.81854,45.836],[6.81863,45.83602],[6.81875,45.83604],[6.81902,45.83615],[6.81916,45.83625],[6.81976,45.83661],[6.81999,45.83666],[6.82026,45.8368],[6.82068,45.83698],[6.82079,45.83701],[6.82091,45.83707],[6.82094,45.83714],[6.82104,45.83716],[6.8211,45.83719],[6.82116,45.83722],[6.82118,45.83726],[6.8212,45.83728],[6.82125,45.83729],[6.82138,45.83737],[6.82141,45.83742],[6.82149,45.83748],[6.82154,45.83749],[6.82157,45.83749],[6.82164,45.83753],[6.82174,45.83751],[6.82186,45.83753],[6.82199,45.83754],[6.82217,45.83751],[6.82237,45.8375],[6.82254,45.8375],[6.82293,45.83759],[6.82318,45.83772],[6.82338,45.83778],[6.82366,45.83783],[6.82377,45.83785],[6.82387,45.83786],[6.82406,45.83781],[6.82422,45.83783],[6.82441,45.83795],[6.8246,45.83798],[6.82476,45.83794],[6.82493,45.83799],[6.82509,45.83798],[6.82518,45.83799],[6.82558,45.838],[6.82576,45.83803],[6.82637,45.83808],[6.82688,45.83809],[6.82772,45.83802],[6.82839,45.8379],[6.8287,45.83788],[6.8291,45.83779],[6.82934,45.83771],[6.82957,45.83766],[6.82979,45.83755],[6.82987,45.83748],[6.8301,45.83737],[6.83043,45.83723],[6.831,45.83718],[6.83124,45.83719],[6.83138,45.83721],[6.83159,45.83728],[6.83222,45.83736],[6.833,45.83747],[6.83345,45.83756],[6.83383,45.83776],[6.83436,45.83815],[6.83469,45.83837],[6.83494,45.8387],[6.83536,45.839],[6.83589,45.83927],[6.83634,45.83937],[6.83683,45.8394],[6.83725,45.83951],[6.83752,45.83975],[6.83782,45.8399],[6.83803,45.83993],[6.83859,45.83991],[6.83877,45.83992],[6.83908,45.84],[6.83935,45.84026],[6.83944,45.84047],[6.83958,45.84064],[6.8399,45.84083],[6.84024,45.84095],[6.8406,45.84097],[6.84114,45.84103],[6.84135,45.84109],[6.84178,45.84128],[6.84196,45.84135],[6.84206,45.84134],[6.84225,45.84131],[6.84234,45.84134],[6.84244,45.84139],[6.84253,45.84139],[6.84278,45.84132],[6.84307,45.8413],[6.84335,45.84129],[6.84366,45.84126],[6.84399,45.84119],[6.84442,45.84098],[6.84468,45.84091],[6.84498,45.8409],[6.84527,45.84075],[6.84549,45.84063],[6.8458,45.84045],[6.84629,45.84023],[6.84687,45.84002],[6.84751,45.83963],[6.84802,45.83944],[6.84878,45.83921],[6.84912,45.83906],[6.84939,45.83887],[6.84953,45.83868],[6.84968,45.83853],[6.85011,45.83827],[6.85058,45.8381],[6.85089,45.83805],[6.85148,45.83808],[6.85193,45.83776],[6.85224,45.83757],[6.85258,45.83745],[6.85311,45.83729],[6.85343,45.83718],[6.85382,45.83695],[6.85396,45.83684],[6.85412,45.8367],[6.8543,45.83652],[6.8546,45.83618],[6.85477,45.83596],[6.85508,45.83566],[6.85524,45.8356],[6.85534,45.83559],[6.85546,45.8356],[6.85554,45.83557],[6.85565,45.83548],[6.85597,45.83504],[6.85612,45.83487],[6.85624,45.83477],[6.85637,45.83475],[6.85657,45.83471],[6.85692,45.83466],[6.85711,45.83464],[6.85727,45.83456],[6.85741,45.83444],[6.8575,45.83429],[6.85758,45.8342],[6.85778,45.83413],[6.85808,45.83408],[6.85828,45.83405],[6.8585,45.834],[6.85863,45.83382],[6.859,45.8335],[6.85932,45.83323],[6.85961,45.83286],[6.85993,45.83273],[6.86023,45.83277],[6.86048,45.83279],[6.86063,45.83275],[6.86085,45.83268],[6.86103,45.83268],[6.86121,45.83266],[6.8614,45.83254],[6.86143,45.83246],[6.86143,45.83218],[6.86137,45.83183],[6.86135,45.83164],[6.86131,45.83147],[6.86108,45.8313],[6.86092,45.83119],[6.86083,45.83114],[6.86076,45.83109],[6.86079,45.83107],[6.8612,45.83093],[6.8613,45.83087],[6.86134,45.83082],[6.86135,45.83076],[6.86141,45.83072],[6.86153,45.83072],[6.86161,45.83072],[6.8617,45.83068],[6.86176,45.83062],[6.86178,45.83054],[6.86185,45.83048],[6.86206,45.8304],[6.8623,45.83036],[6.86248,45.83035],[6.86258,45.83029],[6.86256,45.83021],[6.86247,45.83016],[6.86239,45.83013],[6.86231,45.8301],[6.86229,45.83001],[6.86224,45.82991],[6.86218,45.82974],[6.86215,45.82969],[6.86211,45.82965],[6.86202,45.82958],[6.86194,45.82955],[6.86191,45.8295],[6.86188,45.82936],[6.86187,45.82925],[6.8618,45.82907],[6.86172,45.82897],[6.86166,45.82885],[6.8616,45.82877],[6.86159,45.82871],[6.86168,45.82867],[6.86199,45.82856],[6.86212,45.82853],[6.86218,45.82846],[6.86236,45.82843],[6.86279,45.8284],[6.86302,45.82841],[6.86315,45.82844],[6.86334,45.8285],[6.86342,45.82857],[6.86365,45.82885],[6.86373,45.82892],[6.86387,45.82894],[6.86396,45.82891],[6.86407,45.82885],[6.86422,45.82879],[6.86432,45.82872],[6.86445,45.82853],[6.86448,45.82838],[6.86452,45.82826],[6.86453,45.82812],[6.86453,45.82797],[6.8645,45.82779],[6.86448,45.82751],[6.86445,45.8274],[6.86447,45.82733],[6.86454,45.82725],[6.86467,45.82714],[6.8648,45.82699],[6.86492,45.82689],[6.86503,45.82686],[6.86525,45.82675],[6.86537,45.82659],[6.86537,45.82655],[6.86534,45.8265],[6.86539,45.82646],[6.86547,45.8264],[6.86561,45.82634],[6.86574,45.8263],[6.86587,45.82626],[6.86598,45.8262],[6.86618,45.82609],[6.86637,45.82595],[6.86651,45.82584],[6.86658,45.82579],[6.8666,45.82577],[6.86657,45.82572],[6.86636,45.82561],[6.86622,45.82558],[6.86597,45.82555],[6.86581,45.82553],[6.86574,45.82548],[6.86572,45.82544],[6.86571,45.82535],[6.86571,45.82526],[6.8657,45.82513],[6.86589,45.82499],[6.86599,45.82494],[6.86603,45.82491],[6.86605,45.82482],[6.86599,45.82471],[6.86589,45.82465],[6.86575,45.82454],[6.86576,45.82451],[6.86585,45.82452],[6.86616,45.82448],[6.8663,45.82447],[6.86644,45.82443],[6.86668,45.8243],[6.86687,45.82423],[6.86726,45.82414],[6.86736,45.82414],[6.86771,45.8242],[6.86788,45.82426],[6.86881,45.82461],[6.86888,45.82465],[6.86896,45.82475],[6.86904,45.82482],[6.8692,45.82494],[6.86963,45.82522],[6.86969,45.82531],[6.87,45.82555],[6.87017,45.82564],[6.87024,45.82572],[6.87027,45.82586],[6.87023,45.82601],[6.87018,45.82606],[6.8699,45.82625],[6.86978,45.82636],[6.86979,45.8265],[6.86981,45.82661],[6.86981,45.82666],[6.86974,45.82675],[6.8697,45.82688],[6.86969,45.82695],[6.86973,45.82701],[6.86977,45.8271],[6.86985,45.82725],[6.86997,45.82751],[6.87017,45.82783],[6.87018,45.82793],[6.87014,45.82801],[6.87009,45.82817],[6.87004,45.82828],[6.87001,45.82841],[6.87001,45.82846],[6.87011,45.82849],[6.87021,45.82851],[6.87051,45.8286],[6.87065,45.82863],[6.87069,45.82865],[6.87072,45.82876],[6.87075,45.82884],[6.87082,45.82888],[6.87088,45.82891],[6.87091,45.82895],[6.87096,45.82914],[6.871,45.82928],[6.87104,45.82933],[6.87113,45.82938],[6.87133,45.82943],[6.87152,45.82946],[6.87166,45.82949],[6.87174,45.82955],[6.87184,45.82962],[6.87194,45.82972],[6.87203,45.82983],[6.87207,45.8299],[6.87209,45.82997],[6.87213,45.83018],[6.87219,45.83044],[6.87216,45.83056],[6.87212,45.83066],[6.87211,45.83073],[6.87225,45.83089],[6.87228,45.83096],[6.87226,45.83103],[6.87218,45.83113],[6.87203,45.83132],[6.87195,45.83136],[6.87186,45.83139],[6.87166,45.83143],[6.87151,45.83147],[6.87128,45.83153],[6.87115,45.8316],[6.87109,45.83166],[6.87098,45.83173],[6.87089,45.83176],[6.87066,45.83179],[6.87028,45.83187],[6.87008,45.8319],[6.86998,45.83186],[6.86988,45.83186],[6.86977,45.83191],[6.86954,45.83209],[6.86933,45.83227],[6.86916,45.83245],[6.86906,45.83259],[6.86897,45.83273],[6.86882,45.8328],[6.86876,45.83286],[6.86875,45.83301],[6.86881,45.83313],[6.86888,45.83323],[6.86895,45.83329],[6.86906,45.83331],[6.86919,45.83331],[6.86935,45.83333],[6.86951,45.83334],[6.86965,45.83333],[6.86972,45.83335],[6.86985,45.83342],[6.86991,45.83347],[6.87002,45.83354],[6.8701,45.83357],[6.87024,45.8336],[6.87035,45.83363],[6.87044,45.83367],[6.87047,45.83372],[6.87057,45.83385],[6.87065,45.83391],[6.87077,45.83396],[6.87084,45.83401],[6.87095,45.83406],[6.87113,45.83423],[6.8712,45.83433],[6.87123,45.83444],[6.87129,45.83479],[6.87138,45.83503],[6.87147,45.83519],[6.87155,45.83532],[6.87169,45.83537],[6.87186,45.83541],[6.87196,45.83543],[6.87207,45.83553],[6.87214,45.83563],[6.87219,45.83573],[6.87218,45.83581],[6.87213,45.83594],[6.87215,45.83602],[6.8723,45.83611],[6.87248,45.83624],[6.87254,45.83634],[6.87253,45.83637],[6.87234,45.83646],[6.87221,45.8365],[6.87187,45.83661],[6.87164,45.83671],[6.87149,45.83689],[6.87123,45.83715],[6.8711,45.8372],[6.87103,45.8372],[6.87081,45.83717],[6.8706,45.83724],[6.87033,45.83741],[6.87,45.83781],[6.8697,45.83803],[6.8695,45.83828],[6.86952,45.83851],[6.86956,45.8387],[6.86962,45.8389],[6.86982,45.83912],[6.87024,45.83937],[6.87093,45.83936],[6.87171,45.83955],[6.87252,45.83991],[6.87285,45.8403],[6.87325,45.84085],[6.87365,45.84135],[6.87406,45.84189],[6.87458,45.84246],[6.87467,45.8429],[6.87451,45.84328],[6.87448,45.84373],[6.87447,45.84416],[6.8743,45.84448],[6.87391,45.8449],[6.87371,45.84525],[6.87364,45.84549],[6.8737,45.84575],[6.87384,45.84602],[6.87431,45.84633],[6.87474,45.8467],[6.8752,45.84696],[6.87577,45.84737],[6.87629,45.84767],[6.87684,45.8481],[6.87722,45.84837],[6.87771,45.8487],[6.87803,45.84897],[6.87853,45.84916],[6.87893,45.84924],[6.87921,45.84931],[6.8796,45.84955],[6.88008,45.84972],[6.88077,45.84977],[6.88171,45.84983],[6.88227,45.84966],[6.88285,45.84941],[6.8835,45.84915],[6.88388,45.84895],[6.88425,45.8486],[6.8848,45.84835],[6.88529,45.84814],[6.88568,45.84801],[6.88592,45.84787],[6.88606,45.84767],[6.88629,45.84754],[6.88662,45.8474],[6.8871,45.84717],[6.88756,45.84681],[6.88811,45.84638],[6.88858,45.84599],[6.88895,45.8457],[6.88947,45.84529],[6.89011,45.84493],[6.89082,45.84468],[6.89156,45.84429],[6.89223,45.84396],[6.8932,45.84344],[6.89383,45.84312],[6.89468,45.84287],[6.8956,45.84262],[6.8963,45.84267],[6.8971,45.84267],[6.89768,45.84257],[6.89831,45.84254],[6.89931,45.84275],[6.90003,45.84279],[6.90067,45.84277],[6.90162,45.84267],[6.90212,45.84263],[6.90259,45.84262],[6.903,45.84257],[6.90352,45.84255],[6.90393,45.8428],[6.90418,45.84282],[6.90435,45.84281],[6.90455,45.84283],[6.9049,45.84292],[6.90534,45.84309],[6.90577,45.84331],[6.90645,45.84349],[6.90702,45.84372],[6.90746,45.84378],[6.90787,45.84353],[6.90837,45.84324],[6.90867,45.84298],[6.90934,45.84238],[6.90998,45.84192],[6.91048,45.84162],[6.91108,45.84136],[6.91167,45.84113],[6.91217,45.84101],[6.91252,45.84098],[6.91315,45.84103],[6.91359,45.84102],[6.91422,45.84109],[6.91459,45.84135],[6.91514,45.84184],[6.91546,45.84224],[6.91572,45.84261],[6.91583,45.84298],[6.91587,45.84337],[6.91597,45.84373],[6.91617,45.84411],[6.91641,45.84437],[6.9168,45.84462],[6.91721,45.84483],[6.91773,45.84497],[6.91974,45.84578],[6.9205,45.84613],[6.92088,45.84646],[6.92124,45.84678],[6.92172,45.84725],[6.92194,45.84755],[6.92212,45.84769],[6.92228,45.84775],[6.92338,45.84758],[6.92448,45.84757],[6.92535,45.84754],[6.92609,45.84753],[6.9268,45.84756],[6.92728,45.84752],[6.92769,45.84738],[6.92808,45.84718],[6.92847,45.84708],[6.92877,45.84697],[6.92909,45.84686],[6.92948,45.84667],[6.92988,45.8465],[6.93026,45.84637],[6.93075,45.84629],[6.93127,45.84616],[6.93177,45.84618],[6.93252,45.84656],[6.93323,45.84678],[6.93385,45.84694],[6.93442,45.84702],[6.93543,45.84719],[6.93623,45.84726],[6.93711,45.84712],[6.93829,45.84703],[6.93928,45.84698],[6.94003,45.84711],[6.94065,45.84724],[6.94115,45.84734],[6.94158,45.84751],[6.9419,45.84765],[6.94211,45.84784],[6.94226,45.84813],[6.94225,45.84878],[6.94217,45.84923],[6.94204,45.84956],[6.9417,45.85025],[6.94149,45.85082],[6.94143,45.85105],[6.94145,45.85125],[6.94168,45.8514],[6.9419,45.85145],[6.94243,45.85162],[6.94304,45.85182],[6.94382,45.85212],[6.94468,45.85257],[6.94548,45.85318],[6.94596,45.85381],[6.94628,45.8543],[6.94677,45.85514],[6.94729,45.85575],[6.94754,45.85612],[6.94809,45.85635],[6.94851,45.85663],[6.94922,45.85691],[6.94956,45.85707],[6.95011,45.85733],[6.95028,45.85758],[6.95022,45.85799],[6.95031,45.85815],[6.95103,45.85899],[6.95134,45.85912],[6.95135,45.85927],[6.95138,45.85946],[6.95149,45.85977],[6.95152,45.85997],[6.95154,45.86022],[6.95158,45.86035],[6.95157,45.86038],[6.95148,45.8605],[6.95148,45.8607],[6.95137,45.86088],[6.95136,45.86097],[6.95143,45.86105],[6.95158,45.86111],[6.95191,45.86119],[6.95203,45.86118],[6.95215,45.86116],[6.95221,45.86118],[6.95223,45.86126],[6.95227,45.86129],[6.95234,45.8613],[6.95243,45.8613],[6.95268,45.86128],[6.95278,45.86125],[6.95293,45.8612],[6.95305,45.86115],[6.95312,45.86115],[6.9532,45.86115],[6.9533,45.86116],[6.95347,45.86118],[6.95358,45.86118],[6.9538,45.86117],[6.95401,45.86114],[6.95411,45.86115],[6.9542,45.86117],[6.95435,45.86121],[6.95452,45.86127],[6.95459,45.86128],[6.95465,45.86128],[6.95482,45.86133],[6.95488,45.86134],[6.95497,45.86133],[6.95532,45.86124],[6.95565,45.86113],[6.9558,45.86111],[6.95596,45.86104],[6.95602,45.86104],[6.95609,45.86105],[6.95614,45.86107],[6.95626,45.86108],[6.95639,45.86108],[6.95656,45.86105],[6.95669,45.86103],[6.95689,45.86098],[6.95705,45.86096],[6.9574,45.86099],[6.95747,45.86099],[6.95759,45.86097],[6.95773,45.86097],[6.95777,45.861],[6.95778,45.86105],[6.95786,45.86106],[6.95793,45.86108],[6.9579,45.86113],[6.9579,45.86118],[6.95797,45.86121],[6.9582,45.86131],[6.9584,45.86141],[6.95851,45.86148],[6.95863,45.8615],[6.95867,45.86152],[6.95872,45.86157],[6.95877,45.86162],[6.95885,45.86169],[6.95908,45.86182],[6.9592,45.86183],[6.95948,45.86189],[6.95964,45.86193],[6.95986,45.86199],[6.95998,45.86201],[6.96013,45.86209],[6.96018,45.86218],[6.96025,45.86226],[6.96059,45.86229],[6.96108,45.8623],[6.9614,45.86235],[6.96173,45.86245],[6.96245,45.8627],[6.96267,45.86279],[6.96283,45.86288],[6.96294,45.86291],[6.96301,45.86294],[6.96306,45.86299],[6.96303,45.86302],[6.96297,45.86305],[6.9629,45.8631],[6.9629,45.86322],[6.96295,45.86336],[6.96303,45.86345],[6.96309,45.86357],[6.96325,45.86369],[6.96335,45.86373],[6.96354,45.86379],[6.96372,45.86384],[6.96399,45.86384],[6.96431,45.86392],[6.96482,45.86408],[6.96514,45.86419],[6.96551,45.86427],[6.96604,45.86434],[6.96711,45.86455],[6.96766,45.86463],[6.96805,45.86466],[6.96833,45.86479],[6.9689,45.86528],[6.96925,45.86579],[6.96952,45.86608],[6.97016,45.86645],[6.97088,45.86677],[6.97134,45.86699],[6.97204,45.86717],[6.97255,45.8673],[6.97284,45.86748],[6.97327,45.86757],[6.9735,45.86751],[6.97377,45.8673],[6.97409,45.86728],[6.97451,45.86741],[6.97475,45.86763],[6.97492,45.86779],[6.97545,45.86799],[6.97574,45.86804],[6.97643,45.86851],[6.97659,45.86861],[6.97691,45.86868],[6.97718,45.86869],[6.97746,45.8686],[6.9778,45.86851],[6.97804,45.8685],[6.97827,45.86854],[6.97874,45.86868],[6.97897,45.86868],[6.97933,45.86862],[6.97963,45.86864],[6.98005,45.8686],[6.98021,45.86861],[6.98066,45.86877],[6.98099,45.86883],[6.98118,45.86891],[6.98148,45.86896],[6.98173,45.86899],[6.98188,45.86905],[6.98193,45.86909],[6.98214,45.86915],[6.98227,45.86916],[6.98237,45.86911],[6.98244,45.86905],[6.98254,45.86904],[6.98267,45.86906],[6.98275,45.86904],[6.98284,45.86898],[6.98294,45.86895],[6.98315,45.86896],[6.9833,45.86895],[6.98355,45.8689],[6.98377,45.86888],[6.98388,45.86886],[6.98402,45.86879],[6.98412,45.86876],[6.98432,45.86878],[6.98454,45.86883],[6.98463,45.86886],[6.98481,45.86885],[6.98511,45.86869],[6.98526,45.86869],[6.98557,45.8687],[6.98582,45.86866],[6.98601,45.86864],[6.98623,45.86853],[6.98657,45.86857],[6.98695,45.8687],[6.98705,45.86878],[6.98736,45.86877],[6.98745,45.86884],[6.98765,45.86887],[6.98773,45.86886],[6.9878,45.86879],[6.98795,45.86875],[6.9881,45.86869],[6.98818,45.8686],[6.9883,45.8684],[6.98841,45.8683],[6.98866,45.86822],[6.98885,45.86813],[6.98896,45.86809],[6.98908,45.868],[6.98917,45.86799],[6.98931,45.86792],[6.98942,45.86787],[6.98951,45.86779],[6.98966,45.86777],[6.98984,45.86777],[6.98994,45.86781],[6.99011,45.86794],[6.99028,45.868],[6.9905,45.86809],[6.99071,45.86828],[6.99095,45.86846],[6.99146,45.86868],[6.99161,45.86879],[6.99181,45.86906],[6.99204,45.8692],[6.9924,45.86946],[6.99273,45.86961],[6.99283,45.86972],[6.99304,45.87027],[6.99308,45.87062],[6.99321,45.87111],[6.99328,45.87129],[6.99339,45.87138],[6.99409,45.87161],[6.99457,45.87161],[6.9946,45.87149],[6.99481,45.87147],[6.9952,45.87152],[6.99552,45.8717],[6.99569,45.87176],[6.99587,45.87174],[6.99602,45.87164],[6.99619,45.87164],[6.99637,45.87172],[6.99652,45.87186],[6.99661,45.87191],[6.99678,45.87192],[6.9969,45.87196],[6.99702,45.87207],[6.99712,45.87221],[6.99723,45.87229],[6.99744,45.87237],[6.99752,45.87248],[6.99754,45.87262],[6.99754,45.87276],[6.99762,45.87281],[6.9979,45.87291],[6.998,45.87299],[6.99811,45.87319],[6.99834,45.87348],[6.99865,45.87356],[6.99895,45.87358],[6.99916,45.8737],[6.99921,45.87382],[6.99936,45.87414],[6.99941,45.87443],[6.99956,45.87473],[6.99962,45.87481],[6.99983,45.87495],[6.9999,45.87508],[6.99996,45.87513],[7.00002,45.87516],[7.00003,45.8754],[6.99997,45.87555],[6.9999,45.87563],[6.99991,45.87579],[6.99989,45.87589],[6.99983,45.87594],[6.99952,45.87604],[6.99944,45.87612],[6.99926,45.87633],[6.99903,45.87647],[6.99895,45.8766],[6.99883,45.87693],[6.9988,45.87708],[6.99881,45.87728],[6.99885,45.87741],[6.99885,45.87758],[6.99883,45.87787],[6.99882,45.87804],[6.99883,45.87813],[6.9988,45.87825],[6.99868,45.87851],[6.99878,45.87862],[6.99887,45.87867],[6.99902,45.87868],[6.99936,45.87879],[6.99947,45.87885],[6.99959,45.87907],[6.99974,45.87929],[6.99984,45.87948],[6.99992,45.87959],[7.00007,45.87969],[7.00023,45.87978],[7.00029,45.87996],[7.00039,45.88016],[7.00057,45.88038],[7.00083,45.88076],[7.00102,45.88095],[7.00107,45.88102],[7.00121,45.8811],[7.00129,45.8812],[7.00159,45.88143],[7.00186,45.88156],[7.00218,45.88163],[7.00244,45.88162],[7.00265,45.8817],[7.00277,45.88182],[7.00289,45.88205],[7.00318,45.88238],[7.00359,45.8829],[7.00404,45.88319],[7.00451,45.88341],[7.00473,45.88365],[7.00496,45.88375],[7.00519,45.884],[7.00551,45.88466],[7.00559,45.88482],[7.00593,45.88492],[7.00604,45.885],[7.00608,45.88508],[7.00591,45.88526],[7.00576,45.8854],[7.00584,45.8859],[7.00612,45.88637],[7.00638,45.8866],[7.00661,45.88708],[7.00697,45.88743],[7.0067,45.88773],[7.00636,45.88775],[7.00639,45.88811],[7.00649,45.88841],[7.00632,45.88856],[7.00609,45.88863],[7.00577,45.88853],[7.00551,45.88859],[7.00521,45.8888],[7.00489,45.88916],[7.00483,45.88962],[7.00441,45.89002],[7.00416,45.8903],[7.00395,45.8908],[7.0038,45.89098],[7.00362,45.89131],[7.00338,45.89227],[7.00335,45.89291],[7.00323,45.89315],[7.00311,45.8933],[7.00321,45.89348],[7.00339,45.89395],[7.00363,45.89463],[7.00371,45.89496],[7.00373,45.8953],[7.00358,45.89552],[7.00333,45.89578],[7.00306,45.8961],[7.00287,45.89647],[7.00274,45.89683],[7.00279,45.89713],[7.00291,45.89765],[7.00318,45.89807],[7.00352,45.89856],[7.00369,45.89886],[7.00399,45.89946],[7.00405,45.89977],[7.00421,45.89994],[7.00477,45.90019],[7.00505,45.90032],[7.00522,45.90053],[7.00546,45.90077],[7.00563,45.90096],[7.006,45.90111],[7.00624,45.90133],[7.00633,45.90147],[7.00644,45.90177],[7.00725,45.90301],[7.00749,45.90327],[7.00778,45.90362],[7.00803,45.90378],[7.00839,45.90407],[7.00878,45.90424],[7.00926,45.90459],[7.00958,45.9049],[7.00989,45.90506],[7.01061,45.90548],[7.01114,45.90595],[7.01156,45.90613],[7.01226,45.90637],[7.01345,45.90646],[7.01374,45.90654],[7.01407,45.90667],[7.01442,45.90701],[7.01463,45.90741],[7.01464,45.90764],[7.01459,45.90796],[7.01459,45.90813],[7.01478,45.90832],[7.01487,45.90855],[7.01484,45.90906],[7.01486,45.90945],[7.01484,45.90964],[7.01495,45.90987],[7.01508,45.91014],[7.01538,45.91044],[7.01579,45.91081],[7.01615,45.91107],[7.01669,45.91134],[7.01699,45.91166],[7.01741,45.9119],[7.01776,45.91201],[7.01804,45.91228],[7.01816,45.91246],[7.01828,45.91269],[7.01832,45.91289],[7.01829,45.91333],[7.01823,45.91362],[7.01817,45.91397],[7.01823,45.91417],[7.01835,45.91435],[7.01858,45.91461],[7.01891,45.91487],[7.01919,45.91508],[7.01974,45.9154],[7.02017,45.91561],[7.0205,45.91596],[7.02091,45.9162],[7.02143,45.91644],[7.02173,45.91669],[7.02214,45.91681],[7.0227,45.91678],[7.02315,45.91675],[7.0234,45.91675],[7.02386,45.91671],[7.02409,45.91672],[7.02424,45.91675],[7.02433,45.91684],[7.02455,45.91712],[7.02476,45.91737],[7.02511,45.91754],[7.02559,45.91792],[7.026,45.91824],[7.02659,45.91845],[7.02697,45.91872],[7.02717,45.91897],[7.02748,45.91913],[7.02777,45.91929],[7.02814,45.91942],[7.02841,45.91963],[7.02885,45.91981],[7.02913,45.91991],[7.0296,45.91999],[7.0302,45.92011],[7.03064,45.92032],[7.03117,45.9206],[7.0318,45.92078],[7.03239,45.92098],[7.03303,45.92113],[7.03406,45.92131],[7.03422,45.92133],[7.0344,45.92134],[7.03494,45.92153],[7.03537,45.92147],[7.03563,45.92152],[7.03604,45.92141],[7.03639,45.92118],[7.03675,45.92095],[7.03718,45.92088],[7.0377,45.92094],[7.03816,45.92117],[7.03831,45.92137],[7.03841,45.92156],[7.03847,45.92164],[7.03861,45.9217],[7.03879,45.922],[7.03916,45.9221],[7.03941,45.92226],[7.03955,45.92245],[7.03989,45.92256],[7.04004,45.92275],[7.04021,45.92277],[7.04042,45.92285],[7.0406,45.92294],[7.04103,45.92307],[7.04156,45.92328],[7.04191,45.92313],[7.04229,45.92286],[7.04259,45.92282],[7.04303,45.92273],[7.0434,45.92262],[7.04349,45.92261],[7.04359,45.92262],[7.04366,45.92265],[7.04372,45.92269],[7.04385,45.92269],[7.044,45.92268],[7.0442,45.92263],[7.04429,45.92262],[7.04433,45.92262],[7.04729,45.92122],[7.04805,45.91972],[7.05349,45.91539],[7.05649,45.91413],[7.06079,45.91335],[7.06166,45.9119],[7.06299,45.911],[7.063,45.91043],[7.06438,45.90943],[7.06387,45.90589],[7.06419,45.90023],[7.06794,45.89894],[7.06849,45.89825],[7.06998,45.89803],[7.06992,45.89717],[7.07276,45.89547],[7.07399,45.89503],[7.07659,45.89523],[7.07653,45.89031],[7.07893,45.88789],[7.0791,45.88632],[7.08011,45.8852],[7.08173,45.88394],[7.08517,45.88316],[7.08744,45.88119],[7.08909,45.88065],[7.09537,45.87591],[7.09345,45.87442],[7.09245,45.87219],[7.09366,45.87134],[7.09619,45.86772],[7.09789,45.86368],[7.09741,45.86291],[7.09771,45.86211],[7.09894,45.86116],[7.09999,45.86108],[7.10077,45.8596],[7.10155,45.85918],[7.10352,45.85941],[7.10857,45.85831],[7.11294,45.85959],[7.11813,45.85918],[7.123,45.86324],[7.12473,45.8641],[7.12676,45.86402],[7.12679,45.86444],[7.129,45.8656],[7.12983,45.8665],[7.13163,45.86702],[7.13398,45.8693],[7.13361,45.87102],[7.13518,45.87265],[7.13971,45.87387],[7.14067,45.87521],[7.14691,45.87608],[7.14967,45.87753],[7.15198,45.87795],[7.15346,45.8788],[7.15365,45.87927],[7.15659,45.87912],[7.16149,45.87821],[7.16292,45.87693],[7.16405,45.87674],[7.1646,45.87583],[7.16419,45.87363],[7.16375,45.87312],[7.1615,45.87233],[7.16145,45.87186],[7.17289,45.86446],[7.17534,45.8629],[7.17675,45.8634],[7.17938,45.8634],[7.18477,45.85997],[7.18621,45.86019],[7.18856,45.85901],[7.19062,45.85868],[7.19149,45.85916],[7.19219,45.85918],[7.19356,45.8599],[7.19508,45.86009],[7.19675,45.86044],[7.19932,45.86244],[7.20082,45.86308],[7.19852,45.86582],[7.1985,45.86843],[7.19764,45.87036],[7.1991,45.87238],[7.20014,45.87551],[7.20161,45.87556],[7.20323,45.87624],[7.20609,45.88017],[7.20984,45.88061],[7.21097,45.88208],[7.21571,45.88387],[7.21552,45.88556],[7.21642,45.88873],[7.21986,45.88928],[7.22305,45.89031],[7.22566,45.88976],[7.22833,45.89202],[7.23161,45.89164],[7.23557,45.89017],[7.23687,45.89002],[7.23984,45.88998],[7.24242,45.891],[7.24503,45.89133],[7.24576,45.89183],[7.24731,45.89317],[7.25106,45.89292],[7.25249,45.89195],[7.25243,45.88977],[7.25306,45.88853],[7.25559,45.88794],[7.2584,45.88906],[7.25944,45.89068],[7.26313,45.89349],[7.26477,45.89369],[7.26664,45.89531],[7.26659,45.8965],[7.26811,45.89697],[7.2701,45.89823],[7.2712,45.89977],[7.27599,45.90035],[7.2768,45.90074],[7.28021,45.90774],[7.2829,45.91134],[7.28466,45.91286],[7.28483,45.91515],[7.28584,45.9163],[7.28935,45.91749],[7.29039,45.92027],[7.29343,45.92143],[7.29444,45.92181],[7.30008,45.91884],[7.30201,45.91708],[7.30571,45.91763],[7.31026,45.9166],[7.31525,45.91683],[7.31635,45.91661],[7.31745,45.91483],[7.3181,45.91172],[7.32181,45.9111],[7.32364,45.91024],[7.33202,45.91091],[7.33289,45.9116],[7.33392,45.91154],[7.3345,45.91217],[7.34197,45.91426],[7.34429,45.91528],[7.35067,45.91165],[7.35547,45.9112],[7.3565,45.91053],[7.35635,45.90739],[7.35951,45.90551],[7.36005,45.90416],[7.36125,45.90324],[7.36344,45.90324],[7.3665,45.90406],[7.36888,45.90268],[7.37223,45.90187],[7.37401,45.90042],[7.37408,45.90017],[7.37591,45.90062],[7.38239,45.89657],[7.3857,45.89701],[7.38873,45.89792],[7.39121,45.89941],[7.39768,45.90538],[7.39778,45.90836],[7.39896,45.9089],[7.40167,45.91133],[7.40289,45.91102],[7.40515,45.90917],[7.40772,45.90844],[7.41169,45.90875],[7.4152,45.91109],[7.41616,45.91143],[7.41861,45.91138],[7.4208,45.9121],[7.42226,45.9146],[7.42387,45.91442],[7.4266,45.91514],[7.43418,45.91997],[7.43523,45.9222],[7.43646,45.92355],[7.43714,45.9242],[7.43895,45.92488],[7.43936,45.92571],[7.44101,45.9269],[7.44243,45.92969],[7.44475,45.93152],[7.44684,45.93122],[7.44774,45.93176],[7.45139,45.93261],[7.45457,45.93275],[7.45641,45.93243],[7.45751,45.93466],[7.45945,45.93565],[7.46441,45.9354],[7.46946,45.93391],[7.47201,45.93436],[7.47456,45.93583],[7.47492,45.9365],[7.47411,45.94039],[7.47221,45.94394],[7.4717,45.9477],[7.47441,45.94901],[7.47702,45.95166],[7.4786,45.95258],[7.48118,45.95298],[7.48779,45.95581],[7.48829,45.95586],[7.49189,45.9554],[7.49404,45.95601],[7.49608,45.95718],[7.49643,45.95831],[7.49559,45.95966],[7.49927,45.96242],[7.50488,45.95895],[7.50763,45.95857],[7.51159,45.95926],[7.51221,45.95994],[7.51423,45.96034],[7.51546,45.96128],[7.51611,45.96245],[7.51808,45.9627],[7.51785,45.962],[7.51914,45.96131],[7.52261,45.95772],[7.52487,45.95786],[7.5282,45.95653],[7.53458,45.95699],[7.53845,45.9549],[7.54009,45.95609],[7.54312,45.95735],[7.54558,45.96022],[7.54635,45.96241],[7.54501,45.96585],[7.54462,45.96893],[7.54346,45.96958],[7.54299,45.9706],[7.54154,45.97624],[7.54216,45.97788],[7.54497,45.97997],[7.54594,45.98382],[7.54747,45.98509],[7.55018,45.98597],[7.5536,45.98617],[7.56182,45.98565],[7.56341,45.98643],[7.56638,45.98674],[7.56698,45.9873],[7.57012,45.98768],[7.57199,45.98734],[7.57425,45.98754],[7.57538,45.9874],[7.57857,45.98572],[7.58199,45.97831],[7.58112,45.97507],[7.58379,45.97231],[7.58649,45.97106],[7.58885,45.9707],[7.59466,45.97085],[7.60027,45.97023],[7.6044,45.97039],[7.60868,45.96946],[7.61,45.96939],[7.61507,45.97136],[7.61743,45.97133],[7.61833,45.9721],[7.61984,45.97236],[7.62674,45.97105],[7.62994,45.97102],[7.63213,45.97041],[7.63371,45.97066],[7.63925,45.97013],[7.64241,45.9708],[7.64965,45.97405],[7.65385,45.97431],[7.6554,45.97597],[7.65721,45.9766],[7.65895,45.97652],[7.66133,45.97537],[7.66398,45.97568],[7.66614,45.97408],[7.6682,45.97397],[7.66814,45.97335],[7.66923,45.97178],[7.67092,45.97038],[7.67066,45.96996],[7.67283,45.96919],[7.67356,45.96849],[7.67423,45.96633],[7.6769,45.96513],[7.67811,45.96087],[7.67932,45.95883],[7.68135,45.95676],[7.68408,45.95648],[7.68685,45.95541],[7.69043,45.9546],[7.69311,45.95498],[7.69901,45.95447],[7.69903,45.95344],[7.70622,45.94937],[7.70842,45.94932],[7.70971,45.94828],[7.70948,45.9456],[7.70863,45.94488],[7.70916,45.94164],[7.70749,45.93454],[7.70787,45.93403],[7.70944,45.93375],[7.71173,45.93253],[7.71277,45.92866],[7.71553,45.92728],[7.71827,45.92442],[7.72093,45.92343],[7.72699,45.92352],[7.73085,45.92319],[7.73405,45.92373],[7.73489,45.9238],[7.73655,45.92869],[7.73856,45.93004],[7.74176,45.93117],[7.74295,45.93196],[7.745,45.93436],[7.74796,45.94038],[7.74768,45.94105],[7.74964,45.94001],[7.75135,45.9396],[7.75251,45.93951],[7.75354,45.93991],[7.7565,45.93878],[7.76938,45.93697],[7.77252,45.93363],[7.77358,45.93288],[7.77519,45.93268],[7.77666,45.93134],[7.77727,45.92999],[7.77967,45.92877],[7.78344,45.9278],[7.78692,45.92747],[7.78836,45.92589],[7.79183,45.92432],[7.79227,45.92291],[7.79329,45.92201],[7.79339,45.92072],[7.79731,45.91851],[7.79803,45.91804],[7.80016,45.91728],[7.80255,45.91784],[7.80576,45.9196],[7.80863,45.92232],[7.80997,45.92303],[7.81399,45.9237],[7.81927,45.92687],[7.82194,45.92701],[7.83228,45.92471],[7.83401,45.92318],[7.83664,45.92184],[7.84083,45.92214],[7.84991,45.92047],[7.85623,45.92118],[7.8579,45.92104],[7.85975,45.92019],[7.8611,45.91782],[7.8627,45.91697],[7.86356,45.9167],[7.86486,45.91746],[7.86633,45.91973],[7.87016,45.91964],[7.87255,45.92034],[7.87326,45.92103],[7.8736,45.92263],[7.87601,45.92569],[7.87696,45.92643],[7.87441,45.93009],[7.87142,45.93217],[7.87099,45.93471],[7.86856,45.93673],[7.8685,45.93758],[7.86992,45.94209],[7.8707,45.94746],[7.87212,45.94809],[7.87664,45.94884],[7.8772,45.94939],[7.87765,45.95405],[7.8758,45.95595],[7.87527,45.95772],[7.87789,45.95973],[7.87719,45.96068],[7.87808,45.96196],[7.87973,45.96328],[7.88113,45.96375],[7.88043,45.96589],[7.8808,45.96836],[7.87767,45.97179],[7.87781,45.97321],[7.88024,45.97459],[7.89385,45.97861],[7.8953,45.98245],[7.8995,45.98581],[7.90029,45.98771],[7.90114,45.98791],[7.90139,45.98841],[7.90356,45.98873],[7.90611,45.9926],[7.90595,45.99379],[7.90709,45.99506],[7.9087,45.99697],[7.91765,45.9963],[7.91906,45.9959],[7.92308,45.99706],[7.92757,45.99715],[7.92963,45.99701],[7.93262,45.996],[7.93385,45.99642],[7.94225,45.99745],[7.94935,45.9976],[7.95116,45.99717],[7.95396,45.99733],[7.95602,45.99645],[7.95818,45.99608],[7.96219,45.99711],[7.96535,45.99705],[7.9726,45.99886],[7.97719,45.99942],[7.97895,45.99926],[7.98435,45.99699],[7.98867,45.99599],[7.98903,45.996],[7.99433,46.00049],[7.99402,46.00211],[7.99517,46.00356],[7.99624,46.00372],[7.99772,46.00652],[7.99976,46.00829],[8.00019,46.00896],[7.99995,46.01015],[8.00111,46.0122],[8.00281,46.01174],[8.00715,46.0114],[8.0109,46.0117],[8.0124,46.01199],[8.01333,46.01555],[8.01242,46.0179],[8.01111,46.01905],[8.01272,46.0214],[8.01597,46.02328],[8.01747,46.02471],[8.01442,46.02987],[8.01192,46.03121],[8.01334,46.03166],[8.0138,46.03233],[8.01575,46.03344],[8.01888,46.0365],[8.02223,46.03896],[8.02778,46.04112],[8.0314,46.04175],[8.03361,46.04299],[8.03447,46.04423],[8.03438,46.04576],[8.03169,46.0484],[8.03181,46.04899],[8.0306,46.05075],[8.03024,46.05343],[8.02619,46.05868],[8.02519,46.0622],[8.02384,46.06309],[8.02383,46.06439],[8.02459,46.06529],[8.02424,46.06664],[8.02335,46.06783],[8.02194,46.06872],[8.02169,46.0695],[8.02308,46.07237],[8.02246,46.07472],[8.02621,46.07922],[8.02921,46.0816],[8.03029,46.0855],[8.03038,46.08745],[8.0296,46.08955],[8.03074,46.09105],[8.03092,46.0923],[8.03382,46.09494],[8.03341,46.0988],[8.03472,46.10085],[8.03603,46.10083],[8.03894,46.09999],[8.03961,46.10038],[8.04133,46.10053],[8.04288,46.09995],[8.04749,46.10121],[8.04907,46.10223],[8.0546,46.10133],[8.05782,46.10206],[8.06351,46.10464],[8.06815,46.10536],[8.06922,46.10599],[8.07007,46.10579],[8.07191,46.10599],[8.07228,46.10633],[8.07738,46.10628],[8.07772,46.10592],[8.07899,46.106],[8.08063,46.10531],[8.08271,46.10559],[8.08363,46.10603],[8.08535,46.10611],[8.08665,46.10684],[8.08825,46.10676],[8.09064,46.10761],[8.09715,46.10845],[8.09934,46.11036],[8.09924,46.11092],[8.10027,46.11102],[8.10164,46.11039],[8.10616,46.11165],[8.10822,46.11162],[8.10916,46.11238],[8.10988,46.11333],[8.10997,46.11511],[8.11248,46.11607],[8.11382,46.11744],[8.11372,46.11975],[8.11527,46.12221],[8.11425,46.12413],[8.11598,46.12737],[8.1154,46.12782],[8.11521,46.12921],[8.11454,46.12956],[8.11526,46.13024],[8.11907,46.13196],[8.1217,46.13267],[8.12339,46.13483],[8.12419,46.13467],[8.12624,46.13544],[8.13216,46.13611],[8.13354,46.13674],[8.13565,46.13702],[8.13815,46.13582],[8.1422,46.13611],[8.14622,46.13775],[8.14825,46.13976],[8.15018,46.14088],[8.15133,46.14322],[8.15353,46.14553],[8.15398,46.14687],[8.15493,46.1478],[8.15322,46.14844],[8.15354,46.15151],[8.15308,46.15388],[8.15205,46.15499],[8.1516,46.15482],[8.14964,46.15725],[8.14975,46.16258],[8.15029,46.16269],[8.15113,46.16542],[8.15354,46.16666],[8.15667,46.16934],[8.15717,46.17184],[8.1585,46.17407],[8.162,46.17561],[8.16217,46.17612],[8.16324,46.17617],[8.16424,46.17672],[8.16528,46.177],[8.16506,46.17799],[8.16595,46.18039],[8.16507,46.18286],[8.15725,46.18953],[8.1533,46.19111],[8.15229,46.19576],[8.15135,46.19613],[8.15221,46.19709],[8.1514,46.19955],[8.15134,46.20296],[8.14353,46.2116],[8.14191,46.21688],[8.13888,46.22615],[8.13342,46.22647],[8.13026,46.22802],[8.12731,46.22829],[8.12614,46.22924],[8.12431,46.22977],[8.12409,46.2313],[8.12018,46.23619],[8.11781,46.23654],[8.11543,46.23601],[8.11475,46.23786],[8.11284,46.23895],[8.11246,46.24035],[8.11157,46.24111],[8.11197,46.24531],[8.11162,46.24687],[8.11016,46.24951],[8.1071,46.24998],[8.10299,46.24963],[8.10166,46.24944],[8.10112,46.25175],[8.10038,46.25241],[8.08876,46.25355],[8.08762,46.25405],[8.08535,46.25587],[8.08299,46.25658],[8.08144,46.25776],[8.08087,46.25844],[8.0805,46.26066],[8.08394,46.26085],[8.08607,46.26219],[8.08625,46.26396],[8.08567,46.26655],[8.08737,46.26749],[8.0911,46.26823],[8.09513,46.27095],[8.09682,46.27136],[8.09827,46.27309],[8.09963,46.27341],[8.10193,46.2752],[8.10551,46.27963],[8.10856,46.27978],[8.10961,46.28037],[8.11162,46.28032],[8.11335,46.28101],[8.11707,46.28559],[8.11834,46.28615],[8.11893,46.28918],[8.12094,46.29117],[8.12078,46.29194],[8.12513,46.29445],[8.12867,46.29477],[8.12904,46.29568],[8.13104,46.29741],[8.13267,46.29814],[8.13684,46.30135],[8.13814,46.302],[8.13946,46.3019],[8.14102,46.30207],[8.14511,46.30186],[8.14819,46.30119],[8.14957,46.3006],[8.14982,46.29981],[8.15202,46.29955],[8.15426,46.29877],[8.15631,46.29716],[8.15961,46.29606],[8.16373,46.29637],[8.16562,46.29698],[8.17217,46.29697],[8.17416,46.29724],[8.17501,46.29785],[8.17886,46.29751],[8.18885,46.30194],[8.19197,46.30239],[8.19446,46.30345],[8.19561,46.30262],[8.19619,46.30247],[8.19729,46.30229],[8.19779,46.30233],[8.19866,46.30226],[8.2019,46.30417],[8.20596,46.30648],[8.21211,46.3097],[8.2113,46.31234],[8.21272,46.31457],[8.21489,46.31616],[8.21465,46.31972],[8.22226,46.32349],[8.22494,46.32621],[8.22326,46.32692],[8.22338,46.3291],[8.22184,46.33001],[8.22387,46.33126],[8.22525,46.33278],[8.22416,46.33323],[8.22408,46.33447],[8.22789,46.33575],[8.22899,46.33675],[8.23166,46.33777],[8.23562,46.34037],[8.2377,46.34053],[8.24052,46.33971],[8.2462,46.33998],[8.24966,46.34072],[8.24946,46.34468],[8.25286,46.34645],[8.25454,46.34613],[8.25624,46.34647],[8.25973,46.34517],[8.26279,46.34605],[8.26272,46.34719],[8.25991,46.34883],[8.26225,46.35069],[8.26554,46.35181],[8.26435,46.3562],[8.26508,46.35707],[8.26419,46.35823],[8.26279,46.35857],[8.26202,46.35925],[8.26074,46.36091],[8.26196,46.36164],[8.26431,46.36453],[8.26548,46.36443],[8.26917,46.36581],[8.27148,46.3662],[8.2729,46.36695],[8.27441,46.36649],[8.27563,46.36552],[8.28068,46.36438],[8.2817,46.36458],[8.28307,46.36376],[8.28409,46.36371],[8.28581,46.36608],[8.28846,46.36777],[8.28972,46.36911],[8.29122,46.36977],[8.29526,46.37052],[8.29561,46.37154],[8.29708,46.37204],[8.29997,46.37395],[8.30389,46.37516],[8.30769,46.37554],[8.3093,46.3764],[8.31276,46.37716],[8.31298,46.37846],[8.31479,46.38038],[8.3141,46.38201],[8.31498,46.38409],[8.317,46.38473],[8.31856,46.38613],[8.31863,46.38629],[8.31866,46.38681],[8.31857,46.38701],[8.31702,46.38752],[8.316,46.38852],[8.31499,46.38859],[8.31414,46.39017],[8.31476,46.39219],[8.31719,46.39392],[8.31612,46.39823],[8.31031,46.40243],[8.30968,46.40408],[8.30597,46.40224],[8.30351,46.40253],[8.29886,46.4048],[8.29455,46.40498],[8.29297,46.40651],[8.29103,46.40728],[8.28947,46.4073],[8.28868,46.4084],[8.28862,46.40872],[8.29021,46.40861],[8.29188,46.40921],[8.29284,46.4106],[8.29461,46.41114],[8.29881,46.41415],[8.29869,46.41597],[8.29944,46.41669],[8.29897,46.41744],[8.30269,46.42066],[8.30371,46.42329],[8.30515,46.42423],[8.3065,46.42432],[8.30732,46.42533],[8.30769,46.42583],[8.30981,46.42425],[8.31321,46.42364],[8.31562,46.42376],[8.3215,46.42529],[8.32583,46.42519],[8.32632,46.42568],[8.32624,46.42655],[8.32812,46.42828],[8.32935,46.42809],[8.3312,46.4296],[8.33919,46.43309],[8.34069,46.43506],[8.34229,46.4359],[8.34276,46.43666],[8.34516,46.43754],[8.35098,46.4415],[8.35252,46.44182],[8.35437,46.44579],[8.35697,46.44757],[8.36697,46.452],[8.37523,46.45306],[8.37599,46.45224],[8.37703,46.45204],[8.37857,46.45087],[8.38224,46.45098],[8.38474,46.45215],[8.38681,46.45182],[8.38911,46.45268],[8.3929,46.45152],[8.39647,46.45476],[8.39882,46.45538],[8.40073,46.45468],[8.4023,46.45477],[8.40371,46.45588],[8.40441,46.45709],[8.4073,46.45822],[8.41354,46.45924],[8.41477,46.45878],[8.41727,46.45881],[8.42112,46.46098],[8.42758,46.46166],[8.43356,46.46375],[8.43517,46.464],[8.43591,46.46375],[8.43819,46.46422],[8.43877,46.4639],[8.43866,46.46271],[8.44613,46.4637],[8.45004,46.46191],[8.45318,46.45818],[8.45228,46.45663],[8.45284,46.45537],[8.45651,46.45284],[8.45819,46.45215],[8.45916,46.45216],[8.46135,46.45097],[8.462,46.45065],[8.46194,46.44955],[8.46261,46.44838],[8.46142,46.44629],[8.46283,46.44524],[8.46498,46.4453],[8.46624,46.4429],[8.46356,46.43917],[8.46236,46.43884],[8.4594,46.43707],[8.45753,46.43477],[8.45853,46.43258],[8.46,46.43108],[8.45904,46.43026],[8.46067,46.42871],[8.45856,46.4259],[8.45729,46.42541],[8.45688,46.42297],[8.45763,46.4224],[8.45773,46.42103],[8.45845,46.4199],[8.46294,46.41781],[8.46417,46.41638],[8.46544,46.41571],[8.46672,46.41352],[8.46825,46.412],[8.4669,46.40916],[8.46337,46.40613],[8.46357,46.40287],[8.4699,46.39755],[8.47114,46.39599],[8.46672,46.39301],[8.46519,46.39107],[8.462,46.38867],[8.46099,46.38687],[8.46103,46.38643],[8.46196,46.38599],[8.464,46.38386],[8.46642,46.38015],[8.46666,46.37741],[8.46626,46.37671],[8.4675,46.37218],[8.46688,46.36832],[8.46812,46.36705],[8.46843,46.36439],[8.46986,46.36309],[8.47017,46.36223],[8.46963,46.36128],[8.4647,46.35831],[8.46438,46.35628],[8.46293,46.35546],[8.46167,46.3537],[8.46297,46.35029],[8.46315,46.34831],[8.46436,46.34713],[8.46416,46.34477],[8.46437,46.34402],[8.46361,46.34156],[8.46411,46.33874],[8.46343,46.33673],[8.46414,46.33546],[8.46521,46.33469],[8.46519,46.33361],[8.46304,46.33223],[8.46048,46.32843],[8.45571,46.32717],[8.45556,46.32465],[8.45365,46.32292],[8.45398,46.32128],[8.44398,46.31976],[8.44385,46.31962],[8.44214,46.31614],[8.44141,46.3156],[8.44231,46.31362],[8.44172,46.31009],[8.4394,46.3084],[8.43908,46.30539],[8.44055,46.30416],[8.43817,46.3038],[8.43272,46.30201],[8.42921,46.3003],[8.42789,46.29867],[8.42775,46.29832],[8.4338,46.29194],[8.43431,46.28788],[8.43585,46.28686],[8.43664,46.28537],[8.43823,46.28396],[8.44216,46.2811],[8.44976,46.27433],[8.45571,46.2643],[8.45585,46.26381],[8.45284,46.26242],[8.45152,46.26223],[8.44964,46.26121],[8.44845,46.2614],[8.44799,46.26062],[8.44861,46.2594],[8.44781,46.25803],[8.44582,46.2576],[8.44417,46.25607],[8.44366,46.25468],[8.44187,46.25444],[8.44327,46.252],[8.44293,46.25145],[8.44329,46.25047],[8.44434,46.24954],[8.44447,46.2492],[8.44446,46.24896],[8.44739,46.2479],[8.44999,46.24814],[8.45451,46.24731],[8.45861,46.24622],[8.46066,46.24476],[8.46312,46.24476],[8.4639,46.24465],[8.46591,46.24136],[8.46627,46.23635],[8.46734,46.23438],[8.46862,46.23316],[8.46876,46.23304],[8.47146,46.23195],[8.47783,46.23044],[8.48703,46.23028],[8.49104,46.22901],[8.49258,46.22913],[8.4982,46.22701],[8.50207,46.22609],[8.504,46.22511],[8.50505,46.22407],[8.50837,46.22309],[8.51099,46.22127],[8.51447,46.22038],[8.51699,46.22015],[8.51944,46.22101],[8.51963,46.22143],[8.52182,46.2219],[8.52391,46.22092],[8.52876,46.22015],[8.53093,46.21876],[8.53255,46.21836],[8.53262,46.21557],[8.53444,46.20941],[8.53628,46.20615],[8.53637,46.20429],[8.53815,46.20247],[8.54087,46.19741],[8.54256,46.19741],[8.54442,46.19657],[8.54477,46.19652],[8.54546,46.19617],[8.55355,46.19204],[8.55498,46.18724],[8.55401,46.18623],[8.55563,46.18597],[8.55611,46.18552],[8.55844,46.18547],[8.56368,46.18401],[8.56423,46.18253],[8.56884,46.17775],[8.56979,46.17702],[8.57211,46.16701],[8.57269,46.16543],[8.57361,46.16449],[8.57646,46.16343],[8.57674,46.16253],[8.57841,46.16183],[8.5842,46.16295],[8.5867,46.16189],[8.58817,46.16091],[8.5874,46.16006],[8.58765,46.15949],[8.58919,46.15919],[8.58816,46.15762],[8.5883,46.15656],[8.58957,46.15693],[8.59106,46.15685],[8.59511,46.15568],[8.601,46.15574],[8.60296,46.15536],[8.60345,46.15492],[8.60311,46.15412],[8.60383,46.15369],[8.60099,46.15362],[8.6002,46.15332],[8.59986,46.14952],[8.5981,46.1488],[8.59678,46.14869],[8.59605,46.14778],[8.59389,46.14701],[8.59292,46.14579],[8.59334,46.14427],[8.59297,46.14302],[8.59446,46.14305],[8.59583,46.14259],[8.59837,46.14031],[8.60257,46.13829],[8.60325,46.13652],[8.60471,46.13528],[8.6097,46.13289],[8.6104,46.13203],[8.61059,46.13068],[8.61054,46.12858],[8.60977,46.12701],[8.61099,46.12532],[8.61121,46.1246],[8.61215,46.12337],[8.61229,46.12235],[8.61182,46.12172],[8.61613,46.12189],[8.62052,46.12158],[8.62157,46.12208],[8.62487,46.12218],[8.62663,46.12279],[8.62994,46.12238],[8.63052,46.12237],[8.63983,46.12278],[8.64414,46.12371],[8.64748,46.1236],[8.64806,46.12342],[8.6488,46.12201],[8.65307,46.11913],[8.65441,46.11712],[8.65633,46.11604],[8.65761,46.11274],[8.6646,46.11114],[8.66539,46.11048],[8.66756,46.11032],[8.6686,46.10938],[8.66992,46.10899],[8.67509,46.1106],[8.67728,46.11004],[8.67784,46.11052],[8.6794,46.11046],[8.68035,46.10996],[8.68033,46.10879],[8.67967,46.10843],[8.68117,46.10756],[8.68136,46.10578],[8.68312,46.10527],[8.6858,46.1022],[8.68879,46.10168],[8.68984,46.10218],[8.6915,46.10232],[8.69292,46.10213],[8.69351,46.10137],[8.69667,46.10202],[8.69679,46.10201],[8.70013,46.10098],[8.71482,46.09804],[8.72441,46.11043],[8.74235,46.12226],[8.75612,46.10487],[8.7568,46.10357],[8.76028,46.10149],[8.7654,46.10045],[8.76733,46.10042],[8.76803,46.10083],[8.77633,46.09667],[8.78301,46.0941],[8.78643,46.09435],[8.78784,46.09442],[8.79166,46.09479],[8.79982,46.09474],[8.80172,46.09731],[8.80466,46.09948],[8.80602,46.10135],[8.81534,46.09737],[8.81651,46.09521],[8.81794,46.0943],[8.82108,46.09343],[8.82159,46.09286],[8.82135,46.09136],[8.82243,46.09139],[8.8226,46.09053],[8.8235,46.09018],[8.82437,46.089],[8.82632,46.0895],[8.83296,46.08333],[8.83561,46.08199],[8.8408,46.08077],[8.84263,46.07979],[8.84692,46.07606],[8.8475,46.07576],[8.84998,46.07571],[8.85203,46.07563],[8.85412,46.06857],[8.8545,46.06159],[8.84408,46.04845],[8.83467,46.05134],[8.83278,46.04918],[8.8286,46.0464],[8.83227,46.04544],[8.83386,46.04433],[8.83552,46.04371],[8.83284,46.04051],[8.83012,46.0416],[8.82847,46.03776],[8.82771,46.03413],[8.82558,46.03063],[8.82184,46.02701],[8.82034,46.0265],[8.81972,46.02527],[8.8118,46.02364],[8.80588,46.02195],[8.80439,46.01916],[8.79712,46.01218],[8.79308,46.00814],[8.792,46.00532],[8.79044,46.0008],[8.7901,45.99981],[8.78724,45.99138],[8.78592,45.98915],[8.79068,45.9886],[8.79239,45.98957],[8.79225,45.9918],[8.79417,45.9922],[8.79748,45.99192],[8.79959,45.99131],[8.80739,45.99072],[8.81014,45.98985],[8.81382,45.99102],[8.81447,45.99011],[8.81642,45.98896],[8.81903,45.98776],[8.82105,45.9874],[8.82203,45.98728],[8.82312,45.98748],[8.82357,45.98761],[8.82542,45.9878],[8.82689,45.98726],[8.83023,45.98803],[8.83162,45.98799],[8.8342,45.98521],[8.83927,45.98418],[8.83998,45.98165],[8.84258,45.98144],[8.84283,45.98115],[8.84357,45.97736],[8.84566,45.97688],[8.84683,45.9762],[8.8476,45.97541],[8.8495,45.97299],[8.85281,45.97144],[8.85378,45.97057],[8.85871,45.96736],[8.85921,45.96699],[8.86198,45.96577],[8.86487,45.96542],[8.8676,45.9612],[8.86849,45.96063],[8.8708,45.96017],[8.87218,45.95949],[8.8749,45.95913],[8.87647,45.95762],[8.87836,45.95665],[8.8833,45.95722],[8.88394,45.9573],[8.89371,45.95902],[8.89675,45.9548],[8.89695,45.94184],[8.89338,45.93712],[8.89263,45.9329],[8.89578,45.92771],[8.89775,45.9258],[8.89823,45.92545],[8.905,45.92055],[8.9075,45.91781],[8.91433,45.9178],[8.91547,45.91591],[8.91673,45.91376],[8.91983,45.91026],[8.92024,45.90901],[8.92269,45.90644],[8.92408,45.9057],[8.92518,45.90407],[8.92541,45.90229],[8.92453,45.89985],[8.9232,45.89786],[8.92224,45.89639],[8.92206,45.89583],[8.9219,45.89518],[8.92239,45.89538],[8.92251,45.89547],[8.92321,45.8951],[8.92372,45.89402],[8.92408,45.89227],[8.92517,45.89206],[8.92674,45.89192],[8.92735,45.89176],[8.92844,45.8905],[8.93194,45.88504],[8.93353,45.87872],[8.93317,45.87486],[8.93438,45.87318],[8.93463,45.87191],[8.9338,45.87091],[8.93366,45.8704],[8.93525,45.8697],[8.93702,45.86738],[8.94164,45.87031],[8.9421,45.87035],[8.94233,45.86963],[8.94293,45.86912],[8.94523,45.86725],[8.94532,45.86702],[8.94345,45.86559],[8.94034,45.8641],[8.93938,45.86382],[8.9354,45.8625],[8.93493,45.86271],[8.93323,45.8616],[8.92069,45.84938],[8.91524,45.8434],[8.91426,45.84224],[8.91276,45.83803],[8.91214,45.83075],[8.91224,45.83047],[8.91837,45.83364],[8.92051,45.83427],[8.92382,45.83415],[8.92586,45.83343],[8.92866,45.83337],[8.92911,45.83344],[8.92947,45.83388],[8.92882,45.83436],[8.92907,45.83539],[8.93078,45.83564],[8.93219,45.83668],[8.93209,45.83791],[8.9331,45.83811],[8.93298,45.83847],[8.93384,45.8391],[8.9361,45.83957],[8.93915,45.8413],[8.94042,45.84122],[8.94584,45.84245],[8.94677,45.84269],[8.94889,45.84349],[8.95314,45.84244],[8.9538,45.84323],[8.95632,45.84348],[8.95583,45.84299],[8.95627,45.84168],[8.96197,45.83916],[8.96233,45.83801],[8.96212,45.83756],[8.96119,45.83669],[8.96137,45.83642],[8.96397,45.83501],[8.96523,45.83543],[8.96635,45.8344],[8.96706,45.83474],[8.96897,45.83323],[8.96855,45.83291],[8.9701,45.83239],[8.97248,45.83319],[8.97339,45.8325],[8.97609,45.8346],[8.97506,45.83579],[8.97621,45.83664],[8.97763,45.83694],[8.97824,45.83655],[8.97921,45.83665],[8.97945,45.83606],[8.98182,45.83583],[8.98673,45.83866],[8.98823,45.8383],[8.9901,45.83618],[8.99106,45.83603],[8.98995,45.8354],[8.99117,45.83538],[8.99218,45.83476],[8.99423,45.83437],[8.99569,45.83453],[8.9975,45.83494],[8.99684,45.8336],[8.99764,45.83315],[8.99765,45.83233],[8.99634,45.83176],[8.99518,45.82923],[8.9952,45.82782],[8.99433,45.82657],[8.99412,45.82617],[8.99401,45.82531],[8.99458,45.82487],[8.99288,45.82326],[8.99392,45.82205],[8.99847,45.82298],[8.99981,45.82231],[9.00081,45.82234],[9.00352,45.82052],[9.00608,45.81995],[9.00716,45.81977],[9.00987,45.81974],[9.01686,45.818],[9.01806,45.81811],[9.01845,45.81946],[9.02122,45.82072],[9.02209,45.82186],[9.02301,45.82201],[9.02566,45.8218],[9.02834,45.82071],[9.03116,45.82092],[9.03375,45.82239],[9.03393,45.82252],[9.03457,45.8231],[9.03108,45.82468],[9.03129,45.82515],[9.03249,45.82529],[9.03226,45.82623],[9.03293,45.82715],[9.03282,45.82789],[9.03478,45.83016],[9.03413,45.8308],[9.03461,45.83144],[9.03449,45.8323],[9.0357,45.83277],[9.03779,45.83531],[9.03784,45.83581],[9.03553,45.83871],[9.03534,45.83919],[9.03527,45.83969],[9.03585,45.84123],[9.03627,45.84147],[9.03682,45.8417],[9.03788,45.84199],[9.03848,45.84198],[9.03863,45.84195],[9.03856,45.84385],[9.04077,45.84667],[9.04252,45.8464],[9.04382,45.84665],[9.04463,45.84799],[9.04495,45.84792],[9.04543,45.84966],[9.04835,45.85178],[9.05065,45.85227],[9.0482,45.85331],[9.04866,45.8536],[9.05177,45.85446],[9.05155,45.85539],[9.05146,45.85556],[9.04936,45.85856],[9.04963,45.86036],[9.04915,45.86264],[9.05174,45.86653],[9.05151,45.86726],[9.05236,45.86787],[9.05376,45.86811],[9.05296,45.86953],[9.05556,45.87159],[9.05469,45.87268],[9.05505,45.87394],[9.0577,45.87525],[9.06023,45.87487],[9.06561,45.8761],[9.06634,45.87544],[9.07086,45.8802],[9.07142,45.88177],[9.07553,45.8834],[9.07744,45.88472],[9.07783,45.88509],[9.07733,45.88542],[9.07752,45.88657],[9.07951,45.8887],[9.07838,45.89031],[9.07725,45.89057],[9.07798,45.89209],[9.0816,45.89183],[9.08212,45.8928],[9.08397,45.89342],[9.08508,45.89469],[9.08514,45.89599],[9.08885,45.89699],[9.08745,45.89857],[9.08744,45.89933],[9.08824,45.90035],[9.08832,45.9004],[9.08909,45.90072],[9.08688,45.90231],[9.07693,45.89935],[9.07628,45.90345],[9.07626,45.90354],[9.07546,45.90614],[9.07733,45.90924],[9.07656,45.9115],[9.07541,45.91167],[9.07449,45.91236],[9.07223,45.91267],[9.06955,45.91176],[9.06954,45.91054],[9.0687,45.91055],[9.06777,45.91069],[9.06815,45.91241],[9.06841,45.91277],[9.06844,45.91281],[9.06817,45.91297],[9.06626,45.9141],[9.06416,45.91485],[9.06255,45.91478],[9.05895,45.91657],[9.05989,45.92097],[9.05766,45.92082],[9.05532,45.92018],[9.05385,45.92069],[9.0516,45.92068],[9.0504,45.92018],[9.04908,45.92045],[9.04939,45.92096],[9.04942,45.92211],[9.04565,45.92447],[9.04496,45.92511],[9.04483,45.926],[9.04271,45.92753],[9.03681,45.92634],[9.03189,45.92665],[9.02979,45.92659],[9.02654,45.92869],[9.02277,45.92903],[9.01985,45.92855],[9.01931,45.92843],[9.01991,45.92916],[9.01961,45.93006],[9.02062,45.93354],[9.02231,45.93632],[9.02228,45.93758],[9.02193,45.93811],[9.02024,45.93842],[9.01976,45.93973],[9.01708,45.94062],[9.01495,45.94065],[9.01481,45.94142],[9.01346,45.94173],[9.01242,45.94366],[9.01217,45.94382],[9.01371,45.94458],[9.01726,45.94919],[9.01538,45.95104],[9.01513,45.95303],[9.01398,45.96059],[9.0043,45.96388],[8.99424,45.96643],[8.98897,45.97034],[8.98825,45.97233],[8.98853,45.97294],[8.98971,45.97148],[8.99057,45.97135],[8.99101,45.97175],[8.99233,45.97262],[8.99465,45.97161],[8.99582,45.97286],[8.99631,45.97441],[8.99584,45.97511],[8.99606,45.97594],[8.99505,45.9769],[8.99533,45.97824],[8.99599,45.97877],[8.99534,45.9805],[9.00148,45.98034],[9.00229,45.97951],[9.00453,45.97978],[9.00526,45.98036],[9.00804,45.98063],[9.00875,45.98208],[9.01115,45.9832],[9.01087,45.98482],[9.01157,45.98672],[9.01141,45.98801],[9.01318,45.98881],[9.01589,45.98787],[9.01801,45.98766],[9.0225,45.98958],[9.02281,45.99272],[9.02842,45.99366],[9.02506,46.00029],[9.02469,46.00086],[9.02286,46.01542],[9.02265,46.01677],[9.0213,46.01758],[9.02078,46.01865],[9.01925,46.01931],[9.01836,46.02061],[9.01526,46.02205],[9.01469,46.02345],[9.0134,46.02466],[9.00905,46.02695],[9.00961,46.02753],[9.00786,46.02969],[9.00757,46.02978],[9.00879,46.03154],[9.00954,46.03738],[9.01694,46.04319],[9.01751,46.0448],[9.01607,46.0466],[9.0161,46.04674],[9.0172,46.04975],[9.02045,46.05176],[9.02084,46.05182],[9.02227,46.05209],[9.023,46.05303],[9.02564,46.05247],[9.02733,46.05306],[9.02875,46.05304],[9.03706,46.05724],[9.0393,46.05892],[9.04354,46.05937],[9.04476,46.05899],[9.04651,46.06005],[9.04798,46.06158],[9.04915,46.06208],[9.0502,46.06238],[9.05532,46.0622],[9.05643,46.06115],[9.06019,46.06062],[9.06598,46.06204],[9.06752,46.06172],[9.06997,46.06244],[9.07394,46.06249],[9.07563,46.06368],[9.07693,46.06397],[9.07789,46.06495],[9.07829,46.0653],[9.0785,46.06791],[9.07836,46.06854],[9.07787,46.06936],[9.07862,46.07497],[9.07957,46.0764],[9.08133,46.07692],[9.08189,46.07715],[9.08417,46.07876],[9.08402,46.07961],[9.08828,46.08436],[9.08855,46.08466],[9.08863,46.08478],[9.08935,46.08574],[9.08955,46.08709],[9.08906,46.09009],[9.08109,46.10245],[9.08036,46.10468],[9.07999,46.10539],[9.07758,46.11051],[9.07666,46.1109],[9.07391,46.11413],[9.0729,46.11687],[9.07237,46.11798],[9.076,46.1204],[9.07697,46.12023],[9.07787,46.12094],[9.07872,46.12129],[9.08526,46.1229],[9.08612,46.12408],[9.08933,46.12545],[9.09517,46.12618],[9.09749,46.12719],[9.0987,46.1272],[9.09997,46.12662],[9.09989,46.12723],[9.10115,46.12925],[9.10216,46.12958],[9.10528,46.13203],[9.10896,46.13272],[9.11132,46.13378],[9.11225,46.13467],[9.11368,46.13476],[9.11414,46.13485],[9.11726,46.1354],[9.1198,46.13499],[9.12095,46.13452],[9.12289,46.13742],[9.12296,46.13878],[9.12688,46.14312],[9.12689,46.14475],[9.12813,46.14575],[9.12905,46.14746],[9.13089,46.14827],[9.13114,46.14895],[9.13285,46.14993],[9.13451,46.15326],[9.13722,46.1543],[9.13908,46.15436],[9.14087,46.15507],[9.14432,46.15842],[9.14689,46.15907],[9.14963,46.16061],[9.15192,46.16123],[9.15529,46.16155],[9.15681,46.16232],[9.15866,46.16497],[9.15952,46.16953],[9.15937,46.16962],[9.16122,46.17073],[9.16824,46.17135],[9.16853,46.17164],[9.17049,46.17188],[9.17179,46.17132],[9.17274,46.17101],[9.17703,46.17093],[9.17974,46.16942],[9.18059,46.16924],[9.18219,46.1695],[9.18394,46.17062],[9.18604,46.17373],[9.18753,46.17499],[9.19081,46.17673],[9.19141,46.17767],[9.19417,46.1785],[9.19545,46.18153],[9.19492,46.18401],[9.19634,46.18514],[9.19707,46.18649],[9.19796,46.18681],[9.19804,46.18696],[9.19533,46.18945],[9.19483,46.19363],[9.1962,46.19404],[9.19661,46.19516],[9.19771,46.19614],[9.19726,46.19759],[9.1979,46.19826],[9.19769,46.19934],[9.1985,46.20068],[9.19964,46.20142],[9.20086,46.20397],[9.20135,46.20675],[9.20232,46.20793],[9.20229,46.20841],[9.20669,46.21037],[9.20885,46.21004],[9.21106,46.21069],[9.21428,46.21079],[9.2176,46.21393],[9.21874,46.21437],[9.21834,46.21656],[9.2199,46.22056],[9.22287,46.22398],[9.22102,46.2268],[9.22099,46.22832],[9.22105,46.22923],[9.22494,46.22966],[9.23492,46.23336],[9.2374,46.23336],[9.23964,46.2323],[9.24102,46.23228],[9.24232,46.23274],[9.24279,46.23237],[9.24441,46.23229],[9.24513,46.23225],[9.2463,46.2322],[9.24664,46.2323],[9.24705,46.23319],[9.24839,46.23366],[9.24859,46.2337],[9.24841,46.2362],[9.24966,46.23944],[9.24893,46.24301],[9.24967,46.24469],[9.24837,46.24674],[9.24821,46.24734],[9.24961,46.24895],[9.25032,46.24905],[9.2513,46.25085],[9.25107,46.25223],[9.24936,46.2543],[9.24912,46.25645],[9.2497,46.25649],[9.25305,46.26189],[9.25185,46.26579],[9.25046,46.26616],[9.25032,46.26632],[9.2507,46.26659],[9.25177,46.26643],[9.25195,46.26717],[9.25265,46.26727],[9.25387,46.26853],[9.25699,46.26935],[9.25925,46.27305],[9.25887,46.27445],[9.25952,46.2757],[9.25876,46.27845],[9.26088,46.27946],[9.26438,46.28045],[9.2644,46.28098],[9.26826,46.28217],[9.26957,46.28517],[9.27167,46.28755],[9.27182,46.28922],[9.27235,46.28972],[9.28014,46.29508],[9.28436,46.29692],[9.28471,46.29703],[9.28488,46.30026],[9.2838,46.30267],[9.28351,46.30592],[9.28154,46.30937],[9.28304,46.31128],[9.28399,46.31172],[9.28487,46.31394],[9.28505,46.31444],[9.29384,46.31657],[9.29511,46.31792],[9.29586,46.32362],[9.29931,46.32635],[9.30013,46.32661],[9.29658,46.32847],[9.29342,46.33188],[9.29319,46.33392],[9.29231,46.33458],[9.29212,46.33624],[9.29272,46.33802],[9.29427,46.33932],[9.2966,46.34047],[9.29719,46.34125],[9.29788,46.34122],[9.29875,46.34179],[9.29988,46.3436],[9.29815,46.346],[9.29864,46.34642],[9.29752,46.34833],[9.29602,46.34913],[9.29729,46.35053],[9.29778,46.35185],[9.29614,46.355],[9.2962,46.35569],[9.29322,46.35579],[9.29043,46.35668],[9.28888,46.35651],[9.28657,46.35743],[9.28524,46.35738],[9.28269,46.358],[9.2812,46.35997],[9.27861,46.36591],[9.2787,46.36663],[9.27647,46.36758],[9.27606,46.36778],[9.27704,46.36859],[9.27711,46.37191],[9.27507,46.37371],[9.27772,46.375],[9.2785,46.37711],[9.27818,46.37919],[9.27975,46.37931],[9.28037,46.37972],[9.28089,46.38151],[9.28398,46.384],[9.28437,46.38519],[9.28435,46.38623],[9.28095,46.38735],[9.27857,46.38941],[9.27769,46.39064],[9.27772,46.39206],[9.27653,46.39329],[9.2758,46.39499],[9.28072,46.39926],[9.28186,46.40153],[9.28017,46.40305],[9.27888,46.40338],[9.28195,46.40447],[9.28253,46.40509],[9.28138,46.40858],[9.28168,46.41017],[9.28054,46.4107],[9.28078,46.41218],[9.27995,46.41464],[9.27867,46.41457],[9.27705,46.41514],[9.27613,46.4183],[9.27541,46.41908],[9.27545,46.41952],[9.27289,46.42015],[9.27,46.41807],[9.26778,46.41986],[9.26657,46.41963],[9.26364,46.42052],[9.26148,46.42438],[9.26035,46.42516],[9.25958,46.42512],[9.25845,46.4257],[9.25715,46.42717],[9.2541,46.42809],[9.25334,46.42908],[9.25266,46.42902],[9.25254,46.42976],[9.24965,46.43115],[9.24823,46.43329],[9.24796,46.43607],[9.24876,46.43816],[9.24814,46.44077],[9.24698,46.44681],[9.24963,46.44721],[9.2508,46.44889],[9.25224,46.44936],[9.26217,46.45006],[9.26548,46.4511],[9.26803,46.45278],[9.26993,46.4534],[9.27068,46.45403],[9.27085,46.455],[9.27216,46.45509],[9.27505,46.45841],[9.27501,46.4595],[9.27807,46.46149],[9.2782,46.46173],[9.27455,46.46304],[9.27413,46.46539],[9.27342,46.46601],[9.27394,46.46723],[9.27388,46.46984],[9.27631,46.47233],[9.2765,46.47382],[9.276,46.47507],[9.27735,46.47917],[9.27473,46.48161],[9.2742,46.48363],[9.2766,46.48536],[9.27756,46.48691],[9.27874,46.48757],[9.27797,46.48832],[9.27951,46.48989],[9.27881,46.49164],[9.28143,46.49437],[9.28178,46.49605],[9.28269,46.49676],[9.28338,46.49702],[9.28404,46.49675],[9.28686,46.49747],[9.28929,46.49719],[9.2913,46.49742],[9.29234,46.49833],[9.29753,46.49911],[9.30133,46.50073],[9.30512,46.50099],[9.3109,46.50406],[9.31311,46.50389],[9.32052,46.50491],[9.33706,46.50601],[9.33877,46.50524],[9.33907,46.50381],[9.34205,46.50387],[9.34779,46.50515],[9.3511,46.50539],[9.35511,46.50429],[9.35787,46.50579],[9.35841,46.50735],[9.36184,46.5089],[9.36237,46.50951],[9.36442,46.5091],[9.36503,46.50791],[9.36834,46.50513],[9.37318,46.50408],[9.37335,46.50396],[9.37356,46.50003],[9.37317,46.49919],[9.37154,46.49901],[9.37003,46.49805],[9.36852,46.49566],[9.36845,46.49422],[9.37129,46.4895],[9.37348,46.48906],[9.37431,46.48855],[9.37641,46.48468],[9.37781,46.48371],[9.37998,46.48433],[9.38163,46.48345],[9.38209,46.48261],[9.38438,46.48263],[9.38528,46.48231],[9.38541,46.48045],[9.3881,46.47898],[9.38856,46.47578],[9.39026,46.47452],[9.38977,46.47309],[9.39047,46.47331],[9.39069,46.47298],[9.39568,46.47168],[9.39775,46.4697],[9.39906,46.46992],[9.40348,46.46857],[9.40442,46.46868],[9.40929,46.46684],[9.41344,46.46718],[9.41337,46.4678],[9.41414,46.46805],[9.4181,46.47255],[9.41922,46.47289],[9.42407,46.47616],[9.4245,46.47756],[9.42425,46.48208],[9.42467,46.48369],[9.42634,46.48576],[9.42467,46.48745],[9.42458,46.4887],[9.42691,46.49115],[9.42993,46.49266],[9.43178,46.49555],[9.43381,46.49663],[9.43418,46.49791],[9.45506,46.50533],[9.455,46.50604],[9.45612,46.50649],[9.45662,46.50746],[9.45854,46.50836],[9.46355,46.50888],[9.46433,46.50802],[9.46432,46.5079],[9.46106,46.50549],[9.46142,46.50277],[9.46214,46.50236],[9.46205,46.5002],[9.46266,46.49802],[9.46186,46.49458],[9.46209,46.49014],[9.46096,46.48675],[9.46098,46.48537],[9.46104,46.48485],[9.44909,46.48438],[9.44969,46.47999],[9.45766,46.4803],[9.46225,46.48048],[9.46286,46.4805],[9.46392,46.47848],[9.46376,46.47442],[9.46558,46.46951],[9.46353,46.4658],[9.45999,46.46432],[9.45928,46.46331],[9.45993,46.46152],[9.45869,46.45706],[9.45914,46.45411],[9.4604,46.45126],[9.45985,46.45058],[9.45951,46.44642],[9.4607,46.44228],[9.45922,46.44104],[9.45949,46.4398],[9.4583,46.43882],[9.4573,46.43657],[9.45802,46.43374],[9.45777,46.43231],[9.45609,46.42878],[9.45532,46.42269],[9.45445,46.42095],[9.45464,46.41897],[9.45588,46.41636],[9.45628,46.4159],[9.46011,46.41383],[9.46171,46.41183],[9.46188,46.41053],[9.4614,46.40951],[9.4642,46.40524],[9.46436,46.40475],[9.46372,46.40412],[9.46495,46.403],[9.46572,46.39919],[9.46682,46.39831],[9.46649,46.39192],[9.4688,46.38894],[9.46866,46.38824],[9.46585,46.38641],[9.46615,46.38492],[9.46458,46.38363],[9.46367,46.38325],[9.46123,46.38343],[9.46165,46.38191],[9.46322,46.38023],[9.46313,46.37933],[9.46107,46.37648],[9.46119,46.37586],[9.46167,46.37553],[9.46485,46.37377],[9.46844,46.3733],[9.47167,46.37191],[9.47259,46.3723],[9.47593,46.37061],[9.47735,46.37061],[9.47777,46.37122],[9.47944,46.37118],[9.48169,46.36792],[9.4844,46.36697],[9.48774,46.36692],[9.48731,46.36617],[9.4943,46.36522],[9.49627,46.36444],[9.49752,46.36323],[9.50004,46.35935],[9.4995,46.35775],[9.50045,46.35604],[9.50315,46.35454],[9.50529,46.35238],[9.50616,46.35252],[9.50656,46.35203],[9.50865,46.35133],[9.50823,46.34803],[9.50946,46.34601],[9.50891,46.34503],[9.51031,46.34293],[9.51072,46.34069],[9.5114,46.34009],[9.51082,46.33946],[9.51153,46.33843],[9.51122,46.33791],[9.51185,46.33735],[9.51148,46.33661],[9.51378,46.3355],[9.51353,46.33313],[9.51422,46.33235],[9.51671,46.33261],[9.51802,46.33051],[9.51845,46.32708],[9.5239,46.32249],[9.52538,46.32004],[9.52785,46.31755],[9.53065,46.31551],[9.53318,46.31275],[9.53599,46.31124],[9.53666,46.31002],[9.53922,46.30811],[9.54768,46.30315],[9.54954,46.30234],[9.55253,46.30361],[9.55452,46.30576],[9.55624,46.30639],[9.55851,46.30644],[9.56051,46.30577],[9.56121,46.304],[9.56096,46.3035],[9.56276,46.30242],[9.567,46.3014],[9.56798,46.3003],[9.57084,46.29897],[9.57146,46.29928],[9.57311,46.29921],[9.57392,46.29828],[9.57949,46.2951],[9.58159,46.2953],[9.58287,46.29463],[9.58315,46.29434],[9.58493,46.29459],[9.58632,46.29533],[9.58829,46.29473],[9.58989,46.29511],[9.5927,46.29354],[9.59466,46.29392],[9.5953,46.29457],[9.59801,46.29509],[9.59914,46.29577],[9.60216,46.29477],[9.60543,46.29471],[9.60703,46.29416],[9.60925,46.29417],[9.61036,46.29458],[9.612,46.29231],[9.61555,46.28985],[9.61793,46.28872],[9.61837,46.28781],[9.61867,46.28749],[9.62233,46.28778],[9.62293,46.28812],[9.62406,46.28839],[9.62512,46.28823],[9.62645,46.28742],[9.62772,46.28778],[9.63201,46.28638],[9.63467,46.286],[9.63846,46.28641],[9.63883,46.28599],[9.64212,46.28686],[9.64541,46.28882],[9.64695,46.28877],[9.65001,46.2899],[9.64994,46.29163],[9.65176,46.29279],[9.65285,46.29319],[9.65545,46.2931],[9.66002,46.29592],[9.66178,46.296],[9.66234,46.29666],[9.66377,46.29701],[9.66668,46.29659],[9.66778,46.29585],[9.66865,46.29588],[9.66939,46.29645],[9.66996,46.29983],[9.6729,46.30098],[9.67473,46.3027],[9.67649,46.30289],[9.67728,46.30359],[9.67693,46.30271],[9.67745,46.30184],[9.67862,46.30183],[9.68123,46.29984],[9.68148,46.29709],[9.68649,46.29468],[9.68739,46.2941],[9.68926,46.29336],[9.6923,46.2939],[9.69374,46.29372],[9.69532,46.29297],[9.69619,46.29307],[9.69792,46.29192],[9.70025,46.2917],[9.70185,46.29105],[9.70274,46.29102],[9.70777,46.29193],[9.70983,46.29181],[9.71262,46.29287],[9.71449,46.29289],[9.71456,46.29411],[9.7154,46.29544],[9.71449,46.29702],[9.71634,46.30209],[9.71807,46.30527],[9.71809,46.30617],[9.71977,46.30684],[9.72221,46.3091],[9.72444,46.3099],[9.7258,46.3131],[9.72569,46.31754],[9.72614,46.31949],[9.72304,46.32112],[9.72033,46.32109],[9.71802,46.32163],[9.71728,46.32397],[9.71884,46.32676],[9.72336,46.32904],[9.72302,46.33031],[9.72342,46.33101],[9.72758,46.33267],[9.72576,46.33566],[9.72534,46.33783],[9.72294,46.34071],[9.72494,46.34296],[9.72741,46.34459],[9.73004,46.34558],[9.7333,46.3476],[9.73344,46.34823],[9.73381,46.3488],[9.73717,46.35078],[9.73929,46.34994],[9.74235,46.35099],[9.7435,46.3518],[9.74413,46.35059],[9.74596,46.34978],[9.74726,46.34775],[9.75534,46.34551],[9.75762,46.34416],[9.75846,46.34279],[9.76025,46.34163],[9.76226,46.33936],[9.76494,46.33759],[9.76749,46.33686],[9.76866,46.33609],[9.77752,46.33479],[9.77857,46.33528],[9.78168,46.33842],[9.78282,46.3387],[9.78386,46.3397],[9.78472,46.34074],[9.78599,46.34047],[9.78755,46.34067],[9.78964,46.34157],[9.79021,46.34222],[9.79333,46.34328],[9.80236,46.34395],[9.80429,46.34497],[9.80458,46.34604],[9.80593,46.34634],[9.8065,46.34703],[9.80864,46.34746],[9.80942,46.34844],[9.81361,46.34935],[9.81504,46.35015],[9.81832,46.34968],[9.82158,46.35197],[9.82191,46.35186],[9.8276,46.35542],[9.83127,46.35852],[9.83184,46.35902],[9.83177,46.36028],[9.83232,46.36109],[9.83318,46.36125],[9.83574,46.36074],[9.83759,46.36095],[9.84008,46.36247],[9.84197,46.36159],[9.84611,46.36189],[9.84642,46.36274],[9.84775,46.36351],[9.8486,46.36349],[9.84876,46.36418],[9.84947,46.36458],[9.85161,46.36424],[9.85162,46.36356],[9.85227,46.36344],[9.85275,46.36404],[9.85385,46.36318],[9.85633,46.36304],[9.85726,46.36386],[9.86006,46.36352],[9.86177,46.36429],[9.86282,46.36342],[9.86531,46.36466],[9.86633,46.3637],[9.86795,46.36315],[9.86832,46.36236],[9.87153,46.36384],[9.87327,46.3651],[9.88026,46.3682],[9.88353,46.3716],[9.88394,46.37303],[9.88328,46.37361],[9.88668,46.37327],[9.89628,46.37677],[9.89831,46.37659],[9.90024,46.37756],[9.90027,46.37803],[9.90152,46.37881],[9.90638,46.38076],[9.90739,46.38092],[9.90818,46.38005],[9.90972,46.37961],[9.91121,46.37722],[9.91492,46.37354],[9.91701,46.37034],[9.92011,46.37156],[9.92288,46.37049],[9.92437,46.36853],[9.92409,46.3668],[9.92498,46.36607],[9.92916,46.36669],[9.93104,46.36785],[9.93128,46.36825],[9.92981,46.37076],[9.93017,46.3719],[9.9323,46.37372],[9.93446,46.37485],[9.94381,46.37755],[9.94568,46.37752],[9.95276,46.3793],[9.95728,46.37838],[9.95846,46.37812],[9.9575,46.37627],[9.95593,46.37468],[9.9557,46.37364],[9.9617,46.36706],[9.96265,46.36542],[9.96445,46.36377],[9.96701,46.36261],[9.96917,46.36172],[9.97,46.36105],[9.97102,46.36094],[9.97378,46.3581],[9.9776,46.35727],[9.98154,46.35451],[9.98417,46.35354],[9.98514,46.35163],[9.98748,46.35171],[9.98952,46.35239],[9.99355,46.35241],[9.99593,46.35143],[9.99629,46.35117],[9.99492,46.34906],[9.99443,46.34647],[9.9959,46.34583],[9.995,46.3446],[9.99604,46.34298],[9.99592,46.34221],[9.99288,46.34102],[9.99235,46.3401],[9.99098,46.33964],[9.99124,46.3383],[9.99062,46.33714],[9.98864,46.33619],[9.98749,46.3348],[9.98588,46.33424],[9.98525,46.33321],[9.98573,46.33206],[9.98388,46.32959],[9.98418,46.32852],[9.98231,46.32656],[9.98207,46.32526],[9.98107,46.32398],[9.97998,46.32313],[9.98525,46.32091],[9.9866,46.31919],[9.99159,46.31662],[9.99284,46.3153],[9.99429,46.31495],[9.99454,46.31393],[9.99765,46.31402],[10.00006,46.31318],[9.99965,46.30985],[9.99626,46.30734],[9.99745,46.30601],[9.99801,46.30603],[9.99823,46.30474],[9.99864,46.30446],[9.99965,46.30499],[9.99936,46.30433],[10.00084,46.30374],[10.00076,46.30153],[9.99844,46.30075],[9.99882,46.30017],[9.99657,46.29837],[9.99606,46.29735],[9.99382,46.29691],[9.99267,46.29731],[9.99166,46.29594],[9.99271,46.29289],[9.99414,46.29143],[9.99467,46.28713],[9.99591,46.28494],[9.99714,46.28424],[9.99962,46.28328],[10.00425,46.28195],[10.00627,46.28172],[10.0087,46.28076],[10.00966,46.28062],[10.01056,46.28101],[10.01632,46.27949],[10.02102,46.27897],[10.02517,46.27774],[10.02742,46.27782],[10.02984,46.27699],[10.03121,46.27704],[10.03302,46.27567],[10.03498,46.27532],[10.03903,46.27345],[10.03957,46.27256],[10.04031,46.27257],[10.04214,46.27163],[10.04359,46.27005],[10.04577,46.26986],[10.0475,46.26855],[10.05006,46.26781],[10.05119,46.26706],[10.05366,46.26708],[10.05446,46.26663],[10.05591,46.26499],[10.05549,46.26281],[10.05646,46.26075],[10.05762,46.25958],[10.058,46.25821],[10.05735,46.25792],[10.05689,46.25743],[10.05625,46.25697],[10.05744,46.25648],[10.05876,46.25574],[10.05884,46.25494],[10.0585,46.2544],[10.05865,46.25314],[10.06053,46.25071],[10.06042,46.24874],[10.06062,46.24826],[10.06036,46.24787],[10.05939,46.2474],[10.05889,46.24707],[10.05747,46.24714],[10.05708,46.24675],[10.05706,46.24418],[10.05603,46.24311],[10.05427,46.24269],[10.05373,46.24182],[10.05343,46.24124],[10.05445,46.23812],[10.05368,46.23582],[10.04943,46.23277],[10.04553,46.23166],[10.04409,46.23065],[10.04394,46.22964],[10.04864,46.22845],[10.04918,46.22747],[10.04939,46.2272],[10.05195,46.22764],[10.05479,46.22641],[10.05614,46.22522],[10.05859,46.22498],[10.06191,46.22192],[10.06306,46.2202],[10.06619,46.21966],[10.06691,46.21799],[10.07083,46.21716],[10.0709,46.21727],[10.07144,46.21807],[10.07732,46.22194],[10.08109,46.22545],[10.08338,46.22643],[10.08857,46.2278],[10.09203,46.22819],[10.09324,46.22778],[10.09496,46.22857],[10.09907,46.22762],[10.10141,46.22778],[10.10256,46.22824],[10.10346,46.22857],[10.10914,46.22573],[10.11891,46.22537],[10.12325,46.22379],[10.12522,46.22471],[10.12859,46.2256],[10.1323,46.22488],[10.1324,46.22538],[10.13502,46.22637],[10.146,46.23013],[10.15085,46.23964],[10.17491,46.25461],[10.1765,46.25828],[10.17544,46.25916],[10.174,46.26156],[10.17332,46.26471],[10.172,46.2666],[10.16792,46.26989],[10.16529,46.27123],[10.16341,46.2713],[10.16331,46.27399],[10.16341,46.27461],[10.16174,46.27532],[10.16223,46.27558],[10.16128,46.27725],[10.16177,46.27806],[10.16176,46.28097],[10.16227,46.28243],[10.15939,46.28407],[10.15599,46.28466],[10.1547,46.28525],[10.15398,46.28629],[10.15582,46.28781],[10.1566,46.28929],[10.15421,46.29279],[10.15341,46.29296],[10.15251,46.29417],[10.14759,46.2947],[10.14577,46.29545],[10.14489,46.29641],[10.13907,46.29946],[10.13826,46.30096],[10.13794,46.30112],[10.13899,46.30325],[10.13875,46.30459],[10.13867,46.30468],[10.13608,46.30565],[10.13348,46.30606],[10.13178,46.30753],[10.1289,46.30848],[10.12784,46.30988],[10.12504,46.31096],[10.12353,46.31203],[10.12084,46.31237],[10.1166,46.31409],[10.11647,46.31554],[10.11401,46.3187],[10.11405,46.32104],[10.11306,46.32207],[10.11304,46.32331],[10.11188,46.32437],[10.10938,46.32844],[10.10568,46.33156],[10.10452,46.33309],[10.10443,46.33363],[10.10532,46.33452],[10.1055,46.33922],[10.1067,46.34076],[10.10594,46.3422],[10.10857,46.34423],[10.10922,46.34625],[10.10874,46.34766],[10.10902,46.34856],[10.10815,46.3498],[10.10797,46.35147],[10.10856,46.35241],[10.10993,46.35314],[10.11308,46.35256],[10.11579,46.35426],[10.11885,46.35715],[10.1207,46.35798],[10.12153,46.35785],[10.12396,46.35947],[10.1291,46.36087],[10.12923,46.36261],[10.12769,46.36611],[10.12731,46.36916],[10.1269,46.36969],[10.12601,46.36976],[10.12658,46.36987],[10.12632,46.37174],[10.12841,46.37402],[10.12724,46.37746],[10.12901,46.37875],[10.13245,46.38013],[10.13484,46.38173],[10.13532,46.38248],[10.14261,46.38622],[10.14573,46.38614],[10.14672,46.38679],[10.14756,46.38686],[10.14948,46.38559],[10.15446,46.38532],[10.15573,46.38489],[10.15875,46.38561],[10.16068,46.38735],[10.16096,46.38754],[10.16193,46.38745],[10.16275,46.38936],[10.16398,46.39064],[10.16368,46.39256],[10.16285,46.39394],[10.16298,46.39546],[10.16388,46.39601],[10.16332,46.39637],[10.16208,46.39997],[10.16216,46.40422],[10.16264,46.4051],[10.16688,46.40738],[10.16521,46.40891],[10.16447,46.41026],[10.1636,46.41068],[10.16321,46.41184],[10.16149,46.41386],[10.16189,46.4145],[10.16116,46.41542],[10.15708,46.41588],[10.15323,46.41433],[10.15277,46.41378],[10.15215,46.41411],[10.1511,46.41401],[10.14937,46.41282],[10.14765,46.41423],[10.14866,46.41527],[10.14846,46.41686],[10.14767,46.41767],[10.14803,46.41955],[10.14741,46.42031],[10.14767,46.42107],[10.14711,46.42312],[10.14613,46.42431],[10.14426,46.42449],[10.14223,46.42711],[10.14224,46.42767],[10.14287,46.42766],[10.14318,46.42832],[10.14136,46.42825],[10.13895,46.4289],[10.13779,46.42866],[10.13299,46.42908],[10.13087,46.43162],[10.13065,46.4316],[10.12893,46.43174],[10.12766,46.43052],[10.12489,46.43053],[10.1238,46.42995],[10.12237,46.43029],[10.12109,46.42957],[10.11922,46.4292],[10.11798,46.42745],[10.11791,46.42645],[10.11721,46.42603],[10.11386,46.42645],[10.10859,46.42813],[10.10604,46.42537],[10.10347,46.42525],[10.10258,46.4248],[10.10189,46.42341],[10.10212,46.42251],[10.10069,46.42134],[10.09845,46.42153],[10.09709,46.42124],[10.09479,46.42189],[10.09431,46.42243],[10.09228,46.42267],[10.09027,46.42249],[10.08698,46.42135],[10.08251,46.42174],[10.0808,46.42106],[10.08003,46.42118],[10.0792,46.42311],[10.08026,46.42542],[10.07956,46.4265],[10.07781,46.42734],[10.07718,46.4282],[10.0758,46.428],[10.07421,46.42851],[10.06438,46.42587],[10.06441,46.42658],[10.06187,46.42731],[10.06092,46.42838],[10.06031,46.42839],[10.05981,46.42939],[10.05878,46.4301],[10.05859,46.43145],[10.05799,46.43205],[10.05854,46.43271],[10.05744,46.43575],[10.05825,46.43826],[10.05748,46.43872],[10.05779,46.43919],[10.05692,46.43946],[10.05627,46.44087],[10.05536,46.44067],[10.05392,46.4396],[10.05359,46.43994],[10.05257,46.4397],[10.05072,46.44115],[10.04716,46.44201],[10.04355,46.44205],[10.04247,46.44246],[10.04205,46.44272],[10.04033,46.44469],[10.03915,46.44694],[10.04147,46.4479],[10.04243,46.44901],[10.04167,46.45069],[10.04185,46.45232],[10.04377,46.45381],[10.04386,46.45498],[10.04691,46.45591],[10.04658,46.4575],[10.04878,46.45898],[10.05248,46.46041],[10.05239,46.46134],[10.05434,46.46463],[10.05385,46.46533],[10.05222,46.46597],[10.05218,46.46699],[10.05154,46.46774],[10.05189,46.46917],[10.05133,46.47036],[10.05153,46.47196],[10.05027,46.47279],[10.0496,46.47399],[10.04817,46.4746],[10.04658,46.47617],[10.0453,46.47665],[10.04478,46.47672],[10.04505,46.47694],[10.04325,46.47837],[10.04284,46.48006],[10.04339,46.4822],[10.04461,46.48393],[10.04751,46.48609],[10.0477,46.48745],[10.04848,46.48781],[10.04734,46.48812],[10.04665,46.48928],[10.04521,46.49038],[10.04487,46.49357],[10.04577,46.49572],[10.04557,46.49624],[10.04903,46.4998],[10.04761,46.50093],[10.04553,46.50176],[10.04393,46.50387],[10.04285,46.50654],[10.04237,46.51013],[10.0439,46.51017],[10.0445,46.51055],[10.04681,46.51051],[10.05142,46.5133],[10.05361,46.51816],[10.05353,46.52182],[10.05399,46.52259],[10.05264,46.5251],[10.05259,46.52613],[10.05111,46.52752],[10.05048,46.52885],[10.05087,46.52961],[10.05344,46.53067],[10.05353,46.53167],[10.05286,46.53246],[10.04628,46.53525],[10.04397,46.53758],[10.04396,46.54012],[10.04634,46.5425],[10.04682,46.54353],[10.04675,46.54405],[10.05021,46.54405],[10.05168,46.54504],[10.05409,46.54452],[10.05709,46.54467],[10.06162,46.54578],[10.06268,46.54801],[10.0635,46.54869],[10.06646,46.55013],[10.06788,46.55024],[10.06888,46.55141],[10.06943,46.55241],[10.06889,46.55414],[10.06972,46.55566],[10.07085,46.5563],[10.07119,46.55715],[10.07078,46.55794],[10.0717,46.55904],[10.07352,46.5602],[10.07771,46.56072],[10.08124,46.56347],[10.08238,46.56355],[10.08322,46.5655],[10.0854,46.56723],[10.0831,46.56958],[10.07996,46.57112],[10.07865,46.57304],[10.0786,46.57397],[10.07866,46.57512],[10.08179,46.57549],[10.08306,46.57528],[10.09558,46.57734],[10.09782,46.58109],[10.09901,46.58215],[10.10074,46.58275],[10.10153,46.58508],[10.10022,46.58609],[10.10015,46.58694],[10.10115,46.58918],[10.0977,46.59211],[10.09701,46.59347],[10.09801,46.59647],[10.09768,46.59769],[10.09999,46.59904],[10.10139,46.60098],[10.09936,46.6034],[10.09883,46.60546],[10.10137,46.60812],[10.10153,46.60988],[10.10235,46.61072],[10.10665,46.6107],[10.10931,46.6087],[10.11231,46.60785],[10.11349,46.6071],[10.11986,46.60584],[10.12383,46.60612],[10.12764,46.60508],[10.13008,46.60601],[10.13237,46.6063],[10.13459,46.60789],[10.1362,46.60754],[10.13667,46.60786],[10.13735,46.61074],[10.13901,46.61103],[10.14351,46.61069],[10.14981,46.61344],[10.15151,46.61462],[10.15461,46.61512],[10.15808,46.61493],[10.16032,46.61617],[10.1624,46.61571],[10.18305,46.62397],[10.18797,46.62559],[10.19275,46.62594],[10.19346,46.62568],[10.19265,46.62452],[10.19385,46.62311],[10.20297,46.62154],[10.20339,46.62134],[10.20636,46.62077],[10.21532,46.61695],[10.21878,46.62037],[10.21907,46.62116],[10.21995,46.62158],[10.21964,46.62393],[10.22185,46.62594],[10.22264,46.6279],[10.22348,46.6283],[10.22417,46.62913],[10.2264,46.63005],[10.22765,46.62999],[10.22924,46.63162],[10.23424,46.63313],[10.23537,46.63359],[10.23602,46.6344],[10.23751,46.63492],[10.24,46.63529],[10.24117,46.62705],[10.24477,46.62217],[10.24912,46.61836],[10.25411,46.61399],[10.25888,46.61044],[10.25562,46.60844],[10.25242,46.60493],[10.25254,46.60406],[10.25116,46.60227],[10.24838,46.60067],[10.2464,46.59783],[10.24635,46.59676],[10.24544,46.59538],[10.24436,46.59436],[10.24323,46.59409],[10.24336,46.59354],[10.24207,46.59221],[10.24222,46.59097],[10.24146,46.58911],[10.24273,46.58722],[10.2429,46.58493],[10.24407,46.58394],[10.24398,46.58197],[10.24472,46.57928],[10.24421,46.57834],[10.2442,46.57797],[10.24522,46.57728],[10.24646,46.57459],[10.2527,46.57155],[10.25412,46.57125],[10.25775,46.57392],[10.25919,46.57428],[10.26062,46.57549],[10.26196,46.57575],[10.2638,46.57709],[10.26677,46.57683],[10.26934,46.57768],[10.27195,46.57587],[10.27251,46.57442],[10.27629,46.57319],[10.27673,46.57256],[10.27875,46.57187],[10.27984,46.57211],[10.28215,46.57094],[10.28472,46.57099],[10.28746,46.57034],[10.28746,46.56977],[10.28836,46.56938],[10.28907,46.56843],[10.28955,46.56453],[10.29274,46.56117],[10.29602,46.55899],[10.29649,46.55491],[10.29495,46.55283],[10.29443,46.55192],[10.29606,46.54998],[10.2986,46.54974],[10.29985,46.54918],[10.30237,46.54896],[10.30814,46.54943],[10.31031,46.54729],[10.31148,46.5467],[10.31607,46.54844],[10.31832,46.54817],[10.31916,46.54844],[10.32011,46.54946],[10.32476,46.55094],[10.32546,46.55175],[10.33049,46.54928],[10.33404,46.54643],[10.33678,46.54326],[10.33818,46.54273],[10.34183,46.54372],[10.34363,46.54503],[10.34448,46.54634],[10.34824,46.54898],[10.35015,46.54941],[10.34975,46.55271],[10.35179,46.55565],[10.35185,46.55586],[10.35467,46.55533],[10.36317,46.55559],[10.36622,46.55486],[10.36767,46.55404],[10.37047,46.55394],[10.37316,46.55254],[10.37578,46.55252],[10.37968,46.5498],[10.38425,46.55005],[10.38808,46.54731],[10.39711,46.54394],[10.39998,46.54481],[10.40541,46.54746],[10.40703,46.54768],[10.40916,46.54931],[10.41064,46.54941],[10.41405,46.55091],[10.41612,46.55084],[10.41825,46.55133],[10.41946,46.55088],[10.42125,46.54891],[10.42281,46.54805],[10.423,46.54733],[10.42368,46.54729],[10.42893,46.54436],[10.43361,46.54134],[10.43662,46.53736],[10.44586,46.5337],[10.44804,46.5334],[10.4528,46.53069],[10.45319,46.53084],[10.45399,46.53291],[10.45619,46.53526],[10.45849,46.53649],[10.4593,46.53876],[10.4588,46.54049],[10.45929,46.54089],[10.4591,46.5413],[10.46574,46.54126],[10.46781,46.54223],[10.47039,46.54227],[10.47223,46.54353],[10.47108,46.54837],[10.47441,46.5515],[10.47618,46.55558],[10.47775,46.55737],[10.47492,46.56211],[10.47405,46.56274],[10.47421,46.56432],[10.4751,46.56491],[10.47469,46.56665],[10.4766,46.5676],[10.47739,46.56927],[10.47742,46.57116],[10.47792,46.57181],[10.47933,46.57235],[10.48054,46.57476],[10.48296,46.576],[10.48469,46.57743],[10.48403,46.58025],[10.4834,46.58107],[10.48435,46.58273],[10.48559,46.58363],[10.48536,46.58471],[10.48782,46.58954],[10.48611,46.5906],[10.48497,46.5904],[10.48376,46.59216],[10.48399,46.59315],[10.48483,46.59369],[10.48468,46.595],[10.48719,46.59685],[10.48733,46.59806],[10.48704,46.60056],[10.48534,46.60185],[10.48438,46.6038],[10.48448,46.60507],[10.48666,46.60715],[10.48721,46.6085],[10.48925,46.60953],[10.49127,46.61134],[10.49208,46.61317],[10.49209,46.61496],[10.49229,46.61512],[10.48917,46.61502],[10.48721,46.61562],[10.48405,46.61775],[10.48167,46.62007],[10.46246,46.63309],[10.45467,46.63746],[10.44613,46.64128],[10.44367,46.63947],[10.44182,46.639],[10.43452,46.63909],[10.42633,46.63814],[10.41975,46.63812],[10.40925,46.63497],[10.40662,46.6353],[10.4013,46.63718],[10.39995,46.63847],[10.40171,46.64046],[10.40023,46.64584],[10.39668,46.6496],[10.39618,46.65096],[10.39642,46.65247],[10.39423,46.65465],[10.39416,46.6547],[10.39211,46.65514],[10.39097,46.6589],[10.3927,46.66114],[10.39194,46.6639],[10.39218,46.6658],[10.39099,46.66804],[10.39236,46.67161],[10.39116,46.67189],[10.39139,46.67249],[10.39047,46.67362],[10.38958,46.67645],[10.38798,46.6776],[10.38547,46.68182],[10.38423,46.68307],[10.3818,46.6843],[10.38181,46.68465],[10.38354,46.68728],[10.38739,46.68711],[10.38805,46.68742],[10.3883,46.68822],[10.38931,46.68858],[10.39073,46.68821],[10.39172,46.68848],[10.39218,46.68909],[10.3933,46.68921],[10.39389,46.68986],[10.39378,46.69063],[10.3966,46.69418],[10.39655,46.69578],[10.39714,46.69595],[10.39817,46.69819],[10.4033,46.7055],[10.4042,46.70501],[10.40831,46.70507],[10.4089,46.70514],[10.41125,46.70595],[10.41607,46.709],[10.41531,46.70947],[10.41535,46.7121],[10.41611,46.71339],[10.41801,46.71453],[10.41755,46.71573],[10.41777,46.71738],[10.41876,46.71902],[10.41569,46.71991],[10.41445,46.72066],[10.40985,46.72514],[10.40895,46.72827],[10.40769,46.72918],[10.4041,46.73044],[10.40365,46.73074],[10.40013,46.73278],[10.40032,46.73318],[10.40185,46.73455],[10.40646,46.73591],[10.40811,46.73727],[10.4101,46.73765],[10.41163,46.73856],[10.41291,46.74079],[10.42308,46.74527],[10.42446,46.74608],[10.43569,46.75275],[10.4391,46.75271],[10.44106,46.75214],[10.4414,46.75204],[10.4426,46.75384],[10.44424,46.75982],[10.44381,46.7633],[10.44247,46.76498],[10.44253,46.7658],[10.44168,46.76711],[10.44208,46.76812],[10.44152,46.76904],[10.44168,46.77186],[10.43922,46.77538],[10.43521,46.77753],[10.43414,46.77921],[10.43369,46.78197],[10.43088,46.78287],[10.42892,46.78535],[10.42346,46.78689],[10.42297,46.78796],[10.42271,46.78824],[10.42518,46.78925],[10.42663,46.78941],[10.42792,46.79134],[10.42673,46.79424],[10.42771,46.79387],[10.42928,46.79513],[10.42954,46.79678],[10.43898,46.79764],[10.44267,46.79898],[10.44524,46.80061],[10.44766,46.80115],[10.44868,46.80273],[10.44823,46.80331],[10.44973,46.8035],[10.45067,46.80414],[10.45087,46.80577],[10.45219,46.80662],[10.45408,46.80998],[10.45468,46.81139],[10.45421,46.81212],[10.45644,46.81395],[10.45766,46.81608],[10.45783,46.81656],[10.45602,46.81848],[10.45643,46.81995],[10.45573,46.82113],[10.45592,46.822],[10.45995,46.82436],[10.46039,46.82454],[10.45659,46.83019],[10.45912,46.83174],[10.4601,46.83442],[10.46005,46.83464],[10.46305,46.83407],[10.46646,46.83585],[10.46611,46.83699],[10.46639,46.83945],[10.46434,46.8403],[10.46386,46.8413],[10.4663,46.84351],[10.46654,46.8445],[10.46867,46.84676],[10.46886,46.84777],[10.47162,46.84864],[10.47149,46.84931],[10.46965,46.85491],[10.47924,46.85913],[10.49589,46.84857],[10.5225,46.84657],[10.55443,46.84986],[10.55099,46.83929],[10.57091,46.84282],[10.59494,46.8562],[10.62584,46.86512],[10.65056,46.86512],[10.66086,46.87146],[10.66463,46.87592],[10.69485,46.86371],[10.69313,46.85409],[10.70429,46.84669],[10.71648,46.84657],[10.72248,46.83794],[10.73218,46.83788],[10.75613,46.83272],[10.76437,46.82238],[10.75883,46.81774],[10.75295,46.81516],[10.75128,46.81501],[10.74617,46.80682],[10.74626,46.80441],[10.73416,46.79886],[10.72609,46.79786],[10.72858,46.7933],[10.72806,46.79083],[10.73055,46.78795],[10.76248,46.78408],[10.78651,46.79489],[10.81398,46.77608],[10.83595,46.78031],[10.87921,46.76385],[10.9211,46.77514],[10.94693,46.77497],[10.97543,46.7722],[10.98659,46.7675],[10.98787,46.76832],[10.99598,46.76694],[11.01362,46.77179],[11.02238,46.76538],[11.02572,46.76662],[11.0259,46.77373],[11.02755,46.77691],[11.02864,46.77837],[11.02907,46.77984],[11.03302,46.7846],[11.03602,46.79407],[11.03757,46.79418],[11.04117,46.79941],[11.04379,46.80038],[11.04435,46.8017],[11.03928,46.80505],[11.04838,46.80793],[11.05083,46.80873],[11.05688,46.80799],[11.06066,46.81328],[11.07353,46.82003],[11.08109,46.82062],[11.08366,46.82226],[11.07671,46.8351],[11.07044,46.83832],[11.07491,46.84317],[11.07302,46.84604],[11.07486,46.84713],[11.07164,46.85098],[11.07207,46.85508],[11.07319,46.85773],[11.07787,46.85899],[11.08778,46.87744],[11.10164,46.88976],[11.09744,46.89085],[11.09675,46.89334],[11.09941,46.89721],[11.0992,46.90143],[11.09791,46.90173],[11.09731,46.90542],[11.09525,46.90595],[11.09465,46.90835],[11.09731,46.91363],[11.10709,46.91595],[11.10924,46.91577],[11.1113,46.91932],[11.11011,46.92428],[11.10958,46.9265],[11.11507,46.93122],[11.11872,46.93084],[11.124,46.92934],[11.12705,46.92931],[11.12833,46.92899],[11.12967,46.92767],[11.13379,46.92849],[11.13962,46.92741],[11.14271,46.9301],[11.14554,46.93022],[11.14829,46.93139],[11.14971,46.93166],[11.15215,46.9338],[11.15516,46.93403],[11.16168,46.93928],[11.16812,46.94502],[11.1643,46.96579],[11.16829,46.96464],[11.16923,46.96467],[11.17507,46.96256],[11.17713,46.96268],[11.17825,46.96426],[11.18279,46.96596],[11.187,46.96977],[11.19022,46.97053],[11.19215,46.96886],[11.19524,46.97047],[11.20288,46.96819],[11.20558,46.96344],[11.207,46.96242],[11.22043,46.96927],[11.24116,46.96971],[11.24441,46.97162],[11.24914,46.9744],[11.25678,46.97422],[11.25918,46.97852],[11.26373,46.98081],[11.26554,46.98049],[11.27129,46.97949],[11.28373,46.98295],[11.28854,46.98599],[11.2942,46.98622],[11.30244,46.98324],[11.30527,46.98423],[11.30776,46.984],[11.31712,46.99103],[11.32008,46.9924],[11.32609,46.99082],[11.32828,46.98854],[11.33287,46.98868],[11.33424,46.98842],[11.33583,46.98541],[11.33699,46.98482],[11.33892,46.98552],[11.34072,46.9852],[11.34227,46.98719],[11.34222,46.98851],[11.34446,46.98939],[11.34579,46.99094],[11.34776,46.99067],[11.34836,46.98953],[11.35128,46.98939],[11.3563,46.99067],[11.35875,46.99041],[11.35919,46.98998],[11.36072,46.98845],[11.36476,46.9871],[11.3657,46.98382],[11.37463,46.98014],[11.37746,46.9775],[11.37797,46.97633],[11.38012,46.97539],[11.38227,46.97056],[11.3875,46.97012],[11.38909,46.96936],[11.39222,46.96965],[11.40201,46.96503],[11.40475,46.96491],[11.40922,46.96708],[11.41591,46.96713],[11.41754,46.96626],[11.41926,46.96907],[11.42647,46.96942],[11.43093,46.97264],[11.4402,46.97504],[11.44295,46.97697],[11.44278,46.98043],[11.45368,46.99272],[11.45737,46.99249],[11.46046,46.99126],[11.46402,46.99346],[11.46973,46.99553],[11.46852,46.99793],[11.47127,47.00373],[11.47882,47.01069],[11.50203,47.00965],[11.50196,47.00948],[11.50223,47.00941],[11.502,47.00886],[11.50109,47.00802],[11.50088,47.00763],[11.50084,47.00724],[11.50211,47.00682],[11.50243,47.00709],[11.51273,47.00496],[11.53788,46.98406],[11.58234,46.99758],[11.57976,47.00156],[11.58955,47.00531],[11.5971,47.00584],[11.59907,47.00502],[11.60422,47.00709],[11.60551,47.00853],[11.608,47.0092],[11.60937,47.01072],[11.6159,47.01263],[11.62139,47.0114],[11.62688,47.01309],[11.63589,47.00227],[11.66525,46.99161],[11.71211,46.99255],[11.72996,46.97276],[11.76507,46.97282],[11.77305,46.98517],[11.78052,46.98915],[11.78163,46.99272],[11.79099,46.9895],[11.80352,46.99173],[11.81022,46.98997],[11.81597,46.98997],[11.82781,46.99325],[11.83665,46.99296],[11.84498,47.00174],[11.85236,47.00033],[11.86,47.00818],[11.86867,47.0114],[11.8745,47.00999],[11.87897,47.01608],[11.89304,47.0162],[11.89527,47.02053],[11.91141,47.02837],[11.91536,47.02872],[11.91536,47.03281],[11.93167,47.03691],[11.94283,47.03574],[11.9466,47.03269],[11.94969,47.03492],[11.95055,47.03784],[11.95639,47.04322],[11.96171,47.04007],[11.96754,47.04042],[11.97321,47.04743],[11.97939,47.05048],[11.98488,47.0472],[11.99158,47.04907],[12.02145,47.04732],[12.0278,47.05018],[12.03072,47.05053],[12.03526,47.05843],[12.04411,47.06141],[12.05097,47.06189],[12.05277,47.06077],[12.05647,47.06106],[12.05948,47.05851],[12.07688,47.059],[12.08327,47.06995],[12.09213,47.07375],[12.09192,47.07605],[12.09955,47.07819],[12.10672,47.0776],[12.11896,47.07323],[12.13035,47.07789],[12.1336,47.07737],[12.13602,47.08068],[12.15157,47.07929],[12.17774,47.08797],[12.18052,47.09113],[12.18598,47.09212],[12.19794,47.08872],[12.21541,47.08608],[12.21726,47.08409],[12.22695,47.08211],[12.23028,47.0763],[12.23731,47.07042],[12.24079,47.06913],[12.23924,47.06746],[12.23478,47.06492],[12.23199,47.06392],[12.21684,47.05866],[12.21542,47.0551],[12.21718,47.05109],[12.21714,47.04615],[12.20461,47.02743],[12.17989,47.02474],[12.1641,47.01959],[12.1471,47.02474],[12.12135,47.00671],[12.12822,46.98517],[12.13852,46.98213],[12.13646,46.96538],[12.13071,46.96438],[12.13843,46.95647],[12.15878,46.95073],[12.16865,46.93766],[12.16762,46.93303],[12.16187,46.92993],[12.15208,46.91727],[12.14393,46.91375],[12.15981,46.90912],[12.16152,46.90671],[12.16993,46.91023],[12.17667,46.907],[12.18019,46.90827],[12.1889,46.90624],[12.19534,46.90017],[12.19942,46.89604],[12.19663,46.89293],[12.20624,46.88237],[12.21817,46.87357],[12.22186,46.88014],[12.22783,46.87865],[12.23353,46.88299],[12.23654,46.88621],[12.23615,46.88891],[12.24216,46.89123],[12.24559,46.88897],[12.26061,46.88706],[12.26671,46.88797],[12.26864,46.88621],[12.27413,46.88437],[12.27795,46.87932],[12.27529,46.87337],[12.29168,46.86509],[12.28945,46.85726],[12.29203,46.84977],[12.29658,46.84769],[12.2958,46.84343],[12.30537,46.84282],[12.30572,46.83319],[12.28237,46.81522],[12.29216,46.80253],[12.28048,46.7923],[12.28443,46.7829],[12.30949,46.78513],[12.32653,46.7814],[12.33254,46.7792],[12.33679,46.77914],[12.34254,46.77626],[12.35112,46.77696],[12.3537,46.77532],[12.35747,46.77502],[12.35919,46.77279],[12.35807,46.76944],[12.36588,46.75374],[12.36728,46.7474],[12.367,46.74674],[12.36863,46.7451],[12.36841,46.74236],[12.36914,46.74041],[12.36972,46.74053],[12.37006,46.7406],[12.37013,46.74035],[12.37126,46.74037],[12.37387,46.73204],[12.37584,46.73233],[12.37782,46.72657],[12.37777,46.72224],[12.384,46.71642],[12.38511,46.71633],[12.38674,46.71653],[12.3879,46.71562],[12.38751,46.71506],[12.38975,46.71436],[12.3912,46.71324],[12.39404,46.71253],[12.39468,46.71135],[12.39902,46.71041],[12.40082,46.70906],[12.40082,46.70812],[12.40232,46.70694],[12.40335,46.70706],[12.40417,46.70647],[12.4073,46.70547],[12.41,46.70615],[12.41043,46.70382],[12.41133,46.70261],[12.41335,46.70188],[12.41399,46.70082],[12.41919,46.69932],[12.42283,46.6997],[12.42588,46.6997],[12.42751,46.69891],[12.4282,46.6972],[12.42777,46.69479],[12.43172,46.69426],[12.43661,46.69202],[12.43918,46.68996],[12.4427,46.68843],[12.44562,46.69008],[12.44854,46.68955],[12.45335,46.68978],[12.45446,46.68819],[12.46064,46.68748],[12.46202,46.68666],[12.46536,46.68651],[12.46738,46.68728],[12.46901,46.68732],[12.47067,46.6868],[12.47383,46.68688],[12.47584,46.68569],[12.47653,46.68474],[12.47647,46.684],[12.47758,46.68284],[12.47732,46.68153],[12.47801,46.67978],[12.47908,46.67831],[12.48026,46.67762],[12.4828,46.677],[12.48621,46.67745],[12.49242,46.67643],[12.4939,46.67674],[12.49427,46.67758],[12.49629,46.67757],[12.497,46.67705],[12.49921,46.67757],[12.50009,46.67848],[12.50119,46.67985],[12.50181,46.68062],[12.50361,46.68034],[12.50415,46.68001],[12.50506,46.67986],[12.50544,46.67947],[12.50613,46.67779],[12.50885,46.67776],[12.5094,46.67796],[12.51091,46.67792],[12.51318,46.67838],[12.51579,46.67842],[12.51781,46.67755],[12.5201,46.67691],[12.52312,46.6754],[12.52804,46.67415],[12.52871,46.67006],[12.53663,46.66742],[12.54724,46.65922],[12.55888,46.6574],[12.56001,46.65312],[12.56903,46.6514],[12.57837,46.65685],[12.60272,46.6561],[12.61907,46.66183],[12.63109,46.6614],[12.63405,46.65483],[12.64122,46.65221],[12.65066,46.65312],[12.66844,46.65764],[12.68206,46.65592],[12.69064,46.65695],[12.70123,46.65095],[12.71599,46.6492],[12.72163,46.64173],[12.72688,46.64037],[12.73006,46.63473],[12.73495,46.63569],[12.73785,46.63484],[12.74024,46.63652],[12.74564,46.63829],[12.74639,46.64186],[12.75103,46.64539],[12.76253,46.64795],[12.78432,46.64499],[12.79543,46.64241],[12.79598,46.63868],[12.80405,46.63317],[12.81659,46.63144],[12.81904,46.62817],[12.82881,46.63118],[12.83129,46.63133],[12.83099,46.629],[12.83719,46.62747],[12.83361,46.62191],[12.83452,46.61432],[12.83364,46.61022],[12.84774,46.60542],[12.86086,46.60644],[12.86543,46.6099],[12.87302,46.60753],[12.87741,46.60919],[12.88209,46.60713],[12.88854,46.60669],[12.89625,46.60948],[12.89901,46.60972],[12.90504,46.60758],[12.91008,46.60965],[12.92424,46.60894],[12.93187,46.60992],[12.93404,46.6083],[12.94489,46.60358],[12.94884,46.60226],[12.95654,46.60651],[12.9667,46.60509],[12.97751,46.60067],[12.98137,46.60223],[12.99338,46.60173],[13.00739,46.59925],[13.0215,46.60221],[13.0276,46.5972],[13.04096,46.59725],[13.04642,46.59528],[13.04971,46.59585],[13.05162,46.59703],[13.05549,46.59734],[13.05609,46.59761],[13.05631,46.59739],[13.0598,46.59677],[13.0613,46.59716],[13.06131,46.59735],[13.06167,46.59763],[13.06176,46.59818],[13.06242,46.59924],[13.06242,46.59943],[13.06272,46.59974],[13.06365,46.59989],[13.06431,46.5997],[13.06665,46.59934],[13.0686,46.59893],[13.06918,46.599],[13.07006,46.59971],[13.07036,46.5997],[13.07249,46.59878],[13.07401,46.59957],[13.07504,46.5993],[13.0774,46.59965],[13.07893,46.59914],[13.08034,46.59968],[13.08056,46.59968],[13.08139,46.60014],[13.08182,46.60023],[13.0821,46.59996],[13.08234,46.59996],[13.0824,46.60014],[13.08212,46.60041],[13.08221,46.60054],[13.08221,46.6007],[13.08358,46.60204],[13.09019,46.60097],[13.09139,46.60032],[13.09223,46.60046],[13.09665,46.59729],[13.10266,46.59536],[13.1041,46.59529],[13.10613,46.59439],[13.10755,46.59551],[13.10826,46.59535],[13.10899,46.59607],[13.11281,46.59507],[13.11373,46.59395],[13.11489,46.59384],[13.11521,46.5941],[13.11768,46.59418],[13.12167,46.59178],[13.1242,46.59165],[13.12575,46.59095],[13.12826,46.5919],[13.13034,46.59076],[13.13042,46.59122],[13.13304,46.59172],[13.13476,46.59079],[13.13772,46.59126],[13.13802,46.5907],[13.14214,46.58979],[13.14381,46.58756],[13.14632,46.58709],[13.14783,46.58808],[13.14793,46.58858],[13.14989,46.58912],[13.15083,46.59001],[13.15313,46.58871],[13.1563,46.58902],[13.15686,46.5887],[13.15948,46.58858],[13.15984,46.58871],[13.16255,46.58818],[13.16546,46.58926],[13.16855,46.58892],[13.1684,46.58824],[13.16931,46.58604],[13.16868,46.58498],[13.17126,46.58352],[13.17446,46.58269],[13.17527,46.58185],[13.17707,46.58172],[13.17733,46.57961],[13.1789,46.57915],[13.17914,46.57779],[13.19467,46.57188],[13.20321,46.57226],[13.20909,46.56928],[13.21732,46.5705],[13.22654,46.56424],[13.23238,46.5589],[13.23253,46.55359],[13.23979,46.55171],[13.24204,46.55608],[13.25282,46.56049],[13.26098,46.55724],[13.26943,46.56125],[13.2855,46.55706],[13.28786,46.55918],[13.29755,46.56029],[13.31271,46.55362],[13.32059,46.55119],[13.32317,46.55451],[13.32769,46.55815],[13.33824,46.56367],[13.34471,46.56999],[13.3524,46.56654],[13.36198,46.56988],[13.37047,46.56698],[13.37089,46.56731],[13.36839,46.57377],[13.37227,46.57926],[13.38858,46.57667],[13.40086,46.5721],[13.4098,46.57206],[13.40694,46.5642],[13.4075,46.56151],[13.42723,46.55753],[13.43663,46.55925],[13.44275,46.55663],[13.45162,46.55924],[13.46213,46.55912],[13.47526,46.5576],[13.47836,46.5607],[13.49956,46.5659],[13.50422,46.56633],[13.50534,46.55591],[13.51154,46.55543],[13.51197,46.55216],[13.51997,46.5469],[13.53498,46.54967],[13.53924,46.5529],[13.54912,46.55309],[13.55735,46.55123],[13.56093,46.55191],[13.56924,46.54451],[13.56931,46.53963],[13.57628,46.53801],[13.58296,46.53972],[13.58715,46.54458],[13.59202,46.54614],[13.59737,46.54566],[13.60103,46.54315],[13.61056,46.54359],[13.62797,46.54135],[13.63804,46.53571],[13.64076,46.53477],[13.643,46.53263],[13.6445,46.53326],[13.65844,46.5293],[13.65861,46.52854],[13.659,46.52769],[13.66052,46.52745],[13.66272,46.52683],[13.66673,46.52679],[13.66894,46.52585],[13.6695,46.52507],[13.67117,46.5249],[13.67307,46.52313],[13.68038,46.52167],[13.68985,46.52151],[13.69115,46.52103],[13.69148,46.52115],[13.69184,46.5215],[13.69312,46.52154],[13.69399,46.52191],[13.69435,46.5226],[13.69662,46.52322],[13.69822,46.52327],[13.70028,46.52285],[13.70162,46.52245],[13.7026,46.52241],[13.70272,46.52192],[13.70367,46.52158],[13.70429,46.52159],[13.70451,46.52149],[13.70451,46.52134],[13.70533,46.52105],[13.70666,46.52111],[13.70853,46.52101],[13.70968,46.52129],[13.71042,46.52123],[13.71086,46.52158],[13.71171,46.52212],[13.71169,46.52216],[13.71207,46.52226],[13.71284,46.52269],[13.71369,46.52299],[13.71409,46.523],[13.71406,46.5227],[13.71421,46.52248],[13.71432,46.52208],[13.71476,46.52072],[13.71485,46.52047],[13.71506,46.5198],[13.71514,46.51954],[13.71525,46.51921],[13.71543,46.51866],[13.71554,46.5183],[13.71571,46.5178],[13.71593,46.51709],[13.7163,46.51598],[13.71635,46.5158],[13.71647,46.51559],[13.71654,46.51548],[13.71659,46.51538],[13.71662,46.51527],[13.71663,46.51517],[13.71665,46.51506],[13.71674,46.51485],[13.71685,46.51472],[13.71693,46.51452],[13.71695,46.51444],[13.71699,46.51437],[13.71707,46.51425],[13.71708,46.51404],[13.71698,46.51358],[13.71697,46.51347],[13.71694,46.5134],[13.71698,46.51334],[13.71706,46.51327],[13.71715,46.51323],[13.71718,46.51318],[13.71721,46.51311],[13.71724,46.51297],[13.71729,46.5127],[13.71726,46.51245],[13.71723,46.51239],[13.71716,46.51233],[13.71701,46.51226],[13.71682,46.51217],[13.71679,46.51201],[13.71682,46.51193],[13.71683,46.51185],[13.71673,46.5117],[13.71647,46.51152],[13.71641,46.51146],[13.71634,46.51126],[13.71633,46.51111],[13.71633,46.51085],[13.7163,46.51077],[13.71632,46.51057],[13.7163,46.51052],[13.71622,46.51044],[13.71616,46.51033],[13.71611,46.51021],[13.7161,46.51014],[13.71606,46.51],[13.716,46.50996],[13.71585,46.50993],[13.7158,46.50986],[13.71579,46.5098],[13.71581,46.50976],[13.71594,46.5096],[13.71598,46.50949],[13.71596,46.50925],[13.71598,46.50913],[13.71598,46.50899],[13.71594,46.50887],[13.71617,46.50844],[13.71665,46.50732],[13.7167,46.50702],[13.71659,46.50676],[13.71635,46.50626],[13.71622,46.50617],[13.71597,46.50603],[13.71545,46.50578],[13.71523,46.5057],[13.71492,46.50568],[13.71471,46.5056],[13.71415,46.50549],[13.71388,46.5054],[13.71321,46.50528],[13.71268,46.50521],[13.71233,46.50517],[13.7117,46.50508],[13.71114,46.50483],[13.71088,46.50472],[13.71041,46.5045],[13.70925,46.50399],[13.70823,46.50352],[13.70768,46.50328],[13.70405,46.50166],[13.70399,46.5016],[13.70384,46.50157],[13.70368,46.50135],[13.70372,46.50118],[13.70368,46.50103],[13.70344,46.50091],[13.70341,46.50063],[13.70326,46.50064],[13.70323,46.50042],[13.70366,46.50038],[13.70344,46.50017],[13.70322,46.5],[13.703,46.4997],[13.70274,46.4992],[13.70249,46.49875],[13.70307,46.49846],[13.70317,46.49846],[13.70326,46.49835],[13.70339,46.49831],[13.70339,46.49822],[13.70348,46.49809],[13.7035,46.49801],[13.70354,46.49797],[13.7037,46.49797],[13.70381,46.49793],[13.70384,46.49786],[13.70385,46.49778],[13.7038,46.4977],[13.7038,46.49759],[13.70378,46.49751],[13.70375,46.49733],[13.70375,46.49722],[13.7035,46.49675],[13.7034,46.49677],[13.70318,46.49623],[13.70308,46.49622],[13.70298,46.49616],[13.70298,46.49608],[13.70295,46.49601],[13.703,46.49599],[13.70297,46.49594],[13.703,46.49579],[13.70317,46.49565],[13.70374,46.49543],[13.70399,46.49531],[13.70432,46.49517],[13.70456,46.4951],[13.70489,46.49504],[13.70498,46.49501],[13.70488,46.49479],[13.7048,46.49427],[13.70491,46.4941],[13.70521,46.49384],[13.70529,46.49354],[13.70523,46.4932],[13.70526,46.49292],[13.7053,46.4926],[13.70542,46.4924],[13.70552,46.492],[13.70475,46.49195],[13.70452,46.49176],[13.70448,46.49166],[13.70439,46.49138],[13.70439,46.49107],[13.70412,46.49086],[13.70419,46.49066],[13.70433,46.49054],[13.70435,46.49044],[13.7042,46.49005],[13.7042,46.48971],[13.70427,46.48961],[13.70404,46.48888],[13.70406,46.4886],[13.70399,46.48817],[13.7041,46.48792],[13.70408,46.4876],[13.70408,46.48714],[13.7042,46.4869],[13.70412,46.48665],[13.70359,46.48644],[13.70337,46.48634],[13.70337,46.48628],[13.70343,46.48611],[13.70354,46.48588],[13.70371,46.48577],[13.70378,46.48568],[13.70375,46.48552],[13.70301,46.48528],[13.70303,46.48512],[13.70315,46.4848],[13.7034,46.48442],[13.70411,46.48411],[13.70481,46.48393],[13.70516,46.48383],[13.70565,46.48363],[13.7059,46.48354],[13.70603,46.48392],[13.70626,46.48374],[13.70641,46.48358],[13.70664,46.48346],[13.70687,46.48332],[13.70718,46.48304],[13.70737,46.48296],[13.70771,46.48287],[13.70799,46.48276],[13.70805,46.48249],[13.70822,46.48233],[13.70847,46.48216],[13.70882,46.48195],[13.70932,46.48174],[13.70994,46.48179],[13.71014,46.48179],[13.70991,46.4813],[13.70978,46.48097],[13.70959,46.48058],[13.70926,46.48012],[13.70893,46.47991],[13.70849,46.47961],[13.70827,46.4794],[13.70809,46.47914],[13.70774,46.47878],[13.70745,46.47853],[13.70721,46.47822],[13.70698,46.47807],[13.7064,46.47788],[13.70593,46.47759],[13.70563,46.47743],[13.70531,46.47724],[13.70478,46.47698],[13.70444,46.47687],[13.70405,46.47668],[13.70355,46.47645],[13.70328,46.47634],[13.70307,46.47617],[13.70249,46.47574],[13.70209,46.4755],[13.702,46.47507],[13.70179,46.47478],[13.7012,46.47465],[13.70094,46.47441],[13.70083,46.4743],[13.70065,46.47385],[13.70042,46.47368],[13.70031,46.47356],[13.70027,46.47347],[13.70013,46.47317],[13.70003,46.47297],[13.69986,46.47272],[13.69977,46.47264],[13.69981,46.47254],[13.69969,46.47237],[13.69961,46.47224],[13.69972,46.47208],[13.69972,46.47196],[13.69965,46.47188],[13.69955,46.47173],[13.69948,46.47146],[13.69943,46.47123],[13.69941,46.4711],[13.69913,46.47107],[13.699,46.47106],[13.69881,46.47107],[13.69864,46.47099],[13.69857,46.47091],[13.6985,46.47084],[13.69843,46.47075],[13.69837,46.47065],[13.69826,46.47059],[13.69804,46.47052],[13.69788,46.47042],[13.69779,46.47035],[13.69775,46.47031],[13.69766,46.47027],[13.69754,46.47018],[13.69751,46.47013],[13.69744,46.4701],[13.69696,46.46972],[13.69684,46.46964],[13.69666,46.4696],[13.69661,46.46956],[13.69658,46.46951],[13.69638,46.46927],[13.69631,46.46923],[13.69621,46.4692],[13.69611,46.46915],[13.69592,46.46901],[13.69581,46.46897],[13.69576,46.46893],[13.69571,46.46891],[13.69565,46.4689],[13.69559,46.46886],[13.69556,46.4688],[13.69549,46.46877],[13.69542,46.4687],[13.69539,46.46858],[13.69533,46.46853],[13.69533,46.46849],[13.69536,46.46843],[13.69532,46.46838],[13.69529,46.46831],[13.69523,46.46828],[13.69513,46.46825],[13.69502,46.46819],[13.69493,46.46817],[13.69477,46.46816],[13.69461,46.46813],[13.69447,46.46809],[13.69432,46.46805],[13.69419,46.46805],[13.69392,46.46801],[13.69378,46.46797],[13.69367,46.46794],[13.69364,46.46789],[13.69367,46.46781],[13.69367,46.46771],[13.6937,46.46763],[13.69375,46.46749],[13.69375,46.46739],[13.69379,46.46728],[13.6938,46.46716],[13.6938,46.46709],[13.69374,46.46695],[13.6937,46.46684],[13.6938,46.46655],[13.69384,46.46637],[13.69384,46.46625],[13.69388,46.46606],[13.69385,46.46598],[13.69382,46.4659],[13.69384,46.46585],[13.69384,46.46575],[13.69384,46.46567],[13.69385,46.46555],[13.69377,46.4655],[13.6937,46.4654],[13.69367,46.46532],[13.69368,46.46526],[13.69375,46.46519],[13.69378,46.46499],[13.69373,46.46489],[13.69373,46.4648],[13.69373,46.4647],[13.69381,46.46457],[13.69413,46.46446],[13.69432,46.46436],[13.69449,46.46425],[13.69463,46.46421],[13.69475,46.46413],[13.69498,46.46397],[13.6952,46.46385],[13.69523,46.46374],[13.69538,46.46344],[13.6955,46.46333],[13.69561,46.46323],[13.69577,46.46322],[13.6959,46.46308],[13.69602,46.46297],[13.69616,46.46285],[13.69627,46.46277],[13.69638,46.4627],[13.69643,46.46264],[13.69651,46.46248],[13.69652,46.46237],[13.69655,46.46223],[13.69659,46.46212],[13.69655,46.46204],[13.69647,46.46193],[13.69644,46.46181],[13.69649,46.46174],[13.69654,46.46169],[13.69653,46.46162],[13.69654,46.46156],[13.69658,46.46151],[13.69663,46.4614],[13.69665,46.46122],[13.6967,46.46116],[13.69675,46.46096],[13.69675,46.46084],[13.69673,46.46075],[13.69674,46.46068],[13.69673,46.46057],[13.69674,46.46044],[13.6968,46.46034],[13.69685,46.46031],[13.69697,46.46031],[13.69726,46.46024],[13.69732,46.46022],[13.69741,46.4602],[13.69739,46.46009],[13.6974,46.45998],[13.69747,46.45986],[13.69754,46.45976],[13.69765,46.45968],[13.69797,46.45949],[13.69805,46.45943],[13.69811,46.45937],[13.69816,46.45916],[13.69817,46.45906],[13.69813,46.45897],[13.69794,46.45863],[13.69789,46.45844],[13.69782,46.45831],[13.69785,46.45808],[13.69825,46.458],[13.69832,46.45797],[13.69837,46.45792],[13.6984,46.45783],[13.69848,46.45763],[13.6985,46.45755],[13.69851,46.45748],[13.69859,46.45734],[13.69862,46.45726],[13.69864,46.45716],[13.69867,46.45705],[13.69869,46.45693],[13.69873,46.4568],[13.6988,46.45671],[13.6987,46.45661],[13.69849,46.45638],[13.6984,46.45627],[13.69833,46.45616],[13.6983,46.456],[13.69823,46.45589],[13.69809,46.45572],[13.69798,46.45552],[13.69792,46.45538],[13.69788,46.45526],[13.69783,46.45519],[13.69772,46.45507],[13.6976,46.45484],[13.69751,46.45469],[13.69741,46.45458],[13.69728,46.4544],[13.69722,46.4543],[13.69722,46.45423],[13.69725,46.45417],[13.69726,46.45409],[13.69726,46.45401],[13.69723,46.45396],[13.69721,46.45389],[13.69722,46.45384],[13.69726,46.45374],[13.69723,46.45362],[13.69713,46.45356],[13.69694,46.45347],[13.69676,46.45339],[13.69659,46.45329],[13.69644,46.45322],[13.69645,46.45314],[13.69648,46.45304],[13.69648,46.45296],[13.69631,46.45282],[13.6962,46.45274],[13.69601,46.45266],[13.69586,46.45257],[13.69579,46.4525],[13.69579,46.45243],[13.6958,46.45238],[13.69583,46.45234],[13.69582,46.45229],[13.69581,46.45223],[13.69581,46.45209],[13.69576,46.45202],[13.6957,46.45198],[13.69565,46.45191],[13.69562,46.45185],[13.69552,46.45173],[13.69533,46.45155],[13.69519,46.4514],[13.69512,46.45134],[13.69508,46.45126],[13.69507,46.4512],[13.69507,46.45107],[13.69505,46.451],[13.69505,46.45094],[13.69503,46.45088],[13.69498,46.45081],[13.69493,46.45075],[13.69494,46.45062],[13.69489,46.45053],[13.69486,46.45046],[13.69486,46.45041],[13.69483,46.45037],[13.69471,46.45014],[13.6947,46.45004],[13.69467,46.44994],[13.69466,46.44987],[13.69462,46.44983],[13.69456,46.44977],[13.69451,46.44969],[13.69442,46.44966],[13.69429,46.44959],[13.69423,46.44951],[13.6942,46.44944],[13.69421,46.44917],[13.69419,46.4491],[13.69415,46.44905],[13.69405,46.4489],[13.69403,46.44882],[13.69402,46.44873],[13.69403,46.44867],[13.69401,46.44862],[13.69401,46.44858],[13.69402,46.44855],[13.69404,46.44852],[13.69406,46.44842],[13.69403,46.44833],[13.69396,46.44818],[13.69393,46.44804],[13.69389,46.44797],[13.69383,46.44794],[13.6938,46.4479],[13.69375,46.44774],[13.69375,46.44758],[13.69374,46.44752],[13.69371,46.44747],[13.69371,46.44742],[13.6938,46.44739],[13.69388,46.44721],[13.69396,46.4471],[13.69399,46.44701],[13.69397,46.44691],[13.69391,46.4467],[13.69394,46.44662],[13.69397,46.44655],[13.69407,46.44638],[13.69409,46.44631],[13.69416,46.44622],[13.69421,46.44621],[13.69426,46.44618],[13.6943,46.44616],[13.69436,46.44614],[13.69431,46.44607],[13.69425,46.44594],[13.69408,46.44579],[13.69398,46.44567],[13.69395,46.44557],[13.69394,46.4454],[13.69394,46.44525],[13.69398,46.44503],[13.69398,46.44493],[13.69395,46.44486],[13.69395,46.4448],[13.69399,46.44472],[13.69398,46.44465],[13.69389,46.44451],[13.69376,46.44434],[13.69374,46.44426],[13.69373,46.44407],[13.6937,46.44384],[13.69347,46.44377],[13.69337,46.4437],[13.69326,46.44359],[13.69311,46.4435],[13.69281,46.44341],[13.69256,46.44333],[13.69235,46.44327],[13.69227,46.44323],[13.69223,46.44318],[13.69213,46.44292],[13.69202,46.44276],[13.69189,46.44251],[13.69186,46.44237],[13.6917,46.44227],[13.69152,46.4422],[13.69139,46.44211],[13.69111,46.44178],[13.69101,46.4417],[13.69088,46.44159],[13.69076,46.44148],[13.69066,46.44136],[13.69058,46.44129],[13.69032,46.44118],[13.68999,46.44099],[13.68987,46.44088],[13.68966,46.44057],[13.6895,46.44038],[13.68936,46.44024],[13.68934,46.44018],[13.68925,46.43999],[13.68894,46.44003],[13.68876,46.44004],[13.68865,46.44006],[13.68856,46.44016],[13.68844,46.44027],[13.68819,46.44044],[13.68798,46.44018],[13.68786,46.43994],[13.68775,46.43977],[13.68766,46.43975],[13.68748,46.43971],[13.68723,46.43968],[13.68709,46.43968],[13.68692,46.43965],[13.68671,46.43963],[13.68643,46.43958],[13.68635,46.43956],[13.68619,46.43956],[13.68601,46.43962],[13.68587,46.43964],[13.68571,46.43966],[13.68553,46.43962],[13.68525,46.43953],[13.68501,46.43933],[13.685,46.4392],[13.68495,46.43908],[13.68492,46.43895],[13.68489,46.43875],[13.68489,46.43855],[13.68481,46.43838],[13.68479,46.4382],[13.68472,46.43811],[13.68473,46.43792],[13.68424,46.43762],[13.68402,46.43747],[13.68385,46.43717],[13.68406,46.43663],[13.68351,46.43419],[13.68139,46.43224],[13.68095,46.43237],[13.68043,46.43046],[13.6819,46.42963],[13.67744,46.42373],[13.68024,46.42122],[13.68111,46.41968],[13.68476,46.42057],[13.68859,46.42309],[13.693,46.42323],[13.69942,46.42617],[13.70559,46.42601],[13.71437,46.42974],[13.71645,46.42895],[13.71906,46.43003],[13.72339,46.43404],[13.72702,46.436],[13.73126,46.43736],[13.73522,46.43758],[13.73585,46.43857],[13.73918,46.43911],[13.74034,46.43638],[13.74369,46.43477],[13.74515,46.43473],[13.74664,46.43415],[13.75047,46.4275],[13.75913,46.42397],[13.76223,46.42363],[13.76352,46.42438],[13.76606,46.42413],[13.76765,46.42453],[13.76968,46.42466],[13.7707,46.42279],[13.77235,46.42223],[13.77345,46.42289],[13.77583,46.42262],[13.77592,46.42232],[13.77681,46.42211],[13.77774,46.42284],[13.7787,46.42271],[13.78001,46.42208],[13.78258,46.41986],[13.78681,46.41826],[13.79268,46.41624],[13.79242,46.41441],[13.79616,46.41435],[13.79911,46.41366],[13.79971,46.41288],[13.79964,46.41197],[13.80001,46.41074],[13.80221,46.40984],[13.80381,46.40998],[13.80677,46.41089],[13.81175,46.4099],[13.81403,46.40756],[13.8116,46.40416],[13.81258,46.39816],[13.81626,46.39376],[13.815,46.38796],[13.819,46.3854],[13.82195,46.38323],[13.82492,46.38146],[13.82739,46.38098],[13.83029,46.38168],[13.83203,46.38268],[13.83269,46.38177],[13.83402,46.38206],[13.83416,46.38186],[13.83526,46.38158],[13.83577,46.38153],[13.83604,46.38096],[13.83612,46.38007],[13.83631,46.37944],[13.83649,46.37845],[13.83674,46.37841],[13.83671,46.37823],[13.83667,46.37805],[13.8364,46.37623],[13.83567,46.37531],[13.83438,46.3737],[13.83193,46.37073],[13.83081,46.36938],[13.83015,46.36855],[13.82913,46.3673],[13.82861,46.36668],[13.82684,46.3645],[13.82544,46.36414],[13.82299,46.36354],[13.82215,46.36333],[13.82074,46.36297],[13.81574,46.35921],[13.80279,46.35576],[13.79424,46.35709],[13.78235,46.35039],[13.77021,46.346],[13.76203,46.34195],[13.75509,46.3421],[13.75074,46.33776],[13.74464,46.33735],[13.74098,46.3326],[13.7425,46.32162],[13.74618,46.31467],[13.74346,46.30974],[13.7348,46.30575],[13.72488,46.2968],[13.73223,46.29234],[13.73012,46.28524],[13.73513,46.28159],[13.73617,46.2801],[13.73731,46.27625],[13.74393,46.275],[13.75062,46.26653],[13.75255,46.26558],[13.75695,46.26059],[13.75827,46.26018],[13.75982,46.26002],[13.76281,46.26041],[13.76621,46.26166],[13.77459,46.25873],[13.78258,46.25184],[13.79167,46.24883],[13.80405,46.24398],[13.81252,46.23829],[13.81815,46.23918],[13.83199,46.23914],[13.84591,46.23298],[13.85321,46.23307],[13.86526,46.2277],[13.87535,46.22591],[13.88482,46.22914],[13.89216,46.22575],[13.89715,46.22639],[13.90319,46.23032],[13.90871,46.23032],[13.91248,46.22895],[13.91665,46.23065],[13.92016,46.22976],[13.92525,46.23069],[13.92775,46.23012],[13.9316,46.23104],[13.93227,46.23072],[13.93401,46.23074],[13.9362,46.23178],[13.93946,46.23125],[13.94209,46.23124],[13.94504,46.23181],[13.94711,46.2315],[13.94928,46.23383],[13.95144,46.23451],[13.95385,46.23649],[13.95865,46.23709],[13.96593,46.23322],[13.96975,46.23415],[13.97011,46.23459],[13.97129,46.23501],[13.97216,46.23473],[13.97294,46.23479],[13.97641,46.23803],[13.97815,46.238],[13.97842,46.23867],[13.98072,46.23754],[13.98168,46.23707],[13.99064,46.23762],[13.99349,46.23692],[13.99406,46.23628],[13.99913,46.23443],[13.99998,46.23384],[14.00207,46.23192],[14.00311,46.23118],[14.00472,46.23051],[14.00664,46.22961],[14.00647,46.22641],[14.00774,46.22582],[14.00671,46.22046],[14.00856,46.21751],[14.00654,46.21728],[14.00641,46.21594],[14.0064,46.21562],[14.00629,46.21532],[14.00615,46.21517],[14.00582,46.21477],[14.00571,46.21461],[14.00567,46.21435],[14.00532,46.21348],[14.00523,46.21333],[14.0051,46.21325],[14.00498,46.21307],[14.00496,46.21285],[14.00471,46.2122],[14.00435,46.2117],[14.00462,46.2112],[14.00498,46.21095],[14.00509,46.21068],[14.00507,46.21047],[14.00523,46.21023],[14.0053,46.21003],[14.0055,46.2099],[14.00565,46.20969],[13.99693,46.20895],[13.99607,46.2085],[13.99453,46.20735],[13.99431,46.20688],[13.99424,46.20629],[13.99394,46.2058],[13.99363,46.20562],[13.99355,46.2054],[13.99322,46.20534],[13.99235,46.20457],[13.9921,46.20314],[13.99129,46.20274],[13.99008,46.20116],[13.98894,46.19772],[13.98827,46.19291],[13.98573,46.1825],[13.98939,46.18053],[13.98692,46.17639],[13.98946,46.17643],[13.99136,46.17583],[13.99132,46.17459],[13.99034,46.17343],[13.99825,46.16981],[13.99919,46.16989],[14.00007,46.17032],[14.00261,46.16907],[14.00409,46.17009],[14.00509,46.16958],[14.008,46.1714],[14.01093,46.17075],[14.01172,46.17082],[14.01276,46.17109],[14.01388,46.17152],[14.01488,46.17223],[14.01566,46.17283],[14.02343,46.17002],[14.02339,46.16967],[14.02429,46.16912],[14.02752,46.16901],[14.03041,46.16976],[14.03234,46.17162],[14.0338,46.17189],[14.03588,46.17118],[14.03956,46.17218],[14.04309,46.1708],[14.04461,46.17007],[14.04605,46.16917],[14.0467,46.16891],[14.04748,46.16869],[14.04927,46.1685],[14.05169,46.16845],[14.05217,46.16947],[14.05261,46.16962],[14.05464,46.16897],[14.05535,46.169],[14.05574,46.16883],[14.05606,46.16845],[14.05804,46.16787],[14.05877,46.1669],[14.06073,46.16726],[14.06112,46.16776],[14.06218,46.16654],[14.06374,46.16675],[14.06607,46.16619],[14.06588,46.16516],[14.06702,46.16477],[14.06731,46.16516],[14.06773,46.1654],[14.0683,46.16557],[14.06883,46.16564],[14.06992,46.16557],[14.07131,46.16559],[14.07224,46.1656],[14.07307,46.16562],[14.0737,46.1657],[14.07388,46.16206],[14.07334,46.1559],[14.06949,46.1514],[14.06935,46.14944],[14.06749,46.1485],[14.06684,46.1481],[14.06659,46.14786],[14.06644,46.14761],[14.06625,46.14739],[14.06602,46.14726],[14.06549,46.14713],[14.06504,46.14708],[14.06469,46.14697],[14.06456,46.14684],[14.06453,46.14668],[14.0646,46.14634],[14.0647,46.14595],[14.06453,46.14557],[14.06435,46.1454],[14.06402,46.14524],[14.06379,46.14505],[14.06379,46.14434],[14.06375,46.14407],[14.06367,46.1439],[14.06325,46.14353],[14.06281,46.14325],[14.06255,46.14284],[14.06171,46.14228],[14.05925,46.1414],[14.05781,46.1406],[14.0571,46.14012],[14.0566,46.1397],[14.05634,46.13919],[14.05642,46.13801],[14.05696,46.1375],[14.05592,46.13652],[14.05593,46.13545],[14.05613,46.13441],[14.05839,46.13243],[14.05795,46.13211],[14.05466,46.13077],[14.05263,46.13034],[14.05191,46.12936],[14.05166,46.12843],[14.05053,46.12791],[14.05039,46.12739],[14.04893,46.12623],[14.04884,46.1251],[14.04386,46.12011],[14.043,46.1168],[14.04403,46.11391],[14.04253,46.11207],[14.04041,46.11262],[14.03838,46.11111],[14.0354,46.10991],[14.03001,46.10716],[14.02941,46.10654],[14.02929,46.10452],[14.02779,46.10188],[14.02084,46.0964],[14.02159,46.09446],[14.02186,46.0924],[14.01999,46.09231],[14.0186,46.09191],[14.01785,46.08916],[14.01858,46.08825],[14.01906,46.08496],[14.01904,46.08404],[14.02262,46.08171],[14.02398,46.07986],[14.02317,46.07718],[14.02503,46.07627],[14.02592,46.07476],[14.02689,46.07467],[14.02675,46.07363],[14.02722,46.07284],[14.02932,46.07234],[14.03045,46.07193],[14.03178,46.07086],[14.03668,46.06966],[14.03844,46.06876],[14.03945,46.06653],[14.04172,46.06552],[14.04295,46.06613],[14.04455,46.06527],[14.04703,46.06517],[14.04658,46.06406],[14.04928,46.06372],[14.05243,46.06208],[14.05454,46.06199],[14.05528,46.05993],[14.05773,46.0586],[14.05999,46.05911],[14.05997,46.05788],[14.06136,46.05791],[14.06391,46.05578],[14.06597,46.05327],[14.07153,46.05151],[14.07546,46.0511],[14.07691,46.05028],[14.08031,46.04942],[14.08508,46.049],[14.09155,46.04598],[14.09255,46.043],[14.09214,46.04113],[14.09326,46.03986],[14.09089,46.03862],[14.09153,46.03823],[14.09341,46.0375],[14.09289,46.03731],[14.09548,46.03539],[14.09793,46.03622],[14.10217,46.03472],[14.10154,46.03238],[14.09943,46.03203],[14.099,46.03122],[14.10144,46.03014],[14.10454,46.02667],[14.10263,46.02492],[14.10278,46.02149],[14.10888,46.01721],[14.10768,46.01561],[14.10613,46.01525],[14.10477,46.01267],[14.10576,46.0117],[14.11191,46.01212],[14.11222,46.01086],[14.1159,46.00887],[14.11431,46.00818],[14.11498,46.00688],[14.11661,46.00787],[14.11702,46.00737],[14.11884,46.00819],[14.1213,46.00835],[14.12112,46.00463],[14.12165,46.00402],[14.12321,46.00534],[14.12537,46.00457],[14.13036,46.00479],[14.1335,46.0034],[14.13738,46.00488],[14.14013,46.00466],[14.14181,46.00352],[14.14325,46.00315],[14.14388,46.00383],[14.14464,46.00401],[14.14523,46.00382],[14.14563,46.00335],[14.14595,46.00248],[14.14564,46.00223],[14.14534,46.00209],[14.14494,46.00293],[14.14304,46.00206],[14.14219,46.00122],[14.14357,45.99998],[14.14302,45.99963],[14.14195,45.99958],[14.14025,45.99952],[14.14039,45.99845],[14.13955,45.99767],[14.14098,45.99735],[14.13962,45.99606],[14.14288,45.99436],[14.14503,45.99427],[14.14745,45.99353],[14.1493,45.99348],[14.14962,45.99302],[14.14945,45.99218],[14.15078,45.99047],[14.15111,45.98837],[14.15207,45.98686],[14.15317,45.98684],[14.1537,45.98619],[14.15339,45.98498],[14.15442,45.98383],[14.15617,45.98282],[14.15744,45.98182],[14.15769,45.98144],[14.15492,45.97912],[14.14675,45.97683],[14.14228,45.97429],[14.14677,45.96912],[14.14855,45.96237],[14.13626,45.96046],[14.1278,45.95602],[14.13775,45.94508],[14.13954,45.9383],[14.13738,45.93303],[14.13463,45.93274],[14.13395,45.93213],[14.13317,45.93168],[14.13233,45.93079],[14.13314,45.92974],[14.13281,45.92954],[14.13182,45.92958],[14.13137,45.92891],[14.13264,45.92256],[14.14034,45.91831],[14.14612,45.9117],[14.16125,45.90595],[14.16713,45.90265],[14.17295,45.90093],[14.18183,45.89817],[14.1822,45.89522],[14.18337,45.89498],[14.18342,45.89442],[14.19045,45.88985],[14.19081,45.87911],[14.19254,45.87549],[14.20346,45.87067],[14.20913,45.86791],[14.21122,45.86855],[14.21262,45.86949],[14.21575,45.86943],[14.21615,45.86887],[14.21807,45.86826],[14.22143,45.86522],[14.22507,45.86287],[14.22055,45.86041],[14.22243,45.85829],[14.22411,45.85874],[14.22645,45.85902],[14.22698,45.85963],[14.23127,45.85828],[14.2522,45.83929],[14.25122,45.83497],[14.23995,45.82919],[14.24361,45.82487],[14.24519,45.82622],[14.24555,45.82611],[14.24565,45.82632],[14.24602,45.82623],[14.24633,45.82622],[14.24753,45.82635],[14.24769,45.8264],[14.24824,45.82575],[14.24853,45.82564],[14.2483,45.82482],[14.24901,45.82474],[14.24938,45.82462],[14.25028,45.82475],[14.25061,45.82493],[14.25078,45.82521],[14.25368,45.82452],[14.25383,45.82371],[14.25425,45.82307],[14.25549,45.82191],[14.26071,45.8256],[14.26283,45.82839],[14.26369,45.82817],[14.26524,45.82857],[14.26676,45.82818],[14.26976,45.8248],[14.27205,45.82345],[14.2719,45.82205],[14.27237,45.82133],[14.27347,45.81727],[14.2873,45.81078],[14.28993,45.81006],[14.29651,45.80897],[14.2975,45.80848],[14.29816,45.80791],[14.29855,45.80732],[14.29874,45.80645],[14.29876,45.80516],[14.29893,45.80454],[14.29933,45.80406],[14.30245,45.80234],[14.30422,45.80165],[14.30572,45.80142],[14.30698,45.8015],[14.30824,45.80176],[14.31849,45.79805],[14.31207,45.78372],[14.32503,45.76016],[14.33327,45.7614],[14.33643,45.75873],[14.33762,45.75384],[14.39004,45.70827],[14.40112,45.70272],[14.43043,45.6512],[14.45417,45.64568],[14.46993,45.64011],[14.47271,45.63296],[14.47284,45.63076],[14.47177,45.62887],[14.47018,45.6281],[14.46785,45.62779],[14.46643,45.62473],[14.46675,45.62351],[14.4702,45.62195],[14.48347,45.6195],[14.4867,45.61942],[14.4875,45.61817],[14.492,45.61848],[14.49976,45.61515],[14.49963,45.61423],[14.4986,45.6123],[14.50001,45.61095],[14.50134,45.60783],[14.50159,45.60663],[14.50174,45.6061],[14.50197,45.60513],[14.50241,45.60429],[14.50287,45.60353],[14.503,45.60336],[14.50342,45.60221],[14.50359,45.60179],[14.50383,45.60107],[14.50405,45.60064],[14.50465,45.59928],[14.50508,45.59805],[14.50528,45.59761],[14.5055,45.5969],[14.50636,45.59523],[14.5065,45.5949],[14.50676,45.59454],[14.50704,45.59429],[14.50722,45.5928],[14.50728,45.59096],[14.5073,45.59019],[14.5073,45.5892],[14.5072,45.5886],[14.50709,45.58805],[14.50701,45.58785],[14.50687,45.58763],[14.50647,45.58725],[14.50641,45.5871],[14.50644,45.58687],[14.50635,45.58628],[14.5063,45.58611],[14.50603,45.58571],[14.50591,45.58558],[14.50578,45.5855],[14.50547,45.58539],[14.50537,45.58528],[14.50533,45.58518],[14.5053,45.58501],[14.50515,45.58463],[14.50515,45.5845],[14.50522,45.58398],[14.5052,45.58377],[14.50524,45.58349],[14.50536,45.58321],[14.50541,45.58301],[14.50543,45.58273],[14.5054,45.58249],[14.50528,45.58223],[14.50517,45.58206],[14.505,45.58185],[14.50469,45.5816],[14.50428,45.58113],[14.50409,45.58096],[14.50394,45.58084],[14.50378,45.58077],[14.50365,45.58072],[14.50356,45.5807],[14.50347,45.5807],[14.50339,45.58067],[14.50316,45.58051],[14.50284,45.58033],[14.50255,45.57959],[14.5025,45.57952],[14.50237,45.57938],[14.50223,45.57932],[14.50212,45.57928],[14.50188,45.57924],[14.50161,45.5792],[14.50132,45.57915],[14.50119,45.57911],[14.50112,45.57902],[14.50106,45.57885],[14.50113,45.57876],[14.50118,45.57866],[14.5012,45.57853],[14.50145,45.57819],[14.50153,45.57803],[14.50163,45.57787],[14.50163,45.57773],[14.50176,45.57765],[14.50182,45.5776],[14.50186,45.57753],[14.50185,45.57743],[14.5018,45.57735],[14.5017,45.57729],[14.50158,45.57728],[14.5014,45.57729],[14.50116,45.57734],[14.50105,45.57737],[14.50091,45.57749],[14.50065,45.5776],[14.50045,45.57762],[14.50031,45.57758],[14.50018,45.57741],[14.50003,45.57728],[14.49998,45.57717],[14.50001,45.57706],[14.50015,45.57701],[14.50024,45.57695],[14.5004,45.57676],[14.50046,45.57663],[14.50046,45.57647],[14.50043,45.57635],[14.5003,45.57613],[14.50021,45.57607],[14.50008,45.57602],[14.49998,45.57602],[14.49984,45.57607],[14.49975,45.57615],[14.49968,45.57622],[14.4996,45.57624],[14.49953,45.57619],[14.49943,45.57605],[14.49924,45.57596],[14.49907,45.57567],[14.49907,45.57551],[14.49911,45.57536],[14.49926,45.57504],[14.49928,45.57495],[14.49923,45.57475],[14.49926,45.57458],[14.49934,45.57445],[14.49961,45.57434],[14.49971,45.57425],[14.49974,45.57414],[14.49974,45.57391],[14.49969,45.57377],[14.49956,45.57362],[14.49948,45.57342],[14.49939,45.57327],[14.49959,45.57305],[14.50039,45.57268],[14.50051,45.57233],[14.5005,45.57222],[14.50043,45.5721],[14.50026,45.57194],[14.49993,45.57178],[14.49951,45.57168],[14.49947,45.57164],[14.49943,45.57154],[14.49943,45.57141],[14.49954,45.57128],[14.49987,45.57112],[14.49986,45.57108],[14.49997,45.57095],[14.49999,45.57069],[14.50002,45.57061],[14.50027,45.56999],[14.50041,45.56968],[14.50031,45.56942],[14.50031,45.56931],[14.50042,45.56899],[14.50056,45.5688],[14.50075,45.56843],[14.5008,45.56837],[14.50072,45.56816],[14.50066,45.56768],[14.5007,45.56735],[14.50069,45.56713],[14.5006,45.56696],[14.50053,45.56677],[14.50042,45.56672],[14.50032,45.5667],[14.50017,45.56673],[14.49997,45.56672],[14.4998,45.56667],[14.49974,45.56662],[14.4995,45.56649],[14.49944,45.56634],[14.49932,45.5662],[14.49903,45.56597],[14.49895,45.56586],[14.49889,45.56574],[14.4989,45.56565],[14.4989,45.56549],[14.49885,45.56538],[14.49877,45.56526],[14.49858,45.56512],[14.49826,45.56499],[14.49787,45.56482],[14.49807,45.56446],[14.49842,45.56399],[14.49845,45.56384],[14.49844,45.56346],[14.49838,45.5633],[14.49827,45.56295],[14.49817,45.56253],[14.49817,45.56243],[14.49803,45.56222],[14.49784,45.562],[14.49772,45.5618],[14.49768,45.56154],[14.49756,45.5612],[14.49753,45.56092],[14.49758,45.56071],[14.49741,45.56041],[14.4974,45.56037],[14.49741,45.55945],[14.4976,45.55928],[14.49771,45.55917],[14.49774,45.55906],[14.49776,45.55884],[14.49797,45.55867],[14.49808,45.55862],[14.49818,45.55854],[14.49821,45.55844],[14.49829,45.55838],[14.4984,45.55831],[14.49856,45.55816],[14.49864,45.55802],[14.49864,45.55785],[14.49858,45.55777],[14.49839,45.55763],[14.49826,45.55747],[14.49813,45.55714],[14.49804,45.5568],[14.49814,45.55659],[14.49817,45.55643],[14.49827,45.55616],[14.49828,45.556],[14.49827,45.55585],[14.4981,45.55567],[14.49809,45.55557],[14.49816,45.55545],[14.49826,45.55534],[14.49839,45.55525],[14.49845,45.55517],[14.49851,45.55504],[14.49848,45.55487],[14.49849,45.55474],[14.49856,45.55463],[14.49878,45.55442],[14.49884,45.55429],[14.49887,45.55415],[14.49902,45.55393],[14.49904,45.55375],[14.49907,45.55359],[14.49915,45.55342],[14.49927,45.55327],[14.49933,45.55316],[14.49938,45.5527],[14.49939,45.55257],[14.4993,45.55248],[14.49919,45.55242],[14.49902,45.55233],[14.49884,45.55217],[14.49857,45.5521],[14.49784,45.55181],[14.49784,45.55176],[14.49785,45.5517],[14.49803,45.55157],[14.49831,45.55139],[14.49838,45.55131],[14.49847,45.55112],[14.49877,45.55079],[14.49892,45.55066],[14.49907,45.55058],[14.49928,45.55043],[14.49942,45.55029],[14.49954,45.55015],[14.49995,45.54996],[14.50031,45.54972],[14.50047,45.54958],[14.50055,45.5494],[14.50049,45.54919],[14.50031,45.54899],[14.50015,45.54888],[14.49993,45.54879],[14.49962,45.54871],[14.49941,45.54866],[14.4992,45.54865],[14.49891,45.54859],[14.49873,45.54854],[14.4985,45.54844],[14.49814,45.54819],[14.49788,45.54796],[14.4977,45.54783],[14.4975,45.54772],[14.49741,45.54765],[14.49725,45.54751],[14.49709,45.54729],[14.49695,45.54718],[14.49683,45.54711],[14.49641,45.54673],[14.49638,45.54667],[14.49637,45.54645],[14.49631,45.54629],[14.49615,45.54609],[14.49605,45.54591],[14.49601,45.54572],[14.49604,45.54553],[14.49604,45.54535],[14.49599,45.54518],[14.49591,45.54508],[14.49577,45.54502],[14.49561,45.54491],[14.49551,45.54479],[14.49532,45.54461],[14.49518,45.54451],[14.495,45.5444],[14.49482,45.54407],[14.49474,45.54384],[14.49467,45.54366],[14.49461,45.54356],[14.49452,45.54345],[14.49439,45.54334],[14.49437,45.54303],[14.49389,45.54236],[14.4938,45.54221],[14.49368,45.54205],[14.49353,45.54191],[14.49321,45.54173],[14.49307,45.54164],[14.49274,45.54115],[14.49259,45.54083],[14.49253,45.54062],[14.49249,45.54055],[14.49243,45.54051],[14.49196,45.54038],[14.49189,45.54032],[14.49185,45.54021],[14.4918,45.54008],[14.49166,45.53982],[14.49136,45.53944],[14.49129,45.5394],[14.49113,45.53917],[14.49106,45.53901],[14.49108,45.53884],[14.49106,45.5387],[14.49098,45.53854],[14.4909,45.53826],[14.49071,45.53796],[14.49049,45.53775],[14.49034,45.53767],[14.49019,45.5376],[14.49002,45.53756],[14.48991,45.53732],[14.48983,45.53725],[14.48971,45.53719],[14.48947,45.53714],[14.48898,45.53687],[14.48888,45.53683],[14.48878,45.53684],[14.48835,45.53681],[14.48829,45.53615],[14.48811,45.53554],[14.48785,45.535],[14.48721,45.53002],[14.48128,45.52534],[14.47603,45.52114],[14.47343,45.51881],[14.46867,45.51893],[14.46553,45.51581],[14.46503,45.49995],[14.46017,45.49987],[14.45918,45.48848],[14.45292,45.48033],[14.45051,45.46644],[14.44715,45.464],[14.43791,45.45747],[14.43306,45.45329],[14.42958,45.44779],[14.42808,45.44736],[14.41836,45.44372],[14.40684,45.43914],[14.39754,45.43457],[14.39724,45.43459],[14.39669,45.43461],[14.39638,45.43458],[14.39578,45.43443],[14.39495,45.4344],[14.39457,45.43436],[14.39423,45.43423],[14.39379,45.43401],[14.39344,45.43373],[14.39322,45.43373],[14.39304,45.43378],[14.3926,45.43414],[14.39196,45.43445],[14.3912,45.43462],[14.39077,45.43408],[14.38981,45.43356],[14.38965,45.4336],[14.38919,45.43417],[14.3886,45.43413],[14.3876,45.43237],[14.38689,45.43132],[14.37719,45.42562],[14.37702,45.4249],[14.37506,45.42452],[14.3728,45.42561],[14.36687,45.42346],[14.34102,45.41009],[14.3418,45.3962],[14.3418,45.39581],[14.3417,45.39527],[14.34152,45.3948],[14.34144,45.39439],[14.34174,45.39399],[14.34172,45.39373],[14.34178,45.39346],[14.34185,45.39301],[14.34176,45.39271],[14.34176,45.39248],[14.34172,45.39212],[14.34137,45.39183],[14.34107,45.39159],[14.34112,45.39135],[14.34137,45.39121],[14.34187,45.39111],[14.34208,45.39093],[14.34219,45.39066],[14.34253,45.39045],[14.34258,45.39028],[14.34249,45.38987],[14.34191,45.38983],[14.3416,45.38976],[14.34136,45.3892],[14.34149,45.38884],[14.34145,45.38792],[14.34169,45.38767],[14.34143,45.38714],[14.34076,45.38735],[14.34085,45.38663],[14.34072,45.3861],[14.34008,45.3856],[14.33956,45.38539],[14.3395,45.3851],[14.33892,45.38462],[14.33866,45.38409],[14.33686,45.38257],[14.33649,45.38272],[14.33548,45.38209],[14.33491,45.38201],[14.3345,45.38177],[14.33383,45.38177],[14.3334,45.38144],[14.33312,45.38144],[14.3331,45.38119],[14.33289,45.38116],[14.3322,45.38066],[14.33231,45.38022],[14.33199,45.37968],[14.33199,45.37914],[14.3316,45.37908],[14.33115,45.3784],[14.33064,45.37844],[14.32993,45.37776],[14.32945,45.37772],[14.32965,45.3773],[14.32896,45.37715],[14.3286,45.37716],[14.32778,45.37689],[14.32795,45.37628],[14.32809,45.37581],[14.3282,45.37553],[14.32735,45.37552],[14.32726,45.37518],[14.32676,45.37515],[14.32672,45.37487],[14.32702,45.37483],[14.32696,45.37464],[14.32664,45.37454],[14.32632,45.37459],[14.32624,45.37439],[14.32631,45.37406],[14.32656,45.37241],[14.32571,45.37234],[14.32576,45.37184],[14.32506,45.37187],[14.32484,45.3704],[14.32455,45.37003],[14.3249,45.3697],[14.32532,45.36892],[14.32613,45.36964],[14.32684,45.36978],[14.32773,45.36964],[14.32766,45.36944],[14.32777,45.36908],[14.32769,45.36867],[14.32829,45.36865],[14.32859,45.36846],[14.32881,45.36838],[14.32912,45.36849],[14.32943,45.36855],[14.32979,45.3684],[14.32989,45.36829],[14.33058,45.36868],[14.33066,45.36881],[14.33136,45.36878],[14.33203,45.3683],[14.33243,45.36845],[14.33272,45.36834],[14.33298,45.36777],[14.33362,45.36771],[14.33434,45.36797],[14.33458,45.3681],[14.33486,45.3682],[14.33513,45.36798],[14.33561,45.36796],[14.33613,45.368],[14.33646,45.36798],[14.33648,45.36812],[14.33705,45.36827],[14.33797,45.36826],[14.33854,45.36818],[14.33903,45.36803],[14.33908,45.36797],[14.33935,45.3679],[14.33936,45.36813],[14.33983,45.36808],[14.33989,45.36787],[14.34062,45.36778],[14.34104,45.36767],[14.34124,45.36755],[14.34147,45.36759],[14.34171,45.36766],[14.34184,45.36778],[14.34217,45.36785],[14.34248,45.36773],[14.34322,45.3677],[14.34326,45.36743],[14.3432,45.36724],[14.34351,45.36722],[14.34349,45.36719],[14.34363,45.36724],[14.34364,45.36737],[14.34378,45.36739],[14.34394,45.36744],[14.34394,45.36757],[14.34421,45.36744],[14.34412,45.36732],[14.34404,45.36719],[14.34402,45.367],[14.34404,45.3669],[14.34376,45.36684],[14.3436,45.3667],[14.34365,45.36657],[14.34303,45.3665],[14.34289,45.36631],[14.34242,45.36604],[14.34202,45.36586],[14.3415,45.36566],[14.34073,45.36543],[14.33997,45.36527],[14.33961,45.3652],[14.33943,45.3653],[14.3391,45.36522],[14.33895,45.36528],[14.33864,45.36513],[14.33847,45.36526],[14.33831,45.36532],[14.33813,45.36532],[14.33794,45.36523],[14.33785,45.36514],[14.33807,45.36495],[14.3382,45.36501],[14.3384,45.3648],[14.33832,45.36459],[14.33864,45.36444],[14.33826,45.36396],[14.33806,45.36369],[14.33778,45.36322],[14.33779,45.36295],[14.33775,45.36284],[14.33789,45.3624],[14.33807,45.36213],[14.3382,45.36213],[14.33823,45.36206],[14.33844,45.36206],[14.33846,45.36189],[14.3386,45.36167],[14.33878,45.36149],[14.33903,45.36139],[14.33926,45.36137],[14.33944,45.36139],[14.33958,45.36134],[14.33987,45.36129],[14.34017,45.36121],[14.34047,45.36109],[14.34079,45.36087],[14.34093,45.36083],[14.34105,45.3608],[14.34154,45.36064],[14.34168,45.36062],[14.3418,45.36063],[14.34231,45.36114],[14.34241,45.36135],[14.34263,45.36126],[14.34285,45.36122],[14.34328,45.36119],[14.34367,45.36113],[14.34393,45.36106],[14.34422,45.36096],[14.34452,45.36083],[14.34483,45.36068],[14.34493,45.36059],[14.34515,45.36025],[14.34548,45.35984],[14.34563,45.35969],[14.34582,45.35959],[14.34628,45.35945],[14.3466,45.35932],[14.34695,45.35914],[14.34746,45.35897],[14.34789,45.35878],[14.34831,45.35858],[14.34864,45.35852],[14.34864,45.358],[14.34861,45.3578],[14.34864,45.3577],[14.3492,45.35768],[14.34965,45.3576],[14.34998,45.35773],[14.35022,45.35798],[14.35037,45.35801],[14.35038,45.35821],[14.35061,45.3582],[14.35073,45.3582],[14.35089,45.3582],[14.35101,45.35825],[14.3512,45.35841],[14.35137,45.35832],[14.3515,45.35823],[14.3516,45.3581],[14.35168,45.35797],[14.35182,45.35783],[14.35202,45.3577],[14.35234,45.35759],[14.35272,45.35751],[14.35299,45.35743],[14.35333,45.35731],[14.3536,45.35728],[14.35404,45.3573],[14.35432,45.35732],[14.35468,45.35737],[14.35501,45.35735],[14.35522,45.35731],[14.35538,45.35726],[14.35549,45.3572],[14.35562,45.3571],[14.35572,45.35703],[14.35586,45.35699],[14.35601,45.35696],[14.35602,45.35679],[14.35603,45.35658],[14.35598,45.35631],[14.35599,45.3561],[14.35621,45.35564],[14.35641,45.35547],[14.35688,45.35527],[14.35698,45.35519],[14.35714,45.35501],[14.35725,45.35471],[14.35725,45.35455],[14.35732,45.35435],[14.35792,45.35399],[14.35836,45.35361],[14.35965,45.35286],[14.35988,45.35267],[14.36008,45.35241],[14.36045,45.35213],[14.36082,45.35205],[14.36127,45.3519],[14.36168,45.35182],[14.36228,45.35179],[14.36276,45.35206],[14.36343,45.35168],[14.36397,45.35173],[14.36423,45.35111],[14.36524,45.35114],[14.36627,45.35018],[14.36635,45.34933],[14.36715,45.3492],[14.36754,45.34872],[14.3686,45.34835],[14.36907,45.34835],[14.36955,45.3485],[14.36996,45.3487],[14.3703,45.34785],[14.37084,45.3473],[14.37119,45.34728],[14.37141,45.34735],[14.37152,45.34722],[14.37186,45.34736],[14.37194,45.34727],[14.37261,45.3473],[14.37378,45.34683],[14.37482,45.34664],[14.37538,45.34642],[14.37581,45.3462],[14.37615,45.34587],[14.37628,45.3459],[14.37643,45.34569],[14.37688,45.34568],[14.37705,45.34579],[14.37765,45.34567],[14.37797,45.34552],[14.37851,45.34512],[14.37892,45.34505],[14.37904,45.3449],[14.37905,45.34474],[14.37945,45.34457],[14.38014,45.34471],[14.38057,45.34432],[14.38096,45.34424],[14.38104,45.34413],[14.38182,45.34398],[14.38208,45.34369],[14.38236,45.34348],[14.38262,45.34339],[14.38289,45.34339],[14.3832,45.34346],[14.38357,45.34346],[14.3841,45.34335],[14.38438,45.34323],[14.38419,45.34281],[14.38482,45.34264],[14.38503,45.34254],[14.38537,45.34251],[14.38561,45.34197],[14.38599,45.34178],[14.38627,45.34148],[14.38699,45.34131],[14.38728,45.34156],[14.38772,45.3415],[14.388,45.34215],[14.38815,45.34213],[14.38871,45.34226],[14.38941,45.34211],[14.38977,45.34211],[14.39101,45.34258],[14.39087,45.34292],[14.39084,45.34309],[14.39104,45.34309],[14.39139,45.34318],[14.39175,45.34333],[14.39149,45.34371],[14.39182,45.34397],[14.39218,45.34401],[14.39197,45.34426],[14.39203,45.34502],[14.39234,45.34494],[14.3929,45.34487],[14.39365,45.34456],[14.39394,45.34514],[14.3943,45.34548],[14.39522,45.34581],[14.39531,45.34592],[14.39608,45.34615],[14.39678,45.34657],[14.39735,45.34689],[14.39743,45.34727],[14.39762,45.34744],[14.39807,45.34709],[14.39898,45.34654],[14.39976,45.34654],[14.40061,45.34747],[14.40149,45.34754],[14.40284,45.34773],[14.40402,45.34776],[14.40416,45.34743],[14.40466,45.34746],[14.40632,45.34697],[14.40696,45.34662],[14.40738,45.34663],[14.40767,45.34679],[14.40873,45.34712],[14.40936,45.34705],[14.40997,45.34682],[14.41051,45.3468],[14.41087,45.34725],[14.41103,45.348],[14.41119,45.34924],[14.40969,45.35031],[14.40943,45.35073],[14.40892,45.35104],[14.40847,45.35141],[14.40809,45.35186],[14.40945,45.35308],[14.4102,45.35338],[14.41138,45.3536],[14.41252,45.35397],[14.41394,45.35475],[14.41527,45.35481],[14.41591,45.35474],[14.41628,45.35506],[14.41657,45.35555],[14.41701,45.35584],[14.41723,45.3557],[14.41794,45.35631],[14.41875,45.35658],[14.42008,45.35691],[14.42024,45.35752],[14.42132,45.35734],[14.42243,45.35707],[14.42295,45.35708],[14.42358,45.35717],[14.42424,45.35742],[14.42613,45.35883],[14.42636,45.35862],[14.42708,45.35899],[14.42729,45.35875],[14.4287,45.35888],[14.43018,45.35874],[14.43152,45.3576],[14.43278,45.35796],[14.43437,45.35879],[14.43581,45.35753],[14.43699,45.35821],[14.43793,45.35733],[14.43877,45.3565],[14.44012,45.35553],[14.44213,45.35439],[14.44355,45.35397],[14.44466,45.35392],[14.44589,45.35433],[14.44626,45.35381],[14.44703,45.35308],[14.44722,45.35257],[14.44749,45.35188],[14.44786,45.35171],[14.44833,45.3512],[14.44843,45.35096],[14.44912,45.35042],[14.44958,45.35063],[14.45,45.35029],[14.45114,45.35084],[14.45205,45.35074],[14.45329,45.35003],[14.45419,45.34976],[14.45482,45.35003],[14.45518,45.34984],[14.4556,45.34957],[14.4552,45.34883],[14.4553,45.34851],[14.45577,45.3483],[14.45742,45.34683],[14.45792,45.34576],[14.45793,45.34442],[14.4596,45.34351],[14.4602,45.343],[14.46088,45.34247],[14.4609,45.3417],[14.46143,45.34096],[14.46255,45.34074],[14.4628,45.33986],[14.46362,45.33922],[14.46414,45.33842],[14.46413,45.33795],[14.46388,45.33763],[14.46335,45.33711],[14.46273,45.33665],[14.45918,45.33576],[14.45811,45.33533],[14.45762,45.3353],[14.45738,45.33524],[14.45726,45.33516],[14.45682,45.33442],[14.45669,45.33428],[14.45647,45.33418],[14.45615,45.33409],[14.45572,45.33407],[14.45538,45.33414],[14.4542,45.3348],[14.45397,45.33487],[14.45373,45.33484],[14.45251,45.33434],[14.45198,45.33407],[14.45165,45.33372],[14.45157,45.33335],[14.45185,45.3322],[14.45212,45.33139],[14.45214,45.3311],[14.45197,45.3308],[14.45091,45.32998],[14.44918,45.32886],[14.44879,45.32852],[14.44857,45.32814],[14.44848,45.32776],[14.44675,45.32621],[14.44636,45.32577],[14.4458,45.32491],[14.44506,45.324],[14.44468,45.32357],[14.44455,45.32345],[14.40235,45.33861],[14.36362,45.34463],[14.34588,45.35163],[14.32976,45.35399],[14.31153,45.34398],[14.29078,45.3205],[14.27198,45.29011],[14.25847,45.25576],[14.24773,45.18647],[14.23471,45.15457],[14.23406,45.15306],[14.23259,45.14936],[14.20924,45.12637],[14.17937,45.13451],[14.19532,45.12059],[14.19313,45.10562],[14.18043,45.09146],[14.1644,45.0799],[14.15821,45.08735],[14.15431,45.07892],[14.15406,45.07197],[14.15821,45.05321],[14.15431,45.055],[14.14747,45.05728],[14.14389,45.05939],[14.14389,45.05321],[14.15943,45.04035],[14.16619,45.01895],[14.16375,44.99575],[14.15138,44.97748],[14.1399,44.97134],[14.13185,44.97207],[14.1242,44.97541],[14.11329,44.97748],[14.10133,44.97427],[14.08969,44.9665],[14.08041,44.95726],[14.07569,44.94953],[14.06886,44.94953],[14.07162,44.96906],[14.0796,44.97793],[14.08383,44.9864],[14.07569,45.00483],[14.05453,45.01846],[14.05152,45.02603],[14.05307,45.03315],[14.05193,45.03803],[14.04029,45.03897],[14.04412,45.02717],[14.03989,45.00943],[14.04428,45.00141],[14.0547,44.99653],[14.06414,44.99575],[14.07154,44.99335],[14.07569,44.98371],[14.06479,44.97614],[14.05079,44.95649],[14.04444,44.9514],[14.04029,44.95637],[14.03468,44.95637],[14.03875,44.94941],[14.04021,44.94107],[14.03907,44.93183],[14.03468,44.92231],[14.02662,44.92406],[14.02247,44.92349],[14.02263,44.9206],[14.02784,44.91543],[14.02784,44.90864],[14.02272,44.90827],[14.02149,44.90738],[14.02174,44.9051],[14.02052,44.90111],[14.01059,44.90526],[13.98846,44.90078],[13.97267,44.90111],[13.98072,44.89655],[13.98585,44.89208],[13.99301,44.88129],[13.98618,44.88129],[13.98618,44.87507],[13.99301,44.87507],[13.99301,44.86762],[13.98585,44.86416],[13.98129,44.85981],[13.97267,44.84715],[13.97462,44.83967],[13.97633,44.83747],[13.97625,44.83491],[13.97267,44.82665],[13.98325,44.82705],[13.98943,44.8251],[13.99399,44.8205],[14.00001,44.81306],[13.96388,44.81184],[13.9463,44.81379],[13.93165,44.8205],[13.9297,44.81635],[13.92953,44.81525],[13.92482,44.81306],[13.91871,44.82905],[13.90968,44.83096],[13.89959,44.82905],[13.89015,44.83348],[13.88315,44.82665],[13.89389,44.82339],[13.90431,44.81729],[13.90935,44.80899],[13.90447,44.79877],[13.91342,44.78242],[13.91798,44.77827],[13.90317,44.77241],[13.89943,44.78197],[13.89975,44.79828],[13.89698,44.81306],[13.88966,44.81708],[13.86004,44.82567],[13.84913,44.82665],[13.85125,44.83002],[13.85385,44.83706],[13.85597,44.84028],[13.85279,44.84077],[13.84555,44.84016],[13.8423,44.84028],[13.84913,44.84715],[13.8423,44.85464],[13.83139,44.85273],[13.81568,44.85659],[13.79933,44.86457],[13.78712,44.87507],[13.79461,44.88129],[13.80486,44.87059],[13.81959,44.86766],[13.83375,44.87336],[13.8423,44.88813],[13.81528,44.88353],[13.80486,44.8854],[13.79461,44.89496],[13.79461,44.90111],[13.79868,44.90396],[13.80348,44.91063],[13.80812,44.91543],[13.79672,44.92487],[13.7741,44.96381],[13.73276,44.99494],[13.68133,45.04637],[13.67335,45.05109],[13.66082,45.06123],[13.64381,45.0705],[13.62322,45.07306],[13.6277,45.07941],[13.63307,45.08942],[13.63689,45.09357],[13.61256,45.11787],[13.63852,45.13003],[13.72625,45.13451],[13.70672,45.1411],[13.6836,45.14338],[13.63689,45.14203],[13.61199,45.13679],[13.6006,45.13727],[13.59596,45.14541],[13.59791,45.15595],[13.6006,45.16462],[13.59938,45.17129],[13.58912,45.17548],[13.59376,45.18228],[13.59441,45.18732],[13.59059,45.1918],[13.58229,45.1966],[13.58229,45.20283],[13.59051,45.20649],[13.59449,45.21263],[13.59425,45.22077],[13.58912,45.2307],[13.59571,45.24055],[13.59522,45.2508],[13.58823,45.25959],[13.57545,45.26488],[13.57879,45.27098],[13.58424,45.27607],[13.59205,45.27912],[13.60271,45.27912],[13.60271,45.28535],[13.59254,45.2888],[13.58465,45.2932],[13.57895,45.29902],[13.57545,45.30646],[13.5857,45.30781],[13.59449,45.3111],[13.60955,45.32014],[13.59791,45.32437],[13.57106,45.32502],[13.56178,45.32636],[13.55063,45.3343],[13.54127,45.34614],[13.54054,45.35676],[13.55494,45.36107],[13.55494,45.36734],[13.54314,45.37617],[13.51336,45.43623],[13.51539,45.43814],[13.51857,45.44033],[13.52076,45.44302],[13.51596,45.44745],[13.51564,45.44815],[13.51783,45.44977],[13.52076,45.45726],[13.50457,45.48387],[13.50147,45.4986],[13.50709,45.51191],[13.51336,45.51191],[13.52312,45.50625],[13.56861,45.49079],[13.58953,45.48884],[13.59164,45.49311],[13.58912,45.50161],[13.59596,45.51191],[13.59596,45.51813],[13.58619,45.51948],[13.57862,45.52338],[13.57277,45.52998],[13.56861,45.53925],[13.58961,45.53579],[13.67514,45.54474],[13.75294,45.55288],[13.75294,45.55907],[13.74236,45.56977],[13.72739,45.5812],[13.71176,45.59321],[13.71876,45.60065],[13.73015,45.6131],[13.75701,45.61367],[13.78688,45.61115],[13.80812,45.61433],[13.79558,45.61701],[13.78647,45.62434],[13.77711,45.63544],[13.73927,45.64912],[13.75766,45.65498],[13.75367,45.67231],[13.73911,45.6916],[13.72625,45.70376],[13.64731,45.76203],[13.62892,45.77261],[13.57423,45.78962],[13.55128,45.79243],[13.53443,45.78205],[13.52418,45.76008],[13.52833,45.74055],[13.55494,45.73721],[13.5184,45.72484],[13.51336,45.72077],[13.50782,45.71442],[13.48024,45.71068],[13.46925,45.70685],[13.45167,45.69379],[13.42799,45.68114],[13.4017,45.67544],[13.37672,45.68317],[13.39096,45.68578],[13.40919,45.69131],[13.42482,45.69855],[13.43141,45.70685],[13.42262,45.72407],[13.38168,45.73005],[13.3694,45.74462],[13.35182,45.7403],[13.25489,45.75605],[13.24586,45.75894],[13.22185,45.77607],[13.21551,45.7788],[13.20493,45.77774],[13.16944,45.76874],[13.15772,45.75458],[13.14967,45.75153],[13.13982,45.75487],[13.13136,45.76887],[13.11931,45.77196],[13.11085,45.76765],[13.10816,45.7582],[13.11183,45.74885],[13.12289,45.74462],[13.12289,45.73721],[13.1006,45.73623],[13.08058,45.72761],[13.06959,45.71369],[13.07504,45.69685],[13.09148,45.68919],[13.11166,45.69135],[13.14967,45.70376],[13.13803,45.6894],[13.10304,45.66901],[13.09563,45.65233],[13.09555,45.65217],[13.08497,45.64191],[13.06056,45.63666],[12.9817,45.63483],[12.94386,45.62857],[12.78077,45.55353],[12.61166,45.49616],[12.51271,45.47044],[12.49594,45.46039],[12.4878,45.45673],[12.45143,45.45043],[12.42368,45.43806],[12.41033,45.43623],[12.41822,45.45112],[12.42921,45.46402],[12.4358,45.47492],[12.43092,45.48404],[12.4406,45.48298],[12.44728,45.48432],[12.45102,45.489],[12.45143,45.49824],[12.45818,45.49824],[12.4629,45.48973],[12.46697,45.48558],[12.47193,45.48591],[12.47869,45.49079],[12.46502,45.50446],[12.47633,45.50357],[12.48715,45.5041],[12.49733,45.50674],[12.4992,45.50446],[12.49985,45.50585],[12.50318,45.50288],[12.5062,45.49909],[12.5066,45.49824],[12.50318,45.49787],[12.49293,45.49824],[12.49293,45.49079],[12.51515,45.49274],[12.52052,45.50503],[12.52149,45.51899],[12.53045,45.52558],[12.54811,45.527],[12.56251,45.53164],[12.57358,45.54002],[12.58172,45.55288],[12.56967,45.54938],[12.5442,45.53657],[12.53728,45.53583],[12.51832,45.54995],[12.51051,45.55907],[12.5066,45.57331],[12.4852,45.56501],[12.45851,45.54833],[12.44191,45.53034],[12.45143,45.51813],[12.45143,45.51191],[12.43491,45.51236],[12.41774,45.52359],[12.41033,45.51813],[12.40358,45.51813],[12.39674,45.53925],[12.38412,45.52302],[12.39039,45.51398],[12.424,45.50446],[12.424,45.49824],[12.41163,45.49331],[12.3934,45.49164],[12.38054,45.49478],[12.38307,45.50446],[12.35043,45.50487],[12.30958,45.48892],[12.27272,45.46361],[12.2527,45.43623],[12.2527,45.43],[12.25896,45.43],[12.25001,45.42072],[12.2461,45.41132],[12.24855,45.40253],[12.25896,45.39521],[12.2492,45.38548],[12.24741,45.37824],[12.24806,45.371],[12.24529,45.36107],[12.2378,45.35773],[12.22828,45.35749],[12.22381,45.35395],[12.23219,45.34056],[12.22088,45.32705],[12.21632,45.31623],[12.20875,45.30907],[12.18751,45.30646],[12.17433,45.31053],[12.16293,45.31623],[12.15447,45.31346],[12.1491,45.29218],[12.15984,45.28311],[12.16879,45.26215],[12.18068,45.25804],[12.19166,45.26288],[12.19939,45.2746],[12.20191,45.28832],[12.19744,45.29963],[12.2173,45.29385],[12.22145,45.28327],[12.22055,45.26879],[12.22486,45.25117],[12.21388,45.24811],[12.21111,45.24299],[12.21518,45.2368],[12.22486,45.2307],[12.22137,45.21625],[12.23048,45.20425],[12.24733,45.19693],[12.26637,45.1966],[12.26352,45.20034],[12.26254,45.20075],[12.25896,45.20283],[12.27369,45.21084],[12.29607,45.22663],[12.3073,45.2307],[12.29803,45.2154],[12.30397,45.20075],[12.31512,45.18647],[12.32106,45.17235],[12.32195,45.13874],[12.32846,45.10102],[12.31837,45.10346],[12.3073,45.10786],[12.30844,45.11445],[12.3073,45.12417],[12.3073,45.12836],[12.29737,45.10635],[12.29672,45.08857],[12.30665,45.07856],[12.32846,45.0799],[12.32521,45.08369],[12.32358,45.08674],[12.32106,45.09357],[12.34083,45.08145],[12.35304,45.06696],[12.36329,45.05219],[12.37623,45.03897],[12.37623,45.03217],[12.36834,45.03115],[12.36411,45.02936],[12.36085,45.02709],[12.35515,45.02464],[12.36883,45.01097],[12.38356,45.02643],[12.38657,45.03876],[12.38063,45.05093],[12.36883,45.06562],[12.38331,45.05634],[12.40138,45.04987],[12.41342,45.04287],[12.41033,45.03217],[12.42628,45.02001],[12.43409,45.01553],[12.44459,45.01097],[12.46469,44.99201],[12.48618,44.97651],[12.4992,44.98371],[12.49586,44.98395],[12.48911,44.9833],[12.4861,44.98371],[12.4861,44.99116],[12.50262,44.99144],[12.51678,44.98762],[12.5276,44.98017],[12.53387,44.97004],[12.53297,44.96084],[12.52312,44.95002],[12.52703,44.94335],[12.51881,44.93378],[12.51539,44.92837],[12.51271,44.92231],[12.5066,44.92231],[12.49903,44.92145],[12.49488,44.91047],[12.49293,44.87816],[12.48732,44.86225],[12.47413,44.84577],[12.44459,44.8205],[12.44313,44.82502],[12.43873,44.83491],[12.43214,44.84602],[12.424,44.85464],[12.43922,44.87759],[12.44304,44.89008],[12.43832,44.90111],[12.42693,44.90498],[12.41554,44.89985],[12.40691,44.8913],[12.40358,44.88471],[12.3921,44.86839],[12.39161,44.85883],[12.41652,44.85114],[12.41586,44.84357],[12.40821,44.83625],[12.39674,44.83348],[12.39674,44.82665],[12.40382,44.82543],[12.41627,44.82144],[12.424,44.8205],[12.41619,44.80329],[12.39796,44.79377],[12.37566,44.79222],[12.35743,44.80414],[12.34685,44.81533],[12.32106,44.83348],[12.30299,44.84292],[12.29233,44.84325],[12.26637,44.82665],[12.26637,44.8205],[12.28004,44.8205],[12.25359,44.75129],[12.24659,44.71162],[12.2527,44.6684],[12.26588,44.63618],[12.27491,44.62051],[12.28346,44.61376],[12.28582,44.60269],[12.28004,44.53189],[12.2837,44.48762],[12.31422,44.38719],[12.31821,44.36115],[12.32106,44.3537],[12.32545,44.34781],[12.3392,44.3343],[12.34213,44.3295],[12.34425,44.3083],[12.35027,44.28815],[12.36883,44.25068],[12.38998,44.22272],[12.41717,44.19546],[12.45802,44.16641],[12.47877,44.13935],[12.51092,44.11457],[12.54737,44.09345],[12.57423,44.0856],[12.63136,44.0301],[12.6609,44.00829],[12.69158,43.99063],[12.7103,43.9829],[12.75384,43.9724],[12.75611,43.97187],[12.80397,43.96686],[12.82301,43.95856],[12.86215,43.93537],[12.92888,43.91584],[12.93865,43.90461],[12.94728,43.89761],[13.25327,43.70319],[13.37013,43.65046],[13.38982,43.6446],[13.39967,43.63565],[13.44662,43.62373],[13.4734,43.61201],[13.48316,43.61628],[13.49073,43.6236],[13.49627,43.62751],[13.49903,43.62848],[13.50123,43.6306],[13.50441,43.63276],[13.51027,43.63373],[13.51612,43.63174],[13.51905,43.62718],[13.52101,43.62271],[13.52418,43.62067],[13.54322,43.61323],[13.55779,43.59675],[13.56918,43.58031],[13.57887,43.5729],[13.59791,43.56952],[13.61557,43.56049],[13.62452,43.54719],[13.61695,43.53132],[13.76027,43.26374],[13.77605,43.2436],[13.78028,43.23652],[13.78663,43.20059],[13.79078,43.19208],[13.80274,43.17821],[13.83481,43.12727],[13.84864,43.09174],[13.86541,43.00731],[13.90553,42.90156],[13.94467,42.79828],[13.98048,42.73037],[14.00123,42.69843],[14.06324,42.62482],[14.06886,42.60957],[14.07537,42.59882],[14.22055,42.47016],[14.28419,42.42829],[14.35621,42.39297],[14.38738,42.37295],[14.42905,42.32172],[14.56023,42.22565],[14.59588,42.20856],[14.65349,42.19107],[14.6937,42.18537],[14.70924,42.17548],[14.71705,42.16006],[14.72283,42.1188],[14.7295,42.09911],[14.74073,42.08462],[14.7575,42.07884],[14.76336,42.07795],[14.78012,42.07526],[14.79982,42.06635],[14.83546,42.04413],[14.8711,42.03181],[14.952,42.02106],[14.99366,42.01065],[15.00733,42.00137],[15.03452,41.9746],[15.04518,41.96898],[15.06316,41.9643],[15.10434,41.94188],[15.12338,41.93427],[15.14357,41.93118],[15.16537,41.9278],[15.28175,41.92805],[15.40056,41.90778],[15.44606,41.90693],[15.61134,41.92805],[15.77443,41.92121],[16.02711,41.94408],[16.11085,41.92805],[16.11199,41.92634],[16.14047,41.91991],[16.1609,41.89265],[16.17921,41.8933],[16.17604,41.87739],[16.1836,41.85847],[16.19223,41.82136],[16.19304,41.80842],[16.19288,41.79092],[16.18434,41.77961],[16.16668,41.76341],[16.14576,41.74885],[16.12761,41.7425],[16.10719,41.73762],[16.08969,41.72602],[16.06316,41.70148],[16.02752,41.67992],[15.9253,41.64004],[15.90008,41.61465],[15.89137,41.57685],[15.89633,41.53644],[15.91179,41.50288],[15.9336,41.47944],[15.96111,41.45946],[16.02166,41.4278],[16.08513,41.41266],[16.10035,41.40355],[16.11411,41.39289],[16.30144,41.32787],[16.4603,41.26264],[16.52068,41.25015],[16.53859,41.23941],[16.55437,41.22748],[16.59392,41.20698],[16.83058,41.14631],[16.85141,41.13296],[16.85816,41.13296],[16.85816,41.14037],[16.86443,41.14037],[16.88527,41.12397],[17.05714,41.08185],[17.20314,41.02098],[17.27638,40.98021],[17.31007,40.95478],[17.34791,40.9121],[17.36118,40.9064],[17.3777,40.90229],[17.41359,40.88109],[17.47609,40.83015],[17.49195,40.82445],[17.51222,40.8203],[17.54835,40.80195],[17.63453,40.78498],[17.64527,40.77977],[17.74838,40.74763],[17.84392,40.69416],[17.92189,40.68301],[17.95582,40.67048],[17.95493,40.64692],[17.96632,40.6468],[17.99195,40.65314],[18.00701,40.6507],[18.01108,40.64419],[18.01149,40.63524],[18.0158,40.62519],[18.03924,40.60822],[18.04322,40.602],[18.03745,40.55695],[18.11997,40.50458],[18.21168,40.46475],[18.23146,40.46137],[18.23829,40.45767],[18.2588,40.43065],[18.27019,40.42121],[18.30323,40.39989],[18.32911,40.36668],[18.34376,40.35163],[18.3615,40.34528],[18.37045,40.33869],[18.43727,40.26789],[18.50001,40.15249],[18.50424,40.14643],[18.50945,40.14183],[18.51612,40.13923],[18.51108,40.12759],[18.51368,40.12055],[18.51743,40.11416],[18.51612,40.10448],[18.50807,40.09455],[18.49187,40.08466],[18.48357,40.05516],[18.47039,40.04344],[18.43409,40.02253],[18.41139,39.97883],[18.40789,39.96849],[18.40406,39.9475],[18.39479,39.9256],[18.39259,39.91608],[18.39967,39.89033],[18.40008,39.87857],[18.38649,39.82534],[18.38917,39.81708],[18.38396,39.81391],[18.37371,39.79979],[18.36834,39.79662],[18.34653,39.79804],[18.33839,39.80012],[18.33041,39.80341],[18.28207,39.8332],[18.26564,39.83759],[18.22438,39.83759],[18.21127,39.83934],[18.18653,39.85187],[18.16188,39.86054],[18.13063,39.88349],[18.09425,39.90274],[18.0809,39.90644],[18.07154,39.91153],[18.00734,39.98607],[17.99537,39.99527],[17.99537,40.00267],[18.01108,40.00336],[18.02027,40.0102],[18.02215,40.02167],[18.0158,40.0362],[18.00514,40.04487],[17.97836,40.05166],[17.96746,40.05732],[18.00294,40.07445],[18.011,40.09602],[17.99724,40.12043],[17.96746,40.14606],[17.94068,40.16303],[17.92604,40.17626],[17.91961,40.19074],[17.9192,40.20995],[17.917,40.22687],[17.91114,40.2403],[17.89967,40.24909],[17.91277,40.24909],[17.91277,40.25532],[17.86313,40.28563],[17.84767,40.29002],[17.51206,40.3037],[17.49391,40.30744],[17.44044,40.331],[17.43043,40.33161],[17.40952,40.33002],[17.39943,40.331],[17.3921,40.33503],[17.37468,40.34858],[17.36818,40.35151],[17.35125,40.3548],[17.2964,40.37946],[17.24,40.39533],[17.2129,40.40619],[17.20021,40.4204],[17.22348,40.42841],[17.24301,40.44139],[17.24789,40.45734],[17.22755,40.47443],[17.24741,40.48029],[17.29575,40.47321],[17.31625,40.48188],[17.32325,40.49848],[17.30405,40.49946],[17.26173,40.48871],[17.26352,40.49103],[17.26856,40.49616],[17.24741,40.50283],[17.22902,40.49689],[17.2107,40.48701],[17.18995,40.48188],[17.18181,40.4853],[17.17644,40.49315],[17.17172,40.50227],[17.16619,40.50918],[17.15602,40.5124],[17.13347,40.51264],[17.12452,40.51533],[17.04957,40.51911],[16.97609,40.49262],[16.91212,40.44522],[16.86329,40.39094],[16.78272,40.30158],[16.7614,40.2696],[16.73756,40.21101],[16.73072,40.20067],[16.71599,40.19359],[16.67945,40.14606],[16.64007,40.11876],[16.62452,40.10798],[16.60475,40.08446],[16.59693,40.04678],[16.59938,40.03413],[16.61362,39.99665],[16.6316,39.96621],[16.62176,39.95356],[16.60548,39.94294],[16.5892,39.91983],[16.54225,39.8854],[16.50815,39.83759],[16.49171,39.80549],[16.48976,39.77521],[16.50213,39.74706],[16.52858,39.7215],[16.52858,39.71467],[16.51564,39.6896],[16.54591,39.66087],[16.59148,39.63679],[16.62485,39.62531],[16.74977,39.62002],[16.78248,39.61164],[16.79811,39.60346],[16.81609,39.59105],[16.8309,39.57616],[16.83717,39.56045],[16.8462,39.55268],[16.90602,39.52973],[16.95297,39.49921],[16.97088,39.49494],[16.99537,39.49274],[17.01149,39.48615],[17.02345,39.47541],[17.03582,39.46076],[17.05714,39.44164],[17.08855,39.42259],[17.1242,39.409],[17.1587,39.40619],[17.12224,39.33832],[17.11492,39.28278],[17.11451,39.26935],[17.11769,39.25601],[17.12477,39.24462],[17.1421,39.22232],[17.14568,39.21068],[17.14039,39.1789],[17.12224,39.12104],[17.12452,39.09089],[17.14796,39.05418],[17.15187,39.04588],[17.15846,39.04047],[17.19256,39.03107],[17.20639,39.02949],[17.18686,39.01903],[17.17661,39.01211],[17.17237,39.00519],[17.17156,38.96601],[17.17237,38.96052],[17.13884,38.93671],[17.13502,38.9326],[17.1277,38.92878],[17.11891,38.91966],[17.10402,38.89908],[17.09498,38.91913],[17.07057,38.9228],[17.04225,38.91625],[17.02198,38.90595],[16.99635,38.92951],[16.98129,38.9372],[16.95729,38.94009],[16.93507,38.93871],[16.83855,38.9182],[16.72779,38.87885],[16.68775,38.85586],[16.67945,38.84756],[16.67075,38.84064],[16.61061,38.81656],[16.58562,38.79784],[16.57439,38.78506],[16.56373,38.75674],[16.55095,38.7414],[16.53883,38.72333],[16.53484,38.6999],[16.54689,38.69318],[16.54908,38.68993],[16.54851,38.67207],[16.55885,38.59602],[16.577,38.52855],[16.57716,38.50288],[16.56959,38.42951],[16.56137,38.41633],[16.52198,38.38715],[16.50815,38.37153],[16.49757,38.36929],[16.46705,38.3487],[16.43507,38.33999],[16.33985,38.30085],[16.30633,38.27709],[16.16944,38.14321],[16.15187,38.11083],[16.1255,38.00483],[16.11085,37.97362],[16.10133,37.96052],[16.09002,37.9492],[16.07716,37.93989],[16.06316,37.93268],[16.01588,37.92471],[16.00099,37.91901],[15.94215,37.93309],[15.76149,37.92524],[15.73487,37.93098],[15.70826,37.94098],[15.68442,37.95352],[15.66578,37.96686],[15.64552,37.98835],[15.6351,38.0091],[15.63836,38.02774],[15.65846,38.04255],[15.63266,38.0742],[15.62403,38.09211],[15.62745,38.10737],[15.64161,38.12592],[15.6478,38.14313],[15.64649,38.1621],[15.63795,38.18594],[15.63282,38.22028],[15.65056,38.24103],[15.68426,38.25312],[15.78647,38.27802],[15.79566,38.28555],[15.79868,38.29072],[15.81284,38.3006],[15.81617,38.30606],[15.82976,38.35102],[15.9048,38.47394],[15.91782,38.51679],[15.91603,38.55036],[15.90008,38.57827],[15.87078,38.60423],[15.86354,38.60822],[15.84995,38.61335],[15.844,38.61791],[15.83546,38.62824],[15.83367,38.63377],[15.83522,38.63923],[15.8366,38.64899],[15.84449,38.66039],[15.86313,38.66828],[15.9048,38.67939],[15.96803,38.71259],[16.00261,38.72541],[16.04884,38.72773],[16.12086,38.72093],[16.136,38.72382],[16.1526,38.7309],[16.17921,38.74828],[16.20094,38.77643],[16.2151,38.81415],[16.22169,38.85659],[16.22006,38.89908],[16.21469,38.91901],[16.2046,38.93407],[16.18963,38.94355],[16.16896,38.94685],[16.15431,38.95502],[16.13966,38.97378],[16.08302,39.07526],[16.042,39.31061],[16.03403,39.34524],[15.9954,39.43877],[15.95808,39.47756],[15.93312,39.51366],[15.9048,39.53596],[15.87623,39.55146],[15.86752,39.56391],[15.85972,39.58876],[15.85027,39.61473],[15.8366,39.65266],[15.81568,39.6789],[15.80641,39.6955],[15.78875,39.79662],[15.78875,39.79035],[15.78395,39.81],[15.77882,39.82014],[15.77133,39.82453],[15.76971,39.83015],[15.78191,39.8686],[15.77443,39.8911],[15.74155,39.92959],[15.73414,39.94375],[15.72804,39.96418],[15.71315,39.98102],[15.67888,40.00886],[15.65162,40.04365],[15.63038,40.05768],[15.62468,40.06489],[15.62428,40.07779],[15.6102,40.07319],[15.53492,40.07779],[15.51313,40.06768],[15.49531,40.04672],[15.45981,40.02936],[15.4296,39.99979],[15.4101,39.99397],[15.36094,39.99889],[15.34316,40.00415],[15.3143,40.03376],[15.30274,40.0362],[15.29331,40.03242],[15.28305,40.02985],[15.27223,40.02875],[15.26124,40.02936],[15.26124,40.0362],[15.27914,40.04767],[15.26344,40.07372],[15.2339,40.1],[15.20965,40.11188],[15.18995,40.11913],[15.12721,40.16962],[15.1128,40.17479],[15.09588,40.17308],[15.06568,40.16657],[15.04721,40.16893],[15.03492,40.17536],[15.0228,40.19563],[15.00312,40.21026],[14.9759,40.21931],[14.96632,40.22456],[14.95709,40.23155],[14.93814,40.22784],[14.92213,40.23802],[14.91114,40.24164],[14.90691,40.25861],[14.9319,40.28555],[14.93914,40.30707],[14.93238,40.32429],[14.93238,40.33373],[14.94215,40.33784],[14.95395,40.33991],[14.96437,40.34516],[14.97291,40.352],[14.99449,40.35843],[15.00043,40.36883],[14.99827,40.39756],[14.97592,40.43146],[14.88884,40.57306],[14.8615,40.60716],[14.83546,40.63264],[14.80974,40.65298],[14.78199,40.66987],[14.75221,40.6767],[14.71998,40.66681],[14.69044,40.64912],[14.67807,40.64663],[14.62574,40.64908],[14.61329,40.6459],[14.5713,40.61774],[14.5442,40.61359],[14.51637,40.61986],[14.48658,40.63264],[14.47137,40.62466],[14.42205,40.61555],[14.40154,40.60212],[14.35581,40.58364],[14.34262,40.57062],[14.32985,40.58446],[14.32797,40.60541],[14.33774,40.62442],[14.35963,40.63264],[14.37973,40.63386],[14.38738,40.63695],[14.39821,40.64384],[14.4048,40.65603],[14.44421,40.68599],[14.47637,40.6951],[14.47975,40.71149],[14.47413,40.72968],[14.46062,40.74421],[14.44264,40.75507],[14.42129,40.75093],[14.4054,40.75689],[14.39443,40.76157],[14.38255,40.77227],[14.36661,40.78018],[14.34889,40.79686],[14.31235,40.82811],[14.2942,40.83877],[14.27573,40.84003],[14.24838,40.83771],[14.22364,40.83137],[14.21274,40.82075],[14.20346,40.80121],[14.1822,40.80092],[14.1656,40.81575],[14.13523,40.81855],[14.1115,40.82953],[14.09596,40.83381],[14.08253,40.83129],[14.07618,40.82221],[14.0774,40.81037],[14.08123,40.79711],[14.08253,40.78352],[14.07528,40.78628],[14.0477,40.78959],[14.04115,40.79648],[14.05226,40.83759],[14.04447,40.87421],[14.02134,40.92183],[13.96534,40.99641],[13.93019,41.01415],[13.91798,41.02367],[13.91456,41.03315],[13.91277,41.05443],[13.91066,41.06464],[13.88432,41.1048],[13.85173,41.14732],[13.79049,41.20586],[13.72185,41.25239],[13.70851,41.25641],[13.67872,41.25056],[13.66334,41.25068],[13.65659,41.25959],[13.59441,41.25312],[13.56365,41.23798],[13.57545,41.20808],[13.54396,41.20661],[13.53443,41.20808],[13.52524,41.2154],[13.51954,41.22516],[13.51441,41.22968],[13.50709,41.22175],[13.49968,41.22175],[13.48024,41.23916],[13.32439,41.29483],[13.28582,41.29572],[13.20485,41.28376],[13.18702,41.27802],[13.15122,41.2602],[13.11451,41.25088],[13.09051,41.22655],[13.06821,41.22175],[13.04461,41.22752],[13.03679,41.24042],[13.03346,41.2569],[13.02369,41.27359],[13.01197,41.28653],[12.99269,41.31562],[12.9795,41.331],[12.92384,41.37979],[12.89357,41.39932],[12.86215,41.41352],[12.84156,41.4184],[12.76295,41.42137],[12.74855,41.42373],[12.67856,41.45795],[12.65398,41.46564],[12.64243,41.4582],[12.63527,41.4475],[12.6194,41.45913],[12.54558,41.54413],[12.44801,41.63076],[12.34278,41.7023],[12.32716,41.71137],[12.30063,41.71743],[12.285,41.7272],[12.27662,41.72944],[12.24692,41.73371],[12.23902,41.73627],[12.22348,41.75068],[12.21518,41.76813],[12.21176,41.78754],[12.21119,41.80793],[12.20623,41.82734],[12.19459,41.84736],[12.17018,41.87958],[12.14747,41.90347],[12.04998,41.96015],[12.03883,41.96516],[12.0298,41.97285],[12.02613,41.98578],[12.02036,41.99307],[11.99203,41.99628],[11.98219,41.99974],[11.969,42.01142],[11.95265,42.02228],[11.93458,42.03148],[11.91684,42.03791],[11.83969,42.03644],[11.82748,42.03417],[11.82211,42.04678],[11.80942,42.06635],[11.79363,42.08446],[11.7798,42.09251],[11.77198,42.10627],[11.75017,42.12792],[11.74562,42.13662],[11.74293,42.15229],[11.73618,42.16889],[11.68214,42.25214],[11.65821,42.27936],[11.53907,42.34886],[11.48927,42.35936],[11.42066,42.38662],[11.39617,42.39297],[11.39617,42.40038],[11.38689,42.40428],[11.37664,42.40689],[11.36573,42.4079],[11.35467,42.40721],[11.36207,42.40038],[11.33302,42.40058],[11.25904,42.42084],[11.24562,42.42231],[11.22739,42.42219],[11.21127,42.41889],[11.20436,42.41096],[11.20094,42.39545],[11.18629,42.3793],[11.18385,42.36628],[11.17465,42.36933],[11.16472,42.36933],[11.1574,42.36774],[11.15593,42.36628],[11.1478,42.37141],[11.13453,42.38418],[11.10662,42.39126],[11.09449,42.40274],[11.08676,42.41836],[11.08694,42.42946],[11.09913,42.44286],[11.11302,42.44636],[11.14182,42.4388],[11.16419,42.43983],[11.17969,42.4565],[11.18845,42.48027],[11.18897,42.50471],[11.18686,42.52082],[11.16603,42.54621],[11.15846,42.56403],[11.14861,42.56318],[11.13722,42.55891],[11.12867,42.55805],[11.11598,42.57197],[11.10727,42.59077],[11.09742,42.60688],[11.0809,42.6127],[11.07781,42.63223],[11.05348,42.64704],[11.00571,42.66791],[11.00025,42.67988],[10.99562,42.69603],[10.99,42.71027],[10.98121,42.7163],[10.97234,42.72004],[10.94361,42.74299],[10.89088,42.7639],[10.73129,42.80443],[10.75538,42.81916],[10.7649,42.83527],[10.76637,42.85419],[10.76564,42.8771],[10.76873,42.88394],[10.77459,42.88825],[10.77768,42.89472],[10.77296,42.90815],[10.76352,42.91828],[10.75074,42.92528],[10.68141,42.94904],[10.6325,42.95848],[10.58326,42.9597],[10.53907,42.94912],[10.54347,42.93879],[10.54656,42.93476],[10.51857,42.92528],[10.49952,42.9405],[10.47755,42.99006],[10.5027,43.00556],[10.5171,43.02391],[10.53907,43.07941],[10.53566,43.09138],[10.53566,43.11262],[10.53932,43.13418],[10.54656,43.14712],[10.53834,43.16425],[10.53443,43.18529],[10.53289,43.22622],[10.52817,43.24677],[10.51694,43.26679],[10.43702,43.38858],[10.37338,43.45319],[10.35914,43.46528],[10.32634,43.47687],[10.31723,43.49262],[10.29477,43.56855],[10.26401,43.80939],[10.25164,43.84663],[10.21013,43.92023],[10.18068,43.95527],[10.13649,43.9787],[10.10581,44.01675],[10.09059,44.02538],[10.07203,44.02953],[10.03533,44.04784],[10.01482,44.05207],[9.99855,44.05805],[9.98854,44.05976],[9.98414,44.05549],[9.98072,44.04987],[9.97267,44.04572],[9.96274,44.04466],[9.95362,44.04865],[9.93784,44.06037],[9.90431,44.0799],[9.88795,44.093],[9.8768,44.08784],[9.84474,44.10863],[9.82643,44.10724],[9.83326,44.09984],[9.82862,44.09813],[9.82399,44.09512],[9.81959,44.093],[9.82447,44.08491],[9.83058,44.07884],[9.83815,44.07477],[9.8475,44.0725],[9.8475,44.06631],[9.84164,44.06338],[9.83888,44.06037],[9.83326,44.05207],[9.84637,44.04629],[9.84254,44.04116],[9.83229,44.0423],[9.82643,44.05549],[9.81983,44.06338],[9.77182,44.07941],[9.72088,44.11347],[9.70973,44.11774],[9.68263,44.13654],[9.67254,44.14082],[9.64324,44.14232],[9.63103,44.1446],[9.6211,44.14826],[9.58619,44.17772],[9.57993,44.17894],[9.57301,44.1916],[9.55649,44.20014],[9.51124,44.21524],[9.49903,44.22183],[9.48976,44.2309],[9.48439,44.24384],[9.4725,44.23981],[9.45387,44.2377],[9.43678,44.23949],[9.42921,44.24726],[9.42237,44.25678],[9.37452,44.2718],[9.36769,44.29442],[9.26271,44.33641],[9.23064,44.3537],[9.22104,44.34406],[9.21372,44.33344],[9.20981,44.32087],[9.2107,44.30533],[9.16505,44.31831],[9.14666,44.32856],[9.14861,44.34003],[9.13006,44.36335],[9.10206,44.37397],[9.00123,44.38727],[8.95289,44.39981],[8.92368,44.41157],[8.91456,44.40892],[8.86842,44.40973],[8.84539,44.41348],[8.83774,44.41718],[8.827,44.42845],[8.76238,44.43212],[8.73715,44.42878],[8.72478,44.42398],[8.69581,44.40672],[8.68531,44.3981],[8.67856,44.39468],[8.67091,44.39472],[8.66277,44.39558],[8.65512,44.39468],[8.59376,44.36274],[8.57667,44.36054],[8.56479,44.35716],[8.54029,44.34003],[8.46608,44.30427],[8.44451,44.28388],[8.44972,44.26435],[8.43946,44.25316],[8.43653,44.24755],[8.43539,44.24042],[8.43238,44.23802],[8.41725,44.23066],[8.41188,44.22704],[8.4065,44.21503],[8.40854,44.20409],[8.40821,44.19351],[8.39454,44.18236],[8.3694,44.17353],[8.31349,44.16047],[8.28468,44.14826],[8.26954,44.13874],[8.25652,44.12836],[8.23316,44.10358],[8.22999,44.09634],[8.23121,44.08031],[8.22999,44.0725],[8.22381,44.0572],[8.21632,44.04523],[8.16912,44.00666],[8.15268,43.98322],[8.16798,43.96263],[8.16798,43.95649],[8.14471,43.95258],[8.11524,43.92768],[8.0892,43.91987],[8.08155,43.91523],[8.07545,43.90965],[8.07301,43.90461],[8.06772,43.89667],[8.05568,43.89208],[8.03142,43.88752],[7.95973,43.85285],[7.78582,43.82197],[7.73658,43.79825],[7.695,43.7912],[7.57203,43.79133],[7.54412,43.78449],[7.5311,43.78449],[7.52958,43.78537],[7.52956,43.78547],[7.52954,43.7856],[7.52954,43.78566],[7.52954,43.78573],[7.52955,43.78578],[7.52959,43.78583],[7.52959,43.78588],[7.52966,43.78596]],[[12.48267,43.89669],[12.4833,43.89666],[12.48383,43.89664],[12.48434,43.89659],[12.48504,43.89653],[12.48576,43.89651],[12.48626,43.89648],[12.48662,43.89645],[12.4874,43.89647],[12.48761,43.89714],[12.48787,43.89778],[12.48803,43.89846],[12.48812,43.89888],[12.48831,43.89957],[12.48846,43.90002],[12.48871,43.90063],[12.48903,43.90126],[12.48929,43.90192],[12.4895,43.90239],[12.4896,43.90255],[12.48993,43.90285],[12.49019,43.90316],[12.49058,43.90346],[12.49115,43.90394],[12.49185,43.90478],[12.49207,43.90508],[12.49219,43.90538],[12.49229,43.90588],[12.49245,43.90611],[12.49263,43.90631],[12.49277,43.90653],[12.49289,43.90707],[12.49291,43.90739],[12.49298,43.90767],[12.49346,43.90788],[12.49388,43.90808],[12.49436,43.90837],[12.49482,43.90863],[12.49514,43.90883],[12.49544,43.9091],[12.49557,43.90933],[12.4955,43.90962],[12.49521,43.90987],[12.49487,43.90999],[12.49449,43.91009],[12.49373,43.91007],[12.49332,43.91014],[12.49336,43.91062],[12.49346,43.91099],[12.49349,43.91137],[12.49345,43.91197],[12.4933,43.91245],[12.49324,43.913],[12.49349,43.91343],[12.49344,43.91376],[12.49339,43.91421],[12.49339,43.91456],[12.49347,43.9149],[12.49339,43.91496],[12.49338,43.91512],[12.49345,43.91537],[12.49342,43.91552],[12.49299,43.91551],[12.49288,43.91561],[12.49278,43.91581],[12.49249,43.91612],[12.49247,43.91627],[12.49244,43.91663],[12.49246,43.91695],[12.49253,43.91749],[12.49266,43.91774],[12.49279,43.91803],[12.49281,43.91817],[12.49294,43.91845],[12.49323,43.91876],[12.49337,43.91886],[12.49349,43.9191],[12.49376,43.91952],[12.49404,43.91987],[12.49423,43.92019],[12.49502,43.9205],[12.49557,43.92083],[12.49598,43.921],[12.49635,43.92126],[12.49648,43.92151],[12.49647,43.92173],[12.49652,43.922],[12.49663,43.92211],[12.49685,43.92226],[12.49703,43.92248],[12.49724,43.92271],[12.49739,43.92282],[12.49785,43.92285],[12.49865,43.92283],[12.49896,43.92283],[12.49943,43.923],[12.49985,43.9231],[12.50026,43.92313],[12.50074,43.92311],[12.50117,43.92323],[12.50163,43.9234],[12.50241,43.92346],[12.50274,43.92354],[12.5029,43.92363],[12.50313,43.92387],[12.50327,43.92411],[12.5036,43.92493],[12.50378,43.92546],[12.50386,43.92582],[12.50404,43.92613],[12.50422,43.92665],[12.50411,43.92704],[12.50401,43.9271],[12.50405,43.92746],[12.50407,43.9275],[12.50428,43.9281],[12.50435,43.92858],[12.50448,43.92885],[12.50458,43.92927],[12.50531,43.93019],[12.5055,43.93032],[12.50585,43.9309],[12.50602,43.93109],[12.50638,43.93136],[12.50734,43.93217],[12.5075,43.93236],[12.50753,43.93265],[12.50749,43.93275],[12.5074,43.93284],[12.50727,43.93323],[12.5073,43.93356],[12.50781,43.93402],[12.5082,43.93421],[12.50857,43.93431],[12.5094,43.93453],[12.5098,43.93465],[12.51,43.93473],[12.51009,43.93488],[12.5103,43.9354],[12.51046,43.93587],[12.51049,43.93629],[12.51044,43.93636],[12.51123,43.9373],[12.5116,43.93739],[12.51212,43.93748],[12.51236,43.93765],[12.51277,43.9378],[12.51313,43.93795],[12.51327,43.9381],[12.51323,43.93825],[12.51377,43.93862],[12.51417,43.93899],[12.51469,43.93923],[12.51495,43.93946],[12.51521,43.93992],[12.51532,43.94013],[12.51558,43.94039],[12.51608,43.94071],[12.5162,43.94074],[12.51596,43.94144],[12.51585,43.94285],[12.51581,43.94354],[12.51592,43.94359],[12.51555,43.9444],[12.51555,43.94454],[12.51539,43.94497],[12.51512,43.94583],[12.5149,43.94645],[12.51446,43.94757],[12.51415,43.94848],[12.51408,43.94873],[12.51392,43.94906],[12.51361,43.94975],[12.51343,43.95008],[12.5132,43.95031],[12.51306,43.9504],[12.51272,43.95091],[12.51247,43.95124],[12.51216,43.95167],[12.51079,43.95344],[12.51055,43.95372],[12.51013,43.9541],[12.50969,43.95451],[12.50886,43.95526],[12.50831,43.95585],[12.50782,43.95641],[12.50729,43.95698],[12.50637,43.95808],[12.50657,43.95845],[12.50693,43.95899],[12.50731,43.95963],[12.50795,43.96064],[12.50844,43.96147],[12.50901,43.9624],[12.5091,43.96256],[12.50927,43.96271],[12.50919,43.9628],[12.50846,43.96343],[12.50782,43.96397],[12.50748,43.96421],[12.50746,43.96542],[12.50738,43.96654],[12.50733,43.96746],[12.50732,43.96805],[12.50735,43.9682],[12.5065,43.97],[12.50593,43.9711],[12.50767,43.9714],[12.50829,43.97145],[12.50875,43.97142],[12.50912,43.97142],[12.50966,43.97154],[12.50995,43.97162],[12.51067,43.97209],[12.51072,43.97209],[12.5112,43.97214],[12.51173,43.97217],[12.51183,43.97221],[12.51197,43.97236],[12.51221,43.97264],[12.51232,43.97282],[12.51235,43.97301],[12.51233,43.9732],[12.51229,43.97342],[12.5124,43.97364],[12.51224,43.97386],[12.51223,43.97405],[12.51196,43.97448],[12.51182,43.97462],[12.51166,43.97493],[12.51147,43.97517],[12.51143,43.97543],[12.5113,43.97614],[12.51133,43.97632],[12.51127,43.97644],[12.51126,43.97675],[12.5113,43.97721],[12.5114,43.97735],[12.5114,43.97744],[12.51132,43.97786],[12.51111,43.97812],[12.51083,43.97835],[12.51085,43.97854],[12.51049,43.97944],[12.51062,43.97988],[12.51055,43.98],[12.51054,43.98036],[12.51042,43.98051],[12.51021,43.98062],[12.51014,43.98072],[12.51001,43.98093],[12.51003,43.98096],[12.5102,43.98097],[12.51025,43.98105],[12.51026,43.98113],[12.51031,43.98126],[12.51026,43.98136],[12.51024,43.98145],[12.5105,43.98154],[12.51093,43.9817],[12.51093,43.98178],[12.51104,43.98196],[12.51138,43.98237],[12.51149,43.98252],[12.51187,43.9827],[12.51186,43.9828],[12.51181,43.98296],[12.51187,43.98309],[12.51207,43.98327],[12.51208,43.98365],[12.5122,43.98384],[12.51236,43.98399],[12.51254,43.98403],[12.51277,43.98413],[12.51317,43.98435],[12.51337,43.98445],[12.51374,43.98452],[12.51397,43.98452],[12.51442,43.98453],[12.51455,43.98459],[12.51481,43.98463],[12.51541,43.98464],[12.51563,43.98461],[12.51593,43.9846],[12.51569,43.98547],[12.51551,43.9863],[12.51536,43.98678],[12.51509,43.98787],[12.51494,43.98841],[12.51499,43.98886],[12.51507,43.98951],[12.51477,43.99008],[12.51448,43.99072],[12.51443,43.9908],[12.51428,43.99087],[12.51343,43.99132],[12.51341,43.99123],[12.51296,43.99112],[12.51288,43.99112],[12.51277,43.99114],[12.51271,43.99115],[12.51187,43.99108],[12.51136,43.99106],[12.51079,43.99102],[12.51024,43.99095],[12.51003,43.99094],[12.50962,43.99095],[12.50956,43.99097],[12.50943,43.9911],[12.50939,43.99118],[12.5093,43.99143],[12.50933,43.99171],[12.50961,43.99195],[12.50962,43.99209],[12.50923,43.99207],[12.5088,43.9919],[12.50848,43.99174],[12.50824,43.99164],[12.50807,43.99149],[12.50813,43.99136],[12.50839,43.9913],[12.50852,43.99122],[12.50862,43.99108],[12.50856,43.99088],[12.50831,43.99083],[12.50804,43.9909],[12.50703,43.99139],[12.50661,43.9916],[12.5064,43.99136],[12.50596,43.99081],[12.50586,43.99076],[12.5058,43.99088],[12.50528,43.99093],[12.50499,43.99096],[12.5046,43.99101],[12.50396,43.99108],[12.50386,43.99092],[12.5037,43.99064],[12.50392,43.99056],[12.50472,43.99038],[12.5046,43.99015],[12.5044,43.98983],[12.50409,43.98939],[12.50415,43.98911],[12.50393,43.98898],[12.50323,43.98895],[12.50309,43.98888],[12.50313,43.9887],[12.50324,43.98862],[12.50352,43.98829],[12.50354,43.98819],[12.50321,43.98794],[12.50286,43.98764],[12.50253,43.98745],[12.50243,43.98709],[12.50223,43.98686],[12.50199,43.98674],[12.50123,43.98693],[12.50101,43.98696],[12.50052,43.98689],[12.4998,43.98657],[12.49946,43.98632],[12.49918,43.98601],[12.49903,43.98581],[12.49888,43.98575],[12.49828,43.98616],[12.49795,43.98618],[12.49762,43.98618],[12.49743,43.98617],[12.49706,43.98617],[12.4968,43.98618],[12.4965,43.98624],[12.4963,43.9863],[12.49612,43.98633],[12.49551,43.98571],[12.495,43.98507],[12.49483,43.98501],[12.49469,43.98489],[12.49473,43.98469],[12.49479,43.98461],[12.49479,43.98459],[12.49477,43.98457],[12.49466,43.98457],[12.49453,43.98461],[12.49446,43.98461],[12.49433,43.98448],[12.49425,43.98432],[12.49407,43.98412],[12.494,43.98407],[12.49392,43.98402],[12.49382,43.98399],[12.4937,43.98388],[12.49316,43.98344],[12.4926,43.98298],[12.49256,43.98297],[12.49242,43.98296],[12.49221,43.98299],[12.49177,43.983],[12.49137,43.98317],[12.49106,43.98326],[12.49047,43.98332],[12.49017,43.9833],[12.48992,43.98321],[12.4898,43.98311],[12.48953,43.98303],[12.48936,43.98294],[12.48931,43.98285],[12.48909,43.98281],[12.48905,43.98268],[12.48896,43.98263],[12.4888,43.98259],[12.48873,43.9825],[12.48859,43.98246],[12.4885,43.98244],[12.48841,43.9824],[12.48823,43.98234],[12.48809,43.9823],[12.48793,43.98222],[12.48773,43.98214],[12.48763,43.9821],[12.48748,43.98204],[12.48726,43.982],[12.48714,43.98199],[12.487,43.98193],[12.48685,43.98189],[12.48671,43.98185],[12.48652,43.98173],[12.48645,43.98164],[12.48634,43.98162],[12.48629,43.98158],[12.48607,43.98151],[12.48589,43.9814],[12.48582,43.98137],[12.48572,43.98134],[12.48561,43.98134],[12.48555,43.9813],[12.48538,43.98129],[12.48495,43.98119],[12.48478,43.98122],[12.4847,43.9812],[12.48462,43.98115],[12.48453,43.98113],[12.48443,43.98115],[12.48422,43.98114],[12.48406,43.98111],[12.48384,43.98101],[12.48368,43.98099],[12.48351,43.98093],[12.48339,43.9809],[12.48326,43.98089],[12.48315,43.98088],[12.48304,43.98087],[12.48297,43.98089],[12.48289,43.9809],[12.48262,43.98095],[12.48252,43.98095],[12.48247,43.98098],[12.4823,43.98097],[12.48218,43.98099],[12.48201,43.981],[12.48187,43.98095],[12.48176,43.98101],[12.48161,43.98101],[12.48135,43.98099],[12.4812,43.98095],[12.4811,43.98094],[12.4806,43.98093],[12.48045,43.98091],[12.48039,43.98092],[12.48011,43.98084],[12.47998,43.98081],[12.47972,43.98077],[12.47934,43.98079],[12.47917,43.98079],[12.47905,43.98075],[12.47876,43.9807],[12.47859,43.98063],[12.47853,43.98056],[12.47841,43.98052],[12.47826,43.98042],[12.47812,43.98044],[12.47805,43.98046],[12.47797,43.98043],[12.47779,43.98037],[12.47776,43.98031],[12.47769,43.98027],[12.47754,43.98023],[12.47745,43.9802],[12.47739,43.98016],[12.47721,43.98012],[12.47711,43.9801],[12.47693,43.98002],[12.47679,43.97999],[12.47675,43.97995],[12.47668,43.97994],[12.47651,43.97986],[12.47643,43.97981],[12.47632,43.9798],[12.47623,43.97981],[12.47611,43.9798],[12.47608,43.97979],[12.47581,43.97984],[12.47576,43.97982],[12.47561,43.97982],[12.47554,43.97977],[12.47545,43.97974],[12.4754,43.9797],[12.47531,43.97963],[12.47521,43.97952],[12.47517,43.97954],[12.47505,43.97952],[12.47469,43.97947],[12.47458,43.97943],[12.47436,43.9793],[12.47417,43.97924],[12.47393,43.97919],[12.47384,43.9791],[12.47379,43.97902],[12.47367,43.97902],[12.47353,43.97898],[12.47341,43.97894],[12.47326,43.97886],[12.47315,43.97882],[12.47302,43.97875],[12.47295,43.97864],[12.47276,43.97857],[12.47264,43.97859],[12.47254,43.97858],[12.47231,43.97858],[12.47221,43.97856],[12.47208,43.97854],[12.47191,43.9785],[12.47179,43.97849],[12.4717,43.97843],[12.47163,43.97841],[12.4716,43.97838],[12.47151,43.97831],[12.4714,43.97825],[12.47131,43.97824],[12.47123,43.97818],[12.47108,43.97813],[12.47102,43.97808],[12.47095,43.97806],[12.47092,43.978],[12.47076,43.97794],[12.47067,43.97793],[12.47056,43.97784],[12.47044,43.97777],[12.47032,43.9778],[12.47014,43.97773],[12.47005,43.97773],[12.46997,43.97772],[12.46988,43.97772],[12.46979,43.9777],[12.46966,43.97763],[12.46951,43.97757],[12.46944,43.97751],[12.46933,43.97749],[12.46925,43.97742],[12.46902,43.97722],[12.46902,43.97715],[12.4689,43.97709],[12.46879,43.97706],[12.46859,43.97701],[12.46844,43.97691],[12.46839,43.97684],[12.46834,43.97666],[12.46835,43.97661],[12.46825,43.9765],[12.46775,43.97625],[12.46696,43.97589],[12.4664,43.97568],[12.46547,43.97539],[12.46507,43.97525],[12.46364,43.97467],[12.46214,43.97391],[12.46205,43.97389],[12.46155,43.97362],[12.46012,43.9729],[12.45736,43.97152],[12.45694,43.97129],[12.45633,43.971],[12.45565,43.97065],[12.45328,43.96945],[12.45294,43.9693],[12.45268,43.96914],[12.45261,43.96904],[12.45188,43.96847],[12.45145,43.96811],[12.4501,43.96704],[12.44895,43.96609],[12.44799,43.96589],[12.44751,43.9658],[12.44656,43.96565],[12.44645,43.96565],[12.44513,43.9643],[12.44443,43.96358],[12.44344,43.9626],[12.44306,43.96223],[12.44245,43.96157],[12.44197,43.96113],[12.44154,43.96072],[12.44123,43.96046],[12.44017,43.96006],[12.43974,43.95981],[12.43911,43.9594],[12.43865,43.95904],[12.43829,43.95872],[12.43779,43.95826],[12.43698,43.95719],[12.43652,43.95663],[12.43577,43.95669],[12.43529,43.9567],[12.43405,43.9568],[12.43196,43.95695],[12.43159,43.95696],[12.43124,43.95699],[12.43007,43.95707],[12.42992,43.95706],[12.4283,43.9572],[12.42785,43.95726],[12.42621,43.95742],[12.42464,43.95749],[12.42352,43.95754],[12.42336,43.95749],[12.42208,43.95762],[12.42178,43.95768],[12.42109,43.95776],[12.42084,43.95776],[12.4204,43.95774],[12.42017,43.95775],[12.42004,43.95776],[12.41982,43.9578],[12.41971,43.95754],[12.41955,43.95718],[12.41895,43.9562],[12.41821,43.95539],[12.41699,43.95407],[12.41636,43.95329],[12.41599,43.95285],[12.41569,43.95316],[12.41558,43.95314],[12.41537,43.95306],[12.41515,43.95308],[12.41498,43.95315],[12.41475,43.9533],[12.41454,43.95331],[12.41434,43.95326],[12.4142,43.95312],[12.41409,43.95291],[12.41391,43.95266],[12.41378,43.95264],[12.41356,43.95271],[12.41306,43.95271],[12.41273,43.95276],[12.41251,43.95262],[12.41226,43.95253],[12.41177,43.95241],[12.41173,43.95241],[12.41155,43.95243],[12.41152,43.95245],[12.41086,43.95287],[12.40996,43.95325],[12.40865,43.95337],[12.4078,43.9536],[12.40703,43.95404],[12.40632,43.95433],[12.40546,43.95445],[12.40525,43.95456],[12.40503,43.95479],[12.40491,43.95493],[12.40448,43.95575],[12.40395,43.95518],[12.40364,43.95475],[12.40336,43.954],[12.40335,43.95343],[12.40332,43.95273],[12.40352,43.95229],[12.40404,43.95125],[12.40431,43.95041],[12.40415,43.95006],[12.40412,43.94943],[12.40512,43.94779],[12.40513,43.94773],[12.40498,43.94593],[12.40484,43.94544],[12.40474,43.94488],[12.40524,43.94264],[12.40547,43.94214],[12.40592,43.94181],[12.40667,43.94105],[12.40706,43.94079],[12.40766,43.94063],[12.40811,43.94041],[12.40848,43.94011],[12.41096,43.93882],[12.41217,43.93775],[12.41244,43.93719],[12.41219,43.93672],[12.41194,43.93632],[12.41193,43.93613],[12.41212,43.93594],[12.41275,43.93536],[12.41301,43.93498],[12.41372,43.93399],[12.41395,43.93324],[12.41497,43.93205],[12.41507,43.93141],[12.41537,43.93017],[12.41516,43.92985],[12.41506,43.92944],[12.41472,43.92875],[12.41416,43.92831],[12.41366,43.92792],[12.41301,43.92761],[12.41248,43.92723],[12.41199,43.9267],[12.41142,43.9262],[12.41087,43.92586],[12.41035,43.92542],[12.40978,43.92502],[12.40937,43.92462],[12.40921,43.92429],[12.40906,43.92371],[12.40868,43.92253],[12.40841,43.92186],[12.40827,43.92152],[12.40821,43.92116],[12.40827,43.92052],[12.40895,43.91908],[12.40944,43.91759],[12.40985,43.91645],[12.41183,43.91113],[12.4125,43.9094],[12.41209,43.90824],[12.41135,43.9072],[12.41066,43.90614],[12.41011,43.90524],[12.40941,43.9041],[12.40885,43.9032],[12.40881,43.90218],[12.40961,43.90193],[12.4099,43.90182],[12.41019,43.90168],[12.41044,43.9015],[12.41071,43.90117],[12.41114,43.90079],[12.41151,43.90072],[12.41234,43.9006],[12.41312,43.90052],[12.41359,43.90047],[12.41399,43.90044],[12.41442,43.90036],[12.41463,43.90031],[12.41502,43.90025],[12.41558,43.90024],[12.41561,43.9002],[12.41626,43.90028],[12.41673,43.90035],[12.4171,43.90036],[12.41852,43.9005],[12.41948,43.90059],[12.42033,43.90069],[12.42033,43.9007],[12.42038,43.90071],[12.42107,43.90094],[12.42187,43.90112],[12.42258,43.90125],[12.42321,43.90133],[12.42368,43.90145],[12.42402,43.90173],[12.42449,43.90266],[12.4249,43.90306],[12.42493,43.90307],[12.425,43.90312],[12.42587,43.90333],[12.42641,43.90334],[12.42661,43.90342],[12.42673,43.90351],[12.42706,43.90376],[12.42731,43.90396],[12.42778,43.90423],[12.42806,43.90415],[12.42802,43.90333],[12.42874,43.90338],[12.42873,43.90295],[12.42894,43.90284],[12.42909,43.90276],[12.42923,43.90267],[12.42939,43.90253],[12.42956,43.90227],[12.42978,43.90211],[12.43029,43.90181],[12.43053,43.90185],[12.43072,43.90191],[12.43094,43.90187],[12.431,43.9018],[12.43257,43.90143],[12.4326,43.90156],[12.43281,43.90161],[12.43314,43.90166],[12.4333,43.90167],[12.43349,43.90176],[12.43374,43.90184],[12.43419,43.90234],[12.43452,43.90259],[12.43475,43.90289],[12.43476,43.9033],[12.43591,43.90353],[12.43622,43.90314],[12.43664,43.90307],[12.43683,43.90338],[12.43709,43.90355],[12.43778,43.90334],[12.43815,43.90361],[12.43774,43.90419],[12.43836,43.90481],[12.4396,43.90557],[12.44013,43.90581],[12.44285,43.90598],[12.44409,43.90451],[12.44478,43.90391],[12.44585,43.90366],[12.4465,43.90336],[12.44747,43.90279],[12.44798,43.90243],[12.4483,43.90168],[12.4484,43.90133],[12.44822,43.90079],[12.44826,43.90056],[12.44883,43.89995],[12.44849,43.89961],[12.44795,43.89969],[12.44792,43.89931],[12.44945,43.89854],[12.44921,43.89782],[12.44926,43.8976],[12.44969,43.89699],[12.45004,43.89674],[12.45035,43.89643],[12.45065,43.89609],[12.45112,43.89568],[12.45175,43.89539],[12.45208,43.89527],[12.45271,43.89513],[12.45306,43.89482],[12.45347,43.89457],[12.45456,43.89403],[12.455,43.89393],[12.45547,43.89414],[12.45642,43.894],[12.4567,43.8939],[12.45682,43.89377],[12.45706,43.8937],[12.45738,43.89364],[12.45749,43.89363],[12.4576,43.89363],[12.45765,43.89366],[12.45763,43.89386],[12.45798,43.89392],[12.45809,43.89392],[12.45855,43.8943],[12.45876,43.8941],[12.45888,43.89414],[12.45904,43.8943],[12.45972,43.8945],[12.46022,43.89456],[12.4607,43.89444],[12.46109,43.8943],[12.4616,43.89406],[12.46213,43.89386],[12.46239,43.89377],[12.46263,43.89412],[12.4628,43.89446],[12.46297,43.89476],[12.46348,43.89461],[12.46382,43.89438],[12.46524,43.8948],[12.46652,43.89572],[12.4677,43.89533],[12.46797,43.8954],[12.46939,43.89579],[12.46986,43.89737],[12.46991,43.89754],[12.47014,43.89685],[12.47071,43.89612],[12.47216,43.89652],[12.47264,43.89657],[12.47309,43.89667],[12.4736,43.89673],[12.47412,43.8968],[12.47477,43.89691],[12.47541,43.89693],[12.47624,43.89695],[12.47695,43.89692],[12.47771,43.89692],[12.47825,43.89685],[12.47893,43.89683],[12.47959,43.89682],[12.48014,43.8968],[12.48077,43.8968],[12.48135,43.89676],[12.48198,43.89672],[12.48267,43.89669]],[[12.45449,41.90059],[12.45438,41.90059],[12.45438,41.90071],[12.45434,41.90071],[12.45433,41.9014],[12.45439,41.9014],[12.45442,41.90142],[12.45442,41.90144],[12.45482,41.90144],[12.45627,41.90161],[12.4567,41.90115],[12.45737,41.90111],[12.45779,41.90121],[12.4581,41.90137],[12.45836,41.90167],[12.45845,41.90198],[12.45846,41.90227],[12.45846,41.90243],[12.45836,41.90274],[12.45825,41.90294],[12.45796,41.90317],[12.45756,41.90334],[12.45765,41.90571],[12.45766,41.90582],[12.45653,41.90609],[12.45565,41.9063],[12.4554,41.90738],[12.45382,41.90698],[12.45389,41.9068],[12.45206,41.90653],[12.45208,41.90649],[12.45144,41.90637],[12.45137,41.90657],[12.45091,41.90653],[12.45092,41.90652],[12.45051,41.90649],[12.45032,41.90599],[12.45052,41.90584],[12.44945,41.90505],[12.44927,41.90518],[12.44894,41.90505],[12.44889,41.90473],[12.4491,41.90468],[12.44864,41.90361],[12.44839,41.90371],[12.4479,41.90341],[12.44779,41.90333],[12.44764,41.90312],[12.44786,41.90299],[12.44687,41.90219],[12.44663,41.90235],[12.44579,41.90197],[12.44655,41.90164],[12.44672,41.9018],[12.44796,41.90101],[12.4478,41.90085],[12.44796,41.90069],[12.44878,41.90082],[12.44877,41.901],[12.45088,41.90084],[12.45081,41.9006],[12.45181,41.90034],[12.45279,41.90028],[12.45283,41.90049],[12.45388,41.90032],[12.45389,41.90031],[12.45452,41.90021],[12.45458,41.90035],[12.45458,41.90041],[12.45449,41.90041],[12.45449,41.90059]]],[[[16.27556,42.38935],[16.27605,42.38793],[16.27451,42.38797],[16.27556,42.38935]]],[[[16.27036,42.38683],[16.27133,42.38805],[16.27198,42.38609],[16.27036,42.38683]]],[[[16.25945,42.39395],[16.26686,42.3898],[16.25799,42.39],[16.25945,42.39395]]],[[[15.21306,37.76146],[15.20655,37.74775],[15.20826,37.73705],[15.2186,37.71809],[15.22022,37.70673],[15.21608,37.69672],[15.20216,37.68537],[15.19907,37.67573],[15.19679,37.6551],[15.18458,37.6258],[15.17856,37.60431],[15.16383,37.56769],[15.1159,37.52228],[15.09669,37.49445],[15.09156,37.47748],[15.08953,37.45946],[15.09205,37.36054],[15.09669,37.34369],[15.10353,37.32978],[15.11069,37.32185],[15.18002,37.29076],[15.21746,37.28498],[15.23666,37.27473],[15.25196,37.25772],[15.26124,37.23383],[15.24488,37.24616],[15.23561,37.24193],[15.22885,37.23029],[15.22022,37.22016],[15.22169,37.23745],[15.21583,37.2447],[15.20541,37.2447],[15.19288,37.23998],[15.19907,37.22761],[15.18344,37.20746],[15.19467,37.17634],[15.21648,37.15522],[15.23325,37.16486],[15.24757,37.15868],[15.24757,37.15184],[15.22918,37.14964],[15.23178,37.13491],[15.24659,37.11823],[15.26466,37.1103],[15.28883,37.10838],[15.30323,37.10122],[15.30787,37.08666],[15.30274,37.06249],[15.28793,37.069],[15.28199,37.06086],[15.2837,37.04841],[15.29184,37.04198],[15.31227,37.04401],[15.32106,37.04023],[15.32944,37.02774],[15.33237,37.01162],[15.32472,37.00849],[15.31422,37.01244],[15.30893,37.01777],[15.3034,37.01618],[15.26808,37.00043],[15.27491,36.9936],[15.26612,36.98941],[15.26384,36.98713],[15.26808,36.98054],[15.26808,36.97309],[15.24448,36.97207],[15.22674,36.96479],[15.21168,36.95649],[15.19606,36.95262],[15.17465,36.94408],[15.15838,36.92422],[15.10768,36.82014],[15.10662,36.80858],[15.094,36.79955],[15.09889,36.77945],[15.1172,36.74714],[15.13494,36.68769],[15.13429,36.6752],[15.11451,36.6599],[15.09392,36.65493],[15.07358,36.65913],[15.05519,36.67145],[15.0407,36.68769],[15.03305,36.69391],[15.02101,36.69937],[15.00717,36.70279],[14.99781,36.70222],[14.99366,36.69595],[14.98243,36.68887],[14.95729,36.69782],[14.91863,36.71988],[14.88217,36.73066],[14.84685,36.72626],[14.78077,36.69937],[14.77613,36.70771],[14.77345,36.71003],[14.76092,36.7062],[14.74431,36.71914],[14.68458,36.72602],[14.67164,36.74372],[14.65895,36.75381],[14.60011,36.77212],[14.58221,36.78132],[14.56593,36.77831],[14.48732,36.79336],[14.47576,36.80492],[14.39454,36.94501],[14.36988,36.97309],[14.27882,37.04401],[14.20851,37.08112],[14.12631,37.11225],[14.08863,37.11774],[13.97633,37.1103],[13.9673,37.10822],[13.94858,37.09882],[13.93849,37.09593],[13.89438,37.10082],[13.83269,37.13955],[13.79461,37.15184],[13.75164,37.159],[13.71583,37.17137],[13.68344,37.18936],[13.59881,37.25674],[13.56918,37.27351],[13.53443,37.28217],[13.48862,37.28848],[13.45265,37.29881],[13.42156,37.3144],[13.37224,37.34614],[13.3296,37.36628],[13.31129,37.38085],[13.30201,37.38573],[13.28924,37.38915],[13.27801,37.3937],[13.25327,37.43179],[13.24733,37.43594],[13.22535,37.44603],[13.21404,37.45808],[13.20607,37.46393],[13.19459,37.46654],[13.18922,37.46971],[13.17937,37.48383],[13.17408,37.48701],[13.05152,37.50068],[13.03679,37.49486],[13.02638,37.49323],[13.01686,37.49755],[13.01043,37.5069],[13.00416,37.52709],[13.00001,37.53547],[12.97413,37.55744],[12.94264,37.56851],[12.86215,37.5764],[12.78093,37.5742],[12.69777,37.56273],[12.65935,37.56513],[12.63624,37.58222],[12.59474,37.63788],[12.57781,37.652],[12.56349,37.65778],[12.52361,37.65835],[12.5062,37.66551],[12.48902,37.68268],[12.47438,37.70295],[12.46502,37.71979],[12.46046,37.73461],[12.45916,37.74775],[12.45631,37.75975],[12.44801,37.77131],[12.43629,37.78315],[12.42701,37.79702],[12.42742,37.80927],[12.44459,37.81598],[12.44606,37.81184],[12.46046,37.81904],[12.46502,37.82282],[12.46306,37.82575],[12.47022,37.85342],[12.47242,37.85419],[12.47771,37.87255],[12.47869,37.88117],[12.47674,37.88593],[12.46778,37.89712],[12.46502,37.90599],[12.46412,37.91291],[12.46453,37.91413],[12.46705,37.91616],[12.49049,37.95401],[12.49659,37.98062],[12.50294,37.99706],[12.50416,38.01122],[12.49293,38.02143],[12.52345,38.03144],[12.54965,38.05484],[12.57634,38.07172],[12.60841,38.0624],[12.63868,38.0795],[12.65162,38.0915],[12.65691,38.10737],[12.66245,38.11628],[12.67604,38.11587],[12.69191,38.11213],[12.7046,38.11083],[12.72535,38.12592],[12.72397,38.15034],[12.7199,38.17548],[12.73178,38.19278],[12.7378,38.18098],[12.74936,38.18207],[12.76092,38.18098],[12.76612,38.16266],[12.79078,38.11709],[12.81837,38.07795],[12.82879,38.06989],[12.85694,38.05858],[12.86891,38.05134],[12.86964,38.04255],[12.90113,38.02806],[12.94418,38.03286],[13.02735,38.0624],[13.06137,38.08348],[13.06967,38.09113],[13.0713,38.09553],[13.06959,38.10147],[13.06821,38.11396],[13.06617,38.12303],[13.05681,38.13272],[13.0547,38.14183],[13.08937,38.166],[13.08375,38.17471],[13.08961,38.18334],[13.10092,38.19009],[13.11248,38.19278],[13.12241,38.19098],[13.15699,38.17967],[13.17937,38.17621],[13.20721,38.17609],[13.23032,38.18464],[13.23902,38.20702],[13.25441,38.20254],[13.26596,38.20527],[13.27703,38.21043],[13.29664,38.21442],[13.31023,38.21955],[13.31813,38.22065],[13.32325,38.21796],[13.32504,38.21166],[13.32602,38.20478],[13.32838,38.20018],[13.36622,38.17967],[13.37192,38.1728],[13.3733,38.14069],[13.37672,38.13129],[13.39137,38.10318],[13.51352,38.11054],[13.54127,38.09406],[13.53932,38.07685],[13.54086,38.06753],[13.54737,38.05622],[13.55747,38.04914],[13.58709,38.03913],[13.62241,38.0152],[13.65113,38.00096],[13.69777,37.9936],[13.71193,37.98794],[13.70777,37.98509],[13.70729,37.98404],[13.70509,37.98045],[13.72674,37.9809],[13.79078,37.97362],[13.81267,37.97793],[13.85719,37.99673],[13.89828,38.00446],[13.91228,38.01264],[13.92482,38.02196],[13.93849,38.02888],[14.00717,38.03827],[14.02052,38.04938],[14.06251,38.03022],[14.08326,38.02383],[14.10629,38.02143],[14.12094,38.02261],[14.15138,38.02888],[14.2732,38.01512],[14.33123,38.01801],[14.38461,38.02953],[14.4319,38.04938],[14.46412,38.03718],[14.51173,38.04438],[14.63461,38.08149],[14.66774,38.09919],[14.69597,38.12104],[14.73373,38.15762],[14.7448,38.16136],[14.7776,38.15925],[14.79811,38.16035],[14.87403,38.17569],[14.88803,38.1826],[14.89747,38.18594],[14.90707,38.18769],[14.93531,38.18594],[14.945,38.18179],[14.96306,38.1634],[14.96974,38.15925],[14.98178,38.15827],[15.00733,38.1518],[15.03907,38.15331],[15.049,38.1518],[15.05307,38.14838],[15.06324,38.13569],[15.0687,38.13129],[15.0879,38.12824],[15.10532,38.13349],[15.12257,38.14106],[15.17742,38.15632],[15.2033,38.1833],[15.24073,38.24116],[15.23764,38.24885],[15.2361,38.25104],[15.23699,38.25348],[15.24073,38.26166],[15.23715,38.2648],[15.24318,38.2648],[15.24635,38.25434],[15.24073,38.23029],[15.24537,38.21723],[15.25758,38.21019],[15.27418,38.20751],[15.29184,38.20702],[15.32106,38.21088],[15.39967,38.23257],[15.42189,38.24457],[15.43377,38.25316],[15.47291,38.26781],[15.51287,38.29759],[15.52866,38.30264],[15.55926,38.30012],[15.61598,38.28022],[15.65162,38.27529],[15.64828,38.26675],[15.64243,38.26227],[15.63445,38.26093],[15.62428,38.26166],[15.58375,38.24042],[15.56967,38.22695],[15.563,38.2143],[15.55991,38.19977],[15.57594,38.20018],[15.52703,38.13679],[15.50034,38.08495],[15.39259,37.97614],[15.30274,37.86441],[15.28346,37.83295],[15.26629,37.81192],[15.24122,37.79556],[15.21306,37.76146]]],[[[15.49212,42.10745],[15.48471,42.10143],[15.47771,42.10411],[15.4782,42.11347],[15.48382,42.11856],[15.48593,42.12075],[15.48911,42.12454],[15.49285,42.12385],[15.49676,42.11603],[15.49212,42.10745]]],[[[15.30232,44.09508],[15.30104,44.09545],[15.29655,44.08989],[15.29296,44.0892],[15.28724,44.09215],[15.28204,44.08901],[15.27627,44.08732],[15.27595,44.08746],[15.23325,44.12092],[15.22202,44.12564],[15.2129,44.13105],[15.20883,44.13817],[15.21162,44.14538],[15.2306,44.14762],[15.23346,44.15791],[15.23169,44.1609],[15.23903,44.16972],[15.25355,44.18712],[15.27948,44.16831],[15.28259,44.15713],[15.28078,44.14022],[15.29319,44.13015],[15.29529,44.12844],[15.29927,44.12965],[15.33134,44.11028],[15.33977,44.09808],[15.33983,44.098],[15.33833,44.09819],[15.33713,44.09803],[15.33451,44.09736],[15.329,44.09556],[15.32444,44.0939],[15.32376,44.09376],[15.32102,44.09358],[15.31744,44.09364],[15.31649,44.09352],[15.31473,44.09284],[15.31312,44.09273],[15.30932,44.09315],[15.30648,44.09368],[15.30372,44.09438],[15.30232,44.09508]]],[[[15.23243,38.78929],[15.22967,38.78303],[15.22462,38.7768],[15.21746,38.77302],[15.20607,38.77521],[15.18702,38.78901],[15.18702,38.79271],[15.1941,38.79808],[15.20362,38.80158],[15.20875,38.80589],[15.21209,38.81045],[15.2186,38.81196],[15.22779,38.81029],[15.23463,38.80781],[15.23927,38.80402],[15.23748,38.79597],[15.23243,38.78929]]],[[[14.94825,38.39643],[14.94532,38.41226],[14.95883,38.43293],[14.96632,38.43293],[14.96632,38.41869],[14.98243,38.41242],[14.99366,38.40302],[15.00172,38.39126],[15.00733,38.37767],[14.99855,38.37104],[14.98683,38.36408],[14.96355,38.38166],[14.94825,38.39643]]],[[[14.89943,38.48168],[14.90065,38.49868],[14.90968,38.51533],[14.92482,38.52237],[14.95786,38.52204],[14.96608,38.51626],[14.95883,38.50186],[14.96551,38.49755],[14.97413,38.49006],[14.97934,38.48754],[14.97934,38.48139],[14.95265,38.48139],[14.95786,38.46955],[14.96119,38.46499],[14.96632,38.46088],[14.96632,38.45344],[14.94874,38.45091],[14.93458,38.45864],[14.92156,38.46882],[14.90772,38.47394],[14.89943,38.48168]]],[[[14.82399,38.55183],[14.79379,38.5716],[14.81495,38.58381],[14.85141,38.58491],[14.86695,38.58112],[14.87696,38.56952],[14.87192,38.56525],[14.86891,38.56049],[14.86329,38.54902],[14.86166,38.53929],[14.82399,38.55183]]],[[[14.5796,38.56615],[14.58522,38.56098],[14.58546,38.55744],[14.57358,38.55654],[14.55161,38.56159],[14.54371,38.57453],[14.54249,38.58686],[14.54623,38.58796],[14.56397,38.58454],[14.57602,38.57665],[14.5796,38.56615]]],[[[14.38258,44.60326],[14.37599,44.62303],[14.34938,44.65534],[14.34457,44.66852],[14.33709,44.69965],[14.33578,44.71678],[14.35572,44.7071],[14.38111,44.69864],[14.39747,44.68561],[14.39039,44.66218],[14.39519,44.65339],[14.39959,44.63752],[14.40406,44.61034],[14.41,44.60098],[14.44557,44.56598],[14.52662,44.50373],[14.53435,44.48408],[14.51197,44.48224],[14.48504,44.50064],[14.45191,44.53189],[14.43816,44.53864],[14.43816,44.54548],[14.45924,44.54116],[14.46608,44.53864],[14.438,44.56464],[14.42262,44.57388],[14.40406,44.57966],[14.39698,44.56916],[14.38657,44.56562],[14.37468,44.56757],[14.36305,44.57343],[14.36305,44.57966],[14.36988,44.57966],[14.36988,44.57982],[14.36866,44.58202],[14.36476,44.58723],[14.38258,44.60326]]],[[[14.36305,44.80654],[14.36158,44.81598],[14.35662,44.81977],[14.34604,44.8205],[14.32985,44.83393],[14.31414,44.89379],[14.2942,44.90864],[14.29518,44.91307],[14.29623,44.91592],[14.30152,44.92231],[14.29249,44.94033],[14.30152,44.94343],[14.32521,44.93651],[14.33229,44.9322],[14.35027,44.91291],[14.35963,44.90864],[14.37713,44.90815],[14.38738,44.909],[14.39324,44.91478],[14.39723,44.9291],[14.39357,44.93476],[14.38901,44.95034],[14.39031,44.96039],[14.40406,44.94953],[14.41139,44.95637],[14.39145,44.96943],[14.37672,44.98688],[14.34669,45.04755],[14.34083,45.05561],[14.28745,45.10106],[14.27849,45.11335],[14.27768,45.128],[14.28858,45.14883],[14.29957,45.16234],[14.31365,45.17243],[14.33188,45.17585],[14.35621,45.16926],[14.36411,45.15762],[14.36053,45.11762],[14.36305,45.09357],[14.36964,45.07551],[14.38771,45.03905],[14.41228,45.00365],[14.41765,44.99799],[14.43084,44.9903],[14.45387,44.98798],[14.46608,44.98371],[14.47348,44.97142],[14.47104,44.95392],[14.46258,44.93598],[14.45191,44.92231],[14.45924,44.91543],[14.44996,44.89802],[14.4485,44.88373],[14.45191,44.8509],[14.46485,44.82144],[14.46656,44.80484],[14.45191,44.79877],[14.45704,44.78775],[14.46925,44.7731],[14.47291,44.7652],[14.47389,44.75454],[14.46762,44.74213],[14.46608,44.7298],[14.47218,44.70795],[14.48561,44.69208],[14.50131,44.67817],[14.51393,44.66218],[14.50807,44.65331],[14.50856,44.64533],[14.51498,44.64216],[14.52752,44.64789],[14.53435,44.63426],[14.52735,44.62714],[14.52036,44.62153],[14.51336,44.61884],[14.50229,44.62027],[14.47299,44.62027],[14.42791,44.65656],[14.39454,44.70759],[14.39723,44.75161],[14.39275,44.75251],[14.3899,44.75406],[14.38738,44.75581],[14.38356,44.75776],[14.37452,44.75385],[14.36818,44.76105],[14.36427,44.7744],[14.36305,44.80654]]],[[[14.35719,38.55121],[14.36085,38.53905],[14.34645,38.53514],[14.34278,38.54727],[14.35719,38.55121]]],[[[14.30201,44.51817],[14.30787,44.51089],[14.31121,44.50947],[14.31552,44.50825],[14.31617,44.51012],[14.32081,44.50918],[14.30877,44.50507],[14.30437,44.49828],[14.29868,44.49641],[14.28932,44.50576],[14.2824,44.52228],[14.29054,44.52192],[14.30201,44.51817]]],[[[14.24415,44.66144],[14.2658,44.67951],[14.28045,44.67756],[14.28004,44.66779],[14.27418,44.66169],[14.26092,44.65949],[14.25945,44.65819],[14.25733,44.65672],[14.25685,44.65306],[14.25847,44.64785],[14.25636,44.6424],[14.25668,44.63703],[14.25904,44.6341],[14.2658,44.62539],[14.27117,44.61254],[14.26401,44.61156],[14.25221,44.61685],[14.23976,44.61986],[14.23259,44.62604],[14.23357,44.63483],[14.23561,44.64224],[14.24415,44.66144]]],[[[14.26214,40.55398],[14.25497,40.54645],[14.24619,40.54389],[14.2374,40.5445],[14.20834,40.53795],[14.19597,40.54116],[14.19858,40.5585],[14.21013,40.56098],[14.21941,40.56053],[14.2575,40.55671],[14.26214,40.55398]]],[[[14.02141,40.76695],[14.03069,40.76427],[14.03533,40.75983],[14.0302,40.76],[14.02719,40.75967],[14.02182,40.75719],[14.02589,40.75031],[14.01995,40.75007],[14.01352,40.74755],[14.0171,40.73725],[14.01059,40.73981],[14.00587,40.74689],[14.00473,40.74693],[14.00384,40.74372],[14.00099,40.74396],[14.00343,40.75117],[14.00644,40.75955],[14.00408,40.76219],[14.00782,40.76427],[14.01311,40.76923],[14.01767,40.77029],[14.02141,40.76695]]],[[[13.93483,40.70563],[13.91977,40.7045],[13.90349,40.70002],[13.89015,40.69416],[13.88201,40.69953],[13.85971,40.70775],[13.84913,40.71528],[13.85613,40.73485],[13.8615,40.74404],[13.87013,40.74873],[13.8672,40.75263],[13.8628,40.7624],[13.88315,40.7624],[13.9463,40.74518],[13.96583,40.73505],[13.96266,40.72895],[13.96241,40.72313],[13.96583,40.71528],[13.95867,40.71182],[13.94467,40.70161],[13.93483,40.70563]]],[[[13.74789,44.92512],[13.75839,44.9204],[13.76165,44.92068],[13.77385,44.91527],[13.77833,44.91079],[13.77955,44.90501],[13.77768,44.90249],[13.76507,44.90184],[13.76108,44.90351],[13.7588,44.90066],[13.75807,44.89407],[13.75611,44.88992],[13.75205,44.88699],[13.74733,44.8876],[13.74619,44.89175],[13.747,44.89598],[13.74537,44.90095],[13.747,44.90449],[13.75074,44.9077],[13.75009,44.91315],[13.74472,44.91771],[13.73699,44.91999],[13.73544,44.92394],[13.74098,44.92577],[13.74789,44.92512]]],[[[13.41896,40.7956],[13.42416,40.80024],[13.43198,40.80146],[13.42693,40.79084],[13.41472,40.78587],[13.41896,40.7956]]],[[[13.19744,38.70832],[13.17677,38.69302],[13.16521,38.69107],[13.15349,38.69477],[13.15309,38.7023],[13.15789,38.70987],[13.16928,38.71727],[13.18572,38.71751],[13.19597,38.71149],[13.19744,38.70832]]],[[[13.06218,40.97553],[13.06096,40.96524],[13.05348,40.96524],[13.04998,40.96695],[13.05356,40.97435],[13.06218,40.97553]]],[[[12.96656,40.93028],[12.96811,40.93195],[12.97185,40.93285],[12.97649,40.93537],[12.98219,40.93757],[12.98959,40.93651],[12.99179,40.93317],[12.9804,40.92837],[12.9686,40.91946],[12.96095,40.90322],[12.96323,40.89802],[12.96632,40.89545],[12.96648,40.89305],[12.9642,40.88866],[12.95834,40.88199],[12.952,40.88154],[12.9489,40.88569],[12.94996,40.8909],[12.94785,40.89558],[12.94207,40.89981],[12.9485,40.91791],[12.95436,40.92178],[12.96453,40.92548],[12.96632,40.92723],[12.96656,40.93028]]],[[[12.86703,35.87226],[12.87403,35.86644],[12.87672,35.85586],[12.87257,35.85228],[12.85694,35.85228],[12.85092,35.8559],[12.84588,35.8627],[12.84702,35.86831],[12.85353,35.87124],[12.85987,35.87222],[12.86703,35.87226]]],[[[12.85483,40.94469],[12.85312,40.94798],[12.85727,40.95002],[12.86044,40.94831],[12.86069,40.93879],[12.86166,40.93069],[12.85043,40.92601],[12.84913,40.92821],[12.85043,40.93399],[12.85157,40.94139],[12.85483,40.94469]]],[[[12.60304,35.4914],[12.59832,35.49433],[12.59392,35.49445],[12.55568,35.50804],[12.53614,35.5126],[12.52613,35.51667],[12.53387,35.52163],[12.55568,35.52123],[12.56691,35.51903],[12.6128,35.51533],[12.62127,35.51337],[12.62371,35.51191],[12.62176,35.50975],[12.62127,35.50825],[12.62387,35.50161],[12.62127,35.49234],[12.6111,35.48924],[12.60304,35.4914]]],[[[12.35206,45.40546],[12.37184,45.42487],[12.38917,45.43354],[12.40748,45.43065],[12.43092,45.41568],[12.41822,45.42036],[12.4048,45.42227],[12.37623,45.42255],[12.32146,45.34801],[12.32,45.35415],[12.32789,45.37226],[12.35206,45.40546]]],[[[12.39609,45.44941],[12.38535,45.4457],[12.37517,45.4538],[12.38982,45.45767],[12.39731,45.46003],[12.4026,45.46459],[12.41407,45.47309],[12.41839,45.46874],[12.40878,45.45661],[12.39609,45.44941]]],[[[12.3213,37.9405],[12.33676,37.93305],[12.35467,37.92699],[12.36883,37.92524],[12.35768,37.91405],[12.34213,37.91324],[12.32618,37.91836],[12.31422,37.92524],[12.29965,37.91926],[12.28777,37.92154],[12.27866,37.92918],[12.2732,37.93952],[12.28696,37.93854],[12.29705,37.94131],[12.30543,37.94497],[12.31422,37.94636],[12.3213,37.9405]]],[[[12.33725,45.42739],[12.32065,45.42984],[12.31658,45.44306],[12.32985,45.45881],[12.34718,45.45881],[12.36378,45.44965],[12.36207,45.43814],[12.35222,45.43399],[12.33725,45.42739]]],[[[12.07789,37.96011],[12.07928,37.95026],[12.06479,37.95083],[12.04762,37.96076],[12.03712,37.9737],[12.03045,37.98436],[12.03598,37.99103],[12.05356,37.99242],[12.06446,37.98623],[12.07228,37.96792],[12.07789,37.96011]]],[[[11.99952,36.83592],[12.03761,36.80663],[12.05152,36.79035],[12.05348,36.76765],[12.03061,36.74136],[11.9961,36.74494],[11.96119,36.7652],[11.93735,36.78876],[11.93295,36.79564],[11.92498,36.81196],[11.92221,36.82836],[11.93434,36.83592],[11.93881,36.83706],[11.94614,36.8417],[11.95134,36.84276],[11.95769,36.84056],[11.9673,36.8312],[11.97145,36.82909],[11.98064,36.82709],[11.98732,36.82416],[11.99293,36.82538],[11.99952,36.83592]]],[[[11.09522,42.24327],[11.09384,42.24604],[11.09132,42.25178],[11.09197,42.2565],[11.09384,42.26016],[11.10003,42.26048],[11.10467,42.26333],[11.11053,42.26122],[11.11248,42.25288],[11.10825,42.25523],[11.10491,42.25544],[11.10239,42.2543],[11.10491,42.24567],[11.10646,42.23778],[11.09522,42.24327]]],[[[10.87637,42.37444],[10.87582,42.38679],[10.88299,42.39216],[10.89584,42.3867],[10.91346,42.37524],[10.92731,42.3533],[10.92956,42.34056],[10.93976,42.33066],[10.92333,42.31873],[10.90895,42.32526],[10.8717,42.35405],[10.86183,42.36628],[10.87637,42.37444]]],[[[10.32504,42.76484],[10.31373,42.74299],[10.30453,42.75975],[10.26539,42.74457],[10.24537,42.75727],[10.24,42.74189],[10.2352,42.73591],[10.22967,42.73542],[10.14723,42.73729],[10.12485,42.74311],[10.10678,42.75739],[10.10141,42.784],[10.11166,42.80126],[10.13299,42.81192],[10.15821,42.81729],[10.17953,42.81875],[10.18995,42.81688],[10.21217,42.80785],[10.22438,42.80443],[10.2422,42.80317],[10.26588,42.80443],[10.2649,42.80939],[10.26433,42.81045],[10.26271,42.81025],[10.25904,42.81192],[10.27215,42.81875],[10.27215,42.82624],[10.27215,42.82734],[10.28932,42.82563],[10.32683,42.82624],[10.32211,42.81171],[10.33277,42.80598],[10.34734,42.80585],[10.35467,42.80817],[10.35808,42.81753],[10.36598,42.82294],[10.37477,42.82709],[10.38136,42.83242],[10.3921,42.85798],[10.39991,42.86884],[10.41236,42.87336],[10.42205,42.87084],[10.431,42.86445],[10.43849,42.85545],[10.44337,42.84544],[10.43605,42.83812],[10.43116,42.82787],[10.43068,42.81615],[10.4367,42.80443],[10.43002,42.78758],[10.42026,42.77643],[10.40691,42.76899],[10.38884,42.76349],[10.40797,42.75727],[10.42514,42.74079],[10.43068,42.72211],[10.41554,42.70889],[10.41098,42.71796],[10.40333,42.7189],[10.39324,42.71821],[10.38136,42.72256],[10.37729,42.72797],[10.3672,42.746],[10.36427,42.74982],[10.35125,42.75568],[10.3379,42.76484],[10.32504,42.76484]]],[[[10.30641,42.35155],[10.31593,42.34077],[10.31324,42.32392],[10.29444,42.32803],[10.29705,42.34488],[10.30641,42.35155]]],[[[10.07179,42.57274],[10.0586,42.57599],[10.0503,42.58194],[10.05258,42.58902],[10.06275,42.59203],[10.0726,42.60041],[10.07944,42.61392],[10.08432,42.61469],[10.08766,42.60399],[10.09164,42.59577],[10.09604,42.59072],[10.09791,42.58796],[10.09791,42.58389],[10.09539,42.57697],[10.08578,42.57245],[10.07179,42.57274]]],[[[9.90846,43.42691],[9.89422,43.43252],[9.89763,43.44343],[9.90301,43.44416],[9.90813,43.4466],[9.91269,43.44452],[9.9157,43.44294],[9.91537,43.43537],[9.90846,43.42691]]],[[[9.8401,43.06517],[9.84181,43.06342],[9.84392,43.0607],[9.8475,43.05858],[9.85481,43.04427],[9.84213,43.02496],[9.82295,43.00846],[9.8015,43.0078],[9.78459,43.02844],[9.80694,43.06641],[9.82578,43.07463],[9.8401,43.06517]]],[[[9.62908,40.20555],[9.63111,40.19619],[9.65463,40.1446],[9.66505,40.13158],[9.6797,40.12617],[9.68784,40.12067],[9.71022,40.09634],[9.73227,40.08393],[9.73032,40.06855],[9.69337,39.99291],[9.68727,39.96117],[9.69662,39.93378],[9.70248,39.9372],[9.70973,39.94033],[9.71567,39.94013],[9.71778,39.93378],[9.71453,39.92451],[9.70818,39.92219],[9.70143,39.92207],[9.69662,39.9195],[9.68946,39.90656],[9.68434,39.89423],[9.68385,39.88251],[9.68979,39.87173],[9.68312,39.87173],[9.68312,39.86555],[9.68775,39.86351],[9.69191,39.86005],[9.69662,39.85806],[9.69662,39.85187],[9.68426,39.83991],[9.67555,39.81891],[9.67026,39.79377],[9.66879,39.76927],[9.66993,39.75658],[9.67506,39.73208],[9.67628,39.71809],[9.67408,39.70799],[9.66481,39.69139],[9.66261,39.67683],[9.66041,39.67072],[9.65577,39.66291],[9.65113,39.65249],[9.64894,39.63898],[9.65577,39.59455],[9.65301,39.56684],[9.62843,39.50178],[9.64487,39.48395],[9.63901,39.45246],[9.61411,39.39936],[9.60206,39.35566],[9.60043,39.34101],[9.60353,39.32624],[9.61158,39.31656],[9.63461,39.30317],[9.63461,39.29694],[9.60727,39.28901],[9.58188,39.2663],[9.56756,39.2381],[9.57325,39.21381],[9.5656,39.20506],[9.56886,39.19929],[9.57602,39.19391],[9.57993,39.18708],[9.57789,39.17939],[9.56853,39.15937],[9.56642,39.14924],[9.55779,39.13972],[9.53956,39.13402],[9.52272,39.1249],[9.51857,39.10456],[9.51075,39.10798],[9.50709,39.1114],[9.50758,39.11636],[9.51189,39.12442],[9.49635,39.13361],[9.48072,39.13556],[9.46534,39.1319],[9.45037,39.12442],[9.44288,39.12442],[9.438,39.13337],[9.42897,39.13862],[9.4087,39.14614],[9.38347,39.16926],[9.3777,39.1728],[9.36793,39.17715],[9.34506,39.19644],[9.33668,39.20075],[9.32618,39.20279],[9.31227,39.20791],[9.29957,39.2145],[9.29217,39.22126],[9.28533,39.21381],[9.27125,39.22053],[9.25245,39.22516],[9.21632,39.22801],[9.19744,39.22114],[9.18092,39.20718],[9.16969,39.19335],[9.16603,39.18708],[9.13689,39.19432],[9.11354,39.21149],[9.07301,39.24852],[9.06373,39.24307],[9.05551,39.24755],[9.04754,39.25601],[9.03875,39.26219],[9.02443,39.26484],[9.01393,39.2639],[9.01254,39.26056],[9.02573,39.25601],[9.02573,39.24852],[9.02101,39.24042],[9.02687,39.23575],[9.03517,39.23216],[9.03785,39.22712],[9.03875,39.22801],[9.05006,39.22565],[9.07496,39.22989],[9.07985,39.2246],[9.07985,39.21654],[9.07895,39.21235],[9.03858,39.17902],[9.02622,39.16523],[9.01832,39.14614],[9.01596,39.12385],[9.01873,39.10395],[9.02459,39.08613],[9.03199,39.06977],[9.03777,39.06367],[9.04379,39.05842],[9.04493,39.05126],[9.02931,39.03026],[9.01832,38.99531],[9.02573,38.99531],[9.01515,38.98965],[9.01206,38.99067],[9.00465,38.99531],[8.99635,38.98282],[8.89471,38.90229],[8.88795,38.89985],[8.87745,38.89908],[8.87241,38.89606],[8.86134,38.88207],[8.85328,38.878],[8.84148,38.88056],[8.82789,38.88882],[8.80543,38.90595],[8.80543,38.88544],[8.79103,38.90445],[8.76661,38.9204],[8.73951,38.93065],[8.71656,38.9326],[8.69459,38.92524],[8.66879,38.91059],[8.65162,38.89155],[8.65512,38.87116],[8.64096,38.86433],[8.63478,38.87116],[8.64283,38.88996],[8.63315,38.89558],[8.61557,38.89594],[8.59986,38.89908],[8.59986,38.90595],[8.615,38.923],[8.61549,38.94758],[8.60328,38.96491],[8.58009,38.96052],[8.57228,39.01362],[8.55958,39.05671],[8.55209,39.05671],[8.54428,39.05126],[8.52084,39.06086],[8.50441,39.06293],[8.50904,39.06794],[8.51808,39.08344],[8.50441,39.09089],[8.48276,39.08039],[8.48211,39.08417],[8.47755,39.09048],[8.47332,39.10737],[8.4651,39.11945],[8.45428,39.1249],[8.44223,39.11815],[8.438,39.12848],[8.43865,39.15314],[8.43539,39.16596],[8.4284,39.17316],[8.41879,39.17731],[8.41261,39.17573],[8.4157,39.16596],[8.40952,39.16934],[8.40504,39.17438],[8.40235,39.18134],[8.40138,39.19017],[8.39869,39.20116],[8.39259,39.20405],[8.38551,39.20441],[8.38014,39.20759],[8.37281,39.22207],[8.37176,39.23062],[8.37672,39.23786],[8.42644,39.28327],[8.43214,39.30183],[8.4157,39.32368],[8.41725,39.33902],[8.38209,39.35969],[8.37403,39.37885],[8.37818,39.38793],[8.39568,39.40424],[8.40138,39.41242],[8.40504,39.42719],[8.40382,39.43586],[8.3895,39.46235],[8.386,39.46552],[8.38689,39.46979],[8.39454,39.48135],[8.42189,39.50861],[8.43531,39.52521],[8.45167,39.5583],[8.46339,39.57685],[8.4559,39.58438],[8.46388,39.59789],[8.46217,39.61713],[8.44972,39.65884],[8.44679,39.70409],[8.44223,39.71467],[8.44223,39.7215],[8.44646,39.73086],[8.44402,39.75702],[8.44606,39.76252],[8.45973,39.76048],[8.4686,39.75495],[8.49977,39.71621],[8.51694,39.70213],[8.53826,39.69603],[8.56577,39.70108],[8.5145,39.71369],[8.50441,39.7215],[8.50685,39.73847],[8.51987,39.75544],[8.53549,39.77082],[8.54526,39.78294],[8.53858,39.78294],[8.53517,39.77607],[8.53053,39.77041],[8.52491,39.76582],[8.51808,39.76252],[8.5298,39.77253],[8.54078,39.78925],[8.54884,39.8072],[8.55209,39.82079],[8.55519,39.85269],[8.55356,39.86396],[8.54526,39.87857],[8.52345,39.89887],[8.49415,39.91242],[8.46306,39.91413],[8.43539,39.89899],[8.44223,39.89281],[8.44557,39.8981],[8.44996,39.89912],[8.45582,39.89851],[8.46339,39.89899],[8.45183,39.89289],[8.44467,39.88361],[8.43539,39.85806],[8.42872,39.86555],[8.43751,39.87678],[8.431,39.8852],[8.41831,39.89228],[8.40358,39.9029],[8.40073,39.90351],[8.39828,39.90534],[8.39454,39.91266],[8.39357,39.92048],[8.39633,39.92695],[8.39991,39.93317],[8.40138,39.94001],[8.39357,39.97687],[8.39454,39.98843],[8.4065,40.00983],[8.40707,40.0222],[8.39454,40.0362],[8.38014,40.0301],[8.37721,40.03376],[8.38453,40.04194],[8.40138,40.04987],[8.40447,40.04951],[8.43483,40.05101],[8.4524,40.0561],[8.45973,40.05732],[8.4686,40.06216],[8.47902,40.07416],[8.48732,40.08955],[8.49,40.10448],[8.48512,40.11811],[8.4673,40.14472],[8.46339,40.16315],[8.45965,40.21601],[8.47641,40.26215],[8.47608,40.29214],[8.4629,40.31452],[8.44125,40.33145],[8.4157,40.34528],[8.40821,40.33784],[8.386,40.35179],[8.38356,40.37177],[8.39454,40.42381],[8.39047,40.44233],[8.37989,40.46869],[8.36557,40.49213],[8.34986,40.50235],[8.33172,40.51069],[8.3239,40.53083],[8.31959,40.55561],[8.31202,40.57807],[8.29152,40.59536],[8.26735,40.59406],[8.21632,40.57062],[8.19597,40.57807],[8.20533,40.59781],[8.21632,40.61221],[8.19337,40.6175],[8.17661,40.60659],[8.16619,40.58641],[8.16179,40.56379],[8.15309,40.57779],[8.14731,40.59321],[8.14064,40.61904],[8.14064,40.62519],[8.15772,40.63227],[8.17384,40.64159],[8.18531,40.65656],[8.18849,40.68049],[8.19109,40.68041],[8.19557,40.68529],[8.19744,40.69123],[8.19215,40.69416],[8.17897,40.69477],[8.17384,40.69697],[8.16798,40.70161],[8.15333,40.71971],[8.14584,40.72602],[8.1338,40.72891],[8.20965,40.86542],[8.21534,40.88141],[8.21632,40.8996],[8.20973,40.91445],[8.19215,40.92064],[8.17888,40.92817],[8.1823,40.9453],[8.19304,40.96377],[8.20216,40.97529],[8.20965,40.97529],[8.21258,40.96345],[8.21998,40.96231],[8.22902,40.96255],[8.23618,40.95478],[8.23553,40.94648],[8.23162,40.93452],[8.22926,40.92158],[8.23316,40.9101],[8.27784,40.86542],[8.31023,40.85065],[8.42189,40.83877],[8.47787,40.82616],[8.50099,40.82445],[8.52052,40.82697],[8.5984,40.85297],[8.61834,40.86616],[8.63429,40.88158],[8.64096,40.89647],[8.70916,40.92064],[8.7339,40.92129],[8.75123,40.91913],[8.76441,40.9138],[8.82252,40.94733],[8.83961,40.96162],[8.87534,41.00812],[8.88795,41.01626],[8.88592,41.02009],[8.88592,41.02123],[8.88527,41.0218],[8.88111,41.02367],[8.9131,41.03266],[8.9227,41.03677],[8.92945,41.04365],[8.94012,41.06118],[8.9463,41.06464],[8.95875,41.07001],[8.97576,41.08267],[8.99073,41.09736],[9.00554,41.12189],[9.02475,41.12885],[9.09303,41.1352],[9.10776,41.13947],[9.13559,41.16031],[9.14186,41.15278],[9.15756,41.16889],[9.16342,41.18415],[9.16285,41.22541],[9.17107,41.24291],[9.18995,41.25113],[9.21241,41.25581],[9.23064,41.26264],[9.23268,41.25357],[9.23829,41.24885],[9.24692,41.24775],[9.25782,41.24966],[9.26808,41.23664],[9.26743,41.20197],[9.27833,41.19501],[9.27467,41.19953],[9.27361,41.20515],[9.27491,41.21239],[9.27833,41.22175],[9.28533,41.22175],[9.28932,41.20873],[9.28834,41.20576],[9.28533,41.20124],[9.28533,41.19501],[9.29957,41.19648],[9.30543,41.19794],[9.31251,41.20124],[9.31658,41.19648],[9.33302,41.18757],[9.33522,41.21166],[9.35206,41.20726],[9.38819,41.18073],[9.38819,41.18757],[9.39666,41.18391],[9.40406,41.18171],[9.41228,41.18073],[9.42237,41.18073],[9.42237,41.17451],[9.417,41.17145],[9.41432,41.1682],[9.41212,41.16454],[9.4087,41.16031],[9.42018,41.15644],[9.42661,41.14924],[9.43279,41.14077],[9.44288,41.13296],[9.43702,41.12543],[9.43678,41.11538],[9.44288,41.09199],[9.45411,41.11196],[9.46046,41.12051],[9.47006,41.12613],[9.46681,41.13068],[9.4651,41.13443],[9.46241,41.1376],[9.45655,41.14037],[9.46909,41.14619],[9.48146,41.14558],[9.4944,41.14232],[9.50807,41.14037],[9.51393,41.1435],[9.5184,41.14867],[9.52394,41.14973],[9.53224,41.14037],[9.52475,41.13296],[9.53435,41.12812],[9.54078,41.12287],[9.54615,41.12092],[9.55274,41.12613],[9.55958,41.12613],[9.56121,41.12181],[9.56178,41.12108],[9.563,41.12124],[9.56642,41.11933],[9.56512,41.10712],[9.56227,41.09711],[9.55641,41.08784],[9.54591,41.0777],[9.54379,41.08251],[9.54078,41.08735],[9.53907,41.09199],[9.52125,41.03168],[9.51189,41.01626],[9.53224,41.01626],[9.52475,41.0305],[9.54314,41.03693],[9.55421,41.03461],[9.55763,41.02505],[9.55274,41.00947],[9.55779,41.00943],[9.5586,41.01105],[9.55828,41.01362],[9.55958,41.01626],[9.56568,41.01093],[9.56861,41.00951],[9.57325,41.00947],[9.58815,41.0207],[9.61573,41.0196],[9.6443,41.01166],[9.66261,41.00263],[9.65122,40.99112],[9.636,40.99238],[9.61964,40.99876],[9.60426,41.00263],[9.58758,40.9958],[9.58253,40.97993],[9.57887,40.96198],[9.56642,40.94864],[9.57114,40.93488],[9.55747,40.93122],[9.51189,40.93431],[9.51124,40.92939],[9.51254,40.92797],[9.50424,40.92691],[9.51197,40.91519],[9.52003,40.91502],[9.52898,40.91926],[9.53907,40.92064],[9.54933,40.91722],[9.56723,40.90839],[9.57325,40.9064],[9.59278,40.9099],[9.60768,40.91787],[9.62257,40.92377],[9.6421,40.92064],[9.63722,40.91157],[9.63152,40.90485],[9.62387,40.9007],[9.61411,40.8996],[9.61411,40.89338],[9.65008,40.87946],[9.65577,40.87604],[9.65772,40.86396],[9.66326,40.85822],[9.67172,40.85871],[9.68312,40.86542],[9.68979,40.85586],[9.69939,40.85004],[9.71095,40.84687],[9.72397,40.84492],[9.69109,40.83625],[9.681,40.82978],[9.68979,40.81704],[9.68979,40.81078],[9.67449,40.81391],[9.66179,40.80903],[9.65789,40.79987],[9.66879,40.79035],[9.66977,40.80146],[9.67579,40.78864],[9.70395,40.75943],[9.7103,40.74559],[9.7142,40.72724],[9.74448,40.68049],[9.7483,40.66722],[9.75318,40.60529],[9.75652,40.59516],[9.76157,40.58735],[9.76808,40.5843],[9.78191,40.58198],[9.78582,40.57587],[9.78688,40.56712],[9.79225,40.55695],[9.82057,40.53636],[9.82643,40.52961],[9.82667,40.5196],[9.8152,40.50251],[9.81218,40.49238],[9.80877,40.47077],[9.8003,40.45551],[9.77809,40.42723],[9.76173,40.39069],[9.74936,40.37727],[9.72739,40.37202],[9.71241,40.3664],[9.70086,40.35297],[9.68312,40.3242],[9.67018,40.31269],[9.64552,40.29609],[9.63461,40.28262],[9.62615,40.26309],[9.62485,40.24775],[9.62908,40.20555]]],[[[9.72706,40.87413],[9.73414,40.87633],[9.74464,40.86917],[9.73959,40.86046],[9.73406,40.8581],[9.71933,40.86376],[9.71388,40.87368],[9.72706,40.87413]]],[[[9.70012,40.89049],[9.69134,40.88829],[9.68515,40.8911],[9.67978,40.8913],[9.67604,40.8902],[9.6775,40.89261],[9.7339,40.92475],[9.73634,40.9243],[9.73927,40.9193],[9.74008,40.9123],[9.70012,40.89049]]],[[[9.60605,41.07632],[9.60499,41.07119],[9.60263,41.06867],[9.60157,41.06944],[9.59767,41.07042],[9.59612,41.07294],[9.59596,41.07636],[9.60076,41.07799],[9.60637,41.07941],[9.60605,41.07632]]],[[[9.4795,41.22419],[9.47926,41.21695],[9.47104,41.1896],[9.47438,41.18427],[9.47486,41.17927],[9.47039,41.17211],[9.46437,41.17267],[9.45639,41.18065],[9.44874,41.18553],[9.44166,41.18305],[9.43702,41.18594],[9.44777,41.20506],[9.44353,41.21149],[9.44646,41.2204],[9.45387,41.23395],[9.45997,41.24238],[9.46803,41.24112],[9.47478,41.23607],[9.47836,41.22846],[9.4795,41.22419]]],[[[9.43426,41.22061],[9.43531,41.21703],[9.39527,41.2106],[9.37696,41.21332],[9.37306,41.22191],[9.37306,41.22989],[9.37762,41.23383],[9.38494,41.23652],[9.39186,41.24071],[9.39625,41.24775],[9.39796,41.25605],[9.40219,41.25751],[9.40797,41.25812],[9.41424,41.26244],[9.42189,41.26089],[9.42742,41.2541],[9.43051,41.24628],[9.43043,41.23778],[9.42905,41.2294],[9.43092,41.2248],[9.43426,41.22061]]],[[[9.41749,41.20043],[9.40781,41.18513],[9.40504,41.18846],[9.40235,41.19021],[9.39552,41.1896],[9.39438,41.1951],[9.39804,41.19884],[9.40577,41.20262],[9.40821,41.20742],[9.41749,41.20043]]],[[[9.37794,41.30345],[9.38006,41.30044],[9.37892,41.29584],[9.37525,41.29226],[9.37184,41.29186],[9.36907,41.29348],[9.36476,41.28791],[9.35825,41.2969],[9.36166,41.29751],[9.36459,41.3015],[9.37241,41.30492],[9.3768,41.30781],[9.37794,41.30345]]],[[[9.34002,41.3072],[9.34254,41.30622],[9.34588,41.30476],[9.35328,41.29934],[9.35418,41.29287],[9.34693,41.29365],[9.33701,41.2945],[9.3366,41.29707],[9.33489,41.29975],[9.3309,41.30471],[9.33497,41.30834],[9.33798,41.3076],[9.34002,41.3072]]],[[[9.32968,41.23758],[9.33286,41.2508],[9.3379,41.25222],[9.34254,41.25161],[9.35304,41.24783],[9.35076,41.2322],[9.34221,41.22814],[9.34034,41.22911],[9.33798,41.22899],[9.33538,41.23029],[9.33155,41.23359],[9.32968,41.23758]]],[[[9.33497,41.28559],[9.3506,41.28872],[9.35125,41.27611],[9.34466,41.27481],[9.33758,41.27794],[9.33107,41.28103],[9.33497,41.28559]]],[[[9.15276,41.23355],[9.14674,41.23001],[9.13746,41.24087],[9.14161,41.24645],[9.14666,41.2438],[9.1504,41.24384],[9.15838,41.24217],[9.1561,41.2381],[9.15699,41.23745],[9.15276,41.23355]]],[[[8.96883,45.96282],[8.96817,45.96305],[8.95859,45.9648],[8.95913,45.9692],[8.96107,45.97053],[8.96195,45.97312],[8.96403,45.97599],[8.96466,45.97909],[8.96687,45.98412],[8.97611,45.98314],[8.97711,45.98308],[8.97751,45.98258],[8.97746,45.98231],[8.97646,45.97958],[8.97631,45.97587],[8.97724,45.97199],[8.97932,45.97109],[8.97823,45.96845],[8.97736,45.9681],[8.97688,45.96385],[8.97572,45.96169],[8.97358,45.96203],[8.97121,45.96166],[8.96889,45.96187],[8.96845,45.9623],[8.96883,45.96282]]],[[[8.34929,39.06216],[8.35353,39.08344],[8.35353,39.09089],[8.34604,39.09089],[8.34604,39.09772],[8.36036,39.11815],[8.38592,39.10505],[8.41765,39.10659],[8.44459,39.10273],[8.4559,39.07355],[8.45802,39.06806],[8.46315,39.06525],[8.4699,39.06566],[8.47641,39.06977],[8.47731,39.0707],[8.47918,39.07221],[8.4839,39.06977],[8.46404,39.05654],[8.45932,39.04979],[8.46339,39.04247],[8.45395,39.02814],[8.44654,38.99433],[8.43702,38.96719],[8.43247,38.96284],[8.42189,38.96052],[8.40984,38.96182],[8.40602,38.96695],[8.40504,38.97403],[8.40138,38.98102],[8.36492,39.02949],[8.34929,39.06216]]],[[[8.32594,41.11835],[8.32797,41.11249],[8.33237,41.10566],[8.34197,41.09785],[8.34474,41.08625],[8.34132,41.07412],[8.33237,41.06464],[8.27475,41.05728],[8.25115,41.04377],[8.25099,41.0161],[8.24643,40.99364],[8.20965,40.9958],[8.21762,41.00503],[8.22169,41.01439],[8.22316,41.02399],[8.22316,41.03364],[8.22885,41.04173],[8.24138,41.05207],[8.26075,41.06464],[8.27565,41.06977],[8.27784,41.08173],[8.27565,41.0954],[8.27784,41.10566],[8.28435,41.10688],[8.30209,41.10505],[8.30584,41.10908],[8.30795,41.11384],[8.31332,41.1186],[8.32618,41.12613],[8.32594,41.11835]]],[[[8.25733,39.11815],[8.25733,39.12442],[8.23268,39.14411],[8.22462,39.15705],[8.22999,39.1728],[8.24529,39.18098],[8.29029,39.18842],[8.30584,39.19331],[8.30633,39.16079],[8.31202,39.12031],[8.30584,39.10456],[8.29005,39.09882],[8.26938,39.10016],[8.25473,39.10712],[8.25733,39.11815]]]]},"properties":{"geometry_id":"geom-territoire-it-italie-1945-01-01","date_validite":"1945-01-01","statut":"provisoire_ohm","sources":[{"source_id":"src-openhistoricalmap","locator":"relation 2851104 — Italy 1929-1940","usage":"tracé de la frontière"},{"source_id":"src-openhistoricalmap","locator":"relation 2920371 — Italian Islands of the Aegean 1921-1943","usage":"tracé de la frontière"},{"source_id":"src-natural-earth-10m","locator":"ne_10m_land + ne_10m_minor_islands","usage":"trait de côte"}],"method":"extraction_ohm_puis_decoupage_trait_de_cote","operations":["OHM r2851104 (frontières d’avant-guerre) ∪ Dodécanèse","− Vatican","∩ terres Natural Earth"],"precision":"frontières terrestres : celles d’OHM ; côtes : Natural Earth 1:10m (~1 km)","zone_incertitude_km":null,"surface_km2":312631,"logiciel":"Python — Shapely/GEOS, SciPy","script":"outils/geo/deriver_snapshot0_lot04.py","date_creation":"2026-09-29","auteur":"Claude","licence":"CC0 (OpenHistoricalMap) + segments sous licence d’origine listés dans licences_segments : à créditer","licences_segments":[{"relation":2851104,"licence":"CC-BY 4.0","source":"https://ipi.eprostor.gov.si/jgp/data","segments":2}],"points_a_verifier":["Frontières de 1929-1940 : Istrie, Fiume/Rijeka et Zara/Zadar italiennes ; annexions de 1941 (Ljubljana, Dalmatie) nulles.","Saint-Marin : trou volontaire (entité différée, à sourcer)."]}}