{"type":"Feature","geometry":{"type":"Polygon","coordinates":[[[21.52877,46.7325],[21.52858,46.73285],[21.52863,46.73349],[21.52814,46.73421],[21.5282,46.73487],[21.52796,46.73508],[21.52792,46.73533],[21.52798,46.73604],[21.52793,46.73731],[21.52664,46.73922],[21.52517,46.7398],[21.52206,46.74105],[21.52033,46.74172],[21.5153,46.74371],[21.51159,46.74524],[21.50957,46.74657],[21.50675,46.74852],[21.50021,46.75293],[21.49771,46.75459],[21.49618,46.75563],[21.4943,46.75692],[21.49405,46.75692],[21.49316,46.75752],[21.48921,46.75798],[21.48479,46.75849],[21.4852,46.75988],[21.48525,46.7601],[21.48497,46.76073],[21.48417,46.76261],[21.48361,46.76391],[21.48315,46.76481],[21.48407,46.76501],[21.48496,46.76658],[21.48586,46.76821],[21.48722,46.77064],[21.48846,46.77284],[21.48953,46.7748],[21.49014,46.77587],[21.49338,46.77502],[21.49591,46.77644],[21.49724,46.7772],[21.50233,46.77979],[21.50499,46.78111],[21.50784,46.78258],[21.50913,46.7834],[21.50983,46.7844],[21.50991,46.78463],[21.51006,46.78532],[21.5103,46.78666],[21.51046,46.78735],[21.5108,46.78838],[21.51099,46.78886],[21.51108,46.78904],[21.51163,46.79011],[21.51403,46.79238],[21.51461,46.79313],[21.51473,46.79332],[21.51477,46.79347],[21.51478,46.7936],[21.51477,46.79373],[21.51474,46.79385],[21.5147,46.79396],[21.51463,46.79407],[21.51378,46.79536],[21.51374,46.79545],[21.51374,46.79552],[21.51376,46.79559],[21.51493,46.79653],[21.516,46.79748],[21.51684,46.79815],[21.51756,46.79885],[21.51851,46.79977],[21.51855,46.79983],[21.51855,46.7999],[21.51846,46.80074],[21.51832,46.8018],[21.51833,46.80206],[21.51837,46.80224],[21.51843,46.80242],[21.51854,46.80264],[21.51902,46.80344],[21.51913,46.80369],[21.51917,46.8039],[21.51927,46.80518],[21.5193,46.80548],[21.51948,46.80586],[21.51988,46.80641],[21.5201,46.80658],[21.52117,46.80721],[21.52135,46.80749],[21.52164,46.80808],[21.52181,46.80853],[21.52196,46.8095],[21.52203,46.8101],[21.52197,46.81043],[21.52187,46.81078],[21.52166,46.81108],[21.52143,46.81137],[21.52096,46.8118],[21.5209,46.8119],[21.52141,46.8125],[21.52218,46.81327],[21.52231,46.81344],[21.5224,46.81363],[21.52245,46.81382],[21.52244,46.81399],[21.52222,46.81512],[21.52202,46.81546],[21.521,46.81706],[21.52134,46.81725],[21.52129,46.81773],[21.52123,46.81993],[21.51908,46.82082],[21.51886,46.82369],[21.52051,46.82738],[21.51919,46.8298],[21.51952,46.83088],[21.51994,46.83216],[21.52028,46.83326],[21.51929,46.83509],[21.51926,46.83601],[21.52023,46.83729],[21.52064,46.83752],[21.52089,46.83762],[21.52178,46.8379],[21.52207,46.838],[21.52234,46.83812],[21.52249,46.83822],[21.52264,46.83835],[21.52275,46.83848],[21.52289,46.83876],[21.52297,46.83898],[21.52533,46.83946],[21.5286,46.83959],[21.52965,46.83957],[21.53101,46.8393],[21.53206,46.83911],[21.53217,46.83912],[21.53239,46.83915],[21.53296,46.83932],[21.53367,46.83948],[21.53391,46.83952],[21.53446,46.8395],[21.53648,46.84232],[21.53731,46.84319],[21.53783,46.84407],[21.53788,46.84511],[21.53796,46.84633],[21.53793,46.84741],[21.53901,46.84745],[21.54127,46.84768],[21.54426,46.84788],[21.54579,46.84856],[21.54811,46.84881],[21.55101,46.8502],[21.55255,46.85094],[21.55704,46.85371],[21.56031,46.85401],[21.56158,46.85386],[21.56206,46.85382],[21.56491,46.85391],[21.56681,46.85398],[21.56754,46.85399],[21.5691,46.85391],[21.56924,46.85393],[21.56938,46.85399],[21.5696,46.8542],[21.56968,46.85436],[21.56977,46.85498],[21.56987,46.85542],[21.56997,46.85547],[21.57115,46.85558],[21.57133,46.85562],[21.57275,46.85644],[21.57348,46.85637],[21.57429,46.85664],[21.57625,46.85709],[21.57744,46.85726],[21.57927,46.85744],[21.58091,46.85748],[21.58116,46.85841],[21.5844,46.85985],[21.58772,46.8605],[21.58876,46.86044],[21.59005,46.86035],[21.59086,46.8604],[21.59324,46.86041],[21.59522,46.86051],[21.59682,46.86132],[21.59728,46.86195],[21.59769,46.8626],[21.59774,46.86277],[21.59772,46.86466],[21.59981,46.86544],[21.60124,46.86573],[21.60184,46.86635],[21.60264,46.86766],[21.60309,46.86843],[21.60335,46.86875],[21.60293,46.87057],[21.60166,46.8764],[21.6011,46.8789],[21.60233,46.88193],[21.60284,46.88314],[21.60357,46.88498],[21.60613,46.88595],[21.60905,46.88615],[21.61165,46.88631],[21.6142,46.88651],[21.61369,46.88846],[21.61247,46.89159],[21.61219,46.8924],[21.61197,46.89283],[21.61143,46.89277],[21.61044,46.89422],[21.60999,46.89532],[21.60881,46.89844],[21.60742,46.90213],[21.60725,46.90287],[21.60711,46.90433],[21.60272,46.90398],[21.60103,46.90528],[21.60083,46.90555],[21.60066,46.90582],[21.60022,46.90664],[21.60001,46.90805],[21.59999,46.90832],[21.6,46.90854],[21.60015,46.90894],[21.60026,46.90915],[21.60027,46.90919],[21.59905,46.9092],[21.59912,46.91057],[21.59946,46.91612],[21.59827,46.91705],[21.59737,46.91801],[21.59777,46.92222],[21.59826,46.92408],[21.59869,46.92746],[21.60144,46.92989],[21.60275,46.93105],[21.60403,46.93219],[21.60606,46.93244],[21.60619,46.93251],[21.61304,46.93261],[21.61918,46.9327],[21.62567,46.93281],[21.62871,46.93285],[21.63833,46.933],[21.63949,46.9358],[21.64025,46.93764],[21.64072,46.93886],[21.64456,46.94069],[21.64808,46.94236],[21.64908,46.94294],[21.64986,46.94362],[21.65027,46.94402],[21.6501,46.94544],[21.65049,46.94667],[21.65121,46.94764],[21.65131,46.94771],[21.65296,46.94839],[21.65419,46.94916],[21.65585,46.9499],[21.65587,46.94994],[21.65588,46.94998],[21.65538,46.95149],[21.65537,46.95155],[21.65554,46.95207],[21.6556,46.95212],[21.6564,46.95247],[21.65645,46.95252],[21.65663,46.95282],[21.65711,46.95357],[21.65757,46.95423],[21.6579,46.95459],[21.65829,46.95503],[21.65799,46.95602],[21.66012,46.95588],[21.66119,46.95545],[21.66263,46.95526],[21.66274,46.95522],[21.6634,46.95487],[21.66352,46.95483],[21.66359,46.95482],[21.66487,46.95487],[21.66843,46.95436],[21.66954,46.95411],[21.66999,46.95403],[21.6702,46.95401],[21.67072,46.95399],[21.67149,46.95396],[21.67191,46.95392],[21.67231,46.95385],[21.67321,46.95368],[21.67359,46.95431],[21.67369,46.95438],[21.67375,46.95448],[21.67403,46.9554],[21.67474,46.95642],[21.67488,46.95667],[21.67504,46.95719],[21.67533,46.95794],[21.67572,46.95905],[21.67582,46.95911],[21.67884,46.9604],[21.67903,46.96069],[21.67923,46.96115],[21.67956,46.96155],[21.68029,46.9628],[21.68155,46.96492],[21.68173,46.96562],[21.6819,46.96643],[21.68186,46.96694],[21.67943,46.96788],[21.67809,46.9686],[21.67665,46.96914],[21.67637,46.96923],[21.67615,46.96927],[21.67537,46.96935],[21.67373,46.9696],[21.67341,46.96962],[21.673,46.96963],[21.67196,46.96961],[21.67134,46.96963],[21.67068,46.9697],[21.66793,46.97019],[21.66822,46.97096],[21.66832,46.9718],[21.66847,46.97257],[21.66854,46.97279],[21.66858,46.97291],[21.66877,46.97327],[21.66903,46.97368],[21.66931,46.97405],[21.66948,46.97434],[21.66979,46.97511],[21.67018,46.97588],[21.67044,46.97651],[21.67055,46.97688],[21.67062,46.97719],[21.67066,46.97754],[21.6707,46.97822],[21.67069,46.97851],[21.67049,46.97925],[21.67039,46.98013],[21.67128,46.98063],[21.67236,46.98112],[21.67278,46.98154],[21.67285,46.9817],[21.67275,46.98277],[21.67298,46.98322],[21.67318,46.98343],[21.67466,46.98452],[21.67518,46.98498],[21.67623,46.98611],[21.67654,46.98678],[21.67669,46.98727],[21.67748,46.98884],[21.67765,46.98911],[21.67696,46.9904],[21.67604,46.99255],[21.67697,46.99382],[21.67742,46.99473],[21.67823,46.99607],[21.67888,46.99716],[21.67934,46.99795],[21.68028,46.99788],[21.68102,46.99807],[21.68181,46.9983],[21.68211,46.99835],[21.68242,46.99838],[21.68287,46.99846],[21.68304,46.99849],[21.68319,46.99856],[21.68339,46.99869],[21.68424,46.99916],[21.68535,46.9994],[21.68649,46.99939],[21.68746,46.99936],[21.68823,47.00071],[21.68896,47.00181],[21.68803,47.00305],[21.68268,47.004],[21.68128,47.00592],[21.6811,47.00621],[21.67931,47.01002],[21.67838,47.01217],[21.67802,47.01418],[21.67798,47.01548],[21.67808,47.01662],[21.67819,47.01745],[21.67818,47.01776],[21.67789,47.01839],[21.67172,47.01913],[21.66637,47.01981],[21.6633,47.02017],[21.66126,47.02038],[21.66119,47.02044],[21.66104,47.0208],[21.66098,47.02104],[21.66095,47.0214],[21.66093,47.02144],[21.65984,47.02186],[21.6591,47.02279],[21.65896,47.023],[21.65672,47.02582],[21.65488,47.02818],[21.65407,47.02933],[21.65303,47.03106],[21.652,47.03152],[21.65008,47.03379],[21.64951,47.03656],[21.64906,47.03654],[21.649,47.03697],[21.64897,47.03737],[21.64892,47.03772],[21.64871,47.03882],[21.64869,47.03943],[21.64861,47.03998],[21.64859,47.04017],[21.64854,47.04045],[21.6486,47.04049],[21.65043,47.04092],[21.65189,47.04085],[21.65324,47.04081],[21.65538,47.04073],[21.65614,47.04071],[21.65694,47.04074],[21.65768,47.04082],[21.65996,47.04152],[21.66053,47.0416],[21.66065,47.0416],[21.66178,47.04148],[21.66241,47.04164],[21.66325,47.04228],[21.66383,47.04276],[21.66439,47.04326],[21.66458,47.04332],[21.66561,47.04357],[21.66652,47.04373],[21.66784,47.0442],[21.66795,47.0442],[21.66845,47.04414],[21.66932,47.04402],[21.66948,47.04402],[21.66953,47.04402],[21.66959,47.04404],[21.66965,47.04407],[21.66992,47.0443],[21.67018,47.04447],[21.67063,47.04449],[21.67102,47.04453],[21.67205,47.04461],[21.67265,47.04464],[21.67312,47.04463],[21.67349,47.04463],[21.6736,47.04464],[21.67368,47.04466],[21.67392,47.04479],[21.67417,47.04492],[21.67426,47.04495],[21.67432,47.04496],[21.67442,47.04496],[21.67463,47.04492],[21.67486,47.04483],[21.67505,47.04475],[21.67515,47.04472],[21.67528,47.04471],[21.67611,47.04465],[21.6764,47.04465],[21.67653,47.04466],[21.67671,47.0447],[21.67685,47.04476],[21.67696,47.04488],[21.67706,47.04501],[21.6773,47.04525],[21.67738,47.04532],[21.67754,47.0454],[21.67767,47.04541],[21.67782,47.04537],[21.67799,47.04529],[21.67848,47.04511],[21.67883,47.04501],[21.67918,47.04493],[21.67986,47.0448],[21.68018,47.04476],[21.68035,47.04474],[21.68055,47.04474],[21.68077,47.04477],[21.68089,47.04481],[21.68134,47.04524],[21.68146,47.04531],[21.68268,47.04571],[21.68331,47.04863],[21.68371,47.05022],[21.68362,47.05031],[21.68341,47.05073],[21.68352,47.05114],[21.68361,47.05124],[21.68484,47.05215],[21.68481,47.05229],[21.68581,47.05256],[21.68974,47.05353],[21.68858,47.05555],[21.6915,47.05628],[21.69392,47.05689],[21.69447,47.05705],[21.69549,47.05733],[21.69749,47.05796],[21.69567,47.06042],[21.69954,47.06166],[21.7048,47.06339],[21.703,47.06583],[21.70302,47.06587],[21.70131,47.06833],[21.70247,47.0687],[21.70456,47.06938],[21.70631,47.06996],[21.70632,47.06999],[21.70526,47.0715],[21.70528,47.07152],[21.70603,47.07177],[21.70684,47.07204],[21.7069,47.07205],[21.70835,47.07145],[21.70841,47.07145],[21.70955,47.07194],[21.71263,47.07326],[21.71396,47.07381],[21.71642,47.07485],[21.71602,47.07558],[21.7152,47.07715],[21.71466,47.0782],[21.71395,47.07948],[21.71309,47.07996],[21.71262,47.08038],[21.71266,47.08147],[21.71285,47.08262],[21.7129,47.08272],[21.71315,47.08311],[21.71326,47.0833],[21.7133,47.08334],[21.71449,47.08442],[21.71483,47.08474],[21.71516,47.08509],[21.71586,47.08591],[21.71628,47.08635],[21.71707,47.08729],[21.7178,47.08803],[21.71785,47.0881],[21.71789,47.08822],[21.7179,47.08828],[21.71791,47.08845],[21.71799,47.08912],[21.71806,47.08969],[21.71809,47.08972],[21.71812,47.08975],[21.71916,47.09058],[21.71945,47.09084],[21.71952,47.09092],[21.71966,47.0911],[21.71983,47.09136],[21.71985,47.09138],[21.7202,47.0915],[21.72072,47.09173],[21.72079,47.09177],[21.72082,47.0918],[21.72084,47.09183],[21.72086,47.09189],[21.72098,47.09269],[21.721,47.09274],[21.72109,47.09285],[21.72116,47.0929],[21.72229,47.09346],[21.72242,47.0935],[21.72377,47.0939],[21.72382,47.09393],[21.72386,47.09398],[21.72397,47.09417],[21.72408,47.0944],[21.72433,47.09549],[21.72508,47.09643],[21.72611,47.09852],[21.7341,47.10062],[21.74355,47.10309],[21.75126,47.10506],[21.75169,47.10562],[21.75451,47.10565],[21.76006,47.10684],[21.76219,47.10738],[21.76535,47.10798],[21.76682,47.10816],[21.76821,47.10827],[21.76947,47.10832],[21.76978,47.10836],[21.77086,47.10887],[21.77236,47.109],[21.773,47.10895],[21.77371,47.10873],[21.77409,47.10863],[21.7746,47.10853],[21.77526,47.10841],[21.77599,47.1083],[21.77876,47.10788],[21.78053,47.10773],[21.78211,47.10753],[21.78341,47.10736],[21.78506,47.10695],[21.78602,47.10681],[21.78667,47.1067],[21.78785,47.10647],[21.78942,47.10618],[21.79084,47.10594],[21.79201,47.10623],[21.79231,47.10634],[21.79238,47.10639],[21.79242,47.10644],[21.79257,47.10667],[21.79275,47.10699],[21.79277,47.10738],[21.79278,47.10788],[21.79186,47.10824],[21.79155,47.10886],[21.79125,47.10939],[21.79236,47.11095],[21.79279,47.11134],[21.79171,47.11185],[21.79096,47.11215],[21.7892,47.11293],[21.79076,47.11439],[21.79117,47.11471],[21.79217,47.11562],[21.78918,47.1166],[21.78977,47.11718],[21.79096,47.11828],[21.79134,47.11865],[21.7918,47.11922],[21.79218,47.11981],[21.79144,47.12123],[21.7913,47.12208],[21.79122,47.12277],[21.79144,47.12405],[21.79188,47.12464],[21.79218,47.12501],[21.79287,47.1258],[21.79338,47.1262],[21.79472,47.12712],[21.79572,47.12769],[21.79669,47.12812],[21.79851,47.12784],[21.79925,47.12909],[21.80042,47.13072],[21.8007,47.13222],[21.80107,47.13339],[21.80141,47.13404],[21.80178,47.13468],[21.80293,47.13637],[21.80042,47.13718],[21.8015,47.13985],[21.80457,47.14748],[21.80528,47.14922],[21.80597,47.15096],[21.80633,47.15186],[21.80737,47.15443],[21.80878,47.15793],[21.80967,47.16014],[21.81199,47.16587],[21.81269,47.16562],[21.81375,47.16731],[21.81485,47.16891],[21.81673,47.17164],[21.81753,47.1728],[21.8198,47.17239],[21.82097,47.17303],[21.8223,47.17371],[21.82252,47.17372],[21.82495,47.17332],[21.82596,47.17399],[21.82924,47.17479],[21.82949,47.17503],[21.83014,47.17645],[21.83103,47.17887],[21.83326,47.1782],[21.83452,47.17784],[21.83585,47.17741],[21.83678,47.17735],[21.83872,47.17719],[21.84006,47.17829],[21.84137,47.1794],[21.84382,47.18141],[21.84504,47.1824],[21.84752,47.18443],[21.85297,47.18556],[21.85324,47.18567],[21.85378,47.186],[21.85433,47.18617],[21.85568,47.18672],[21.85635,47.18715],[21.85802,47.18701],[21.8584,47.19013],[21.85892,47.19361],[21.85911,47.19508],[21.85918,47.19604],[21.85915,47.19626],[21.85916,47.19668],[21.85935,47.1984],[21.85951,47.2],[21.85958,47.2006],[21.85971,47.20202],[21.85983,47.20268],[21.8599,47.20344],[21.85988,47.20368],[21.85978,47.2048],[21.85963,47.20579],[21.85955,47.20657],[21.85917,47.2072],[21.85917,47.20832],[21.85918,47.20912],[21.85919,47.21015],[21.8593,47.21043],[21.85918,47.21093],[21.85862,47.21487],[21.85834,47.21842],[21.85816,47.22007],[21.85809,47.22014],[21.85652,47.22021],[21.85421,47.22036],[21.85357,47.22106],[21.85176,47.2212],[21.85082,47.22158],[21.8505,47.22169],[21.85024,47.22175],[21.84985,47.22183],[21.84935,47.22188],[21.84848,47.22195],[21.84684,47.22377],[21.84769,47.22686],[21.84857,47.2301],[21.84937,47.23037],[21.85003,47.23291],[21.85112,47.23701],[21.85165,47.23909],[21.85319,47.24024],[21.85342,47.24047],[21.85385,47.24081],[21.85527,47.24191],[21.85698,47.24325],[21.85757,47.24354],[21.85832,47.24491],[21.85816,47.24536],[21.85777,47.24585],[21.85806,47.24661],[21.85845,47.24679],[21.85994,47.24878],[21.86095,47.24961],[21.86133,47.24995],[21.8628,47.25095],[21.86344,47.25174],[21.8643,47.25284],[21.86487,47.25557],[21.86517,47.2568],[21.86623,47.25819],[21.86731,47.25937],[21.86841,47.26036],[21.86929,47.2612],[21.86989,47.2617],[21.87114,47.26267],[21.87182,47.2633],[21.87207,47.26344],[21.87463,47.26396],[21.87649,47.26496],[21.87859,47.26502],[21.87995,47.26484],[21.88127,47.26648],[21.88457,47.26895],[21.88588,47.26999],[21.88685,47.27085],[21.8878,47.27212],[21.8863,47.27524],[21.88814,47.27792],[21.88541,47.27909],[21.88419,47.27985],[21.88136,47.2816],[21.87996,47.28267],[21.8785,47.28423],[21.87807,47.28553],[21.87873,47.2874],[21.87923,47.2877],[21.87993,47.28801],[21.8821,47.28883],[21.88406,47.28925],[21.88575,47.28935],[21.88609,47.28972],[21.88475,47.29117],[21.88576,47.29345],[21.88661,47.2936],[21.88691,47.29367],[21.88736,47.29388],[21.88767,47.2941],[21.88814,47.29478],[21.88904,47.29638],[21.88946,47.29779],[21.89085,47.30098],[21.89156,47.30256],[21.89236,47.30443],[21.8932,47.30635],[21.89525,47.3147],[21.89543,47.31504],[21.89566,47.3154],[21.89607,47.3163],[21.89844,47.31743],[21.89908,47.31777],[21.89944,47.318],[21.89975,47.31826],[21.89995,47.31846],[21.9003,47.31887],[21.90073,47.31935],[21.90217,47.32069],[21.90327,47.32147],[21.90403,47.32193],[21.90447,47.32224],[21.90471,47.32244],[21.90495,47.32268],[21.90515,47.32294],[21.90534,47.32327],[21.90632,47.32512],[21.90683,47.32568],[21.90734,47.32619],[21.90742,47.32633],[21.90763,47.32679],[21.90785,47.32734],[21.90789,47.32752],[21.90791,47.32774],[21.90794,47.32821],[21.90799,47.3288],[21.90991,47.32967],[21.91073,47.33009],[21.91354,47.33244],[21.91368,47.33261],[21.91392,47.33298],[21.9147,47.33426],[21.91576,47.33546],[21.91662,47.33615],[21.91723,47.33659],[21.91802,47.33704],[21.9187,47.33759],[21.91917,47.33843],[21.91981,47.33947],[21.92069,47.34067],[21.92161,47.34145],[21.92185,47.34247],[21.92249,47.34349],[21.92328,47.34416],[21.92315,47.34521],[21.92322,47.34631],[21.92349,47.34836],[21.92361,47.34984],[21.92453,47.35202],[21.92527,47.35355],[21.92816,47.35525],[21.93018,47.35646],[21.93316,47.35912],[21.93471,47.3603],[21.93569,47.36162],[21.93604,47.36281],[21.93655,47.36403],[21.93767,47.36615],[21.93847,47.36675],[21.93959,47.36752],[21.93971,47.36767],[21.93973,47.3678],[21.93973,47.36799],[21.93938,47.36966],[21.93931,47.36984],[21.93833,47.37135],[21.9385,47.37301],[21.93944,47.37322],[21.94047,47.37359],[21.94211,47.3741],[21.94354,47.37474],[21.94527,47.37519],[21.94647,47.37524],[21.94727,47.37514],[21.94778,47.37505],[21.94819,47.37506],[21.94923,47.37519],[21.95043,47.37527],[21.95128,47.37461],[21.95196,47.3746],[21.9526,47.37463],[21.95308,47.37473],[21.9536,47.37494],[21.95578,47.37606],[21.95735,47.37705],[21.95879,47.37788],[21.95954,47.37866],[21.96021,47.37901],[21.96073,47.37932],[21.96114,47.37972],[21.96142,47.38006],[21.9615,47.38059],[21.96152,47.3812],[21.96466,47.38085],[21.96782,47.38056],[21.97115,47.38039],[21.97515,47.38015],[21.97534,47.37825],[21.97841,47.3782],[21.98115,47.37902],[21.98309,47.37939],[21.98509,47.38016],[21.9865,47.38141],[21.9867,47.38148],[21.98804,47.381],[21.98907,47.38088],[21.99037,47.38149],[21.99315,47.38099],[21.99503,47.38095],[21.99622,47.37999],[21.99637,47.37891],[21.99668,47.37808],[21.99733,47.37763],[21.99872,47.37724],[21.99938,47.37711],[22.00048,47.37691],[22.00076,47.37689],[22.003,47.37699],[22.00408,47.37708],[22.00686,47.37704],[22.00853,47.37704],[22.00854,47.37679],[22.00905,47.37668],[22.01103,47.37619],[22.01192,47.37574],[22.01198,47.37612],[22.01266,47.37758],[22.01283,47.37804],[22.01319,47.37841],[22.01347,47.37859],[22.01389,47.379],[22.01444,47.37992],[22.01466,47.38035],[22.01528,47.38197],[22.01645,47.3834],[22.0168,47.38388],[22.01781,47.38563],[22.01822,47.38627],[22.01842,47.38654],[22.01896,47.38721],[22.01944,47.38769],[22.02015,47.38821],[22.0214,47.38907],[22.02219,47.38968],[22.02292,47.39062],[22.02352,47.39163],[22.02445,47.39338],[22.02483,47.395],[22.02496,47.39534],[22.02545,47.3964],[22.02584,47.39711],[22.02684,47.39865],[22.02784,47.4004],[22.0296,47.40327],[22.03029,47.40446],[22.03177,47.40687],[22.03271,47.40843],[22.03443,47.41123],[22.03541,47.41306],[22.0355,47.41354],[22.0355,47.41364],[22.0353,47.41466],[22.03518,47.41577],[22.03505,47.41618],[22.03493,47.41646],[22.03443,47.41722],[22.03417,47.41771],[22.03364,47.41842],[22.0334,47.41877],[22.03168,47.42058],[22.02971,47.42275],[22.03387,47.42416],[22.03194,47.42628],[22.03528,47.42743],[22.03377,47.43014],[22.03278,47.43196],[22.0312,47.43506],[22.03082,47.43563],[22.03013,47.43646],[22.02991,47.43666],[22.02865,47.43746],[22.02824,47.4378],[22.02798,47.43812],[22.02792,47.43822],[22.02788,47.43834],[22.028,47.43895],[22.02796,47.43925],[22.02764,47.44005],[22.02742,47.44045],[22.0271,47.44089],[22.0261,47.442],[22.02596,47.44238],[22.02867,47.44434],[22.0288,47.44447],[22.03288,47.45103],[22.02659,47.45288],[22.021,47.45453],[22.01765,47.45992],[22.01536,47.46377],[22.01469,47.46485],[22.01448,47.46508],[22.01398,47.46544],[22.01327,47.4673],[22.01325,47.46761],[22.0133,47.46783],[22.01353,47.46856],[22.01344,47.46882],[22.01303,47.46937],[22.01281,47.46991],[22.01272,47.47071],[22.01122,47.47221],[22.01008,47.47315],[22.00889,47.4742],[22.00744,47.47587],[22.00762,47.47699],[22.00767,47.47857],[22.00766,47.47929],[22.0074,47.48118],[22.00718,47.4823],[22.0071,47.48334],[22.00787,47.48525],[22.00836,47.48631],[22.01043,47.48962],[22.01082,47.49067],[22.01111,47.4923],[22.01159,47.49469],[22.01228,47.49734],[22.01238,47.49878],[22.01217,47.50001],[22.01269,47.50142],[22.01308,47.50191],[22.01351,47.5024],[22.01396,47.50284],[22.0159,47.5046],[22.01625,47.50506],[22.01712,47.50659],[22.01725,47.507],[22.01757,47.50828],[22.01798,47.50943],[22.01852,47.51093],[22.01877,47.51168],[22.01882,47.5118],[22.01891,47.51195],[22.02013,47.51383],[22.02119,47.51523],[22.02309,47.51807],[22.02372,47.51923],[22.0242,47.51998],[22.02566,47.52067],[22.026,47.52092],[22.02628,47.52118],[22.02668,47.52176],[22.027,47.52215],[22.02861,47.52319],[22.0289,47.52358],[22.02906,47.52372],[22.02968,47.52395],[22.02976,47.52401],[22.03063,47.52486],[22.03091,47.52538],[22.0316,47.52615],[22.03269,47.52688],[22.03348,47.52751],[22.03495,47.52857],[22.03573,47.52917],[22.0374,47.5311],[22.03877,47.53199],[22.04026,47.53361],[22.04155,47.53529],[22.04323,47.53707],[22.04399,47.53862],[22.04545,47.53981],[22.05109,47.53603],[22.06149,47.52901],[22.06481,47.53199],[22.06939,47.53617],[22.07136,47.538],[22.06465,47.54146],[22.06211,47.5428],[22.06212,47.5431],[22.05782,47.54526],[22.05456,47.54693],[22.05526,47.54853],[22.0571,47.54983],[22.05792,47.55064],[22.05797,47.55096],[22.06009,47.55209],[22.06329,47.55397],[22.0646,47.55437],[22.06622,47.5546],[22.06756,47.55525],[22.06756,47.55575],[22.0682,47.5558],[22.07008,47.55653],[22.07061,47.55669],[22.07123,47.55702],[22.07214,47.55748],[22.07258,47.55779],[22.07292,47.55809],[22.0732,47.55838],[22.07336,47.55857],[22.07366,47.55899],[22.07383,47.55932],[22.07413,47.56006],[22.07434,47.56082],[22.07493,47.56075],[22.07922,47.56227],[22.08251,47.56132],[22.08496,47.56105],[22.08585,47.56092],[22.08677,47.56107],[22.08874,47.55962],[22.09024,47.55806],[22.09064,47.55744],[22.09202,47.55776],[22.09369,47.55819],[22.09436,47.55878],[22.09457,47.55902],[22.09496,47.55941],[22.09528,47.55967],[22.09557,47.55988],[22.0963,47.56034],[22.09696,47.56078],[22.09737,47.5611],[22.09826,47.56187],[22.09865,47.56225],[22.09931,47.56294],[22.10036,47.56403],[22.10056,47.56427],[22.10078,47.56457],[22.10087,47.56475],[22.10107,47.56519],[22.10129,47.56558],[22.1014,47.5658],[22.10154,47.56598],[22.10176,47.56623],[22.10204,47.56652],[22.10233,47.56687],[22.1025,47.56717],[22.10256,47.56732],[22.10263,47.56753],[22.1027,47.56784],[22.10279,47.56871],[22.10335,47.57044],[22.10357,47.57076],[22.10368,47.57136],[22.10489,47.57269],[22.10637,47.57334],[22.10738,47.57343],[22.10766,47.57347],[22.1083,47.57364],[22.10854,47.57375],[22.10889,47.57407],[22.10931,47.57439],[22.10959,47.57459],[22.11006,47.5748],[22.11048,47.5749],[22.11118,47.575],[22.11147,47.57498],[22.11288,47.57475],[22.11431,47.57523],[22.11512,47.57586],[22.11521,47.57621],[22.11516,47.57662],[22.11543,47.57709],[22.11594,47.57757],[22.11746,47.5781],[22.11813,47.57874],[22.11888,47.57895],[22.11939,47.57952],[22.11993,47.58024],[22.12111,47.58167],[22.12138,47.58209],[22.12153,47.58348],[22.12175,47.58404],[22.12315,47.58551],[22.12435,47.58656],[22.12499,47.58745],[22.12525,47.58769],[22.12702,47.58789],[22.12779,47.58814],[22.12818,47.58833],[22.12886,47.58885],[22.12914,47.58917],[22.12918,47.58963],[22.12908,47.59014],[22.12849,47.59153],[22.12863,47.59215],[22.12932,47.59357],[22.12963,47.59428],[22.12971,47.59468],[22.12966,47.59518],[22.12943,47.596],[22.1291,47.59717],[22.12813,47.59803],[22.12835,47.59807],[22.1302,47.59816],[22.13165,47.59815],[22.13249,47.59813],[22.1332,47.59809],[22.13526,47.59796],[22.13553,47.59791],[22.13591,47.59786],[22.13781,47.59795],[22.13942,47.59805],[22.14129,47.59699],[22.14258,47.59631],[22.14474,47.59535],[22.14555,47.59485],[22.14585,47.59472],[22.14614,47.59464],[22.14695,47.59447],[22.14779,47.59433],[22.14869,47.59415],[22.14989,47.59397],[22.15062,47.59387],[22.15131,47.5938],[22.15285,47.59365],[22.1543,47.59358],[22.15597,47.59356],[22.15674,47.59336],[22.1578,47.59305],[22.1591,47.59265],[22.16024,47.59243],[22.16113,47.59245],[22.16389,47.59244],[22.16521,47.59253],[22.16618,47.59256],[22.16772,47.59232],[22.16915,47.59183],[22.16967,47.59174],[22.17013,47.59169],[22.1704,47.59169],[22.17095,47.59174],[22.17145,47.59184],[22.17181,47.59201],[22.17238,47.59238],[22.17293,47.5927],[22.1735,47.59246],[22.17505,47.5943],[22.17657,47.59437],[22.17691,47.59612],[22.17734,47.59727],[22.17843,47.59928],[22.17972,47.59929],[22.18052,47.59925],[22.18289,47.60634],[22.18527,47.60735],[22.18562,47.60811],[22.18798,47.60914],[22.18811,47.60926],[22.1882,47.6094],[22.1883,47.60962],[22.18841,47.60995],[22.18856,47.6101],[22.18916,47.61058],[22.18928,47.61069],[22.18971,47.61138],[22.18988,47.61168],[22.19,47.61202],[22.19003,47.61226],[22.19003,47.61242],[22.18996,47.61282],[22.19,47.61299],[22.19009,47.61323],[22.19021,47.61346],[22.19026,47.6136],[22.19029,47.61383],[22.19026,47.61411],[22.19018,47.61427],[22.18989,47.61465],[22.19043,47.61583],[22.1915,47.61858],[22.19264,47.62165],[22.1928,47.62361],[22.19337,47.62705],[22.19466,47.63067],[22.1954,47.63241],[22.19568,47.63274],[22.19581,47.63302],[22.19699,47.63486],[22.19918,47.63627],[22.20334,47.65487],[22.21052,47.65422],[22.21167,47.65397],[22.21488,47.65685],[22.21638,47.65842],[22.21827,47.65892],[22.21932,47.66],[22.22085,47.66049],[22.22158,47.66134],[22.22218,47.66222],[22.22159,47.66248],[22.221,47.66281],[22.22057,47.66322],[22.22011,47.66375],[22.22205,47.66678],[22.22323,47.66837],[22.22249,47.67317],[22.22525,47.68069],[22.22289,47.68258],[22.22608,47.68804],[22.2311,47.69337],[22.23459,47.69409],[22.23782,47.6948],[22.23975,47.69503],[22.24188,47.69521],[22.25403,47.69493],[22.25511,47.69564],[22.25552,47.69596],[22.25603,47.69666],[22.25622,47.69741],[22.25628,47.69792],[22.25736,47.69805],[22.25901,47.69803],[22.26226,47.71371],[22.26196,47.71442],[22.26228,47.71677],[22.25936,47.71739],[22.26463,47.73113],[22.28549,47.72931],[22.29333,47.73416],[22.2961,47.7359],[22.29724,47.7355],[22.29898,47.73717],[22.30199,47.73687],[22.30332,47.73709],[22.30367,47.7378],[22.30379,47.73798],[22.30419,47.73843],[22.30478,47.73896],[22.30595,47.74043],[22.30615,47.74076],[22.30617,47.74136],[22.31127,47.74239],[22.31173,47.7422],[22.31754,47.74328],[22.31953,47.74944],[22.32039,47.75214],[22.32094,47.75497],[22.31964,47.7599],[22.319,47.7619],[22.31729,47.76595],[22.32436,47.76675],[22.32614,47.76627],[22.33026,47.76521],[22.33258,47.76403],[22.33547,47.76209],[22.33696,47.76103],[22.33913,47.75941],[22.33949,47.75912],[22.33985,47.7588],[22.34088,47.75706],[22.34542,47.7549],[22.34613,47.75309],[22.34659,47.75281],[22.35076,47.7509],[22.3526,47.75083],[22.35697,47.74912],[22.35803,47.74928],[22.35965,47.74919],[22.36111,47.74898],[22.3661,47.74801],[22.36781,47.74763],[22.37015,47.74718],[22.37479,47.74675],[22.3768,47.74695],[22.37855,47.74706],[22.37891,47.74706],[22.37997,47.74692],[22.38336,47.74574],[22.38667,47.74528],[22.38744,47.74525],[22.38913,47.74545],[22.39071,47.74621],[22.39148,47.74648],[22.39268,47.7467],[22.39415,47.74756],[22.39573,47.74745],[22.39637,47.74771],[22.39762,47.74764],[22.39884,47.74751],[22.40051,47.7471],[22.40274,47.74674],[22.40369,47.74665],[22.40454,47.7466],[22.40538,47.74662],[22.40649,47.74668],[22.40721,47.7467],[22.41044,47.74666],[22.41057,47.7455],[22.4111,47.7438],[22.41148,47.74241],[22.42498,47.74146],[22.42704,47.74117],[22.43021,47.74095],[22.43051,47.74107],[22.43046,47.74324],[22.43015,47.74475],[22.43007,47.74502],[22.42997,47.7452],[22.42984,47.74535],[22.42967,47.7455],[22.42931,47.74574],[22.42807,47.74619],[22.42723,47.74692],[22.42805,47.74971],[22.42598,47.75005],[22.42599,47.75048],[22.42725,47.75403],[22.42723,47.75454],[22.43261,47.76192],[22.43277,47.76397],[22.43526,47.76991],[22.43523,47.77057],[22.43599,47.7737],[22.43679,47.77665],[22.43852,47.78303],[22.44077,47.79185],[22.44789,47.80312],[22.46671,47.80512],[22.47401,47.80829],[22.48139,47.81093],[22.48825,47.80595],[22.51925,47.79156],[22.53978,47.78202],[22.5495,47.77258],[22.55376,47.7726],[22.56246,47.77256],[22.5731,47.77249],[22.57824,47.77244],[22.5824,47.77238],[22.58641,47.77234],[22.59116,47.77225],[22.59889,47.77215],[22.61151,47.772],[22.61164,47.7726],[22.61172,47.77283],[22.6118,47.77295],[22.612,47.77317],[22.61222,47.77337],[22.6125,47.77369],[22.61287,47.7743],[22.61301,47.77443],[22.61314,47.77451],[22.61361,47.77473],[22.61429,47.77513],[22.61439,47.77522],[22.61453,47.77543],[22.6147,47.77611],[22.6149,47.77678],[22.61499,47.77702],[22.61508,47.77711],[22.61526,47.77722],[22.61556,47.77731],[22.6167,47.77749],[22.61719,47.77753],[22.62547,47.77638],[22.62641,47.77608],[22.62678,47.7761],[22.62812,47.77645],[22.62808,47.77741],[22.62971,47.77748],[22.62966,47.77842],[22.63384,47.78007],[22.63511,47.78],[22.63676,47.78072],[22.63774,47.78058],[22.63961,47.77978],[22.64524,47.77897],[22.64649,47.77902],[22.65038,47.77997],[22.65314,47.78047],[22.66037,47.78203],[22.66056,47.78204],[22.66379,47.78354],[22.66473,47.78509],[22.66559,47.78589],[22.66619,47.78692],[22.66768,47.78678],[22.66928,47.78694],[22.67086,47.78817],[22.67752,47.78783],[22.6802,47.78773],[22.68169,47.79006],[22.68287,47.7904],[22.6837,47.79101],[22.68411,47.79147],[22.68425,47.79169],[22.68498,47.7916],[22.68541,47.79252],[22.68564,47.79279],[22.68583,47.7931],[22.68755,47.79515],[22.68782,47.79557],[22.68797,47.79557],[22.68845,47.79767],[22.69005,47.79974],[22.69249,47.80331],[22.69519,47.80835],[22.69921,47.81244],[22.70145,47.81502],[22.69969,47.81837],[22.70149,47.82003],[22.70385,47.82044],[22.70569,47.82353],[22.70941,47.82393],[22.70968,47.8277],[22.71096,47.83299],[22.71111,47.83386],[22.71093,47.83448],[22.71272,47.83557],[22.71419,47.83635],[22.71595,47.83715],[22.71964,47.83811],[22.71987,47.83817],[22.7215,47.83829],[22.72256,47.83833],[22.72307,47.83833],[22.72355,47.83831],[22.72401,47.83828],[22.72469,47.83822],[22.72561,47.83812],[22.72689,47.83798],[22.72729,47.83793],[22.72808,47.83769],[22.72823,47.83763],[22.72841,47.83754],[22.7286,47.83749],[22.72866,47.83745],[22.72869,47.83739],[22.72873,47.83674],[22.72872,47.83667],[22.72869,47.8366],[22.7287,47.83654],[22.72879,47.83648],[22.72892,47.83642],[22.72911,47.83636],[22.72995,47.83613],[22.73077,47.83584],[22.73097,47.83575],[22.73113,47.83569],[22.73122,47.83566],[22.73135,47.83567],[22.73148,47.83569],[22.73218,47.83595],[22.73236,47.836],[22.73247,47.83601],[22.73265,47.83599],[22.73303,47.83595],[22.73333,47.8359],[22.73351,47.8359],[22.73364,47.83593],[22.73445,47.83625],[22.73464,47.83634],[22.73471,47.83635],[22.73481,47.83635],[22.73495,47.83629],[22.73508,47.83622],[22.73656,47.83514],[22.7367,47.83508],[22.73682,47.83507],[22.73793,47.8351],[22.73814,47.8351],[22.73823,47.83508],[22.7383,47.83503],[22.73852,47.83485],[22.73863,47.83481],[22.73878,47.83479],[22.73896,47.83478],[22.73964,47.83483],[22.73991,47.83488],[22.74,47.8349],[22.74013,47.835],[22.74026,47.83513],[22.74045,47.83543],[22.74051,47.83549],[22.74058,47.83552],[22.74068,47.83554],[22.74106,47.83549],[22.74182,47.83536],[22.74203,47.83535],[22.74214,47.83535],[22.74221,47.83539],[22.74227,47.8354],[22.74232,47.8354],[22.74236,47.83537],[22.74241,47.8353],[22.74251,47.83517],[22.74264,47.83508],[22.74289,47.83499],[22.74313,47.83493],[22.7435,47.83489],[22.74387,47.83486],[22.74401,47.83484],[22.74417,47.83479],[22.74436,47.8347],[22.74479,47.83452],[22.74493,47.83448],[22.74508,47.83446],[22.74519,47.83447],[22.74531,47.83451],[22.74573,47.83455],[22.746,47.83456],[22.74651,47.83456],[22.74684,47.83453],[22.74714,47.83447],[22.74747,47.83436],[22.74772,47.83429],[22.74788,47.83426],[22.74802,47.83428],[22.74833,47.83431],[22.74847,47.83432],[22.74868,47.83433],[22.74928,47.83429],[22.75048,47.83427],[22.75121,47.8342],[22.7515,47.83419],[22.75167,47.83421],[22.75182,47.83425],[22.75201,47.83431],[22.75219,47.8344],[22.75235,47.83452],[22.75252,47.83472],[22.75271,47.83492],[22.75279,47.83498],[22.75287,47.83501],[22.7534,47.83511],[22.75382,47.83517],[22.75403,47.83519],[22.7542,47.83518],[22.7544,47.83512],[22.75455,47.83507],[22.75485,47.83491],[22.75498,47.83483],[22.75508,47.8348],[22.75528,47.83477],[22.75547,47.83476],[22.75581,47.83476],[22.75602,47.83478],[22.75618,47.83483],[22.75625,47.83486],[22.75638,47.83498],[22.75647,47.8351],[22.75663,47.83536],[22.75667,47.83547],[22.75669,47.83559],[22.75673,47.83569],[22.75677,47.83574],[22.75688,47.8358],[22.75711,47.83586],[22.75724,47.83589],[22.75732,47.83595],[22.75746,47.8361],[22.75756,47.83617],[22.7577,47.83622],[22.75785,47.83626],[22.75804,47.83629],[22.75847,47.83633],[22.76162,47.83864],[22.76171,47.83941],[22.76607,47.8412],[22.76616,47.84196],[22.76942,47.84187],[22.77243,47.84249],[22.77441,47.84287],[22.77495,47.84264],[22.77694,47.84272],[22.77651,47.8463],[22.77762,47.84836],[22.77753,47.85204],[22.77713,47.85288],[22.7766,47.85354],[22.77513,47.85517],[22.77517,47.85592],[22.77453,47.85615],[22.77489,47.85885],[22.77365,47.85904],[22.7727,47.85958],[22.7732,47.86062],[22.77303,47.86315],[22.77247,47.86341],[22.77107,47.86436],[22.77015,47.86375],[22.76599,47.86428],[22.76364,47.86517],[22.76216,47.86709],[22.76439,47.87104],[22.76861,47.8786],[22.76453,47.88157],[22.75851,47.88604],[22.75931,47.88711],[22.75971,47.88735],[22.75932,47.88804],[22.75882,47.88835],[22.75806,47.88922],[22.75756,47.88976],[22.757,47.89031],[22.75747,47.89128],[22.75769,47.89185],[22.75803,47.892],[22.75818,47.89215],[22.75847,47.89273],[22.75821,47.89348],[22.76047,47.89492],[22.76182,47.89419],[22.76198,47.89342],[22.76295,47.89294],[22.76299,47.89288],[22.76306,47.8928],[22.76315,47.89274],[22.76324,47.89271],[22.76334,47.89272],[22.76398,47.89312],[22.76454,47.89302],[22.76521,47.89365],[22.76527,47.89378],[22.76528,47.89396],[22.76511,47.89433],[22.76509,47.89441],[22.76519,47.8945],[22.76553,47.89465],[22.76627,47.89482],[22.76671,47.89477],[22.7676,47.89417],[22.76787,47.89322],[22.76885,47.89314],[22.76915,47.89284],[22.77056,47.89298],[22.77871,47.89265],[22.78282,47.89363],[22.78313,47.89376],[22.79034,47.89216],[22.79076,47.89174],[22.79299,47.891],[22.79441,47.89238],[22.79528,47.89304],[22.79533,47.893],[22.79637,47.89361],[22.79765,47.89439],[22.7993,47.89528],[22.80164,47.89629],[22.80291,47.89641],[22.80458,47.89665],[22.80446,47.89689],[22.80521,47.89713],[22.80574,47.89771],[22.8061,47.89824],[22.80722,47.89853],[22.80837,47.8988],[22.80937,47.89904],[22.80978,47.8992],[22.81002,47.8993],[22.81013,47.89938],[22.81024,47.89949],[22.81035,47.89957],[22.81046,47.89962],[22.81088,47.89974],[22.81144,47.89993],[22.81191,47.90011],[22.81213,47.90018],[22.81257,47.90022],[22.81372,47.90029],[22.81413,47.90035],[22.81441,47.90042],[22.81454,47.90048],[22.8147,47.9006],[22.81483,47.90072],[22.81507,47.90109],[22.81548,47.90163],[22.81655,47.90279],[22.81724,47.90336],[22.81842,47.90384],[22.81968,47.90409],[22.81978,47.90418],[22.82028,47.9043],[22.82104,47.90437],[22.82114,47.90448],[22.82149,47.90467],[22.82182,47.90502],[22.82341,47.90648],[22.82392,47.90684],[22.82429,47.90717],[22.82557,47.90771],[22.82976,47.90852],[22.83253,47.90933],[22.83309,47.90845],[22.83612,47.90816],[22.84061,47.90771],[22.8422,47.90838],[22.8437,47.90861],[22.84702,47.90811],[22.8475,47.90872],[22.84768,47.909],[22.84831,47.90956],[22.84996,47.91062],[22.85023,47.91087],[22.85066,47.91083],[22.85083,47.91104],[22.85092,47.91121],[22.8513,47.91165],[22.85197,47.91231],[22.85232,47.91243],[22.85266,47.91345],[22.85687,47.91663],[22.85724,47.9167],[22.85683,47.91775],[22.85748,47.91925],[22.85794,47.91995],[22.85796,47.92023],[22.85905,47.92082],[22.86116,47.92116],[22.86147,47.92139],[22.86319,47.92225],[22.86353,47.92277],[22.86377,47.9231],[22.86451,47.92387],[22.86517,47.92443],[22.86555,47.92472],[22.86595,47.92502],[22.86632,47.92497],[22.86635,47.92547],[22.86643,47.92584],[22.86647,47.92757],[22.86653,47.92902],[22.86741,47.92925],[22.86772,47.9296],[22.86888,47.93067],[22.86988,47.93117],[22.8705,47.9317],[22.87253,47.93239],[22.87198,47.93337],[22.87268,47.93372],[22.87262,47.93394],[22.87253,47.93451],[22.87256,47.93506],[22.87267,47.93576],[22.87271,47.9364],[22.88025,47.94388],[22.88101,47.94386],[22.88148,47.94387],[22.88186,47.94391],[22.88218,47.94395],[22.88248,47.94402],[22.88291,47.94415],[22.8838,47.94449],[22.8841,47.9446],[22.88438,47.94465],[22.88506,47.94474],[22.8851,47.94532],[22.88514,47.94539],[22.88521,47.9455],[22.88572,47.94617],[22.88578,47.94626],[22.88583,47.94644],[22.88589,47.94707],[22.88586,47.94751],[22.88569,47.94846],[22.88548,47.94893],[22.88644,47.95089],[22.88652,47.95152],[22.8867,47.95157],[22.88712,47.95174],[22.88743,47.9519],[22.88799,47.95215],[22.88893,47.95258],[22.88963,47.95289],[22.8898,47.95296],[22.89054,47.95323],[22.89074,47.95329],[22.89104,47.95332],[22.89127,47.95334],[22.8915,47.95331],[22.89164,47.95323],[22.89184,47.95308],[22.89214,47.95293],[22.89248,47.95282],[22.89287,47.95273],[22.89305,47.9527],[22.89344,47.9527],[22.89375,47.95265],[22.89392,47.95252],[22.89405,47.95231],[22.89422,47.95207],[22.8944,47.95196],[22.89464,47.95188],[22.89472,47.95188],[22.89479,47.95189],[22.89489,47.95193],[22.89504,47.95203],[22.89523,47.95224],[22.89539,47.95238],[22.89569,47.95251],[22.89604,47.95263],[22.89626,47.95274],[22.89639,47.95282],[22.89644,47.95292],[22.8964,47.95313],[22.89631,47.9533],[22.89618,47.95344],[22.89602,47.95357],[22.89593,47.95366],[22.89587,47.95374],[22.89584,47.95382],[22.89582,47.9539],[22.89584,47.95398],[22.89589,47.95405],[22.89599,47.95412],[22.89609,47.95414],[22.89634,47.95406],[22.8966,47.95404],[22.8968,47.95403],[22.89696,47.95403],[22.89721,47.95405],[22.89761,47.95404],[22.89797,47.95411],[22.89818,47.95415],[22.89902,47.95427],[22.89941,47.95437],[22.89964,47.95444],[22.90065,47.95456],[22.90099,47.95457],[22.9012,47.95461],[22.90132,47.95468],[22.90146,47.95481],[22.90153,47.95496],[22.90155,47.95534],[22.90149,47.95572],[22.90127,47.95622],[22.9011,47.95677],[22.90102,47.95712],[22.90088,47.95736],[22.90066,47.95766],[22.90065,47.95772],[22.90065,47.95776],[22.90067,47.95783],[22.90072,47.95787],[22.90086,47.95792],[22.901,47.95794],[22.90114,47.95794],[22.90138,47.9579],[22.90152,47.95784],[22.90184,47.95767],[22.90194,47.9576],[22.90207,47.95748],[22.90227,47.95735],[22.90245,47.95727],[22.90263,47.95721],[22.90292,47.95709],[22.90306,47.95701],[22.90312,47.95691],[22.90322,47.95679],[22.90334,47.95669],[22.90348,47.95663],[22.90367,47.95658],[22.90385,47.95657],[22.90401,47.9566],[22.90432,47.95671],[22.90477,47.95683],[22.90533,47.95692],[22.90568,47.95695],[22.90585,47.957],[22.90599,47.95707],[22.90606,47.95718],[22.9061,47.95744],[22.90606,47.95763],[22.90597,47.95776],[22.90584,47.9579],[22.90565,47.95832],[22.90561,47.95846],[22.90561,47.95859],[22.90568,47.95872],[22.90585,47.95897],[22.90613,47.95921],[22.90639,47.95945],[22.90671,47.95969],[22.90693,47.95979],[22.90731,47.95991],[22.90777,47.96002],[22.90809,47.96009],[22.90831,47.96012],[22.90846,47.96011],[22.90859,47.96007],[22.90866,47.95999],[22.90873,47.95984],[22.90879,47.95962],[22.9088,47.95936],[22.90877,47.95926],[22.90829,47.95857],[22.90824,47.95845],[22.90823,47.95833],[22.90826,47.95821],[22.90832,47.95811],[22.90845,47.95799],[22.9086,47.95791],[22.90929,47.95773],[22.90945,47.95765],[22.90976,47.95734],[22.9099,47.95726],[22.91013,47.95719],[22.91046,47.95715],[22.91072,47.95714],[22.91097,47.95715],[22.91121,47.95719],[22.91145,47.95724],[22.91165,47.9573],[22.91181,47.95736],[22.9119,47.95741],[22.91196,47.9575],[22.91196,47.95763],[22.9119,47.95774],[22.91177,47.95783],[22.91147,47.95794],[22.91109,47.95804],[22.91069,47.9581],[22.91046,47.95816],[22.91034,47.95825],[22.91025,47.95838],[22.91021,47.95851],[22.9102,47.95871],[22.91029,47.95896],[22.91039,47.95925],[22.91045,47.95956],[22.91045,47.95997],[22.91049,47.96017],[22.91059,47.96034],[22.91075,47.96042],[22.91097,47.96048],[22.91129,47.96049],[22.9117,47.96045],[22.91214,47.96036],[22.91253,47.96026],[22.91284,47.96015],[22.91312,47.96001],[22.91334,47.95984],[22.91348,47.95961],[22.91355,47.95939],[22.91356,47.95922],[22.91354,47.95906],[22.9135,47.95888],[22.91345,47.95874],[22.91338,47.95862],[22.91327,47.9585],[22.91318,47.95835],[22.91312,47.95817],[22.91311,47.95799],[22.91315,47.95783],[22.91326,47.95763],[22.91342,47.95749],[22.91364,47.9574],[22.91389,47.95731],[22.91416,47.95727],[22.91444,47.95726],[22.91456,47.95728],[22.91468,47.95734],[22.91482,47.95745],[22.91494,47.95762],[22.915,47.95788],[22.91508,47.9582],[22.91522,47.95851],[22.91528,47.95875],[22.9153,47.95887],[22.9153,47.95905],[22.91528,47.95919],[22.9153,47.95933],[22.91535,47.95955],[22.91545,47.95981],[22.91554,47.95999],[22.91569,47.96016],[22.91591,47.96029],[22.91615,47.96038],[22.91641,47.96043],[22.91662,47.96044],[22.91683,47.96042],[22.91696,47.96037],[22.91705,47.9603],[22.9171,47.96021],[22.91711,47.96007],[22.91709,47.95993],[22.91703,47.95982],[22.91677,47.95962],[22.91652,47.95941],[22.91636,47.95922],[22.91625,47.95904],[22.91622,47.95887],[22.91624,47.95874],[22.9163,47.95861],[22.9164,47.95846],[22.91655,47.9583],[22.91666,47.95817],[22.91674,47.95804],[22.91683,47.95764],[22.91689,47.9575],[22.91705,47.95735],[22.91729,47.95719],[22.9176,47.95708],[22.91795,47.957],[22.91839,47.95685],[22.91858,47.9568],[22.91872,47.9568],[22.9189,47.95684],[22.9191,47.95688],[22.91931,47.95697],[22.91956,47.95714],[22.91976,47.95734],[22.91985,47.95751],[22.91987,47.95764],[22.91981,47.95779],[22.91962,47.95795],[22.91908,47.95831],[22.91887,47.95848],[22.91876,47.95863],[22.91874,47.95875],[22.91879,47.95881],[22.91888,47.95884],[22.919,47.95884],[22.9192,47.95881],[22.91939,47.9587],[22.9197,47.95848],[22.92,47.95835],[22.92043,47.95819],[22.92079,47.9581],[22.92099,47.9581],[22.92124,47.95812],[22.92137,47.95814],[22.92144,47.9582],[22.92147,47.95828],[22.92143,47.9584],[22.9213,47.95849],[22.92079,47.95881],[22.9206,47.95891],[22.92014,47.95931],[22.92012,47.95934],[22.92008,47.9594],[22.92008,47.95948],[22.92012,47.95953],[22.9202,47.95957],[22.9203,47.95958],[22.92042,47.95957],[22.92054,47.95953],[22.92088,47.95937],[22.92099,47.95936],[22.92117,47.95937],[22.92136,47.9594],[22.92178,47.95951],[22.92232,47.95963],[22.92258,47.9597],[22.92272,47.95978],[22.92285,47.95988],[22.923,47.96001],[22.92308,47.96014],[22.92312,47.96032],[22.92318,47.96046],[22.92325,47.96054],[22.92338,47.96059],[22.92359,47.9606],[22.92381,47.96056],[22.92411,47.96046],[22.92429,47.96036],[22.92451,47.96018],[22.92471,47.95994],[22.92486,47.95974],[22.9251,47.95928],[22.92519,47.95921],[22.92539,47.95914],[22.92584,47.95908],[22.92632,47.95908],[22.92652,47.95905],[22.92699,47.95896],[22.92716,47.95894],[22.92733,47.95896],[22.92754,47.95899],[22.92797,47.95914],[22.92816,47.9592],[22.92863,47.95923],[22.92906,47.95922],[22.92935,47.95919],[22.92947,47.95916],[22.92954,47.95913],[22.92962,47.95906],[22.9321,47.96028],[22.93455,47.9616],[22.937,47.96375],[22.94071,47.96387],[22.94208,47.96413],[22.94264,47.96504],[22.94209,47.96568],[22.94313,47.96588],[22.94402,47.96622],[22.94489,47.96649],[22.94639,47.96687],[22.94806,47.96733],[22.94725,47.96785],[22.94649,47.96864],[22.94577,47.96817],[22.94561,47.96824],[22.94413,47.96958],[22.94385,47.96996],[22.94349,47.97075],[22.94335,47.97116],[22.94333,47.9714],[22.94329,47.97153],[22.94324,47.97163],[22.94296,47.97197],[22.94278,47.97222],[22.94277,47.97223],[22.94273,47.97228],[22.94265,47.97249],[22.94261,47.97263],[22.94262,47.9729],[22.94265,47.97315],[22.9427,47.97329],[22.94277,47.97341],[22.94299,47.9736],[22.94309,47.97372],[22.94312,47.97386],[22.94318,47.97442],[22.94321,47.97458],[22.94331,47.97477],[22.94338,47.97498],[22.9434,47.97508],[22.94339,47.97519],[22.94337,47.97536],[22.94333,47.97551],[22.94265,47.97693],[22.94146,47.97991],[22.94114,47.98097],[22.94087,47.98147],[22.94043,47.9822],[22.94022,47.98292],[22.94004,47.98416],[22.94003,47.98439],[22.94004,47.98519],[22.94018,47.98662],[22.94037,47.98822],[22.94032,47.98844],[22.93905,47.99191],[22.9389,47.9927],[22.93775,47.99563],[22.93688,47.99671],[22.93615,47.99778],[22.93523,47.99921],[22.93278,47.99939],[22.93019,47.99942],[22.92864,47.99966],[22.92778,48.00008],[22.92682,48.00062],[22.92533,48.00167],[22.92391,48.00214],[22.92284,48.00267],[22.92281,48.00341],[22.92262,48.00432],[22.92251,48.00479],[22.92233,48.00521],[22.9221,48.00551],[22.92163,48.00601],[22.92089,48.00664],[22.92045,48.00695],[22.92129,48.00723],[22.92181,48.00866],[22.9222,48.01056],[22.92199,48.01151],[22.92189,48.0127],[22.92192,48.01298],[22.92213,48.01461],[22.92293,48.01518],[22.92479,48.01631],[22.92628,48.01765],[22.92657,48.01801],[22.92682,48.01846],[22.92702,48.01908],[22.93048,48.01857],[22.93377,48.01808],[22.94066,48.01707],[22.94421,48.01657],[22.94394,48.01584],[22.94391,48.01528],[22.94571,48.0143],[22.95005,48.01199],[22.95091,48.01291],[22.95418,48.01121],[22.95842,48.00895],[22.96122,48.00744],[22.96307,48.0091],[22.96295,48.00986],[22.96255,48.01159],[22.96891,48.01088],[22.97398,48.01034],[22.97775,48.00994],[22.97733,48.00836],[22.97692,48.00684],[22.98022,48.00634],[22.98685,48.00535],[22.98651,48.00394],[22.9921,48.00307],[22.99246,48.0046],[22.99381,48.00295],[22.99566,48.00119],[22.99657,47.99956],[22.99675,47.99896],[22.99708,47.99764],[22.99675,47.99599],[23.00132,47.99589],[23.00162,47.99587],[23.00185,47.99582],[23.00595,47.99563],[23.00637,47.99538],[23.01101,47.99388],[23.01336,47.9907],[23.01366,47.99043],[23.01399,47.99081],[23.0141,47.99102],[23.01469,47.99156],[23.0149,47.99165],[23.01509,47.99172],[23.01536,47.99174],[23.01557,47.99174],[23.0159,47.99167],[23.0161,47.99155],[23.01753,47.99049],[23.01848,47.99211],[23.02043,47.99167],[23.02442,47.99173],[23.02525,47.9945],[23.02817,47.99663],[23.02874,47.9973],[23.0297,47.99878],[23.02989,47.99936],[23.03014,47.99989],[23.03056,48.00027],[23.03143,48.0002],[23.04186,48.00144],[23.05712,48.00329],[23.06577,48.00775],[23.07453,48.00858],[23.0782,48.00777],[23.08341,48.00467],[23.0838,48.00454],[23.08503,48.00468],[23.0861,48.0049],[23.08684,48.00485],[23.08808,48.00498],[23.08988,48.00485],[23.0912,48.00542],[23.09172,48.00617],[23.09215,48.0069],[23.09272,48.00812],[23.09264,48.00867],[23.0923,48.00916],[23.09213,48.00972],[23.09216,48.00993],[23.09235,48.01027],[23.09447,48.01176],[23.09451,48.01326],[23.09489,48.01392],[23.09581,48.0142],[23.0981,48.01577],[23.09278,48.0164],[23.09025,48.01646],[23.09031,48.01734],[23.08986,48.01846],[23.08966,48.01939],[23.09132,48.02033],[23.09164,48.02046],[23.09227,48.0206],[23.09192,48.02113],[23.09255,48.02148],[23.09265,48.02216],[23.09388,48.02239],[23.09533,48.02293],[23.09582,48.02298],[23.09636,48.02315],[23.09736,48.02358],[23.09857,48.02437],[23.09871,48.02478],[23.09899,48.02499],[23.09951,48.02522],[23.10001,48.02537],[23.10017,48.02551],[23.10046,48.02569],[23.10081,48.02589],[23.10125,48.02605],[23.10136,48.02614],[23.10138,48.02621],[23.1014,48.02659],[23.10157,48.02681],[23.10165,48.02716],[23.1019,48.02738],[23.10215,48.02828],[23.1027,48.02872],[23.10297,48.0291],[23.10326,48.02929],[23.10367,48.02943],[23.10447,48.02966],[23.10546,48.03035],[23.10594,48.03095],[23.10673,48.03213],[23.10691,48.03269],[23.10813,48.03408],[23.10862,48.03479],[23.1092,48.03537],[23.10895,48.0359],[23.10908,48.03675],[23.10951,48.03766],[23.10952,48.03794],[23.10924,48.03836],[23.1089,48.03859],[23.10859,48.03868],[23.10803,48.03873],[23.10718,48.0393],[23.10476,48.03994],[23.1045,48.04045],[23.10402,48.04066],[23.10349,48.04078],[23.10281,48.04079],[23.10096,48.04097],[23.10073,48.0411],[23.09919,48.04289],[23.09844,48.04371],[23.09811,48.04439],[23.10341,48.04765],[23.10982,48.05156],[23.11099,48.05301],[23.11237,48.05445],[23.111,48.0556],[23.11101,48.05611],[23.11091,48.05649],[23.11041,48.05692],[23.10992,48.05713],[23.10944,48.05739],[23.10924,48.05774],[23.10912,48.05808],[23.10909,48.0584],[23.10914,48.0587],[23.10925,48.05897],[23.10947,48.05922],[23.11069,48.06027],[23.1126,48.06186],[23.11061,48.06199],[23.10654,48.06365],[23.10701,48.06525],[23.10675,48.06583],[23.10734,48.06678],[23.10764,48.06708],[23.10795,48.06728],[23.10844,48.06737],[23.10908,48.06734],[23.10932,48.06727],[23.10956,48.06723],[23.10979,48.06724],[23.11003,48.06735],[23.1101,48.06747],[23.11008,48.06762],[23.10972,48.06815],[23.10973,48.0682],[23.1099,48.06826],[23.11016,48.06855],[23.11026,48.0686],[23.11062,48.06874],[23.11074,48.06886],[23.11075,48.06909],[23.11077,48.06919],[23.11114,48.06928],[23.11157,48.06944],[23.11187,48.06947],[23.11225,48.06956],[23.11238,48.06954],[23.11244,48.06944],[23.11256,48.06925],[23.11273,48.06918],[23.11299,48.06921],[23.1132,48.0693],[23.11324,48.06943],[23.11332,48.0695],[23.11346,48.06953],[23.11375,48.06956],[23.11799,48.07663],[23.12069,48.07591],[23.122,48.07674],[23.12336,48.07739],[23.12175,48.07865],[23.12369,48.08181],[23.11859,48.08423],[23.11599,48.0855],[23.11405,48.08639],[23.11423,48.08656],[23.11428,48.08665],[23.11422,48.08675],[23.11417,48.08683],[23.11395,48.08693],[23.11392,48.08702],[23.11395,48.08716],[23.11407,48.0872],[23.11417,48.08725],[23.11428,48.08723],[23.11443,48.08717],[23.11462,48.08713],[23.1148,48.08713],[23.11519,48.08727],[23.11541,48.08733],[23.11547,48.08733],[23.1156,48.0873],[23.11582,48.08734],[23.11616,48.08741],[23.11631,48.08742],[23.11658,48.0874],[23.11673,48.08747],[23.11703,48.08768],[23.11714,48.08771],[23.11762,48.08771],[23.11797,48.08774],[23.11817,48.08782],[23.1183,48.0879],[23.11834,48.08799],[23.11831,48.08809],[23.11814,48.08822],[23.11801,48.08836],[23.118,48.08848],[23.11804,48.0886],[23.11827,48.08892],[23.11826,48.08899],[23.11819,48.08914],[23.11824,48.08922],[23.11838,48.08929],[23.1185,48.0893],[23.1186,48.08935],[23.11863,48.08942],[23.1186,48.08949],[23.11856,48.08957],[23.11857,48.08962],[23.11866,48.08965],[23.11872,48.0897],[23.11874,48.08981],[23.11871,48.08999],[23.11869,48.09018],[23.11873,48.09029],[23.12234,48.09114],[23.1273,48.09228],[23.12994,48.09482],[23.13006,48.0954],[23.1303,48.09566],[23.13254,48.0959],[23.13428,48.09606],[23.13525,48.09609],[23.1364,48.09623],[23.13757,48.09478],[23.1392,48.09465],[23.14074,48.09728],[23.14314,48.09811],[23.14643,48.09975],[23.14752,48.10273],[23.14846,48.10536],[23.14913,48.10733],[23.15027,48.11058],[23.15097,48.11272],[23.15356,48.11346],[23.15454,48.1133],[23.15589,48.11302],[23.15689,48.11465],[23.15909,48.11464],[23.16127,48.11458],[23.16307,48.11494],[23.16425,48.11507],[23.1656,48.1153],[23.16631,48.11812],[23.1665,48.11947],[23.16666,48.12005],[23.16829,48.11999],[23.16871,48.11921],[23.172,48.1179],[23.17378,48.11937],[23.17426,48.12007],[23.17712,48.11976],[23.17926,48.11869],[23.18148,48.11725],[23.18178,48.11566],[23.18158,48.11423],[23.18155,48.11339],[23.18167,48.11227],[23.18181,48.112],[23.18332,48.11183],[23.18637,48.11161],[23.1877,48.10956],[23.18802,48.10941],[23.18827,48.1089],[23.18674,48.10834],[23.18702,48.10769],[23.18723,48.10706],[23.18776,48.10521],[23.188,48.10473],[23.18802,48.10447],[23.1875,48.10433],[23.18752,48.10386],[23.18689,48.10377],[23.18542,48.10342],[23.18562,48.10319],[23.18608,48.10236],[23.18628,48.10197],[23.18658,48.10166],[23.1873,48.10116],[23.18866,48.10038],[23.18987,48.09972],[23.18984,48.09905],[23.18944,48.09834],[23.1893,48.09773],[23.19301,48.09744],[23.19744,48.09733],[23.19725,48.09632],[23.1992,48.09628],[23.20071,48.09666],[23.20107,48.09666],[23.20128,48.09661],[23.2017,48.09651],[23.20207,48.09646],[23.2023,48.09645],[23.20259,48.09639],[23.20306,48.09629],[23.20326,48.09626],[23.20357,48.09627],[23.20373,48.09626],[23.20387,48.09623],[23.20491,48.09573],[23.20532,48.09563],[23.20609,48.09553],[23.20651,48.0955],[23.20674,48.09553],[23.20704,48.09562],[23.20745,48.09572],[23.2079,48.09579],[23.20821,48.09579],[23.20855,48.09578],[23.20902,48.09572],[23.20973,48.09555],[23.21096,48.09522],[23.21179,48.09498],[23.21232,48.09493],[23.21273,48.09492],[23.21309,48.09495],[23.21334,48.09492],[23.21558,48.0945],[23.21647,48.09426],[23.21701,48.09413],[23.21743,48.09405],[23.21772,48.09402],[23.21796,48.09403],[23.21818,48.09408],[23.21853,48.09419],[23.21887,48.09429],[23.21914,48.09431],[23.21935,48.09429],[23.21955,48.09426],[23.21975,48.09417],[23.21994,48.09408],[23.22271,48.09368],[23.22391,48.09346],[23.22494,48.09314],[23.22616,48.09309],[23.22698,48.09302],[23.22763,48.09292],[23.22883,48.09289],[23.22918,48.09306],[23.22932,48.09312],[23.22975,48.0932],[23.23013,48.09319],[23.2309,48.09306],[23.23278,48.09259],[23.23547,48.09182],[23.23719,48.09264],[23.23833,48.0934],[23.23916,48.09378],[23.2399,48.09401],[23.24038,48.09407],[23.24061,48.09407],[23.2414,48.09403],[23.24182,48.09408],[23.24209,48.09407],[23.24223,48.09401],[23.24321,48.09337],[23.24489,48.09277],[23.24588,48.09235],[23.24652,48.09206],[23.24667,48.092],[23.24676,48.09207],[23.24712,48.09243],[23.24841,48.09424],[23.24872,48.09481],[23.24906,48.09558],[23.24956,48.09634],[23.24999,48.09698],[23.25027,48.09756],[23.25039,48.0978],[23.25055,48.09804],[23.2508,48.09839],[23.25122,48.09889],[23.2516,48.09962],[23.25178,48.10015],[23.2519,48.10067],[23.25202,48.10093],[23.2522,48.10097],[23.25591,48.10107],[23.25633,48.10104],[23.25906,48.10073],[23.26187,48.10053],[23.26371,48.10094],[23.26763,48.10008],[23.26842,48.09714],[23.26835,48.09619],[23.26843,48.09521],[23.26867,48.09395],[23.26884,48.0931],[23.26886,48.09203],[23.26897,48.09088],[23.269,48.08945],[23.26882,48.08792],[23.26888,48.08728],[23.26896,48.08697],[23.26963,48.08532],[23.26995,48.08507],[23.27071,48.08436],[23.2733,48.08374],[23.27468,48.08324],[23.27565,48.08301],[23.27681,48.08282],[23.27831,48.08256],[23.28065,48.08209],[23.2809,48.082],[23.2819,48.08144],[23.28197,48.08133],[23.28227,48.08028],[23.28252,48.07995],[23.2829,48.07959],[23.28417,48.0788],[23.28518,48.07802],[23.28585,48.07736],[23.28652,48.07655],[23.2872,48.07567],[23.28755,48.07534],[23.28795,48.07508],[23.28947,48.07472],[23.29009,48.07464],[23.29046,48.07453],[23.29124,48.07418],[23.29155,48.07389],[23.29184,48.07365],[23.29202,48.07343],[23.2921,48.07318],[23.29212,48.07277],[23.29212,48.0721],[23.29191,48.07186],[23.29093,48.07097],[23.29053,48.07077],[23.28975,48.07055],[23.28933,48.07055],[23.28751,48.07058],[23.28645,48.07062],[23.28589,48.07045],[23.28537,48.06962],[23.28518,48.06918],[23.28477,48.06863],[23.28429,48.06813],[23.28377,48.06767],[23.28337,48.06713],[23.28306,48.06654],[23.2828,48.06571],[23.28277,48.06553],[23.28286,48.06529],[23.28312,48.06464],[23.28317,48.06419],[23.28306,48.06379],[23.28256,48.06312],[23.28189,48.0626],[23.28138,48.06228],[23.28086,48.06207],[23.28037,48.062],[23.28,48.06187],[23.27976,48.0617],[23.2795,48.06151],[23.27923,48.06136],[23.27877,48.06111],[23.27804,48.06083],[23.27768,48.06064],[23.27715,48.06039],[23.2769,48.06027],[23.27673,48.06007],[23.27667,48.05986],[23.27676,48.05963],[23.27696,48.05929],[23.27694,48.05833],[23.27688,48.05782],[23.27688,48.05761],[23.27693,48.05754],[23.27727,48.0574],[23.27801,48.05721],[23.27868,48.05708],[23.27891,48.05699],[23.27918,48.05677],[23.27957,48.05575],[23.27988,48.05532],[23.28044,48.05467],[23.28083,48.05416],[23.28121,48.05372],[23.28163,48.05333],[23.28203,48.05302],[23.28263,48.05266],[23.28296,48.05245],[23.28314,48.0522],[23.28365,48.05109],[23.28387,48.05072],[23.284,48.05052],[23.28414,48.05047],[23.28443,48.05039],[23.28461,48.05038],[23.28509,48.05043],[23.28541,48.05045],[23.28599,48.05043],[23.28645,48.05039],[23.28674,48.05032],[23.28711,48.05022],[23.28742,48.05009],[23.28768,48.04998],[23.28777,48.04992],[23.28777,48.04949],[23.28779,48.0492],[23.28783,48.04904],[23.2878,48.04883],[23.28768,48.04856],[23.28751,48.04826],[23.28739,48.048],[23.28736,48.04787],[23.28744,48.04751],[23.28753,48.04727],[23.28762,48.04712],[23.28776,48.04698],[23.28789,48.04689],[23.28855,48.04687],[23.28883,48.0468],[23.2893,48.04668],[23.28982,48.0465],[23.29027,48.04629],[23.29084,48.04596],[23.29108,48.04585],[23.29143,48.04567],[23.29175,48.04544],[23.2923,48.04512],[23.29298,48.04481],[23.29377,48.0445],[23.2944,48.04441],[23.29515,48.04444],[23.29605,48.04452],[23.29659,48.04452],[23.29804,48.04435],[23.29831,48.04434],[23.29883,48.04434],[23.29949,48.04433],[23.29982,48.04429],[23.30016,48.04425],[23.30049,48.04418],[23.30098,48.04404],[23.30119,48.0439],[23.30129,48.04378],[23.30141,48.0436],[23.30155,48.04342],[23.30171,48.04327],[23.30199,48.04293],[23.30225,48.04255],[23.30247,48.04227],[23.30272,48.04201],[23.30338,48.04214],[23.30398,48.04225],[23.3041,48.04231],[23.30438,48.04263],[23.3046,48.0429],[23.30477,48.04299],[23.30501,48.04302],[23.30594,48.04305],[23.30646,48.04311],[23.30691,48.04318],[23.30742,48.04322],[23.30797,48.04323],[23.30844,48.04337],[23.30886,48.04363],[23.30939,48.04403],[23.30962,48.04434],[23.30986,48.04466],[23.31018,48.04486],[23.31034,48.04495],[23.31083,48.0448],[23.3112,48.04471],[23.31158,48.04467],[23.31204,48.04475],[23.31251,48.04487],[23.31264,48.04486],[23.31307,48.04474],[23.31336,48.04461],[23.31364,48.04461],[23.31394,48.04458],[23.31411,48.0446],[23.3143,48.04457],[23.31449,48.04453],[23.31474,48.04444],[23.31531,48.04423],[23.31618,48.04397],[23.31639,48.04386],[23.31669,48.0437],[23.31694,48.04345],[23.31714,48.04316],[23.31736,48.04297],[23.3181,48.04246],[23.31846,48.04224],[23.31906,48.04183],[23.3197,48.04153],[23.32044,48.04123],[23.32169,48.04073],[23.32193,48.04053],[23.32222,48.04036],[23.32257,48.04006],[23.32301,48.03967],[23.32346,48.03917],[23.32377,48.03859],[23.32403,48.03793],[23.3242,48.03723],[23.32441,48.03665],[23.32468,48.03633],[23.32497,48.03611],[23.32518,48.03603],[23.32556,48.03593],[23.3261,48.03584],[23.3264,48.03577],[23.32658,48.03575],[23.32672,48.03578],[23.32733,48.03607],[23.3278,48.03624],[23.32843,48.03643],[23.32864,48.0365],[23.32892,48.03664],[23.32923,48.03685],[23.32967,48.03722],[23.32989,48.03737],[23.33008,48.03747],[23.33044,48.03762],[23.33098,48.03784],[23.33144,48.03805],[23.33173,48.03822],[23.33211,48.03838],[23.33233,48.03844],[23.33257,48.03847],[23.333,48.03844],[23.33348,48.03834],[23.33394,48.03816],[23.33437,48.03789],[23.33484,48.03763],[23.33538,48.03737],[23.33582,48.0372],[23.33611,48.03706],[23.33685,48.03672],[23.33776,48.03613],[23.33829,48.03575],[23.33877,48.03537],[23.33879,48.03527],[23.33873,48.03503],[23.33865,48.03486],[23.33856,48.03477],[23.33837,48.0347],[23.33728,48.03452],[23.33667,48.03446],[23.33574,48.03435],[23.33552,48.03425],[23.33501,48.034],[23.33454,48.03379],[23.33409,48.03359],[23.33379,48.03349],[23.33321,48.03343],[23.33261,48.03337],[23.33236,48.03332],[23.33213,48.03319],[23.3311,48.0326],[23.33082,48.03244],[23.33072,48.03229],[23.3307,48.03193],[23.33078,48.03158],[23.33097,48.03108],[23.33106,48.03062],[23.33096,48.03026],[23.33081,48.03013],[23.33062,48.03001],[23.3305,48.02993],[23.33036,48.02982],[23.33031,48.02971],[23.33033,48.02955],[23.33019,48.02905],[23.33005,48.02879],[23.32992,48.02865],[23.32979,48.02854],[23.3297,48.02842],[23.32974,48.02834],[23.32994,48.02816],[23.33007,48.028],[23.33017,48.02782],[23.33028,48.02751],[23.33033,48.02708],[23.33023,48.02696],[23.3299,48.02668],[23.3297,48.02647],[23.32955,48.02638],[23.3294,48.02631],[23.32881,48.02614],[23.32861,48.02607],[23.32853,48.02604],[23.32855,48.02536],[23.32852,48.02498],[23.32855,48.02446],[23.32862,48.02425],[23.32872,48.02418],[23.3292,48.02407],[23.32943,48.02403],[23.32953,48.02396],[23.32972,48.02373],[23.32982,48.02344],[23.3301,48.02313],[23.33015,48.02299],[23.33012,48.02286],[23.33013,48.02273],[23.33027,48.02247],[23.33034,48.02235],[23.33045,48.02225],[23.33057,48.02222],[23.33083,48.02214],[23.33117,48.02194],[23.33145,48.02167],[23.3318,48.02115],[23.33212,48.02044],[23.33252,48.02049],[23.33309,48.02088],[23.33414,48.02136],[23.33461,48.02079],[23.33539,48.02097],[23.33624,48.01961],[23.33637,48.01948],[23.33706,48.01931],[23.3375,48.01915],[23.33766,48.01898],[23.33785,48.01859],[23.33805,48.01841],[23.33833,48.01824],[23.33853,48.01813],[23.3388,48.01812],[23.34026,48.01813],[23.34311,48.01837],[23.34489,48.01893],[23.346,48.01934],[23.34707,48.01991],[23.34794,48.02038],[23.34852,48.02058],[23.34874,48.02063],[23.34891,48.02061],[23.3494,48.02041],[23.34966,48.0203],[23.35027,48.02023],[23.35059,48.02016],[23.35101,48.01999],[23.35213,48.01961],[23.35272,48.01939],[23.35282,48.01922],[23.35345,48.01771],[23.35365,48.01738],[23.35454,48.01682],[23.35517,48.01633],[23.3555,48.01594],[23.35617,48.01534],[23.35703,48.0145],[23.35733,48.0143],[23.35775,48.01433],[23.35815,48.01434],[23.35849,48.01434],[23.35941,48.01422],[23.36012,48.01423],[23.36092,48.01431],[23.36221,48.01427],[23.36253,48.01421],[23.36373,48.01375],[23.36402,48.01359],[23.36404,48.01354],[23.36406,48.01349],[23.36404,48.01344],[23.36387,48.01326],[23.36362,48.01304],[23.36347,48.01285],[23.36343,48.01269],[23.36349,48.01256],[23.36379,48.01224],[23.36436,48.01186],[23.3658,48.01106],[23.36633,48.01089],[23.3668,48.0108],[23.36733,48.01073],[23.36764,48.01071],[23.36779,48.01074],[23.36806,48.01083],[23.36843,48.011],[23.36867,48.0111],[23.3688,48.01115],[23.36885,48.01112],[23.36899,48.01096],[23.36915,48.01073],[23.36932,48.01059],[23.36948,48.01044],[23.36967,48.01033],[23.36998,48.01018],[23.37052,48.00996],[23.3712,48.00982],[23.37189,48.00966],[23.37228,48.00959],[23.37247,48.00959],[23.37264,48.00961],[23.37278,48.00964],[23.37302,48.00972],[23.37338,48.00987],[23.37353,48.00989],[23.37367,48.00986],[23.37389,48.00975],[23.3741,48.00953],[23.37428,48.00928],[23.3746,48.00895],[23.37489,48.00872],[23.37524,48.00833],[23.3755,48.00799],[23.37569,48.00787],[23.37598,48.00773],[23.37619,48.00757],[23.37651,48.00738],[23.37657,48.00732],[23.37671,48.00711],[23.37678,48.00691],[23.3768,48.00676],[23.37677,48.0064],[23.37674,48.00581],[23.37666,48.00529],[23.37655,48.00498],[23.37626,48.00444],[23.37604,48.00393],[23.37581,48.00359],[23.37581,48.00346],[23.37592,48.00336],[23.37624,48.00325],[23.37687,48.00314],[23.37749,48.00312],[23.37877,48.00325],[23.37998,48.00333],[23.38079,48.00342],[23.38149,48.00352],[23.38224,48.00356],[23.38306,48.00369],[23.38335,48.00374],[23.3836,48.00387],[23.38395,48.00411],[23.38406,48.00416],[23.38443,48.00423],[23.38517,48.0043],[23.38613,48.00431],[23.38734,48.00431],[23.38769,48.00429],[23.38811,48.00426],[23.38839,48.0042],[23.3886,48.00413],[23.38884,48.00397],[23.38923,48.00359],[23.38955,48.00345],[23.3901,48.00327],[23.39107,48.00296],[23.39183,48.00267],[23.39226,48.00246],[23.3925,48.00229],[23.393,48.00188],[23.39338,48.00151],[23.3936,48.00135],[23.39381,48.00125],[23.3942,48.00111],[23.39463,48.0009],[23.39493,48.00074],[23.39506,48.00072],[23.39528,48.00075],[23.39602,48.00094],[23.39633,48.00096],[23.39664,48.00097],[23.39749,48.00099],[23.39791,48.00105],[23.39849,48.00117],[23.39913,48.00126],[23.39934,48.00126],[23.39948,48.00123],[23.39972,48.0011],[23.4002,48.00083],[23.40043,48.00064],[23.40071,48.00038],[23.40068,48.00038],[23.40096,48.00014],[23.40131,47.9999],[23.40178,47.99964],[23.4023,47.99941],[23.40286,47.99922],[23.4032,47.99913],[23.40341,47.99904],[23.40353,47.99896],[23.40359,47.99888],[23.40359,47.99875],[23.40326,47.9981],[23.40299,47.9975],[23.40271,47.99685],[23.40264,47.99664],[23.40245,47.9965],[23.40227,47.99641],[23.40212,47.99637],[23.40198,47.99627],[23.40187,47.99613],[23.40182,47.99592],[23.40175,47.99528],[23.40182,47.99507],[23.40233,47.99454],[23.40306,47.99386],[23.4036,47.9934],[23.40383,47.9932],[23.40401,47.99302],[23.40431,47.99271],[23.40505,47.99192],[23.4052,47.99186],[23.4057,47.99175],[23.40699,47.99153],[23.40712,47.99148],[23.40729,47.99138],[23.40753,47.99119],[23.40773,47.99109],[23.40807,47.99086],[23.40832,47.99063],[23.40863,47.99038],[23.40921,47.99004],[23.40945,47.98991],[23.40979,47.98976],[23.41006,47.98969],[23.41031,47.98966],[23.41063,47.9897],[23.41087,47.9897],[23.41103,47.98971],[23.4113,47.98978],[23.41157,47.98982],[23.41172,47.98982],[23.41187,47.98974],[23.41202,47.98961],[23.41228,47.98951],[23.4125,47.9894],[23.41266,47.9893],[23.4128,47.98919],[23.41316,47.98896],[23.4134,47.98885],[23.41358,47.98873],[23.41378,47.98856],[23.4141,47.98837],[23.41445,47.98814],[23.41469,47.98799],[23.41485,47.98792],[23.41533,47.98776],[23.41635,47.98727],[23.41685,47.98703],[23.41724,47.98679],[23.41744,47.98669],[23.41785,47.98686],[23.41794,47.98687],[23.41803,47.98685],[23.41816,47.98683],[23.41825,47.98681],[23.41835,47.98683],[23.41842,47.98687],[23.41849,47.98694],[23.41858,47.987],[23.41878,47.98707],[23.41893,47.98711],[23.41899,47.98714],[23.41916,47.98729],[23.4194,47.98744],[23.41956,47.9875],[23.41976,47.98755],[23.42034,47.98765],[23.42109,47.98774],[23.42158,47.98776],[23.42189,47.98777],[23.42195,47.9878],[23.42232,47.98812],[23.42259,47.98841],[23.42284,47.98863],[23.42294,47.98874],[23.42302,47.98885],[23.4231,47.98888],[23.42319,47.98891],[23.42329,47.9889],[23.42337,47.98887],[23.42343,47.98884],[23.42359,47.98877],[23.42384,47.98873],[23.42386,47.98873],[23.4242,47.98862],[23.42467,47.98857],[23.42558,47.98856],[23.4267,47.98861],[23.42738,47.98862],[23.42773,47.9886],[23.42795,47.98863],[23.42818,47.98871],[23.42886,47.98894],[23.4294,47.98902],[23.42988,47.98907],[23.43031,47.98905],[23.43066,47.98905],[23.43086,47.98908],[23.43122,47.98916],[23.43167,47.98932],[23.43207,47.98955],[23.43263,47.99001],[23.43362,47.99047],[23.43375,47.9905],[23.43391,47.99038],[23.43424,47.99001],[23.43457,47.98969],[23.43465,47.9896],[23.43466,47.98946],[23.43442,47.989],[23.43439,47.9889],[23.43446,47.98877],[23.43472,47.98857],[23.43515,47.98818],[23.43544,47.98793],[23.43639,47.98636],[23.43684,47.98566],[23.43714,47.98491],[23.4373,47.98448],[23.43732,47.9843],[23.43726,47.98405],[23.43713,47.98368],[23.43681,47.98316],[23.43685,47.98303],[23.4373,47.9829],[23.43841,47.98266],[23.43913,47.98241],[23.4393,47.98239],[23.44026,47.98244],[23.44048,47.9824],[23.44089,47.98226],[23.44153,47.98194],[23.44175,47.98186],[23.44205,47.98184],[23.44331,47.98187],[23.44373,47.9818],[23.44462,47.9816],[23.44543,47.98148],[23.44583,47.98141],[23.44611,47.98134],[23.44624,47.98129],[23.44629,47.98125],[23.44654,47.98083],[23.44689,47.9802],[23.44696,47.98012],[23.44733,47.97979],[23.4474,47.97969],[23.44745,47.97958],[23.44749,47.97944],[23.44754,47.97936],[23.44797,47.97877],[23.44813,47.97861],[23.4483,47.97846],[23.4488,47.97809],[23.44893,47.97799],[23.44904,47.97788],[23.44912,47.97774],[23.44925,47.97755],[23.44936,47.97743],[23.44957,47.97722],[23.44966,47.9771],[23.44978,47.97693],[23.44986,47.97672],[23.44989,47.9766],[23.44989,47.97652],[23.44982,47.97638],[23.44981,47.97629],[23.44982,47.97625],[23.44984,47.97622],[23.44989,47.97618],[23.44998,47.97616],[23.45024,47.97613],[23.45062,47.97611],[23.45118,47.97604],[23.45172,47.97592],[23.45205,47.97589],[23.45247,47.97587],[23.4531,47.9759],[23.45359,47.97592],[23.45379,47.97592],[23.45387,47.97593],[23.45406,47.97601],[23.45421,47.97608],[23.4544,47.97616],[23.45449,47.97615],[23.45477,47.97587],[23.45514,47.97555],[23.45523,47.97552],[23.45534,47.9755],[23.45764,47.97528],[23.45986,47.97422],[23.46037,47.97396],[23.4616,47.97376],[23.46269,47.97385],[23.46336,47.97393],[23.46406,47.97398],[23.46476,47.97403],[23.4661,47.97407],[23.46801,47.97413],[23.46853,47.97414],[23.46956,47.974],[23.47071,47.9738],[23.47185,47.9737],[23.47216,47.9737],[23.47281,47.97382],[23.47362,47.97399],[23.47494,47.97402],[23.47514,47.97397],[23.47637,47.97351],[23.4769,47.97327],[23.47712,47.97326],[23.47807,47.97335],[23.47909,47.9734],[23.47988,47.97335],[23.48048,47.97321],[23.48162,47.97296],[23.48282,47.97251],[23.48378,47.97212],[23.48515,47.97191],[23.48641,47.97151],[23.48712,47.97093],[23.48822,47.97065],[23.48837,47.97053],[23.48844,47.9704],[23.48847,47.96994],[23.48887,47.96922],[23.48999,47.96883],[23.49138,47.96844],[23.49251,47.96822],[23.49308,47.96792],[23.49378,47.96775],[23.49486,47.968],[23.49531,47.96814],[23.49613,47.96837],[23.49665,47.96845],[23.49743,47.96847],[23.49948,47.96873],[23.49995,47.96874],[23.50061,47.96869],[23.50111,47.9687],[23.50195,47.96912],[23.50354,47.97037],[23.50397,47.97104],[23.50424,47.97126],[23.50471,47.97158],[23.50488,47.97177],[23.50495,47.97204],[23.5046,47.97229],[23.50424,47.97245],[23.50404,47.97265],[23.50343,47.97315],[23.50307,47.9735],[23.5028,47.97391],[23.50279,47.97445],[23.50322,47.97498],[23.50337,47.97579],[23.50354,47.97639],[23.50394,47.97765],[23.50452,47.97914],[23.50519,47.98045],[23.50555,47.98073],[23.50706,47.98181],[23.50844,47.98233],[23.51049,47.98376],[23.5114,47.98461],[23.51226,47.98554],[23.51278,47.98676],[23.5136,47.98821],[23.51435,47.98879],[23.51531,47.98985],[23.5161,47.99137],[23.51665,47.99203],[23.51702,47.99258],[23.51723,47.99273],[23.51801,47.99298],[23.5188,47.99319],[23.51942,47.99351],[23.51991,47.99388],[23.52023,47.99404],[23.52075,47.99446],[23.52094,47.99486],[23.52098,47.99547],[23.52087,47.99563],[23.52084,47.99572],[23.52076,47.99577],[23.52073,47.99584],[23.52074,47.9959],[23.52071,47.99598],[23.52072,47.99604],[23.52077,47.9961],[23.52077,47.99616],[23.52075,47.99623],[23.5207,47.99627],[23.5206,47.99632],[23.52057,47.99638],[23.52057,47.99644],[23.52073,47.99652],[23.52082,47.99658],[23.52089,47.99673],[23.52084,47.99694],[23.52088,47.99715],[23.52097,47.99731],[23.52108,47.99739],[23.52127,47.99746],[23.52153,47.99761],[23.52166,47.9978],[23.52177,47.99799],[23.52183,47.99833],[23.52179,47.99852],[23.5217,47.99864],[23.5217,47.99871],[23.52181,47.99881],[23.52183,47.99888],[23.52181,47.99902],[23.52177,47.99924],[23.52171,47.99936],[23.52159,47.99948],[23.52158,47.99973],[23.52168,47.9999],[23.52176,47.99994],[23.52189,48.00007],[23.5219,48.00018],[23.52206,48.00045],[23.52221,48.00054],[23.52232,48.00067],[23.52231,48.00084],[23.52239,48.00092],[23.5225,48.00099],[23.5225,48.00107],[23.52245,48.00119],[23.52251,48.00144],[23.52261,48.00161],[23.52269,48.00185],[23.52282,48.00204],[23.5229,48.00214],[23.52304,48.00244],[23.523,48.00256],[23.52305,48.00259],[23.52319,48.00264],[23.52325,48.00279],[23.52349,48.00297],[23.52351,48.00311],[23.52363,48.00336],[23.52372,48.00364],[23.52386,48.00379],[23.52401,48.00386],[23.52413,48.00387],[23.52438,48.00382],[23.52446,48.00386],[23.52457,48.00401],[23.5246,48.00411],[23.52471,48.00426],[23.52483,48.00435],[23.52501,48.00444],[23.52518,48.00444],[23.52533,48.00447],[23.5254,48.00452],[23.52548,48.00464],[23.52555,48.00473],[23.52561,48.00474],[23.52574,48.00474],[23.52581,48.00479],[23.52577,48.00506],[23.52582,48.00514],[23.52594,48.00518],[23.526,48.00521],[23.526,48.00529],[23.52595,48.00534],[23.52582,48.00537],[23.52581,48.00543],[23.52584,48.00553],[23.52581,48.00564],[23.52581,48.00573],[23.52588,48.00584],[23.526,48.00596],[23.52602,48.00602],[23.52597,48.00611],[23.52599,48.00619],[23.52601,48.00628],[23.52597,48.00631],[23.52588,48.00628],[23.52584,48.00626],[23.5258,48.0063],[23.52577,48.00638],[23.52576,48.00644],[23.52589,48.0065],[23.52597,48.00657],[23.52597,48.00678],[23.52604,48.00694],[23.52603,48.00704],[23.52603,48.00714],[23.52599,48.00722],[23.52598,48.0073],[23.52591,48.00738],[23.52589,48.00742],[23.52594,48.00749],[23.52589,48.00767],[23.52591,48.00775],[23.52581,48.00779],[23.52583,48.00836],[23.526,48.00883],[23.5261,48.00925],[23.52606,48.00971],[23.52603,48.01028],[23.52608,48.01053],[23.52619,48.01091],[23.52637,48.01136],[23.52644,48.01169],[23.5264,48.01195],[23.52624,48.01222],[23.52602,48.01244],[23.52585,48.01264],[23.52809,48.01683],[23.52906,48.02005],[23.53068,48.01957],[23.53082,48.0195],[23.53101,48.01939],[23.53127,48.01908],[23.53147,48.01874],[23.5317,48.01828],[23.53184,48.01813],[23.53209,48.01799],[23.53288,48.01757],[23.53329,48.01727],[23.53379,48.01676],[23.53472,48.01568],[23.53566,48.01454],[23.53663,48.01337],[23.53729,48.01265],[23.53795,48.01213],[23.53838,48.01183],[23.5387,48.01157],[23.53932,48.01101],[23.53975,48.01048],[23.54009,48.00992],[23.54035,48.00955],[23.54051,48.00937],[23.54074,48.00927],[23.54132,48.00908],[23.54182,48.00896],[23.54311,48.00874],[23.54408,48.00862],[23.5454,48.00838],[23.5467,48.00814],[23.54783,48.00808],[23.54818,48.00801],[23.54907,48.00783],[23.5494,48.00781],[23.55005,48.00783],[23.55067,48.00788],[23.55142,48.008],[23.55178,48.00804],[23.55224,48.00806],[23.55301,48.00794],[23.55411,48.00774],[23.55484,48.00752],[23.55513,48.00748],[23.5556,48.00746],[23.556,48.00746],[23.55646,48.00742],[23.5572,48.00731],[23.5579,48.00714],[23.55844,48.00696],[23.55911,48.00664],[23.55913,48.00664],[23.55958,48.00638],[23.56107,48.00559],[23.5635,48.00419],[23.56467,48.00367],[23.56542,48.00334],[23.56632,48.00309],[23.56729,48.00296],[23.56791,48.00295],[23.56841,48.00301],[23.56976,48.00333],[23.57121,48.0037],[23.57468,48.0044],[23.57574,48.00464],[23.57682,48.00471],[23.57804,48.00465],[23.57919,48.00458],[23.58205,48.00409],[23.5822,48.00404],[23.58353,48.00385],[23.58445,48.00373],[23.58503,48.0037],[23.58536,48.00371],[23.58562,48.00377],[23.58588,48.00385],[23.58605,48.004],[23.58665,48.0047],[23.58744,48.0055],[23.58836,48.00626],[23.58922,48.00678],[23.59002,48.00717],[23.59143,48.0078],[23.59257,48.0082],[23.59319,48.00832],[23.59386,48.00838],[23.5945,48.00835],[23.59498,48.00825],[23.59543,48.00811],[23.59613,48.00781],[23.59738,48.00714],[23.59833,48.00661],[23.59907,48.00636],[23.59968,48.00622],[23.60028,48.00613],[23.60073,48.00613],[23.60127,48.00619],[23.60269,48.00667],[23.60355,48.00683],[23.60426,48.00692],[23.60514,48.00699],[23.60578,48.00707],[23.60635,48.00722],[23.60722,48.00748],[23.60833,48.00787],[23.60944,48.00823],[23.61033,48.00844],[23.61277,48.00869],[23.61356,48.00873],[23.6138,48.00871],[23.61446,48.00871],[23.61504,48.00864],[23.6158,48.00846],[23.6163,48.00821],[23.61714,48.00721],[23.61776,48.00596],[23.61843,48.00494],[23.61894,48.00457],[23.61965,48.00427],[23.62053,48.00393],[23.62117,48.00382],[23.62194,48.00383],[23.62262,48.0039],[23.62344,48.00407],[23.62434,48.00432],[23.62515,48.00448],[23.6264,48.00454],[23.62735,48.0045],[23.62845,48.00439],[23.6304,48.00404],[23.63216,48.00374],[23.63357,48.00348],[23.63397,48.00328],[23.63477,48.00307],[23.63598,48.00288],[23.63747,48.00253],[23.63944,48.00187],[23.64074,48.00126],[23.64153,48.00077],[23.64225,48.00018],[23.64279,47.99947],[23.64341,47.99833],[23.64387,47.9973],[23.64407,47.99624],[23.64437,47.9946],[23.64468,47.9935],[23.6451,47.99259],[23.6455,47.99187],[23.64602,47.99129],[23.64647,47.99092],[23.64747,47.99049],[23.64879,47.98994],[23.64959,47.98959],[23.65041,47.98931],[23.65137,47.98907],[23.65205,47.98895],[23.65317,47.98886],[23.65425,47.98883],[23.65612,47.9886],[23.65779,47.9882],[23.65889,47.98783],[23.65971,47.98751],[23.66073,47.98706],[23.66157,47.98673],[23.6623,47.98643],[23.66311,47.98613],[23.6641,47.98567],[23.66468,47.98534],[23.66514,47.98502],[23.66563,47.98471],[23.66606,47.98445],[23.66657,47.98423],[23.66713,47.98402],[23.66743,47.98396],[23.66777,47.98395],[23.66838,47.98396],[23.66873,47.984],[23.66907,47.98402],[23.66959,47.98408],[23.6699,47.98411],[23.67027,47.98415],[23.67048,47.98419],[23.67061,47.98426],[23.67069,47.98435],[23.67077,47.98452],[23.67096,47.98478],[23.6712,47.98503],[23.6717,47.9854],[23.67211,47.98565],[23.67261,47.98586],[23.67314,47.98606],[23.67364,47.98614],[23.6742,47.98623],[23.67501,47.98629],[23.67505,47.9863],[23.67854,47.98638],[23.68124,47.98661],[23.68386,47.98689],[23.68601,47.98726],[23.68771,47.98777],[23.69047,47.98879],[23.69252,47.98946],[23.69524,47.99005],[23.69762,47.99066],[23.69968,47.99129],[23.70152,47.99167],[23.70263,47.99193],[23.70323,47.99213],[23.70383,47.99243],[23.70462,47.99293],[23.70551,47.99342],[23.70646,47.99378],[23.7071,47.99405],[23.70758,47.99433],[23.70806,47.99453],[23.7088,47.9946],[23.70966,47.99453],[23.7104,47.99442],[23.71104,47.99426],[23.71146,47.99408],[23.71203,47.9937],[23.71228,47.99341],[23.71255,47.99282],[23.71286,47.99193],[23.71322,47.9907],[23.71345,47.99013],[23.71404,47.98919],[23.71449,47.98868],[23.71494,47.98844],[23.71567,47.98819],[23.71636,47.98813],[23.71713,47.98818],[23.71779,47.98837],[23.71821,47.98863],[23.71881,47.98933],[23.71903,47.98973],[23.71924,47.99025],[23.7193,47.99043],[23.71938,47.99151],[23.71943,47.99243],[23.71952,47.99284],[23.7197,47.99325],[23.71992,47.9935],[23.72024,47.99377],[23.72075,47.99401],[23.72139,47.99424],[23.72228,47.99432],[23.72296,47.99437],[23.72374,47.99431],[23.72448,47.99419],[23.72502,47.99401],[23.72538,47.99386],[23.72591,47.99358],[23.72627,47.99345],[23.72665,47.99335],[23.72704,47.99327],[23.72741,47.99326],[23.72784,47.99328],[23.72815,47.9933],[23.72834,47.99332],[23.72872,47.99338],[23.72956,47.9935],[23.7302,47.99368],[23.73057,47.99376],[23.73122,47.9939],[23.73178,47.99399],[23.73239,47.99403],[23.73375,47.99403],[23.73443,47.99406],[23.73494,47.99414],[23.73545,47.9943],[23.73601,47.99446],[23.73667,47.9946],[23.73739,47.99477],[23.73812,47.99493],[23.73899,47.99508],[23.74004,47.99525],[23.74148,47.99542],[23.74235,47.99557],[23.74284,47.9957],[23.74312,47.99581],[23.74337,47.99591],[23.74372,47.99602],[23.74396,47.99605],[23.74436,47.99602],[23.74478,47.99588],[23.74535,47.99568],[23.74608,47.99549],[23.7467,47.99534],[23.74736,47.9953],[23.74786,47.99531],[23.74838,47.99536],[23.7491,47.99552],[23.74981,47.99577],[23.75027,47.99598],[23.75104,47.99639],[23.75152,47.99659],[23.75179,47.99667],[23.7521,47.99673],[23.75247,47.99676],[23.75278,47.99677],[23.75309,47.99675],[23.75335,47.99671],[23.75368,47.9966],[23.75395,47.99647],[23.75413,47.99631],[23.75425,47.99613],[23.75446,47.99575],[23.75469,47.99524],[23.75492,47.99481],[23.75514,47.99444],[23.75563,47.99374],[23.75588,47.99341],[23.75608,47.99314],[23.75629,47.99291],[23.75665,47.99239],[23.75684,47.99216],[23.75701,47.99201],[23.75721,47.99193],[23.75746,47.9919],[23.75772,47.99192],[23.75795,47.99197],[23.75828,47.99206],[23.75885,47.99226],[23.7596,47.99259],[23.76018,47.99287],[23.76125,47.99349],[23.76181,47.99387],[23.76233,47.99416],[23.76299,47.99445],[23.76442,47.99494],[23.76583,47.99534],[23.76727,47.99562],[23.76774,47.99561],[23.76869,47.99551],[23.76967,47.99537],[23.77041,47.99517],[23.77103,47.99495],[23.77191,47.99479],[23.77327,47.99462],[23.77441,47.99442],[23.77582,47.99411],[23.77677,47.99392],[23.77789,47.99358],[23.77933,47.9931],[23.78039,47.99269],[23.78107,47.99233],[23.78157,47.99193],[23.78195,47.99161],[23.78279,47.99079],[23.78358,47.99011],[23.78485,47.98906],[23.78526,47.98876],[23.78561,47.98848],[23.78608,47.98823],[23.78733,47.98758],[23.78839,47.98702],[23.78866,47.98683],[23.78889,47.9866],[23.78904,47.98649],[23.78919,47.9864],[23.78943,47.98631],[23.78971,47.98626],[23.79019,47.98623],[23.79045,47.9862],[23.7908,47.98613],[23.79105,47.98605],[23.79136,47.98597],[23.79172,47.98592],[23.79209,47.9859],[23.79235,47.98592],[23.79253,47.98596],[23.79304,47.98614],[23.79347,47.98626],[23.79385,47.98636],[23.79422,47.98643],[23.79496,47.98654],[23.79534,47.98658],[23.79567,47.98661],[23.79604,47.98662],[23.79649,47.98659],[23.79721,47.98651],[23.79825,47.98638],[23.79948,47.98618],[23.80069,47.98593],[23.80234,47.98562],[23.80325,47.98539],[23.80612,47.9847],[23.80748,47.98438],[23.8088,47.98408],[23.81013,47.9839],[23.81151,47.98375],[23.81292,47.98359],[23.81408,47.98345],[23.81497,47.98337],[23.81622,47.98335],[23.81721,47.98334],[23.81796,47.98335],[23.81824,47.98338],[23.81848,47.98336],[23.81873,47.98329],[23.81904,47.98314],[23.81987,47.98244],[23.82067,47.98147],[23.82114,47.98079],[23.82142,47.98024],[23.82158,47.97972],[23.82161,47.97954],[23.82161,47.9794],[23.82158,47.97933],[23.82154,47.97928],[23.82143,47.97919],[23.82038,47.97876],[23.81983,47.97852],[23.81914,47.97824],[23.81864,47.97801],[23.81787,47.97765],[23.81749,47.97745],[23.81717,47.97726],[23.817,47.97713],[23.81689,47.97701],[23.81679,47.97686],[23.81675,47.97674],[23.81669,47.97654],[23.81666,47.97636],[23.81665,47.97622],[23.81665,47.97604],[23.81666,47.97595],[23.81671,47.97584],[23.8168,47.97574],[23.81714,47.97541],[23.81746,47.97515],[23.81789,47.97488],[23.81895,47.97427],[23.81922,47.9741],[23.81948,47.97396],[23.81966,47.97391],[23.81994,47.97388],[23.82026,47.97387],[23.82074,47.97381],[23.82097,47.97378],[23.82117,47.97372],[23.82152,47.97358],[23.82186,47.97347],[23.82203,47.97343],[23.82216,47.97337],[23.82256,47.97313],[23.823,47.97273],[23.82322,47.97255],[23.82353,47.97235],[23.82368,47.97231],[23.82399,47.97229],[23.8244,47.97228],[23.82457,47.97226],[23.82484,47.9722],[23.82512,47.97209],[23.82549,47.97196],[23.82577,47.97184],[23.82601,47.97174],[23.82632,47.97165],[23.82662,47.97157],[23.82695,47.97152],[23.82729,47.97146],[23.82761,47.97142],[23.82783,47.97141],[23.82803,47.97136],[23.82824,47.97128],[23.82844,47.97117],[23.82866,47.97099],[23.82882,47.97085],[23.82899,47.97072],[23.8294,47.97033],[23.83005,47.96983],[23.83151,47.9686],[23.83227,47.96813],[23.83267,47.96793],[23.83294,47.96781],[23.83328,47.96765],[23.83337,47.96758],[23.83341,47.96752],[23.83339,47.96744],[23.83304,47.96672],[23.83284,47.9663],[23.83263,47.96577],[23.83235,47.96466],[23.83226,47.96403],[23.83221,47.9635],[23.83207,47.96285],[23.83205,47.96236],[23.83201,47.96192],[23.83204,47.96141],[23.83212,47.96076],[23.8322,47.96027],[23.83228,47.95946],[23.83227,47.95884],[23.83229,47.95856],[23.83233,47.95796],[23.83236,47.95775],[23.8324,47.95759],[23.83248,47.95737],[23.83258,47.95726],[23.83281,47.95703],[23.83303,47.95675],[23.83324,47.95646],[23.83335,47.95627],[23.83347,47.95611],[23.83362,47.95596],[23.83396,47.95574],[23.83418,47.95568],[23.83474,47.95562],[23.8351,47.95563],[23.83559,47.95569],[23.8361,47.95576],[23.83715,47.95592],[23.83732,47.95592],[23.83746,47.95591],[23.83758,47.95587],[23.83766,47.95583],[23.83771,47.95574],[23.83772,47.95564],[23.83772,47.95551],[23.83768,47.95536],[23.83759,47.95519],[23.83749,47.95502],[23.83729,47.95481],[23.83711,47.95461],[23.83701,47.95442],[23.83687,47.95408],[23.83656,47.95352],[23.83655,47.95338],[23.83663,47.95291],[23.83673,47.9528],[23.83681,47.95263],[23.83693,47.95249],[23.83713,47.95218],[23.83753,47.95172],[23.83785,47.95144],[23.83817,47.95121],[23.8386,47.95097],[23.8389,47.95084],[23.83922,47.95071],[23.8395,47.95058],[23.83993,47.95044],[23.84042,47.95029],[23.84101,47.95014],[23.84197,47.94983],[23.84243,47.94964],[23.8428,47.94948],[23.8432,47.94932],[23.84358,47.94915],[23.84391,47.94898],[23.8441,47.9488],[23.84431,47.94854],[23.84445,47.9483],[23.84455,47.94802],[23.84461,47.94773],[23.84465,47.9475],[23.84468,47.94723],[23.84466,47.94709],[23.84459,47.9469],[23.84447,47.94676],[23.8442,47.94649],[23.84402,47.9463],[23.8438,47.94607],[23.84318,47.94552],[23.8429,47.94527],[23.84264,47.94505],[23.84243,47.94481],[23.84231,47.94459],[23.84225,47.94437],[23.84219,47.94412],[23.84219,47.94385],[23.84224,47.94366],[23.84234,47.94338],[23.84251,47.94311],[23.84278,47.94286],[23.84335,47.94236],[23.84386,47.94203],[23.84478,47.94162],[23.8455,47.9413],[23.8464,47.94079],[23.84666,47.94056],[23.84706,47.94029],[23.8475,47.93995],[23.84795,47.93967],[23.84841,47.93944],[23.84881,47.93925],[23.84915,47.93903],[23.84936,47.93885],[23.84962,47.93862],[23.84981,47.93843],[23.84994,47.93825],[23.85007,47.93806],[23.8502,47.9378],[23.85042,47.93727],[23.85047,47.93717],[23.85054,47.93706],[23.85073,47.93683],[23.85108,47.93645],[23.85152,47.93593],[23.85267,47.93469],[23.8528,47.93459],[23.85293,47.93452],[23.85309,47.93446],[23.8533,47.93442],[23.85347,47.93439],[23.85373,47.93438],[23.85393,47.93439],[23.85413,47.93441],[23.85489,47.93453],[23.85529,47.93461],[23.85564,47.93468],[23.85585,47.93474],[23.85597,47.93476],[23.85612,47.93476],[23.85631,47.93475],[23.85659,47.93472],[23.85696,47.93464],[23.85723,47.93453],[23.85742,47.93445],[23.85768,47.93434],[23.85823,47.93405],[23.85928,47.93346],[23.86036,47.933],[23.86142,47.93259],[23.8627,47.9322],[23.8635,47.932],[23.86416,47.93185],[23.86463,47.93179],[23.86506,47.93179],[23.86547,47.93181],[23.86578,47.93185],[23.86611,47.93191],[23.86654,47.93201],[23.86692,47.93214],[23.86722,47.93227],[23.8676,47.93247],[23.86814,47.9328],[23.86852,47.93301],[23.86934,47.93341],[23.87017,47.93389],[23.87033,47.934],[23.87047,47.93414],[23.87082,47.93453],[23.87134,47.93498],[23.87195,47.93543],[23.87301,47.93619],[23.87383,47.93682],[23.87492,47.93784],[23.87592,47.93864],[23.87662,47.93942],[23.87727,47.94029],[23.87756,47.94064],[23.87776,47.94093],[23.87807,47.94124],[23.87938,47.94216],[23.88049,47.94285],[23.88157,47.94338],[23.88258,47.94373],[23.88345,47.94395],[23.88421,47.94399],[23.88497,47.9439],[23.88571,47.94363],[23.8865,47.94323],[23.88741,47.9429],[23.88807,47.94269],[23.88853,47.94264],[23.88919,47.94267],[23.88981,47.94269],[23.8907,47.94267],[23.89135,47.94266],[23.89188,47.94268],[23.89232,47.94274],[23.89273,47.94284],[23.8933,47.94302],[23.89493,47.94379],[23.89604,47.94434],[23.89802,47.94499],[23.89896,47.94527],[23.89959,47.94541],[23.90059,47.94559],[23.9019,47.94576],[23.9069,47.94614],[23.90893,47.94639],[23.91058,47.94655],[23.91133,47.94667],[23.91164,47.94676],[23.91201,47.94688],[23.91224,47.94696],[23.9128,47.94709],[23.91312,47.94712],[23.91336,47.94712],[23.91364,47.94706],[23.91394,47.94692],[23.91459,47.94668],[23.91478,47.94658],[23.91497,47.94644],[23.91513,47.94629],[23.91533,47.94616],[23.91557,47.94609],[23.91645,47.94592],[23.91775,47.94571],[23.91883,47.94563],[23.91968,47.9456],[23.92014,47.94562],[23.9207,47.94571],[23.92125,47.94581],[23.92238,47.94617],[23.92477,47.94681],[23.92666,47.94721],[23.92798,47.94758],[23.92876,47.94799],[23.92968,47.94853],[23.93029,47.94879],[23.93085,47.94891],[23.93154,47.94896],[23.93211,47.94894],[23.9325,47.94888],[23.93417,47.94844],[23.93553,47.94806],[23.9368,47.9477],[23.93794,47.94751],[23.93867,47.94747],[23.93928,47.94755],[23.93991,47.94777],[23.94079,47.9481],[23.94156,47.94856],[23.94201,47.94909],[23.94251,47.94966],[23.94304,47.94998],[23.94385,47.95043],[23.94456,47.95083],[23.94565,47.95182],[23.94663,47.95304],[23.94781,47.95495],[23.94841,47.95625],[23.94874,47.95718],[23.94876,47.95838],[23.94844,47.95934],[23.94822,47.96009],[23.94827,47.96072],[23.94846,47.9612],[23.94876,47.96181],[23.9494,47.96241],[23.95004,47.96294],[23.9507,47.96353],[23.95105,47.96376],[23.952,47.96409],[23.95354,47.9645],[23.95434,47.96478],[23.95479,47.9649],[23.95519,47.96498],[23.95554,47.96496],[23.9562,47.96506],[23.95644,47.96511],[23.95684,47.96519],[23.95737,47.96529],[23.95778,47.96529],[23.95818,47.96524],[23.95884,47.96506],[23.959,47.96496],[23.95933,47.96459],[23.95957,47.96417],[23.95984,47.96377],[23.96027,47.96333],[23.96118,47.96294],[23.96178,47.96272],[23.96232,47.96257],[23.96321,47.96241],[23.96399,47.96231],[23.96485,47.96228],[23.96564,47.96231],[23.96605,47.96235],[23.96616,47.96237],[23.96621,47.96235],[23.96673,47.9624],[23.96718,47.96249],[23.96744,47.9626],[23.96763,47.96276],[23.96767,47.96294],[23.96763,47.96322],[23.96748,47.96355],[23.96732,47.96393],[23.96726,47.96424],[23.96727,47.96455],[23.96733,47.96487],[23.96747,47.96525],[23.96758,47.96546],[23.96776,47.96569],[23.96829,47.96615],[23.96909,47.96666],[23.97019,47.96711],[23.97137,47.96756],[23.97239,47.96784],[23.97348,47.96798],[23.97464,47.96806],[23.97598,47.9681],[23.97733,47.96801],[23.97829,47.96781],[23.97906,47.96752],[23.97961,47.96721],[23.98009,47.96681],[23.98036,47.96642],[23.98053,47.966],[23.98063,47.9654],[23.98054,47.96498],[23.98023,47.96446],[23.9797,47.96372],[23.97903,47.96274],[23.97875,47.96218],[23.97865,47.9616],[23.97865,47.96107],[23.97881,47.96071],[23.97913,47.96021],[23.9796,47.95967],[23.98003,47.9594],[23.98073,47.95915],[23.9816,47.95903],[23.98247,47.959],[23.98355,47.9591],[23.98421,47.95927],[23.98562,47.95978],[23.98681,47.96019],[23.98715,47.96036],[23.98748,47.96057],[23.98785,47.96082],[23.98829,47.9611],[23.9887,47.96131],[23.98909,47.96144],[23.98956,47.96154],[23.9901,47.9616],[23.99081,47.96161],[23.99123,47.96158],[23.99186,47.96149],[23.99263,47.9614],[23.99322,47.96134],[23.99367,47.96134],[23.99425,47.96139],[23.99504,47.96148],[23.99565,47.96158],[23.99618,47.96169],[23.99717,47.96196],[23.99761,47.96218],[23.99799,47.96245],[23.99847,47.9628],[23.99895,47.96319],[23.99967,47.96368],[24.00044,47.96421],[24.00095,47.96464],[24.00147,47.96514],[24.00189,47.96548],[24.00325,47.96619],[24.00415,47.96668],[24.00478,47.96701],[24.00553,47.9673],[24.00601,47.96744],[24.0067,47.96752],[24.00733,47.96754],[24.00789,47.96746],[24.00852,47.9673],[24.00943,47.96696],[24.01096,47.96618],[24.01214,47.9655],[24.01391,47.96452],[24.01548,47.96367],[24.01657,47.96298],[24.0206,47.96043],[24.02209,47.95953],[24.02357,47.95842],[24.02509,47.95725],[24.0262,47.95633],[24.02761,47.95503],[24.02873,47.95381],[24.02954,47.95276],[24.02986,47.95219],[24.03009,47.95145],[24.03028,47.95067],[24.03055,47.9502],[24.03079,47.94988],[24.03121,47.94947],[24.03164,47.94923],[24.03222,47.94905],[24.03306,47.94894],[24.03397,47.94892],[24.0346,47.94894],[24.03508,47.94901],[24.03599,47.94929],[24.03651,47.94948],[24.03738,47.94994],[24.03825,47.95039],[24.03959,47.95096],[24.04084,47.95142],[24.04231,47.95177],[24.0443,47.95206],[24.04596,47.95226],[24.0467,47.95238],[24.04814,47.95273],[24.04918,47.95308],[24.05023,47.95327],[24.05088,47.95333],[24.05133,47.95333],[24.05183,47.95316],[24.05253,47.95287],[24.05315,47.95263],[24.05366,47.95251],[24.05446,47.95243],[24.05501,47.95244],[24.05534,47.95249],[24.05568,47.95262],[24.05623,47.95296],[24.05689,47.95327],[24.0576,47.95345],[24.0584,47.95356],[24.05936,47.95362],[24.06053,47.9536],[24.06194,47.9535],[24.06325,47.95332],[24.06384,47.95318],[24.06434,47.9529],[24.06491,47.95248],[24.06579,47.95168],[24.06642,47.95098],[24.067,47.95001],[24.06754,47.94929],[24.06822,47.94871],[24.06902,47.94816],[24.06984,47.94771],[24.0705,47.94746],[24.07137,47.94733],[24.07239,47.9472],[24.0732,47.94704],[24.07425,47.94677],[24.0781,47.94528],[24.07987,47.94458],[24.0818,47.94372],[24.08368,47.94287],[24.08623,47.94148],[24.08724,47.94093],[24.08805,47.94065],[24.08877,47.94042],[24.08907,47.94025],[24.08943,47.93999],[24.09024,47.93933],[24.09077,47.93902],[24.09183,47.93852],[24.09261,47.9382],[24.09337,47.93785],[24.09408,47.93758],[24.09493,47.93739],[24.0957,47.93727],[24.09646,47.93724],[24.09712,47.93719],[24.09763,47.93704],[24.09799,47.93685],[24.09836,47.93662],[24.09865,47.93633],[24.09892,47.93598],[24.09908,47.93563],[24.09916,47.93519],[24.09917,47.93457],[24.09907,47.93382],[24.09894,47.93301],[24.0989,47.93223],[24.09895,47.93151],[24.09911,47.93089],[24.09952,47.92976],[24.09998,47.92876],[24.10045,47.92795],[24.10107,47.92719],[24.10257,47.92559],[24.10356,47.92449],[24.10422,47.92393],[24.10483,47.92322],[24.10529,47.92257],[24.10567,47.92188],[24.10607,47.92144],[24.10688,47.92043],[24.1076,47.91964],[24.10816,47.91905],[24.1083,47.91881],[24.10836,47.91853],[24.10842,47.91817],[24.10842,47.9178],[24.10846,47.91761],[24.1086,47.91742],[24.10886,47.91719],[24.10922,47.91691],[24.10951,47.91665],[24.11001,47.91619],[24.11061,47.91582],[24.11099,47.91558],[24.11131,47.91531],[24.11168,47.91505],[24.11209,47.91487],[24.11258,47.91473],[24.1133,47.91464],[24.11394,47.91465],[24.11471,47.91473],[24.11536,47.91486],[24.11587,47.91492],[24.11723,47.91484],[24.11807,47.91483],[24.11879,47.9149],[24.11956,47.91513],[24.12039,47.91536],[24.12159,47.91565],[24.1223,47.91574],[24.12336,47.91582],[24.1241,47.91583],[24.12511,47.91575],[24.12608,47.9156],[24.12683,47.91544],[24.12736,47.91534],[24.12773,47.91531],[24.12808,47.91533],[24.12856,47.91546],[24.12916,47.91575],[24.12957,47.91588],[24.12998,47.91592],[24.13038,47.91592],[24.1308,47.91587],[24.13133,47.91575],[24.13192,47.91554],[24.13277,47.91516],[24.13341,47.91483],[24.13389,47.9145],[24.13419,47.91421],[24.13456,47.91392],[24.1351,47.91359],[24.13552,47.91342],[24.13605,47.91324],[24.13642,47.9131],[24.13686,47.91287],[24.13753,47.91246],[24.13811,47.91222],[24.13875,47.91211],[24.13963,47.9121],[24.14078,47.91202],[24.14159,47.91203],[24.14234,47.91215],[24.14318,47.91233],[24.14392,47.91261],[24.1445,47.91276],[24.14504,47.91279],[24.14542,47.91283],[24.14561,47.91292],[24.14624,47.91367],[24.14674,47.9144],[24.1472,47.91488],[24.14777,47.91541],[24.14812,47.9157],[24.14871,47.91612],[24.14914,47.9164],[24.14964,47.9166],[24.15024,47.91679],[24.15084,47.91694],[24.15143,47.91702],[24.152,47.91708],[24.15268,47.91708],[24.15333,47.91703],[24.15436,47.91691],[24.15559,47.91674],[24.15648,47.91655],[24.15712,47.9164],[24.15761,47.91623],[24.15792,47.91608],[24.15949,47.91509],[24.15998,47.91486],[24.16027,47.91475],[24.16054,47.9147],[24.16087,47.91467],[24.16123,47.91472],[24.16158,47.91485],[24.16206,47.91511],[24.16262,47.91567],[24.16313,47.91642],[24.16368,47.91749],[24.16443,47.91888],[24.16496,47.91983],[24.1654,47.92035],[24.16586,47.92024],[24.16599,47.92017],[24.16612,47.9201],[24.16636,47.92004],[24.16663,47.91993],[24.16678,47.91982],[24.16694,47.91972],[24.16766,47.91957],[24.16791,47.91948],[24.16814,47.91934],[24.16822,47.9192],[24.1684,47.91908],[24.16867,47.91883],[24.16905,47.91864],[24.16954,47.91846],[24.16985,47.91838],[24.17029,47.91835],[24.17076,47.91831],[24.17134,47.91822],[24.17194,47.91805],[24.17249,47.91791],[24.1728,47.91779],[24.17299,47.91773],[24.17329,47.91756],[24.17366,47.91748],[24.17436,47.91744],[24.17493,47.91735],[24.17532,47.91722],[24.17587,47.91708],[24.17681,47.91691],[24.17702,47.91692],[24.17723,47.91694],[24.1775,47.91687],[24.17778,47.91675],[24.17828,47.91616],[24.17872,47.91576],[24.17902,47.91556],[24.18008,47.91524],[24.18072,47.91517],[24.18114,47.91509],[24.18128,47.91501],[24.18136,47.91493],[24.18152,47.91486],[24.18167,47.9149],[24.18198,47.91507],[24.18256,47.91506],[24.18279,47.91499],[24.18344,47.91493],[24.18375,47.91498],[24.18404,47.91505],[24.18435,47.91502],[24.1848,47.91515],[24.18532,47.91527],[24.18561,47.91529],[24.18595,47.91535],[24.18647,47.91535],[24.18697,47.91537],[24.18765,47.91542],[24.18796,47.91539],[24.18828,47.91541],[24.18854,47.91538],[24.18888,47.91531],[24.18922,47.91538],[24.1895,47.91541],[24.18978,47.91539],[24.19002,47.91536],[24.19018,47.91544],[24.1904,47.91546],[24.19058,47.91544],[24.19073,47.9154],[24.19093,47.9154],[24.19111,47.91539],[24.19124,47.91541],[24.19136,47.91548],[24.19158,47.91569],[24.19188,47.91584],[24.19228,47.91596],[24.19249,47.91599],[24.19269,47.91613],[24.19296,47.91626],[24.19319,47.91638],[24.19358,47.91645],[24.19384,47.91644],[24.19432,47.91635],[24.19507,47.91618],[24.19535,47.91623],[24.19594,47.9162],[24.19626,47.91616],[24.19651,47.91608],[24.1966,47.91603],[24.19673,47.91591],[24.19682,47.91588],[24.19705,47.91584],[24.19722,47.91574],[24.19744,47.91558],[24.19763,47.91532],[24.19801,47.91505],[24.19828,47.91473],[24.19848,47.91454],[24.19864,47.91441],[24.19901,47.91395],[24.19919,47.91386],[24.19951,47.91379],[24.20035,47.91365],[24.20041,47.91347],[24.20051,47.91306],[24.20057,47.91284],[24.20076,47.91245],[24.20103,47.91203],[24.20129,47.91162],[24.20147,47.91137],[24.20167,47.91119],[24.20188,47.91104],[24.20208,47.91093],[24.2024,47.91078],[24.20274,47.91072],[24.20347,47.9107],[24.20427,47.91063],[24.20506,47.91049],[24.20526,47.91045],[24.20542,47.91041],[24.20587,47.91028],[24.2063,47.91013],[24.20677,47.90992],[24.20754,47.9094],[24.20771,47.90933],[24.20787,47.90932],[24.20843,47.90917],[24.20882,47.90902],[24.20932,47.90869],[24.21034,47.90791],[24.211,47.90735],[24.21162,47.90684],[24.21197,47.90668],[24.2127,47.90649],[24.21324,47.90638],[24.21343,47.90637],[24.21354,47.90636],[24.21362,47.90631],[24.21363,47.90624],[24.21365,47.90602],[24.2137,47.90588],[24.21388,47.90562],[24.21437,47.90523],[24.21475,47.90494],[24.21527,47.90443],[24.21569,47.90406],[24.21591,47.90388],[24.21615,47.90375],[24.21661,47.90355],[24.21706,47.90332],[24.21727,47.90318],[24.21733,47.90308],[24.2174,47.90288],[24.21781,47.90216],[24.21799,47.90176],[24.21806,47.90155],[24.21819,47.90137],[24.21834,47.90118],[24.21838,47.90104],[24.21828,47.90057],[24.21827,47.90031],[24.21833,47.90003],[24.2184,47.89979],[24.21838,47.89964],[24.21832,47.89934],[24.2183,47.89903],[24.21835,47.89873],[24.21846,47.89842],[24.21852,47.89819],[24.21851,47.89787],[24.21856,47.89767],[24.21864,47.89758],[24.21874,47.89751],[24.22021,47.89719],[24.22071,47.89707],[24.22115,47.89695],[24.22128,47.89694],[24.22176,47.89709],[24.22271,47.89746],[24.22325,47.89762],[24.22356,47.89766],[24.22404,47.89763],[24.22411,47.89756],[24.22421,47.89729],[24.22433,47.89722],[24.22461,47.89715],[24.22477,47.89704],[24.22499,47.89686],[24.22536,47.89664],[24.2258,47.89657],[24.22645,47.89653],[24.22749,47.89655],[24.22797,47.89651],[24.2281,47.89651],[24.22827,47.89655],[24.22866,47.89676],[24.22938,47.89707],[24.23026,47.89739],[24.23086,47.89769],[24.2312,47.89796],[24.23161,47.89817],[24.23182,47.89822],[24.23234,47.89826],[24.23274,47.8983],[24.23325,47.89845],[24.23407,47.89868],[24.23488,47.89883],[24.2352,47.89885],[24.23568,47.89882],[24.23614,47.89879],[24.23637,47.89879],[24.23669,47.89885],[24.23757,47.89915],[24.23796,47.89923],[24.2383,47.89926],[24.23907,47.89929],[24.23954,47.89934],[24.24001,47.89939],[24.24033,47.89943],[24.2405,47.89949],[24.24068,47.89964],[24.24115,47.90003],[24.24145,47.9003],[24.24189,47.9006],[24.24227,47.90094],[24.24247,47.90117],[24.24272,47.90142],[24.2428,47.90146],[24.24298,47.90146],[24.24351,47.90138],[24.2444,47.90133],[24.2449,47.90132],[24.24512,47.90132],[24.24523,47.90134],[24.24532,47.90144],[24.24557,47.90176],[24.24574,47.9019],[24.24603,47.90206],[24.24656,47.90225],[24.24733,47.90255],[24.24796,47.90278],[24.24876,47.90306],[24.24893,47.90315],[24.24923,47.90341],[24.24955,47.90362],[24.25017,47.90396],[24.25075,47.90419],[24.25116,47.90435],[24.25156,47.90447],[24.25183,47.9046],[24.25209,47.90478],[24.25254,47.90513],[24.25283,47.90541],[24.25318,47.90564],[24.25363,47.90585],[24.25453,47.90622],[24.25486,47.90639],[24.25539,47.90671],[24.25557,47.90678],[24.25579,47.90681],[24.25625,47.90684],[24.25667,47.90683],[24.25716,47.90679],[24.25739,47.90679],[24.25806,47.90684],[24.25842,47.90685],[24.25876,47.90688],[24.25904,47.90695],[24.25934,47.90707],[24.25957,47.90711],[24.2599,47.90715],[24.26051,47.90717],[24.26104,47.90721],[24.26153,47.90727],[24.2619,47.90729],[24.26212,47.90726],[24.26236,47.90725],[24.26268,47.90727],[24.26312,47.90728],[24.26348,47.90727],[24.2637,47.90725],[24.26392,47.90726],[24.26416,47.9073],[24.2643,47.90734],[24.26451,47.90742],[24.26469,47.90744],[24.26498,47.90746],[24.26558,47.90744],[24.26578,47.9074],[24.26592,47.90733],[24.26614,47.90722],[24.26636,47.90716],[24.26687,47.90706],[24.26708,47.90706],[24.26729,47.90707],[24.26755,47.90702],[24.26803,47.90681],[24.26831,47.9067],[24.26903,47.90649],[24.26945,47.90641],[24.2699,47.90635],[24.27029,47.90629],[24.27057,47.90624],[24.27077,47.9062],[24.27159,47.9062],[24.27206,47.90624],[24.27237,47.90627],[24.27283,47.90628],[24.27324,47.9063],[24.27365,47.90632],[24.27475,47.90636],[24.27493,47.90635],[24.27514,47.90629],[24.27539,47.90622],[24.27589,47.90603],[24.27637,47.90591],[24.2769,47.90579],[24.27708,47.90576],[24.27732,47.9057],[24.27753,47.90569],[24.2782,47.90569],[24.2786,47.90565],[24.27884,47.90559],[24.27942,47.90531],[24.27956,47.90529],[24.27967,47.9053],[24.27977,47.90532],[24.27993,47.90538],[24.28013,47.9055],[24.28036,47.90567],[24.28057,47.90596],[24.28075,47.90613],[24.28112,47.90645],[24.28158,47.90677],[24.28208,47.90707],[24.28238,47.90721],[24.28315,47.90734],[24.28389,47.90754],[24.28487,47.90783],[24.28521,47.908],[24.28569,47.90839],[24.28669,47.90906],[24.28762,47.90955],[24.28822,47.90983],[24.28871,47.90999],[24.28956,47.91017],[24.29072,47.91043],[24.29192,47.91072],[24.29227,47.91077],[24.29258,47.91082],[24.29326,47.9109],[24.29359,47.91095],[24.29382,47.91102],[24.29406,47.9111],[24.29437,47.91122],[24.29474,47.91128],[24.29521,47.91128],[24.29567,47.91121],[24.29653,47.91124],[24.29708,47.91123],[24.29741,47.91119],[24.29771,47.91122],[24.29785,47.91127],[24.29804,47.91137],[24.29817,47.91146],[24.29836,47.91165],[24.29851,47.91175],[24.29885,47.91208],[24.29903,47.91233],[24.29931,47.9126],[24.2997,47.91305],[24.29992,47.9132],[24.3,47.91326],[24.30035,47.91344],[24.30071,47.91368],[24.30089,47.91375],[24.30116,47.91381],[24.30137,47.91388],[24.30152,47.91398],[24.30159,47.91409],[24.30158,47.91423],[24.30201,47.91451],[24.30226,47.91463],[24.30243,47.91482],[24.30268,47.91532],[24.3028,47.91575],[24.30291,47.9161],[24.30307,47.91636],[24.30335,47.91661],[24.30369,47.9169],[24.3038,47.91706],[24.30439,47.91717],[24.30469,47.91723],[24.30505,47.91726],[24.30593,47.9173],[24.3065,47.91741],[24.30701,47.91758],[24.30764,47.91778],[24.30799,47.91788],[24.30844,47.91804],[24.30907,47.91814],[24.30924,47.91819],[24.3094,47.91829],[24.3096,47.9186],[24.30985,47.91883],[24.31012,47.91903],[24.31053,47.9192],[24.31073,47.91933],[24.31085,47.91953],[24.31099,47.91984],[24.31116,47.92008],[24.31136,47.92031],[24.31156,47.92047],[24.31176,47.92052],[24.31196,47.92053],[24.31218,47.92055],[24.31247,47.9206],[24.3127,47.92076],[24.31295,47.92085],[24.31341,47.92107],[24.31354,47.92118],[24.31365,47.92129],[24.31388,47.92142],[24.31453,47.92182],[24.31464,47.92192],[24.31483,47.92202],[24.31499,47.9221],[24.3151,47.92223],[24.31526,47.92252],[24.31537,47.92266],[24.31542,47.92289],[24.31545,47.92296],[24.31553,47.92301],[24.31572,47.92303],[24.31592,47.92309],[24.31614,47.92311],[24.3165,47.92312],[24.31669,47.92316],[24.31704,47.92319],[24.31737,47.92323],[24.31777,47.92322],[24.31809,47.92317],[24.31837,47.92317],[24.31857,47.92313],[24.31882,47.92309],[24.31895,47.92306],[24.31912,47.923],[24.31935,47.92301],[24.31947,47.92305],[24.31993,47.92325],[24.32046,47.92355],[24.32079,47.92369],[24.32109,47.92383],[24.32148,47.92399],[24.32167,47.92409],[24.32193,47.92419],[24.32201,47.92425],[24.32211,47.92439],[24.32224,47.92448],[24.32263,47.92484],[24.32285,47.92499],[24.32307,47.92514],[24.32327,47.92528],[24.32343,47.92537],[24.32358,47.92548],[24.3238,47.92562],[24.32408,47.92571],[24.32422,47.92579],[24.32433,47.92584],[24.32448,47.92587],[24.32465,47.92592],[24.32479,47.92599],[24.32495,47.926],[24.32501,47.9259],[24.32502,47.92579],[24.32507,47.92568],[24.3251,47.92559],[24.32517,47.92551],[24.32536,47.92535],[24.32597,47.92496],[24.3263,47.92469],[24.32649,47.92451],[24.32664,47.92442],[24.32694,47.92423],[24.32707,47.92412],[24.32719,47.92406],[24.32726,47.92402],[24.32739,47.92396],[24.32748,47.92393],[24.32757,47.92391],[24.32767,47.92387],[24.32775,47.92383],[24.32783,47.92379],[24.32791,47.92375],[24.32794,47.92373],[24.32797,47.92368],[24.32798,47.92364],[24.32797,47.92355],[24.32799,47.92348],[24.328,47.92341],[24.32796,47.92322],[24.32791,47.92312],[24.32788,47.92304],[24.32787,47.92295],[24.32788,47.92282],[24.32794,47.92252],[24.32801,47.92242],[24.32808,47.92223],[24.32815,47.92215],[24.32839,47.922],[24.32851,47.9219],[24.32884,47.9217],[24.32904,47.9215],[24.32922,47.92142],[24.32958,47.92121],[24.32973,47.92118],[24.32997,47.92106],[24.33016,47.921],[24.33034,47.92096],[24.33052,47.92095],[24.33066,47.92091],[24.33086,47.92081],[24.33116,47.9207],[24.33129,47.92068],[24.33149,47.92065],[24.33166,47.92058],[24.33182,47.92048],[24.33196,47.92028],[24.33209,47.92009],[24.3322,47.91986],[24.33234,47.91963],[24.33238,47.91959],[24.33246,47.91955],[24.33253,47.91948],[24.33272,47.9193],[24.33285,47.91915],[24.33312,47.91889],[24.33329,47.91875],[24.3335,47.91861],[24.33361,47.91852],[24.33368,47.91848],[24.33378,47.9184],[24.334,47.91825],[24.33427,47.91801],[24.33455,47.91785],[24.33479,47.91779],[24.33504,47.91772],[24.33519,47.91773],[24.33559,47.91778],[24.33582,47.91783],[24.33664,47.91797],[24.337,47.91812],[24.33725,47.91817],[24.33767,47.9182],[24.33783,47.91823],[24.33823,47.91823],[24.33842,47.91821],[24.33877,47.9182],[24.3389,47.91821],[24.33906,47.91814],[24.33925,47.91799],[24.33953,47.91773],[24.33961,47.91761],[24.33975,47.91754],[24.34011,47.91733],[24.34057,47.91701],[24.34103,47.91669],[24.34171,47.91639],[24.34194,47.91627],[24.34207,47.91605],[24.34238,47.91585],[24.34282,47.91559],[24.34332,47.91537],[24.34405,47.91504],[24.34442,47.91489],[24.34469,47.91468],[24.34483,47.91465],[24.345,47.91454],[24.3453,47.91464],[24.34578,47.91477],[24.34617,47.91488],[24.34669,47.91502],[24.34728,47.9151],[24.34891,47.91521],[24.34928,47.91528],[24.34987,47.91549],[24.35014,47.9156],[24.35134,47.91593],[24.35285,47.91633],[24.35351,47.91641],[24.35405,47.91649],[24.35476,47.91646],[24.35523,47.91643],[24.35569,47.91647],[24.3564,47.91667],[24.35702,47.91698],[24.35794,47.91753],[24.35839,47.91786],[24.35927,47.91851],[24.36,47.91907],[24.36091,47.91957],[24.36192,47.92017],[24.36265,47.92052],[24.36352,47.92083],[24.36463,47.92137],[24.36573,47.92195],[24.36687,47.9224],[24.36776,47.92286],[24.36802,47.92312],[24.36831,47.92327],[24.36971,47.92337],[24.3704,47.92352],[24.37098,47.92367],[24.37157,47.9238],[24.37262,47.924],[24.37335,47.92434],[24.37358,47.92438],[24.37444,47.92447],[24.37564,47.92475],[24.3772,47.92516],[24.37879,47.92562],[24.37971,47.92591],[24.38155,47.92653],[24.38165,47.92732],[24.38155,47.92828],[24.38144,47.92885],[24.38133,47.92921],[24.38119,47.92955],[24.3811,47.92982],[24.38107,47.93017],[24.38113,47.93064],[24.38115,47.93081],[24.38104,47.93106],[24.38077,47.93138],[24.38064,47.93161],[24.3806,47.93182],[24.38068,47.93237],[24.38067,47.93265],[24.38059,47.93286],[24.38041,47.93317],[24.38036,47.93344],[24.38037,47.93388],[24.38051,47.93458],[24.38069,47.935],[24.38105,47.93554],[24.38155,47.93608],[24.38191,47.9364],[24.38215,47.93666],[24.38245,47.93733],[24.38262,47.938],[24.38274,47.93832],[24.3828,47.93852],[24.38302,47.93993],[24.38481,47.94055],[24.38609,47.94101],[24.38635,47.94119],[24.38685,47.94177],[24.38774,47.94324],[24.38822,47.94441],[24.38835,47.94459],[24.38909,47.94526],[24.38952,47.9456],[24.39018,47.94595],[24.39076,47.94637],[24.39113,47.94669],[24.39136,47.94709],[24.39161,47.94766],[24.39187,47.94802],[24.39218,47.94833],[24.39238,47.94853],[24.39247,47.94878],[24.39246,47.9493],[24.39231,47.95021],[24.3923,47.9512],[24.39228,47.95285],[24.39297,47.95333],[24.39348,47.95397],[24.39396,47.95432],[24.39481,47.95456],[24.39549,47.95498],[24.39588,47.95512],[24.39663,47.95568],[24.39738,47.956],[24.39844,47.9561],[24.39936,47.95624],[24.40006,47.95615],[24.40055,47.95604],[24.40113,47.95596],[24.40138,47.95605],[24.40221,47.95656],[24.40367,47.95759],[24.40423,47.95791],[24.40501,47.95819],[24.40578,47.95868],[24.40651,47.95905],[24.40717,47.95934],[24.40789,47.95954],[24.40877,47.95986],[24.40913,47.95997],[24.41059,47.96027],[24.41123,47.96037],[24.41194,47.96033],[24.41277,47.96017],[24.4139,47.95994],[24.41491,47.95975],[24.41571,47.95963],[24.41591,47.95962],[24.41647,47.95975],[24.41698,47.95988],[24.41746,47.9599],[24.41788,47.95996],[24.41817,47.96007],[24.41917,47.96065],[24.42027,47.96177],[24.42074,47.96218],[24.4215,47.96272],[24.42216,47.96317],[24.42274,47.96362],[24.42306,47.9639],[24.42333,47.96404],[24.42387,47.96424],[24.42436,47.96444],[24.42474,47.96467],[24.42529,47.96509],[24.42591,47.9655],[24.42648,47.96596],[24.42678,47.96618],[24.42706,47.96645],[24.42762,47.96682],[24.42803,47.9671],[24.42935,47.96785],[24.43156,47.96883],[24.43162,47.96887],[24.43314,47.9694],[24.43435,47.96976],[24.43487,47.96993],[24.43533,47.97009],[24.43592,47.97037],[24.4362,47.97032],[24.43656,47.97023],[24.43699,47.96997],[24.43844,47.96918],[24.43978,47.96844],[24.44058,47.96794],[24.44142,47.96745],[24.44192,47.9671],[24.44278,47.96662],[24.44366,47.96608],[24.44442,47.96564],[24.44516,47.96524],[24.4457,47.96494],[24.44648,47.96457],[24.44741,47.96403],[24.44761,47.96392],[24.44802,47.96377],[24.44882,47.96353],[24.44939,47.96334],[24.44993,47.96319],[24.45027,47.96313],[24.45065,47.96309],[24.45186,47.96306],[24.45274,47.96305],[24.45338,47.96305],[24.45408,47.96308],[24.45444,47.96308],[24.45457,47.96307],[24.4548,47.96305],[24.45505,47.96298],[24.45532,47.9629],[24.45557,47.96285],[24.45587,47.9628],[24.45637,47.96275],[24.4569,47.96273],[24.45739,47.96277],[24.45783,47.9628],[24.45821,47.96281],[24.45858,47.96278],[24.45918,47.9627],[24.46028,47.96252],[24.46241,47.96211],[24.46321,47.96195],[24.46378,47.96185],[24.464,47.96181],[24.4641,47.96181],[24.4646,47.96189],[24.46529,47.96202],[24.4659,47.96214],[24.46635,47.96219],[24.46707,47.9622],[24.46778,47.96225],[24.4684,47.96234],[24.46886,47.96236],[24.46951,47.96236],[24.46973,47.96237],[24.46996,47.96239],[24.47018,47.96249],[24.47047,47.96268],[24.47067,47.96279],[24.47086,47.96286],[24.47106,47.96291],[24.4714,47.96295],[24.47153,47.96299],[24.47167,47.96307],[24.47179,47.9631],[24.47224,47.96312],[24.47245,47.96312],[24.47262,47.96309],[24.47293,47.96297],[24.47346,47.96273],[24.47405,47.96244],[24.47477,47.96223],[24.47484,47.96219],[24.47507,47.96184],[24.47516,47.96164],[24.47535,47.96136],[24.47545,47.96127],[24.47554,47.96125],[24.4757,47.96124],[24.47636,47.96125],[24.47807,47.96089],[24.47825,47.96091],[24.47853,47.96087],[24.47883,47.96075],[24.47983,47.96],[24.48026,47.95982],[24.48104,47.95956],[24.48227,47.95896],[24.48316,47.95861],[24.48423,47.95814],[24.48523,47.95763],[24.48571,47.95737],[24.48643,47.95689],[24.48679,47.95655],[24.48711,47.95633],[24.48724,47.95614],[24.48773,47.95565],[24.48796,47.95555],[24.48852,47.95545],[24.48911,47.95545],[24.48993,47.95553],[24.49093,47.95562],[24.49194,47.95567],[24.49278,47.95556],[24.4939,47.95549],[24.49492,47.95532],[24.4954,47.95523],[24.49559,47.95513],[24.49605,47.95483],[24.49719,47.95418],[24.4975,47.95408],[24.49805,47.95397],[24.49855,47.95387],[24.49917,47.95363],[24.49987,47.953],[24.50022,47.95265],[24.50054,47.95248],[24.50105,47.95237],[24.50177,47.95218],[24.50251,47.95203],[24.50446,47.95158],[24.50493,47.95155],[24.50587,47.95133],[24.50616,47.95133],[24.50699,47.95143],[24.50791,47.95158],[24.50943,47.95168],[24.51,47.95172],[24.51087,47.95165],[24.51195,47.95155],[24.51261,47.95152],[24.51306,47.9516],[24.5136,47.95181],[24.51402,47.95218],[24.51421,47.95262],[24.51446,47.95296],[24.51473,47.95333],[24.51506,47.95363],[24.51554,47.95398],[24.51592,47.95419],[24.51616,47.9544],[24.51644,47.95478],[24.51713,47.95525],[24.51784,47.95577],[24.5185,47.95622],[24.51871,47.95649],[24.51933,47.95696],[24.52011,47.95747],[24.52103,47.958],[24.52209,47.95853],[24.52299,47.95913],[24.52355,47.95953],[24.52392,47.95985],[24.5244,47.96018],[24.52503,47.96055],[24.52569,47.96085],[24.52648,47.96124],[24.52721,47.96155],[24.52735,47.96154],[24.52888,47.96112],[24.52994,47.96087],[24.53046,47.96076],[24.53091,47.96063],[24.53109,47.96064],[24.53115,47.96067],[24.53155,47.96084],[24.5321,47.96111],[24.5329,47.96143],[24.53369,47.96165],[24.53418,47.96164],[24.53481,47.9616],[24.53561,47.96164],[24.53636,47.96172],[24.5369,47.96178],[24.5374,47.96181],[24.53833,47.96172],[24.54,47.96149],[24.542,47.96119],[24.54381,47.9609],[24.54647,47.96054],[24.54714,47.96041],[24.54774,47.96035],[24.5483,47.96028],[24.54891,47.96011],[24.54955,47.9598],[24.5498,47.95945],[24.55,47.95902],[24.55012,47.95879],[24.55022,47.95867],[24.55036,47.95859],[24.55242,47.95849],[24.55266,47.95859],[24.55469,47.96012],[24.55607,47.96107],[24.55621,47.96123],[24.55619,47.96206],[24.55642,47.96343],[24.55895,47.96608],[24.56059,47.96719],[24.56255,47.9684],[24.56292,47.96859],[24.56385,47.96858],[24.5643,47.96852],[24.56486,47.96852],[24.56534,47.96854],[24.56561,47.96862],[24.56622,47.96872],[24.56709,47.96888],[24.56817,47.96894],[24.56867,47.96892],[24.56961,47.96881],[24.57038,47.96879],[24.57091,47.9687],[24.57289,47.9682],[24.57367,47.96798],[24.57455,47.96771],[24.57528,47.9675],[24.57592,47.96747],[24.57796,47.96735],[24.57867,47.96721],[24.57934,47.967],[24.58035,47.96657],[24.58128,47.96604],[24.5831,47.96485],[24.58312,47.96381],[24.58322,47.96296],[24.58332,47.96251],[24.58377,47.96131],[24.58414,47.96075],[24.58428,47.96066],[24.58536,47.96032],[24.58595,47.9601],[24.58676,47.95966],[24.58802,47.95879],[24.58918,47.95811],[24.58992,47.95777],[24.59086,47.9573],[24.59157,47.95699],[24.59247,47.95664],[24.59396,47.95582],[24.59461,47.95533],[24.59514,47.9549],[24.5954,47.9546],[24.5956,47.95428],[24.59562,47.95426],[24.59585,47.95357],[24.59706,47.95159],[24.59804,47.95077],[24.59833,47.95041],[24.59851,47.95005],[24.59851,47.94988],[24.59806,47.94879],[24.59775,47.94838],[24.59688,47.9476],[24.5959,47.94699],[24.59702,47.9462],[24.6017,47.94525],[24.6026,47.94644],[24.60428,47.94774],[24.60502,47.94839],[24.60663,47.94937],[24.60758,47.95017],[24.60802,47.95045],[24.60933,47.95096],[24.61077,47.95178],[24.61085,47.9518],[24.61173,47.95168],[24.61316,47.95136],[24.61354,47.95127],[24.61491,47.95075],[24.61741,47.95103],[24.61961,47.95133],[24.62343,47.95178],[24.62736,47.94882],[24.62848,47.94802],[24.63023,47.94415],[24.63009,47.94264],[24.63054,47.94116],[24.63238,47.93982],[24.63113,47.93688],[24.62979,47.93438],[24.63236,47.93345],[24.6366,47.92976],[24.63618,47.92798],[24.6363,47.92666],[24.63579,47.92549],[24.63538,47.92511],[24.63508,47.92452],[24.63734,47.92374],[24.64052,47.92272],[24.64241,47.92224],[24.64541,47.92135],[24.64696,47.92085],[24.64923,47.92006],[24.65168,47.91916],[24.65225,47.91755],[24.65352,47.91452],[24.65389,47.91377],[24.6535,47.91238],[24.65265,47.91068],[24.65841,47.90895],[24.66103,47.90889],[24.66162,47.90759],[24.66392,47.90512],[24.66784,47.90243],[24.66838,47.90061],[24.67001,47.89883],[24.67284,47.89712],[24.67392,47.8964],[24.67351,47.89527],[24.67324,47.8934],[24.67246,47.89255],[24.67168,47.89139],[24.671,47.88967],[24.66974,47.88825],[24.6687,47.88693],[24.66773,47.88613],[24.66735,47.8858],[24.66722,47.88516],[24.66731,47.88504],[24.66763,47.88405],[24.66807,47.88346],[24.66825,47.8825],[24.66827,47.88121],[24.66756,47.87906],[24.66634,47.87722],[24.66592,47.87661],[24.66576,47.87643],[24.6658,47.87561],[24.6663,47.8753],[24.66667,47.87476],[24.66689,47.87428],[24.66726,47.87382],[24.66777,47.87308],[24.66764,47.87269],[24.66746,47.87232],[24.66743,47.87203],[24.66747,47.87155],[24.66871,47.87044],[24.66968,47.86975],[24.67012,47.86832],[24.67053,47.8664],[24.67059,47.86595],[24.67074,47.86546],[24.67266,47.86357],[24.67379,47.86314],[24.67516,47.86281],[24.6762,47.86266],[24.6785,47.86179],[24.68044,47.86115],[24.68247,47.85883],[24.68325,47.85822],[24.68481,47.85748],[24.68643,47.85659],[24.68692,47.8563],[24.6919,47.85614],[24.70232,47.85266],[24.70449,47.85062],[24.70436,47.8466],[24.70452,47.84566],[24.70434,47.84495],[24.70419,47.84298],[24.70527,47.84079],[24.70607,47.83995],[24.70811,47.83995],[24.71512,47.84008],[24.72018,47.83918],[24.7221,47.84057],[24.72376,47.84128],[24.728,47.84099],[24.73449,47.84394],[24.73924,47.84121],[24.73967,47.83898],[24.74075,47.83702],[24.74242,47.83628],[24.74474,47.83534],[24.74589,47.83509],[24.74843,47.83311],[24.75066,47.83139],[24.75282,47.82976],[24.75632,47.83407],[24.75843,47.83715],[24.76186,47.83841],[24.76534,47.83946],[24.76658,47.8391],[24.76988,47.83769],[24.77112,47.83734],[24.77294,47.83719],[24.7742,47.83725],[24.77524,47.83745],[24.77727,47.83751],[24.77825,47.83741],[24.77839,47.83676],[24.77873,47.83565],[24.77904,47.83436],[24.77904,47.83389],[24.779,47.83204],[24.77905,47.83142],[24.77917,47.83104],[24.77942,47.83075],[24.78012,47.83024],[24.78126,47.82966],[24.78203,47.82934],[24.78223,47.82915],[24.7828,47.82797],[24.78275,47.82756],[24.78271,47.82716],[24.78273,47.82682],[24.78285,47.82643],[24.78312,47.82593],[24.78353,47.82541],[24.78411,47.82488],[24.78465,47.82452],[24.78497,47.8245],[24.78588,47.82452],[24.78673,47.82483],[24.78779,47.82499],[24.78906,47.825],[24.79041,47.82503],[24.79177,47.82503],[24.79381,47.82496],[24.79487,47.82497],[24.79691,47.82479],[24.79794,47.82454],[24.79875,47.82422],[24.79988,47.8237],[24.80116,47.82315],[24.80269,47.8227],[24.80445,47.8224],[24.8047,47.82242],[24.80601,47.82291],[24.80644,47.82302],[24.80772,47.82305],[24.80845,47.82317],[24.80979,47.82293],[24.81085,47.82282],[24.81223,47.82286],[24.81303,47.82291],[24.81396,47.82265],[24.81546,47.82228],[24.81711,47.82196],[24.81833,47.82178],[24.82227,47.82138],[24.82511,47.82122],[24.82569,47.82114],[24.82619,47.82099],[24.82654,47.82084],[24.82697,47.8197],[24.82802,47.81858],[24.82812,47.81832],[24.8281,47.81809],[24.82786,47.81787],[24.82724,47.81746],[24.82625,47.81693],[24.82602,47.81672],[24.82529,47.81582],[24.82429,47.81465],[24.82369,47.81383],[24.82301,47.8128],[24.82364,47.81135],[24.82251,47.80871],[24.82153,47.80667],[24.82148,47.80644],[24.82156,47.80618],[24.82167,47.80609],[24.82366,47.80452],[24.82599,47.80257],[24.82744,47.80138],[24.83014,47.79944],[24.83277,47.79806],[24.83352,47.79759],[24.8341,47.79706],[24.83476,47.79631],[24.83531,47.79573],[24.8364,47.79406],[24.83659,47.79358],[24.83668,47.79226],[24.83683,47.79114],[24.83724,47.78889],[24.83735,47.7876],[24.83756,47.78644],[24.83592,47.7819],[24.83634,47.77971],[24.84023,47.77846],[24.84349,47.77735],[24.84469,47.77692],[24.84739,47.7761],[24.85003,47.77533],[24.85117,47.77497],[24.8514,47.77486],[24.85144,47.77471],[24.8518,47.77384],[24.8524,47.77223],[24.85386,47.77141],[24.85495,47.77085],[24.85516,47.76955],[24.85528,47.76892],[24.85548,47.76782],[24.8555,47.76747],[24.8555,47.76707],[24.85537,47.76571],[24.85644,47.76507],[24.85849,47.76397],[24.86019,47.76307],[24.861,47.76268],[24.86187,47.76218],[24.86351,47.76133],[24.86499,47.76052],[24.86659,47.75964],[24.86787,47.75898],[24.86869,47.7584],[24.87029,47.75736],[24.87091,47.75693],[24.87411,47.75511],[24.87588,47.75412],[24.87845,47.75262],[24.87761,47.74876],[24.88063,47.74601],[24.88055,47.74518],[24.88043,47.74413],[24.88028,47.74353],[24.88042,47.74296],[24.88062,47.74181],[24.8809,47.74093],[24.88108,47.74025],[24.88122,47.73934],[24.88132,47.73894],[24.88194,47.73776],[24.88255,47.73672],[24.88306,47.73598],[24.88389,47.73542],[24.88502,47.73489],[24.8853,47.73462],[24.88597,47.73417],[24.88637,47.73396],[24.88654,47.73385],[24.88654,47.73375],[24.88639,47.73344],[24.88613,47.73298],[24.88601,47.73262],[24.8858,47.73157],[24.88559,47.73065],[24.88531,47.72992],[24.88516,47.7295],[24.88496,47.72892],[24.88472,47.72828],[24.88443,47.7276],[24.88392,47.72636],[24.88357,47.72547],[24.88327,47.72486],[24.88313,47.72438],[24.88598,47.72443],[24.88879,47.72456],[24.89174,47.72456],[24.89324,47.72461],[24.8954,47.72466],[24.89978,47.72476],[24.90164,47.72483],[24.9073,47.72542],[24.9123,47.72591],[24.91462,47.72611],[24.91721,47.72634],[24.92025,47.72664],[24.92226,47.72675],[24.92724,47.72732],[24.93173,47.72775],[24.93572,47.72818],[24.94107,47.72867],[24.94655,47.72924],[24.94673,47.71714],[24.9495,47.71555],[24.95012,47.71483],[24.95278,47.71389],[24.95373,47.71331],[24.95452,47.71276],[24.95476,47.71236],[24.95399,47.71083],[24.95388,47.70975],[24.95349,47.70936],[24.95364,47.70855],[24.95298,47.70803],[24.95287,47.7076],[24.9539,47.70702],[24.95396,47.70641],[24.95448,47.70594],[24.95495,47.70576],[24.95577,47.70565],[24.95686,47.70565],[24.95753,47.70583],[24.95821,47.70576],[24.95881,47.70599],[24.95959,47.70566],[24.96053,47.70572],[24.96175,47.70504],[24.96287,47.70451],[24.96347,47.70442],[24.96444,47.70313],[24.96527,47.70238],[24.96609,47.7023],[24.96686,47.70204],[24.96744,47.70153],[24.96804,47.70142],[24.96847,47.70098],[24.96905,47.70094],[24.96946,47.70069],[24.9704,47.70075],[24.9718,47.70049],[24.97304,47.70019],[24.97424,47.69958],[24.97516,47.69887],[24.97579,47.69805],[24.97673,47.69802],[24.97727,47.69765],[24.97849,47.69724],[24.97913,47.69691],[24.9795,47.69646],[24.98035,47.69582],[24.98082,47.69557],[24.9811,47.69545],[24.98145,47.69527],[24.98185,47.69499],[24.98212,47.69478],[24.98216,47.69471],[24.98212,47.69464],[24.98193,47.69447],[24.98176,47.69423],[24.98174,47.69406],[24.98182,47.6939],[24.98189,47.69386],[24.98202,47.69378],[24.98252,47.69357],[24.98278,47.69345],[24.98289,47.69332],[24.98314,47.69294],[24.98327,47.69274],[24.98343,47.6926],[24.98374,47.6924],[24.98424,47.69224],[24.98518,47.69193],[24.98595,47.69167],[24.9864,47.69142],[24.98666,47.69121],[24.98698,47.69094],[24.9874,47.69069],[24.98782,47.69036],[24.98821,47.69014],[24.98858,47.68997],[24.98875,47.68981],[24.98912,47.68956],[24.98939,47.68938],[24.98951,47.68923],[24.98957,47.6891],[24.98964,47.68902],[24.98977,47.68894],[24.98995,47.68889],[24.99015,47.68875],[24.99041,47.6885],[24.99094,47.68814],[24.99104,47.68807],[24.99106,47.68797],[24.99135,47.68777],[24.99146,47.68764],[24.99146,47.68754],[24.99149,47.68742],[24.99161,47.6873],[24.99183,47.68719],[24.99204,47.68714],[24.99221,47.68714],[24.99233,47.687],[24.9923,47.68684],[24.99236,47.6867],[24.99245,47.68649],[24.99271,47.68606],[24.99297,47.68571],[24.99335,47.68547],[24.99376,47.68529],[24.99423,47.68515],[24.99475,47.68498],[24.99504,47.68483],[24.99534,47.68464],[24.99567,47.68436],[24.9957,47.68422],[24.99574,47.68411],[24.99587,47.684],[24.99605,47.68394],[24.99655,47.68388],[24.99686,47.68381],[24.99738,47.68375],[24.99779,47.68371],[24.99794,47.68368],[24.99814,47.68355],[24.99833,47.68342],[24.99859,47.68337],[24.99877,47.68338],[24.99899,47.68338],[24.9993,47.68333],[24.99958,47.68324],[24.9999,47.68317],[25.00033,47.68306],[25.00044,47.683],[25.00055,47.68292],[25.00065,47.68278],[25.00079,47.68252],[25.00084,47.68239],[25.00088,47.68224],[25.00095,47.68214],[25.00107,47.68205],[25.00117,47.68185],[25.00134,47.68163],[25.00159,47.68137],[25.00178,47.68116],[25.00196,47.68094],[25.00213,47.68082],[25.00231,47.68069],[25.00262,47.68045],[25.00282,47.68034],[25.00302,47.68021],[25.00315,47.68005],[25.00329,47.67994],[25.00345,47.67982],[25.00383,47.67962],[25.00441,47.67937],[25.0047,47.67928],[25.0049,47.67921],[25.00507,47.67908],[25.00519,47.67894],[25.00521,47.67886],[25.0052,47.67876],[25.00522,47.67868],[25.00545,47.67846],[25.00562,47.67821],[25.00584,47.67803],[25.00621,47.67775],[25.00676,47.6773],[25.00722,47.67684],[25.00745,47.67664],[25.00781,47.67649],[25.00818,47.67642],[25.00873,47.67639],[25.009,47.67639],[25.00924,47.67633],[25.00939,47.67625],[25.00963,47.67604],[25.00985,47.67586],[25.01047,47.67555],[25.01079,47.67542],[25.01111,47.67533],[25.01168,47.67516],[25.01208,47.67504],[25.01236,47.67499],[25.01256,47.67498],[25.01278,47.67502],[25.01305,47.67516],[25.01337,47.67527],[25.01371,47.67537],[25.01405,47.67542],[25.01436,47.6754],[25.01471,47.67531],[25.0149,47.67521],[25.0151,47.67501],[25.0153,47.67485],[25.0157,47.67469],[25.01591,47.67459],[25.01628,47.67451],[25.01664,47.67449],[25.01693,47.67447],[25.01713,47.67442],[25.0173,47.67432],[25.01742,47.67415],[25.01749,47.6739],[25.01752,47.67371],[25.01754,47.67347],[25.01762,47.6733],[25.01782,47.67309],[25.01828,47.67272],[25.01851,47.67233],[25.01872,47.67189],[25.01881,47.67162],[25.0189,47.67145],[25.01911,47.67119],[25.01928,47.67105],[25.01947,47.67098],[25.01965,47.67092],[25.01977,47.67081],[25.01986,47.67063],[25.01998,47.67038],[25.02,47.67007],[25.02,47.66989],[25.02006,47.66955],[25.02007,47.66929],[25.0201,47.6691],[25.0201,47.66889],[25.02018,47.66875],[25.02033,47.66852],[25.02062,47.66821],[25.02098,47.66772],[25.02107,47.66748],[25.02116,47.66723],[25.02127,47.66689],[25.02128,47.66678],[25.02131,47.66674],[25.0214,47.66671],[25.02156,47.66668],[25.02175,47.66661],[25.02226,47.66637],[25.02257,47.66623],[25.02273,47.66621],[25.02293,47.66626],[25.02311,47.66629],[25.02341,47.66628],[25.02372,47.66628],[25.0241,47.66623],[25.02469,47.66606],[25.02537,47.66589],[25.02574,47.66581],[25.02596,47.6658],[25.02614,47.66583],[25.02634,47.66591],[25.02671,47.66607],[25.02695,47.66616],[25.02715,47.66618],[25.02764,47.66619],[25.02793,47.66614],[25.02847,47.66594],[25.029,47.66568],[25.02929,47.66549],[25.02951,47.66539],[25.0298,47.66537],[25.03044,47.66536],[25.03075,47.66535],[25.031,47.66527],[25.03113,47.66517],[25.03127,47.66505],[25.03152,47.66489],[25.03185,47.6648],[25.03214,47.66476],[25.03243,47.6648],[25.03278,47.66489],[25.0331,47.66492],[25.03352,47.66489],[25.03388,47.66479],[25.03427,47.66464],[25.03453,47.66455],[25.03479,47.66451],[25.03518,47.66452],[25.03556,47.66452],[25.036,47.6645],[25.0363,47.66447],[25.0367,47.66441],[25.03694,47.66435],[25.03724,47.66429],[25.03758,47.66423],[25.03811,47.66411],[25.03834,47.66402],[25.03853,47.66395],[25.0387,47.6639],[25.03887,47.66381],[25.03894,47.66374],[25.03899,47.66362],[25.03901,47.66342],[25.03899,47.66331],[25.03901,47.6632],[25.039,47.66298],[25.03893,47.66283],[25.03888,47.66267],[25.03891,47.66253],[25.039,47.66233],[25.03913,47.66209],[25.03926,47.66193],[25.03939,47.6618],[25.03958,47.66167],[25.03978,47.66153],[25.04003,47.66136],[25.04017,47.66123],[25.04027,47.6611],[25.04041,47.66096],[25.04054,47.66089],[25.04072,47.66084],[25.04094,47.6608],[25.04122,47.66073],[25.04159,47.66061],[25.0421,47.66035],[25.04245,47.66017],[25.04281,47.65994],[25.04317,47.65972],[25.04329,47.65958],[25.04343,47.6595],[25.04377,47.65936],[25.04406,47.65926],[25.0443,47.65923],[25.04455,47.65927],[25.04484,47.65935],[25.0451,47.6594],[25.04529,47.65944],[25.04557,47.65945],[25.04575,47.65943],[25.0459,47.65941],[25.04626,47.6594],[25.0466,47.65939],[25.04698,47.65933],[25.04727,47.65928],[25.04765,47.65929],[25.048,47.65931],[25.04825,47.65933],[25.04835,47.65932],[25.04842,47.6593],[25.04845,47.65926],[25.04847,47.65921],[25.04858,47.65917],[25.04871,47.65916],[25.0488,47.65919],[25.04896,47.65926],[25.04901,47.6593],[25.04902,47.65934],[25.04906,47.65935],[25.04913,47.65933],[25.04923,47.65927],[25.04937,47.65919],[25.04956,47.6591],[25.04994,47.6591],[25.05032,47.65906],[25.05057,47.65905],[25.05085,47.65899],[25.05139,47.65883],[25.05164,47.65871],[25.0518,47.65855],[25.05202,47.65841],[25.05236,47.65823],[25.05262,47.6581],[25.05282,47.65793],[25.05289,47.65782],[25.05297,47.65754],[25.05308,47.65718],[25.05315,47.65692],[25.05319,47.65683],[25.05335,47.65668],[25.05369,47.65646],[25.05407,47.65625],[25.05427,47.65612],[25.0544,47.656],[25.05461,47.65584],[25.05477,47.65567],[25.05488,47.65546],[25.05494,47.65522],[25.05506,47.65494],[25.05528,47.65458],[25.05545,47.6543],[25.05545,47.65416],[25.05532,47.65397],[25.055,47.6537],[25.05456,47.65347],[25.05414,47.6532],[25.05395,47.653],[25.05391,47.6527],[25.05396,47.65231],[25.05403,47.65188],[25.05412,47.65165],[25.05411,47.65142],[25.05399,47.65115],[25.05395,47.65096],[25.05399,47.65077],[25.0542,47.65034],[25.05491,47.64944],[25.0553,47.64896],[25.05575,47.64846],[25.05612,47.64806],[25.05626,47.64787],[25.05629,47.64764],[25.05625,47.64744],[25.05613,47.64728],[25.05591,47.64712],[25.05559,47.64697],[25.05509,47.64687],[25.05462,47.64672],[25.05412,47.64656],[25.05342,47.646],[25.05315,47.64569],[25.05282,47.64515],[25.05274,47.64485],[25.05258,47.64432],[25.0524,47.6439],[25.05236,47.64356],[25.05241,47.64313],[25.05253,47.64252],[25.0526,47.64215],[25.05268,47.64189],[25.05284,47.64159],[25.05306,47.64136],[25.05316,47.64129],[25.05326,47.64128],[25.05356,47.64127],[25.05411,47.6412],[25.0545,47.64113],[25.05477,47.64103],[25.05498,47.64088],[25.05508,47.64076],[25.05509,47.64064],[25.05505,47.6405],[25.05509,47.64035],[25.05521,47.64012],[25.0554,47.63984],[25.05557,47.63949],[25.05573,47.63925],[25.05617,47.63892],[25.05655,47.63864],[25.05672,47.63848],[25.05691,47.63822],[25.05702,47.63803],[25.05704,47.63784],[25.05706,47.63755],[25.05707,47.63716],[25.05697,47.63686],[25.05676,47.63656],[25.05656,47.63627],[25.05618,47.63591],[25.0559,47.63568],[25.05547,47.63543],[25.05523,47.63528],[25.05505,47.63506],[25.05498,47.63488],[25.055,47.63474],[25.05509,47.63458],[25.05525,47.63435],[25.05554,47.63409],[25.05569,47.634],[25.05585,47.63396],[25.05596,47.63389],[25.05609,47.63372],[25.05628,47.63353],[25.05671,47.63323],[25.05696,47.63301],[25.05743,47.63242],[25.05764,47.63202],[25.0577,47.63177],[25.05771,47.63148],[25.05766,47.63107],[25.05768,47.63083],[25.05784,47.6302],[25.05791,47.63007],[25.05805,47.62995],[25.05822,47.62987],[25.0585,47.62973],[25.05888,47.62958],[25.05932,47.62948],[25.06002,47.62929],[25.06033,47.62915],[25.06041,47.62905],[25.06043,47.62893],[25.06037,47.6288],[25.06027,47.62862],[25.06025,47.62845],[25.06028,47.62833],[25.06037,47.62822],[25.06058,47.62805],[25.06085,47.62782],[25.06113,47.62754],[25.06139,47.6273],[25.06155,47.62713],[25.06162,47.62688],[25.06162,47.62659],[25.06167,47.62632],[25.06172,47.62621],[25.0618,47.62613],[25.06195,47.62604],[25.06238,47.6259],[25.06303,47.62573],[25.06377,47.62558],[25.0641,47.62541],[25.06437,47.6252],[25.06466,47.62485],[25.06482,47.62449],[25.0649,47.62417],[25.06517,47.62352],[25.06522,47.62334],[25.0652,47.6232],[25.0651,47.62309],[25.06472,47.62293],[25.06421,47.62258],[25.0638,47.62236],[25.06346,47.6222],[25.06312,47.6219],[25.06295,47.62173],[25.0629,47.62159],[25.06293,47.62146],[25.06302,47.62131],[25.06319,47.62118],[25.06343,47.621],[25.06366,47.62088],[25.0641,47.62079],[25.06437,47.62072],[25.06463,47.62061],[25.06482,47.62047],[25.06492,47.62035],[25.06494,47.62026],[25.06493,47.62013],[25.06488,47.61998],[25.06477,47.61978],[25.06463,47.61961],[25.06457,47.61945],[25.06447,47.6191],[25.06443,47.61864],[25.06437,47.61835],[25.06436,47.6182],[25.06438,47.61814],[25.06444,47.61809],[25.06458,47.61803],[25.06496,47.6179],[25.06521,47.6178],[25.06555,47.61767],[25.06575,47.61755],[25.06589,47.61735],[25.06605,47.6171],[25.06615,47.6169],[25.06633,47.61666],[25.06655,47.61646],[25.06692,47.61609],[25.0672,47.61585],[25.06755,47.61548],[25.06769,47.61533],[25.06806,47.61503],[25.06836,47.61474],[25.06872,47.61438],[25.06894,47.61414],[25.06923,47.6138],[25.06945,47.61349],[25.06951,47.61328],[25.06955,47.61318],[25.06962,47.61308],[25.07002,47.61275],[25.07033,47.61244],[25.07054,47.61221],[25.07079,47.61197],[25.07101,47.61172],[25.07114,47.61156],[25.07137,47.61136],[25.07185,47.61107],[25.07259,47.61074],[25.07323,47.61045],[25.07352,47.61034],[25.07368,47.61024],[25.07382,47.61009],[25.07385,47.61004],[25.07387,47.60997],[25.07383,47.60992],[25.07373,47.60987],[25.07364,47.60982],[25.07355,47.60976],[25.07345,47.60968],[25.07334,47.60964],[25.07319,47.6095],[25.07311,47.60936],[25.07305,47.60915],[25.07301,47.60902],[25.07301,47.6089],[25.07304,47.60879],[25.0732,47.60852],[25.07344,47.60818],[25.07364,47.60794],[25.07388,47.60769],[25.074,47.60748],[25.07401,47.6074],[25.07398,47.60726],[25.07391,47.60711],[25.07383,47.60693],[25.07376,47.60673],[25.07356,47.60637],[25.0733,47.60602],[25.07309,47.60568],[25.07291,47.60548],[25.07268,47.60533],[25.07232,47.60519],[25.07219,47.60511],[25.07213,47.60506],[25.0721,47.60496],[25.0721,47.60488],[25.07216,47.60467],[25.07223,47.60448],[25.0724,47.60425],[25.07266,47.60399],[25.07278,47.60387],[25.07291,47.60368],[25.07293,47.6035],[25.07289,47.60336],[25.07283,47.60328],[25.07272,47.60321],[25.07267,47.60317],[25.07266,47.60311],[25.07276,47.60289],[25.0729,47.60265],[25.07298,47.60253],[25.07303,47.60238],[25.07302,47.60229],[25.07289,47.6021],[25.07274,47.60194],[25.07255,47.60184],[25.07231,47.60178],[25.07208,47.60165],[25.07199,47.60159],[25.07194,47.6015],[25.07185,47.60118],[25.07185,47.601],[25.07186,47.60076],[25.07186,47.60065],[25.07181,47.60052],[25.07177,47.6004],[25.07175,47.60015],[25.07176,47.59957],[25.07175,47.59931],[25.07171,47.59902],[25.07174,47.5988],[25.07175,47.5985],[25.07175,47.59831],[25.07178,47.59817],[25.07193,47.59797],[25.07216,47.59781],[25.07246,47.59771],[25.07282,47.59763],[25.07315,47.59758],[25.07332,47.59748],[25.07337,47.59743],[25.07349,47.59721],[25.07361,47.59696],[25.07367,47.59669],[25.07372,47.59649],[25.07391,47.5962],[25.07399,47.59594],[25.07404,47.59568],[25.07409,47.59559],[25.07423,47.59545],[25.07433,47.59532],[25.07441,47.5952],[25.07441,47.59507],[25.07446,47.59493],[25.07453,47.59482],[25.07473,47.59468],[25.07518,47.59438],[25.07556,47.59411],[25.07587,47.59396],[25.07619,47.59388],[25.07678,47.59374],[25.07688,47.59369],[25.07695,47.59359],[25.07708,47.59332],[25.07716,47.59298],[25.0771,47.59257],[25.07702,47.5922],[25.07687,47.59194],[25.07667,47.59144],[25.07652,47.59106],[25.07632,47.59063],[25.07621,47.59034],[25.07612,47.59017],[25.07613,47.59005],[25.07623,47.58985],[25.07635,47.58964],[25.07664,47.58907],[25.07685,47.58882],[25.07704,47.58862],[25.07727,47.58838],[25.07743,47.58815],[25.07745,47.58808],[25.07745,47.58794],[25.07741,47.58787],[25.07724,47.58778],[25.07704,47.5877],[25.07665,47.5876],[25.07641,47.58746],[25.07611,47.58726],[25.07594,47.58716],[25.07584,47.58707],[25.07576,47.58693],[25.07569,47.58668],[25.0757,47.5865],[25.07575,47.58634],[25.07585,47.58614],[25.07597,47.58597],[25.07618,47.58578],[25.07644,47.58557],[25.07663,47.58541],[25.07674,47.58529],[25.07678,47.58519],[25.07676,47.58508],[25.07666,47.58492],[25.07653,47.58477],[25.0763,47.58465],[25.07586,47.58454],[25.07518,47.58441],[25.07487,47.58435],[25.07453,47.58423],[25.07401,47.58398],[25.0739,47.58391],[25.07384,47.58381],[25.07387,47.58373],[25.07398,47.58365],[25.07418,47.58352],[25.07457,47.58327],[25.07478,47.58319],[25.07492,47.58308],[25.07499,47.58293],[25.07494,47.58264],[25.07481,47.58224],[25.07445,47.58172],[25.07417,47.58122],[25.07406,47.58092],[25.07426,47.57994],[25.07446,47.57919],[25.0746,47.57883],[25.0748,47.57857],[25.07517,47.57828],[25.07545,47.5779],[25.07577,47.57716],[25.07594,47.57671],[25.07622,47.57608],[25.07644,47.5758],[25.07672,47.57519],[25.07676,47.57503],[25.07733,47.57494],[25.07768,47.57481],[25.07828,47.57456],[25.07889,47.57437],[25.07924,47.57431],[25.07944,47.57434],[25.07964,47.57444],[25.07994,47.57461],[25.08029,47.57476],[25.08063,47.57485],[25.08093,47.57497],[25.08124,47.57516],[25.08177,47.57548],[25.08222,47.57564],[25.08243,47.57567],[25.08258,47.57572],[25.08285,47.57586],[25.08326,47.57609],[25.08356,47.57619],[25.08391,47.57622],[25.08428,47.57618],[25.08474,47.57607],[25.08535,47.57589],[25.08577,47.5757],[25.0863,47.5753],[25.08686,47.57477],[25.08753,47.5742],[25.08808,47.57381],[25.08842,47.57353],[25.08866,47.57328],[25.08901,47.57284],[25.08956,47.57222],[25.09009,47.57176],[25.09047,47.57147],[25.0908,47.5713],[25.09127,47.57119],[25.09192,47.57122],[25.09245,47.57132],[25.09301,47.57142],[25.09324,47.57158],[25.09352,47.57171],[25.09399,47.57185],[25.09434,47.57197],[25.09481,47.57208],[25.09529,47.57216],[25.09592,47.57222],[25.09639,47.57237],[25.09748,47.57276],[25.09796,47.57296],[25.09816,47.57308],[25.09836,47.57317],[25.09855,47.57336],[25.09915,47.57418],[25.09934,47.57433],[25.09947,47.57438],[25.0996,47.5744],[25.09975,47.57439],[25.10001,47.57432],[25.10047,47.57418],[25.10132,47.57379],[25.10227,47.57337],[25.10291,47.57315],[25.10383,47.57294],[25.10443,47.57282],[25.1048,47.5727],[25.10525,47.5725],[25.10545,47.57241],[25.1058,47.57217],[25.10628,47.57178],[25.10654,47.57141],[25.1067,47.57114],[25.10683,47.57102],[25.10698,47.57095],[25.10713,47.57091],[25.10726,47.57091],[25.1074,47.57093],[25.10756,47.57097],[25.10768,47.57105],[25.10776,47.57116],[25.10785,47.57131],[25.10816,47.57158],[25.10837,47.57177],[25.10876,47.57214],[25.10895,47.57231],[25.10913,47.57241],[25.10931,47.57244],[25.10949,47.57245],[25.10983,47.57239],[25.11035,47.57228],[25.11086,47.57211],[25.1113,47.57201],[25.11163,47.572],[25.11201,47.57202],[25.11228,47.57208],[25.1125,47.57216],[25.11273,47.57233],[25.11292,47.5725],[25.11311,47.5727],[25.11332,47.57283],[25.11351,47.57287],[25.11408,47.5729],[25.1154,47.5729],[25.11625,47.57292],[25.11665,47.57296],[25.11699,47.57302],[25.11726,47.57311],[25.1176,47.57321],[25.11793,47.57326],[25.11973,47.57336],[25.12025,47.57334],[25.12045,47.57328],[25.12058,47.57321],[25.12065,47.57312],[25.12066,47.57294],[25.12061,47.5723],[25.12058,47.57191],[25.1206,47.5717],[25.12069,47.57149],[25.12087,47.57126],[25.12115,47.57108],[25.12154,47.57094],[25.12219,47.5707],[25.12257,47.57056],[25.12292,47.57052],[25.12359,47.57057],[25.12406,47.57079],[25.12452,47.57119],[25.12485,47.57143],[25.1251,47.57154],[25.12545,47.5716],[25.12573,47.57162],[25.12599,47.57155],[25.12682,47.57125],[25.12767,47.57095],[25.12781,47.57087],[25.12789,47.57077],[25.12803,47.57054],[25.12812,47.57011],[25.12821,47.56998],[25.12838,47.5698],[25.12865,47.56963],[25.12891,47.5695],[25.12932,47.56932],[25.12963,47.56921],[25.12989,47.56915],[25.13022,47.56909],[25.13061,47.56902],[25.1317,47.56889],[25.13205,47.56883],[25.13252,47.56875],[25.13309,47.56867],[25.13368,47.56846],[25.13427,47.56826],[25.13489,47.56808],[25.13565,47.56791],[25.13614,47.56782],[25.13658,47.56776],[25.1371,47.56767],[25.13759,47.56755],[25.13808,47.5674],[25.13828,47.56731],[25.13857,47.56721],[25.13884,47.56716],[25.1393,47.56705],[25.13968,47.56692],[25.14003,47.56681],[25.14043,47.56667],[25.141,47.5666],[25.14144,47.56654],[25.14182,47.5665],[25.14226,47.56646],[25.14277,47.56635],[25.1432,47.56615],[25.14355,47.566],[25.1438,47.56587],[25.1442,47.56569],[25.14478,47.56537],[25.14539,47.56508],[25.14602,47.56479],[25.1465,47.56458],[25.14693,47.56442],[25.14752,47.56415],[25.14793,47.56395],[25.14831,47.56378],[25.14876,47.56363],[25.14947,47.56345],[25.15029,47.56325],[25.15101,47.56306],[25.15157,47.56284],[25.15222,47.56242],[25.15277,47.56195],[25.15332,47.56145],[25.15393,47.56101],[25.15456,47.56062],[25.15517,47.5603],[25.15605,47.55969],[25.1565,47.5594],[25.15693,47.55907],[25.15759,47.55852],[25.15796,47.55821],[25.15847,47.55775],[25.15871,47.55749],[25.15882,47.55728],[25.15882,47.55706],[25.15873,47.55663],[25.1585,47.55591],[25.15837,47.55551],[25.15829,47.55526],[25.15829,47.55501],[25.15828,47.55462],[25.15823,47.55432],[25.15816,47.55407],[25.15797,47.55387],[25.15777,47.5537],[25.15753,47.55357],[25.15675,47.55245],[25.15641,47.55205],[25.15623,47.55175],[25.1562,47.55148],[25.15628,47.5513],[25.15659,47.5511],[25.15804,47.55073],[25.15877,47.55061],[25.16007,47.55035],[25.16043,47.55048],[25.1609,47.55046],[25.16196,47.55035],[25.16279,47.55027],[25.16395,47.55034],[25.16542,47.55064],[25.16616,47.55073],[25.16672,47.55071],[25.16718,47.55057],[25.16752,47.55028],[25.16769,47.54995],[25.16783,47.54945],[25.16791,47.54881],[25.16792,47.54839],[25.16792,47.54782],[25.16789,47.54727],[25.1678,47.54679],[25.16777,47.54625],[25.16779,47.54577],[25.16786,47.54528],[25.16807,47.54413],[25.16816,47.54357],[25.16834,47.54274],[25.16846,47.54215],[25.16866,47.54176],[25.16914,47.54145],[25.16972,47.54127],[25.17038,47.54112],[25.17082,47.54112],[25.17136,47.54114],[25.17218,47.54131],[25.17262,47.54155],[25.17304,47.54168],[25.17331,47.54168],[25.17362,47.54122],[25.17391,47.54074],[25.17417,47.54026],[25.17444,47.53951],[25.17445,47.53897],[25.17461,47.53855],[25.17491,47.53812],[25.17518,47.53771],[25.17564,47.53735],[25.17613,47.53709],[25.17675,47.53682],[25.17752,47.53632],[25.17843,47.53592],[25.17988,47.53538],[25.18046,47.53513],[25.18079,47.53477],[25.1809,47.53436],[25.18104,47.53367],[25.18122,47.53331],[25.18152,47.53304],[25.18196,47.53281],[25.18251,47.53271],[25.18313,47.53263],[25.18367,47.53268],[25.18443,47.53287],[25.18506,47.53297],[25.18556,47.53295],[25.18531,47.53285],[25.18511,47.53269],[25.18492,47.53251],[25.18479,47.53243],[25.1846,47.53238],[25.18434,47.53231],[25.18399,47.53217],[25.18372,47.53203],[25.18356,47.53188],[25.18352,47.53175],[25.18349,47.5314],[25.18344,47.53126],[25.18327,47.53112],[25.18294,47.53094],[25.18265,47.53078],[25.18211,47.52982],[25.18183,47.52918],[25.18148,47.52849],[25.18095,47.52825],[25.18029,47.52771],[25.18028,47.52708],[25.17984,47.52652],[25.17946,47.52633],[25.17914,47.52605],[25.1785,47.52553],[25.17767,47.52513],[25.17723,47.52485],[25.17638,47.52482],[25.17533,47.52441],[25.1738,47.52395],[25.17259,47.5235],[25.17189,47.52316],[25.17144,47.52282],[25.17113,47.52267],[25.17113,47.52242],[25.17082,47.52216],[25.17053,47.52225],[25.16982,47.52204],[25.16972,47.52225],[25.16952,47.52223],[25.16939,47.52202],[25.16935,47.52178],[25.16838,47.52128],[25.16719,47.52057],[25.16619,47.5195],[25.16547,47.51875],[25.16564,47.51811],[25.16516,47.51743],[25.16514,47.51689],[25.1636,47.51541],[25.16344,47.5151],[25.16366,47.51481],[25.16396,47.51436],[25.16417,47.51377],[25.16416,47.5132],[25.16404,47.51283],[25.1633,47.51183],[25.16311,47.51129],[25.16313,47.51078],[25.16283,47.51037],[25.16285,47.50987],[25.16226,47.50877],[25.16196,47.50827],[25.16192,47.50787],[25.16154,47.50745],[25.16132,47.50687],[25.1613,47.50617],[25.16086,47.50499],[25.16023,47.50401],[25.15916,47.50344],[25.15878,47.50305],[25.15869,47.50275],[25.15909,47.50177],[25.15876,47.50133],[25.15835,47.50105],[25.15822,47.50066],[25.15858,47.49981],[25.15816,47.49888],[25.15679,47.49754],[25.15542,47.49698],[25.15465,47.49669],[25.1541,47.49599],[25.15323,47.49548],[25.15132,47.49465],[25.15076,47.4943],[25.14993,47.49403],[25.14905,47.4936],[25.14842,47.49202],[25.14774,47.49112],[25.14761,47.49022],[25.14669,47.48889],[25.14583,47.48841],[25.14512,47.48706],[25.14418,47.4859],[25.14396,47.48474],[25.14327,47.48366],[25.14162,47.48331],[25.14124,47.48283],[25.14061,47.48261],[25.14038,47.48137],[25.13964,47.48085],[25.13898,47.4807],[25.13899,47.48045],[25.13882,47.47991],[25.13846,47.47943],[25.13884,47.47864],[25.14081,47.47722],[25.14107,47.47667],[25.14163,47.47572],[25.14199,47.47472],[25.14296,47.4734],[25.1429,47.47255],[25.14341,47.4721],[25.14365,47.46904],[25.14449,47.46619],[25.14537,47.46529],[25.15198,47.45808],[25.15998,47.45778],[25.16202,47.45669],[25.16631,47.4535],[25.16747,47.45208],[25.16848,47.44931],[25.17017,47.44713],[25.17041,47.44595],[25.17088,47.44526],[25.17587,47.44271],[25.17705,47.4415],[25.17769,47.44133],[25.1782,47.44055],[25.1791,47.44008],[25.17933,47.43976],[25.18047,47.43925],[25.18124,47.43912],[25.18287,47.4382],[25.18343,47.43699],[25.18416,47.43645],[25.18453,47.43566],[25.18431,47.43553],[25.18401,47.43445],[25.18431,47.4341],[25.18375,47.4335],[25.18395,47.43324],[25.1839,47.43259],[25.18429,47.43224],[25.18425,47.43159],[25.18358,47.43029],[25.184,47.42926],[25.18506,47.42758],[25.18444,47.42645],[25.18466,47.426],[25.18446,47.42497],[25.18503,47.42417],[25.18405,47.42285],[25.18443,47.42181],[25.1842,47.42127],[25.18419,47.42078],[25.18433,47.42044],[25.18404,47.42014],[25.18391,47.41936],[25.18359,47.41877],[25.18375,47.41841],[25.18346,47.41807],[25.18384,47.4177],[25.18526,47.41739],[25.18675,47.41729],[25.18731,47.41739],[25.18829,47.41726],[25.18897,47.41678],[25.18899,47.41631],[25.18952,47.41607],[25.18956,47.41541],[25.18933,47.41463],[25.1895,47.41435],[25.19016,47.41386],[25.19226,47.41291],[25.19286,47.4122],[25.19347,47.41188],[25.19451,47.41075],[25.19502,47.4096],[25.1955,47.40897],[25.19547,47.40819],[25.19507,47.40788],[25.19538,47.40718],[25.19488,47.40666],[25.19483,47.40626],[25.19434,47.40606],[25.1939,47.40473],[25.19423,47.40433],[25.19427,47.40378],[25.19396,47.40333],[25.19312,47.40321],[25.19324,47.4026],[25.1925,47.40227],[25.1921,47.40255],[25.19178,47.40228],[25.19166,47.40148],[25.19111,47.40154],[25.19082,47.40141],[25.19075,47.40023],[25.19108,47.39976],[25.19061,47.39962],[25.19012,47.39975],[25.18962,47.39952],[25.18962,47.39921],[25.18984,47.399],[25.18968,47.39874],[25.19028,47.39826],[25.19015,47.39754],[25.19036,47.3973],[25.18993,47.39682],[25.18997,47.39584],[25.19036,47.39518],[25.19029,47.39461],[25.18972,47.39411],[25.18895,47.39405],[25.18864,47.39316],[25.18816,47.39297],[25.18769,47.3925],[25.18677,47.39219],[25.18599,47.39221],[25.18538,47.39122],[25.18589,47.39099],[25.18592,47.39074],[25.18499,47.39019],[25.18489,47.38942],[25.18458,47.38894],[25.18396,47.38845],[25.18313,47.38834],[25.18283,47.38796],[25.18409,47.38683],[25.18408,47.38583],[25.18371,47.38536],[25.18394,47.38472],[25.18332,47.38451],[25.18304,47.38414],[25.1831,47.38375],[25.18354,47.38326],[25.18372,47.38228],[25.1833,47.38131],[25.18337,47.38057],[25.18317,47.38031],[25.18316,47.37995],[25.18384,47.37885],[25.1839,47.37835],[25.18355,47.37759],[25.18419,47.37693],[25.185,47.37562],[25.18492,47.3752],[25.18402,47.37496],[25.18404,47.37441],[25.18449,47.374],[25.18445,47.37366],[25.18396,47.37346],[25.18395,47.37294],[25.18488,47.37163],[25.18498,47.37103],[25.18474,47.37043],[25.18473,47.36987],[25.18439,47.36956],[25.18404,47.36952],[25.18366,47.36966],[25.18331,47.36943],[25.18311,47.36898],[25.18284,47.36918],[25.1828,47.36986],[25.18193,47.37019],[25.18114,47.36997],[25.1811,47.36939],[25.18072,47.36889],[25.1804,47.36903],[25.17973,47.36869],[25.17854,47.36843],[25.17732,47.36841],[25.17541,47.36912],[25.17455,47.36904],[25.17383,47.3692],[25.17311,47.3697],[25.17154,47.36979],[25.17149,47.37018],[25.17094,47.37056],[25.17049,47.37057],[25.16984,47.37094],[25.16984,47.37113],[25.17018,47.37137],[25.1699,47.37182],[25.16874,47.37215],[25.16766,47.37223],[25.16733,47.37205],[25.16661,47.37205],[25.16623,47.37227],[25.1662,47.37247],[25.1657,47.37299],[25.16508,47.37295],[25.16395,47.37222],[25.16252,47.3715],[25.16223,47.37093],[25.16188,47.37066],[25.16171,47.37072],[25.1617,47.37106],[25.16101,47.37189],[25.15918,47.37199],[25.15876,47.37163],[25.15872,47.37114],[25.15828,47.37069],[25.15826,47.37043],[25.15776,47.37031],[25.15605,47.37037],[25.15449,47.37022],[25.15411,47.36962],[25.15293,47.36931],[25.15178,47.36855],[25.15093,47.36886],[25.15089,47.36918],[25.15005,47.3695],[25.14976,47.3693],[25.1491,47.36929],[25.14841,47.36913],[25.14796,47.36882],[25.14739,47.36897],[25.14674,47.36851],[25.14672,47.36824],[25.14614,47.36771],[25.14397,47.36793],[25.14335,47.36806],[25.14261,47.3676],[25.1422,47.3675],[25.1419,47.36767],[25.14156,47.3675],[25.14172,47.36713],[25.14157,47.36679],[25.14192,47.36634],[25.14164,47.36596],[25.14056,47.36556],[25.14016,47.36564],[25.14039,47.36606],[25.14018,47.36663],[25.13968,47.36717],[25.13923,47.36707],[25.13916,47.36673],[25.13934,47.36636],[25.13899,47.36586],[25.13866,47.36527],[25.13829,47.36514],[25.13791,47.36524],[25.1367,47.36478],[25.13586,47.36489],[25.13522,47.36474],[25.13454,47.36491],[25.13307,47.36498],[25.13171,47.36551],[25.12941,47.3655],[25.12765,47.36426],[25.12613,47.36418],[25.12583,47.36429],[25.12607,47.36455],[25.12574,47.36487],[25.12495,47.36488],[25.12352,47.36399],[25.12234,47.36379],[25.12139,47.36339],[25.12033,47.36248],[25.11997,47.36248],[25.1197,47.36293],[25.11913,47.3633],[25.11844,47.36328],[25.11748,47.36292],[25.11665,47.36234],[25.11614,47.36228],[25.11555,47.36197],[25.11544,47.36226],[25.11511,47.3624],[25.11398,47.36226],[25.11371,47.36237],[25.11368,47.36283],[25.11351,47.36304],[25.11347,47.36331],[25.11173,47.36312],[25.11062,47.36242],[25.10864,47.36186],[25.1081,47.36149],[25.10734,47.36147],[25.10655,47.3612],[25.10597,47.36125],[25.10547,47.36109],[25.10479,47.36106],[25.1047,47.36158],[25.10411,47.36205],[25.10333,47.36227],[25.10226,47.36184],[25.10096,47.36187],[25.09964,47.36162],[25.09905,47.36178],[25.09853,47.36218],[25.09791,47.3622],[25.09763,47.36203],[25.09817,47.36169],[25.09832,47.36095],[25.09797,47.3609],[25.09782,47.36123],[25.09734,47.36128],[25.09712,47.36098],[25.09708,47.36051],[25.09668,47.36038],[25.09653,47.3607],[25.09552,47.36013],[25.09572,47.35977],[25.09616,47.35944],[25.09613,47.35894],[25.09564,47.35921],[25.09498,47.3587],[25.09505,47.35828],[25.09451,47.35797],[25.09388,47.35809],[25.09325,47.35774],[25.0935,47.35671],[25.09318,47.35655],[25.09316,47.35566],[25.09243,47.35531],[25.09267,47.354],[25.09316,47.35329],[25.09245,47.35303],[25.09273,47.35237],[25.0917,47.3524],[25.09157,47.35111],[25.09222,47.35086],[25.09189,47.3507],[25.09124,47.35079],[25.09104,47.35093],[25.09066,47.35084],[25.09049,47.35059],[25.09001,47.35045],[25.08981,47.35013],[25.08934,47.35009],[25.08911,47.35029],[25.08876,47.35027],[25.08805,47.34931],[25.08776,47.34928],[25.08746,47.34892],[25.08618,47.34848],[25.08572,47.34814],[25.0838,47.34755],[25.08338,47.34752],[25.08195,47.34698],[25.0816,47.34672],[25.08125,47.34672],[25.08074,47.34654],[25.07992,47.3466],[25.07953,47.34628],[25.07868,47.34606],[25.07795,47.34561],[25.07773,47.34465],[25.07735,47.34463],[25.07728,47.34436],[25.07767,47.34394],[25.07717,47.34361],[25.07723,47.34278],[25.07661,47.34268],[25.07656,47.34248],[25.07679,47.34231],[25.07664,47.34211],[25.077,47.34188],[25.07673,47.34169],[25.07671,47.34142],[25.07706,47.34124],[25.07678,47.341],[25.07679,47.34047],[25.07621,47.34041],[25.07589,47.33923],[25.07617,47.33853],[25.07563,47.3381],[25.07507,47.33742],[25.07504,47.33711],[25.07455,47.33661],[25.07373,47.33645],[25.07327,47.33597],[25.07215,47.33575],[25.07268,47.33529],[25.07294,47.33527],[25.07297,47.33508],[25.07265,47.33489],[25.07272,47.33466],[25.07333,47.3344],[25.0734,47.33418],[25.07296,47.33395],[25.07289,47.33296],[25.07319,47.33253],[25.07277,47.33182],[25.07306,47.33139],[25.0726,47.33094],[25.07218,47.32989],[25.07319,47.32924],[25.07335,47.32905],[25.0738,47.32887],[25.07344,47.32871],[25.07327,47.32841],[25.07374,47.32817],[25.07448,47.32817],[25.07539,47.32754],[25.07627,47.32738],[25.07591,47.32675],[25.07687,47.32621],[25.0764,47.32604],[25.07619,47.32518],[25.07496,47.3245],[25.07537,47.32396],[25.07488,47.32338],[25.07477,47.32267],[25.07535,47.32268],[25.07501,47.322],[25.07589,47.32149],[25.07552,47.32139],[25.07614,47.32077],[25.07578,47.31983],[25.07659,47.3191],[25.07689,47.31848],[25.07765,47.31817],[25.07782,47.31765],[25.07737,47.31752],[25.07758,47.31724],[25.07805,47.3173],[25.07827,47.31709],[25.07797,47.31692],[25.07917,47.31612],[25.08018,47.31606],[25.08001,47.31571],[25.07934,47.31545],[25.07966,47.31506],[25.0788,47.31484],[25.07838,47.31448],[25.07855,47.31389],[25.07749,47.31162],[25.07644,47.31117],[25.07599,47.31138],[25.07486,47.31088],[25.07385,47.31126],[25.07305,47.31119],[25.07297,47.31087],[25.07179,47.31113],[25.07149,47.31069],[25.07117,47.31113],[25.07031,47.31094],[25.07001,47.31052],[25.06958,47.31081],[25.06906,47.31056],[25.06893,47.3102],[25.06859,47.31045],[25.06782,47.31021],[25.06765,47.30989],[25.06702,47.31011],[25.06677,47.30972],[25.06644,47.30982],[25.06552,47.30959],[25.06501,47.30998],[25.06486,47.30953],[25.06387,47.30981],[25.06305,47.30959],[25.06245,47.30982],[25.06187,47.30982],[25.06142,47.30994],[25.06099,47.30967],[25.06124,47.30928],[25.06062,47.30903],[25.06033,47.30869],[25.06027,47.30826],[25.05926,47.30775],[25.05947,47.30711],[25.05934,47.30643],[25.05944,47.30604],[25.05888,47.30515],[25.0583,47.30489],[25.05761,47.30481],[25.05721,47.30486],[25.05706,47.30467],[25.05663,47.30454],[25.05635,47.30465],[25.05515,47.3043],[25.0549,47.30404],[25.05425,47.30393],[25.05402,47.30404],[25.05356,47.30385],[25.05279,47.30386],[25.05209,47.30362],[25.05154,47.30382],[25.05122,47.30412],[25.0505,47.30414],[25.05012,47.30403],[25.04977,47.30414],[25.04899,47.30393],[25.04787,47.30408],[25.04673,47.30354],[25.04645,47.3033],[25.04653,47.30275],[25.04764,47.30273],[25.04733,47.30246],[25.04655,47.3024],[25.04616,47.30214],[25.0463,47.30177],[25.04575,47.30152],[25.04533,47.30068],[25.04545,47.30054],[25.04486,47.30019],[25.04485,47.29996],[25.04374,47.29966],[25.04219,47.29862],[25.04173,47.29803],[25.04114,47.2976],[25.04065,47.29728],[25.03944,47.29666],[25.03923,47.29629],[25.03869,47.29627],[25.03852,47.29596],[25.03808,47.29563],[25.03772,47.29555],[25.03687,47.29509],[25.03675,47.2948],[25.03603,47.29425],[25.03347,47.2928],[25.03312,47.29224],[25.03275,47.29186],[25.0326,47.29151],[25.03187,47.29104],[25.03152,47.29037],[25.03107,47.28993],[25.02872,47.28712],[25.03143,47.28568],[25.03203,47.28457],[25.03248,47.28403],[25.03385,47.28364],[25.03548,47.28354],[25.03728,47.28365],[25.05157,47.27022],[25.05376,47.2686],[25.05591,47.26696],[25.05748,47.26566],[25.05878,47.26442],[25.06065,47.26345],[25.06357,47.26221],[25.06554,47.26119],[25.0675,47.26056],[25.07159,47.25879],[25.08265,47.25407],[25.0876,47.25159],[25.08883,47.25043],[25.09018,47.25118],[25.09893,47.2455],[25.10672,47.24166],[25.11264,47.23864],[25.12854,47.23067],[25.13138,47.23203],[25.13226,47.23268],[25.1358,47.23391],[25.13878,47.23448],[25.15758,47.2336],[25.17326,47.23327],[25.17341,47.23248],[25.17429,47.23195],[25.17451,47.23077],[25.17493,47.23045],[25.17491,47.2298],[25.17418,47.22908],[25.17414,47.22828],[25.17433,47.2278],[25.17412,47.22709],[25.1744,47.22614],[25.17442,47.22511],[25.17481,47.22468],[25.17605,47.22419],[25.17751,47.22248],[25.18013,47.22019],[25.18142,47.21877],[25.18131,47.2175],[25.18193,47.21674],[25.18187,47.21588],[25.18275,47.21489],[25.18322,47.21342],[25.18311,47.21308],[25.18375,47.21189],[25.18549,47.21122],[25.18678,47.21023],[25.1888,47.21002],[25.19008,47.20894],[25.19163,47.20832],[25.193,47.20734],[25.19826,47.20499],[25.25104,47.18108],[25.29774,47.16007],[25.35885,47.17735],[25.42236,47.18248],[25.42683,47.16929],[25.43343,47.16391],[25.44657,47.15319],[25.45069,47.15389],[25.4579,47.15505],[25.47403,47.15389],[25.50785,47.13112],[25.53223,47.13065],[25.55935,47.11056],[25.58819,47.10846],[25.59986,47.11477],[25.60089,47.13229],[25.63831,47.11453],[25.6596,47.09233],[25.73616,47.07386],[25.74371,47.05773],[25.74097,47.05352],[25.76878,47.0355],[25.77255,47.02696],[25.76843,47.0183],[25.77187,47.01268],[25.77856,47.00952],[25.78972,46.99688],[25.79161,46.98084],[25.80173,46.96737],[25.80603,46.96538],[25.81856,46.9758],[25.81658,46.97838],[25.81856,46.97926],[25.82508,46.97328],[25.82714,46.97416],[25.83075,46.96954],[25.83272,46.96749],[25.83186,46.96602],[25.83246,46.96514],[25.83521,46.96532],[25.83658,46.96356],[25.83873,46.96344],[25.8383,46.96174],[25.83967,46.96051],[25.83941,46.95928],[25.84087,46.95805],[25.83993,46.95559],[25.84182,46.95325],[25.84156,46.94792],[25.84482,46.94112],[25.85212,46.93151],[25.85452,46.92411],[25.86233,46.92401],[25.86542,46.92131],[25.87177,46.92072],[25.87795,46.92178],[25.88018,46.91897],[25.88345,46.91803],[25.88224,46.9131],[25.88671,46.91087],[25.89306,46.90208],[25.89821,46.90009],[25.90044,46.8975],[25.91022,46.89399],[25.91572,46.89445],[25.92241,46.88413],[25.93014,46.88167],[25.9425,46.86688],[25.94799,46.8697],[25.96361,46.87357],[25.96979,46.86219],[25.97048,46.85174],[25.977,46.84751],[25.98095,46.84094],[25.98249,46.83201],[25.98146,46.82955],[25.97614,46.82908],[25.97855,46.82379],[25.98473,46.82039],[25.98644,46.81639],[25.99176,46.81404],[25.99382,46.81075],[26.00327,46.80347],[25.99863,46.79994],[26.0,46.79501],[25.99794,46.79172],[26.00121,46.78302],[26.00687,46.78337],[26.02713,46.77573],[26.03468,46.77491],[26.03004,46.76868],[26.04052,46.76186],[26.04189,46.75903],[26.04687,46.75633],[26.04515,46.75421],[26.04773,46.74527],[26.04687,46.74351],[26.04807,46.74139],[26.06129,46.73327],[26.06215,46.72974],[26.06558,46.72386],[26.0697,46.72398],[26.06729,46.72186],[26.09974,46.71645],[26.10437,46.71421],[26.1054,46.71138],[26.10798,46.70938],[26.10849,46.7042],[26.11536,46.69726],[26.11656,46.68996],[26.11776,46.68478],[26.1212,46.6856],[26.1236,46.68537],[26.12394,46.68313],[26.12188,46.68148],[26.12223,46.67547],[26.12429,46.67429],[26.12549,46.67182],[26.13064,46.67029],[26.13029,46.66817],[26.13939,46.6657],[26.13991,46.66039],[26.1478,46.65698],[26.14849,46.65415],[26.15278,46.64908],[26.15072,46.64661],[26.15948,46.64154],[26.15793,46.638],[26.16102,46.63376],[26.16051,46.63176],[26.16377,46.62633],[26.16257,46.62421],[26.16411,46.62244],[26.16274,46.62044],[26.16411,46.61254],[26.16617,46.60971],[26.16669,46.60464],[26.16394,46.60086],[26.15879,46.59933],[26.14746,46.59591],[26.1466,46.59225],[26.14111,46.59143],[26.14111,46.5886],[26.13905,46.58518],[26.13785,46.57491],[26.1351,46.57267],[26.13527,46.57019],[26.13115,46.56807],[26.12926,46.56122],[26.12308,46.55414],[26.10386,46.55626],[26.09768,46.55367],[26.09287,46.55272],[26.08704,46.54871],[26.08498,46.54162],[26.07674,46.53808],[26.0685,46.53312],[26.05751,46.52911],[26.06129,46.52556],[26.0733,46.52533],[26.0812,46.51115],[26.07468,46.48539],[26.09013,46.48114],[26.09219,46.4731],[26.11175,46.46908],[26.10476,46.44581],[26.10678,46.44519],[26.10931,46.44244],[26.11223,46.44203],[26.11476,46.44182],[26.11738,46.44022],[26.12004,46.43786],[26.12205,46.43827],[26.12266,46.4375],[26.12905,46.43552],[26.13171,46.43395],[26.13493,46.43546],[26.13798,46.43395],[26.13944,46.43466],[26.14334,46.43422],[26.14514,46.43605],[26.14626,46.43502],[26.14969,46.43585],[26.1524,46.4349],[26.15373,46.43667],[26.16171,46.44212],[26.16394,46.44215],[26.16604,46.44377],[26.16518,46.44501],[26.1666,46.44767],[26.16969,46.44915],[26.17265,46.44939],[26.17407,46.45051],[26.176,46.44963],[26.17694,46.45105],[26.1796,46.45078],[26.18016,46.45214],[26.18136,46.45178],[26.18201,46.45208],[26.1833,46.45232],[26.18433,46.45264],[26.18681,46.45252],[26.18857,46.45338],[26.19012,46.45238],[26.19291,46.45314],[26.19394,46.45167],[26.19596,46.45229],[26.19746,46.4506],[26.19935,46.45196],[26.20188,46.4514],[26.20359,46.4522],[26.20613,46.45066],[26.21346,46.45445],[26.21552,46.45424],[26.21844,46.45681],[26.22093,46.4582],[26.22183,46.45365],[26.22089,46.4506],[26.22325,46.44765],[26.22248,46.44087],[26.21819,46.43573],[26.21428,46.43487],[26.21338,46.43256],[26.21149,46.43144],[26.20561,46.42469],[26.20707,46.42106],[26.20724,46.41751],[26.21342,46.41283],[26.21552,46.41058],[26.21428,46.40943],[26.22213,46.40354],[26.22724,46.39617],[26.23703,46.392],[26.24033,46.39185],[26.24042,46.39342],[26.24136,46.39365],[26.24252,46.39232],[26.24857,46.3962],[26.25162,46.39407],[26.25282,46.39395],[26.25501,46.39667],[26.25672,46.39502],[26.25913,46.39543],[26.26067,46.39729],[26.26286,46.39824],[26.26338,46.39685],[26.26642,46.39626],[26.26921,46.39774],[26.27003,46.397],[26.27479,46.38726],[26.2696,46.38244],[26.2675,46.37722],[26.26986,46.37592],[26.27458,46.3766],[26.27634,46.37518],[26.28363,46.37722],[26.28827,46.37509],[26.28878,46.37382],[26.29342,46.37056],[26.29264,46.36769],[26.28462,46.36393],[26.28397,46.36049],[26.28191,46.35818],[26.2841,46.35498],[26.28372,46.34515],[26.28462,46.34145],[26.28084,46.33869],[26.28419,46.33798],[26.28754,46.33798],[26.29299,46.33481],[26.29221,46.33078],[26.2887,46.32773],[26.28839,46.32358],[26.28389,46.321],[26.28402,46.31824],[26.28084,46.31383],[26.28149,46.31208],[26.28033,46.30547],[26.27719,46.30431],[26.27908,46.30238],[26.27865,46.29933],[26.27239,46.29681],[26.2711,46.29183],[26.27367,46.29091],[26.2747,46.2886],[26.27376,46.28682],[26.26908,46.28738],[26.26827,46.28575],[26.26488,46.2821],[26.26252,46.28166],[26.26312,46.28014],[26.25325,46.2778],[26.25441,46.27386],[26.25299,46.27127],[26.25466,46.26964],[26.25273,46.26825],[26.25385,46.26641],[26.25694,46.26596],[26.25814,46.26421],[26.25797,46.26122],[26.26037,46.25816],[26.26338,46.25763],[26.26453,46.25561],[26.26166,46.25516],[26.26041,46.25419],[26.25981,46.25181],[26.2587,46.24985],[26.2626,46.24887],[26.26153,46.24763],[26.26335,46.24644],[26.27316,46.24635],[26.28299,46.24555],[26.29964,46.24181],[26.30513,46.23944],[26.31376,46.24104],[26.31406,46.23958],[26.32363,46.23807],[26.32298,46.2321],[26.32595,46.23059],[26.32916,46.22373],[26.33135,46.22234],[26.33307,46.21729],[26.33676,46.21554],[26.33672,46.21283],[26.33805,46.21132],[26.34079,46.20092],[26.34521,46.20146],[26.34826,46.20279],[26.3565,46.20496],[26.36066,46.20152],[26.3623,46.2022],[26.36375,46.20155],[26.37114,46.20274],[26.37796,46.20164],[26.38792,46.20214],[26.38955,46.20143],[26.39182,46.20202],[26.40328,46.19264],[26.40813,46.19275],[26.41199,46.19183],[26.42105,46.19246],[26.4207,46.19085],[26.4171,46.19023],[26.41774,46.18904],[26.41461,46.18675],[26.41233,46.18655],[26.41319,46.18447],[26.41152,46.18351],[26.41118,46.17983],[26.40972,46.17846],[26.40882,46.17531],[26.40452,46.1721],[26.40354,46.16794],[26.40688,46.16485],[26.40847,46.16447],[26.41019,46.15986],[26.40766,46.15813],[26.4074,46.15629],[26.40165,46.15531],[26.3965,46.15162],[26.39822,46.14978],[26.41246,46.15501],[26.4189,46.15564],[26.42019,46.16155],[26.42697,46.16426],[26.43044,46.16491],[26.43178,46.16655],[26.43456,46.16794],[26.43959,46.16574],[26.44001,46.16393],[26.44611,46.1603],[26.44632,46.15599],[26.44916,46.15296],[26.4483,46.15109],[26.45031,46.14945],[26.45448,46.14877],[26.461,46.1502],[26.46358,46.14859],[26.46954,46.14779],[26.4716,46.14386],[26.47727,46.14128],[26.47855,46.13896],[26.48512,46.137],[26.48593,46.13575],[26.49117,46.13381],[26.49447,46.13378],[26.49812,46.12281],[26.5004,46.11894],[26.49821,46.10984],[26.49975,46.10561],[26.49559,46.10198],[26.49516,46.08954],[26.49928,46.08597],[26.50061,46.07704],[26.50284,46.0746],[26.50383,46.07019],[26.49619,46.06671],[26.49254,46.06028],[26.49649,46.05885],[26.49314,46.04622],[26.48718,46.04145],[26.48705,46.03669],[26.48387,46.0341],[26.4843,46.02918],[26.49186,46.0223],[26.48962,46.01878],[26.49031,46.01535],[26.4852,46.01279],[26.48456,46.00939],[26.47645,46.0037],[26.46834,46.00325],[26.46782,46.00021],[26.47061,45.99666],[26.46847,45.99231],[26.46636,45.99043],[26.45971,45.98805],[26.45667,45.98569],[26.45542,45.97609],[26.46572,45.95521],[26.46538,45.94041],[26.45645,45.9342],[26.44993,45.91629],[26.44993,45.90602],[26.44272,45.88738],[26.41594,45.86372],[26.38946,45.84985],[26.38088,45.8375],[26.32393,45.7486],[26.29921,45.73039],[26.26865,45.73135],[26.22436,45.73997],[26.19312,45.71481],[26.16634,45.72632],[26.03142,45.74956],[25.87933,45.75147],[25.83332,45.76429],[25.80723,45.76046],[25.78834,45.76393],[25.78766,45.76752],[25.76706,45.78405],[25.67368,45.83909],[25.65514,45.88583],[25.5724,45.91808],[25.55523,45.93074],[25.54871,45.96666],[25.57548,46.00889],[25.55351,46.05703],[25.4258,46.09562],[25.37224,46.09847],[25.34958,46.11751],[25.30357,46.13322],[25.20538,46.21215],[25.05853,46.2446],[25.00622,46.26349],[25.00508,46.27838],[24.92338,46.31938],[24.78436,46.34401],[24.77338,46.36561],[24.72743,46.3765],[24.69267,46.39598],[24.61529,46.40151],[24.61475,46.41646],[24.57499,46.4166],[24.48613,46.43922],[24.45218,46.47722],[24.34708,46.57114],[24.33472,46.79442],[24.35943,46.83671],[24.15756,46.87146],[24.04495,46.86864],[24.01474,46.83389],[23.909,46.79536],[23.83484,46.7328],[23.71399,46.74645],[23.50937,46.70032],[22.87079,46.83859],[22.71835,46.81416],[22.57416,46.84235],[22.41073,46.99899],[22.20886,47.03504],[22.06673,47.00648],[22.05986,46.97229],[21.99051,46.95401],[21.93283,46.95823],[21.83121,46.92682],[21.69937,46.79489],[21.52896,46.73227],[21.52877,46.7325]]]},"properties":{"geometry_id":"geom-territoire-ro-transylvanie-nord-1945-01-01","date_validite":"1945-01-01","statut":"provisoire_ohm","sources":[{"source_id":"src-openhistoricalmap","locator":"relation 2877966 — Kingdom of Romania 1945-03-09 → 1947","usage":"tracé de la frontière"},{"source_id":"src-openhistoricalmap","locator":"relation 2693256 — Kingdom of Romania 1940-1941","usage":"tracé de la frontière"},{"source_id":"src-natural-earth-10m","locator":"ne_10m_land + ne_10m_minor_islands","usage":"trait de côte"}],"method":"extraction_ohm_puis_decoupage_trait_de_cote","operations":["Roumanie de mars 1945 − Roumanie de septembre 1940","morceaux > 1 000 km²"],"precision":"frontières terrestres : celles d’OHM ; côtes : Natural Earth 1:10m (~1 km)","zone_incertitude_km":null,"surface_km2":42347,"logiciel":"Python — Shapely/GEOS, SciPy","script":"outils/geo/deriver_snapshot0_lot04.py","date_creation":"2026-09-29","auteur":"Claude","licence":"CC0 (OpenHistoricalMap) ; Natural Earth : domaine public","licences_segments":[],"points_a_verifier":["PROPOSITION de Claude : au 01/01/1945, arbitrage de Vienne annulé par l'armistice (art. 19) mais retour à l'administration roumaine seulement le 09/03/1945 ; administration militaire soviétique depuis novembre 1944 (à sourcer)."]}}