{"type":"Feature","geometry":{"type":"MultiPolygon","coordinates":[[[[-6.26685,54.10122],[-6.26989,54.09793],[-6.20702,54.06171],[-6.1914,54.05695],[-6.18432,54.05378],[-6.16991,54.03962],[-6.16381,54.03644],[-6.14249,54.03522],[-6.13386,54.03335],[-6.12654,54.03022],[-6.10729,54.01362],[-6.11099,54.00129],[-6.14354,53.97842],[-6.16076,53.97443],[-6.18554,53.97972],[-6.2091,53.98859],[-6.22277,53.99543],[-6.23705,53.99384],[-6.30704,54.01187],[-6.35985,54.01602],[-6.35985,54.00849],[-6.34781,54.00361],[-6.35387,53.99421],[-6.36628,53.98102],[-6.37296,53.96442],[-6.37828,53.93488],[-6.37898,53.9169],[-6.37296,53.89932],[-6.35082,53.88141],[-6.31729,53.87108],[-6.24324,53.86514],[-6.24324,53.85765],[-6.25402,53.83991],[-6.25499,53.82221],[-6.24498,53.80687],[-6.22277,53.79629],[-6.24328,53.78254],[-6.24844,53.75576],[-6.2458,53.72964],[-6.24132,53.68561],[-6.23644,53.67084],[-6.22989,53.65656],[-6.22277,53.64606],[-6.21304,53.64057],[-6.19799,53.63447],[-6.18708,53.63007],[-6.16979,53.60566],[-6.14249,53.59447],[-6.11246,53.58576],[-6.0924,53.57713],[-6.08446,53.56802],[-6.0773,53.55463],[-6.07494,53.53974],[-6.08153,53.52595],[-6.0985,53.50971],[-6.10314,53.50316],[-6.10546,53.49518],[-6.11278,53.48672],[-6.12442,53.46857],[-6.13337,53.46109],[-6.14086,53.47114],[-6.15836,53.47285],[-6.17862,53.46865],[-6.19481,53.46109],[-6.13061,53.44261],[-6.1258,53.43159],[-6.12222,53.41987],[-6.1129,53.41266],[-6.11644,53.40949],[-6.12296,53.40217],[-6.12654,53.39899],[-6.11026,53.39403],[-6.06908,53.39252],[-6.05085,53.3854],[-6.062,53.36738],[-6.07461,53.36689],[-6.08821,53.37397],[-6.10237,53.37848],[-6.10644,53.38081],[-6.11889,53.39057],[-6.12279,53.39277],[-6.13231,53.39159],[-6.14977,53.38654],[-6.15697,53.3854],[-6.21532,53.35806],[-6.21817,53.34715],[-6.21133,53.33869],[-6.18798,53.32392],[-6.16836,53.30634],[-6.15518,53.29938],[-6.12711,53.2954],[-6.11661,53.29027],[-6.10912,53.28913],[-6.09699,53.28555],[-6.09699,53.27757],[-6.10216,53.26935],[-6.10546,53.2652],[-6.10656,53.24315],[-6.10489,53.22944],[-6.09923,53.21467],[-6.08894,53.20409],[-6.08869,53.2038],[-6.07698,53.19522],[-6.07103,53.18427],[-6.07811,53.1662],[-6.06469,53.15436],[-6.03038,53.11103],[-6.03209,53.10724],[-6.0327,53.10663],[-6.03368,53.10668],[-6.0371,53.1048],[-6.03246,53.08845],[-6.0338,53.06415],[-6.03942,53.04035],[-6.04743,53.02534],[-6.05162,53.00926],[-6.03848,52.9938],[-5.99657,52.96491],[-5.99352,52.95742],[-6.00646,52.95401],[-6.01183,52.94965],[-6.02184,52.93089],[-6.02697,52.92666],[-6.03795,52.91966],[-6.07193,52.87202],[-6.06444,52.86457],[-6.10729,52.83979],[-6.11905,52.83047],[-6.13012,52.81598],[-6.15388,52.76838],[-6.14786,52.74616],[-6.15103,52.74156],[-6.16845,52.71678],[-6.21532,52.66596],[-6.22057,52.64728],[-6.21947,52.63231],[-6.2091,52.60391],[-6.20645,52.58853],[-6.2091,52.54584],[-6.22224,52.52839],[-6.28295,52.46711],[-6.30101,52.45368],[-6.31774,52.44794],[-6.33324,52.43464],[-6.35619,52.409],[-6.36555,52.3935],[-6.3662,52.37523],[-6.36437,52.35782],[-6.36612,52.34443],[-6.37304,52.352],[-6.38097,52.35676],[-6.39004,52.35883],[-6.44807,52.3559],[-6.46886,52.36001],[-6.46296,52.378],[-6.47203,52.37592],[-6.4807,52.37299],[-6.48876,52.36913],[-6.49649,52.36433],[-6.49649,52.3581],[-6.48144,52.35464],[-6.46752,52.34687],[-6.45613,52.33584],[-6.44864,52.3227],[-6.45499,52.31224],[-6.42374,52.30793],[-6.41454,52.29975],[-6.40917,52.28925],[-6.39688,52.29808],[-6.37296,52.3227],[-6.37296,52.31647],[-6.38976,52.2956],[-6.36978,52.27261],[-6.31835,52.24079],[-6.34703,52.19725],[-6.35985,52.18618],[-6.36986,52.18],[-6.37706,52.17821],[-6.38659,52.17935],[-6.39949,52.18549],[-6.39733,52.19066],[-6.39,52.1953],[-6.38097,52.20759],[-6.38231,52.21198],[-6.39403,52.21284],[-6.40005,52.21092],[-6.40876,52.20319],[-6.42089,52.19672],[-6.42268,52.19477],[-6.42561,52.19379],[-6.46911,52.19359],[-6.46911,52.19977],[-6.44864,52.19977],[-6.46231,52.20718],[-6.47256,52.20698],[-6.48965,52.19977],[-6.53747,52.19359],[-6.57974,52.17821],[-6.59716,52.17959],[-6.62312,52.19672],[-6.64143,52.20279],[-6.71557,52.21662],[-6.78629,52.21003],[-6.80557,52.21284],[-6.80557,52.22036],[-6.79044,52.22443],[-6.77599,52.23322],[-6.76586,52.24575],[-6.76403,52.2613],[-6.77599,52.25088],[-6.79296,52.24042],[-6.81265,52.2353],[-6.83226,52.24079],[-6.8391,52.23457],[-6.838,52.22655],[-6.83654,52.22333],[-6.83641,52.2202],[-6.8391,52.21284],[-6.82828,52.2176],[-6.82478,52.22036],[-6.81859,52.22036],[-6.82185,52.20571],[-6.82494,52.19994],[-6.83226,52.19359],[-6.82543,52.19318],[-6.81859,52.19359],[-6.81859,52.18618],[-6.82193,52.18578],[-6.82893,52.18626],[-6.83226,52.18618],[-6.82478,52.17935],[-6.89708,52.15205],[-6.90722,52.14558],[-6.91857,52.133],[-6.93212,52.12466],[-6.94896,52.13093],[-6.93977,52.14321],[-6.92789,52.14981],[-6.91519,52.15485],[-6.90392,52.1623],[-6.90372,52.17219],[-6.92101,52.21284],[-6.92675,52.21971],[-6.93668,52.22907],[-6.94831,52.23725],[-6.95885,52.24079],[-6.97012,52.24738],[-6.98473,52.27863],[-6.99739,52.28921],[-6.9945,52.27753],[-6.99185,52.26679],[-6.99059,52.26166],[-6.9899,52.25165],[-6.98681,52.24689],[-6.97289,52.23021],[-6.96947,52.22036],[-6.98229,52.19562],[-6.97997,52.18594],[-6.95515,52.18618],[-6.95515,52.17935],[-6.97102,52.17129],[-6.99987,52.14672],[-7.0172,52.13837],[-7.03946,52.1352],[-7.08458,52.13435],[-7.10603,52.13093],[-7.10009,52.14216],[-7.07185,52.16572],[-7.0939,52.17178],[-7.10635,52.173],[-7.12023,52.17194],[-7.12023,52.16572],[-7.11449,52.16279],[-7.11168,52.15973],[-7.10953,52.15632],[-7.10603,52.15205],[-7.11644,52.15314],[-7.1293,52.15778],[-7.13732,52.15888],[-7.14965,52.15632],[-7.15636,52.15046],[-7.161,52.14362],[-7.16747,52.13837],[-7.18737,52.13276],[-7.20596,52.13276],[-7.24376,52.13837],[-7.43546,52.12568],[-7.5043,52.10269],[-7.54141,52.0974],[-7.54621,52.09492],[-7.54996,52.08975],[-7.55529,52.08491],[-7.5653,52.08373],[-7.57226,52.08759],[-7.57649,52.09463],[-7.57942,52.10126],[-7.58263,52.10423],[-7.59997,52.10102],[-7.61901,52.09223],[-7.63109,52.07905],[-7.62735,52.06269],[-7.61758,52.07022],[-7.60216,52.07168],[-7.58389,52.06859],[-7.55411,52.06025],[-7.54678,52.05927],[-7.54516,52.055],[-7.55101,52.04279],[-7.58263,52.02851],[-7.58641,51.99811],[-7.58992,51.99116],[-7.59826,51.98908],[-7.60827,51.98794],[-7.61653,51.98383],[-7.63541,51.97675],[-7.68847,51.98037],[-7.7093,51.97386],[-7.71764,51.95991],[-7.7174,51.94961],[-7.7233,51.94457],[-7.82934,51.95344],[-7.83243,51.95759],[-7.83406,51.96674],[-7.83849,51.9759],[-7.84984,51.98013],[-7.8518,51.97712],[-7.85302,51.97516],[-7.85416,51.95136],[-7.85668,51.94286],[-7.86986,51.92951],[-7.88427,51.91909],[-7.90119,51.91266],[-7.92223,51.91181],[-7.89265,51.89484],[-7.88061,51.892],[-7.89147,51.8819],[-7.91417,51.8758],[-7.95572,51.87018],[-8.00817,51.85578],[-8.02306,51.84357],[-8.00414,51.8299],[-8.02058,51.82392],[-8.0961,51.81411],[-8.13419,51.80476],[-8.19717,51.80093],[-8.22476,51.80256],[-8.2362,51.80207],[-8.2462,51.80272],[-8.25056,51.8063],[-8.24795,51.81342],[-8.2412,51.81855],[-8.23241,51.82201],[-8.22326,51.82368],[-8.22549,51.8273],[-8.23009,51.83674],[-8.21565,51.83845],[-8.20165,51.84199],[-8.18822,51.84797],[-8.1754,51.85716],[-8.18163,51.85932],[-8.18684,51.86176],[-8.1931,51.86367],[-8.20279,51.864],[-8.1953,51.87702],[-8.1905,51.88109],[-8.18224,51.88451],[-8.18708,51.89313],[-8.19376,51.89541],[-8.20153,51.89216],[-8.21019,51.88451],[-8.22326,51.89008],[-8.24356,51.89289],[-8.28466,51.892],[-8.28466,51.89814],[-8.2932,51.90331],[-8.31037,51.90082],[-8.32885,51.89541],[-8.3474,51.892],[-8.3885,51.89346],[-8.40884,51.89179],[-8.42935,51.88451],[-8.39607,51.87678],[-8.35416,51.87299],[-8.32925,51.86131],[-8.3474,51.8299],[-8.30988,51.8321],[-8.29833,51.8299],[-8.29833,51.82368],[-8.30517,51.82368],[-8.30517,51.81623],[-8.2963,51.81159],[-8.2921,51.81],[-8.30651,51.80785],[-8.31306,51.80561],[-8.31949,51.80256],[-8.28466,51.80256],[-8.30199,51.78587],[-8.30517,51.78213],[-8.30378,51.7766],[-8.29963,51.77172],[-8.29735,51.76602],[-8.30175,51.7582],[-8.33479,51.73526],[-8.34569,51.72468],[-8.37255,51.71552],[-8.41002,51.70978],[-8.42243,51.70405],[-8.43554,51.69269],[-8.44176,51.70392],[-8.4558,51.71231],[-8.47191,51.71625],[-8.48396,51.71381],[-8.46923,51.70661],[-8.46418,51.69501],[-8.46898,51.68407],[-8.48396,51.67841],[-8.49112,51.69868],[-8.51244,51.70604],[-8.55842,51.70637],[-8.55842,51.70014],[-8.54833,51.69636],[-8.52798,51.69501],[-8.51749,51.69269],[-8.50817,51.6992],[-8.50211,51.70034],[-8.49755,51.69269],[-8.49962,51.68696],[-8.5065,51.68244],[-8.51488,51.67951],[-8.52115,51.67841],[-8.53649,51.65473],[-8.53917,51.64838],[-8.5382,51.6374],[-8.53356,51.6223],[-8.53173,51.61078],[-8.54442,51.61791],[-8.5587,51.63801],[-8.57266,51.64496],[-8.5891,51.6459],[-8.63817,51.63744],[-8.75764,51.64496],[-8.74328,51.6352],[-8.72655,51.63133],[-8.69001,51.63129],[-8.69001,51.62385],[-8.6966,51.621],[-8.70295,51.61701],[-8.68253,51.61078],[-8.69347,51.60468],[-8.69978,51.59723],[-8.70079,51.58812],[-8.69616,51.57665],[-8.734,51.57978],[-8.74279,51.57563],[-8.75007,51.57941],[-8.75707,51.58601],[-8.76513,51.59028],[-8.80199,51.59028],[-8.81257,51.59195],[-8.82022,51.59463],[-8.82665,51.59516],[-8.83336,51.59028],[-8.85387,51.59593],[-8.86803,51.58446],[-8.87853,51.56721],[-8.88801,51.55557],[-8.92333,51.54816],[-8.92894,51.54597],[-8.93318,51.53535],[-8.94205,51.53775],[-8.95055,51.54507],[-8.9532,51.54938],[-8.95995,51.55142],[-8.97989,51.5607],[-8.99112,51.56297],[-9.0028,51.56216],[-9.01769,51.55683],[-9.07287,51.54938],[-9.08568,51.55219],[-9.10814,51.56086],[-9.12076,51.56297],[-9.12076,51.55557],[-9.11632,51.5541],[-9.10774,51.54938],[-9.11571,51.53791],[-9.12816,51.52928],[-9.1433,51.52387],[-9.1586,51.52204],[-9.18456,51.52619],[-9.19253,51.5246],[-9.18961,51.51459],[-9.18961,51.50837],[-9.20397,51.508],[-9.21085,51.50169],[-9.21573,51.49348],[-9.22378,51.48729],[-9.23473,51.48648],[-9.24376,51.48933],[-9.25304,51.49116],[-9.26476,51.48729],[-9.26537,51.49413],[-9.26749,51.49885],[-9.27009,51.503],[-9.27213,51.50837],[-9.29947,51.4975],[-9.30175,51.48871],[-9.30744,51.48729],[-9.3153,51.48762],[-9.32372,51.48383],[-9.33532,51.477],[-9.34923,51.47403],[-9.38142,51.47362],[-9.36994,51.47858],[-9.36071,51.48383],[-9.35314,51.49087],[-9.34667,51.50092],[-9.36116,51.49457],[-9.37291,51.49128],[-9.37686,51.49462],[-9.36779,51.50837],[-9.35709,51.51716],[-9.33239,51.52766],[-9.31994,51.53506],[-9.32291,51.53734],[-9.32413,51.53803],[-9.32506,51.53913],[-9.32746,51.54255],[-9.33581,51.53726],[-9.36779,51.52509],[-9.37169,51.51935],[-9.38109,51.5124],[-9.40184,51.50092],[-9.41389,51.51114],[-9.41259,51.5207],[-9.40587,51.53172],[-9.40184,51.54597],[-9.40884,51.55219],[-9.42504,51.55756],[-9.44327,51.55952],[-9.45653,51.55557],[-9.44799,51.54365],[-9.47655,51.53506],[-9.54748,51.52529],[-9.55138,51.52123],[-9.5528,51.51146],[-9.5563,51.50812],[-9.57388,51.50898],[-9.58072,51.50837],[-9.59996,51.49689],[-9.61132,51.49384],[-9.62841,51.49409],[-9.62963,51.50406],[-9.64184,51.5152],[-9.65591,51.52017],[-9.66267,51.51146],[-9.71719,51.48041],[-9.71081,51.47598],[-9.70808,51.47456],[-9.70352,51.47362],[-9.77184,51.45311],[-9.76895,51.4643],[-9.77794,51.46223],[-9.80663,51.4457],[-9.81339,51.45311],[-9.82022,51.4457],[-9.81892,51.45848],[-9.81701,51.46312],[-9.81339,51.46743],[-9.81339,51.47362],[-9.82217,51.47541],[-9.82632,51.47773],[-9.83389,51.48729],[-9.812,51.49152],[-9.79381,51.49966],[-9.75817,51.52204],[-9.74006,51.52977],[-9.70499,51.53571],[-9.68309,51.54255],[-9.6654,51.55158],[-9.62165,51.58283],[-9.60277,51.59199],[-9.56676,51.60228],[-9.54589,51.61078],[-9.59203,51.61371],[-9.78502,51.55248],[-9.84752,51.54938],[-9.80529,51.56672],[-9.79605,51.56924],[-9.78637,51.57347],[-9.77929,51.58283],[-9.77033,51.59223],[-9.73119,51.6009],[-9.60798,51.6424],[-9.59455,51.6555],[-9.56188,51.65815],[-9.52473,51.67032],[-9.4879,51.67573],[-9.45861,51.68399],[-9.45653,51.70014],[-9.45177,51.70498],[-9.44742,51.71088],[-9.44294,51.71381],[-9.44294,51.72004],[-9.45726,51.7246],[-9.47281,51.71882],[-9.48982,51.71455],[-9.51281,51.7259],[-9.52147,51.72553],[-9.52546,51.72687],[-9.52644,51.73078],[-9.52453,51.74339],[-9.52546,51.7473],[-9.53173,51.75153],[-9.54027,51.75593],[-9.55012,51.75951],[-9.56021,51.76162],[-9.5559,51.74868],[-9.55728,51.73945],[-9.55663,51.7309],[-9.54589,51.72004],[-9.56607,51.7167],[-9.57966,51.7106],[-9.60733,51.69269],[-9.62682,51.68505],[-9.64806,51.68081],[-9.71349,51.67646],[-9.74795,51.66743],[-9.87414,51.65619],[-9.91535,51.6446],[-9.93008,51.63744],[-9.93187,51.63471],[-9.93212,51.63105],[-9.93293,51.62727],[-9.93635,51.62385],[-9.94188,51.62132],[-10.00475,51.60855],[-10.0288,51.5965],[-10.04027,51.59764],[-10.05993,51.60277],[-10.07006,51.60395],[-10.11612,51.60029],[-10.13866,51.5939],[-10.15608,51.58283],[-10.16283,51.59028],[-10.15526,51.59382],[-10.15323,51.59931],[-10.1527,51.60541],[-10.14924,51.61078],[-10.1433,51.61359],[-10.07506,51.62539],[-10.0598,51.63129],[-10.0598,51.63569],[-10.06103,51.63666],[-10.06347,51.63646],[-10.06664,51.63744],[-10.06265,51.64985],[-10.07067,51.65705],[-10.08532,51.6599],[-10.10082,51.65925],[-10.08812,51.67162],[-10.0664,51.67438],[-10.02575,51.67227],[-10.00377,51.67805],[-9.95686,51.70637],[-9.95686,51.71381],[-9.99779,51.71381],[-9.9807,51.73188],[-9.94937,51.74702],[-9.91491,51.75755],[-9.88854,51.76162],[-9.89167,51.75702],[-9.89704,51.74673],[-9.90225,51.74116],[-9.88451,51.74339],[-9.86791,51.7486],[-9.85652,51.75861],[-9.8544,51.77529],[-9.8413,51.76972],[-9.8238,51.76781],[-9.78551,51.7685],[-9.78551,51.77529],[-9.79336,51.77619],[-9.81339,51.78213],[-9.81339,51.78827],[-9.79988,51.79377],[-9.77432,51.8122],[-9.75451,51.81908],[-9.74291,51.83246],[-9.73766,51.83674],[-9.72985,51.83804],[-9.70352,51.83674],[-9.67105,51.843],[-9.61254,51.86351],[-9.58072,51.87018],[-9.58072,51.87767],[-9.65315,51.87177],[-9.75805,51.84699],[-9.77717,51.83975],[-9.78551,51.83332],[-9.79174,51.82681],[-9.8247,51.82685],[-9.84008,51.82368],[-9.83389,51.81623],[-9.86384,51.80427],[-9.87487,51.80256],[-9.87271,51.80732],[-9.86994,51.81867],[-9.86803,51.82368],[-9.88219,51.82368],[-9.89049,51.81957],[-9.89611,51.81411],[-9.90225,51.81],[-9.91422,51.80732],[-9.9383,51.805],[-9.94994,51.80256],[-9.99364,51.78095],[-10.01675,51.77464],[-10.03938,51.78213],[-10.05944,51.7687],[-10.08454,51.75593],[-10.1112,51.74604],[-10.13561,51.74116],[-10.12975,51.75434],[-10.22435,51.78213],[-10.18615,51.78962],[-10.17707,51.81367],[-10.1942,51.8391],[-10.23461,51.85102],[-10.24608,51.84561],[-10.27123,51.82168],[-10.28262,51.81623],[-10.29475,51.8124],[-10.32575,51.79418],[-10.34105,51.78827],[-10.34659,51.80109],[-10.33471,51.83027],[-10.34105,51.84357],[-10.3557,51.84561],[-10.37589,51.84443],[-10.3889,51.84618],[-10.38195,51.85716],[-10.38248,51.86196],[-10.38484,51.86335],[-10.38736,51.86343],[-10.38878,51.864],[-10.38671,51.86774],[-10.38463,51.87018],[-10.3828,51.87287],[-10.38195,51.87767],[-10.38537,51.878],[-10.39224,51.87751],[-10.39562,51.87767],[-10.39562,51.88451],[-10.36266,51.88719],[-10.27961,51.90559],[-10.2622,51.90559],[-10.25414,51.90868],[-10.25089,51.91551],[-10.25158,51.92235],[-10.25503,51.92548],[-10.26919,51.93081],[-10.27782,51.94196],[-10.28799,51.95185],[-10.30687,51.95344],[-10.30687,51.95962],[-10.29532,51.96426],[-10.27058,51.96971],[-10.25845,51.97386],[-10.26623,51.98847],[-10.24543,51.99506],[-10.21736,51.99893],[-10.1918,52.00983],[-10.12816,52.02851],[-10.03327,52.04108],[-9.99267,52.05589],[-9.97106,52.08991],[-9.96361,52.08991],[-9.96373,52.07197],[-9.95434,52.06415],[-9.94034,52.06232],[-9.92638,52.06269],[-9.9296,52.07193],[-9.90844,52.13093],[-9.87751,52.11953],[-9.84618,52.11856],[-9.77184,52.1247],[-9.77892,52.12857],[-9.78751,52.1354],[-9.79296,52.13837],[-9.75817,52.15205],[-9.95686,52.14521],[-9.94376,52.1247],[-9.95006,52.11323],[-9.95466,52.10879],[-9.9606,52.12494],[-9.97033,52.13166],[-9.98351,52.13589],[-9.99779,52.13837],[-10.02807,52.13963],[-10.16242,52.11872],[-10.18627,52.10944],[-10.19713,52.11542],[-10.20702,52.12507],[-10.21752,52.13093],[-10.2279,52.1284],[-10.23461,52.12238],[-10.24206,52.11978],[-10.26773,52.13581],[-10.27892,52.13638],[-10.30687,52.13093],[-10.30687,52.1247],[-10.29699,52.12474],[-10.28856,52.12324],[-10.27208,52.11791],[-10.27208,52.11172],[-10.29743,52.11441],[-10.34488,52.12466],[-10.36832,52.1247],[-10.36742,52.11799],[-10.36437,52.11489],[-10.35407,52.11172],[-10.37572,52.11127],[-10.41527,52.09968],[-10.43659,52.0974],[-10.46076,52.10301],[-10.46752,52.11514],[-10.46931,52.13202],[-10.47818,52.15205],[-10.46947,52.1551],[-10.45092,52.16572],[-10.45092,52.17194],[-10.46129,52.18],[-10.4497,52.18891],[-10.42821,52.19636],[-10.40929,52.19977],[-10.41666,52.18618],[-10.3946,52.17479],[-10.38207,52.17194],[-10.37206,52.1756],[-10.36925,52.18366],[-10.37267,52.19062],[-10.37316,52.19782],[-10.36148,52.20669],[-10.37157,52.21158],[-10.3758,52.21284],[-10.36657,52.22822],[-10.35473,52.23224],[-10.33975,52.23188],[-10.32055,52.23457],[-10.30899,52.24189],[-10.28698,52.26362],[-10.27579,52.26813],[-10.17186,52.28681],[-10.15608,52.27863],[-10.1682,52.24067],[-10.16625,52.23457],[-10.10082,52.24079],[-10.07144,52.25129],[-10.04491,52.26927],[-10.03604,52.29035],[-10.0598,52.30964],[-10.02477,52.31013],[-10.01354,52.30634],[-10.0183,52.29605],[-10.01358,52.28148],[-10.01281,52.26586],[-10.00878,52.25336],[-9.99437,52.24824],[-9.97814,52.24641],[-9.9475,52.23762],[-9.91369,52.23306],[-9.87222,52.23265],[-9.85806,52.2377],[-9.83723,52.2543],[-9.82559,52.25825],[-9.81339,52.25507],[-9.82022,52.25194],[-9.82649,52.24824],[-9.81005,52.24213],[-9.73766,52.24824],[-9.75341,52.25829],[-9.76765,52.26097],[-9.79918,52.2613],[-9.83178,52.27265],[-9.84679,52.27497],[-9.86189,52.26813],[-9.86937,52.27314],[-9.87491,52.27924],[-9.87877,52.28681],[-9.88109,52.29605],[-9.86897,52.28876],[-9.85961,52.28473],[-9.84923,52.28473],[-9.83389,52.28921],[-9.84679,52.29389],[-9.85334,52.2954],[-9.86189,52.29605],[-9.86189,52.30345],[-9.85192,52.30366],[-9.82649,52.30964],[-9.83764,52.3264],[-9.83446,52.37523],[-9.85098,52.38544],[-9.90372,52.39155],[-9.93175,52.39985],[-9.94994,52.4121],[-9.93497,52.42154],[-9.91588,52.4256],[-9.84838,52.42841],[-9.74893,52.45673],[-9.73559,52.46361],[-9.72061,52.47724],[-9.70352,52.48355],[-9.6774,52.48314],[-9.65136,52.47895],[-9.63463,52.47358],[-9.63878,52.48713],[-9.6505,52.49384],[-9.66637,52.4958],[-9.68309,52.49462],[-9.67732,52.4997],[-9.6752,52.50483],[-9.67711,52.51008],[-9.68309,52.51512],[-9.68309,52.52196],[-9.67492,52.52802],[-9.67321,52.53388],[-9.67565,52.54584],[-9.67195,52.55292],[-9.64831,52.57038],[-9.64281,52.56733],[-9.63646,52.57014],[-9.62853,52.57477],[-9.61791,52.57722],[-9.57697,52.57038],[-9.49747,52.57038],[-9.48961,52.56818],[-9.48034,52.56379],[-9.47033,52.56184],[-9.46028,52.56664],[-9.45295,52.57319],[-9.44652,52.57624],[-9.43839,52.57713],[-9.36254,52.57543],[-9.35871,52.57534],[-9.35041,52.5738],[-9.33585,52.57803],[-9.27213,52.57722],[-9.23648,52.58161],[-9.22029,52.5856],[-9.20669,52.59431],[-9.19237,52.60049],[-9.07063,52.62417],[-9.0524,52.63182],[-9.04418,52.62084],[-9.02595,52.61835],[-9.0056,52.62084],[-8.99112,52.62499],[-8.98526,52.63068],[-8.97899,52.63988],[-8.97102,52.64851],[-8.95995,52.65229],[-8.78498,52.66596],[-8.75117,52.67296],[-8.76936,52.67316],[-8.83446,52.68915],[-8.8675,52.69331],[-8.93269,52.68708],[-8.9497,52.68891],[-8.96085,52.69367],[-8.96207,52.70002],[-8.94937,52.70694],[-8.94937,52.71377],[-8.95352,52.7224],[-8.95206,52.73432],[-8.9545,52.7447],[-8.96988,52.74848],[-8.96142,52.75654],[-8.95031,52.76952],[-8.94262,52.77521],[-8.9689,52.77082],[-9.00023,52.76044],[-9.02359,52.74714],[-9.02579,52.73428],[-9.05822,52.69676],[-9.1468,52.62376],[-9.16576,52.61758],[-9.25479,52.6114],[-9.25992,52.60859],[-9.27579,52.5952],[-9.2858,52.59081],[-9.29809,52.58975],[-9.3107,52.59064],[-9.32274,52.59345],[-9.33308,52.59772],[-9.31713,52.60643],[-9.29524,52.6153],[-9.27868,52.62572],[-9.27896,52.63931],[-9.31062,52.62727],[-9.38366,52.6131],[-9.43448,52.61201],[-9.45617,52.61445],[-9.47545,52.61957],[-9.4838,52.6284],[-9.49071,52.6341],[-9.52489,52.63703],[-9.53844,52.64545],[-9.53327,52.66096],[-9.54418,52.66665],[-9.58072,52.66596],[-9.58072,52.65913],[-9.57136,52.65713],[-9.56339,52.65306],[-9.557,52.64704],[-9.5528,52.63931],[-9.62841,52.61758],[-9.67272,52.61164],[-9.69441,52.60562],[-9.70352,52.59431],[-9.70686,52.58023],[-9.71451,52.5786],[-9.72362,52.58226],[-9.73082,52.58405],[-9.75748,52.57197],[-9.93635,52.55671],[-9.93635,52.56293],[-9.9182,52.5681],[-9.87564,52.58682],[-9.82409,52.59516],[-9.62165,52.71377],[-9.62426,52.71748],[-9.62841,52.72744],[-9.61754,52.73062],[-9.60318,52.73774],[-9.59366,52.74103],[-9.58072,52.74335],[-9.54939,52.74103],[-9.5382,52.74226],[-9.51952,52.7473],[-9.50837,52.74848],[-9.49865,52.75251],[-9.49462,52.76203],[-9.49132,52.77334],[-9.4838,52.78266],[-9.48917,52.78681],[-9.48933,52.78734],[-9.48668,52.78876],[-9.4838,52.79572],[-9.49128,52.80317],[-9.48062,52.80683],[-9.4698,52.81318],[-9.45946,52.82136],[-9.45035,52.83047],[-9.44449,52.83934],[-9.4414,52.84715],[-9.43749,52.85346],[-9.42919,52.85773],[-9.42919,52.86457],[-9.42748,52.87775],[-9.3653,52.91413],[-9.35407,52.9335],[-9.37287,52.93716],[-9.4514,52.93464],[-9.47765,52.94033],[-9.44945,52.95751],[-9.43757,52.96674],[-9.40795,52.99702],[-9.39855,53.0041],[-9.3876,53.00861],[-9.39509,53.01545],[-9.34162,53.07697],[-9.31994,53.09113],[-9.30333,53.1079],[-9.28966,53.12922],[-9.27221,53.14667],[-9.25109,53.15192],[-9.22745,53.14354],[-9.18053,53.11677],[-9.1586,53.11103],[-9.13956,53.11542],[-9.11897,53.12336],[-9.09667,53.12702],[-9.07287,53.11848],[-9.07006,53.13447],[-9.08434,53.14346],[-9.12816,53.15192],[-9.12816,53.15941],[-9.06957,53.1662],[-9.05394,53.16242],[-9.02343,53.14716],[-9.00406,53.14574],[-9.00406,53.15192],[-9.04564,53.1662],[-9.04564,53.17373],[-9.02257,53.16743],[-9.00963,53.16608],[-8.99812,53.1739],[-8.98668,53.17699],[-8.97887,53.17577],[-8.9842,53.1662],[-8.97423,53.15794],[-8.96349,53.1518],[-8.95108,53.14777],[-8.93639,53.14574],[-8.94522,53.16616],[-8.9501,53.17373],[-8.95686,53.17988],[-8.944,53.19501],[-8.92821,53.20588],[-8.89485,53.22089],[-8.90539,53.22069],[-8.92414,53.21589],[-8.93269,53.21467],[-9.03148,53.21662],[-9.04564,53.22089],[-9.02807,53.22752],[-8.98265,53.23444],[-8.96312,53.23517],[-8.96312,53.24193],[-8.99112,53.24193],[-8.99112,53.2482],[-8.98176,53.25324],[-8.95588,53.25788],[-8.94262,53.26179],[-8.94262,53.26862],[-9.02208,53.27546],[-9.04223,53.27334],[-9.07706,53.26398],[-9.40144,53.24799],[-9.43293,53.23859],[-9.44787,53.23188],[-9.47008,53.22826],[-9.51171,53.22834],[-9.53295,53.23444],[-9.54442,53.24356],[-9.55313,53.25336],[-9.5664,53.26179],[-9.54727,53.27912],[-9.55456,53.29072],[-9.57136,53.29047],[-9.58072,53.27204],[-9.58519,53.25043],[-9.59683,53.2377],[-9.61229,53.23615],[-9.62841,53.2482],[-9.62841,53.2556],[-9.60912,53.27631],[-9.6173,53.32148],[-9.5974,53.33006],[-9.59411,53.32917],[-9.58422,53.3249],[-9.57697,53.32392],[-9.57299,53.32608],[-9.56652,53.33539],[-9.56339,53.33759],[-9.56078,53.34121],[-9.60115,53.36489],[-9.5902,53.37238],[-9.5528,53.3854],[-9.58886,53.38642],[-9.60656,53.38471],[-9.62165,53.37848],[-9.60851,53.3666],[-9.6066,53.34935],[-9.61547,53.33466],[-9.63463,53.33006],[-9.6525,53.34125],[-9.64794,53.35993],[-9.63777,53.37751],[-9.63842,53.3854],[-9.64415,53.3874],[-9.64835,53.39106],[-9.65266,53.39281],[-9.65884,53.38907],[-9.67252,53.37848],[-9.68472,53.37523],[-9.69278,53.36762],[-9.70352,53.35179],[-9.72753,53.32608],[-9.74307,53.3144],[-9.7904,53.30158],[-9.80671,53.30158],[-9.82335,53.3133],[-9.84293,53.32331],[-9.88659,53.31721],[-9.90225,53.32392],[-9.89786,53.32787],[-9.89281,53.34056],[-9.89074,53.35187],[-9.8872,53.3592],[-9.88028,53.3631],[-9.87149,53.36457],[-9.85806,53.36489],[-9.8413,53.36791],[-9.80053,53.38443],[-9.78551,53.39277],[-9.78551,53.39899],[-9.82022,53.39899],[-9.82022,53.40644],[-9.79918,53.41266],[-9.79918,53.4195],[-9.81408,53.4195],[-9.82518,53.41669],[-9.84752,53.40644],[-9.84691,53.39936],[-9.86018,53.39423],[-9.8754,53.39521],[-9.88109,53.40644],[-9.87572,53.41543],[-9.85607,53.42377],[-9.84752,53.43374],[-9.86034,53.43252],[-9.86807,53.42748],[-9.87491,53.42207],[-9.88476,53.4195],[-9.89395,53.42158],[-9.90233,53.42524],[-9.91145,53.42597],[-9.92268,53.4195],[-9.92565,53.40973],[-9.92276,53.39842],[-9.92235,53.38923],[-9.93322,53.3854],[-9.94449,53.38426],[-9.96142,53.37958],[-10.00109,53.37922],[-10.01415,53.38125],[-10.02575,53.3854],[-10.03596,53.39374],[-10.04198,53.40266],[-10.04931,53.40982],[-10.06322,53.41266],[-10.10351,53.40843],[-10.12755,53.40986],[-10.14175,53.4195],[-10.14997,53.41494],[-10.15803,53.41283],[-10.1765,53.41266],[-10.16759,53.42878],[-10.15697,53.43964],[-10.14224,53.4457],[-10.12133,53.44741],[-10.08316,53.44261],[-10.06798,53.44383],[-10.05297,53.4536],[-10.05297,53.46109],[-10.06456,53.46198],[-10.07421,53.46577],[-10.08165,53.47236],[-10.08715,53.48151],[-10.06534,53.47919],[-10.04076,53.47256],[-10.02058,53.47044],[-10.01207,53.48151],[-10.03185,53.48029],[-10.06941,53.48477],[-10.10729,53.49445],[-10.12816,53.50886],[-10.12914,53.5152],[-10.13476,53.52709],[-10.14314,53.53852],[-10.15266,53.54361],[-10.18175,53.53864],[-10.19347,53.53803],[-10.20324,53.54361],[-10.18029,53.55549],[-10.15697,53.55516],[-10.1328,53.55069],[-10.10765,53.54979],[-10.10973,53.55427],[-10.11303,53.56574],[-10.1151,53.5703],[-10.07067,53.57001],[-10.02575,53.56289],[-10.02001,53.55899],[-10.00524,53.54361],[-9.99572,53.54621],[-9.98168,53.55878],[-9.97106,53.56289],[-10.03189,53.58714],[-10.04678,53.59927],[-10.00866,53.60444],[-9.93074,53.5998],[-9.90225,53.60444],[-9.86791,53.61738],[-9.8544,53.61811],[-9.8439,53.61547],[-9.82287,53.60643],[-9.77505,53.6013],[-9.69677,53.59821],[-9.69677,53.60444],[-9.7141,53.60985],[-9.78376,53.60627],[-9.82726,53.6162],[-9.90844,53.64606],[-9.92268,53.69074],[-9.91674,53.7121],[-9.90567,53.7285],[-9.89953,53.74384],[-9.90844,53.76211],[-9.89892,53.76606],[-9.86099,53.77017],[-9.83389,53.77635],[-9.81021,53.77806],[-9.79947,53.78026],[-9.78922,53.78661],[-9.78344,53.7871],[-9.76317,53.77924],[-9.75202,53.77635],[-9.5664,53.79629],[-9.5664,53.80366],[-9.58153,53.80533],[-9.62165,53.81733],[-9.61628,53.8194],[-9.61213,53.8216],[-9.60753,53.82339],[-9.60115,53.82416],[-9.60115,53.831],[-9.60546,53.83918],[-9.59484,53.84821],[-9.56021,53.86514],[-9.56835,53.86555],[-9.5869,53.87197],[-9.57893,53.87613],[-9.57282,53.88223],[-9.56859,53.89008],[-9.5664,53.89932],[-9.57311,53.89851],[-9.57738,53.89753],[-9.58145,53.89574],[-9.5869,53.89248],[-9.61547,53.89883],[-9.75817,53.89932],[-9.8566,53.86628],[-9.91076,53.85871],[-9.94376,53.87938],[-9.93139,53.88516],[-9.92516,53.91303],[-9.90844,53.92036],[-9.91128,53.92959],[-9.91161,53.93399],[-9.90844,53.94086],[-9.90844,53.94709],[-9.91588,53.94709],[-9.91588,53.95384],[-9.86803,53.96137],[-9.85924,53.95869],[-9.83707,53.94916],[-9.82335,53.94709],[-9.81164,53.94172],[-9.80761,53.91828],[-9.79605,53.91291],[-9.78751,53.91608],[-9.78783,53.92426],[-9.78954,53.93525],[-9.78551,53.94709],[-9.79491,53.95307],[-9.80309,53.96052],[-9.81265,53.9663],[-9.82649,53.9676],[-9.82649,53.96137],[-9.82022,53.95384],[-9.83169,53.95629],[-9.83853,53.96357],[-9.85021,53.98847],[-9.84952,53.99331],[-9.8496,53.9975],[-9.8544,54.00235],[-9.86083,54.00312],[-9.87767,54.0019],[-9.88109,54.00536],[-9.88439,54.01166],[-9.89167,54.01708],[-9.89892,54.02534],[-9.90225,54.04019],[-9.89769,54.05512],[-9.88671,54.05972],[-9.87344,54.0622],[-9.86189,54.07123],[-9.87589,54.07486],[-9.87609,54.08063],[-9.86734,54.08674],[-9.8544,54.09105],[-9.86189,54.09789],[-9.83389,54.11213],[-9.8435,54.11701],[-9.85509,54.11738],[-9.88109,54.11213],[-9.87857,54.10395],[-9.87971,54.10025],[-9.885,54.09894],[-9.89537,54.09789],[-9.89537,54.09105],[-9.88854,54.09105],[-9.91739,54.06973],[-9.94555,54.06623],[-9.97069,54.07856],[-9.99096,54.10468],[-9.97155,54.10423],[-9.92638,54.11213],[-9.90844,54.11835],[-9.93887,54.13166],[-9.95108,54.14126],[-9.95686,54.15314],[-9.95035,54.1507],[-9.93664,54.14789],[-9.93008,54.1457],[-9.94274,54.15746],[-9.97728,54.18049],[-9.96378,54.17495],[-9.95202,54.17463],[-9.94253,54.1789],[-9.93635,54.18732],[-9.98819,54.21312],[-10.01089,54.21833],[-10.02575,54.20775],[-10.01146,54.19709],[-10.017,54.18867],[-10.0338,54.18472],[-10.05297,54.18732],[-10.04406,54.17699],[-10.03938,54.17365],[-10.03938,54.16681],[-10.05354,54.16804],[-10.06578,54.16641],[-10.08715,54.15933],[-10.08715,54.15314],[-10.07413,54.15021],[-10.06916,54.14427],[-10.06664,54.12519],[-10.07518,54.12494],[-10.09459,54.11835],[-10.08145,54.11298],[-10.06908,54.10366],[-10.06688,54.09492],[-10.08397,54.09105],[-10.10261,54.09178],[-10.11742,54.09589],[-10.12658,54.10602],[-10.12816,54.12519],[-10.12222,54.13703],[-10.0996,54.16547],[-10.09459,54.17699],[-10.09122,54.19497],[-10.08275,54.20327],[-10.07144,54.2097],[-10.0598,54.22207],[-10.09113,54.22248],[-10.10383,54.22622],[-10.1151,54.23505],[-10.09606,54.23517],[-10.08703,54.24433],[-10.08153,54.25747],[-10.07348,54.26919],[-10.06249,54.27505],[-10.0183,54.29027],[-10.01423,54.2945],[-10.01183,54.29963],[-10.00764,54.30353],[-9.99779,54.30394],[-9.99193,54.30069],[-9.98973,54.29474],[-9.98835,54.28832],[-9.98473,54.28352],[-9.97179,54.27725],[-9.9545,54.27196],[-9.93684,54.2707],[-9.92268,54.2766],[-9.91535,54.26874],[-9.90722,54.26447],[-9.89831,54.26447],[-9.88854,54.26919],[-9.88687,54.26606],[-9.88703,54.26447],[-9.88598,54.26374],[-9.88109,54.26301],[-9.90331,54.23794],[-9.92715,54.22675],[-9.95202,54.2285],[-9.97728,54.2425],[-9.98363,54.22297],[-9.96813,54.21703],[-9.94445,54.21605],[-9.92638,54.21113],[-9.9099,54.20441],[-9.89611,54.21162],[-9.88288,54.22289],[-9.86803,54.22822],[-9.88166,54.24038],[-9.87515,54.2565],[-9.859,54.27058],[-9.84386,54.2766],[-9.82213,54.27293],[-9.7871,54.25776],[-9.765,54.25556],[-9.77086,54.26415],[-9.77868,54.2696],[-9.79918,54.2766],[-9.79918,54.28352],[-9.78942,54.28583],[-9.78002,54.28628],[-9.75817,54.28352],[-9.77684,54.28998],[-9.82921,54.29686],[-9.84008,54.30707],[-9.84602,54.32144],[-9.84398,54.32876],[-9.78551,54.33808],[-9.76431,54.33491],[-9.72631,54.32079],[-9.70694,54.31761],[-9.53539,54.31021],[-9.52428,54.31135],[-9.50552,54.31639],[-9.49437,54.31761],[-9.48571,54.31586],[-9.47191,54.30707],[-9.46398,54.30394],[-9.38451,54.29719],[-9.37483,54.29873],[-9.36262,54.30272],[-9.35115,54.30817],[-9.34362,54.31391],[-9.33422,54.31831],[-9.32201,54.31708],[-9.27725,54.30459],[-9.26842,54.30394],[-9.26098,54.29971],[-9.25284,54.28095],[-9.24767,54.2766],[-9.22989,54.27847],[-9.21964,54.28059],[-9.2176,54.28352],[-9.21101,54.27562],[-9.20946,54.26756],[-9.21199,54.26044],[-9.2176,54.25556],[-9.2176,54.24873],[-9.19587,54.2425],[-9.19587,54.23505],[-9.21508,54.22712],[-9.21036,54.21784],[-9.16198,54.19204],[-9.14932,54.18061],[-9.14123,54.16535],[-9.14123,54.1457],[-9.135,54.1457],[-9.13419,54.16376],[-9.13036,54.1791],[-9.1289,54.19306],[-9.135,54.20775],[-9.11254,54.21332],[-9.0902,54.22663],[-9.07299,54.24677],[-9.06607,54.27289],[-9.05126,54.2895],[-9.01749,54.2919],[-8.95686,54.28352],[-8.94986,54.28486],[-8.94441,54.28824],[-8.93904,54.28998],[-8.92756,54.28413],[-8.91023,54.2779],[-8.89419,54.27448],[-8.87182,54.26512],[-8.8566,54.26301],[-8.80736,54.26301],[-8.78563,54.26683],[-8.76513,54.2766],[-8.73746,54.26411],[-8.67642,54.27131],[-8.64835,54.26301],[-8.64249,54.25361],[-8.63956,54.24209],[-8.63329,54.23237],[-8.60505,54.22565],[-8.5935,54.21906],[-8.57266,54.20034],[-8.55932,54.20661],[-8.54385,54.20864],[-8.51122,54.20775],[-8.51122,54.21455],[-8.52554,54.2189],[-8.54361,54.22215],[-8.55923,54.22773],[-8.56583,54.23884],[-8.57213,54.24653],[-8.58731,54.25235],[-8.60562,54.25556],[-8.621,54.25556],[-8.621,54.26301],[-8.61425,54.26781],[-8.60265,54.27969],[-8.59374,54.28352],[-8.57169,54.27717],[-8.55822,54.27521],[-8.55223,54.2801],[-8.54076,54.28437],[-8.47029,54.2766],[-8.48595,54.28864],[-8.50414,54.29719],[-8.52335,54.30223],[-8.54231,54.30394],[-8.56265,54.30305],[-8.56981,54.30573],[-8.57266,54.31391],[-8.56721,54.32416],[-8.5548,54.32148],[-8.53173,54.31021],[-8.51171,54.31737],[-8.51915,54.32673],[-8.54052,54.33466],[-8.56212,54.33808],[-8.66137,54.33804],[-8.66682,54.34121],[-8.66828,54.35175],[-8.66389,54.35928],[-8.6538,54.36587],[-8.64175,54.37043],[-8.61286,54.37547],[-8.49657,54.42349],[-8.48013,54.42683],[-8.47411,54.43],[-8.47126,54.43789],[-8.47029,54.45783],[-8.4667,54.475],[-8.45922,54.47187],[-8.45189,54.46101],[-8.44913,54.45478],[-8.44514,54.45392],[-8.44376,54.45344],[-8.44302,54.44733],[-8.41393,54.45954],[-8.38419,54.46825],[-8.38166,54.46857],[-8.30012,54.47797],[-8.28734,54.47944],[-8.2421,54.49775],[-8.21019,54.50194],[-8.21019,54.50943],[-8.24328,54.5102],[-8.25797,54.51423],[-8.27098,54.52367],[-8.21638,54.55036],[-8.21886,54.56977],[-8.17252,54.59447],[-8.1754,54.61929],[-8.16466,54.6153],[-8.15762,54.61083],[-8.15005,54.60712],[-8.13756,54.60562],[-8.12609,54.63788],[-8.12084,54.64655],[-8.12389,54.64863],[-8.12491,54.64891],[-8.1256,54.6496],[-8.12767,54.65278],[-8.1468,54.64208],[-8.16666,54.63614],[-8.23493,54.62938],[-8.27131,54.61201],[-8.2921,54.60562],[-8.2921,54.6118],[-8.28173,54.62055],[-8.28034,54.62962],[-8.28726,54.63679],[-8.30175,54.6398],[-8.31676,54.63544],[-8.34236,54.61616],[-8.36783,54.60863],[-8.41454,54.57836],[-8.42797,54.57172],[-8.44205,54.56672],[-8.45661,54.56464],[-8.45661,54.57079],[-8.43228,54.58779],[-8.4171,54.59516],[-8.39818,54.59813],[-8.38476,54.60566],[-8.38768,54.61986],[-8.40005,54.62857],[-8.41503,54.61929],[-8.42186,54.61929],[-8.41869,54.6413],[-8.43163,54.6413],[-8.44831,54.62763],[-8.45661,54.60871],[-8.46154,54.60285],[-8.47208,54.60786],[-8.48176,54.61595],[-8.4862,54.62295],[-8.48522,54.62739],[-8.48616,54.63129],[-8.49413,54.63296],[-8.5008,54.63202],[-8.5113,54.62775],[-8.51749,54.62613],[-8.54174,54.62523],[-8.55346,54.62263],[-8.56404,54.60883],[-8.57677,54.61091],[-8.59691,54.61929],[-8.6726,54.61945],[-8.69001,54.62613],[-8.68196,54.63581],[-8.6914,54.6413],[-8.77416,54.65986],[-8.79182,54.65961],[-8.78844,54.6634],[-8.78637,54.66698],[-8.78344,54.6704],[-8.77815,54.6739],[-8.77815,54.68008],[-8.79109,54.68488],[-8.79776,54.69196],[-8.79552,54.69843],[-8.78157,54.70124],[-8.76696,54.70222],[-8.7552,54.70576],[-8.74743,54.71308],[-8.74462,54.72508],[-8.73327,54.73261],[-8.6621,54.76264],[-8.63659,54.76846],[-8.5362,54.76691],[-8.48371,54.75678],[-8.45661,54.75641],[-8.45661,54.76264],[-8.5266,54.77277],[-8.5454,54.78376],[-8.5299,54.78807],[-8.48493,54.78937],[-8.47338,54.78681],[-8.46081,54.77485],[-8.44469,54.76313],[-8.42667,54.75723],[-8.40819,54.76264],[-8.46129,54.79352],[-8.49889,54.80121],[-8.53498,54.81647],[-8.55842,54.81786],[-8.55435,54.82754],[-8.54699,54.8299],[-8.5371,54.82978],[-8.52489,54.83153],[-8.51513,54.83601],[-8.50186,54.8465],[-8.49071,54.852],[-8.47102,54.84052],[-8.44909,54.83942],[-8.40197,54.84455],[-8.34626,54.83169],[-8.32567,54.83153],[-8.32567,54.83832],[-8.34325,54.83991],[-8.36539,54.8454],[-8.38134,54.85594],[-8.38085,54.8725],[-8.36669,54.88109],[-8.32738,54.87702],[-8.31265,54.87934],[-8.32584,54.88581],[-8.33703,54.90363],[-8.35045,54.90729],[-8.3688,54.90819],[-8.37401,54.90729],[-8.37816,54.90278],[-8.37979,54.89574],[-8.38012,54.88923],[-8.38085,54.88618],[-8.40929,54.88703],[-8.43261,54.90156],[-8.45079,54.92207],[-8.46345,54.94082],[-8.45043,54.94627],[-8.44091,54.94343],[-8.43151,54.93769],[-8.41845,54.93456],[-8.40461,54.9357],[-8.39135,54.93867],[-8.36657,54.94819],[-8.39615,54.95527],[-8.41861,54.96809],[-8.45661,54.99543],[-8.45661,55.00288],[-8.44811,55.00764],[-8.43773,55.00983],[-8.42642,55.00861],[-8.41503,55.00288],[-8.40469,55.01288],[-8.40197,55.01655],[-8.40819,55.01655],[-8.40319,55.03067],[-8.39525,55.03315],[-8.38532,55.03242],[-8.37401,55.03636],[-8.35448,55.06053],[-8.3474,55.06428],[-8.33788,55.05842],[-8.33507,55.03506],[-8.32567,55.03022],[-8.31998,55.03433],[-8.31359,55.05268],[-8.30517,55.05805],[-8.31652,55.08747],[-8.32042,55.10493],[-8.31603,55.11274],[-8.30435,55.11921],[-8.2884,55.15013],[-8.27847,55.16055],[-8.26301,55.16108],[-8.20653,55.14688],[-8.18839,55.14899],[-8.15762,55.15839],[-8.14127,55.16055],[-8.14753,55.15176],[-8.15429,55.14525],[-8.15958,55.13874],[-8.16173,55.12946],[-8.15648,55.1245],[-8.14468,55.13019],[-8.11486,55.15473],[-8.05427,55.17695],[-8.03482,55.18098],[-8.02098,55.18879],[-8.01179,55.20506],[-7.99958,55.21963],[-7.9768,55.22191],[-7.95019,55.21027],[-7.95865,55.1992],[-8.00414,55.18098],[-8.00414,55.17414],[-7.96199,55.1872],[-7.95572,55.18472],[-7.94904,55.17984],[-7.93399,55.18065],[-7.91804,55.18452],[-7.90856,55.18842],[-7.89489,55.17414],[-7.89489,55.16791],[-7.89879,55.1564],[-7.89045,55.15827],[-7.87556,55.16494],[-7.8601,55.16791],[-7.86506,55.15815],[-7.87287,55.1516],[-7.88297,55.14793],[-7.89489,55.14688],[-7.89489,55.14008],[-7.87654,55.14053],[-7.86522,55.13849],[-7.85644,55.13898],[-7.84651,55.14688],[-7.83471,55.16498],[-7.83755,55.17585],[-7.8601,55.19465],[-7.86612,55.21491],[-7.85025,55.2272],[-7.82396,55.23859],[-7.7987,55.25609],[-7.79605,55.25104],[-7.79503,55.25088],[-7.79125,55.24868],[-7.8142,55.20185],[-7.81574,55.19465],[-7.81371,55.19286],[-7.81046,55.18871],[-7.80557,55.18415],[-7.7987,55.18098],[-7.78978,55.18085],[-7.77994,55.18744],[-7.77074,55.18842],[-7.75731,55.18476],[-7.73664,55.17666],[-7.7176,55.16657],[-7.7093,55.15713],[-7.70739,55.15347],[-7.69856,55.14037],[-7.69563,55.1332],[-7.69595,55.12604],[-7.70108,55.10814],[-7.7025,55.09907],[-7.69473,55.10806],[-7.67882,55.13447],[-7.6717,55.14008],[-7.6682,55.1472],[-7.67471,55.16303],[-7.68407,55.17853],[-7.68883,55.18472],[-7.69034,55.19452],[-7.69506,55.20746],[-7.7036,55.21845],[-7.71605,55.22191],[-7.72395,55.21459],[-7.72199,55.20026],[-7.7154,55.18488],[-7.7093,55.17414],[-7.72313,55.17573],[-7.73282,55.18146],[-7.74104,55.18863],[-7.75023,55.19465],[-7.77965,55.19965],[-7.79174,55.206],[-7.78816,55.21857],[-7.76085,55.25043],[-7.76085,55.25609],[-7.72509,55.25267],[-7.7093,55.25609],[-7.67349,55.27387],[-7.66088,55.27656],[-7.64395,55.27277],[-7.63329,55.26309],[-7.62531,55.25316],[-7.61653,55.24868],[-7.6114,55.2414],[-7.61319,55.22577],[-7.6175,55.2106],[-7.61994,55.2049],[-7.61449,55.19599],[-7.60147,55.18928],[-7.57274,55.18098],[-7.57226,55.16918],[-7.56412,55.15575],[-7.55248,55.14468],[-7.54141,55.14008],[-7.52782,55.13255],[-7.52579,55.11616],[-7.53161,55.09968],[-7.54141,55.09223],[-7.55639,55.08975],[-7.56823,55.08369],[-7.58641,55.07111],[-7.64102,55.05069],[-7.64102,55.04385],[-7.58117,55.05044],[-7.56184,55.0445],[-7.57274,55.02338],[-7.58458,55.01606],[-7.63419,54.99543],[-7.66755,54.96821],[-7.68139,54.96125],[-7.68139,54.95441],[-7.66149,54.95795],[-7.64338,54.96528],[-7.54845,55.01846],[-7.53799,55.01992],[-7.52937,55.03071],[-7.50927,55.03596],[-7.48632,55.03925],[-7.46911,55.04385],[-7.45617,55.05614],[-7.45002,55.07233],[-7.45442,55.08625],[-7.47277,55.09223],[-7.47753,55.09638],[-7.47338,55.10545],[-7.46288,55.11953],[-7.46288,55.14346],[-7.47004,55.14517],[-7.51008,55.18098],[-7.53368,55.19237],[-7.54141,55.19806],[-7.54564,55.20478],[-7.54955,55.2154],[-7.54939,55.22516],[-7.52709,55.23676],[-7.51623,55.25414],[-7.51358,55.27436],[-7.52432,55.29027],[-7.50739,55.28913],[-7.49275,55.28535],[-7.47859,55.28392],[-7.46288,55.29027],[-7.46557,55.29361],[-7.46642,55.29584],[-7.46703,55.29865],[-7.46911,55.3039],[-7.44921,55.29401],[-7.42797,55.28657],[-7.40591,55.28693],[-7.36779,55.31061],[-7.34752,55.31428],[-7.3275,55.3085],[-7.31208,55.29027],[-7.33316,55.28962],[-7.33995,55.29027],[-7.32087,55.28217],[-7.29882,55.27627],[-7.2766,55.27582],[-7.25674,55.284],[-7.32067,55.3133],[-7.3507,55.33519],[-7.35302,55.35855],[-7.37955,55.36766],[-7.39159,55.37373],[-7.40022,55.38028],[-7.38443,55.38638],[-7.36632,55.38398],[-7.33251,55.37279],[-7.26358,55.35855],[-7.2473,55.35716],[-7.20885,55.34512],[-7.19542,55.33861],[-7.14415,55.29365],[-7.12906,55.28583],[-7.07934,55.27265],[-7.0419,55.26887],[-6.99649,55.25772],[-6.9757,55.24868],[-6.95352,55.25434],[-6.93956,55.23908],[-6.94278,55.21857],[-6.97256,55.20832],[-7.00064,55.20515],[-7.03409,55.19685],[-7.06574,55.18496],[-7.09976,55.16547],[-7.13231,55.15546],[-7.15949,55.15078],[-7.17284,55.1435],[-7.21662,55.10834],[-7.23229,55.09186],[-7.24498,55.07343],[-7.24641,55.07066],[-7.24862,55.07001],[-7.25179,55.06709],[-7.25261,55.06667],[-7.25608,55.06704],[-7.25614,55.06705],[-7.2569,55.06724],[-7.25696,55.06725],[-7.25702,55.06723],[-7.25716,55.06718],[-7.2573,55.06714],[-7.25743,55.06713],[-7.25751,55.06712],[-7.25781,55.06697],[-7.25792,55.06691],[-7.25796,55.0669],[-7.25809,55.06677],[-7.25811,55.06671],[-7.25809,55.06668],[-7.25805,55.06664],[-7.25803,55.06659],[-7.25803,55.06655],[-7.25804,55.0665],[-7.25807,55.06645],[-7.25809,55.06642],[-7.25823,55.06639],[-7.25857,55.06633],[-7.25873,55.06628],[-7.25893,55.06622],[-7.25907,55.06618],[-7.25916,55.06618],[-7.25924,55.06622],[-7.25932,55.06627],[-7.25942,55.06631],[-7.25949,55.06632],[-7.25957,55.06631],[-7.25966,55.06629],[-7.25986,55.06623],[-7.25995,55.0662],[-7.26034,55.06602],[-7.26047,55.06596],[-7.26052,55.06595],[-7.26071,55.06594],[-7.26125,55.06593],[-7.2615,55.06588],[-7.26188,55.066],[-7.26243,55.06617],[-7.26278,55.06625],[-7.26309,55.06633],[-7.26335,55.06638],[-7.26368,55.06642],[-7.26377,55.06644],[-7.26391,55.06652],[-7.26404,55.06663],[-7.26412,55.06666],[-7.2646,55.06666],[-7.26485,55.06664],[-7.26506,55.0666],[-7.26548,55.06645],[-7.26571,55.06638],[-7.26581,55.06633],[-7.26609,55.06621],[-7.26631,55.06617],[-7.26659,55.06609],[-7.26681,55.06599],[-7.26698,55.06589],[-7.26714,55.06573],[-7.26728,55.06566],[-7.26744,55.0656],[-7.26755,55.06553],[-7.26761,55.06544],[-7.26763,55.06534],[-7.26769,55.06528],[-7.2678,55.06522],[-7.26797,55.0651],[-7.26805,55.06501],[-7.26811,55.06491],[-7.26824,55.06485],[-7.26839,55.06483],[-7.26869,55.06472],[-7.2688,55.06468],[-7.26891,55.06466],[-7.26905,55.06458],[-7.26915,55.06454],[-7.26937,55.06445],[-7.2695,55.06442],[-7.26974,55.06425],[-7.26983,55.06422],[-7.27005,55.06415],[-7.2702,55.06412],[-7.27033,55.0641],[-7.27041,55.06412],[-7.27052,55.06412],[-7.27061,55.0641],[-7.2707,55.06411],[-7.27077,55.06411],[-7.27093,55.06407],[-7.27104,55.06402],[-7.27125,55.06389],[-7.27163,55.06379],[-7.27183,55.06373],[-7.27208,55.06365],[-7.27215,55.06365],[-7.27224,55.06367],[-7.27234,55.06365],[-7.27269,55.06348],[-7.27277,55.06341],[-7.27278,55.06337],[-7.27283,55.06329],[-7.27288,55.06327],[-7.27297,55.06322],[-7.2731,55.06309],[-7.27321,55.06296],[-7.27328,55.0628],[-7.2733,55.06268],[-7.27334,55.06263],[-7.27338,55.06256],[-7.27346,55.06249],[-7.27348,55.06243],[-7.27349,55.06234],[-7.27349,55.06227],[-7.2735,55.06219],[-7.27355,55.06213],[-7.27369,55.06203],[-7.27372,55.06197],[-7.2737,55.06178],[-7.27375,55.06172],[-7.27379,55.06164],[-7.27377,55.06156],[-7.27378,55.06149],[-7.27383,55.06137],[-7.27389,55.06119],[-7.27397,55.0611],[-7.27412,55.06094],[-7.27412,55.06088],[-7.27412,55.0608],[-7.27418,55.06067],[-7.27417,55.06058],[-7.27413,55.06042],[-7.27413,55.06034],[-7.27417,55.06019],[-7.27431,55.06009],[-7.2745,55.05999],[-7.2746,55.0599],[-7.27476,55.05972],[-7.27487,55.05962],[-7.27515,55.05942],[-7.27531,55.05928],[-7.27544,55.05914],[-7.27557,55.05902],[-7.27595,55.05862],[-7.27608,55.05851],[-7.27619,55.05839],[-7.27626,55.05827],[-7.27632,55.05814],[-7.27633,55.05801],[-7.27632,55.05787],[-7.27629,55.05776],[-7.27616,55.05742],[-7.27654,55.05652],[-7.27669,55.05621],[-7.27678,55.05607],[-7.27682,55.05601],[-7.27685,55.05586],[-7.27686,55.05574],[-7.27689,55.05568],[-7.27692,55.05554],[-7.27697,55.05483],[-7.27726,55.05435],[-7.27856,55.0536],[-7.27934,55.05313],[-7.27961,55.05296],[-7.2802,55.05253],[-7.28046,55.05234],[-7.28078,55.05206],[-7.28117,55.05177],[-7.28162,55.05147],[-7.28249,55.05099],[-7.283,55.05071],[-7.2838,55.05026],[-7.28396,55.05011],[-7.28408,55.04994],[-7.28445,55.04957],[-7.2846,55.04945],[-7.28492,55.04928],[-7.28505,55.04918],[-7.28531,55.04904],[-7.28544,55.04898],[-7.28563,55.04887],[-7.28594,55.0487],[-7.28611,55.04858],[-7.28642,55.04847],[-7.28685,55.04836],[-7.28702,55.04831],[-7.2872,55.04827],[-7.28732,55.04821],[-7.28742,55.04815],[-7.28752,55.0481],[-7.28764,55.04802],[-7.28813,55.04779],[-7.28832,55.04771],[-7.28922,55.04742],[-7.28948,55.04771],[-7.28952,55.0478],[-7.28955,55.04796],[-7.28961,55.04806],[-7.28978,55.04823],[-7.28995,55.04838],[-7.29138,55.04948],[-7.29227,55.05012],[-7.29276,55.05063],[-7.29344,55.05136],[-7.29406,55.05213],[-7.29428,55.05233],[-7.29465,55.05263],[-7.29512,55.05303],[-7.29547,55.05331],[-7.29587,55.0536],[-7.29623,55.05385],[-7.29687,55.05423],[-7.29723,55.05447],[-7.29794,55.05498],[-7.29946,55.05613],[-7.30092,55.05541],[-7.30732,55.05243],[-7.30903,55.05147],[-7.30984,55.05099],[-7.31045,55.05063],[-7.31125,55.05018],[-7.31184,55.04981],[-7.31216,55.04964],[-7.3125,55.04949],[-7.31298,55.04925],[-7.3134,55.04906],[-7.31362,55.04895],[-7.3137,55.0489],[-7.31384,55.04876],[-7.31403,55.04853],[-7.31428,55.04833],[-7.31442,55.04818],[-7.31458,55.04801],[-7.31462,55.0479],[-7.31464,55.04776],[-7.31461,55.04753],[-7.31461,55.04738],[-7.31459,55.04724],[-7.31459,55.04713],[-7.31464,55.04699],[-7.31466,55.04689],[-7.31472,55.04681],[-7.31482,55.0466],[-7.31489,55.0465],[-7.31497,55.04645],[-7.31503,55.04641],[-7.31511,55.04638],[-7.31517,55.04633],[-7.31523,55.04629],[-7.31533,55.04627],[-7.31615,55.04627],[-7.31636,55.0462],[-7.31668,55.04607],[-7.31691,55.04597],[-7.31707,55.04588],[-7.31711,55.04585],[-7.31714,55.04582],[-7.31713,55.04576],[-7.31714,55.04571],[-7.31719,55.04567],[-7.31725,55.04564],[-7.31733,55.04563],[-7.31744,55.0456],[-7.31756,55.04553],[-7.31796,55.04531],[-7.31812,55.04516],[-7.3182,55.04512],[-7.31828,55.04509],[-7.31834,55.04509],[-7.31842,55.0451],[-7.31849,55.04513],[-7.31862,55.04516],[-7.319,55.04532],[-7.31912,55.04534],[-7.31938,55.04534],[-7.32048,55.04528],[-7.32144,55.04522],[-7.32162,55.0452],[-7.32171,55.04517],[-7.32176,55.04517],[-7.32182,55.04522],[-7.32187,55.0453],[-7.32195,55.04541],[-7.32224,55.04553],[-7.32285,55.0457],[-7.32508,55.04632],[-7.32529,55.04639],[-7.3264,55.04701],[-7.32678,55.04721],[-7.32679,55.04732],[-7.32677,55.04745],[-7.32674,55.04755],[-7.32676,55.04758],[-7.32758,55.04802],[-7.32869,55.04854],[-7.3306,55.04921],[-7.33121,55.04944],[-7.33223,55.0498],[-7.33292,55.05],[-7.33335,55.05012],[-7.33368,55.0502],[-7.33399,55.05024],[-7.33429,55.05027],[-7.33477,55.05029],[-7.33521,55.0503],[-7.33596,55.05033],[-7.3363,55.05033],[-7.33694,55.05042],[-7.33748,55.0505],[-7.33803,55.05059],[-7.33814,55.05064],[-7.33821,55.05069],[-7.33831,55.05069],[-7.33932,55.0508],[-7.3402,55.05085],[-7.34285,55.05086],[-7.34358,55.05083],[-7.34434,55.05083],[-7.34513,55.05082],[-7.34618,55.05049],[-7.34527,55.04952],[-7.34465,55.04882],[-7.34518,55.04867],[-7.34565,55.04855],[-7.34589,55.04849],[-7.34607,55.04847],[-7.34629,55.04843],[-7.34652,55.04837],[-7.34695,55.04821],[-7.34725,55.04811],[-7.34789,55.04785],[-7.34822,55.04742],[-7.34849,55.0471],[-7.34925,55.04689],[-7.35059,55.04651],[-7.35118,55.04636],[-7.35184,55.04623],[-7.352,55.04619],[-7.35207,55.04617],[-7.35212,55.04616],[-7.35262,55.04614],[-7.35323,55.04611],[-7.35376,55.04608],[-7.35429,55.04604],[-7.35469,55.04601],[-7.35525,55.04595],[-7.35557,55.04589],[-7.35581,55.04584],[-7.35602,55.04579],[-7.35623,55.04568],[-7.35639,55.0456],[-7.35661,55.04544],[-7.35673,55.04533],[-7.35684,55.04526],[-7.357,55.04516],[-7.35711,55.04507],[-7.35724,55.045],[-7.35755,55.04486],[-7.35772,55.04476],[-7.3578,55.0447],[-7.35786,55.04462],[-7.35852,55.04387],[-7.35852,55.04383],[-7.35821,55.04338],[-7.35819,55.04336],[-7.35819,55.04332],[-7.35825,55.04329],[-7.35833,55.04321],[-7.35848,55.04308],[-7.35862,55.04297],[-7.35877,55.04288],[-7.35929,55.04244],[-7.35943,55.04234],[-7.35954,55.04223],[-7.3596,55.04215],[-7.35968,55.04206],[-7.35982,55.04193],[-7.36001,55.04179],[-7.36025,55.04163],[-7.36043,55.04149],[-7.36048,55.04146],[-7.36054,55.04142],[-7.36061,55.04134],[-7.36066,55.04125],[-7.36066,55.04119],[-7.36062,55.04111],[-7.36061,55.04099],[-7.36072,55.04074],[-7.36078,55.04064],[-7.36085,55.04059],[-7.36109,55.0405],[-7.3613,55.04043],[-7.36153,55.04037],[-7.3619,55.04034],[-7.36207,55.04031],[-7.36219,55.04027],[-7.36229,55.04023],[-7.36238,55.04017],[-7.36245,55.04003],[-7.36344,55.03824],[-7.36387,55.03828],[-7.36417,55.03832],[-7.36496,55.03839],[-7.36537,55.03843],[-7.36579,55.03849],[-7.36621,55.03855],[-7.36664,55.0386],[-7.36668,55.03848],[-7.36671,55.0384],[-7.36684,55.0382],[-7.36722,55.03779],[-7.36734,55.03768],[-7.36744,55.03756],[-7.36762,55.03722],[-7.36772,55.03707],[-7.36785,55.03689],[-7.36793,55.03677],[-7.36806,55.03668],[-7.36832,55.03646],[-7.3685,55.03627],[-7.36859,55.03621],[-7.36881,55.03613],[-7.36894,55.03604],[-7.36904,55.0359],[-7.36962,55.03533],[-7.37026,55.03479],[-7.37035,55.03453],[-7.37044,55.03433],[-7.37064,55.03418],[-7.37134,55.03373],[-7.37206,55.03353],[-7.37214,55.03327],[-7.37231,55.03302],[-7.37254,55.03266],[-7.37287,55.03215],[-7.37363,55.03167],[-7.37381,55.0316],[-7.37396,55.03158],[-7.37407,55.03157],[-7.37421,55.03138],[-7.37429,55.03124],[-7.37452,55.03102],[-7.37464,55.03084],[-7.37481,55.03064],[-7.3751,55.03021],[-7.3752,55.03003],[-7.37522,55.02995],[-7.37528,55.02989],[-7.37587,55.02952],[-7.37598,55.02944],[-7.37606,55.02931],[-7.37592,55.02917],[-7.3762,55.02897],[-7.37638,55.02884],[-7.37653,55.02872],[-7.37664,55.02865],[-7.37749,55.02825],[-7.37766,55.0283],[-7.37775,55.02828],[-7.37804,55.02813],[-7.38003,55.02715],[-7.38173,55.02626],[-7.38329,55.0255],[-7.3842,55.02508],[-7.38531,55.02458],[-7.38589,55.02431],[-7.38651,55.02407],[-7.38812,55.0235],[-7.38957,55.02302],[-7.39053,55.02266],[-7.39143,55.02236],[-7.39149,55.02229],[-7.39151,55.02212],[-7.39147,55.02175],[-7.39128,55.02144],[-7.39109,55.02116],[-7.39099,55.02096],[-7.39091,55.02079],[-7.3909,55.02071],[-7.39106,55.02046],[-7.39122,55.02018],[-7.39128,55.02013],[-7.39264,55.01943],[-7.39387,55.01885],[-7.39411,55.01874],[-7.39429,55.01863],[-7.39444,55.01852],[-7.39452,55.01834],[-7.39464,55.01817],[-7.39481,55.01797],[-7.39495,55.01788],[-7.3951,55.01782],[-7.39631,55.0166],[-7.39644,55.01641],[-7.3964,55.01623],[-7.39643,55.01577],[-7.39643,55.01542],[-7.39646,55.01526],[-7.39686,55.01456],[-7.39694,55.01436],[-7.39684,55.01402],[-7.3968,55.01381],[-7.39674,55.0137],[-7.39673,55.01361],[-7.3966,55.01353],[-7.39656,55.01345],[-7.39649,55.01329],[-7.39646,55.01313],[-7.39648,55.01303],[-7.39648,55.01296],[-7.39644,55.01287],[-7.39641,55.01272],[-7.39656,55.01245],[-7.39661,55.01233],[-7.3966,55.01222],[-7.39661,55.01209],[-7.3967,55.01198],[-7.39691,55.01166],[-7.39689,55.01154],[-7.3971,55.0112],[-7.39728,55.01094],[-7.39758,55.01059],[-7.39774,55.01037],[-7.39798,55.01001],[-7.3982,55.00966],[-7.39862,55.00912],[-7.39878,55.009],[-7.39923,55.00872],[-7.40017,55.0082],[-7.40082,55.00809],[-7.40143,55.00793],[-7.40195,55.00778],[-7.40249,55.00755],[-7.40299,55.0073],[-7.40144,55.00676],[-7.40556,55.00332],[-7.40515,55.00298],[-7.40486,55.00275],[-7.40445,55.0024],[-7.40429,55.00223],[-7.40419,55.00202],[-7.40404,55.00175],[-7.40397,55.00163],[-7.40387,55.00156],[-7.40367,55.00156],[-7.40339,55.00148],[-7.40309,55.00133],[-7.40244,55.00097],[-7.40145,55.00037],[-7.40055,54.99988],[-7.39953,54.99936],[-7.39833,54.99877],[-7.39504,54.9993],[-7.39396,54.99948],[-7.39269,54.99844],[-7.39227,54.99821],[-7.39159,54.9979],[-7.39149,54.99785],[-7.39146,54.99776],[-7.39149,54.9977],[-7.39158,54.99739],[-7.39154,54.99722],[-7.39156,54.99714],[-7.39181,54.99671],[-7.39196,54.99638],[-7.39199,54.99624],[-7.39203,54.99613],[-7.39214,54.99588],[-7.39216,54.99562],[-7.39214,54.99552],[-7.39212,54.99542],[-7.39199,54.9952],[-7.39197,54.9951],[-7.392,54.99495],[-7.39201,54.99487],[-7.39199,54.99476],[-7.39199,54.9947],[-7.39202,54.99465],[-7.39212,54.99454],[-7.39249,54.9943],[-7.39269,54.99419],[-7.393,54.9941],[-7.39319,54.9941],[-7.39331,54.99408],[-7.39355,54.99402],[-7.39421,54.9939],[-7.39652,54.99281],[-7.39667,54.99272],[-7.39683,54.99255],[-7.3969,54.99243],[-7.39702,54.99226],[-7.39714,54.99215],[-7.3977,54.99185],[-7.39798,54.99166],[-7.39848,54.99128],[-7.3986,54.99121],[-7.39897,54.99115],[-7.39912,54.9911],[-7.39957,54.99086],[-7.3996,54.99083],[-7.39961,54.99077],[-7.39961,54.99069],[-7.39963,54.99064],[-7.39969,54.99056],[-7.39973,54.99051],[-7.39983,54.9905],[-7.39989,54.9905],[-7.39996,54.99042],[-7.39999,54.99031],[-7.40005,54.99022],[-7.40008,54.99016],[-7.40005,54.99002],[-7.40007,54.98996],[-7.40015,54.98987],[-7.40018,54.98978],[-7.40022,54.98967],[-7.4002,54.98958],[-7.40024,54.9895],[-7.4003,54.98946],[-7.40043,54.98929],[-7.40054,54.98926],[-7.40064,54.98916],[-7.40105,54.98827],[-7.40121,54.98791],[-7.40107,54.987],[-7.40171,54.9856],[-7.40177,54.98551],[-7.40185,54.98548],[-7.40196,54.98546],[-7.40212,54.98547],[-7.40245,54.98544],[-7.40289,54.98537],[-7.40322,54.98528],[-7.40354,54.98515],[-7.40374,54.98505],[-7.40384,54.98499],[-7.40389,54.98493],[-7.40385,54.98486],[-7.40382,54.98483],[-7.4037,54.98465],[-7.40369,54.9846],[-7.40369,54.98452],[-7.40373,54.98442],[-7.40381,54.98433],[-7.40395,54.98422],[-7.40407,54.98412],[-7.40424,54.98404],[-7.4044,54.98401],[-7.40471,54.98399],[-7.40538,54.98393],[-7.40553,54.98389],[-7.40568,54.98384],[-7.40581,54.98375],[-7.40594,54.98366],[-7.40633,54.98347],[-7.40644,54.98343],[-7.40683,54.98317],[-7.40696,54.98307],[-7.40703,54.98301],[-7.40708,54.98292],[-7.4071,54.98282],[-7.4071,54.98273],[-7.40713,54.98263],[-7.40635,54.9821],[-7.40528,54.98141],[-7.40481,54.98112],[-7.40382,54.97952],[-7.40499,54.97898],[-7.40536,54.9788],[-7.40572,54.97859],[-7.40582,54.97851],[-7.40594,54.97836],[-7.40604,54.97821],[-7.40606,54.97807],[-7.40597,54.97796],[-7.40535,54.97763],[-7.40519,54.97752],[-7.40488,54.97736],[-7.40451,54.97716],[-7.40442,54.97709],[-7.40435,54.97699],[-7.40429,54.97684],[-7.40422,54.97674],[-7.40415,54.97661],[-7.40409,54.97644],[-7.40401,54.97596],[-7.40397,54.97579],[-7.40394,54.97568],[-7.40223,54.97448],[-7.4019,54.97367],[-7.4023,54.97347],[-7.40236,54.97334],[-7.40233,54.97312],[-7.40239,54.97296],[-7.40202,54.97284],[-7.40139,54.97267],[-7.40106,54.97257],[-7.40036,54.97218],[-7.40057,54.97198],[-7.40069,54.97186],[-7.40087,54.97175],[-7.40105,54.9716],[-7.40112,54.9715],[-7.40122,54.9713],[-7.40135,54.97112],[-7.40147,54.97097],[-7.40158,54.9708],[-7.40165,54.9706],[-7.40168,54.97034],[-7.40168,54.97002],[-7.40164,54.96959],[-7.40177,54.96934],[-7.40199,54.96899],[-7.40217,54.96883],[-7.4023,54.96875],[-7.40263,54.96864],[-7.40272,54.9686],[-7.40277,54.9685],[-7.40282,54.9684],[-7.40287,54.96809],[-7.40282,54.96805],[-7.40257,54.96799],[-7.4024,54.96791],[-7.40229,54.96773],[-7.40207,54.96749],[-7.40208,54.96746],[-7.40241,54.96714],[-7.40284,54.96682],[-7.40332,54.96654],[-7.40356,54.96637],[-7.40384,54.96612],[-7.40413,54.96583],[-7.40448,54.96559],[-7.40501,54.96513],[-7.40532,54.9649],[-7.40568,54.96468],[-7.40605,54.96448],[-7.40748,54.96365],[-7.40677,54.96323],[-7.40553,54.96258],[-7.40402,54.96181],[-7.40349,54.96161],[-7.40328,54.96143],[-7.40305,54.96124],[-7.40294,54.96119],[-7.4028,54.96117],[-7.40287,54.96095],[-7.40293,54.96074],[-7.40291,54.96067],[-7.40279,54.96052],[-7.40235,54.96001],[-7.40209,54.95957],[-7.40417,54.95785],[-7.40594,54.95632],[-7.40723,54.95521],[-7.40666,54.95448],[-7.4064,54.95409],[-7.40596,54.95371],[-7.40549,54.95346],[-7.40517,54.95328],[-7.40439,54.95275],[-7.40392,54.95248],[-7.40348,54.95219],[-7.40322,54.95197],[-7.40264,54.95211],[-7.40259,54.95196],[-7.40251,54.95146],[-7.40225,54.94971],[-7.4014,54.94917],[-7.40023,54.94847],[-7.39829,54.94734],[-7.39691,54.94604],[-7.39207,54.94543],[-7.39523,54.9444],[-7.39808,54.94374],[-7.39986,54.94313],[-7.40172,54.94261],[-7.40249,54.94246],[-7.40339,54.94234],[-7.4043,54.94226],[-7.40534,54.94215],[-7.40619,54.94216],[-7.40714,54.94226],[-7.40783,54.94237],[-7.40844,54.94256],[-7.40931,54.94283],[-7.4098,54.94294],[-7.41023,54.94301],[-7.41092,54.94306],[-7.41168,54.94312],[-7.41357,54.9433],[-7.41502,54.94346],[-7.41552,54.94348],[-7.41596,54.94346],[-7.4165,54.94344],[-7.41707,54.94336],[-7.41824,54.94321],[-7.41891,54.94317],[-7.4199,54.94316],[-7.42093,54.94329],[-7.42201,54.94337],[-7.42256,54.94338],[-7.42313,54.94337],[-7.42405,54.94331],[-7.4249,54.94322],[-7.4258,54.94303],[-7.42694,54.94279],[-7.42834,54.94248],[-7.42932,54.94222],[-7.43098,54.94185],[-7.4326,54.94134],[-7.43455,54.94077],[-7.43658,54.94005],[-7.43902,54.9392],[-7.44131,54.93843],[-7.44282,54.93791],[-7.44433,54.93728],[-7.44481,54.93702],[-7.4455,54.93663],[-7.446,54.93627],[-7.4464,54.93595],[-7.44681,54.9356],[-7.4471,54.93532],[-7.44727,54.93518],[-7.44749,54.9348],[-7.44769,54.93438],[-7.44799,54.93306],[-7.44831,54.93144],[-7.44839,54.93074],[-7.44842,54.9304],[-7.44839,54.93008],[-7.44829,54.92739],[-7.44823,54.9244],[-7.44804,54.92288],[-7.44781,54.92131],[-7.44771,54.92056],[-7.44729,54.91888],[-7.44673,54.91743],[-7.44594,54.9152],[-7.44569,54.91455],[-7.4453,54.91347],[-7.44511,54.91298],[-7.44506,54.91274],[-7.44505,54.91247],[-7.44506,54.91204],[-7.4451,54.9118],[-7.44515,54.9111],[-7.44523,54.91082],[-7.44542,54.91037],[-7.44602,54.90918],[-7.44646,54.90862],[-7.44762,54.90729],[-7.44856,54.90627],[-7.44929,54.90545],[-7.44996,54.90467],[-7.45058,54.90388],[-7.45124,54.903],[-7.45161,54.90238],[-7.45189,54.90184],[-7.45216,54.90117],[-7.45231,54.90058],[-7.45243,54.90005],[-7.45248,54.89968],[-7.45252,54.89821],[-7.45248,54.89781],[-7.45226,54.89612],[-7.45204,54.8948],[-7.45192,54.89425],[-7.45161,54.89351],[-7.45086,54.89224],[-7.45069,54.89195],[-7.45018,54.89132],[-7.44881,54.88975],[-7.44755,54.88838],[-7.4466,54.88728],[-7.44585,54.8863],[-7.44513,54.88527],[-7.44474,54.88461],[-7.44428,54.88385],[-7.44413,54.88344],[-7.44405,54.88316],[-7.44394,54.88254],[-7.44387,54.88187],[-7.44379,54.88132],[-7.44372,54.8812],[-7.44342,54.88087],[-7.44244,54.87987],[-7.44231,54.87969],[-7.44221,54.87952],[-7.44211,54.87933],[-7.44207,54.87915],[-7.44208,54.8788],[-7.44211,54.87806],[-7.44214,54.8779],[-7.44219,54.87779],[-7.44197,54.87734],[-7.44187,54.87698],[-7.44186,54.87678],[-7.44188,54.87634],[-7.44189,54.87583],[-7.44191,54.87547],[-7.44197,54.87528],[-7.44238,54.87433],[-7.44273,54.87352],[-7.44292,54.87299],[-7.44299,54.8726],[-7.44298,54.87211],[-7.44298,54.87184],[-7.44303,54.87157],[-7.44311,54.87132],[-7.44332,54.87097],[-7.44378,54.87017],[-7.44417,54.86953],[-7.4444,54.86925],[-7.44481,54.86887],[-7.4452,54.86849],[-7.44599,54.8678],[-7.44676,54.86718],[-7.44756,54.86656],[-7.44831,54.86595],[-7.44852,54.86575],[-7.44879,54.86543],[-7.44934,54.86471],[-7.44944,54.86459],[-7.44983,54.86418],[-7.45064,54.86361],[-7.45181,54.86277],[-7.45211,54.86254],[-7.4524,54.86233],[-7.45285,54.86196],[-7.45313,54.86177],[-7.45351,54.86155],[-7.45378,54.86137],[-7.45415,54.8611],[-7.45468,54.86067],[-7.45505,54.86034],[-7.45541,54.85988],[-7.45603,54.85894],[-7.45613,54.85869],[-7.4562,54.85818],[-7.4563,54.85775],[-7.45638,54.85735],[-7.4564,54.85697],[-7.4563,54.85665],[-7.45613,54.85609],[-7.45593,54.85541],[-7.45586,54.85495],[-7.4558,54.85469],[-7.45579,54.85454],[-7.45583,54.8543],[-7.45588,54.85411],[-7.45599,54.85393],[-7.45617,54.85377],[-7.45633,54.85368],[-7.45648,54.85358],[-7.4568,54.85356],[-7.4578,54.85364],[-7.45877,54.85381],[-7.45949,54.85389],[-7.45993,54.85395],[-7.46022,54.85398],[-7.46034,54.85398],[-7.46066,54.85388],[-7.46079,54.85378],[-7.46085,54.85371],[-7.46088,54.85359],[-7.46092,54.85333],[-7.46092,54.85295],[-7.46091,54.85252],[-7.4608,54.85205],[-7.46058,54.85072],[-7.46063,54.85055],[-7.46074,54.85022],[-7.46082,54.85001],[-7.46099,54.84966],[-7.46113,54.84953],[-7.46156,54.84919],[-7.46249,54.84842],[-7.46298,54.84799],[-7.4633,54.84769],[-7.46381,54.84727],[-7.46423,54.84676],[-7.46484,54.84598],[-7.46519,54.84545],[-7.46542,54.84513],[-7.46572,54.84469],[-7.46603,54.84431],[-7.46625,54.84402],[-7.46647,54.84379],[-7.46681,54.84351],[-7.46719,54.84322],[-7.4676,54.84291],[-7.4682,54.84231],[-7.4685,54.84193],[-7.46882,54.84147],[-7.46909,54.84095],[-7.46932,54.84043],[-7.46945,54.84019],[-7.46962,54.84001],[-7.46984,54.83982],[-7.46992,54.83974],[-7.46996,54.83963],[-7.47002,54.83931],[-7.47006,54.83889],[-7.47008,54.83857],[-7.47001,54.83805],[-7.47,54.83775],[-7.47001,54.837],[-7.47005,54.83671],[-7.47012,54.83632],[-7.47017,54.83607],[-7.47028,54.83584],[-7.47057,54.83531],[-7.47072,54.8351],[-7.47104,54.83476],[-7.4714,54.83446],[-7.47169,54.83425],[-7.47208,54.83408],[-7.47276,54.83381],[-7.47372,54.83349],[-7.47408,54.83338],[-7.4745,54.83328],[-7.47491,54.83315],[-7.47542,54.83298],[-7.47596,54.83284],[-7.47643,54.83275],[-7.47768,54.83253],[-7.47833,54.83245],[-7.47917,54.83225],[-7.47961,54.83211],[-7.48001,54.83198],[-7.4804,54.8318],[-7.48065,54.83165],[-7.48097,54.83142],[-7.48113,54.83125],[-7.4813,54.83101],[-7.4814,54.83083],[-7.48143,54.83063],[-7.48142,54.8303],[-7.48145,54.82984],[-7.48145,54.82945],[-7.48142,54.82905],[-7.4814,54.82875],[-7.48142,54.82848],[-7.48148,54.82811],[-7.48157,54.82772],[-7.48167,54.82748],[-7.48187,54.82711],[-7.4821,54.82681],[-7.48235,54.82652],[-7.48272,54.82611],[-7.48301,54.82577],[-7.48344,54.82491],[-7.48351,54.82462],[-7.48359,54.82439],[-7.48373,54.82414],[-7.48394,54.8239],[-7.48416,54.82376],[-7.48489,54.82341],[-7.48553,54.82312],[-7.4863,54.82277],[-7.48692,54.82247],[-7.48736,54.82222],[-7.48766,54.82204],[-7.48811,54.82184],[-7.48992,54.82106],[-7.49364,54.81945],[-7.49452,54.81911],[-7.49512,54.81891],[-7.4958,54.81873],[-7.49684,54.81853],[-7.49843,54.81828],[-7.49935,54.81808],[-7.49983,54.81796],[-7.50043,54.81772],[-7.50118,54.81739],[-7.50195,54.81694],[-7.50229,54.8167],[-7.50262,54.81645],[-7.50337,54.81594],[-7.50379,54.81565],[-7.50482,54.81509],[-7.50524,54.81487],[-7.50544,54.81479],[-7.50569,54.81465],[-7.50594,54.81447],[-7.5062,54.81426],[-7.50654,54.81399],[-7.5068,54.81382],[-7.50694,54.81372],[-7.507,54.81362],[-7.50722,54.81354],[-7.50784,54.81332],[-7.50953,54.81282],[-7.50991,54.8127],[-7.51033,54.81254],[-7.51067,54.81239],[-7.51118,54.81218],[-7.512,54.81177],[-7.51318,54.81114],[-7.51365,54.81085],[-7.51416,54.81055],[-7.51479,54.81015],[-7.51527,54.80979],[-7.51549,54.80957],[-7.51629,54.80888],[-7.51669,54.80861],[-7.51709,54.80837],[-7.51747,54.80823],[-7.51785,54.80812],[-7.51833,54.80803],[-7.51883,54.80798],[-7.51942,54.80791],[-7.52021,54.80783],[-7.52103,54.80773],[-7.52192,54.80765],[-7.52244,54.80761],[-7.52299,54.80764],[-7.52379,54.80771],[-7.52436,54.80778],[-7.52513,54.80785],[-7.52612,54.80784],[-7.52786,54.80784],[-7.52808,54.80779],[-7.52832,54.80768],[-7.52859,54.80743],[-7.52882,54.80716],[-7.52902,54.80691],[-7.52917,54.80658],[-7.52935,54.80601],[-7.52945,54.80544],[-7.52948,54.80514],[-7.52944,54.80485],[-7.52928,54.80466],[-7.52889,54.80433],[-7.52854,54.80407],[-7.52823,54.80391],[-7.52791,54.80375],[-7.52761,54.80353],[-7.52751,54.8034],[-7.52745,54.80326],[-7.52744,54.80313],[-7.52751,54.80298],[-7.52768,54.80283],[-7.52794,54.80269],[-7.52846,54.80252],[-7.52922,54.80239],[-7.52989,54.8023],[-7.53056,54.80222],[-7.53184,54.80214],[-7.53264,54.80217],[-7.53316,54.80221],[-7.53343,54.80226],[-7.53384,54.80232],[-7.53413,54.80233],[-7.53453,54.80227],[-7.53495,54.80224],[-7.53523,54.80217],[-7.53875,54.80102],[-7.53902,54.80087],[-7.53961,54.80047],[-7.54099,54.79951],[-7.54129,54.79927],[-7.54147,54.79908],[-7.54168,54.79888],[-7.54185,54.79865],[-7.54191,54.79843],[-7.54191,54.79808],[-7.54189,54.79767],[-7.54161,54.79694],[-7.54157,54.79668],[-7.54166,54.79641],[-7.54187,54.79608],[-7.54203,54.79596],[-7.543,54.79534],[-7.5437,54.79488],[-7.54457,54.79431],[-7.54493,54.7941],[-7.54516,54.79401],[-7.54544,54.79385],[-7.54566,54.79371],[-7.54584,54.79351],[-7.54593,54.79333],[-7.54595,54.7932],[-7.54594,54.79302],[-7.54598,54.79291],[-7.54609,54.79266],[-7.54626,54.79241],[-7.5467,54.79199],[-7.54722,54.79152],[-7.54768,54.79111],[-7.54823,54.79047],[-7.5484,54.79021],[-7.54865,54.78981],[-7.5488,54.7896],[-7.54924,54.78935],[-7.54917,54.78927],[-7.54897,54.78922],[-7.54885,54.78915],[-7.54859,54.7889],[-7.54846,54.78876],[-7.54844,54.78868],[-7.54835,54.78865],[-7.54815,54.78853],[-7.54794,54.78838],[-7.54778,54.78834],[-7.54757,54.78826],[-7.54745,54.78817],[-7.54733,54.78807],[-7.54724,54.78805],[-7.54702,54.78807],[-7.54655,54.7881],[-7.54622,54.78815],[-7.54608,54.78813],[-7.54593,54.78806],[-7.54545,54.78758],[-7.54501,54.78715],[-7.54463,54.78677],[-7.5445,54.78659],[-7.54431,54.78605],[-7.54428,54.7857],[-7.54428,54.78556],[-7.54456,54.78501],[-7.54463,54.78485],[-7.54462,54.78474],[-7.5445,54.78443],[-7.54446,54.78429],[-7.54408,54.78368],[-7.54371,54.78317],[-7.54344,54.78275],[-7.54326,54.78248],[-7.54325,54.78241],[-7.54338,54.78224],[-7.54351,54.78209],[-7.54373,54.78199],[-7.54398,54.78191],[-7.54419,54.78184],[-7.54444,54.78176],[-7.54468,54.78171],[-7.54458,54.78153],[-7.54441,54.78134],[-7.54403,54.78101],[-7.54386,54.78088],[-7.54373,54.78077],[-7.5437,54.7807],[-7.54364,54.78037],[-7.54354,54.78004],[-7.5434,54.7799],[-7.54312,54.77965],[-7.54342,54.77959],[-7.54375,54.77947],[-7.54392,54.77933],[-7.54408,54.77913],[-7.54417,54.77901],[-7.54433,54.77894],[-7.54443,54.77882],[-7.54448,54.77876],[-7.54446,54.77869],[-7.54448,54.77855],[-7.54455,54.77834],[-7.54461,54.77817],[-7.54466,54.7781],[-7.54466,54.77805],[-7.54461,54.77796],[-7.5445,54.77783],[-7.54451,54.77777],[-7.54461,54.77767],[-7.54474,54.77757],[-7.54496,54.77741],[-7.5452,54.77722],[-7.54533,54.77712],[-7.54536,54.77707],[-7.54536,54.77695],[-7.54539,54.77687],[-7.54548,54.77683],[-7.54556,54.77681],[-7.54566,54.77677],[-7.5457,54.7767],[-7.54589,54.77657],[-7.54598,54.77653],[-7.546,54.77649],[-7.54597,54.77643],[-7.54595,54.77631],[-7.54598,54.77622],[-7.54605,54.77613],[-7.54607,54.77604],[-7.54614,54.77598],[-7.54624,54.77591],[-7.54625,54.77587],[-7.5465,54.77562],[-7.547,54.77518],[-7.54712,54.77515],[-7.54722,54.77507],[-7.54738,54.77487],[-7.54751,54.77466],[-7.54754,54.77452],[-7.54755,54.77435],[-7.54751,54.77423],[-7.54753,54.77413],[-7.54757,54.774],[-7.54765,54.77383],[-7.54778,54.7736],[-7.54787,54.77346],[-7.5479,54.77336],[-7.54792,54.77325],[-7.54796,54.77317],[-7.54812,54.7725],[-7.54812,54.77239],[-7.54807,54.77231],[-7.54779,54.77204],[-7.54769,54.7719],[-7.54758,54.7718],[-7.54746,54.77174],[-7.5474,54.77164],[-7.54736,54.77149],[-7.5473,54.77134],[-7.54718,54.77117],[-7.5469,54.77095],[-7.54685,54.77088],[-7.5468,54.77078],[-7.5468,54.77071],[-7.54684,54.77064],[-7.54681,54.77052],[-7.54676,54.77039],[-7.54677,54.77028],[-7.5468,54.77018],[-7.54677,54.77009],[-7.54665,54.76994],[-7.5466,54.76982],[-7.54661,54.76952],[-7.54658,54.76942],[-7.54659,54.76934],[-7.54654,54.76927],[-7.54648,54.76915],[-7.54643,54.76912],[-7.54647,54.76908],[-7.54654,54.76908],[-7.54658,54.76907],[-7.54665,54.76905],[-7.54663,54.76902],[-7.54654,54.76897],[-7.54641,54.76892],[-7.54637,54.76887],[-7.5465,54.76877],[-7.54654,54.76872],[-7.54652,54.76867],[-7.54627,54.76857],[-7.54616,54.76852],[-7.54613,54.76849],[-7.54612,54.76843],[-7.54614,54.7683],[-7.54628,54.76809],[-7.54642,54.76808],[-7.54651,54.76808],[-7.5466,54.76799],[-7.54665,54.76792],[-7.54663,54.76787],[-7.54657,54.76779],[-7.5465,54.76767],[-7.54648,54.76756],[-7.5465,54.76748],[-7.54666,54.76737],[-7.54668,54.76734],[-7.5467,54.76728],[-7.54678,54.76719],[-7.54685,54.76715],[-7.54685,54.76707],[-7.54679,54.767],[-7.54671,54.76693],[-7.54673,54.76684],[-7.54678,54.76673],[-7.54685,54.76662],[-7.54691,54.76651],[-7.54704,54.76638],[-7.54708,54.76626],[-7.54703,54.76616],[-7.54679,54.76588],[-7.54666,54.76579],[-7.54654,54.76575],[-7.54651,54.76568],[-7.54654,54.7656],[-7.54655,54.76554],[-7.54651,54.76548],[-7.5465,54.7654],[-7.54659,54.76535],[-7.54662,54.76527],[-7.54655,54.76519],[-7.54652,54.76511],[-7.54658,54.76505],[-7.5466,54.76494],[-7.54663,54.7649],[-7.5466,54.76481],[-7.54655,54.76475],[-7.54657,54.76466],[-7.54663,54.76456],[-7.54665,54.76446],[-7.5466,54.7644],[-7.54655,54.76428],[-7.54653,54.76418],[-7.54655,54.76413],[-7.54654,54.76408],[-7.54645,54.76406],[-7.54643,54.76403],[-7.54643,54.76396],[-7.54644,54.7639],[-7.54625,54.76358],[-7.54623,54.76345],[-7.54622,54.76312],[-7.54625,54.76261],[-7.54623,54.76248],[-7.5462,54.76225],[-7.5462,54.76207],[-7.54625,54.76189],[-7.54632,54.76168],[-7.54638,54.76156],[-7.54643,54.76153],[-7.54648,54.76148],[-7.54675,54.76102],[-7.54713,54.76031],[-7.5476,54.75963],[-7.54775,54.75937],[-7.54818,54.75872],[-7.54824,54.75812],[-7.54799,54.75703],[-7.54766,54.75685],[-7.5476,54.75631],[-7.54758,54.75562],[-7.54755,54.75538],[-7.54745,54.75528],[-7.54705,54.75505],[-7.54655,54.75475],[-7.54626,54.75458],[-7.54615,54.75456],[-7.54608,54.75452],[-7.54588,54.7544],[-7.54558,54.75423],[-7.54544,54.75418],[-7.54537,54.75418],[-7.54534,54.75417],[-7.54519,54.7541],[-7.545,54.75398],[-7.54483,54.75395],[-7.54453,54.75394],[-7.54418,54.7539],[-7.54401,54.75383],[-7.54386,54.75376],[-7.54361,54.7536],[-7.54353,54.75355],[-7.54337,54.7535],[-7.54321,54.75348],[-7.54311,54.75344],[-7.54296,54.75331],[-7.54297,54.7532],[-7.54296,54.75313],[-7.54281,54.75309],[-7.54259,54.753],[-7.54242,54.75295],[-7.54226,54.75296],[-7.5419,54.75303],[-7.54184,54.75294],[-7.54173,54.75286],[-7.54154,54.75278],[-7.54139,54.75274],[-7.54131,54.75275],[-7.54122,54.7528],[-7.54114,54.75281],[-7.54107,54.75278],[-7.54104,54.75271],[-7.54102,54.75263],[-7.54099,54.75256],[-7.54087,54.75251],[-7.54075,54.7525],[-7.54066,54.7525],[-7.54062,54.75248],[-7.54058,54.75244],[-7.54054,54.75238],[-7.54032,54.75225],[-7.54012,54.75206],[-7.53997,54.75193],[-7.5398,54.75182],[-7.53959,54.75172],[-7.53945,54.75165],[-7.53929,54.75157],[-7.53919,54.75161],[-7.5391,54.75161],[-7.53898,54.75155],[-7.53887,54.75148],[-7.53879,54.75141],[-7.53877,54.75136],[-7.53885,54.75126],[-7.53885,54.75118],[-7.53882,54.75111],[-7.53875,54.75104],[-7.53865,54.75096],[-7.53852,54.75089],[-7.53845,54.75076],[-7.53837,54.75068],[-7.53835,54.7506],[-7.53835,54.75049],[-7.5383,54.75047],[-7.5382,54.75043],[-7.53815,54.75039],[-7.53811,54.75033],[-7.53812,54.75024],[-7.5381,54.75018],[-7.53793,54.75004],[-7.53784,54.74991],[-7.53779,54.74982],[-7.53772,54.74974],[-7.53747,54.74963],[-7.53738,54.74956],[-7.53702,54.74911],[-7.53687,54.74906],[-7.5367,54.74895],[-7.53649,54.74874],[-7.53611,54.74842],[-7.53589,54.74822],[-7.53573,54.74805],[-7.53559,54.74781],[-7.53549,54.74762],[-7.53536,54.74745],[-7.53519,54.74734],[-7.53495,54.74725],[-7.53433,54.74713],[-7.53423,54.74709],[-7.53418,54.74705],[-7.53423,54.74702],[-7.5346,54.74701],[-7.53565,54.74694],[-7.53613,54.74699],[-7.53794,54.74726],[-7.53877,54.7468],[-7.54048,54.74573],[-7.54112,54.74534],[-7.54138,54.74514],[-7.54326,54.74363],[-7.54329,54.74352],[-7.54335,54.74267],[-7.54556,54.74224],[-7.54918,54.74049],[-7.54936,54.74063],[-7.54963,54.74076],[-7.54993,54.74088],[-7.55035,54.741],[-7.55089,54.74115],[-7.55114,54.7412],[-7.55124,54.7413],[-7.55135,54.74143],[-7.55145,54.74152],[-7.5517,54.74171],[-7.55215,54.74195],[-7.55252,54.74216],[-7.55276,54.74225],[-7.5529,54.74233],[-7.55296,54.74239],[-7.55309,54.74263],[-7.55326,54.7429],[-7.55352,54.7432],[-7.55409,54.74376],[-7.55475,54.74375],[-7.55524,54.74432],[-7.55566,54.7445],[-7.55629,54.74479],[-7.55705,54.7451],[-7.55725,54.74519],[-7.55762,54.74525],[-7.55788,54.74527],[-7.55855,54.74524],[-7.55941,54.74518],[-7.56,54.74512],[-7.5604,54.74507],[-7.56082,54.74505],[-7.5615,54.74502],[-7.56182,54.74499],[-7.56199,54.74497],[-7.56234,54.74483],[-7.56262,54.74468],[-7.56276,54.74458],[-7.56287,54.74447],[-7.56303,54.74434],[-7.56314,54.74427],[-7.56324,54.74424],[-7.56332,54.74415],[-7.56367,54.74405],[-7.56408,54.74395],[-7.56433,54.74394],[-7.56463,54.74397],[-7.56489,54.74392],[-7.56509,54.74387],[-7.56569,54.74384],[-7.56602,54.74387],[-7.56635,54.74388],[-7.56654,54.74392],[-7.56673,54.74395],[-7.56693,54.74402],[-7.56709,54.74404],[-7.56719,54.74403],[-7.56735,54.744],[-7.56758,54.744],[-7.56771,54.744],[-7.56798,54.74395],[-7.56819,54.74389],[-7.56836,54.74388],[-7.56857,54.7439],[-7.56887,54.74392],[-7.56904,54.74393],[-7.56938,54.7439],[-7.56975,54.74385],[-7.57,54.74378],[-7.57018,54.74375],[-7.57518,54.74261],[-7.57694,54.7422],[-7.57798,54.74196],[-7.57821,54.74188],[-7.57825,54.74178],[-7.57843,54.74189],[-7.57848,54.74196],[-7.57861,54.742],[-7.57866,54.74215],[-7.57877,54.74235],[-7.57885,54.74253],[-7.57891,54.74262],[-7.57895,54.74272],[-7.57896,54.74286],[-7.57891,54.74294],[-7.5789,54.74299],[-7.57895,54.7431],[-7.57899,54.74325],[-7.57896,54.74345],[-7.57891,54.74361],[-7.57878,54.74374],[-7.57863,54.7438],[-7.57851,54.7439],[-7.5783,54.74462],[-7.57812,54.74531],[-7.57801,54.74562],[-7.57741,54.74629],[-7.57621,54.74759],[-7.57599,54.74786],[-7.57589,54.74796],[-7.57577,54.74802],[-7.57573,54.74812],[-7.57572,54.74821],[-7.57566,54.74826],[-7.57557,54.74827],[-7.57554,54.74836],[-7.57551,54.74844],[-7.57544,54.74853],[-7.57541,54.74856],[-7.5754,54.74863],[-7.57545,54.74871],[-7.57545,54.74877],[-7.57548,54.74886],[-7.57568,54.74904],[-7.57578,54.74914],[-7.57588,54.74923],[-7.57593,54.74933],[-7.57599,54.74942],[-7.57608,54.74951],[-7.57624,54.74964],[-7.57631,54.74971],[-7.57636,54.74981],[-7.57656,54.74999],[-7.57701,54.75026],[-7.57746,54.75032],[-7.57796,54.75039],[-7.57841,54.75043],[-7.57946,54.75044],[-7.58006,54.7504],[-7.58051,54.75035],[-7.58095,54.75029],[-7.58115,54.75029],[-7.58136,54.75032],[-7.58162,54.75038],[-7.58193,54.75044],[-7.58212,54.75046],[-7.58547,54.75001],[-7.58597,54.74996],[-7.58619,54.74993],[-7.58647,54.74993],[-7.58647,54.74991],[-7.58665,54.74987],[-7.58694,54.74916],[-7.58783,54.74707],[-7.5888,54.74497],[-7.58883,54.74478],[-7.58882,54.74457],[-7.58874,54.7443],[-7.58855,54.7437],[-7.58881,54.7437],[-7.58903,54.7437],[-7.58931,54.74376],[-7.58967,54.74382],[-7.59015,54.74392],[-7.59111,54.74412],[-7.59163,54.74425],[-7.59197,54.74432],[-7.59228,54.74443],[-7.59265,54.74457],[-7.59284,54.74468],[-7.593,54.74476],[-7.59335,54.74489],[-7.59363,54.74499],[-7.59409,54.74509],[-7.5948,54.74518],[-7.59825,54.74567],[-7.59979,54.74584],[-7.60085,54.74599],[-7.60141,54.74557],[-7.60158,54.74551],[-7.60254,54.74521],[-7.60383,54.74479],[-7.60452,54.74458],[-7.60493,54.74445],[-7.60526,54.74436],[-7.60557,54.74427],[-7.6059,54.74422],[-7.60695,54.74407],[-7.60737,54.74402],[-7.60792,54.74402],[-7.60858,54.74408],[-7.60927,54.74414],[-7.61003,54.74422],[-7.61108,54.74429],[-7.61179,54.74435],[-7.61336,54.74409],[-7.61495,54.74382],[-7.6151,54.74375],[-7.6156,54.74351],[-7.61621,54.74342],[-7.61645,54.74337],[-7.61659,54.74336],[-7.6167,54.74336],[-7.6169,54.74339],[-7.61714,54.7434],[-7.6176,54.74337],[-7.61808,54.74388],[-7.61808,54.74395],[-7.61842,54.74425],[-7.6185,54.74425],[-7.61943,54.74497],[-7.61959,54.74504],[-7.61964,54.74509],[-7.61979,54.74517],[-7.61997,54.74531],[-7.62015,54.74542],[-7.62139,54.74587],[-7.62628,54.74748],[-7.62703,54.74779],[-7.62748,54.74802],[-7.62825,54.74846],[-7.62859,54.74857],[-7.62971,54.74883],[-7.63065,54.74913],[-7.63142,54.74947],[-7.63251,54.74999],[-7.63257,54.74997],[-7.6333,54.75028],[-7.63566,54.7512],[-7.63605,54.75134],[-7.6366,54.7515],[-7.63821,54.75083],[-7.63984,54.75012],[-7.64083,54.74967],[-7.64229,54.74902],[-7.64646,54.74723],[-7.64922,54.74564],[-7.65001,54.74521],[-7.65095,54.74467],[-7.6511,54.74457],[-7.65145,54.7444],[-7.65171,54.7443],[-7.65205,54.7442],[-7.65267,54.74402],[-7.65286,54.74395],[-7.65351,54.74372],[-7.65378,54.74364],[-7.65398,54.74357],[-7.65407,54.74352],[-7.65432,54.74337],[-7.65453,54.74322],[-7.65475,54.7431],[-7.65487,54.74302],[-7.65512,54.74301],[-7.65527,54.74295],[-7.65542,54.74289],[-7.65556,54.74282],[-7.65573,54.74275],[-7.65583,54.74273],[-7.65604,54.74263],[-7.65652,54.74244],[-7.65724,54.74216],[-7.65744,54.7421],[-7.65782,54.74202],[-7.65821,54.74191],[-7.65856,54.74184],[-7.65879,54.7418],[-7.65905,54.74178],[-7.65938,54.74172],[-7.65953,54.74168],[-7.65976,54.74157],[-7.65999,54.74143],[-7.66064,54.74108],[-7.66092,54.74088],[-7.66127,54.74068],[-7.66148,54.74057],[-7.66176,54.74044],[-7.66208,54.74023],[-7.66231,54.7401],[-7.66267,54.73983],[-7.66277,54.73981],[-7.66305,54.73982],[-7.66317,54.73983],[-7.66331,54.73981],[-7.66348,54.73971],[-7.66361,54.7396],[-7.66375,54.73941],[-7.6639,54.73931],[-7.66532,54.73873],[-7.66666,54.73815],[-7.66804,54.73754],[-7.66849,54.73732],[-7.66876,54.73716],[-7.66914,54.73697],[-7.66941,54.73689],[-7.66966,54.73676],[-7.66975,54.73669],[-7.66988,54.73661],[-7.67045,54.73638],[-7.67066,54.73622],[-7.67072,54.73616],[-7.67081,54.73616],[-7.67095,54.73616],[-7.6711,54.7361],[-7.6714,54.73594],[-7.67165,54.73582],[-7.67195,54.73555],[-7.67201,54.73548],[-7.67205,54.73537],[-7.67218,54.73524],[-7.6725,54.73504],[-7.67263,54.73495],[-7.67269,54.73487],[-7.67278,54.73479],[-7.67288,54.73466],[-7.67335,54.73448],[-7.67357,54.73438],[-7.67387,54.73427],[-7.67411,54.73419],[-7.67497,54.73386],[-7.67527,54.73371],[-7.6754,54.73362],[-7.67579,54.73339],[-7.6763,54.73307],[-7.67636,54.733],[-7.67637,54.73295],[-7.67644,54.73278],[-7.67657,54.73262],[-7.67667,54.73246],[-7.67695,54.73182],[-7.67702,54.73174],[-7.67703,54.73165],[-7.67706,54.73155],[-7.67712,54.73144],[-7.67717,54.73131],[-7.67722,54.73112],[-7.67732,54.73096],[-7.67733,54.7309],[-7.67737,54.73089],[-7.67747,54.7309],[-7.67761,54.73092],[-7.67767,54.73088],[-7.67779,54.73092],[-7.68012,54.73073],[-7.68472,54.73031],[-7.68732,54.73005],[-7.68767,54.73004],[-7.6915,54.72857],[-7.69485,54.72727],[-7.69667,54.72655],[-7.69693,54.72643],[-7.69705,54.72636],[-7.69715,54.72634],[-7.69737,54.72635],[-7.69741,54.72633],[-7.6975,54.72624],[-7.69759,54.72619],[-7.69767,54.72614],[-7.69774,54.72608],[-7.69775,54.72606],[-7.69738,54.72598],[-7.69728,54.72593],[-7.69724,54.72586],[-7.69722,54.72581],[-7.69715,54.72579],[-7.69707,54.72577],[-7.69701,54.72571],[-7.69698,54.72565],[-7.69692,54.7256],[-7.69684,54.72556],[-7.69682,54.72547],[-7.69682,54.72539],[-7.69687,54.72524],[-7.69687,54.72514],[-7.69684,54.7251],[-7.6968,54.72494],[-7.69672,54.72475],[-7.6967,54.72464],[-7.69667,54.72448],[-7.69667,54.72426],[-7.69677,54.7242],[-7.69695,54.72407],[-7.69708,54.72394],[-7.69712,54.72388],[-7.6971,54.72381],[-7.69705,54.72377],[-7.69737,54.72373],[-7.69767,54.72388],[-7.69787,54.72404],[-7.6981,54.72417],[-7.69849,54.72439],[-7.69855,54.72448],[-7.69859,54.72452],[-7.69882,54.72464],[-7.69912,54.72475],[-7.69941,54.72486],[-7.69973,54.72495],[-7.69994,54.72496],[-7.70026,54.72492],[-7.70037,54.7249],[-7.70047,54.72496],[-7.70066,54.72504],[-7.70084,54.72508],[-7.70099,54.72509],[-7.70116,54.72517],[-7.70129,54.72524],[-7.70141,54.72542],[-7.70158,54.72551],[-7.70172,54.72559],[-7.70185,54.72561],[-7.70209,54.72562],[-7.7023,54.72562],[-7.70249,54.72564],[-7.70265,54.7257],[-7.70426,54.72571],[-7.7044,54.7257],[-7.70447,54.72572],[-7.70503,54.72558],[-7.70535,54.72551],[-7.70544,54.72547],[-7.70561,54.72541],[-7.70571,54.7254],[-7.70585,54.7254],[-7.70598,54.72544],[-7.70613,54.72546],[-7.70626,54.72551],[-7.70638,54.72554],[-7.7065,54.72558],[-7.7066,54.72559],[-7.70675,54.72561],[-7.707,54.72562],[-7.70775,54.72576],[-7.7079,54.72576],[-7.71159,54.7261],[-7.71374,54.72505],[-7.71379,54.72496],[-7.71384,54.72487],[-7.71391,54.72476],[-7.71401,54.72468],[-7.71419,54.72459],[-7.71448,54.72447],[-7.71671,54.72341],[-7.71987,54.72187],[-7.72073,54.72147],[-7.72142,54.72118],[-7.72252,54.72068],[-7.72392,54.72009],[-7.7242,54.71994],[-7.72442,54.71986],[-7.72504,54.71958],[-7.72665,54.71892],[-7.72706,54.71871],[-7.72719,54.71867],[-7.72813,54.71846],[-7.73302,54.71741],[-7.73532,54.71691],[-7.73531,54.71685],[-7.73529,54.71679],[-7.73526,54.71669],[-7.73525,54.71656],[-7.73523,54.71644],[-7.73519,54.71636],[-7.73508,54.71622],[-7.73506,54.71613],[-7.73509,54.71603],[-7.73513,54.71596],[-7.73516,54.71573],[-7.73514,54.71563],[-7.73507,54.7155],[-7.735,54.71541],[-7.73499,54.71536],[-7.73503,54.7153],[-7.73501,54.7152],[-7.73501,54.71512],[-7.73515,54.71486],[-7.73524,54.71474],[-7.73531,54.71461],[-7.73535,54.71456],[-7.73547,54.71455],[-7.73553,54.71459],[-7.73559,54.7146],[-7.73565,54.71459],[-7.73573,54.71454],[-7.73591,54.71438],[-7.73615,54.71434],[-7.73625,54.71421],[-7.73629,54.71415],[-7.73639,54.71407],[-7.7367,54.71388],[-7.73679,54.71386],[-7.73684,54.71385],[-7.73693,54.71386],[-7.73698,54.71389],[-7.73707,54.71389],[-7.73718,54.71387],[-7.73724,54.7139],[-7.73736,54.71391],[-7.73753,54.71386],[-7.73771,54.71379],[-7.73786,54.71369],[-7.73791,54.71363],[-7.73824,54.71344],[-7.73829,54.71336],[-7.73836,54.71331],[-7.73845,54.71326],[-7.73858,54.71325],[-7.73866,54.71322],[-7.73873,54.71315],[-7.73884,54.71311],[-7.73921,54.71305],[-7.73943,54.71297],[-7.7397,54.71286],[-7.73974,54.71284],[-7.73976,54.71279],[-7.73972,54.71267],[-7.7397,54.71263],[-7.73968,54.71255],[-7.73968,54.7125],[-7.73972,54.71245],[-7.73978,54.71241],[-7.7399,54.71239],[-7.74004,54.71235],[-7.74026,54.71219],[-7.7403,54.71212],[-7.74033,54.71204],[-7.74046,54.71197],[-7.7407,54.71187],[-7.74085,54.71178],[-7.74089,54.71171],[-7.74092,54.71162],[-7.74093,54.71144],[-7.74098,54.71133],[-7.74103,54.71115],[-7.74108,54.71102],[-7.74106,54.71094],[-7.74103,54.71085],[-7.74103,54.71078],[-7.74105,54.71074],[-7.74119,54.71062],[-7.74128,54.71056],[-7.74135,54.71043],[-7.74135,54.71035],[-7.74138,54.71028],[-7.74143,54.71023],[-7.7415,54.71018],[-7.74153,54.71011],[-7.74157,54.71004],[-7.74163,54.70998],[-7.74171,54.70993],[-7.7419,54.70977],[-7.74198,54.70969],[-7.74209,54.70962],[-7.74233,54.70957],[-7.74221,54.70943],[-7.74215,54.70927],[-7.74214,54.70921],[-7.74215,54.70914],[-7.7422,54.70907],[-7.74223,54.709],[-7.74224,54.70893],[-7.7423,54.7088],[-7.7424,54.70869],[-7.74243,54.7086],[-7.74238,54.70853],[-7.74235,54.70846],[-7.74235,54.7084],[-7.74237,54.70834],[-7.74248,54.70816],[-7.74262,54.7079],[-7.7428,54.70768],[-7.74304,54.70745],[-7.74317,54.70734],[-7.74322,54.70718],[-7.7432,54.70703],[-7.74312,54.70691],[-7.74315,54.70686],[-7.74338,54.7068],[-7.74365,54.70675],[-7.7438,54.70671],[-7.74388,54.70667],[-7.7439,54.7066],[-7.7439,54.70653],[-7.74389,54.70647],[-7.74404,54.70638],[-7.74424,54.70635],[-7.74434,54.70631],[-7.74439,54.70628],[-7.74446,54.70618],[-7.74449,54.70611],[-7.7446,54.70594],[-7.74459,54.70588],[-7.74452,54.70572],[-7.74455,54.70569],[-7.74467,54.70566],[-7.74472,54.70561],[-7.74473,54.70553],[-7.74475,54.70547],[-7.74478,54.70541],[-7.74484,54.70536],[-7.74487,54.70521],[-7.74493,54.70521],[-7.74504,54.70521],[-7.74513,54.70519],[-7.74519,54.70513],[-7.74521,54.70507],[-7.74532,54.70494],[-7.7455,54.70484],[-7.74567,54.70479],[-7.74583,54.70478],[-7.74597,54.70474],[-7.74606,54.7047],[-7.74616,54.70462],[-7.74628,54.7045],[-7.74636,54.70443],[-7.74741,54.70441],[-7.74836,54.70437],[-7.74903,54.70432],[-7.74961,54.70426],[-7.7499,54.70425],[-7.75008,54.70427],[-7.75021,54.7043],[-7.75035,54.70436],[-7.75045,54.70441],[-7.75052,54.70448],[-7.75057,54.70457],[-7.75059,54.70473],[-7.75059,54.70481],[-7.75064,54.70493],[-7.75068,54.70498],[-7.75076,54.70503],[-7.751,54.70508],[-7.75161,54.70514],[-7.75204,54.70516],[-7.75236,54.70516],[-7.75268,54.70516],[-7.7528,54.70518],[-7.75298,54.70523],[-7.75315,54.70534],[-7.75337,54.70546],[-7.75357,54.70553],[-7.7538,54.70564],[-7.75403,54.70571],[-7.75425,54.70575],[-7.75443,54.70582],[-7.7546,54.70592],[-7.75467,54.70601],[-7.7547,54.70613],[-7.75472,54.70621],[-7.75489,54.70626],[-7.75533,54.70622],[-7.75558,54.70614],[-7.75579,54.70604],[-7.75591,54.70595],[-7.75598,54.70588],[-7.75593,54.7058],[-7.7557,54.70554],[-7.75556,54.70533],[-7.75561,54.70525],[-7.75572,54.70513],[-7.7558,54.70511],[-7.75597,54.70513],[-7.75624,54.70518],[-7.75637,54.70524],[-7.75652,54.70534],[-7.75657,54.70539],[-7.75662,54.70549],[-7.75669,54.70553],[-7.75679,54.70553],[-7.75683,54.70554],[-7.75681,54.70568],[-7.75667,54.70593],[-7.75644,54.70626],[-7.75636,54.70634],[-7.75615,54.70642],[-7.756,54.70643],[-7.7558,54.70643],[-7.75552,54.70641],[-7.7553,54.70642],[-7.75511,54.70646],[-7.75493,54.70653],[-7.75472,54.70662],[-7.7546,54.7066],[-7.7545,54.70658],[-7.75418,54.70672],[-7.75387,54.7069],[-7.75352,54.70715],[-7.75347,54.70724],[-7.75351,54.70737],[-7.7537,54.70747],[-7.7541,54.70755],[-7.7551,54.70759],[-7.75574,54.7076],[-7.75611,54.70756],[-7.75641,54.70753],[-7.75666,54.70743],[-7.75692,54.70731],[-7.75753,54.7069],[-7.75772,54.7068],[-7.75796,54.70672],[-7.75834,54.70666],[-7.75889,54.70661],[-7.7593,54.70663],[-7.75987,54.70672],[-7.76048,54.7069],[-7.76076,54.70703],[-7.76111,54.70719],[-7.76146,54.7074],[-7.76191,54.7076],[-7.76226,54.7077],[-7.76273,54.70784],[-7.763,54.70788],[-7.7634,54.70793],[-7.76386,54.70795],[-7.76444,54.708],[-7.76504,54.70805],[-7.76556,54.70809],[-7.76711,54.70842],[-7.76847,54.70871],[-7.7698,54.70903],[-7.77026,54.7091],[-7.77048,54.70913],[-7.77104,54.70915],[-7.77131,54.70913],[-7.77156,54.70909],[-7.77181,54.70901],[-7.77198,54.70896],[-7.77233,54.70885],[-7.77246,54.70882],[-7.77271,54.7088],[-7.77286,54.7088],[-7.77308,54.70882],[-7.77336,54.7089],[-7.77361,54.70905],[-7.77403,54.7094],[-7.7742,54.70957],[-7.77446,54.70968],[-7.77497,54.70981],[-7.77582,54.71006],[-7.77619,54.71011],[-7.77729,54.71021],[-7.77774,54.71028],[-7.77802,54.71035],[-7.77826,54.71048],[-7.77844,54.71061],[-7.77847,54.71069],[-7.77842,54.71082],[-7.77834,54.71098],[-7.77827,54.71115],[-7.77815,54.71135],[-7.77805,54.71147],[-7.77781,54.7116],[-7.77757,54.71167],[-7.77715,54.71177],[-7.7769,54.7118],[-7.77662,54.71182],[-7.77642,54.71188],[-7.77625,54.71197],[-7.77616,54.71213],[-7.77617,54.71232],[-7.77622,54.71248],[-7.77656,54.71287],[-7.77675,54.71306],[-7.77795,54.71326],[-7.778,54.71346],[-7.77799,54.71369],[-7.77794,54.71383],[-7.77788,54.71406],[-7.77791,54.71427],[-7.77808,54.71477],[-7.77818,54.71511],[-7.77834,54.71544],[-7.77857,54.71566],[-7.77885,54.71595],[-7.77923,54.71616],[-7.77969,54.71653],[-7.77999,54.71681],[-7.78022,54.71697],[-7.78047,54.71711],[-7.78079,54.71723],[-7.78156,54.71743],[-7.78203,54.71748],[-7.78251,54.71753],[-7.7827,54.71758],[-7.7834,54.71778],[-7.78412,54.71801],[-7.78449,54.71814],[-7.78468,54.71818],[-7.78485,54.7182],[-7.78503,54.71817],[-7.78531,54.7181],[-7.78563,54.718],[-7.78598,54.71793],[-7.78613,54.71793],[-7.78638,54.71805],[-7.78656,54.71823],[-7.78684,54.71878],[-7.78698,54.7189],[-7.78724,54.71906],[-7.78782,54.71931],[-7.7883,54.71951],[-7.78859,54.7196],[-7.78887,54.71965],[-7.78911,54.71969],[-7.78938,54.71969],[-7.78972,54.71967],[-7.79004,54.7196],[-7.79031,54.71951],[-7.79062,54.71939],[-7.79097,54.7193],[-7.79127,54.71923],[-7.79147,54.71923],[-7.79172,54.71923],[-7.79205,54.71927],[-7.79239,54.71935],[-7.79274,54.71945],[-7.79335,54.7197],[-7.79375,54.71989],[-7.79406,54.71994],[-7.79444,54.71996],[-7.7948,54.71997],[-7.79513,54.71992],[-7.79549,54.7198],[-7.79578,54.71972],[-7.79608,54.71965],[-7.79633,54.71957],[-7.79663,54.7194],[-7.7969,54.71931],[-7.79742,54.71919],[-7.79783,54.71911],[-7.79852,54.71901],[-7.79889,54.71893],[-7.79917,54.71885],[-7.7994,54.71873],[-7.79956,54.71863],[-7.7999,54.7185],[-7.80044,54.71835],[-7.80075,54.71833],[-7.80113,54.71835],[-7.80139,54.71844],[-7.80144,54.71855],[-7.80139,54.71866],[-7.80133,54.71875],[-7.80131,54.71886],[-7.80136,54.71904],[-7.80156,54.71913],[-7.80168,54.71915],[-7.80184,54.71915],[-7.80194,54.71913],[-7.80204,54.71906],[-7.80222,54.71901],[-7.80244,54.71898],[-7.80266,54.71896],[-7.80306,54.71888],[-7.80376,54.71862],[-7.80401,54.71857],[-7.80438,54.71857],[-7.8049,54.71872],[-7.80527,54.71894],[-7.80561,54.71925],[-7.80627,54.71986],[-7.80654,54.72003],[-7.80689,54.7202],[-7.80708,54.7202],[-7.80726,54.72015],[-7.80739,54.72016],[-7.8075,54.7202],[-7.80766,54.7203],[-7.80776,54.72025],[-7.80783,54.72012],[-7.80785,54.72003],[-7.8079,54.71995],[-7.80806,54.71993],[-7.80815,54.71999],[-7.80828,54.7203],[-7.80828,54.72065],[-7.80814,54.7209],[-7.80798,54.72107],[-7.80773,54.72117],[-7.80746,54.72121],[-7.80724,54.72125],[-7.80711,54.72139],[-7.80703,54.72169],[-7.80704,54.72202],[-7.80708,54.72216],[-7.8072,54.72236],[-7.80734,54.72254],[-7.80755,54.72269],[-7.80771,54.72275],[-7.80789,54.72277],[-7.80838,54.72279],[-7.80882,54.72279],[-7.80913,54.72284],[-7.80954,54.72291],[-7.81011,54.72309],[-7.81024,54.72317],[-7.81037,54.72333],[-7.81046,54.72349],[-7.81057,54.72362],[-7.81071,54.72373],[-7.81078,54.72382],[-7.81096,54.72397],[-7.81118,54.72406],[-7.81127,54.72406],[-7.8115,54.72396],[-7.81158,54.7239],[-7.81167,54.72387],[-7.81189,54.72392],[-7.81207,54.72401],[-7.81219,54.72413],[-7.81227,54.72419],[-7.81229,54.72423],[-7.81228,54.72431],[-7.81209,54.72451],[-7.81177,54.72476],[-7.81162,54.72501],[-7.81165,54.72522],[-7.81186,54.72556],[-7.812,54.72594],[-7.81215,54.72627],[-7.8124,54.7265],[-7.81289,54.72691],[-7.81316,54.72709],[-7.81345,54.72738],[-7.81403,54.72791],[-7.81434,54.72827],[-7.8146,54.72845],[-7.81484,54.72853],[-7.81516,54.7286],[-7.81543,54.72864],[-7.81597,54.72872],[-7.81625,54.7288],[-7.81647,54.72892],[-7.81669,54.72907],[-7.81685,54.72922],[-7.81696,54.72951],[-7.81693,54.72993],[-7.81689,54.73018],[-7.81687,54.73058],[-7.81667,54.73132],[-7.81661,54.73156],[-7.81659,54.73173],[-7.81664,54.73199],[-7.8168,54.73227],[-7.81692,54.73253],[-7.81703,54.73272],[-7.81722,54.73288],[-7.81744,54.73302],[-7.81751,54.73314],[-7.81754,54.73329],[-7.81753,54.73342],[-7.81758,54.73357],[-7.81766,54.73372],[-7.81778,54.73383],[-7.81802,54.73386],[-7.81833,54.73384],[-7.81859,54.73385],[-7.81897,54.73391],[-7.81925,54.73393],[-7.81964,54.73404],[-7.81985,54.73415],[-7.81998,54.73433],[-7.8201,54.73471],[-7.82033,54.73492],[-7.82049,54.73494],[-7.8207,54.73493],[-7.8209,54.73487],[-7.82133,54.73493],[-7.82155,54.73494],[-7.82173,54.73501],[-7.82209,54.73519],[-7.82329,54.7356],[-7.82379,54.73574],[-7.82428,54.73586],[-7.82472,54.73595],[-7.82496,54.73601],[-7.82526,54.73597],[-7.82557,54.73591],[-7.8258,54.73584],[-7.82604,54.73574],[-7.82621,54.73563],[-7.82644,54.73554],[-7.82657,54.73547],[-7.82683,54.7354],[-7.82738,54.73537],[-7.82777,54.73534],[-7.82805,54.73532],[-7.82831,54.73532],[-7.82886,54.73537],[-7.82959,54.73549],[-7.82993,54.73556],[-7.83037,54.73569],[-7.83082,54.73584],[-7.83119,54.73602],[-7.83148,54.73615],[-7.83172,54.7362],[-7.83208,54.73616],[-7.83236,54.7361],[-7.83265,54.73605],[-7.83285,54.73605],[-7.83313,54.73611],[-7.83345,54.73616],[-7.83376,54.73616],[-7.83609,54.73635],[-7.83632,54.73637],[-7.83639,54.73635],[-7.83647,54.73634],[-7.83654,54.73636],[-7.83659,54.73641],[-7.83664,54.73643],[-7.83672,54.7364],[-7.83672,54.73634],[-7.83668,54.73626],[-7.83672,54.73621],[-7.83689,54.73614],[-7.83704,54.73605],[-7.83712,54.7359],[-7.83716,54.73574],[-7.83719,54.73567],[-7.83728,54.73563],[-7.83736,54.73561],[-7.8374,54.73559],[-7.83742,54.73554],[-7.83742,54.73548],[-7.83752,54.73546],[-7.83763,54.73544],[-7.83781,54.73548],[-7.83792,54.73556],[-7.83808,54.73556],[-7.83824,54.73548],[-7.83861,54.73532],[-7.83881,54.73517],[-7.83903,54.73523],[-7.83913,54.73523],[-7.83917,54.73521],[-7.83922,54.73515],[-7.83922,54.73507],[-7.83928,54.73495],[-7.83945,54.73477],[-7.83951,54.73467],[-7.83964,54.73459],[-7.83979,54.73449],[-7.83981,54.73439],[-7.83982,54.73432],[-7.83985,54.73425],[-7.83991,54.73402],[-7.83996,54.73394],[-7.84009,54.73387],[-7.84039,54.73376],[-7.84058,54.73363],[-7.8406,54.73361],[-7.84051,54.73354],[-7.84025,54.73342],[-7.84018,54.73339],[-7.84033,54.73335],[-7.84054,54.73338],[-7.84077,54.7334],[-7.84098,54.73348],[-7.84123,54.73352],[-7.8414,54.73348],[-7.84149,54.73338],[-7.84156,54.7333],[-7.8417,54.73317],[-7.84187,54.7331],[-7.84211,54.73304],[-7.8423,54.73299],[-7.8425,54.73295],[-7.84263,54.73289],[-7.84284,54.73283],[-7.84295,54.73277],[-7.84308,54.73267],[-7.84333,54.73251],[-7.84364,54.73237],[-7.84378,54.73229],[-7.84388,54.73223],[-7.844,54.73217],[-7.84415,54.73212],[-7.84422,54.73208],[-7.84426,54.732],[-7.84438,54.73192],[-7.84457,54.73184],[-7.84467,54.73177],[-7.84475,54.73175],[-7.84488,54.73174],[-7.845,54.73165],[-7.8451,54.73161],[-7.84513,54.73156],[-7.84523,54.73152],[-7.8454,54.73151],[-7.84562,54.73147],[-7.84582,54.73145],[-7.84598,54.73145],[-7.8461,54.73148],[-7.8463,54.73141],[-7.84659,54.73121],[-7.84675,54.73116],[-7.84682,54.73112],[-7.84682,54.73105],[-7.84686,54.73093],[-7.84694,54.73083],[-7.84699,54.7308],[-7.84702,54.73078],[-7.84701,54.73075],[-7.84694,54.73068],[-7.84688,54.73057],[-7.8469,54.73048],[-7.84684,54.73037],[-7.84684,54.73028],[-7.84687,54.73023],[-7.84698,54.73013],[-7.84699,54.7301],[-7.84696,54.73003],[-7.84696,54.72996],[-7.84703,54.72988],[-7.84729,54.72975],[-7.84749,54.72966],[-7.84766,54.72962],[-7.8477,54.72958],[-7.84773,54.72955],[-7.84771,54.72952],[-7.84767,54.72948],[-7.84767,54.72942],[-7.84773,54.72938],[-7.84785,54.72935],[-7.84803,54.72929],[-7.84819,54.72922],[-7.84839,54.72916],[-7.8485,54.72912],[-7.84862,54.72909],[-7.84891,54.72908],[-7.84906,54.72909],[-7.84951,54.72899],[-7.8496,54.72894],[-7.84968,54.72894],[-7.84981,54.72893],[-7.84999,54.7289],[-7.85025,54.72885],[-7.85046,54.72878],[-7.85067,54.72871],[-7.8509,54.72866],[-7.85109,54.72863],[-7.85124,54.72857],[-7.85142,54.72853],[-7.85176,54.72826],[-7.8525,54.72785],[-7.85267,54.72779],[-7.85288,54.72775],[-7.8532,54.72767],[-7.85336,54.72758],[-7.85347,54.72751],[-7.8536,54.72745],[-7.85373,54.72743],[-7.85386,54.72741],[-7.85397,54.72739],[-7.85404,54.72734],[-7.8541,54.72727],[-7.85426,54.72716],[-7.85435,54.72711],[-7.85442,54.72707],[-7.85461,54.727],[-7.85503,54.72681],[-7.85511,54.72671],[-7.85535,54.72645],[-7.85727,54.72446],[-7.86157,54.7205],[-7.86373,54.7184],[-7.8681,54.71401],[-7.87192,54.71032],[-7.8741,54.70815],[-7.87434,54.70797],[-7.87444,54.70786],[-7.87451,54.70777],[-7.87465,54.70766],[-7.87481,54.70758],[-7.87491,54.7075],[-7.87498,54.70744],[-7.87507,54.70738],[-7.87518,54.70732],[-7.87528,54.70723],[-7.8753,54.70713],[-7.8755,54.70681],[-7.87564,54.70671],[-7.8764,54.70626],[-7.87653,54.70611],[-7.8766,54.706],[-7.87675,54.70578],[-7.87679,54.70565],[-7.87683,54.70556],[-7.87688,54.70549],[-7.8769,54.70538],[-7.87697,54.70529],[-7.87699,54.7052],[-7.87718,54.70486],[-7.8773,54.70476],[-7.87742,54.7047],[-7.87757,54.70461],[-7.87767,54.70451],[-7.87792,54.70438],[-7.87808,54.70428],[-7.87812,54.70417],[-7.87823,54.70399],[-7.87843,54.70387],[-7.87867,54.70375],[-7.87884,54.70368],[-7.87907,54.70354],[-7.87912,54.70344],[-7.87916,54.70334],[-7.87919,54.70322],[-7.87926,54.70314],[-7.87937,54.70305],[-7.87947,54.70299],[-7.87942,54.70291],[-7.87942,54.70284],[-7.87957,54.70278],[-7.87977,54.70269],[-7.88005,54.70269],[-7.88029,54.70271],[-7.88047,54.70279],[-7.8807,54.70279],[-7.88094,54.70279],[-7.88106,54.70281],[-7.88114,54.70281],[-7.88123,54.70288],[-7.88128,54.70295],[-7.88135,54.70299],[-7.88143,54.70301],[-7.88169,54.70304],[-7.88184,54.70303],[-7.88192,54.70303],[-7.88197,54.70309],[-7.88197,54.70316],[-7.88194,54.70322],[-7.88199,54.70327],[-7.88219,54.70332],[-7.88237,54.70342],[-7.88244,54.70351],[-7.88259,54.7036],[-7.88316,54.70376],[-7.88339,54.70379],[-7.88368,54.70382],[-7.88486,54.70386],[-7.88519,54.70386],[-7.88557,54.70381],[-7.88566,54.70378],[-7.88571,54.70373],[-7.88581,54.70371],[-7.88591,54.7037],[-7.88606,54.70372],[-7.88622,54.70378],[-7.88634,54.70384],[-7.88656,54.70383],[-7.88683,54.70381],[-7.88701,54.70375],[-7.88727,54.70368],[-7.88744,54.7036],[-7.88755,54.70349],[-7.8876,54.7034],[-7.88779,54.70339],[-7.88795,54.70343],[-7.88815,54.70344],[-7.88833,54.70349],[-7.8885,54.70347],[-7.88875,54.70343],[-7.8889,54.70344],[-7.88905,54.70342],[-7.8892,54.70334],[-7.88928,54.70334],[-7.88943,54.70337],[-7.88958,54.70342],[-7.8899,54.70342],[-7.89015,54.70341],[-7.8903,54.70341],[-7.89032,54.70338],[-7.89039,54.70335],[-7.89055,54.70331],[-7.89073,54.7033],[-7.89084,54.70327],[-7.89093,54.70324],[-7.89129,54.70305],[-7.89139,54.70301],[-7.89163,54.70298],[-7.89176,54.70295],[-7.89178,54.70291],[-7.89182,54.70285],[-7.89192,54.70277],[-7.89197,54.70272],[-7.89212,54.70267],[-7.89239,54.70259],[-7.89244,54.70249],[-7.89255,54.70246],[-7.8928,54.70249],[-7.89296,54.70249],[-7.89312,54.70249],[-7.89322,54.70249],[-7.8934,54.70251],[-7.89349,54.70249],[-7.89351,54.70226],[-7.89351,54.70216],[-7.89349,54.70209],[-7.89353,54.70189],[-7.89352,54.70182],[-7.89347,54.70179],[-7.89343,54.70175],[-7.89342,54.70169],[-7.89345,54.70163],[-7.89352,54.70154],[-7.89358,54.70151],[-7.89369,54.70141],[-7.89379,54.70134],[-7.89393,54.70127],[-7.89399,54.70123],[-7.89407,54.70114],[-7.89421,54.70101],[-7.89432,54.7009],[-7.89444,54.70082],[-7.89457,54.70077],[-7.89459,54.70073],[-7.89461,54.70065],[-7.89464,54.70059],[-7.89469,54.70053],[-7.89481,54.7005],[-7.89503,54.70047],[-7.89518,54.70046],[-7.89529,54.70046],[-7.89539,54.70051],[-7.89546,54.70056],[-7.89566,54.70063],[-7.89581,54.70066],[-7.89594,54.70069],[-7.8961,54.70069],[-7.89628,54.70072],[-7.89637,54.70074],[-7.89648,54.70082],[-7.8966,54.70088],[-7.89669,54.70092],[-7.89673,54.70095],[-7.89686,54.70101],[-7.89702,54.70104],[-7.89726,54.70114],[-7.89732,54.70119],[-7.89746,54.70128],[-7.89752,54.70134],[-7.8977,54.70147],[-7.89774,54.70156],[-7.89788,54.70159],[-7.89798,54.70159],[-7.8981,54.70161],[-7.8982,54.70163],[-7.89827,54.70168],[-7.89841,54.70174],[-7.89868,54.70179],[-7.899,54.70181],[-7.8991,54.70179],[-7.89923,54.70178],[-7.89935,54.70176],[-7.89947,54.70177],[-7.8996,54.70182],[-7.89967,54.70186],[-7.89983,54.70191],[-7.90009,54.70199],[-7.90015,54.70202],[-7.90015,54.70207],[-7.90023,54.70216],[-7.90033,54.70229],[-7.90066,54.70244],[-7.90075,54.70244],[-7.90091,54.70246],[-7.901,54.70246],[-7.90116,54.70239],[-7.90128,54.70231],[-7.90145,54.70231],[-7.90164,54.70232],[-7.90216,54.70228],[-7.90237,54.70228],[-7.90247,54.70227],[-7.90271,54.70218],[-7.90286,54.70216],[-7.90328,54.70209],[-7.90347,54.70206],[-7.90362,54.70206],[-7.90386,54.70204],[-7.90407,54.70211],[-7.90416,54.70216],[-7.90422,54.70218],[-7.9043,54.70217],[-7.90436,54.70214],[-7.90443,54.70214],[-7.90448,54.70215],[-7.9045,54.70221],[-7.90462,54.70224],[-7.90467,54.70227],[-7.90462,54.7023],[-7.90454,54.70232],[-7.9045,54.70235],[-7.90457,54.70237],[-7.90466,54.70238],[-7.90479,54.70244],[-7.90483,54.70247],[-7.90487,54.70253],[-7.90482,54.70257],[-7.90484,54.70261],[-7.9049,54.70265],[-7.90499,54.70268],[-7.90509,54.70272],[-7.90515,54.70276],[-7.90521,54.70281],[-7.90521,54.70287],[-7.90524,54.70292],[-7.90524,54.70299],[-7.90528,54.70305],[-7.90528,54.70312],[-7.90534,54.70316],[-7.90549,54.70326],[-7.9056,54.70329],[-7.90565,54.7033],[-7.90572,54.70333],[-7.90578,54.70331],[-7.90582,54.70334],[-7.90588,54.70338],[-7.90601,54.7034],[-7.90609,54.7034],[-7.90638,54.70344],[-7.90653,54.70344],[-7.90661,54.70347],[-7.90681,54.70359],[-7.90699,54.70363],[-7.90718,54.70361],[-7.90739,54.70357],[-7.9075,54.70353],[-7.90759,54.70352],[-7.90764,54.70351],[-7.90772,54.70346],[-7.9078,54.70341],[-7.90789,54.70338],[-7.90797,54.70335],[-7.90809,54.70328],[-7.90821,54.70324],[-7.90819,54.70318],[-7.90816,54.70312],[-7.90812,54.70309],[-7.90818,54.70305],[-7.90832,54.70303],[-7.90833,54.70289],[-7.90839,54.7028],[-7.90843,54.70275],[-7.90843,54.70272],[-7.90844,54.70268],[-7.90844,54.70266],[-7.90843,54.70263],[-7.90843,54.70259],[-7.90846,54.70254],[-7.90846,54.70251],[-7.90843,54.70246],[-7.90843,54.70243],[-7.90841,54.70239],[-7.90834,54.70235],[-7.90831,54.70232],[-7.90836,54.70226],[-7.90848,54.70218],[-7.90848,54.70213],[-7.90847,54.70209],[-7.90847,54.70204],[-7.90842,54.70199],[-7.90842,54.70196],[-7.9084,54.70195],[-7.90836,54.70189],[-7.90833,54.70186],[-7.90828,54.70182],[-7.90829,54.70175],[-7.9085,54.7015],[-7.90862,54.70147],[-7.90882,54.70147],[-7.90903,54.70145],[-7.90923,54.7015],[-7.90963,54.70151],[-7.90973,54.70151],[-7.90988,54.70144],[-7.90998,54.70141],[-7.91005,54.70133],[-7.91011,54.70128],[-7.91022,54.70124],[-7.9104,54.70123],[-7.91055,54.70115],[-7.91067,54.70107],[-7.91078,54.70102],[-7.91085,54.70099],[-7.911,54.70101],[-7.91114,54.70099],[-7.91133,54.70104],[-7.9114,54.70102],[-7.91146,54.70102],[-7.91153,54.70103],[-7.91164,54.70107],[-7.91177,54.70109],[-7.91187,54.70115],[-7.91199,54.70118],[-7.91215,54.70118],[-7.91236,54.70125],[-7.91265,54.70138],[-7.91285,54.70141],[-7.91311,54.70145],[-7.91338,54.70155],[-7.91352,54.70159],[-7.91367,54.70164],[-7.91382,54.70167],[-7.91397,54.70171],[-7.9141,54.7018],[-7.91429,54.70179],[-7.91494,54.70186],[-7.91563,54.70197],[-7.91631,54.70212],[-7.91701,54.70231],[-7.91799,54.7027],[-7.9184,54.70144],[-7.91893,54.70032],[-7.91957,54.69886],[-7.92028,54.69726],[-7.9206,54.69668],[-7.92095,54.69599],[-7.92021,54.69543],[-7.91921,54.69565],[-7.91864,54.6957],[-7.91835,54.6957],[-7.91814,54.69577],[-7.91802,54.6959],[-7.91796,54.69603],[-7.91791,54.6961],[-7.91784,54.69614],[-7.91765,54.69615],[-7.91739,54.69609],[-7.91718,54.69602],[-7.91697,54.6959],[-7.9168,54.69575],[-7.91665,54.69555],[-7.91657,54.69537],[-7.91647,54.69528],[-7.91622,54.69515],[-7.91589,54.69505],[-7.91551,54.69489],[-7.91536,54.69485],[-7.91517,54.69485],[-7.91505,54.69488],[-7.91487,54.69487],[-7.9147,54.69481],[-7.91453,54.69481],[-7.91437,54.69483],[-7.91405,54.69476],[-7.9138,54.69472],[-7.91357,54.6946],[-7.91325,54.69443],[-7.9127,54.69433],[-7.91262,54.6943],[-7.91254,54.69419],[-7.91222,54.69406],[-7.91211,54.69399],[-7.91201,54.69389],[-7.91182,54.69371],[-7.91165,54.69353],[-7.91109,54.69315],[-7.91096,54.69304],[-7.91087,54.69292],[-7.9108,54.69273],[-7.91076,54.6924],[-7.91057,54.69169],[-7.91043,54.6914],[-7.91018,54.69099],[-7.90977,54.69034],[-7.90761,54.68922],[-7.9011,54.69049],[-7.89901,54.69091],[-7.89891,54.69078],[-7.89878,54.69066],[-7.89874,54.69058],[-7.89876,54.69044],[-7.89885,54.69033],[-7.89893,54.69024],[-7.89923,54.69012],[-7.8993,54.69006],[-7.89934,54.68994],[-7.89928,54.68989],[-7.89922,54.68984],[-7.89926,54.68976],[-7.89939,54.68962],[-7.89943,54.68949],[-7.89943,54.6894],[-7.89931,54.68931],[-7.89923,54.68919],[-7.89921,54.6891],[-7.8991,54.68902],[-7.89895,54.68894],[-7.89886,54.68886],[-7.89875,54.68866],[-7.89872,54.68857],[-7.89845,54.68847],[-7.89829,54.68837],[-7.89817,54.68822],[-7.89808,54.68807],[-7.89797,54.68794],[-7.89798,54.68763],[-7.89806,54.68741],[-7.89807,54.68725],[-7.89806,54.68702],[-7.89818,54.68644],[-7.89853,54.68501],[-7.90097,54.68396],[-7.90157,54.68363],[-7.90281,54.68296],[-7.90305,54.68281],[-7.90315,54.68253],[-7.90324,54.68223],[-7.90332,54.68202],[-7.90346,54.68191],[-7.90387,54.68178],[-7.90471,54.68156],[-7.90566,54.68129],[-7.90598,54.68113],[-7.90654,54.68074],[-7.90706,54.68034],[-7.90781,54.67967],[-7.90801,54.67946],[-7.90814,54.67934],[-7.90849,54.67929],[-7.9092,54.67917],[-7.90935,54.67911],[-7.91108,54.67804],[-7.91218,54.67732],[-7.913,54.67664],[-7.91362,54.67616],[-7.91385,54.67595],[-7.914,54.67565],[-7.9141,54.6754],[-7.91407,54.67527],[-7.914,54.67522],[-7.91395,54.67518],[-7.91385,54.67497],[-7.91371,54.67485],[-7.9135,54.67474],[-7.91315,54.67468],[-7.91276,54.67459],[-7.91229,54.67452],[-7.91228,54.6745],[-7.91227,54.67442],[-7.91229,54.67433],[-7.91233,54.67425],[-7.91233,54.67418],[-7.91229,54.67412],[-7.9123,54.67405],[-7.91224,54.67392],[-7.91214,54.67373],[-7.91201,54.67352],[-7.91191,54.67332],[-7.91181,54.6731],[-7.9116,54.67287],[-7.91155,54.6728],[-7.91153,54.67271],[-7.91153,54.67264],[-7.9115,54.67256],[-7.91145,54.67247],[-7.91144,54.67235],[-7.9114,54.6722],[-7.9114,54.67213],[-7.91137,54.67204],[-7.91125,54.67196],[-7.91116,54.67192],[-7.91109,54.6718],[-7.91102,54.67168],[-7.91095,54.67136],[-7.91088,54.67107],[-7.91087,54.67093],[-7.91091,54.67063],[-7.91095,54.6705],[-7.911,54.67012],[-7.911,54.66991],[-7.91095,54.66977],[-7.91083,54.66959],[-7.91054,54.66938],[-7.9105,54.66926],[-7.91056,54.66919],[-7.91059,54.66911],[-7.91045,54.66903],[-7.91026,54.66894],[-7.91018,54.66887],[-7.91007,54.66866],[-7.90993,54.66847],[-7.90984,54.66826],[-7.90971,54.66812],[-7.9096,54.66805],[-7.90948,54.66805],[-7.90935,54.66811],[-7.90912,54.66809],[-7.90911,54.66803],[-7.90911,54.66791],[-7.90907,54.66774],[-7.90895,54.66755],[-7.90886,54.66745],[-7.90876,54.66741],[-7.90871,54.66734],[-7.90871,54.66726],[-7.90854,54.66706],[-7.90825,54.66677],[-7.90788,54.66643],[-7.90746,54.6662],[-7.90718,54.66604],[-7.90695,54.66601],[-7.90679,54.66605],[-7.90671,54.66622],[-7.90664,54.66634],[-7.90649,54.66644],[-7.90629,54.66647],[-7.90616,54.66646],[-7.90582,54.66632],[-7.90564,54.6663],[-7.90544,54.6663],[-7.90527,54.66627],[-7.90487,54.66605],[-7.9046,54.66584],[-7.90434,54.66558],[-7.90417,54.66538],[-7.90408,54.66522],[-7.90403,54.66504],[-7.90407,54.66494],[-7.9041,54.66479],[-7.90414,54.66468],[-7.90423,54.66464],[-7.90444,54.6646],[-7.90455,54.66455],[-7.90465,54.66447],[-7.90492,54.66445],[-7.90505,54.66445],[-7.90515,54.6644],[-7.90517,54.66433],[-7.90513,54.66424],[-7.90502,54.66417],[-7.90465,54.66387],[-7.90425,54.6636],[-7.90404,54.66342],[-7.90394,54.66331],[-7.90394,54.66321],[-7.90398,54.66305],[-7.90402,54.66295],[-7.90403,54.66286],[-7.90403,54.66278],[-7.90399,54.6627],[-7.90384,54.6626],[-7.90357,54.66248],[-7.90329,54.66242],[-7.90307,54.66238],[-7.90227,54.66205],[-7.90195,54.66189],[-7.90093,54.6615],[-7.90063,54.66143],[-7.90043,54.66148],[-7.90023,54.66154],[-7.90009,54.66159],[-7.89994,54.6616],[-7.89988,54.66156],[-7.89975,54.66148],[-7.8996,54.66131],[-7.89933,54.66109],[-7.89888,54.66069],[-7.89874,54.66048],[-7.89874,54.66027],[-7.89871,54.66006],[-7.89857,54.65983],[-7.8985,54.65978],[-7.89806,54.65976],[-7.89762,54.65976],[-7.89746,54.65971],[-7.89728,54.65968],[-7.89723,54.65966],[-7.89723,54.65959],[-7.89738,54.65953],[-7.89776,54.65939],[-7.89786,54.65934],[-7.89793,54.6593],[-7.89795,54.65926],[-7.89792,54.65915],[-7.89781,54.65903],[-7.89758,54.65888],[-7.89726,54.65863],[-7.89703,54.65848],[-7.8969,54.65829],[-7.89655,54.65816],[-7.89609,54.65809],[-7.89582,54.65798],[-7.89536,54.65786],[-7.8951,54.65774],[-7.89494,54.65766],[-7.89428,54.65759],[-7.89417,54.65756],[-7.89392,54.65733],[-7.89379,54.65714],[-7.89369,54.65701],[-7.89362,54.65687],[-7.89352,54.65671],[-7.89338,54.65661],[-7.89326,54.65655],[-7.89312,54.6565],[-7.89297,54.65648],[-7.89279,54.65657],[-7.89258,54.65671],[-7.89239,54.65679],[-7.89217,54.65674],[-7.89205,54.65661],[-7.8919,54.65633],[-7.89177,54.65613],[-7.89162,54.656],[-7.89142,54.65596],[-7.89125,54.65599],[-7.8911,54.65609],[-7.89097,54.65626],[-7.89092,54.65632],[-7.89101,54.65641],[-7.8912,54.6565],[-7.89127,54.65659],[-7.89129,54.65666],[-7.89117,54.6567],[-7.891,54.65665],[-7.8908,54.65658],[-7.89061,54.65657],[-7.89045,54.65657],[-7.89037,54.65654],[-7.89021,54.65651],[-7.89002,54.65651],[-7.88971,54.65662],[-7.88905,54.65679],[-7.88856,54.6569],[-7.88799,54.65694],[-7.8874,54.65701],[-7.88698,54.65702],[-7.88666,54.65699],[-7.88646,54.6569],[-7.88608,54.65683],[-7.88569,54.65674],[-7.88526,54.65656],[-7.88486,54.65639],[-7.88456,54.65632],[-7.88412,54.65626],[-7.88371,54.65622],[-7.88344,54.65616],[-7.8833,54.65608],[-7.88324,54.65601],[-7.8833,54.65593],[-7.88331,54.6559],[-7.88351,54.65587],[-7.88372,54.65591],[-7.88388,54.65594],[-7.88406,54.65594],[-7.88425,54.65591],[-7.88439,54.65584],[-7.88446,54.65576],[-7.88446,54.65565],[-7.88439,54.65554],[-7.88419,54.65548],[-7.88386,54.65547],[-7.88343,54.65555],[-7.88307,54.6556],[-7.88277,54.65561],[-7.88251,54.65556],[-7.88222,54.65542],[-7.88205,54.65529],[-7.88192,54.65521],[-7.88172,54.65515],[-7.88123,54.65529],[-7.88084,54.65541],[-7.88061,54.65551],[-7.8804,54.65564],[-7.88024,54.65581],[-7.87997,54.65593],[-7.87985,54.65594],[-7.87979,54.65586],[-7.87967,54.65581],[-7.87948,54.65577],[-7.87933,54.65572],[-7.879,54.65565],[-7.87875,54.65565],[-7.87847,54.65562],[-7.87823,54.65564],[-7.87788,54.65569],[-7.8775,54.65572],[-7.87728,54.65573],[-7.87669,54.65545],[-7.87656,54.65537],[-7.87633,54.65531],[-7.87609,54.65528],[-7.87588,54.6552],[-7.87568,54.65508],[-7.87525,54.65487],[-7.87503,54.65482],[-7.87487,54.65481],[-7.8747,54.65481],[-7.87451,54.65483],[-7.87433,54.65479],[-7.87411,54.65477],[-7.87399,54.65473],[-7.87376,54.65464],[-7.87358,54.65456],[-7.87289,54.65427],[-7.87265,54.65419],[-7.8724,54.65413],[-7.87221,54.65404],[-7.87207,54.65395],[-7.87199,54.65388],[-7.87187,54.65374],[-7.87167,54.65363],[-7.87154,54.65357],[-7.87134,54.65331],[-7.87127,54.65322],[-7.87115,54.65318],[-7.87102,54.6532],[-7.87088,54.65328],[-7.87064,54.65336],[-7.87044,54.65342],[-7.87027,54.65342],[-7.87012,54.65337],[-7.86997,54.6533],[-7.86982,54.6532],[-7.86971,54.6531],[-7.8696,54.65302],[-7.86949,54.65295],[-7.8693,54.65295],[-7.86873,54.65302],[-7.86835,54.65305],[-7.86808,54.65305],[-7.86792,54.65302],[-7.86779,54.65297],[-7.86757,54.65285],[-7.86726,54.65269],[-7.86707,54.6526],[-7.8669,54.6525],[-7.86669,54.65245],[-7.86646,54.65245],[-7.8663,54.65252],[-7.86614,54.65267],[-7.86603,54.65274],[-7.86592,54.65276],[-7.86568,54.65266],[-7.86545,54.65264],[-7.86527,54.6526],[-7.86516,54.65256],[-7.86513,54.6525],[-7.86511,54.65241],[-7.86507,54.65228],[-7.86496,54.65207],[-7.86479,54.65185],[-7.86467,54.6517],[-7.86458,54.65154],[-7.86449,54.65147],[-7.86432,54.65146],[-7.86399,54.65155],[-7.86368,54.65167],[-7.86343,54.6518],[-7.86328,54.65185],[-7.86313,54.65185],[-7.86304,54.6518],[-7.86294,54.65167],[-7.8628,54.65155],[-7.86257,54.65142],[-7.86219,54.65132],[-7.86056,54.65095],[-7.85987,54.65084],[-7.85957,54.6508],[-7.85943,54.65081],[-7.85888,54.65077],[-7.85857,54.65076],[-7.85807,54.65072],[-7.85774,54.65068],[-7.85752,54.65069],[-7.85737,54.65068],[-7.85714,54.65063],[-7.85697,54.6506],[-7.85666,54.6505],[-7.8566,54.65048],[-7.85643,54.65012],[-7.8564,54.64998],[-7.85634,54.64985],[-7.85626,54.64971],[-7.85621,54.64955],[-7.85621,54.64939],[-7.85615,54.64894],[-7.85602,54.64871],[-7.85596,54.64837],[-7.85595,54.64813],[-7.85586,54.64777],[-7.85587,54.64743],[-7.8558,54.64723],[-7.85578,54.64709],[-7.85577,54.64699],[-7.85581,54.64673],[-7.85599,54.64604],[-7.856,54.6458],[-7.85602,54.64556],[-7.85601,54.64534],[-7.85592,54.64516],[-7.85573,54.64504],[-7.85565,54.64489],[-7.85561,54.64479],[-7.85564,54.64468],[-7.85578,54.6446],[-7.85593,54.6445],[-7.85603,54.64442],[-7.85607,54.64434],[-7.85602,54.64427],[-7.85586,54.64418],[-7.85556,54.64411],[-7.85522,54.64411],[-7.85494,54.64414],[-7.85475,54.64415],[-7.85458,54.64412],[-7.85448,54.64404],[-7.85433,54.64384],[-7.85428,54.64369],[-7.85416,54.64344],[-7.85403,54.64297],[-7.854,54.64272],[-7.854,54.64264],[-7.85404,54.64252],[-7.85429,54.64225],[-7.85452,54.64183],[-7.85466,54.64162],[-7.85484,54.6414],[-7.85497,54.64128],[-7.85557,54.6411],[-7.85595,54.64098],[-7.85615,54.64091],[-7.8563,54.64082],[-7.85647,54.64074],[-7.85657,54.64062],[-7.85675,54.64044],[-7.85702,54.64012],[-7.8571,54.63997],[-7.85713,54.63981],[-7.85714,54.63967],[-7.85716,54.63948],[-7.85716,54.6394],[-7.85714,54.63917],[-7.8571,54.63893],[-7.85698,54.6387],[-7.85692,54.6385],[-7.85677,54.63838],[-7.85632,54.63827],[-7.85593,54.63817],[-7.85545,54.63802],[-7.85486,54.6378],[-7.8547,54.63763],[-7.8545,54.63746],[-7.85417,54.63727],[-7.85402,54.63718],[-7.85375,54.63708],[-7.85348,54.63693],[-7.85326,54.63681],[-7.85298,54.63678],[-7.85261,54.63678],[-7.85231,54.63678],[-7.85184,54.63668],[-7.8512,54.63651],[-7.85105,54.63641],[-7.85082,54.63619],[-7.85075,54.63602],[-7.85071,54.6358],[-7.85061,54.63543],[-7.8506,54.63494],[-7.8507,54.63474],[-7.85089,54.63461],[-7.85106,54.63458],[-7.85142,54.63465],[-7.85197,54.63483],[-7.85241,54.63487],[-7.85263,54.63483],[-7.85273,54.63472],[-7.85271,54.63456],[-7.85222,54.63383],[-7.85216,54.63366],[-7.85216,54.63348],[-7.85223,54.63334],[-7.85241,54.63319],[-7.85272,54.63304],[-7.85296,54.63304],[-7.85308,54.63304],[-7.85333,54.63303],[-7.85353,54.63309],[-7.85377,54.63313],[-7.85409,54.63312],[-7.85435,54.63301],[-7.85441,54.63283],[-7.85443,54.63264],[-7.85433,54.63258],[-7.85398,54.63249],[-7.85382,54.63247],[-7.85366,54.6324],[-7.85358,54.63229],[-7.85356,54.63221],[-7.85364,54.63214],[-7.85377,54.63213],[-7.85396,54.63214],[-7.85418,54.63219],[-7.85453,54.6323],[-7.85472,54.6323],[-7.85478,54.63229],[-7.85484,54.63224],[-7.8548,54.63209],[-7.8547,54.63197],[-7.85438,54.63187],[-7.85361,54.63164],[-7.85331,54.63152],[-7.8528,54.63122],[-7.85231,54.63099],[-7.85178,54.63082],[-7.85155,54.63072],[-7.85137,54.63059],[-7.85123,54.6306],[-7.85111,54.63069],[-7.85091,54.63093],[-7.85054,54.63112],[-7.85029,54.63121],[-7.85009,54.6312],[-7.84989,54.63126],[-7.84969,54.63137],[-7.84951,54.63142],[-7.84904,54.63152],[-7.84858,54.63163],[-7.84789,54.63183],[-7.84752,54.63209],[-7.84705,54.63225],[-7.84685,54.6323],[-7.84651,54.63226],[-7.8462,54.63226],[-7.84607,54.6323],[-7.84592,54.63239],[-7.84578,54.63251],[-7.84562,54.63264],[-7.84543,54.63284],[-7.84531,54.6332],[-7.84515,54.63343],[-7.8449,54.63354],[-7.84448,54.63364],[-7.84395,54.63375],[-7.84346,54.6338],[-7.84305,54.63386],[-7.8427,54.63396],[-7.8425,54.63398],[-7.84212,54.63398],[-7.84182,54.63394],[-7.84128,54.63369],[-7.84086,54.63353],[-7.84056,54.63349],[-7.84031,54.63348],[-7.83996,54.63354],[-7.83977,54.63361],[-7.83952,54.63366],[-7.83931,54.63377],[-7.83926,54.63389],[-7.83927,54.63395],[-7.8392,54.63408],[-7.83912,54.63411],[-7.83864,54.63414],[-7.83826,54.63413],[-7.83781,54.63404],[-7.83742,54.63396],[-7.83604,54.6339],[-7.83587,54.63394],[-7.83555,54.63402],[-7.8351,54.63416],[-7.83475,54.63419],[-7.8344,54.63419],[-7.83407,54.63411],[-7.8339,54.63403],[-7.83386,54.63394],[-7.83387,54.63381],[-7.83391,54.63371],[-7.83391,54.63355],[-7.83388,54.63339],[-7.83352,54.6333],[-7.83288,54.63325],[-7.83253,54.63323],[-7.83219,54.63323],[-7.83191,54.63326],[-7.83153,54.63338],[-7.83119,54.63347],[-7.83105,54.63348],[-7.83085,54.63348],[-7.83059,54.63342],[-7.83039,54.63333],[-7.83013,54.63316],[-7.82975,54.63303],[-7.82927,54.63298],[-7.82868,54.63298],[-7.82836,54.63304],[-7.82804,54.63316],[-7.82778,54.63336],[-7.82758,54.63363],[-7.82741,54.63376],[-7.82704,54.63394],[-7.82666,54.63409],[-7.82644,54.63424],[-7.82619,54.63448],[-7.82582,54.63466],[-7.82484,54.63511],[-7.82345,54.63552],[-7.82295,54.63573],[-7.82265,54.63593],[-7.82236,54.63639],[-7.82209,54.63678],[-7.82186,54.63705],[-7.82142,54.63731],[-7.82099,54.63752],[-7.82072,54.6377],[-7.82022,54.63811],[-7.81973,54.63862],[-7.81943,54.63905],[-7.81935,54.63932],[-7.81926,54.63955],[-7.81906,54.63987],[-7.81869,54.6402],[-7.81829,54.6405],[-7.81771,54.64065],[-7.8169,54.64053],[-7.81621,54.64046],[-7.81591,54.64048],[-7.8157,54.64057],[-7.81562,54.64069],[-7.8156,54.64077],[-7.81566,54.64085],[-7.81604,54.64104],[-7.81628,54.64114],[-7.81636,54.64127],[-7.8164,54.64149],[-7.81636,54.64165],[-7.81621,54.64175],[-7.81586,54.64194],[-7.8156,54.64205],[-7.81537,54.64215],[-7.81513,54.64225],[-7.81484,54.64236],[-7.81462,54.64247],[-7.81442,54.64262],[-7.81428,54.64269],[-7.81415,54.64279],[-7.81409,54.64289],[-7.81409,54.64303],[-7.81412,54.64309],[-7.81424,54.64317],[-7.81432,54.64323],[-7.81432,54.64337],[-7.81426,54.64348],[-7.81411,54.64358],[-7.81383,54.64372],[-7.81349,54.64382],[-7.81324,54.64384],[-7.81322,54.64377],[-7.81322,54.64366],[-7.81314,54.64344],[-7.81313,54.64321],[-7.81317,54.64312],[-7.81321,54.64308],[-7.81329,54.64306],[-7.81346,54.64304],[-7.8137,54.64295],[-7.81382,54.64286],[-7.81383,54.64277],[-7.81379,54.64267],[-7.81362,54.64247],[-7.81332,54.64232],[-7.81304,54.64214],[-7.8129,54.64201],[-7.81283,54.64187],[-7.81285,54.64168],[-7.81296,54.64161],[-7.81308,54.64157],[-7.81332,54.64155],[-7.81352,54.64153],[-7.8136,54.64151],[-7.8138,54.64148],[-7.81384,54.64145],[-7.81372,54.64142],[-7.81344,54.6413],[-7.81293,54.64113],[-7.81245,54.64105],[-7.81182,54.64089],[-7.81096,54.6407],[-7.81079,54.64062],[-7.81043,54.64056],[-7.81006,54.64052],[-7.80988,54.64047],[-7.80963,54.64035],[-7.80948,54.6402],[-7.80931,54.64005],[-7.809,54.63994],[-7.8087,54.63988],[-7.8084,54.63977],[-7.8082,54.63962],[-7.80768,54.63895],[-7.80743,54.63865],[-7.80728,54.63853],[-7.80696,54.63817],[-7.80681,54.63796],[-7.80656,54.63763],[-7.80643,54.63745],[-7.80629,54.63737],[-7.80576,54.63717],[-7.80556,54.63708],[-7.80546,54.63701],[-7.80544,54.63695],[-7.80544,54.63686],[-7.80545,54.6367],[-7.80541,54.63662],[-7.80538,54.63653],[-7.80538,54.63648],[-7.80542,54.63639],[-7.80546,54.63626],[-7.80538,54.63622],[-7.80517,54.63628],[-7.80506,54.63629],[-7.80502,54.63622],[-7.80502,54.63613],[-7.80504,54.63608],[-7.80514,54.63598],[-7.80519,54.63595],[-7.80521,54.63586],[-7.80506,54.63585],[-7.80476,54.63578],[-7.80468,54.63563],[-7.80464,54.63558],[-7.80453,54.63555],[-7.80446,54.63553],[-7.80443,54.63546],[-7.80455,54.63541],[-7.80484,54.63521],[-7.80491,54.63511],[-7.80489,54.63501],[-7.80479,54.63486],[-7.80454,54.63476],[-7.80426,54.63459],[-7.80391,54.63448],[-7.80323,54.63425],[-7.80282,54.63404],[-7.80206,54.63376],[-7.8018,54.63372],[-7.80166,54.63371],[-7.80152,54.63366],[-7.80144,54.63358],[-7.8013,54.63352],[-7.80102,54.63346],[-7.80066,54.63345],[-7.80038,54.63353],[-7.80015,54.63354],[-7.79997,54.63349],[-7.79975,54.63346],[-7.7996,54.63349],[-7.7995,54.63359],[-7.79943,54.63371],[-7.79925,54.63372],[-7.79902,54.63364],[-7.79868,54.63351],[-7.79803,54.63331],[-7.79784,54.63325],[-7.79767,54.63326],[-7.79748,54.63331],[-7.79723,54.63336],[-7.79702,54.63336],[-7.79689,54.63334],[-7.79656,54.63327],[-7.79641,54.63325],[-7.79621,54.63332],[-7.79605,54.63336],[-7.79593,54.63337],[-7.79582,54.63334],[-7.79568,54.63326],[-7.79553,54.63315],[-7.79541,54.63308],[-7.79528,54.63304],[-7.7951,54.63299],[-7.79506,54.63298],[-7.79468,54.63274],[-7.79449,54.63272],[-7.79424,54.63282],[-7.79379,54.63292],[-7.79321,54.63304],[-7.79282,54.63315],[-7.79248,54.63319],[-7.79217,54.63324],[-7.79179,54.63328],[-7.79156,54.63339],[-7.79143,54.63339],[-7.79117,54.63337],[-7.79054,54.63344],[-7.79022,54.63346],[-7.79,54.63341],[-7.78979,54.63333],[-7.78973,54.63322],[-7.78965,54.63312],[-7.78931,54.63309],[-7.78861,54.63295],[-7.78834,54.63291],[-7.78807,54.63287],[-7.78765,54.63296],[-7.78708,54.63301],[-7.7865,54.63301],[-7.78627,54.63302],[-7.78605,54.6331],[-7.78568,54.63304],[-7.78531,54.63309],[-7.78489,54.63312],[-7.78462,54.63312],[-7.78443,54.63313],[-7.7842,54.63312],[-7.78403,54.63317],[-7.78391,54.63324],[-7.78382,54.63328],[-7.78371,54.63327],[-7.78359,54.63321],[-7.7835,54.63311],[-7.78348,54.63302],[-7.78333,54.63277],[-7.78279,54.63244],[-7.78241,54.63222],[-7.78214,54.63204],[-7.78207,54.63202],[-7.78199,54.63202],[-7.78191,54.63202],[-7.78185,54.63194],[-7.78181,54.63181],[-7.78181,54.63174],[-7.7817,54.6317],[-7.78158,54.63172],[-7.78148,54.63172],[-7.78145,54.63167],[-7.78141,54.6316],[-7.78139,54.63154],[-7.78131,54.63154],[-7.78123,54.63149],[-7.78125,54.63142],[-7.78132,54.63139],[-7.78127,54.6313],[-7.78119,54.63126],[-7.78106,54.63124],[-7.78099,54.63119],[-7.78091,54.63108],[-7.7808,54.63095],[-7.78073,54.63084],[-7.7806,54.63071],[-7.7805,54.63066],[-7.78033,54.63062],[-7.78027,54.63057],[-7.78021,54.63047],[-7.78009,54.63042],[-7.77999,54.63038],[-7.77994,54.63035],[-7.77991,54.6303],[-7.77982,54.63024],[-7.77977,54.63019],[-7.77952,54.63017],[-7.77947,54.63011],[-7.77947,54.63004],[-7.77952,54.62998],[-7.77952,54.62993],[-7.7794,54.6299],[-7.77932,54.6299],[-7.77927,54.6298],[-7.77927,54.62973],[-7.77922,54.62966],[-7.77914,54.6296],[-7.77904,54.62951],[-7.77896,54.6294],[-7.77897,54.62934],[-7.77894,54.62928],[-7.77895,54.62922],[-7.77897,54.62917],[-7.77897,54.62913],[-7.77894,54.62903],[-7.77884,54.62887],[-7.77889,54.62877],[-7.779,54.6287],[-7.77911,54.62865],[-7.77918,54.6286],[-7.77927,54.6286],[-7.77932,54.6286],[-7.77933,54.62855],[-7.7793,54.62846],[-7.7793,54.62842],[-7.77936,54.62832],[-7.77941,54.62826],[-7.77942,54.62818],[-7.77941,54.62813],[-7.77936,54.62808],[-7.77937,54.62802],[-7.77944,54.62787],[-7.77944,54.62783],[-7.77942,54.62774],[-7.77937,54.62758],[-7.77929,54.62753],[-7.77918,54.62749],[-7.77904,54.6275],[-7.77899,54.62748],[-7.77894,54.62738],[-7.77884,54.62727],[-7.77882,54.6272],[-7.77878,54.62715],[-7.77872,54.6271],[-7.7787,54.62696],[-7.77862,54.62692],[-7.77846,54.62688],[-7.77819,54.62683],[-7.77781,54.62683],[-7.77738,54.6268],[-7.77718,54.62677],[-7.77695,54.62665],[-7.77662,54.62628],[-7.77631,54.62598],[-7.776,54.6258],[-7.77573,54.62561],[-7.7753,54.62524],[-7.77491,54.62492],[-7.7748,54.62473],[-7.77468,54.6246],[-7.77439,54.62437],[-7.77431,54.62426],[-7.77421,54.62415],[-7.7741,54.62399],[-7.77397,54.62391],[-7.77393,54.62382],[-7.77376,54.62371],[-7.77368,54.62367],[-7.77363,54.62352],[-7.77357,54.62339],[-7.77348,54.62333],[-7.77334,54.62321],[-7.77326,54.62312],[-7.77322,54.62309],[-7.77314,54.62299],[-7.77281,54.62282],[-7.77275,54.62277],[-7.77266,54.62268],[-7.77258,54.62256],[-7.77258,54.62244],[-7.77252,54.62223],[-7.7725,54.62206],[-7.7725,54.62185],[-7.77253,54.62175],[-7.77248,54.6216],[-7.77238,54.62155],[-7.77226,54.62152],[-7.77206,54.62149],[-7.7719,54.62146],[-7.7718,54.62143],[-7.77158,54.62145],[-7.77106,54.62159],[-7.77038,54.62179],[-7.76976,54.62201],[-7.76649,54.62289],[-7.76606,54.623],[-7.7659,54.62302],[-7.76433,54.62295],[-7.76273,54.62367],[-7.76241,54.6238],[-7.76136,54.62408],[-7.75856,54.62479],[-7.75845,54.62491],[-7.75836,54.62498],[-7.75819,54.62503],[-7.75811,54.62505],[-7.75801,54.62503],[-7.75779,54.62505],[-7.75772,54.62503],[-7.75765,54.625],[-7.75754,54.62498],[-7.7575,54.62494],[-7.75742,54.62489],[-7.75737,54.62482],[-7.75733,54.62478],[-7.75723,54.62473],[-7.75717,54.62464],[-7.75716,54.62458],[-7.75712,54.6245],[-7.75711,54.62444],[-7.75714,54.62436],[-7.75714,54.62428],[-7.75706,54.62421],[-7.75699,54.62396],[-7.75699,54.62389],[-7.75699,54.62381],[-7.75704,54.62373],[-7.75707,54.6237],[-7.75707,54.62366],[-7.75704,54.6236],[-7.75701,54.62354],[-7.75692,54.62347],[-7.75681,54.62344],[-7.75673,54.62339],[-7.7567,54.62334],[-7.75662,54.62316],[-7.75661,54.62309],[-7.75662,54.62301],[-7.75664,54.62297],[-7.75662,54.62291],[-7.75661,54.62278],[-7.75661,54.62269],[-7.75664,54.62261],[-7.75666,54.62258],[-7.75665,54.62249],[-7.75673,54.62244],[-7.75677,54.62244],[-7.75683,54.62241],[-7.75689,54.62238],[-7.75694,54.62229],[-7.75698,54.62219],[-7.75698,54.62203],[-7.75689,54.62187],[-7.75677,54.62179],[-7.75669,54.62171],[-7.75653,54.6216],[-7.75649,54.62148],[-7.75638,54.62137],[-7.75624,54.62134],[-7.75616,54.6213],[-7.75602,54.62126],[-7.75527,54.62109],[-7.755,54.62099],[-7.75416,54.62055],[-7.75432,54.62035],[-7.75445,54.62022],[-7.7545,54.62014],[-7.75452,54.62006],[-7.75445,54.61994],[-7.75424,54.61972],[-7.75418,54.61954],[-7.75415,54.61947],[-7.7541,54.61943],[-7.7541,54.61925],[-7.75404,54.61906],[-7.75406,54.619],[-7.75418,54.61897],[-7.75423,54.61896],[-7.75425,54.61891],[-7.75425,54.61886],[-7.75426,54.6188],[-7.75429,54.61875],[-7.75434,54.61872],[-7.75436,54.61869],[-7.75434,54.61856],[-7.75431,54.61852],[-7.75403,54.61857],[-7.75352,54.61865],[-7.75303,54.61874],[-7.7526,54.61887],[-7.75203,54.61911],[-7.75166,54.61926],[-7.75142,54.61932],[-7.75117,54.61934],[-7.75059,54.61939],[-7.75003,54.61942],[-7.74961,54.61944],[-7.74928,54.61946],[-7.74791,54.61915],[-7.7469,54.61934],[-7.74624,54.61951],[-7.74432,54.62014],[-7.74413,54.62008],[-7.74399,54.62004],[-7.74382,54.62009],[-7.7437,54.62016],[-7.74355,54.62022],[-7.74337,54.62027],[-7.74332,54.62026],[-7.74327,54.62023],[-7.7432,54.6202],[-7.74316,54.6202],[-7.74305,54.62019],[-7.74297,54.62016],[-7.74289,54.62009],[-7.74279,54.62009],[-7.74277,54.62008],[-7.74274,54.62003],[-7.74273,54.61995],[-7.74276,54.61989],[-7.74278,54.61987],[-7.74277,54.61973],[-7.74275,54.61942],[-7.74276,54.61928],[-7.74272,54.61924],[-7.74266,54.61918],[-7.74264,54.61905],[-7.74255,54.61902],[-7.7425,54.61899],[-7.74247,54.61892],[-7.74238,54.61882],[-7.7423,54.61855],[-7.74224,54.6185],[-7.74218,54.61841],[-7.74215,54.61833],[-7.74207,54.6183],[-7.74193,54.61802],[-7.74183,54.61797],[-7.74164,54.61795],[-7.74137,54.61798],[-7.74113,54.61808],[-7.74093,54.61816],[-7.7408,54.61822],[-7.74073,54.61827],[-7.74044,54.61839],[-7.74023,54.61855],[-7.74013,54.61857],[-7.74,54.61857],[-7.73989,54.6186],[-7.73977,54.61867],[-7.73931,54.6188],[-7.73913,54.61885],[-7.73896,54.61885],[-7.73848,54.61892],[-7.73843,54.61921],[-7.73841,54.61978],[-7.73846,54.61992],[-7.73861,54.62007],[-7.73866,54.62017],[-7.73856,54.62064],[-7.73833,54.62129],[-7.73819,54.62169],[-7.73821,54.62196],[-7.73824,54.62211],[-7.73797,54.62237],[-7.73788,54.62248],[-7.73785,54.6227],[-7.73783,54.62276],[-7.73539,54.62371],[-7.73489,54.62386],[-7.73479,54.62388],[-7.73458,54.62388],[-7.73448,54.62387],[-7.73414,54.62395],[-7.73387,54.62395],[-7.7337,54.62398],[-7.7334,54.62401],[-7.73329,54.62406],[-7.73306,54.62416],[-7.73268,54.62428],[-7.73232,54.62442],[-7.73195,54.62455],[-7.73163,54.62469],[-7.7314,54.62477],[-7.73098,54.62487],[-7.73055,54.625],[-7.72928,54.62543],[-7.72873,54.62565],[-7.7286,54.62574],[-7.7284,54.62586],[-7.72822,54.62591],[-7.72776,54.62602],[-7.72735,54.62623],[-7.72655,54.62666],[-7.72621,54.62687],[-7.72611,54.62699],[-7.72596,54.6271],[-7.72581,54.62715],[-7.72562,54.62727],[-7.72551,54.62732],[-7.72536,54.62736],[-7.72524,54.6274],[-7.72501,54.6276],[-7.72356,54.62754],[-7.72297,54.62756],[-7.72209,54.62761],[-7.72122,54.62769],[-7.7206,54.62779],[-7.71945,54.62809],[-7.71888,54.62837],[-7.71852,54.62858],[-7.7182,54.62894],[-7.71757,54.62885],[-7.71719,54.6288],[-7.71698,54.6288],[-7.71671,54.62882],[-7.71651,54.62885],[-7.71612,54.62904],[-7.71548,54.62932],[-7.7148,54.62967],[-7.71406,54.63008],[-7.71389,54.6302],[-7.7136,54.63027],[-7.71309,54.63043],[-7.71282,54.63051],[-7.71179,54.63129],[-7.71064,54.63324],[-7.70976,54.63466],[-7.70962,54.63477],[-7.70925,54.63487],[-7.7091,54.63488],[-7.70885,54.63487],[-7.70861,54.63483],[-7.70836,54.63481],[-7.7082,54.63477],[-7.708,54.63471],[-7.70781,54.63466],[-7.70769,54.63453],[-7.70763,54.63434],[-7.70753,54.63416],[-7.70738,54.63403],[-7.70713,54.63393],[-7.70682,54.63387],[-7.70655,54.63378],[-7.70628,54.63362],[-7.70605,54.63351],[-7.70598,54.63346],[-7.70585,54.6332],[-7.70576,54.63312],[-7.70553,54.63302],[-7.70543,54.63297],[-7.70538,54.63286],[-7.70538,54.63274],[-7.70535,54.63266],[-7.70525,54.63264],[-7.70511,54.63259],[-7.70504,54.63255],[-7.70503,54.63251],[-7.70509,54.63244],[-7.70511,54.63234],[-7.70505,54.63227],[-7.70489,54.6322],[-7.70483,54.63215],[-7.70479,54.63204],[-7.70477,54.63188],[-7.70483,54.63182],[-7.70486,54.63169],[-7.70493,54.63159],[-7.70495,54.63155],[-7.70493,54.63152],[-7.70489,54.63144],[-7.70486,54.63141],[-7.70486,54.63132],[-7.70498,54.63127],[-7.70501,54.63122],[-7.705,54.63094],[-7.70486,54.63074],[-7.70439,54.63027],[-7.70413,54.62995],[-7.70403,54.62967],[-7.70376,54.62856],[-7.70366,54.6281],[-7.70357,54.62783],[-7.70346,54.62753],[-7.70343,54.62735],[-7.70343,54.62692],[-7.70346,54.6266],[-7.7035,54.62642],[-7.7037,54.62612],[-7.70387,54.62589],[-7.70396,54.62574],[-7.70398,54.62563],[-7.70396,54.62555],[-7.70396,54.62542],[-7.7039,54.62536],[-7.70387,54.62527],[-7.70393,54.62517],[-7.70416,54.62505],[-7.70416,54.62501],[-7.70411,54.62496],[-7.70401,54.62493],[-7.70388,54.62487],[-7.70381,54.62479],[-7.70381,54.62469],[-7.70388,54.62456],[-7.70402,54.62447],[-7.70438,54.62426],[-7.70467,54.62403],[-7.70534,54.62333],[-7.70555,54.62286],[-7.70563,54.62261],[-7.70563,54.62246],[-7.70563,54.62219],[-7.70562,54.62206],[-7.70562,54.62199],[-7.70565,54.62186],[-7.7056,54.62179],[-7.70554,54.62174],[-7.70553,54.62169],[-7.70558,54.62166],[-7.70568,54.62162],[-7.70577,54.62153],[-7.70585,54.62144],[-7.70585,54.62134],[-7.7057,54.62129],[-7.70566,54.62126],[-7.70575,54.62118],[-7.7058,54.6211],[-7.70583,54.62099],[-7.70583,54.62085],[-7.7059,54.62049],[-7.70599,54.62043],[-7.70609,54.6204],[-7.70612,54.62034],[-7.70615,54.62027],[-7.70612,54.62019],[-7.7061,54.62016],[-7.70603,54.62013],[-7.7059,54.62012],[-7.70583,54.62009],[-7.70582,54.62007],[-7.70585,54.6199],[-7.70593,54.61979],[-7.70633,54.61961],[-7.70507,54.61922],[-7.70405,54.61895],[-7.70361,54.61876],[-7.70321,54.61857],[-7.70157,54.61864],[-7.70069,54.61865],[-7.69994,54.61861],[-7.69926,54.61852],[-7.69876,54.61846],[-7.69683,54.61895],[-7.6966,54.61901],[-7.69348,54.61913],[-7.6935,54.619],[-7.69355,54.6189],[-7.6936,54.61882],[-7.69371,54.61878],[-7.69374,54.61875],[-7.69374,54.61872],[-7.69366,54.61862],[-7.69374,54.6186],[-7.69395,54.61855],[-7.69408,54.61848],[-7.69422,54.61849],[-7.69437,54.61853],[-7.69441,54.61855],[-7.69447,54.6185],[-7.69448,54.61844],[-7.69466,54.61837],[-7.69475,54.6183],[-7.69488,54.61827],[-7.69493,54.61825],[-7.69493,54.6182],[-7.69495,54.61813],[-7.695,54.61808],[-7.69505,54.61803],[-7.69503,54.61795],[-7.69497,54.61782],[-7.69482,54.6178],[-7.69471,54.6178],[-7.69461,54.61772],[-7.69458,54.61766],[-7.6946,54.61762],[-7.69468,54.61762],[-7.69475,54.6176],[-7.69478,54.61752],[-7.69478,54.61745],[-7.69476,54.61737],[-7.6948,54.61728],[-7.69479,54.61722],[-7.69463,54.61712],[-7.69457,54.61702],[-7.69451,54.61696],[-7.69443,54.61691],[-7.6944,54.61688],[-7.69435,54.61685],[-7.6944,54.61673],[-7.69441,54.61668],[-7.69436,54.6165],[-7.69434,54.61639],[-7.69437,54.61631],[-7.69441,54.61624],[-7.69448,54.61614],[-7.69449,54.616],[-7.69444,54.61593],[-7.6944,54.6159],[-7.69438,54.61582],[-7.69438,54.61575],[-7.69443,54.61566],[-7.69443,54.61562],[-7.69435,54.61556],[-7.69435,54.61553],[-7.69431,54.61545],[-7.69429,54.61535],[-7.69429,54.6153],[-7.69435,54.61526],[-7.69442,54.61523],[-7.69444,54.61518],[-7.69444,54.61513],[-7.69436,54.61509],[-7.69423,54.6151],[-7.69415,54.61505],[-7.69388,54.61485],[-7.69388,54.61478],[-7.69391,54.61473],[-7.69402,54.61472],[-7.69413,54.61474],[-7.69416,54.61473],[-7.6941,54.6146],[-7.69418,54.61453],[-7.69422,54.61446],[-7.6942,54.61438],[-7.69416,54.61427],[-7.6941,54.61417],[-7.69409,54.61411],[-7.69411,54.61409],[-7.6942,54.61407],[-7.69425,54.61405],[-7.69425,54.61402],[-7.69415,54.61396],[-7.69411,54.61393],[-7.6941,54.61387],[-7.69414,54.61378],[-7.6942,54.61372],[-7.6942,54.61362],[-7.69429,54.61358],[-7.69438,54.61351],[-7.69477,54.61327],[-7.69498,54.6131],[-7.6949,54.61304],[-7.69483,54.61294],[-7.69478,54.61291],[-7.69478,54.61284],[-7.69485,54.61281],[-7.6949,54.61276],[-7.69491,54.6127],[-7.6949,54.61265],[-7.69496,54.61261],[-7.6951,54.61256],[-7.69518,54.61256],[-7.69527,54.61258],[-7.69528,54.61263],[-7.69538,54.61269],[-7.69551,54.61274],[-7.69568,54.61278],[-7.69576,54.61274],[-7.69586,54.61268],[-7.69587,54.61263],[-7.69597,54.6125],[-7.69598,54.61244],[-7.69595,54.61239],[-7.69587,54.61238],[-7.69579,54.61232],[-7.69575,54.61216],[-7.69576,54.61203],[-7.6958,54.61199],[-7.6959,54.61189],[-7.69603,54.61184],[-7.6961,54.61174],[-7.69623,54.61166],[-7.69623,54.61156],[-7.69625,54.61149],[-7.69632,54.61147],[-7.69639,54.61147],[-7.69642,54.61144],[-7.69639,54.61136],[-7.69642,54.6113],[-7.69652,54.61129],[-7.69661,54.61132],[-7.69672,54.61144],[-7.69682,54.61146],[-7.69692,54.61141],[-7.69696,54.61137],[-7.69694,54.61134],[-7.6969,54.61122],[-7.69686,54.61109],[-7.69689,54.61105],[-7.697,54.61101],[-7.69713,54.611],[-7.69725,54.61098],[-7.69735,54.61084],[-7.69737,54.61075],[-7.69735,54.61069],[-7.69745,54.61068],[-7.69756,54.61064],[-7.69758,54.61057],[-7.69748,54.61056],[-7.69736,54.61042],[-7.69729,54.61031],[-7.69728,54.61026],[-7.69731,54.61023],[-7.69726,54.61018],[-7.69726,54.6101],[-7.69737,54.61007],[-7.6975,54.61005],[-7.69754,54.61001],[-7.6977,54.60999],[-7.69777,54.60995],[-7.6978,54.60994],[-7.69797,54.60996],[-7.69807,54.61002],[-7.69814,54.61008],[-7.69832,54.61011],[-7.69893,54.61011],[-7.69901,54.61013],[-7.69898,54.61016],[-7.69897,54.61021],[-7.699,54.61023],[-7.6992,54.61027],[-7.69954,54.61026],[-7.69961,54.61031],[-7.69973,54.61033],[-7.69983,54.61033],[-7.69999,54.61035],[-7.70015,54.61036],[-7.70022,54.61038],[-7.70033,54.61041],[-7.70043,54.61041],[-7.70052,54.61036],[-7.70084,54.61018],[-7.70096,54.61009],[-7.70105,54.61005],[-7.70119,54.61004],[-7.70133,54.61008],[-7.70152,54.61012],[-7.7016,54.61012],[-7.70171,54.61006],[-7.70173,54.60998],[-7.70173,54.60987],[-7.70181,54.60972],[-7.70194,54.60972],[-7.70212,54.60972],[-7.70219,54.60972],[-7.70221,54.60969],[-7.70219,54.60967],[-7.70218,54.60963],[-7.70227,54.60959],[-7.70265,54.60944],[-7.70294,54.60931],[-7.70314,54.6092],[-7.70315,54.60914],[-7.70318,54.60904],[-7.70326,54.60892],[-7.70324,54.60884],[-7.70326,54.60872],[-7.7033,54.60865],[-7.70339,54.60854],[-7.70358,54.60824],[-7.70371,54.60808],[-7.70383,54.60796],[-7.70419,54.60784],[-7.70439,54.60784],[-7.70468,54.60775],[-7.70499,54.60762],[-7.70517,54.60755],[-7.70527,54.60748],[-7.70546,54.60733],[-7.70556,54.60732],[-7.70575,54.60739],[-7.70596,54.6074],[-7.70614,54.60734],[-7.7063,54.60726],[-7.70643,54.60721],[-7.70664,54.60717],[-7.70682,54.60716],[-7.707,54.6072],[-7.70713,54.6072],[-7.70725,54.60715],[-7.70747,54.60706],[-7.70778,54.60693],[-7.708,54.60685],[-7.70822,54.60679],[-7.70838,54.60672],[-7.70847,54.6067],[-7.70861,54.60668],[-7.70885,54.60667],[-7.70897,54.60665],[-7.7091,54.6066],[-7.70925,54.6066],[-7.70985,54.60665],[-7.71021,54.60665],[-7.71034,54.60662],[-7.71055,54.60658],[-7.71079,54.60655],[-7.71093,54.60653],[-7.71112,54.60644],[-7.71136,54.60637],[-7.71162,54.60634],[-7.71178,54.60634],[-7.71195,54.60639],[-7.71211,54.60647],[-7.71224,54.60651],[-7.71246,54.60652],[-7.71274,54.60647],[-7.71294,54.60645],[-7.71309,54.60637],[-7.71337,54.60625],[-7.71356,54.60625],[-7.71379,54.60629],[-7.71399,54.60632],[-7.71414,54.60639],[-7.71431,54.6064],[-7.71453,54.60639],[-7.71498,54.60629],[-7.71528,54.60623],[-7.71548,54.6062],[-7.71566,54.60622],[-7.71583,54.60627],[-7.71605,54.60628],[-7.71632,54.60626],[-7.71693,54.60618],[-7.71708,54.6062],[-7.7173,54.60627],[-7.71743,54.60632],[-7.71755,54.60635],[-7.71767,54.60635],[-7.71778,54.60632],[-7.71785,54.60624],[-7.71798,54.60601],[-7.71802,54.60589],[-7.71801,54.60583],[-7.71808,54.60575],[-7.71827,54.6057],[-7.71856,54.60565],[-7.71885,54.60564],[-7.71902,54.60562],[-7.71926,54.6056],[-7.71962,54.60552],[-7.71995,54.6054],[-7.72021,54.60533],[-7.72038,54.60526],[-7.72045,54.60523],[-7.72052,54.60516],[-7.7206,54.6051],[-7.72067,54.60508],[-7.72075,54.60506],[-7.72087,54.60513],[-7.72108,54.60525],[-7.7212,54.60528],[-7.7213,54.60528],[-7.72147,54.60524],[-7.72159,54.60518],[-7.72163,54.6051],[-7.72164,54.60498],[-7.72169,54.60493],[-7.72177,54.60489],[-7.72194,54.60491],[-7.72204,54.60492],[-7.72212,54.60492],[-7.72231,54.60485],[-7.72251,54.60473],[-7.72262,54.60466],[-7.72282,54.60456],[-7.72316,54.60441],[-7.72349,54.60426],[-7.72369,54.60419],[-7.72388,54.60415],[-7.72404,54.60417],[-7.72435,54.60415],[-7.72447,54.60411],[-7.72464,54.60408],[-7.72484,54.60407],[-7.72502,54.60407],[-7.72529,54.60403],[-7.72533,54.604],[-7.72541,54.60377],[-7.72549,54.60371],[-7.72559,54.6037],[-7.72572,54.6037],[-7.72592,54.60376],[-7.72606,54.60379],[-7.72611,54.60378],[-7.72618,54.60374],[-7.72635,54.60365],[-7.7265,54.60359],[-7.72671,54.60351],[-7.72691,54.6035],[-7.72711,54.60351],[-7.7273,54.60353],[-7.72735,54.60355],[-7.72732,54.60365],[-7.72738,54.60383],[-7.72738,54.604],[-7.72744,54.60408],[-7.72753,54.60412],[-7.72763,54.60413],[-7.7278,54.60411],[-7.72796,54.60413],[-7.72809,54.60415],[-7.72821,54.60414],[-7.72848,54.60401],[-7.7286,54.60393],[-7.72868,54.60385],[-7.72874,54.60374],[-7.72878,54.60368],[-7.72878,54.60355],[-7.72881,54.60339],[-7.7288,54.60328],[-7.72875,54.6032],[-7.72858,54.60316],[-7.72851,54.60313],[-7.72849,54.60308],[-7.72858,54.60302],[-7.7288,54.60296],[-7.72915,54.60278],[-7.72936,54.60267],[-7.72949,54.60262],[-7.72963,54.6026],[-7.72972,54.60261],[-7.72982,54.60263],[-7.73,54.6029],[-7.73008,54.60301],[-7.73018,54.60307],[-7.73027,54.60308],[-7.73039,54.60304],[-7.73083,54.60288],[-7.73088,54.60279],[-7.73094,54.60265],[-7.73108,54.60256],[-7.73114,54.6025],[-7.73113,54.60243],[-7.73104,54.60226],[-7.73106,54.60221],[-7.73117,54.60216],[-7.73144,54.60213],[-7.73192,54.6021],[-7.7323,54.60208],[-7.73282,54.60203],[-7.73308,54.60193],[-7.73342,54.60188],[-7.73366,54.60181],[-7.73393,54.60176],[-7.73414,54.60174],[-7.73434,54.60174],[-7.73447,54.60181],[-7.7347,54.60193],[-7.73487,54.60196],[-7.73491,54.60195],[-7.73496,54.60191],[-7.73501,54.60185],[-7.73514,54.60175],[-7.73521,54.60173],[-7.73531,54.60171],[-7.73547,54.60171],[-7.73564,54.60171],[-7.73599,54.60166],[-7.73615,54.60161],[-7.73625,54.60155],[-7.73627,54.60149],[-7.73596,54.60133],[-7.73579,54.60121],[-7.73576,54.60115],[-7.73579,54.60108],[-7.73587,54.60103],[-7.73596,54.60091],[-7.73611,54.6008],[-7.73628,54.60071],[-7.73654,54.60059],[-7.73677,54.60054],[-7.73719,54.60053],[-7.73737,54.60051],[-7.7375,54.60049],[-7.73771,54.60049],[-7.73792,54.60048],[-7.73815,54.60044],[-7.73848,54.60037],[-7.73868,54.60027],[-7.73888,54.60019],[-7.73906,54.6001],[-7.7392,54.60002],[-7.73943,54.59994],[-7.73961,54.59992],[-7.73976,54.59994],[-7.73982,54.59994],[-7.7399,54.59989],[-7.74031,54.5998],[-7.74036,54.59973],[-7.7404,54.59965],[-7.74048,54.59959],[-7.7406,54.59954],[-7.7408,54.59946],[-7.74092,54.59942],[-7.7411,54.59939],[-7.7413,54.59951],[-7.74153,54.59961],[-7.74162,54.59961],[-7.74177,54.5996],[-7.74203,54.59955],[-7.7422,54.59954],[-7.74226,54.59949],[-7.74237,54.59944],[-7.74251,54.59934],[-7.74262,54.59929],[-7.74273,54.59928],[-7.74294,54.59927],[-7.74307,54.59926],[-7.74326,54.59924],[-7.74337,54.59917],[-7.74357,54.59907],[-7.74374,54.59897],[-7.74384,54.59896],[-7.74403,54.599],[-7.74439,54.59901],[-7.7445,54.59904],[-7.74455,54.59914],[-7.74465,54.59926],[-7.74474,54.59939],[-7.74476,54.59951],[-7.74476,54.59959],[-7.74459,54.59973],[-7.74455,54.59981],[-7.74454,54.59988],[-7.74461,54.59993],[-7.74472,54.59996],[-7.74489,54.59991],[-7.74512,54.59981],[-7.74549,54.59966],[-7.74555,54.59967],[-7.74564,54.59974],[-7.74569,54.60004],[-7.74576,54.60009],[-7.74582,54.60013],[-7.74598,54.60011],[-7.74612,54.60008],[-7.74622,54.60003],[-7.74641,54.59991],[-7.7465,54.5998],[-7.74659,54.59974],[-7.74669,54.59967],[-7.74691,54.59964],[-7.74703,54.59964],[-7.74722,54.59961],[-7.74742,54.59956],[-7.74763,54.59951],[-7.74781,54.59955],[-7.74803,54.59958],[-7.74839,54.59954],[-7.74858,54.59952],[-7.74878,54.59949],[-7.74886,54.59949],[-7.74888,54.59944],[-7.74883,54.59916],[-7.74883,54.59905],[-7.74889,54.59896],[-7.74902,54.5989],[-7.74932,54.59879],[-7.74941,54.5987],[-7.74958,54.59857],[-7.74982,54.59853],[-7.74997,54.59854],[-7.75016,54.59859],[-7.75035,54.59869],[-7.75058,54.59876],[-7.75081,54.59881],[-7.75099,54.59883],[-7.75118,54.59884],[-7.75138,54.59882],[-7.7515,54.5988],[-7.75155,54.59874],[-7.75158,54.5987],[-7.75158,54.5986],[-7.75154,54.59855],[-7.75153,54.59841],[-7.75153,54.59834],[-7.7515,54.59827],[-7.75151,54.59823],[-7.75155,54.59819],[-7.75161,54.59815],[-7.75176,54.59819],[-7.75212,54.59836],[-7.75226,54.59837],[-7.75238,54.59837],[-7.7525,54.59831],[-7.75258,54.59822],[-7.75258,54.59811],[-7.75254,54.59801],[-7.75246,54.59789],[-7.75241,54.59783],[-7.75244,54.59777],[-7.75258,54.59765],[-7.75281,54.59752],[-7.75303,54.59742],[-7.75319,54.59734],[-7.75336,54.5973],[-7.75367,54.59721],[-7.75412,54.59706],[-7.75467,54.59707],[-7.75465,54.597],[-7.75455,54.59687],[-7.75447,54.59673],[-7.75468,54.59667],[-7.75489,54.59664],[-7.75502,54.59662],[-7.75509,54.59655],[-7.75517,54.59641],[-7.75522,54.59628],[-7.75525,54.59616],[-7.75535,54.5961],[-7.75576,54.59593],[-7.75621,54.59589],[-7.75646,54.59581],[-7.75664,54.59577],[-7.75682,54.59571],[-7.75704,54.59558],[-7.75716,54.59549],[-7.75725,54.59547],[-7.7576,54.5954],[-7.75789,54.59535],[-7.75812,54.59527],[-7.75854,54.59508],[-7.75873,54.595],[-7.75894,54.5949],[-7.75918,54.59477],[-7.75949,54.59452],[-7.75962,54.59442],[-7.75979,54.5944],[-7.75995,54.5944],[-7.76007,54.59437],[-7.76025,54.5943],[-7.76031,54.59422],[-7.76034,54.59417],[-7.76028,54.59415],[-7.76021,54.59407],[-7.76012,54.59388],[-7.76,54.59356],[-7.75999,54.59349],[-7.76005,54.59339],[-7.76014,54.59327],[-7.76018,54.5932],[-7.76021,54.59316],[-7.76033,54.59307],[-7.76054,54.59297],[-7.76076,54.59284],[-7.76093,54.59274],[-7.76103,54.59265],[-7.76106,54.59253],[-7.76104,54.59244],[-7.76104,54.59234],[-7.76111,54.59217],[-7.76117,54.5921],[-7.76123,54.59205],[-7.76133,54.59203],[-7.76171,54.592],[-7.76183,54.59195],[-7.76197,54.59185],[-7.76204,54.59177],[-7.76206,54.59168],[-7.76211,54.59156],[-7.76217,54.59129],[-7.76217,54.59121],[-7.76213,54.59109],[-7.76213,54.59102],[-7.7622,54.59094],[-7.76231,54.59085],[-7.76248,54.59073],[-7.76265,54.59066],[-7.76274,54.59063],[-7.7627,54.59056],[-7.7626,54.59047],[-7.76255,54.59036],[-7.76255,54.59028],[-7.76261,54.59028],[-7.76269,54.59021],[-7.76264,54.59011],[-7.76264,54.59006],[-7.76275,54.59006],[-7.76292,54.59009],[-7.76301,54.59009],[-7.76306,54.59008],[-7.76307,54.59006],[-7.76301,54.59002],[-7.76288,54.58987],[-7.76273,54.58973],[-7.76269,54.58961],[-7.76266,54.58947],[-7.76255,54.58937],[-7.76243,54.58919],[-7.76224,54.58909],[-7.76211,54.58899],[-7.76201,54.58889],[-7.76177,54.58879],[-7.76174,54.58877],[-7.76174,54.58874],[-7.76186,54.58871],[-7.76186,54.58864],[-7.76167,54.58864],[-7.76158,54.58858],[-7.76132,54.58847],[-7.76108,54.58829],[-7.76094,54.58834],[-7.76088,54.58829],[-7.76083,54.58816],[-7.76073,54.58811],[-7.76034,54.58801],[-7.76027,54.58799],[-7.7602,54.58796],[-7.76016,54.58792],[-7.76002,54.58786],[-7.75982,54.58779],[-7.7597,54.58774],[-7.75964,54.58771],[-7.75959,54.58766],[-7.75934,54.58761],[-7.75889,54.58759],[-7.75894,54.5875],[-7.75911,54.58734],[-7.75948,54.58712],[-7.76049,54.58657],[-7.76072,54.58647],[-7.76097,54.58634],[-7.76121,54.58626],[-7.76151,54.58619],[-7.76171,54.58613],[-7.7619,54.58604],[-7.76214,54.58589],[-7.76283,54.58572],[-7.76316,54.58573],[-7.76362,54.58567],[-7.7641,54.58564],[-7.7649,54.58569],[-7.7652,54.58572],[-7.76536,54.58576],[-7.7657,54.5859],[-7.76601,54.58606],[-7.76617,54.58612],[-7.76635,54.58615],[-7.76643,54.58615],[-7.76653,54.58618],[-7.7666,54.58618],[-7.76703,54.58604],[-7.76785,54.58574],[-7.7689,54.58537],[-7.76904,54.58532],[-7.76918,54.5852],[-7.76999,54.58492],[-7.77067,54.5847],[-7.77183,54.58439],[-7.77223,54.58423],[-7.77248,54.58415],[-7.77273,54.5841],[-7.77294,54.58406],[-7.77303,54.58405],[-7.77319,54.584],[-7.77361,54.58391],[-7.77369,54.58389],[-7.77383,54.5838],[-7.77397,54.58375],[-7.7741,54.5837],[-7.77453,54.58356],[-7.77463,54.58354],[-7.77472,54.58347],[-7.77475,54.58342],[-7.77475,54.58337],[-7.77477,54.58335],[-7.77494,54.58327],[-7.77513,54.5832],[-7.77529,54.5832],[-7.77545,54.58317],[-7.77568,54.58311],[-7.77639,54.58305],[-7.7765,54.58305],[-7.77668,54.5831],[-7.77689,54.58311],[-7.77707,54.58312],[-7.77722,54.58312],[-7.77731,54.58315],[-7.77737,54.58315],[-7.77747,54.5831],[-7.77786,54.58283],[-7.77804,54.58268],[-7.7782,54.5826],[-7.77844,54.5825],[-7.77856,54.58243],[-7.77889,54.58245],[-7.77933,54.58243],[-7.77966,54.5824],[-7.77982,54.58237],[-7.78031,54.58223],[-7.78053,54.58222],[-7.78069,54.58218],[-7.78214,54.5817],[-7.78226,54.58168],[-7.78266,54.58157],[-7.78348,54.5813],[-7.78401,54.58115],[-7.78461,54.58095],[-7.7852,54.58078],[-7.78601,54.58051],[-7.78678,54.58028],[-7.78709,54.58021],[-7.78713,54.58021],[-7.78721,54.58023],[-7.7874,54.58029],[-7.78765,54.58035],[-7.7878,54.58038],[-7.78792,54.58039],[-7.78802,54.58043],[-7.78857,54.58053],[-7.78897,54.58063],[-7.78947,54.58073],[-7.78997,54.58059],[-7.7901,54.58059],[-7.79017,54.5806],[-7.79027,54.58066],[-7.79076,54.58073],[-7.79106,54.5808],[-7.79124,54.58083],[-7.79137,54.58088],[-7.79141,54.58091],[-7.79142,54.58096],[-7.79143,54.581],[-7.7915,54.58105],[-7.79168,54.58113],[-7.79174,54.58117],[-7.79173,54.58121],[-7.79169,54.58128],[-7.79159,54.58132],[-7.79162,54.58137],[-7.79172,54.58147],[-7.79146,54.5815],[-7.79144,54.58152],[-7.79152,54.58155],[-7.79159,54.58157],[-7.79163,54.5816],[-7.79154,54.58173],[-7.79189,54.58168],[-7.79219,54.58168],[-7.79237,54.5817],[-7.79269,54.58185],[-7.79289,54.58193],[-7.79306,54.58194],[-7.79319,54.58194],[-7.79329,54.58193],[-7.79349,54.58183],[-7.79366,54.58173],[-7.79381,54.58164],[-7.79392,54.58162],[-7.7941,54.58155],[-7.79421,54.58145],[-7.7943,54.5813],[-7.79436,54.58124],[-7.79476,54.58107],[-7.79536,54.58075],[-7.79596,54.58038],[-7.79616,54.58026],[-7.79651,54.58005],[-7.79691,54.57975],[-7.79699,54.57965],[-7.797,54.57945],[-7.79695,54.57937],[-7.79678,54.57928],[-7.79665,54.57918],[-7.79659,54.57911],[-7.79654,54.57899],[-7.79636,54.57891],[-7.79626,54.57886],[-7.79587,54.57886],[-7.79567,54.57882],[-7.79552,54.57878],[-7.79532,54.57873],[-7.79525,54.57866],[-7.79524,54.57858],[-7.79527,54.5785],[-7.79541,54.57838],[-7.79564,54.57821],[-7.79592,54.57799],[-7.79617,54.57784],[-7.79628,54.57776],[-7.79663,54.57745],[-7.79683,54.57728],[-7.79703,54.57716],[-7.79719,54.5771],[-7.79738,54.57706],[-7.79759,54.57705],[-7.79778,54.57706],[-7.79788,54.57709],[-7.79797,54.57717],[-7.7981,54.57726],[-7.79818,54.57736],[-7.79811,54.57774],[-7.79815,54.57783],[-7.79823,54.57792],[-7.79833,54.57797],[-7.79844,54.57796],[-7.79863,54.57794],[-7.79888,54.57774],[-7.79899,54.57759],[-7.79927,54.57723],[-7.79947,54.57689],[-7.79957,54.57667],[-7.79959,54.57653],[-7.79956,54.57639],[-7.79953,54.5763],[-7.79953,54.57619],[-7.79952,54.57604],[-7.79944,54.57594],[-7.79932,54.57586],[-7.79918,54.57578],[-7.79907,54.5757],[-7.79896,54.57557],[-7.7989,54.57539],[-7.79891,54.57522],[-7.79894,54.57502],[-7.79902,54.57479],[-7.79905,54.57467],[-7.79903,54.57453],[-7.79898,54.57444],[-7.79893,54.57417],[-7.79882,54.57393],[-7.79869,54.57382],[-7.79849,54.57377],[-7.79825,54.57371],[-7.79798,54.57362],[-7.79768,54.57348],[-7.79743,54.57332],[-7.79727,54.57322],[-7.79724,54.57315],[-7.79728,54.57295],[-7.79725,54.5728],[-7.79712,54.57261],[-7.79688,54.57231],[-7.79673,54.57215],[-7.79665,54.57204],[-7.79658,54.57196],[-7.79651,54.57182],[-7.79653,54.57173],[-7.79657,54.57167],[-7.79668,54.57162],[-7.79688,54.57155],[-7.79719,54.57147],[-7.7974,54.57143],[-7.7983,54.57104],[-7.79844,54.57099],[-7.79855,54.57087],[-7.79868,54.57075],[-7.79888,54.57065],[-7.79915,54.57055],[-7.79946,54.57055],[-7.79969,54.57051],[-7.79987,54.57045],[-7.79996,54.57039],[-7.80005,54.57018],[-7.80018,54.57],[-7.80022,54.56988],[-7.80021,54.56978],[-7.80019,54.5697],[-7.8002,54.56963],[-7.80027,54.56951],[-7.80033,54.56943],[-7.80035,54.56935],[-7.8004,54.56925],[-7.80059,54.56907],[-7.80067,54.56893],[-7.80082,54.56867],[-7.80094,54.56856],[-7.8011,54.56848],[-7.80144,54.56834],[-7.80174,54.56824],[-7.80206,54.56813],[-7.80246,54.56796],[-7.80274,54.56785],[-7.80288,54.56782],[-7.80304,54.56782],[-7.80315,54.56787],[-7.80354,54.56775],[-7.80393,54.56759],[-7.80481,54.56721],[-7.80498,54.56713],[-7.80509,54.56707],[-7.80511,54.56701],[-7.80511,54.56684],[-7.80511,54.56661],[-7.80511,54.56644],[-7.80514,54.56635],[-7.80519,54.56626],[-7.80536,54.56615],[-7.80561,54.56605],[-7.80588,54.56595],[-7.80606,54.56591],[-7.80678,54.56605],[-7.80697,54.56605],[-7.80719,54.56607],[-7.80743,54.5661],[-7.80763,54.56616],[-7.8079,54.56632],[-7.80815,54.56649],[-7.8084,54.56662],[-7.80861,54.56665],[-7.80882,54.56663],[-7.8092,54.56649],[-7.8093,54.56639],[-7.80945,54.5663],[-7.80989,54.56611],[-7.81025,54.56591],[-7.81074,54.56564],[-7.81093,54.56554],[-7.81105,54.56547],[-7.81111,54.56539],[-7.8111,54.56531],[-7.81102,54.56514],[-7.81095,54.56459],[-7.81093,54.56456],[-7.81097,54.56446],[-7.81111,54.56438],[-7.81145,54.56423],[-7.81181,54.5641],[-7.81223,54.56399],[-7.81257,54.56392],[-7.81294,54.56384],[-7.81333,54.56379],[-7.81371,54.56377],[-7.81402,54.56377],[-7.81432,54.56381],[-7.815,54.56387],[-7.8153,54.56384],[-7.81591,54.56374],[-7.81623,54.56365],[-7.8166,54.56362],[-7.81684,54.56361],[-7.81718,54.56357],[-7.8175,54.56348],[-7.81778,54.56343],[-7.81798,54.56338],[-7.81825,54.5632],[-7.81851,54.56307],[-7.81877,54.56295],[-7.81895,54.56279],[-7.81916,54.56261],[-7.81927,54.56247],[-7.81933,54.56227],[-7.81943,54.56212],[-7.81969,54.56192],[-7.82022,54.5616],[-7.82043,54.5615],[-7.82088,54.56136],[-7.8211,54.56127],[-7.82132,54.56117],[-7.82169,54.56089],[-7.82185,54.56077],[-7.82205,54.56067],[-7.82216,54.56055],[-7.82226,54.56037],[-7.82228,54.56025],[-7.82222,54.56015],[-7.82208,54.56006],[-7.82195,54.55991],[-7.82188,54.55983],[-7.82187,54.55979],[-7.82191,54.5597],[-7.82233,54.55933],[-7.8226,54.55903],[-7.82307,54.55858],[-7.82327,54.55837],[-7.82337,54.5583],[-7.8235,54.55825],[-7.82383,54.55817],[-7.82406,54.5581],[-7.82434,54.55801],[-7.82457,54.55788],[-7.82471,54.55774],[-7.82478,54.55762],[-7.82477,54.55749],[-7.8247,54.55741],[-7.82451,54.55729],[-7.82435,54.55719],[-7.8243,54.55709],[-7.82429,54.55701],[-7.82439,54.55688],[-7.82475,54.55686],[-7.82497,54.5569],[-7.82545,54.55709],[-7.82559,54.55711],[-7.82574,54.5571],[-7.82585,54.55706],[-7.82589,54.55697],[-7.82586,54.55687],[-7.82582,54.55678],[-7.82584,54.55664],[-7.82592,54.5566],[-7.82609,54.55653],[-7.82619,54.55651],[-7.82632,54.55649],[-7.82649,54.55652],[-7.82669,54.55664],[-7.82699,54.55673],[-7.82732,54.55676],[-7.82755,54.55673],[-7.82771,54.55671],[-7.82781,54.55665],[-7.8279,54.55657],[-7.82797,54.55646],[-7.82806,54.55637],[-7.82826,54.55626],[-7.82849,54.55614],[-7.82863,54.55604],[-7.82867,54.55596],[-7.82868,54.55588],[-7.82861,54.55583],[-7.82845,54.55576],[-7.82752,54.55572],[-7.82734,54.55569],[-7.82726,54.55563],[-7.82719,54.55557],[-7.82717,54.55552],[-7.82724,54.55547],[-7.82744,54.55537],[-7.82776,54.55531],[-7.82806,54.55536],[-7.82845,54.55539],[-7.82863,54.55539],[-7.82878,54.55539],[-7.82897,54.55532],[-7.8291,54.55521],[-7.82912,54.55507],[-7.82907,54.55494],[-7.82896,54.55485],[-7.82886,54.55471],[-7.82881,54.55456],[-7.82883,54.55444],[-7.82892,54.55434],[-7.82904,54.5543],[-7.82924,54.55432],[-7.82943,54.55435],[-7.82956,54.55436],[-7.82969,54.55434],[-7.82983,54.55427],[-7.82989,54.55419],[-7.83003,54.55411],[-7.83015,54.55401],[-7.83036,54.55391],[-7.83051,54.55382],[-7.83061,54.55371],[-7.83071,54.55364],[-7.8308,54.55359],[-7.83103,54.55352],[-7.83123,54.5535],[-7.83161,54.55341],[-7.83179,54.55334],[-7.83191,54.55326],[-7.83198,54.55322],[-7.83201,54.55311],[-7.8321,54.553],[-7.83233,54.5528],[-7.83248,54.55268],[-7.83283,54.55256],[-7.8331,54.55245],[-7.83322,54.55239],[-7.83325,54.55234],[-7.83326,54.55222],[-7.8332,54.55209],[-7.83305,54.55193],[-7.83293,54.55177],[-7.83285,54.55164],[-7.83274,54.55129],[-7.8326,54.55092],[-7.83246,54.55059],[-7.83238,54.5503],[-7.83233,54.55015],[-7.83223,54.55],[-7.83202,54.5498],[-7.83174,54.54967],[-7.83153,54.54957],[-7.83118,54.54931],[-7.83098,54.54913],[-7.83085,54.54874],[-7.83078,54.5485],[-7.83068,54.54829],[-7.83057,54.5481],[-7.83041,54.54801],[-7.83016,54.54802],[-7.83001,54.54804],[-7.82985,54.5481],[-7.82964,54.54832],[-7.82948,54.54851],[-7.82937,54.54855],[-7.82924,54.54852],[-7.82903,54.54843],[-7.82869,54.54824],[-7.82855,54.5482],[-7.82827,54.54818],[-7.82781,54.5481],[-7.82749,54.54802],[-7.82704,54.54778],[-7.82659,54.54764],[-7.82624,54.54755],[-7.82604,54.54746],[-7.82595,54.54736],[-7.82584,54.54713],[-7.82561,54.54698],[-7.82517,54.5468],[-7.82471,54.54671],[-7.82435,54.54662],[-7.82417,54.54655],[-7.82401,54.54645],[-7.82394,54.54635],[-7.82394,54.54624],[-7.82399,54.54613],[-7.8242,54.54592],[-7.82428,54.54578],[-7.82431,54.54566],[-7.82429,54.54555],[-7.82412,54.54536],[-7.82393,54.54525],[-7.8238,54.54516],[-7.82372,54.54508],[-7.8237,54.54486],[-7.82372,54.54469],[-7.82379,54.54458],[-7.8239,54.54443],[-7.82399,54.54433],[-7.82417,54.54425],[-7.82427,54.5442],[-7.82449,54.5442],[-7.82467,54.54422],[-7.82472,54.54422],[-7.8251,54.54404],[-7.8253,54.5439],[-7.82548,54.5438],[-7.82577,54.54374],[-7.82626,54.54362],[-7.82722,54.54333],[-7.82794,54.54309],[-7.82823,54.54296],[-7.82838,54.54287],[-7.82847,54.54274],[-7.82861,54.54243],[-7.82861,54.54231],[-7.82866,54.54216],[-7.82877,54.54197],[-7.82889,54.54188],[-7.82901,54.54172],[-7.82906,54.54157],[-7.82918,54.54139],[-7.82928,54.54129],[-7.82946,54.54116],[-7.82963,54.54102],[-7.82976,54.54092],[-7.82996,54.5408],[-7.83015,54.54075],[-7.83038,54.54074],[-7.83057,54.54075],[-7.83078,54.54072],[-7.83143,54.54058],[-7.83189,54.54049],[-7.83203,54.54042],[-7.83213,54.54032],[-7.83221,54.54024],[-7.83229,54.54018],[-7.83247,54.54013],[-7.83275,54.54008],[-7.83302,54.54007],[-7.83334,54.54013],[-7.83352,54.54016],[-7.83362,54.54016],[-7.83377,54.54012],[-7.83387,54.54004],[-7.834,54.53992],[-7.83412,54.53987],[-7.8347,54.53976],[-7.83567,54.53954],[-7.83599,54.53951],[-7.83617,54.53947],[-7.83624,54.53947],[-7.83634,54.53939],[-7.83649,54.5393],[-7.83669,54.53917],[-7.83687,54.53912],[-7.83717,54.53912],[-7.83766,54.53915],[-7.838,54.53915],[-7.83833,54.53908],[-7.83909,54.53887],[-7.83974,54.5387],[-7.84006,54.5386],[-7.84035,54.53846],[-7.84059,54.53835],[-7.84084,54.53828],[-7.84104,54.5382],[-7.84131,54.53806],[-7.84158,54.53789],[-7.84173,54.53776],[-7.84186,54.5376],[-7.84203,54.53748],[-7.84235,54.53727],[-7.84261,54.53722],[-7.84289,54.53719],[-7.84316,54.5372],[-7.84348,54.53727],[-7.84368,54.53737],[-7.84384,54.53742],[-7.84395,54.53744],[-7.84405,54.53745],[-7.84421,54.53742],[-7.84435,54.53735],[-7.84438,54.5373],[-7.84445,54.53705],[-7.84452,54.53695],[-7.84464,54.5369],[-7.845,54.53684],[-7.84505,54.53682],[-7.84525,54.5368],[-7.84545,54.53667],[-7.84558,54.53654],[-7.84581,54.53614],[-7.84595,54.53601],[-7.84667,54.53562],[-7.84727,54.53543],[-7.84771,54.53533],[-7.84798,54.53522],[-7.84814,54.53512],[-7.84834,54.53494],[-7.8487,54.5346],[-7.84888,54.53438],[-7.84904,54.53423],[-7.84934,54.53401],[-7.84964,54.53383],[-7.84986,54.53373],[-7.85011,54.53358],[-7.85026,54.53342],[-7.85042,54.53313],[-7.85053,54.53301],[-7.85078,54.53311],[-7.85133,54.53331],[-7.85161,54.5334],[-7.85178,54.5335],[-7.85191,54.53363],[-7.85218,54.53404],[-7.85239,54.53437],[-7.85258,54.53461],[-7.85273,54.53467],[-7.85306,54.53471],[-7.85335,54.53473],[-7.85353,54.53474],[-7.85364,54.5348],[-7.8538,54.53493],[-7.85399,54.53525],[-7.85413,54.53542],[-7.85433,54.53558],[-7.85445,54.53568],[-7.85461,54.53574],[-7.85498,54.53585],[-7.85571,54.53598],[-7.85589,54.53603],[-7.85597,54.53608],[-7.85606,54.53615],[-7.85612,54.53629],[-7.85627,54.5364],[-7.85642,54.53649],[-7.85649,54.53653],[-7.85657,54.53654],[-7.85662,54.53654],[-7.85665,54.53653],[-7.85671,54.53647],[-7.85674,54.53639],[-7.85677,54.53635],[-7.85687,54.5363],[-7.85706,54.53625],[-7.85728,54.5362],[-7.85748,54.53618],[-7.85756,54.53618],[-7.85767,54.5362],[-7.85797,54.53651],[-7.85814,54.53663],[-7.85837,54.53663],[-7.85876,54.53664],[-7.85895,54.53663],[-7.85934,54.53658],[-7.85971,54.53649],[-7.85974,54.53645],[-7.85975,54.5363],[-7.8598,54.53624],[-7.85994,54.53625],[-7.86008,54.53628],[-7.86046,54.53623],[-7.86134,54.53612],[-7.86191,54.53603],[-7.8627,54.53586],[-7.86338,54.53574],[-7.86362,54.53568],[-7.86402,54.53563],[-7.86446,54.53555],[-7.86471,54.53546],[-7.86496,54.53541],[-7.8653,54.53525],[-7.86553,54.53516],[-7.8659,54.53505],[-7.86607,54.53498],[-7.8662,54.53497],[-7.86638,54.53501],[-7.86667,54.53502],[-7.86698,54.53502],[-7.86717,54.535],[-7.86737,54.53495],[-7.86767,54.53485],[-7.86782,54.5348],[-7.868,54.53476],[-7.86812,54.53474],[-7.86843,54.53473],[-7.86865,54.53474],[-7.8688,54.53474],[-7.86897,54.53471],[-7.86912,54.53466],[-7.86932,54.53459],[-7.86949,54.53459],[-7.86958,54.53461],[-7.86965,54.53465],[-7.86973,54.53474],[-7.86974,54.5348],[-7.86971,54.53489],[-7.86963,54.53498],[-7.86957,54.53507],[-7.86959,54.53514],[-7.86974,54.53527],[-7.86992,54.53535],[-7.87009,54.53539],[-7.87024,54.53539],[-7.87044,54.53536],[-7.8707,54.5353],[-7.87092,54.53524],[-7.87112,54.53521],[-7.87126,54.53523],[-7.87134,54.53526],[-7.87146,54.53526],[-7.87165,54.53524],[-7.87167,54.53513],[-7.87168,54.53505],[-7.8717,54.53501],[-7.87176,54.53498],[-7.8719,54.53494],[-7.87207,54.53495],[-7.87231,54.535],[-7.87247,54.53507],[-7.87265,54.53521],[-7.87284,54.53532],[-7.87304,54.5354],[-7.87321,54.53546],[-7.87339,54.5355],[-7.87352,54.5355],[-7.87368,54.53549],[-7.87383,54.53547],[-7.87396,54.53546],[-7.87412,54.53547],[-7.87428,54.5355],[-7.87441,54.53554],[-7.87457,54.53555],[-7.87475,54.53555],[-7.87492,54.53556],[-7.8752,54.5356],[-7.87548,54.53565],[-7.87569,54.53569],[-7.87591,54.53575],[-7.87616,54.53578],[-7.87634,54.5358],[-7.87661,54.5358],[-7.87678,54.53578],[-7.87704,54.5357],[-7.87726,54.53562],[-7.87738,54.53557],[-7.8775,54.53554],[-7.87764,54.53555],[-7.87788,54.53558],[-7.87851,54.53569],[-7.8786,54.53573],[-7.87875,54.53571],[-7.87891,54.53571],[-7.87927,54.53559],[-7.8795,54.53553],[-7.87968,54.53548],[-7.8799,54.53544],[-7.88002,54.53539],[-7.88018,54.53526],[-7.88027,54.5352],[-7.88037,54.53514],[-7.88051,54.53508],[-7.88065,54.53502],[-7.88082,54.53499],[-7.88095,54.53498],[-7.88105,54.53502],[-7.88124,54.5351],[-7.88141,54.5351],[-7.88153,54.5351],[-7.88166,54.53512],[-7.88174,54.53519],[-7.8818,54.53531],[-7.88181,54.53541],[-7.88184,54.53553],[-7.88191,54.5356],[-7.88201,54.53568],[-7.88209,54.53576],[-7.88207,54.53593],[-7.88209,54.536],[-7.88235,54.53605],[-7.88247,54.53613],[-7.88252,54.53625],[-7.88255,54.53633],[-7.88265,54.53633],[-7.88275,54.53633],[-7.88284,54.53627],[-7.88294,54.53622],[-7.8831,54.53628],[-7.88361,54.53651],[-7.88401,54.53665],[-7.8841,54.53668],[-7.88413,54.53678],[-7.88413,54.53682],[-7.88447,54.53682],[-7.8846,54.53686],[-7.88478,54.53689],[-7.88504,54.5369],[-7.88539,54.53687],[-7.88563,54.53682],[-7.88584,54.53674],[-7.88596,54.53668],[-7.88601,54.53663],[-7.88601,54.5366],[-7.88593,54.53656],[-7.88582,54.53648],[-7.88579,54.53641],[-7.88582,54.53632],[-7.88586,54.53625],[-7.88616,54.53618],[-7.88632,54.53615],[-7.88647,54.53617],[-7.88659,54.5362],[-7.88701,54.53628],[-7.88718,54.53633],[-7.88741,54.53634],[-7.88756,54.53633],[-7.88775,54.53635],[-7.88845,54.53648],[-7.88878,54.53651],[-7.88885,54.5365],[-7.8891,54.53649],[-7.88928,54.53651],[-7.88946,54.53655],[-7.88964,54.53668],[-7.88981,54.53677],[-7.88992,54.53678],[-7.89024,54.53675],[-7.89043,54.53676],[-7.89062,54.53675],[-7.89104,54.5367],[-7.89118,54.53665],[-7.89131,54.53655],[-7.89145,54.53648],[-7.89155,54.53642],[-7.8916,54.5364],[-7.89169,54.53639],[-7.89168,54.53649],[-7.89172,54.53652],[-7.89192,54.53652],[-7.89202,54.53648],[-7.89227,54.53642],[-7.89243,54.53634],[-7.89252,54.53623],[-7.89251,54.53615],[-7.89248,54.53608],[-7.89249,54.536],[-7.89252,54.53593],[-7.89253,54.53583],[-7.89252,54.53576],[-7.89258,54.53568],[-7.89273,54.53557],[-7.89278,54.53546],[-7.89283,54.53543],[-7.89289,54.53542],[-7.89293,54.5354],[-7.89297,54.53536],[-7.89302,54.53519],[-7.89312,54.5352],[-7.89325,54.53522],[-7.89337,54.53523],[-7.89347,54.53521],[-7.89364,54.53515],[-7.89377,54.53514],[-7.89394,54.53514],[-7.89415,54.53512],[-7.89432,54.5351],[-7.89443,54.53505],[-7.89457,54.53503],[-7.89515,54.53503],[-7.89533,54.53506],[-7.89591,54.53527],[-7.89617,54.53533],[-7.89634,54.53536],[-7.89646,54.53536],[-7.89657,54.53534],[-7.89671,54.53533],[-7.89721,54.53535],[-7.8973,54.53537],[-7.89737,54.53543],[-7.89744,54.53555],[-7.89756,54.53563],[-7.8977,54.5357],[-7.89783,54.53574],[-7.89794,54.53574],[-7.89812,54.53573],[-7.89824,54.53567],[-7.89829,54.53567],[-7.89838,54.53571],[-7.8985,54.53575],[-7.89862,54.53575],[-7.89869,54.53571],[-7.89876,54.53569],[-7.89881,54.5357],[-7.89883,54.53573],[-7.89879,54.53578],[-7.89877,54.53585],[-7.89882,54.53592],[-7.89888,54.53597],[-7.89896,54.53601],[-7.8991,54.53606],[-7.89926,54.53606],[-7.89938,54.53607],[-7.89951,54.53606],[-7.89985,54.53606],[-7.89996,54.53608],[-7.90008,54.53611],[-7.90013,54.53609],[-7.90023,54.53608],[-7.90043,54.5361],[-7.90068,54.53608],[-7.90084,54.53607],[-7.90108,54.53601],[-7.90142,54.53596],[-7.90155,54.53599],[-7.90172,54.536],[-7.90185,54.53603],[-7.90195,54.53607],[-7.90204,54.53607],[-7.90211,54.53608],[-7.90224,54.53615],[-7.9024,54.53616],[-7.90256,54.53618],[-7.90271,54.5362],[-7.90286,54.53626],[-7.90313,54.53635],[-7.90335,54.5364],[-7.90353,54.53645],[-7.90372,54.53656],[-7.90413,54.53671],[-7.90471,54.5369],[-7.90489,54.53696],[-7.90512,54.53705],[-7.90542,54.53715],[-7.90559,54.53719],[-7.90574,54.53721],[-7.90589,54.5372],[-7.90629,54.53721],[-7.90646,54.53723],[-7.90666,54.53727],[-7.90679,54.53734],[-7.90704,54.53744],[-7.90721,54.5375],[-7.90754,54.53755],[-7.90763,54.53755],[-7.90772,54.53753],[-7.90781,54.53747],[-7.90793,54.53733],[-7.90799,54.53717],[-7.90806,54.53714],[-7.90818,54.53713],[-7.90829,54.53712],[-7.90861,54.53713],[-7.909,54.53717],[-7.9092,54.53715],[-7.90937,54.53713],[-7.90954,54.53706],[-7.90965,54.53699],[-7.91036,54.53681],[-7.9105,54.53674],[-7.91072,54.53662],[-7.91103,54.5366],[-7.91114,54.53658],[-7.91123,54.53659],[-7.91133,54.53658],[-7.9114,54.53653],[-7.91153,54.5365],[-7.91167,54.53648],[-7.91189,54.5364],[-7.91209,54.5364],[-7.91228,54.53633],[-7.91249,54.53622],[-7.9127,54.53613],[-7.9128,54.53606],[-7.91291,54.53596],[-7.91298,54.53593],[-7.91315,54.5359],[-7.91337,54.53593],[-7.91357,54.53594],[-7.9137,54.53593],[-7.91385,54.53593],[-7.91396,54.53594],[-7.91415,54.53598],[-7.91435,54.53605],[-7.91455,54.53607],[-7.9148,54.53613],[-7.91497,54.53615],[-7.91517,54.53618],[-7.91546,54.53622],[-7.91567,54.53621],[-7.91599,54.53621],[-7.91634,54.53628],[-7.91691,54.53642],[-7.91717,54.5365],[-7.91729,54.5365],[-7.91746,54.53653],[-7.91766,54.53653],[-7.91781,54.53652],[-7.918,54.5365],[-7.91819,54.53648],[-7.91837,54.53648],[-7.91875,54.53666],[-7.91894,54.53675],[-7.91916,54.53678],[-7.91937,54.53679],[-7.91952,54.53678],[-7.91966,54.53675],[-7.91985,54.53667],[-7.92011,54.53653],[-7.9203,54.53638],[-7.92048,54.5363],[-7.9206,54.53628],[-7.92148,54.53628],[-7.92165,54.53628],[-7.9218,54.53625],[-7.92201,54.53618],[-7.92218,54.53609],[-7.92238,54.53599],[-7.92251,54.53589],[-7.9231,54.53567],[-7.92336,54.53554],[-7.9243,54.53495],[-7.92472,54.53476],[-7.92522,54.53468],[-7.9263,54.53458],[-7.92911,54.53429],[-7.93081,54.53411],[-7.93241,54.53394],[-7.93404,54.53376],[-7.93752,54.53304],[-7.94023,54.53365],[-7.94051,54.53374],[-7.94068,54.53383],[-7.94079,54.53391],[-7.94089,54.53403],[-7.94114,54.53417],[-7.94124,54.53428],[-7.94147,54.53448],[-7.9416,54.53463],[-7.94177,54.53473],[-7.94194,54.53484],[-7.94209,54.53493],[-7.94226,54.53503],[-7.94246,54.53519],[-7.94261,54.53528],[-7.94287,54.5356],[-7.94324,54.53575],[-7.94353,54.53583],[-7.94373,54.53587],[-7.94393,54.53592],[-7.94423,54.53598],[-7.94441,54.53598],[-7.94471,54.53587],[-7.94489,54.53574],[-7.94514,54.53568],[-7.94533,54.53566],[-7.94549,54.53565],[-7.94609,54.53557],[-7.94642,54.53554],[-7.94682,54.53545],[-7.94698,54.53535],[-7.94723,54.53524],[-7.94732,54.53516],[-7.94735,54.53508],[-7.94745,54.535],[-7.94764,54.53487],[-7.9478,54.53479],[-7.9479,54.5347],[-7.94808,54.53463],[-7.94822,54.53456],[-7.94845,54.53439],[-7.94856,54.53435],[-7.94865,54.53427],[-7.94873,54.53416],[-7.94882,54.53407],[-7.94892,54.53398],[-7.94909,54.53388],[-7.94918,54.53388],[-7.9494,54.53381],[-7.94954,54.53373],[-7.94965,54.53369],[-7.94982,54.5337],[-7.95002,54.5337],[-7.95035,54.53376],[-7.95072,54.53381],[-7.95118,54.53382],[-7.95163,54.53389],[-7.95189,54.53391],[-7.95207,54.53392],[-7.95226,54.53399],[-7.95248,54.534],[-7.95277,54.53406],[-7.95302,54.53418],[-7.95313,54.53423],[-7.95343,54.53433],[-7.95347,54.53436],[-7.95346,54.53442],[-7.9535,54.53456],[-7.95369,54.53477],[-7.95399,54.53503],[-7.95456,54.5354],[-7.95501,54.53577],[-7.95581,54.53648],[-7.95631,54.53699],[-7.95658,54.5373],[-7.95678,54.53747],[-7.95687,54.53765],[-7.957,54.53787],[-7.95696,54.53795],[-7.95694,54.538],[-7.95697,54.53807],[-7.95709,54.53819],[-7.9572,54.5382],[-7.95736,54.53825],[-7.95745,54.5383],[-7.95761,54.5384],[-7.95773,54.53844],[-7.95796,54.53842],[-7.95847,54.53835],[-7.9596,54.53815],[-7.95959,54.53827],[-7.95943,54.53848],[-7.95939,54.53857],[-7.95924,54.53875],[-7.95915,54.53891],[-7.95899,54.53897],[-7.95891,54.53907],[-7.9588,54.53915],[-7.95869,54.53925],[-7.9586,54.53946],[-7.9587,54.5397],[-7.95885,54.53994],[-7.95924,54.5402],[-7.96005,54.54069],[-7.96023,54.54082],[-7.96045,54.54093],[-7.96109,54.54109],[-7.96152,54.54138],[-7.96289,54.54209],[-7.96384,54.54258],[-7.96455,54.54291],[-7.9649,54.54304],[-7.96516,54.54312],[-7.96575,54.54318],[-7.96616,54.54329],[-7.96666,54.54346],[-7.96713,54.54357],[-7.96819,54.54382],[-7.96843,54.54389],[-7.96874,54.54398],[-7.96883,54.54404],[-7.96889,54.54414],[-7.96892,54.54431],[-7.96903,54.54464],[-7.96971,54.54641],[-7.96985,54.54682],[-7.96989,54.54689],[-7.96997,54.54696],[-7.97027,54.54715],[-7.97052,54.54728],[-7.97115,54.54717],[-7.97156,54.54712],[-7.9717,54.54707],[-7.97178,54.54698],[-7.9719,54.54695],[-7.97213,54.54695],[-7.97232,54.54703],[-7.97252,54.5471],[-7.97278,54.54728],[-7.97778,54.54531],[-7.97817,54.54519],[-7.98343,54.54433],[-7.98886,54.54348],[-7.99143,54.54306],[-7.99657,54.54406],[-8.00147,54.54505],[-8.00597,54.54589],[-8.00798,54.5427],[-8.00923,54.54146],[-8.01084,54.53977],[-8.01276,54.53789],[-8.01305,54.53657],[-8.01323,54.5365],[-8.01338,54.53646],[-8.01348,54.53642],[-8.0137,54.53635],[-8.01376,54.53629],[-8.01387,54.53622],[-8.01392,54.53615],[-8.01398,54.53612],[-8.01398,54.53603],[-8.01399,54.53595],[-8.01415,54.53588],[-8.0142,54.53585],[-8.0142,54.5358],[-8.01418,54.53575],[-8.01409,54.53569],[-8.014,54.53563],[-8.01398,54.53558],[-8.01403,54.53542],[-8.014,54.53531],[-8.01388,54.53515],[-8.01378,54.5351],[-8.01313,54.53489],[-8.01302,54.53481],[-8.01285,54.53462],[-8.01278,54.53459],[-8.01278,54.53456],[-8.01281,54.53451],[-8.01283,54.5344],[-8.01281,54.53434],[-8.01267,54.53434],[-8.01245,54.53429],[-8.01226,54.53421],[-8.01216,54.53413],[-8.01252,54.53358],[-8.01286,54.53315],[-8.013,54.53301],[-8.01333,54.53286],[-8.0137,54.53278],[-8.01386,54.53272],[-8.0143,54.53243],[-8.0146,54.53224],[-8.0148,54.53221],[-8.01722,54.532],[-8.01729,54.53196],[-8.01729,54.5318],[-8.0174,54.53106],[-8.0173,54.53091],[-8.01724,54.53079],[-8.0172,54.53057],[-8.0172,54.53049],[-8.01725,54.53032],[-8.01745,54.52972],[-8.01892,54.52906],[-8.01906,54.52902],[-8.01917,54.529],[-8.01929,54.52894],[-8.01936,54.52889],[-8.01947,54.52883],[-8.01962,54.52877],[-8.01971,54.5287],[-8.0198,54.52859],[-8.02001,54.52836],[-8.0201,54.52823],[-8.02016,54.52817],[-8.02044,54.52815],[-8.02064,54.52809],[-8.02084,54.52793],[-8.02104,54.52771],[-8.02109,54.5277],[-8.02112,54.52765],[-8.02114,54.5275],[-8.02114,54.52697],[-8.02136,54.5269],[-8.02172,54.52674],[-8.02188,54.52668],[-8.02199,54.52663],[-8.02217,54.52657],[-8.02266,54.52646],[-8.02268,54.52627],[-8.02279,54.52598],[-8.02296,54.52572],[-8.02317,54.52549],[-8.02351,54.52519],[-8.02355,54.52511],[-8.02358,54.52496],[-8.02366,54.52477],[-8.02388,54.52445],[-8.02468,54.52358],[-8.02573,54.52247],[-8.0262,54.52201],[-8.02652,54.52186],[-8.02729,54.52153],[-8.02778,54.52133],[-8.02825,54.52113],[-8.02872,54.52096],[-8.02902,54.52088],[-8.02909,54.52085],[-8.02921,54.52065],[-8.0293,54.52057],[-8.02933,54.52048],[-8.02935,54.52033],[-8.02942,54.52006],[-8.02947,54.51974],[-8.02949,54.51959],[-8.02948,54.51949],[-8.02955,54.51943],[-8.02972,54.51931],[-8.02983,54.51921],[-8.02993,54.51917],[-8.03012,54.51911],[-8.03032,54.51901],[-8.03056,54.51882],[-8.03084,54.51861],[-8.03133,54.5182],[-8.03139,54.51814],[-8.03146,54.51801],[-8.0315,54.51782],[-8.03166,54.51743],[-8.03171,54.51734],[-8.03184,54.51721],[-8.03201,54.51708],[-8.03225,54.51687],[-8.03242,54.51676],[-8.03257,54.51665],[-8.03287,54.51652],[-8.033,54.51642],[-8.03321,54.51597],[-8.03337,54.51577],[-8.03366,54.51557],[-8.03369,54.51546],[-8.03363,54.51518],[-8.03366,54.51502],[-8.03376,54.51472],[-8.03391,54.51452],[-8.034,54.51442],[-8.03418,54.51435],[-8.03477,54.51423],[-8.03501,54.51416],[-8.03526,54.51405],[-8.03548,54.51395],[-8.03556,54.51388],[-8.03559,54.51378],[-8.03559,54.51368],[-8.03564,54.51353],[-8.03576,54.51348],[-8.03595,54.51345],[-8.03631,54.51336],[-8.03645,54.51325],[-8.03656,54.51311],[-8.0366,54.513],[-8.03657,54.5129],[-8.03651,54.51274],[-8.03636,54.51255],[-8.03634,54.51245],[-8.0364,54.51235],[-8.03653,54.51223],[-8.03676,54.51198],[-8.03701,54.51176],[-8.03722,54.5116],[-8.03783,54.51113],[-8.03793,54.51107],[-8.03826,54.51073],[-8.03844,54.51063],[-8.0385,54.51053],[-8.03867,54.51043],[-8.03874,54.51033],[-8.03885,54.5101],[-8.03892,54.51001],[-8.03904,54.50993],[-8.03916,54.50987],[-8.03929,54.50979],[-8.03938,54.50974],[-8.03944,54.50969],[-8.03956,54.5096],[-8.03968,54.50948],[-8.0398,54.50942],[-8.03981,54.50936],[-8.03977,54.50925],[-8.03975,54.50914],[-8.03986,54.50897],[-8.04015,54.50856],[-8.04024,54.50841],[-8.04028,54.50826],[-8.04028,54.50817],[-8.04015,54.50801],[-8.04005,54.50791],[-8.03988,54.50784],[-8.03965,54.5077],[-8.03952,54.50765],[-8.03942,54.50757],[-8.03935,54.50751],[-8.03936,54.50742],[-8.0395,54.50729],[-8.04005,54.50709],[-8.04045,54.50699],[-8.04095,54.50688],[-8.04119,54.5068],[-8.04137,54.50673],[-8.04154,54.50664],[-8.0417,54.50653],[-8.04177,54.50647],[-8.04184,54.50623],[-8.04185,54.50599],[-8.04177,54.50576],[-8.04147,54.50547],[-8.04084,54.50496],[-8.04063,54.50478],[-8.04043,54.50466],[-8.04037,54.50456],[-8.04036,54.5044],[-8.04032,54.5043],[-8.04017,54.50415],[-8.03986,54.504],[-8.03965,54.5039],[-8.03951,54.50385],[-8.03941,54.50378],[-8.03937,54.50372],[-8.03918,54.50367],[-8.03903,54.5036],[-8.03886,54.5035],[-8.03868,54.5034],[-8.03858,54.50337],[-8.03847,54.50328],[-8.03842,54.50318],[-8.03847,54.50297],[-8.03873,54.50228],[-8.03919,54.50098],[-8.04036,54.49775],[-8.04154,54.49404],[-8.042,54.4924],[-8.04234,54.49131],[-8.04266,54.4903],[-8.04279,54.48977],[-8.04292,54.48932],[-8.04295,54.48919],[-8.04296,54.48912],[-8.04291,54.48909],[-8.04282,54.48898],[-8.04273,54.48888],[-8.04259,54.48871],[-8.04258,54.48863],[-8.04264,54.48853],[-8.04267,54.48846],[-8.0426,54.48773],[-8.0451,54.48771],[-8.04547,54.48771],[-8.04584,54.4878],[-8.0462,54.48783],[-8.04678,54.48789],[-8.04723,54.48797],[-8.0474,54.48805],[-8.04755,54.48807],[-8.04775,54.48804],[-8.04807,54.48797],[-8.04845,54.48793],[-8.04879,54.4879],[-8.04909,54.48786],[-8.04935,54.48787],[-8.0496,54.48787],[-8.04977,54.48784],[-8.04995,54.48782],[-8.05017,54.48787],[-8.05034,54.48789],[-8.05052,54.48788],[-8.05089,54.48783],[-8.05115,54.48778],[-8.05139,54.48773],[-8.05153,54.48772],[-8.05168,54.48778],[-8.05177,54.48783],[-8.05194,54.48785],[-8.05221,54.48783],[-8.0524,54.48783],[-8.05254,54.48786],[-8.05269,54.48789],[-8.05307,54.48783],[-8.05339,54.48781],[-8.05372,54.48776],[-8.05395,54.48768],[-8.05439,54.48758],[-8.05479,54.48751],[-8.05506,54.48746],[-8.05525,54.48746],[-8.05539,54.48745],[-8.05548,54.48738],[-8.05553,54.48736],[-8.05555,54.48726],[-8.05561,54.48719],[-8.05583,54.48717],[-8.05604,54.48717],[-8.05643,54.48723],[-8.05687,54.48729],[-8.05703,54.48733],[-8.05722,54.48731],[-8.05751,54.48726],[-8.0577,54.48724],[-8.05793,54.48723],[-8.05808,54.48721],[-8.05818,54.4872],[-8.05828,54.48714],[-8.05841,54.48713],[-8.0586,54.48711],[-8.05893,54.48705],[-8.0591,54.48703],[-8.05924,54.48704],[-8.05943,54.48708],[-8.05958,54.48709],[-8.06031,54.48703],[-8.06046,54.48701],[-8.06063,54.48698],[-8.06081,54.48694],[-8.06105,54.48687],[-8.06132,54.48685],[-8.06163,54.48686],[-8.06231,54.4869],[-8.06245,54.48688],[-8.06269,54.4868],[-8.0628,54.48676],[-8.06303,54.48673],[-8.06349,54.48669],[-8.06372,54.48671],[-8.0639,54.48674],[-8.06424,54.48676],[-8.06459,54.48676],[-8.06506,54.48673],[-8.06511,54.48668],[-8.06544,54.48668],[-8.06596,54.48669],[-8.0664,54.48672],[-8.06826,54.48683],[-8.07123,54.48698],[-8.07405,54.48713],[-8.07567,54.48717],[-8.07674,54.48723],[-8.07695,54.48779],[-8.07666,54.48794],[-8.07681,54.48794],[-8.07704,54.48797],[-8.07719,54.48804],[-8.07756,54.48816],[-8.07784,54.48823],[-8.07815,54.48826],[-8.07846,54.48828],[-8.07867,54.48826],[-8.07886,54.48824],[-8.07906,54.48825],[-8.07915,54.48826],[-8.08088,54.48804],[-8.08081,54.48793],[-8.08079,54.48786],[-8.08081,54.48779],[-8.08078,54.48771],[-8.08076,54.48761],[-8.08078,54.48756],[-8.08061,54.48702],[-8.08196,54.48719],[-8.08307,54.48733],[-8.08399,54.48736],[-8.08465,54.48741],[-8.08496,54.48745],[-8.08522,54.48748],[-8.08547,54.48749],[-8.08567,54.48753],[-8.08595,54.48751],[-8.08605,54.48744],[-8.08612,54.48742],[-8.08699,54.48733],[-8.0879,54.48723],[-8.08861,54.48717],[-8.08904,54.4871],[-8.08933,54.48662],[-8.08909,54.48648],[-8.08976,54.48636],[-8.09142,54.48604],[-8.09325,54.48566],[-8.09357,54.48551],[-8.09373,54.48545],[-8.09395,54.4854],[-8.09609,54.48483],[-8.0964,54.48466],[-8.09679,54.48455],[-8.09712,54.48447],[-8.09765,54.4844],[-8.09813,54.48432],[-8.09864,54.48425],[-8.09864,54.4839],[-8.09862,54.4838],[-8.09839,54.48357],[-8.09809,54.4833],[-8.09788,54.48317],[-8.09735,54.48289],[-8.09682,54.48258],[-8.09661,54.4825],[-8.096,54.48242],[-8.09582,54.48241],[-8.09575,54.48239],[-8.09566,54.48227],[-8.09555,54.48205],[-8.0955,54.48189],[-8.09547,54.4817],[-8.09547,54.48158],[-8.0955,54.48153],[-8.0956,54.48145],[-8.09578,54.48134],[-8.09592,54.48123],[-8.09603,54.48112],[-8.09616,54.48104],[-8.09638,54.48096],[-8.09657,54.4809],[-8.09685,54.48084],[-8.09696,54.48076],[-8.0971,54.48057],[-8.09727,54.48009],[-8.09732,54.47975],[-8.0973,54.47958],[-8.0972,54.47943],[-8.09707,54.47934],[-8.0968,54.47929],[-8.09641,54.47931],[-8.09598,54.47943],[-8.0957,54.4795],[-8.09548,54.47953],[-8.09497,54.47959],[-8.09477,54.47958],[-8.09435,54.47953],[-8.09421,54.47939],[-8.09404,54.47913],[-8.09374,54.47855],[-8.09286,54.47778],[-8.09113,54.47636],[-8.09226,54.47638],[-8.09306,54.47644],[-8.0934,54.47647],[-8.09363,54.4765],[-8.0939,54.47655],[-8.09406,54.47663],[-8.09418,54.47672],[-8.09422,54.47682],[-8.09423,54.47688],[-8.09463,54.47691],[-8.09485,54.47691],[-8.09511,54.47691],[-8.09542,54.47693],[-8.09585,54.47698],[-8.09613,54.477],[-8.09622,54.477],[-8.0963,54.47697],[-8.09637,54.47683],[-8.09641,54.47683],[-8.09651,54.47686],[-8.09792,54.47731],[-8.09801,54.47726],[-8.09837,54.47723],[-8.09883,54.47718],[-8.09991,54.47706],[-8.10006,54.47705],[-8.10023,54.47705],[-8.10199,54.47713],[-8.10268,54.47718],[-8.10298,54.47718],[-8.10316,54.47717],[-8.10326,54.47716],[-8.10338,54.47716],[-8.10346,54.47713],[-8.10354,54.47711],[-8.10363,54.47705],[-8.10367,54.47699],[-8.10364,54.47693],[-8.1036,54.47678],[-8.1036,54.47671],[-8.10357,54.47665],[-8.10356,54.47658],[-8.10357,54.47649],[-8.1036,54.47642],[-8.10366,54.47635],[-8.10378,54.47626],[-8.10403,54.47625],[-8.10433,54.47623],[-8.10464,54.47621],[-8.10484,54.47619],[-8.105,54.4762],[-8.10545,54.4762],[-8.10548,54.47623],[-8.10613,54.47623],[-8.10649,54.47624],[-8.10682,54.47626],[-8.10683,54.47623],[-8.1071,54.47622],[-8.10738,54.47626],[-8.10784,54.47632],[-8.10837,54.47638],[-8.10866,54.47641],[-8.10887,54.47641],[-8.10904,54.47641],[-8.10926,54.47638],[-8.10945,54.47638],[-8.10972,54.47641],[-8.11002,54.47644],[-8.11032,54.47646],[-8.11071,54.47643],[-8.11103,54.47642],[-8.11124,54.47642],[-8.11137,54.47644],[-8.11157,54.47646],[-8.1117,54.47648],[-8.1118,54.47646],[-8.11193,54.47645],[-8.11226,54.47642],[-8.11279,54.47638],[-8.11316,54.47637],[-8.11354,54.47618],[-8.11363,54.47608],[-8.11366,54.47597],[-8.11368,54.47589],[-8.11366,54.47579],[-8.11368,54.47572],[-8.11379,54.47564],[-8.11397,54.47556],[-8.11413,54.47549],[-8.11426,54.47546],[-8.11451,54.47541],[-8.11461,54.47531],[-8.11467,54.47519],[-8.11469,54.47491],[-8.11469,54.47477],[-8.11466,54.47468],[-8.11461,54.47459],[-8.11443,54.47446],[-8.11436,54.47439],[-8.11421,54.47431],[-8.11417,54.47426],[-8.11402,54.47417],[-8.11397,54.47411],[-8.11406,54.47406],[-8.11426,54.47391],[-8.11433,54.47386],[-8.11441,54.47385],[-8.11452,54.47387],[-8.11463,54.47389],[-8.11475,54.47387],[-8.11503,54.47379],[-8.11506,54.47373],[-8.11499,54.47369],[-8.11498,54.47364],[-8.11505,54.47361],[-8.11522,54.47359],[-8.11538,54.47358],[-8.11546,54.47354],[-8.11546,54.47349],[-8.11541,54.47341],[-8.11541,54.4733],[-8.11543,54.47321],[-8.1154,54.47306],[-8.1154,54.47297],[-8.11513,54.47289],[-8.11493,54.47287],[-8.11453,54.47274],[-8.11438,54.47269],[-8.11411,54.47252],[-8.11403,54.4724],[-8.11391,54.47236],[-8.11384,54.47235],[-8.11379,54.47232],[-8.11379,54.47224],[-8.11373,54.47221],[-8.11358,54.47216],[-8.11346,54.47209],[-8.11335,54.47202],[-8.11327,54.47194],[-8.11327,54.47184],[-8.11329,54.47177],[-8.11316,54.4717],[-8.113,54.47159],[-8.11294,54.47152],[-8.11286,54.47135],[-8.11271,54.47117],[-8.11254,54.47108],[-8.11229,54.47097],[-8.11205,54.47082],[-8.11191,54.47075],[-8.11184,54.4707],[-8.11179,54.47065],[-8.11171,54.47063],[-8.11164,54.47053],[-8.11151,54.47032],[-8.11151,54.47028],[-8.11165,54.47027],[-8.1119,54.47027],[-8.11219,54.47021],[-8.11249,54.47016],[-8.11269,54.47012],[-8.11297,54.47002],[-8.11314,54.46988],[-8.11336,54.46975],[-8.11352,54.46965],[-8.11372,54.46961],[-8.11375,54.46956],[-8.11399,54.46947],[-8.11444,54.4693],[-8.11459,54.46922],[-8.11475,54.46906],[-8.11568,54.46903],[-8.11735,54.46904],[-8.12056,54.46904],[-8.12138,54.469],[-8.12198,54.46901],[-8.12294,54.46903],[-8.12443,54.46902],[-8.12522,54.469],[-8.12586,54.46899],[-8.12646,54.469],[-8.12733,54.46903],[-8.12853,54.46908],[-8.13009,54.46917],[-8.13134,54.46923],[-8.13292,54.4693],[-8.13401,54.46932],[-8.13626,54.46941],[-8.13786,54.46948],[-8.13867,54.4695],[-8.13946,54.46952],[-8.14019,54.46956],[-8.14091,54.46958],[-8.1416,54.46963],[-8.14162,54.46968],[-8.14195,54.46965],[-8.14247,54.46967],[-8.14317,54.46967],[-8.14465,54.46974],[-8.14497,54.46977],[-8.14639,54.46984],[-8.14714,54.46988],[-8.14768,54.46989],[-8.14826,54.46992],[-8.14866,54.4699],[-8.1495,54.46985],[-8.14956,54.4698],[-8.15051,54.46972],[-8.15219,54.46957],[-8.15372,54.46947],[-8.15489,54.46942],[-8.15573,54.46939],[-8.15684,54.46937],[-8.15784,54.46932],[-8.15871,54.46928],[-8.15995,54.46926],[-8.16095,54.46921],[-8.16195,54.46918],[-8.16289,54.46916],[-8.16385,54.46912],[-8.16457,54.46909],[-8.16482,54.46905],[-8.16514,54.469],[-8.16534,54.46894],[-8.1655,54.46882],[-8.16562,54.46876],[-8.16646,54.46865],[-8.16694,54.46858],[-8.16738,54.46848],[-8.16754,54.46843],[-8.16772,54.46833],[-8.16809,54.46827],[-8.16889,54.46808],[-8.16921,54.46803],[-8.16971,54.46798],[-8.17019,54.4679],[-8.17063,54.46782],[-8.17105,54.46773],[-8.17146,54.46766],[-8.17205,54.4676],[-8.17252,54.46754],[-8.17297,54.46747],[-8.17303,54.46744],[-8.17313,54.46743],[-8.17313,54.46739],[-8.17324,54.46737],[-8.17344,54.46733],[-8.17383,54.4673],[-8.17404,54.46691],[-8.17421,54.46675],[-8.1745,54.46633],[-8.1747,54.46618],[-8.17489,54.46608],[-8.17532,54.46591],[-8.1763,54.46547],[-8.17655,54.46535],[-8.17662,54.46524],[-8.17709,54.46496],[-8.17753,54.46476],[-8.17469,54.46469],[-8.17266,54.46462],[-8.17007,54.46453],[-8.17004,54.46445],[-8.16995,54.46434],[-8.16994,54.46427],[-8.16986,54.46417],[-8.16978,54.46403],[-8.16972,54.46391],[-8.1697,54.46378],[-8.1697,54.46361],[-8.1698,54.46348],[-8.16989,54.4634],[-8.17008,54.46309],[-8.17018,54.46297],[-8.17019,54.4629],[-8.17025,54.46286],[-8.17034,54.46277],[-8.1704,54.46273],[-8.17042,54.46267],[-8.1704,54.46262],[-8.17039,54.46256],[-8.17044,54.46239],[-8.17042,54.46225],[-8.17018,54.46199],[-8.17011,54.46189],[-8.17011,54.46175],[-8.17012,54.46171],[-8.17012,54.46166],[-8.17011,54.46162],[-8.17007,54.46158],[-8.16999,54.46155],[-8.16993,54.46152],[-8.16991,54.46149],[-8.16987,54.46145],[-8.1698,54.4614],[-8.16977,54.46135],[-8.16977,54.46127],[-8.16968,54.46111],[-8.1696,54.46101],[-8.16956,54.46093],[-8.16955,54.4608],[-8.16953,54.46073],[-8.16947,54.46065],[-8.1694,54.46059],[-8.16931,54.46054],[-8.16921,54.46051],[-8.16914,54.46045],[-8.16905,54.46037],[-8.16894,54.46032],[-8.1688,54.4603],[-8.1687,54.46024],[-8.16856,54.46017],[-8.16849,54.46011],[-8.1684,54.46002],[-8.16827,54.45994],[-8.16805,54.45982],[-8.16789,54.45982],[-8.16781,54.4598],[-8.16755,54.45956],[-8.16764,54.45949],[-8.16764,54.45943],[-8.16761,54.45938],[-8.16746,54.4593],[-8.16734,54.45925],[-8.16718,54.4592],[-8.167,54.4592],[-8.16692,54.4592],[-8.16682,54.45918],[-8.16661,54.45914],[-8.16652,54.45911],[-8.16627,54.45902],[-8.16609,54.45897],[-8.16598,54.45894],[-8.16585,54.45893],[-8.16578,54.45891],[-8.16563,54.45885],[-8.16553,54.45883],[-8.1654,54.45881],[-8.16532,54.45878],[-8.16523,54.45869],[-8.16513,54.45862],[-8.16505,54.45855],[-8.16502,54.45851],[-8.16497,54.45838],[-8.16493,54.45833],[-8.16485,54.45828],[-8.16444,54.45821],[-8.16435,54.45817],[-8.16428,54.45816],[-8.16385,54.45814],[-8.16365,54.45813],[-8.16333,54.45808],[-8.16293,54.45798],[-8.16255,54.45786],[-8.16219,54.45778],[-8.16196,54.4577],[-8.16156,54.45752],[-8.16129,54.45738],[-8.16102,54.45728],[-8.16077,54.45722],[-8.16056,54.45717],[-8.16018,54.45711],[-8.16004,54.45706],[-8.15986,54.45699],[-8.15935,54.45686],[-8.15828,54.45655],[-8.1565,54.45608],[-8.15421,54.45545],[-8.15287,54.45506],[-8.15208,54.45485],[-8.15138,54.45465],[-8.14977,54.45414],[-8.14923,54.45395],[-8.14861,54.45369],[-8.14817,54.45342],[-8.14809,54.4533],[-8.14778,54.45319],[-8.14727,54.45309],[-8.14679,54.45301],[-8.14658,54.45296],[-8.14613,54.4528],[-8.14601,54.45277],[-8.14519,54.45239],[-8.14504,54.45233],[-8.14479,54.45221],[-8.14463,54.45212],[-8.14441,54.45196],[-8.14396,54.45157],[-8.14354,54.45125],[-8.14348,54.45116],[-8.14342,54.45111],[-8.14337,54.45111],[-8.14332,54.45105],[-8.14325,54.45102],[-8.14318,54.45099],[-8.14311,54.45095],[-8.14302,54.4508],[-8.14302,54.45074],[-8.14286,54.45065],[-8.14284,54.45057],[-8.14284,54.45051],[-8.14289,54.45043],[-8.14301,54.45039],[-8.14336,54.45021],[-8.1434,54.45014],[-8.14345,54.4501],[-8.14355,54.45006],[-8.14368,54.44999],[-8.14375,54.44998],[-8.14387,54.44996],[-8.144,54.44992],[-8.14443,54.44984],[-8.14449,54.44983],[-8.14455,54.4498],[-8.14459,54.44975],[-8.14466,54.44968],[-8.14479,54.44963],[-8.14495,54.44958],[-8.14529,54.44948],[-8.14572,54.44932],[-8.14589,54.4492],[-8.14605,54.44911],[-8.14621,54.44903],[-8.14632,54.44896],[-8.14636,54.44891],[-8.14639,54.44885],[-8.14639,54.44879],[-8.14632,54.44878],[-8.1463,54.44875],[-8.14634,54.4487],[-8.14636,54.44861],[-8.14632,54.44829],[-8.14631,54.44807],[-8.1463,54.44806],[-8.14623,54.44803],[-8.14607,54.44801],[-8.14595,54.44795],[-8.14588,54.44789],[-8.14579,54.44773],[-8.14579,54.44767],[-8.14581,54.44762],[-8.14588,54.44754],[-8.14592,54.44751],[-8.14594,54.44747],[-8.14599,54.44742],[-8.14606,54.44738],[-8.14617,54.44728],[-8.14642,54.44713],[-8.14674,54.44706],[-8.14701,54.44695],[-8.14722,54.44691],[-8.14741,54.44685],[-8.1475,54.44684],[-8.14769,54.44684],[-8.14777,54.44685],[-8.14786,54.44687],[-8.14795,54.44689],[-8.148,54.44689],[-8.14804,54.44688],[-8.14804,54.44684],[-8.14797,54.44676],[-8.14794,54.44668],[-8.14796,54.44663],[-8.14814,54.44656],[-8.1482,54.44654],[-8.14824,54.44656],[-8.14838,54.44664],[-8.14848,54.44667],[-8.1486,54.44663],[-8.14865,54.44656],[-8.14846,54.44648],[-8.14842,54.44644],[-8.14839,54.4464],[-8.14838,54.44634],[-8.14841,54.44629],[-8.14862,54.44612],[-8.14879,54.44589],[-8.14894,54.44559],[-8.149,54.44546],[-8.14903,54.44541],[-8.14908,54.44538],[-8.1492,54.44534],[-8.14926,54.44533],[-8.14943,54.44533],[-8.14945,54.44532],[-8.14949,54.44528],[-8.14957,54.44522],[-8.14968,54.44515],[-8.14976,54.44508],[-8.14981,54.445],[-8.14982,54.44491],[-8.14983,54.44486],[-8.14987,54.44479],[-8.15007,54.44468],[-8.15015,54.44464],[-8.15021,54.4446],[-8.15023,54.44455],[-8.15021,54.44452],[-8.15015,54.44449],[-8.15011,54.44448],[-8.15009,54.44446],[-8.15008,54.44443],[-8.15006,54.44437],[-8.1501,54.44427],[-8.15013,54.44422],[-8.15022,54.44417],[-8.15023,54.44414],[-8.15022,54.44409],[-8.15022,54.44402],[-8.15028,54.44392],[-8.15035,54.44389],[-8.15068,54.44391],[-8.15088,54.44397],[-8.15097,54.44406],[-8.15095,54.44411],[-8.15096,54.44417],[-8.15107,54.44427],[-8.15119,54.44434],[-8.15136,54.44437],[-8.15171,54.44439],[-8.15178,54.44444],[-8.1519,54.44447],[-8.15205,54.44447],[-8.15209,54.44448],[-8.15212,54.44447],[-8.152,54.44437],[-8.152,54.44434],[-8.15211,54.44433],[-8.15224,54.44439],[-8.15242,54.44443],[-8.15259,54.44443],[-8.15273,54.44441],[-8.15285,54.44437],[-8.15293,54.44433],[-8.15299,54.44431],[-8.15314,54.4444],[-8.15328,54.4444],[-8.15342,54.4444],[-8.15354,54.44441],[-8.15368,54.44439],[-8.15381,54.4444],[-8.15385,54.4444],[-8.15394,54.4443],[-8.15398,54.44423],[-8.15401,54.44421],[-8.15406,54.44419],[-8.15418,54.44422],[-8.15425,54.44426],[-8.15434,54.44427],[-8.15444,54.44429],[-8.15455,54.44434],[-8.15464,54.44438],[-8.15469,54.44443],[-8.1547,54.4445],[-8.15473,54.44453],[-8.15476,54.44455],[-8.15479,54.44457],[-8.15481,54.4446],[-8.15484,54.44462],[-8.15492,54.44462],[-8.155,54.44453],[-8.15508,54.4445],[-8.15523,54.44446],[-8.15539,54.44447],[-8.15556,54.4445],[-8.15567,54.44461],[-8.15601,54.44468],[-8.15614,54.44471],[-8.15625,54.4447],[-8.15635,54.44467],[-8.15645,54.44462],[-8.15658,54.44456],[-8.15665,54.44453],[-8.15671,54.44452],[-8.15674,54.44452],[-8.15675,54.44456],[-8.15674,54.44459],[-8.15677,54.44461],[-8.15685,54.44461],[-8.15695,54.44459],[-8.15704,54.44459],[-8.15715,54.44462],[-8.15729,54.44462],[-8.15742,54.44455],[-8.15874,54.44428],[-8.16055,54.44394],[-8.16126,54.44293],[-8.16187,54.44204],[-8.15875,54.43901],[-8.1565,54.43815],[-8.15382,54.43709],[-8.15056,54.4353],[-8.1467,54.43317],[-8.14137,54.43033],[-8.13915,54.42914],[-8.13126,54.42495],[-8.12677,54.42258],[-8.1213,54.41967],[-8.11731,54.41753],[-8.11543,54.41652],[-8.11289,54.41502],[-8.10563,54.41102],[-8.10174,54.40889],[-8.09893,54.40736],[-8.09739,54.4065],[-8.09717,54.40612],[-8.09698,54.40584],[-8.09685,54.40573],[-8.09677,54.40561],[-8.09662,54.40549],[-8.09646,54.40536],[-8.09634,54.40521],[-8.09625,54.40506],[-8.09609,54.40487],[-8.09596,54.40475],[-8.09587,54.40469],[-8.09582,54.40464],[-8.09581,54.40459],[-8.09582,54.40456],[-8.09587,54.40452],[-8.09588,54.40443],[-8.09587,54.40439],[-8.09581,54.40432],[-8.09566,54.4042],[-8.09553,54.40408],[-8.0955,54.40402],[-8.09548,54.40395],[-8.09547,54.40386],[-8.09544,54.4038],[-8.09526,54.40372],[-8.09489,54.40358],[-8.09462,54.40352],[-8.09424,54.40347],[-8.09388,54.40347],[-8.09373,54.40346],[-8.09364,54.40344],[-8.09356,54.40342],[-8.09352,54.40335],[-8.0935,54.4033],[-8.0935,54.40318],[-8.09352,54.40293],[-8.0935,54.40284],[-8.09348,54.40276],[-8.09337,54.40271],[-8.09317,54.40263],[-8.09286,54.40261],[-8.09248,54.40261],[-8.09212,54.40259],[-8.09197,54.40257],[-8.09184,54.40253],[-8.0917,54.40246],[-8.09163,54.40239],[-8.09137,54.40228],[-8.09124,54.40219],[-8.09111,54.40208],[-8.09096,54.40197],[-8.09067,54.4017],[-8.0906,54.40159],[-8.09052,54.40153],[-8.09049,54.40143],[-8.09052,54.40136],[-8.0906,54.40131],[-8.09075,54.40116],[-8.09077,54.40108],[-8.09076,54.40101],[-8.0907,54.40093],[-8.09061,54.40084],[-8.09048,54.40075],[-8.0903,54.40063],[-8.09011,54.40052],[-8.08992,54.4004],[-8.0898,54.40034],[-8.08972,54.40028],[-8.08963,54.39996],[-8.08957,54.39979],[-8.0895,54.39968],[-8.08936,54.39957],[-8.08916,54.39951],[-8.08898,54.3995],[-8.08883,54.39946],[-8.08867,54.39939],[-8.08844,54.3993],[-8.0881,54.39913],[-8.08793,54.39906],[-8.08785,54.39898],[-8.08775,54.39862],[-8.08771,54.39856],[-8.0876,54.39848],[-8.08735,54.39841],[-8.0871,54.39837],[-8.08686,54.39836],[-8.08658,54.39835],[-8.08571,54.39824],[-8.08549,54.39818],[-8.08522,54.39807],[-8.08509,54.39797],[-8.08497,54.39783],[-8.0849,54.39769],[-8.08484,54.39763],[-8.08469,54.39754],[-8.08433,54.39746],[-8.08419,54.3974],[-8.08409,54.39733],[-8.084,54.39721],[-8.08396,54.39707],[-8.08392,54.39652],[-8.0838,54.39636],[-8.08343,54.396],[-8.08334,54.39587],[-8.08334,54.3957],[-8.08335,54.3956],[-8.08334,54.39543],[-8.08337,54.39514],[-8.0834,54.39506],[-8.08346,54.39495],[-8.08348,54.39475],[-8.08346,54.39465],[-8.08336,54.39454],[-8.08295,54.39417],[-8.08272,54.39405],[-8.08248,54.39398],[-8.08201,54.39389],[-8.0818,54.39384],[-8.08159,54.39375],[-8.08132,54.39362],[-8.08104,54.39356],[-8.08092,54.39352],[-8.08082,54.39343],[-8.08069,54.39324],[-8.08057,54.39303],[-8.0804,54.39295],[-8.08023,54.39286],[-8.08007,54.39273],[-8.07996,54.39263],[-8.07966,54.39249],[-8.07928,54.39233],[-8.07903,54.39228],[-8.07889,54.39226],[-8.07876,54.39221],[-8.07862,54.39211],[-8.07847,54.39194],[-8.0785,54.39183],[-8.0785,54.39166],[-8.07843,54.39158],[-8.07837,54.39149],[-8.07837,54.39139],[-8.07835,54.39125],[-8.0783,54.39117],[-8.07821,54.39111],[-8.0781,54.39101],[-8.07782,54.39079],[-8.07776,54.39055],[-8.07768,54.39043],[-8.07732,54.39006],[-8.07719,54.38995],[-8.07706,54.38988],[-8.07694,54.38986],[-8.07652,54.38994],[-8.07641,54.38992],[-8.07631,54.38988],[-8.07616,54.38973],[-8.07599,54.38957],[-8.07586,54.38943],[-8.07578,54.38929],[-8.07575,54.38919],[-8.07571,54.38909],[-8.07565,54.38897],[-8.07559,54.38887],[-8.07549,54.38878],[-8.07541,54.38872],[-8.07533,54.38859],[-8.07517,54.3883],[-8.07497,54.38807],[-8.07468,54.38769],[-8.0746,54.38755],[-8.0746,54.38746],[-8.07462,54.38738],[-8.07468,54.38725],[-8.07473,54.38705],[-8.07469,54.3869],[-8.07462,54.38677],[-8.07451,54.38663],[-8.07435,54.38653],[-8.07421,54.38639],[-8.07412,54.38625],[-8.07407,54.38613],[-8.07389,54.3856],[-8.07381,54.38526],[-8.07379,54.38502],[-8.07374,54.38487],[-8.07358,54.38471],[-8.0733,54.38459],[-8.07284,54.38443],[-8.07196,54.3841],[-8.07149,54.38392],[-8.07082,54.38355],[-8.07035,54.38322],[-8.06993,54.38285],[-8.06965,54.38253],[-8.06922,54.38211],[-8.06888,54.38176],[-8.06822,54.38095],[-8.06795,54.38068],[-8.06787,54.38059],[-8.06782,54.38043],[-8.06781,54.38029],[-8.06779,54.38022],[-8.06772,54.38006],[-8.06767,54.37992],[-8.06763,54.37973],[-8.06765,54.37957],[-8.06768,54.37947],[-8.06769,54.37941],[-8.06769,54.37937],[-8.06768,54.3793],[-8.0675,54.37909],[-8.06724,54.3789],[-8.06717,54.37881],[-8.0671,54.37868],[-8.06703,54.37858],[-8.06677,54.37851],[-8.0666,54.37846],[-8.06653,54.37842],[-8.06646,54.37834],[-8.06644,54.3782],[-8.06642,54.37812],[-8.06634,54.37801],[-8.06623,54.37794],[-8.06606,54.37783],[-8.06589,54.37775],[-8.06581,54.37768],[-8.06575,54.37758],[-8.06568,54.37747],[-8.06556,54.37737],[-8.06537,54.37724],[-8.0653,54.37715],[-8.06527,54.37707],[-8.06525,54.37694],[-8.0652,54.37683],[-8.0651,54.37668],[-8.06503,54.37662],[-8.06498,54.37651],[-8.06492,54.37634],[-8.06489,54.37614],[-8.06482,54.37601],[-8.0647,54.37581],[-8.06458,54.3756],[-8.06448,54.3754],[-8.0644,54.37526],[-8.06427,54.37514],[-8.06411,54.37508],[-8.06396,54.37502],[-8.06365,54.3749],[-8.06358,54.37485],[-8.06354,54.3748],[-8.06354,54.37474],[-8.06355,54.37468],[-8.06357,54.37465],[-8.06362,54.37461],[-8.06368,54.37455],[-8.0638,54.37448],[-8.06387,54.37445],[-8.06392,54.37439],[-8.06395,54.37433],[-8.06398,54.37425],[-8.06398,54.37416],[-8.06399,54.3741],[-8.06408,54.37394],[-8.0641,54.37389],[-8.0642,54.37377],[-8.06425,54.37372],[-8.0643,54.37368],[-8.06433,54.37358],[-8.06434,54.37351],[-8.06429,54.37342],[-8.06407,54.37332],[-8.06384,54.37329],[-8.0636,54.37329],[-8.06322,54.37334],[-8.06309,54.37333],[-8.06292,54.37328],[-8.06273,54.37318],[-8.0625,54.3731],[-8.06233,54.37301],[-8.06198,54.37294],[-8.06182,54.37291],[-8.0617,54.37285],[-8.06162,54.37276],[-8.06151,54.37261],[-8.06145,54.37257],[-8.06132,54.37256],[-8.06119,54.37258],[-8.06101,54.37268],[-8.06092,54.3727],[-8.06068,54.37274],[-8.06042,54.37274],[-8.06013,54.37278],[-8.05997,54.37279],[-8.05985,54.37278],[-8.05976,54.37274],[-8.05972,54.37264],[-8.0597,54.37257],[-8.05971,54.37247],[-8.05976,54.37228],[-8.05985,54.3722],[-8.05995,54.37212],[-8.06036,54.37194],[-8.06041,54.37187],[-8.06042,54.37179],[-8.06035,54.37168],[-8.06019,54.37158],[-8.05992,54.37148],[-8.05956,54.37145],[-8.05918,54.37143],[-8.05895,54.3714],[-8.05853,54.37133],[-8.0584,54.37129],[-8.05831,54.37119],[-8.05825,54.3711],[-8.05825,54.371],[-8.05834,54.37074],[-8.05842,54.37067],[-8.05847,54.37062],[-8.05868,54.37056],[-8.05888,54.37051],[-8.05915,54.37045],[-8.05925,54.37041],[-8.05932,54.37036],[-8.05938,54.37029],[-8.05942,54.37022],[-8.05941,54.3701],[-8.05939,54.37],[-8.05934,54.3699],[-8.05925,54.36985],[-8.05915,54.36982],[-8.05897,54.36979],[-8.05882,54.36975],[-8.05869,54.36979],[-8.0584,54.3699],[-8.05819,54.36996],[-8.05802,54.36999],[-8.05787,54.36999],[-8.05764,54.37],[-8.05747,54.36997],[-8.05732,54.36993],[-8.05713,54.36984],[-8.05712,54.36974],[-8.05715,54.36962],[-8.05714,54.3695],[-8.05708,54.36927],[-8.05697,54.36906],[-8.05686,54.36895],[-8.05674,54.36887],[-8.05659,54.3688],[-8.05643,54.36876],[-8.05632,54.3687],[-8.05621,54.36865],[-8.05611,54.36861],[-8.056,54.3685],[-8.05598,54.36843],[-8.05599,54.36836],[-8.05603,54.36827],[-8.05609,54.36822],[-8.05617,54.36811],[-8.05637,54.36806],[-8.05661,54.36808],[-8.05685,54.36807],[-8.05711,54.36808],[-8.05729,54.36805],[-8.05747,54.36798],[-8.05783,54.36789],[-8.058,54.36787],[-8.05829,54.36778],[-8.05849,54.36758],[-8.05857,54.36743],[-8.05866,54.36734],[-8.05868,54.36727],[-8.05866,54.3672],[-8.05848,54.3671],[-8.05824,54.36699],[-8.05817,54.36692],[-8.05809,54.36679],[-8.05801,54.36673],[-8.05791,54.36671],[-8.05777,54.36669],[-8.05758,54.36684],[-8.0575,54.36693],[-8.05731,54.367],[-8.05707,54.36708],[-8.05694,54.36711],[-8.05676,54.36712],[-8.0567,54.36709],[-8.05664,54.36706],[-8.05663,54.36702],[-8.05668,54.36692],[-8.05674,54.36673],[-8.05674,54.36663],[-8.0568,54.36649],[-8.05694,54.36625],[-8.05708,54.36611],[-8.05722,54.366],[-8.05737,54.36592],[-8.05743,54.36585],[-8.05744,54.36578],[-8.05738,54.36572],[-8.05728,54.3657],[-8.05707,54.36572],[-8.05687,54.36577],[-8.05672,54.36579],[-8.05652,54.36576],[-8.05631,54.36573],[-8.05613,54.3657],[-8.05602,54.36571],[-8.05584,54.36577],[-8.05564,54.36586],[-8.05546,54.36588],[-8.05526,54.36592],[-8.05518,54.36592],[-8.0547,54.36573],[-8.05458,54.36571],[-8.05439,54.36572],[-8.05418,54.36575],[-8.05396,54.36579],[-8.05361,54.36577],[-8.05326,54.36575],[-8.05313,54.36576],[-8.05294,54.36582],[-8.05281,54.36588],[-8.05269,54.36597],[-8.05261,54.36608],[-8.05252,54.36642],[-8.05244,54.36647],[-8.05219,54.36649],[-8.05204,54.36649],[-8.05185,54.36645],[-8.05161,54.36636],[-8.05146,54.36634],[-8.05125,54.36634],[-8.05107,54.36635],[-8.05097,54.36631],[-8.0508,54.36626],[-8.05062,54.36623],[-8.05047,54.36623],[-8.05032,54.36621],[-8.05013,54.36617],[-8.04988,54.36611],[-8.04969,54.36607],[-8.04957,54.366],[-8.04949,54.36595],[-8.0493,54.36567],[-8.04922,54.3656],[-8.04912,54.36557],[-8.04896,54.36546],[-8.04888,54.36541],[-8.04882,54.36533],[-8.04877,54.36524],[-8.04874,54.36513],[-8.04869,54.36494],[-8.04866,54.36486],[-8.04856,54.36478],[-8.04831,54.36471],[-8.04809,54.36469],[-8.0479,54.36464],[-8.04763,54.36448],[-8.04759,54.3644],[-8.04757,54.36427],[-8.04751,54.36414],[-8.04737,54.36391],[-8.04734,54.36383],[-8.04734,54.36376],[-8.04737,54.36365],[-8.04749,54.36344],[-8.04752,54.36333],[-8.04749,54.36315],[-8.04742,54.363],[-8.04724,54.3628],[-8.04709,54.36271],[-8.04693,54.3627],[-8.0468,54.36272],[-8.04649,54.36281],[-8.04624,54.36285],[-8.04602,54.36288],[-8.04578,54.3629],[-8.04561,54.36289],[-8.04529,54.36284],[-8.0452,54.36278],[-8.04506,54.36275],[-8.04492,54.36278],[-8.04476,54.36283],[-8.04459,54.36291],[-8.04455,54.36298],[-8.04447,54.36302],[-8.04433,54.36304],[-8.04408,54.36303],[-8.04386,54.363],[-8.04374,54.36296],[-8.04367,54.36289],[-8.04358,54.36279],[-8.04346,54.36257],[-8.04333,54.36241],[-8.04323,54.36236],[-8.04314,54.36235],[-8.04292,54.36245],[-8.04264,54.3626],[-8.04222,54.36273],[-8.04187,54.36279],[-8.04161,54.36285],[-8.04132,54.36285],[-8.04128,54.36279],[-8.04127,54.36272],[-8.04125,54.36261],[-8.04119,54.36253],[-8.04108,54.3625],[-8.04096,54.36248],[-8.0408,54.36252],[-8.0406,54.36261],[-8.04037,54.36269],[-8.04019,54.36267],[-8.04011,54.36264],[-8.04004,54.36259],[-8.03997,54.36256],[-8.0399,54.36256],[-8.0396,54.36262],[-8.0395,54.36262],[-8.03944,54.36261],[-8.03931,54.36256],[-8.03907,54.36244],[-8.039,54.36235],[-8.039,54.36229],[-8.03913,54.36214],[-8.03918,54.36207],[-8.03913,54.36195],[-8.03902,54.36183],[-8.03897,54.36175],[-8.03888,54.36169],[-8.03872,54.36163],[-8.03857,54.36159],[-8.03849,54.36153],[-8.03846,54.36137],[-8.0383,54.36094],[-8.03814,54.36066],[-8.03805,54.36055],[-8.038,54.36046],[-8.03788,54.36036],[-8.03769,54.36028],[-8.0372,54.36009],[-8.03705,54.35997],[-8.03699,54.35988],[-8.03697,54.35975],[-8.03701,54.35961],[-8.03702,54.35952],[-8.03703,54.35938],[-8.03699,54.35928],[-8.03686,54.35918],[-8.03656,54.35906],[-8.03626,54.35898],[-8.03604,54.35887],[-8.03594,54.35878],[-8.03583,54.35871],[-8.03568,54.35855],[-8.03561,54.35846],[-8.03554,54.3583],[-8.03545,54.35819],[-8.03529,54.3581],[-8.03428,54.35759],[-8.03394,54.35745],[-8.0337,54.35737],[-8.03347,54.35732],[-8.03322,54.3573],[-8.03295,54.35729],[-8.03275,54.35722],[-8.03239,54.35709],[-8.03204,54.35702],[-8.03191,54.35699],[-8.03176,54.35688],[-8.03166,54.35682],[-8.0315,54.35677],[-8.03133,54.35668],[-8.03125,54.35668],[-8.03103,54.35676],[-8.03066,54.35702],[-8.0305,54.35709],[-8.03043,54.35714],[-8.03038,54.35724],[-8.03029,54.35728],[-8.03019,54.35727],[-8.03003,54.35726],[-8.02966,54.35733],[-8.0295,54.35741],[-8.02923,54.35746],[-8.02915,54.35752],[-8.02915,54.35761],[-8.029,54.35769],[-8.02897,54.35775],[-8.02891,54.35778],[-8.02871,54.35785],[-8.02853,54.35795],[-8.02627,54.35959],[-8.02577,54.35994],[-8.02511,54.35963],[-8.02496,54.35955],[-8.02489,54.35952],[-8.02476,54.35955],[-8.0247,54.35959],[-8.02461,54.35959],[-8.0245,54.35956],[-8.02442,54.35954],[-8.02433,54.35948],[-8.02423,54.35943],[-8.02379,54.35935],[-8.02313,54.35921],[-8.02267,54.35909],[-8.02256,54.35909],[-8.02245,54.35904],[-8.02241,54.359],[-8.02241,54.35893],[-8.02245,54.35887],[-8.02246,54.35884],[-8.0225,54.3588],[-8.02256,54.35877],[-8.02258,54.35874],[-8.02254,54.35869],[-8.02219,54.35858],[-8.02193,54.35846],[-8.02184,54.35842],[-8.02172,54.35819],[-8.02159,54.35805],[-8.02143,54.35795],[-8.02128,54.35784],[-8.02119,54.35777],[-8.02107,54.35767],[-8.02098,54.35752],[-8.02087,54.35738],[-8.02081,54.35729],[-8.02074,54.3572],[-8.02057,54.35718],[-8.02004,54.35717],[-8.01982,54.35717],[-8.01973,54.35714],[-8.01947,54.35693],[-8.01938,54.35687],[-8.01927,54.35682],[-8.01915,54.35682],[-8.01908,54.35684],[-8.01909,54.35698],[-8.01904,54.35704],[-8.01893,54.35705],[-8.01878,54.35703],[-8.01864,54.35702],[-8.01852,54.35703],[-8.01844,54.35702],[-8.0184,54.35696],[-8.0184,54.35694],[-8.01842,54.3569],[-8.01843,54.35684],[-8.01836,54.35673],[-8.0183,54.35671],[-8.01814,54.35672],[-8.01795,54.35679],[-8.01775,54.35689],[-8.01758,54.35696],[-8.01743,54.35699],[-8.01739,54.35699],[-8.01735,54.35697],[-8.0173,54.35693],[-8.01717,54.35691],[-8.01701,54.35691],[-8.0169,54.35694],[-8.01689,54.35699],[-8.0169,54.35704],[-8.01684,54.35711],[-8.01679,54.35715],[-8.01677,54.35722],[-8.01687,54.35736],[-8.0169,54.35742],[-8.01681,54.35745],[-8.0166,54.35751],[-8.01636,54.35754],[-8.01623,54.35755],[-8.01603,54.35756],[-8.01568,54.35764],[-8.01542,54.35771],[-8.01526,54.35778],[-8.01457,54.3579],[-8.01449,54.3579],[-8.0144,54.3579],[-8.0142,54.3579],[-8.01397,54.35789],[-8.01375,54.35786],[-8.01361,54.35785],[-8.01345,54.35786],[-8.01331,54.3579],[-8.01298,54.35806],[-8.01282,54.35809],[-8.01263,54.35815],[-8.01249,54.35821],[-8.01241,54.35827],[-8.01241,54.35833],[-8.01247,54.3584],[-8.01253,54.35844],[-8.01255,54.35853],[-8.01256,54.35863],[-8.01249,54.35865],[-8.01241,54.35865],[-8.01229,54.35872],[-8.01217,54.35881],[-8.01188,54.35909],[-8.01178,54.35921],[-8.01162,54.35922],[-8.01146,54.35927],[-8.01135,54.35933],[-8.01128,54.35933],[-8.01123,54.35935],[-8.01114,54.35944],[-8.01106,54.3595],[-8.01087,54.3596],[-8.01079,54.35966],[-8.0108,54.35978],[-8.01079,54.35988],[-8.01076,54.35994],[-8.01071,54.35999],[-8.01065,54.36008],[-8.01056,54.36012],[-8.01044,54.36014],[-8.01027,54.36021],[-8.01005,54.36031],[-8.00977,54.36043],[-8.00969,54.3605],[-8.00962,54.3606],[-8.00955,54.36068],[-8.0091,54.36085],[-8.00862,54.36102],[-8.00842,54.36112],[-8.00818,54.36118],[-8.00798,54.36121],[-8.00754,54.36125],[-8.00673,54.36101],[-8.00493,54.36052],[-8.00155,54.35878],[-8.00026,54.3581],[-7.99895,54.35693],[-7.99752,54.35568],[-7.99857,54.35463],[-7.9987,54.35447],[-7.99876,54.35444],[-7.99885,54.35443],[-7.9989,54.35439],[-7.99896,54.35426],[-7.99912,54.35379],[-7.99925,54.35354],[-7.99943,54.35326],[-7.99956,54.35304],[-8.00037,54.35203],[-8.00102,54.35115],[-8.00115,54.35089],[-8.00123,54.3507],[-8.00124,54.35059],[-8.00112,54.35054],[-8.0012,54.35041],[-8.00128,54.35024],[-8.00131,54.35008],[-8.00077,54.34914],[-8.00042,54.34862],[-8.00016,54.34824],[-8.00002,54.34806],[-7.99988,54.3479],[-7.99984,54.34784],[-7.99972,54.34754],[-7.99962,54.34743],[-7.99953,54.34737],[-7.9995,54.34721],[-7.99943,54.34717],[-7.99915,54.34709],[-7.99911,54.34705],[-7.99911,54.34701],[-7.99905,54.34695],[-7.99896,54.3469],[-7.99836,54.3468],[-7.99824,54.3468],[-7.99817,54.34676],[-7.998,54.34663],[-7.99795,54.34653],[-7.99781,54.34646],[-7.99733,54.3463],[-7.9972,54.34629],[-7.99713,54.34629],[-7.99701,54.34625],[-7.9968,54.34614],[-7.9964,54.3464],[-7.99626,54.34645],[-7.99613,54.34648],[-7.99608,54.34648],[-7.99588,54.34654],[-7.99582,54.34654],[-7.99575,54.34652],[-7.9957,54.34649],[-7.99568,54.34643],[-7.99564,54.34638],[-7.9956,54.34635],[-7.99557,54.34635],[-7.99551,54.34632],[-7.99548,54.34628],[-7.99528,54.34626],[-7.99437,54.34621],[-7.99387,54.34617],[-7.99308,54.34598],[-7.99266,54.34589],[-7.99243,54.34589],[-7.9923,54.34587],[-7.99214,54.34582],[-7.99201,54.34579],[-7.9919,54.34583],[-7.99182,54.34587],[-7.99164,54.34589],[-7.99153,54.34589],[-7.99149,54.34588],[-7.99146,54.34585],[-7.99136,54.34567],[-7.99135,54.3456],[-7.99127,54.34548],[-7.99119,54.34539],[-7.99115,54.3453],[-7.99115,54.34522],[-7.99103,54.34523],[-7.9909,54.34519],[-7.99076,54.34511],[-7.99059,54.34507],[-7.99036,54.34501],[-7.99013,54.34498],[-7.98987,54.34495],[-7.98956,54.34497],[-7.98929,54.34498],[-7.98901,54.34501],[-7.98873,54.34506],[-7.98842,54.34513],[-7.98826,54.34513],[-7.98815,54.34513],[-7.98792,54.34502],[-7.98768,54.34494],[-7.98749,54.34486],[-7.987,54.34444],[-7.98686,54.34435],[-7.98652,54.34424],[-7.98641,54.34417],[-7.98638,54.34408],[-7.98633,54.34389],[-7.98627,54.3438],[-7.98621,54.34369],[-7.9862,54.34365],[-7.98625,54.34356],[-7.98628,54.34347],[-7.98626,54.34341],[-7.98619,54.34332],[-7.98594,54.34307],[-7.98579,54.34293],[-7.98573,54.34281],[-7.98566,54.34262],[-7.98561,54.34242],[-7.98555,54.34219],[-7.98553,54.3421],[-7.98552,54.34194],[-7.98545,54.34185],[-7.98538,54.34184],[-7.98523,54.34177],[-7.98505,54.34164],[-7.98494,54.34154],[-7.98486,54.34147],[-7.98481,54.34138],[-7.98471,54.34124],[-7.98461,54.34121],[-7.98455,54.34116],[-7.98447,54.34109],[-7.98442,54.34104],[-7.98439,54.34096],[-7.98434,54.34087],[-7.98426,54.34082],[-7.98416,54.34076],[-7.98406,54.34065],[-7.98398,54.34057],[-7.98388,54.34053],[-7.9837,54.34049],[-7.98354,54.34043],[-7.98334,54.34034],[-7.98325,54.3403],[-7.98319,54.3402],[-7.98315,54.34009],[-7.98307,54.34003],[-7.98296,54.33995],[-7.9829,54.33987],[-7.9829,54.33983],[-7.9831,54.33968],[-7.98317,54.33953],[-7.98318,54.33944],[-7.98313,54.33928],[-7.98302,54.3391],[-7.98294,54.33884],[-7.98294,54.33867],[-7.98298,54.33842],[-7.98298,54.33821],[-7.98303,54.33798],[-7.98304,54.33787],[-7.98302,54.33773],[-7.98298,54.33764],[-7.98297,54.33753],[-7.98287,54.33743],[-7.98273,54.33729],[-7.98269,54.3372],[-7.98271,54.33704],[-7.98277,54.33685],[-7.98279,54.33667],[-7.98276,54.33648],[-7.98272,54.33633],[-7.98257,54.33619],[-7.98236,54.33601],[-7.98215,54.33586],[-7.98199,54.33569],[-7.98175,54.33553],[-7.98112,54.33518],[-7.98066,54.33494],[-7.98018,54.33472],[-7.97949,54.33447],[-7.97875,54.33416],[-7.97751,54.33356],[-7.97577,54.33269],[-7.97285,54.33123],[-7.97213,54.33088],[-7.97131,54.32987],[-7.96749,54.32536],[-7.96431,54.32165],[-7.96337,54.32052],[-7.96253,54.31677],[-7.96172,54.3125],[-7.9549,54.30882],[-7.94776,54.30514],[-7.94642,54.30442],[-7.94303,54.30409],[-7.93928,54.30402],[-7.93045,54.3034],[-7.92814,54.304],[-7.92607,54.30458],[-7.92146,54.30367],[-7.91882,54.30313],[-7.91726,54.30025],[-7.91551,54.29704],[-7.91174,54.29592],[-7.91147,54.29593],[-7.9069,54.29651],[-7.90598,54.29661],[-7.9026,54.3004],[-7.90167,54.30143],[-7.89481,54.30098],[-7.88824,54.30052],[-7.88557,54.29777],[-7.88534,54.29744],[-7.88521,54.29732],[-7.88484,54.29714],[-7.88449,54.29699],[-7.88406,54.29686],[-7.88382,54.29674],[-7.88375,54.29666],[-7.88375,54.29659],[-7.88383,54.2965],[-7.88413,54.29627],[-7.88437,54.29607],[-7.88443,54.29598],[-7.88446,54.29584],[-7.88441,54.29563],[-7.88424,54.29516],[-7.8842,54.29493],[-7.88411,54.29475],[-7.88383,54.29464],[-7.88355,54.29456],[-7.88318,54.29443],[-7.88255,54.29417],[-7.88235,54.29406],[-7.88219,54.29391],[-7.88211,54.29378],[-7.88205,54.29364],[-7.88194,54.2933],[-7.88183,54.29311],[-7.88169,54.2929],[-7.88157,54.29269],[-7.88149,54.2925],[-7.88142,54.29225],[-7.88135,54.29212],[-7.88122,54.29203],[-7.881,54.29192],[-7.88076,54.29187],[-7.88054,54.29186],[-7.88036,54.29189],[-7.88013,54.29205],[-7.88002,54.29224],[-7.87992,54.29243],[-7.87969,54.29268],[-7.8795,54.29278],[-7.87922,54.29285],[-7.87879,54.29291],[-7.87797,54.293],[-7.87753,54.29306],[-7.87708,54.29315],[-7.87666,54.29325],[-7.87626,54.29335],[-7.87597,54.29355],[-7.87568,54.2938],[-7.87542,54.29417],[-7.8753,54.29432],[-7.87519,54.2944],[-7.87492,54.29454],[-7.87446,54.29468],[-7.87429,54.29468],[-7.87418,54.29468],[-7.87399,54.29459],[-7.87372,54.29446],[-7.8735,54.29435],[-7.87298,54.29422],[-7.87049,54.29372],[-7.86198,54.29352],[-7.86295,54.29114],[-7.86355,54.28973],[-7.86364,54.28968],[-7.86372,54.28962],[-7.8638,54.2895],[-7.86382,54.28942],[-7.86401,54.28929],[-7.86426,54.2891],[-7.86448,54.28893],[-7.86462,54.28883],[-7.8648,54.28873],[-7.86508,54.28863],[-7.8653,54.28855],[-7.86553,54.28852],[-7.86567,54.28854],[-7.86619,54.28855],[-7.86633,54.28852],[-7.86644,54.28852],[-7.86653,54.28855],[-7.86672,54.28859],[-7.86689,54.28862],[-7.86746,54.2887],[-7.8675,54.28874],[-7.86756,54.28876],[-7.86766,54.28876],[-7.86794,54.28875],[-7.86813,54.28873],[-7.86828,54.28869],[-7.86839,54.28864],[-7.86854,54.28854],[-7.86865,54.28849],[-7.86881,54.28845],[-7.86913,54.28833],[-7.86932,54.28832],[-7.86954,54.28833],[-7.86969,54.28836],[-7.86975,54.28835],[-7.86992,54.28836],[-7.87019,54.28835],[-7.8705,54.28832],[-7.87063,54.28829],[-7.87071,54.28825],[-7.87071,54.28819],[-7.87049,54.28751],[-7.87045,54.28733],[-7.87045,54.28724],[-7.87052,54.28706],[-7.8707,54.28676],[-7.87073,54.28666],[-7.87071,54.28658],[-7.87066,54.28645],[-7.87059,54.28637],[-7.87054,54.28629],[-7.87057,54.28623],[-7.87063,54.28621],[-7.87067,54.28616],[-7.87064,54.28613],[-7.87046,54.28608],[-7.8703,54.28602],[-7.87024,54.28597],[-7.87021,54.28592],[-7.8702,54.28587],[-7.8702,54.28581],[-7.87031,54.28568],[-7.87038,54.28558],[-7.87053,54.28543],[-7.87058,54.2854],[-7.87063,54.28534],[-7.87064,54.28529],[-7.87065,54.28524],[-7.87055,54.28518],[-7.87045,54.2851],[-7.87039,54.28507],[-7.87027,54.28491],[-7.87023,54.28482],[-7.87023,54.28477],[-7.87029,54.28472],[-7.87036,54.28471],[-7.87048,54.28469],[-7.8706,54.28468],[-7.87067,54.28464],[-7.8707,54.28459],[-7.87067,54.28455],[-7.87055,54.28452],[-7.87047,54.2845],[-7.87046,54.28444],[-7.87052,54.28433],[-7.87057,54.28427],[-7.87054,54.28422],[-7.87046,54.28421],[-7.87043,54.28418],[-7.87045,54.28413],[-7.87051,54.28408],[-7.87053,54.28405],[-7.87051,54.28403],[-7.87039,54.28402],[-7.87028,54.28403],[-7.87025,54.28402],[-7.87028,54.28397],[-7.87029,54.28394],[-7.87025,54.28391],[-7.87022,54.28388],[-7.87021,54.2838],[-7.87017,54.28375],[-7.87017,54.28373],[-7.8702,54.28371],[-7.87025,54.2837],[-7.87029,54.28366],[-7.87034,54.28358],[-7.87073,54.28361],[-7.87098,54.2836],[-7.87119,54.28356],[-7.87133,54.28353],[-7.8715,54.28341],[-7.87169,54.2832],[-7.87168,54.28296],[-7.87173,54.28281],[-7.87174,54.28274],[-7.8718,54.28262],[-7.8719,54.2823],[-7.8719,54.28227],[-7.87188,54.28222],[-7.87182,54.28214],[-7.87173,54.28209],[-7.8717,54.28204],[-7.8717,54.28197],[-7.87175,54.2819],[-7.87196,54.28182],[-7.87208,54.2818],[-7.87216,54.28178],[-7.87229,54.28167],[-7.87245,54.28147],[-7.87263,54.2813],[-7.87269,54.28123],[-7.87277,54.28117],[-7.87281,54.28112],[-7.87286,54.28102],[-7.87291,54.28089],[-7.87303,54.28069],[-7.87307,54.28061],[-7.87305,54.28025],[-7.87305,54.28015],[-7.87309,54.27999],[-7.8731,54.27992],[-7.8731,54.27986],[-7.87314,54.27971],[-7.87318,54.27965],[-7.8732,54.27958],[-7.87321,54.27949],[-7.87318,54.27941],[-7.87314,54.27927],[-7.87313,54.27906],[-7.87305,54.27903],[-7.87285,54.27898],[-7.87252,54.27889],[-7.87217,54.27882],[-7.87187,54.27872],[-7.87149,54.27859],[-7.87128,54.2785],[-7.87132,54.27838],[-7.87138,54.27825],[-7.87139,54.27814],[-7.87139,54.27805],[-7.87128,54.27791],[-7.8712,54.27785],[-7.87084,54.27767],[-7.87079,54.27759],[-7.8708,54.27751],[-7.87083,54.27735],[-7.87089,54.27723],[-7.87104,54.27725],[-7.87115,54.27724],[-7.87126,54.27719],[-7.87135,54.27714],[-7.87153,54.2771],[-7.87159,54.27707],[-7.87163,54.27707],[-7.8716,54.27687],[-7.8716,54.27672],[-7.87168,54.27628],[-7.87173,54.2761],[-7.8718,54.2759],[-7.8717,54.27548],[-7.87169,54.27529],[-7.8718,54.27502],[-7.87187,54.27491],[-7.87196,54.27479],[-7.87199,54.2747],[-7.87203,54.2746],[-7.87211,54.27447],[-7.87223,54.27433],[-7.87234,54.27421],[-7.87245,54.27411],[-7.87245,54.27406],[-7.87239,54.27386],[-7.87237,54.27364],[-7.87235,54.27354],[-7.87236,54.27343],[-7.87239,54.27332],[-7.87236,54.2732],[-7.87236,54.27307],[-7.87241,54.27288],[-7.87241,54.27278],[-7.87239,54.27248],[-7.87238,54.27229],[-7.87233,54.27226],[-7.87227,54.27213],[-7.87227,54.27205],[-7.87229,54.27182],[-7.87226,54.27168],[-7.87226,54.27163],[-7.8723,54.27159],[-7.87233,54.27156],[-7.87238,54.27153],[-7.8724,54.27151],[-7.87239,54.27139],[-7.87241,54.27131],[-7.87242,54.27122],[-7.87243,54.27112],[-7.87243,54.27106],[-7.87244,54.27097],[-7.87243,54.27088],[-7.87245,54.27081],[-7.87251,54.27056],[-7.87249,54.27046],[-7.87251,54.2704],[-7.87257,54.27034],[-7.87263,54.27029],[-7.87269,54.27006],[-7.87272,54.27],[-7.87274,54.26995],[-7.87271,54.26992],[-7.87268,54.26987],[-7.87265,54.26982],[-7.87265,54.26976],[-7.87263,54.26969],[-7.87267,54.26958],[-7.87265,54.26953],[-7.87259,54.26943],[-7.87248,54.26931],[-7.87247,54.26925],[-7.87249,54.26917],[-7.8725,54.26907],[-7.87249,54.269],[-7.87235,54.26878],[-7.87224,54.26856],[-7.87222,54.26845],[-7.87221,54.26831],[-7.87215,54.26825],[-7.87189,54.26803],[-7.87172,54.26795],[-7.87202,54.26777],[-7.87215,54.26768],[-7.87235,54.26748],[-7.87246,54.26739],[-7.87258,54.26726],[-7.87265,54.26711],[-7.87266,54.26697],[-7.87268,54.2668],[-7.87266,54.26653],[-7.87264,54.26641],[-7.87265,54.2663],[-7.87268,54.26621],[-7.87271,54.26617],[-7.87259,54.26615],[-7.87214,54.26582],[-7.87171,54.26555],[-7.87122,54.26532],[-7.87076,54.26505],[-7.87029,54.2648],[-7.8695,54.26429],[-7.86903,54.26398],[-7.86877,54.26386],[-7.86861,54.26373],[-7.86843,54.26366],[-7.86836,54.26364],[-7.86823,54.26358],[-7.86816,54.26353],[-7.86805,54.26347],[-7.86789,54.26341],[-7.86781,54.26334],[-7.86776,54.26325],[-7.86766,54.26321],[-7.86747,54.26314],[-7.86732,54.26311],[-7.86725,54.26307],[-7.86717,54.26299],[-7.86716,54.26293],[-7.86705,54.26287],[-7.86693,54.2628],[-7.86681,54.26274],[-7.86672,54.26271],[-7.86664,54.2627],[-7.86658,54.26264],[-7.86653,54.26257],[-7.86647,54.2625],[-7.86644,54.26238],[-7.86642,54.26225],[-7.8664,54.26216],[-7.86633,54.262],[-7.86629,54.26195],[-7.86618,54.26171],[-7.86612,54.26158],[-7.86603,54.26143],[-7.86593,54.26133],[-7.86583,54.26122],[-7.86582,54.2611],[-7.86576,54.26096],[-7.86572,54.26086],[-7.86503,54.26033],[-7.8646,54.2604],[-7.86422,54.26042],[-7.864,54.26041],[-7.86381,54.26035],[-7.86365,54.26034],[-7.8635,54.26031],[-7.86343,54.26029],[-7.8633,54.26031],[-7.86322,54.26035],[-7.86315,54.26035],[-7.863,54.26034],[-7.86295,54.2603],[-7.8628,54.2603],[-7.86262,54.26025],[-7.86249,54.26028],[-7.8624,54.2603],[-7.86228,54.26035],[-7.86219,54.26036],[-7.86211,54.26034],[-7.86202,54.26036],[-7.86193,54.26041],[-7.86187,54.26041],[-7.86174,54.26041],[-7.86166,54.2604],[-7.86162,54.26037],[-7.86154,54.26037],[-7.86139,54.26044],[-7.86132,54.2605],[-7.86125,54.26051],[-7.86107,54.26047],[-7.86104,54.2605],[-7.861,54.26052],[-7.86091,54.2605],[-7.86091,54.26043],[-7.8609,54.2604],[-7.86082,54.26042],[-7.86072,54.26047],[-7.86064,54.26049],[-7.86059,54.26048],[-7.86054,54.26042],[-7.86051,54.26033],[-7.86048,54.2602],[-7.86048,54.25997],[-7.86051,54.25983],[-7.86055,54.25972],[-7.86068,54.25962],[-7.8608,54.25947],[-7.86099,54.25928],[-7.86109,54.25913],[-7.86118,54.25891],[-7.86123,54.25868],[-7.86125,54.25853],[-7.8613,54.25831],[-7.86134,54.25806],[-7.86132,54.25794],[-7.86132,54.25788],[-7.86145,54.25773],[-7.86131,54.2577],[-7.86123,54.25762],[-7.86123,54.25758],[-7.86126,54.25755],[-7.86134,54.25751],[-7.86139,54.25747],[-7.86133,54.25739],[-7.86124,54.2573],[-7.86126,54.25721],[-7.86134,54.25716],[-7.86137,54.25709],[-7.86136,54.25702],[-7.86137,54.25694],[-7.8614,54.25684],[-7.86147,54.2567],[-7.86148,54.2566],[-7.86148,54.25654],[-7.8615,54.25643],[-7.86154,54.25639],[-7.86159,54.25634],[-7.8616,54.25629],[-7.86162,54.2561],[-7.86162,54.25599],[-7.86164,54.25594],[-7.8617,54.2559],[-7.86183,54.25576],[-7.86195,54.25558],[-7.86195,54.25552],[-7.86198,54.25548],[-7.86201,54.25544],[-7.86209,54.25538],[-7.86214,54.25533],[-7.86217,54.25525],[-7.86218,54.2552],[-7.86215,54.25511],[-7.86211,54.25506],[-7.86211,54.25498],[-7.86209,54.25488],[-7.86205,54.25482],[-7.86195,54.25477],[-7.86172,54.25464],[-7.86142,54.25458],[-7.86115,54.25448],[-7.86132,54.25432],[-7.86147,54.25416],[-7.8616,54.25399],[-7.86171,54.25384],[-7.86179,54.25347],[-7.86191,54.25312],[-7.86201,54.25285],[-7.86206,54.25267],[-7.86203,54.25247],[-7.86179,54.25182],[-7.86161,54.25124],[-7.86144,54.25081],[-7.86132,54.2503],[-7.86114,54.24975],[-7.86101,54.24942],[-7.8606,54.24817],[-7.86039,54.24765],[-7.86016,54.24686],[-7.85994,54.24624],[-7.8598,54.24588],[-7.85951,54.24491],[-7.85906,54.24365],[-7.85897,54.24335],[-7.85893,54.24319],[-7.85892,54.24303],[-7.85898,54.24285],[-7.85904,54.24261],[-7.85914,54.24201],[-7.85922,54.2416],[-7.85948,54.23999],[-7.8595,54.2398],[-7.85944,54.23928],[-7.85943,54.23898],[-7.8595,54.23816],[-7.85954,54.23707],[-7.85965,54.23438],[-7.8597,54.23359],[-7.85973,54.23257],[-7.85977,54.23168],[-7.85978,54.23157],[-7.85977,54.23149],[-7.85933,54.23105],[-7.8594,54.23096],[-7.85939,54.2309],[-7.85941,54.2308],[-7.85945,54.23071],[-7.85958,54.23071],[-7.85967,54.23064],[-7.85973,54.23058],[-7.85981,54.23047],[-7.85988,54.23032],[-7.85989,54.2302],[-7.85993,54.23016],[-7.85991,54.23006],[-7.85997,54.22965],[-7.85996,54.22956],[-7.85988,54.22931],[-7.85952,54.2284],[-7.85936,54.22805],[-7.85926,54.22776],[-7.8592,54.22761],[-7.85906,54.22743],[-7.859,54.22726],[-7.85888,54.22716],[-7.85886,54.22706],[-7.85889,54.22703],[-7.85888,54.22698],[-7.85882,54.22694],[-7.85879,54.22683],[-7.85872,54.22679],[-7.85868,54.22669],[-7.85863,54.22663],[-7.85861,54.22654],[-7.85863,54.22647],[-7.85863,54.22635],[-7.85855,54.22617],[-7.85845,54.22591],[-7.85831,54.22574],[-7.85813,54.22554],[-7.85793,54.22537],[-7.85785,54.22532],[-7.85774,54.22514],[-7.85763,54.22491],[-7.8575,54.22477],[-7.85732,54.22464],[-7.8569,54.22442],[-7.85653,54.22427],[-7.85624,54.2241],[-7.856,54.22389],[-7.85585,54.22373],[-7.85568,54.22346],[-7.85544,54.22309],[-7.85537,54.22291],[-7.85535,54.22277],[-7.85538,54.22257],[-7.85542,54.22241],[-7.85546,54.22217],[-7.85545,54.22208],[-7.85547,54.222],[-7.85564,54.22186],[-7.85601,54.22157],[-7.85606,54.22149],[-7.85621,54.22138],[-7.85641,54.22121],[-7.85659,54.22108],[-7.85696,54.22092],[-7.8571,54.22083],[-7.85734,54.22073],[-7.85754,54.22064],[-7.85773,54.22057],[-7.85926,54.21989],[-7.86162,54.21863],[-7.86084,54.21802],[-7.86027,54.21765],[-7.85985,54.21738],[-7.85898,54.21707],[-7.85697,54.21636],[-7.85519,54.21582],[-7.85382,54.21537],[-7.85233,54.21487],[-7.85024,54.2141],[-7.84944,54.21372],[-7.84672,54.21261],[-7.84436,54.21171],[-7.84289,54.21112],[-7.84124,54.21048],[-7.84014,54.21005],[-7.83935,54.20974],[-7.83872,54.20952],[-7.83779,54.20922],[-7.83531,54.20845],[-7.83293,54.2077],[-7.82689,54.20585],[-7.82382,54.20493],[-7.81973,54.20372],[-7.81733,54.20283],[-7.81545,54.20219],[-7.81326,54.20147],[-7.81147,54.2009],[-7.80929,54.20262],[-7.80653,54.20475],[-7.8049,54.206],[-7.8036,54.20705],[-7.80313,54.20708],[-7.80226,54.20708],[-7.79822,54.20722],[-7.7954,54.2073],[-7.79281,54.20738],[-7.79257,54.20742],[-7.79241,54.20745],[-7.79222,54.20743],[-7.79192,54.20727],[-7.79185,54.20727],[-7.7918,54.20728],[-7.79172,54.20731],[-7.79161,54.20735],[-7.79155,54.20735],[-7.79141,54.20734],[-7.79129,54.20736],[-7.7911,54.20738],[-7.79103,54.20739],[-7.79093,54.20736],[-7.79067,54.20732],[-7.79053,54.20738],[-7.79024,54.20741],[-7.78984,54.20738],[-7.7896,54.20742],[-7.7894,54.20745],[-7.78926,54.20745],[-7.78916,54.20744],[-7.78892,54.20743],[-7.78872,54.20741],[-7.78851,54.20735],[-7.78833,54.20729],[-7.78825,54.20727],[-7.78814,54.20723],[-7.78794,54.20725],[-7.78771,54.20724],[-7.78768,54.20722],[-7.78758,54.2072],[-7.78751,54.2072],[-7.78744,54.20722],[-7.78739,54.20723],[-7.78734,54.20719],[-7.78732,54.20714],[-7.78724,54.20709],[-7.78711,54.20707],[-7.78679,54.20707],[-7.78654,54.20709],[-7.7864,54.20715],[-7.78628,54.20722],[-7.78617,54.20726],[-7.78607,54.20728],[-7.78566,54.20734],[-7.78554,54.20735],[-7.78526,54.20743],[-7.78517,54.20744],[-7.78507,54.20747],[-7.78499,54.20747],[-7.78477,54.20742],[-7.78471,54.20741],[-7.78461,54.20742],[-7.78443,54.20747],[-7.78433,54.2075],[-7.78414,54.20753],[-7.78396,54.20751],[-7.78383,54.20752],[-7.78372,54.20754],[-7.78364,54.20755],[-7.78355,54.20751],[-7.78347,54.2075],[-7.78338,54.20752],[-7.78324,54.20755],[-7.7832,54.20752],[-7.78314,54.20751],[-7.78304,54.20751],[-7.78298,54.20751],[-7.78281,54.20748],[-7.78272,54.2075],[-7.78266,54.20748],[-7.78263,54.20747],[-7.78266,54.20743],[-7.78256,54.20741],[-7.78246,54.20741],[-7.78236,54.20745],[-7.78233,54.2075],[-7.78229,54.20753],[-7.78223,54.20753],[-7.78216,54.20754],[-7.78209,54.20754],[-7.78204,54.20757],[-7.78197,54.20762],[-7.78191,54.20763],[-7.78183,54.20761],[-7.78179,54.20761],[-7.78184,54.20769],[-7.78184,54.20773],[-7.78178,54.20776],[-7.78169,54.20777],[-7.78167,54.20779],[-7.78167,54.20783],[-7.78163,54.20787],[-7.78162,54.2079],[-7.78166,54.20798],[-7.7817,54.20804],[-7.78172,54.2081],[-7.78169,54.20815],[-7.78169,54.20818],[-7.78172,54.20823],[-7.78172,54.20824],[-7.78167,54.2083],[-7.78157,54.2083],[-7.78151,54.20835],[-7.78153,54.2084],[-7.78158,54.20844],[-7.78159,54.20849],[-7.78156,54.20852],[-7.78145,54.2086],[-7.78137,54.20863],[-7.78133,54.20867],[-7.78127,54.20868],[-7.78123,54.20867],[-7.78115,54.20862],[-7.78109,54.20863],[-7.78106,54.20866],[-7.78102,54.20867],[-7.78094,54.20867],[-7.78085,54.20866],[-7.78057,54.20871],[-7.78047,54.20871],[-7.78033,54.2087],[-7.78029,54.2087],[-7.78025,54.20866],[-7.78021,54.20865],[-7.78016,54.20867],[-7.78004,54.20869],[-7.77998,54.2087],[-7.77992,54.20867],[-7.77985,54.20864],[-7.77979,54.20865],[-7.77969,54.20864],[-7.7796,54.20863],[-7.77947,54.2086],[-7.77937,54.20855],[-7.77925,54.20851],[-7.77911,54.20852],[-7.77897,54.20856],[-7.77887,54.20855],[-7.77862,54.20855],[-7.77852,54.20857],[-7.77843,54.2086],[-7.77834,54.20864],[-7.77826,54.20863],[-7.77815,54.20859],[-7.77805,54.20854],[-7.77799,54.20851],[-7.77792,54.2085],[-7.77776,54.20849],[-7.77771,54.20852],[-7.77768,54.2086],[-7.77763,54.20862],[-7.77753,54.20863],[-7.77746,54.20861],[-7.7774,54.2086],[-7.77733,54.20858],[-7.7772,54.20855],[-7.77713,54.20851],[-7.77712,54.20844],[-7.77709,54.20841],[-7.77698,54.20843],[-7.77684,54.20846],[-7.77683,54.20849],[-7.77675,54.20855],[-7.77667,54.20857],[-7.77655,54.20862],[-7.77639,54.20865],[-7.77628,54.20866],[-7.7762,54.20863],[-7.77604,54.20861],[-7.77584,54.20861],[-7.77557,54.2086],[-7.77542,54.2086],[-7.77531,54.20858],[-7.77523,54.20856],[-7.77508,54.20847],[-7.775,54.20841],[-7.77499,54.20839],[-7.77492,54.20835],[-7.77482,54.20832],[-7.77473,54.20833],[-7.77466,54.20838],[-7.77458,54.20836],[-7.77455,54.20833],[-7.77445,54.2083],[-7.77436,54.2083],[-7.77432,54.20826],[-7.77429,54.20818],[-7.77429,54.20812],[-7.77418,54.20802],[-7.7741,54.20797],[-7.77407,54.20788],[-7.774,54.20782],[-7.77392,54.20778],[-7.77384,54.20775],[-7.77374,54.20767],[-7.77363,54.20761],[-7.77352,54.2076],[-7.77345,54.20757],[-7.77339,54.20752],[-7.77327,54.20751],[-7.77317,54.20752],[-7.7731,54.20751],[-7.77303,54.20748],[-7.77296,54.20735],[-7.77288,54.20725],[-7.77281,54.20719],[-7.77272,54.20717],[-7.77257,54.20716],[-7.77235,54.20719],[-7.7722,54.20722],[-7.77206,54.20725],[-7.77185,54.20732],[-7.77174,54.20741],[-7.77165,54.20745],[-7.77154,54.20748],[-7.77146,54.20748],[-7.77139,54.20746],[-7.77122,54.20741],[-7.77108,54.20736],[-7.77093,54.20731],[-7.7707,54.20733],[-7.77051,54.20735],[-7.77046,54.20739],[-7.77048,54.20745],[-7.77051,54.2075],[-7.77051,54.20758],[-7.77045,54.20762],[-7.77035,54.20766],[-7.77029,54.20777],[-7.77023,54.20784],[-7.77017,54.20788],[-7.77013,54.2079],[-7.77007,54.20795],[-7.77002,54.20802],[-7.76997,54.20809],[-7.76991,54.20814],[-7.76982,54.20817],[-7.76977,54.2082],[-7.76969,54.2083],[-7.76965,54.20836],[-7.76948,54.20843],[-7.76938,54.20849],[-7.76933,54.20859],[-7.76926,54.20862],[-7.76921,54.20868],[-7.76916,54.2088],[-7.76916,54.20886],[-7.76906,54.20893],[-7.76898,54.20901],[-7.76887,54.20908],[-7.76868,54.2091],[-7.76861,54.20913],[-7.76849,54.20918],[-7.76849,54.20923],[-7.76852,54.20925],[-7.76854,54.20928],[-7.7685,54.20935],[-7.76836,54.20936],[-7.76822,54.20936],[-7.76819,54.20936],[-7.76817,54.20938],[-7.76817,54.20942],[-7.76819,54.20944],[-7.76818,54.20948],[-7.76813,54.20947],[-7.76811,54.20943],[-7.76807,54.20941],[-7.76799,54.2094],[-7.76795,54.2094],[-7.76783,54.2094],[-7.76774,54.20937],[-7.76774,54.20932],[-7.76777,54.20923],[-7.76775,54.20917],[-7.76775,54.20913],[-7.76781,54.20904],[-7.76787,54.20899],[-7.76792,54.20895],[-7.76796,54.20885],[-7.76797,54.2088],[-7.76795,54.20876],[-7.76792,54.20873],[-7.76789,54.20866],[-7.76788,54.2086],[-7.76793,54.20852],[-7.768,54.20845],[-7.76807,54.20841],[-7.76812,54.20833],[-7.76821,54.20827],[-7.76833,54.20825],[-7.76839,54.2082],[-7.76843,54.20812],[-7.76853,54.20801],[-7.76862,54.20794],[-7.76866,54.20787],[-7.76868,54.20776],[-7.76868,54.20769],[-7.76863,54.20743],[-7.76527,54.20755],[-7.76479,54.20755],[-7.76226,54.20749],[-7.76217,54.20756],[-7.76213,54.20763],[-7.76215,54.20771],[-7.76216,54.20774],[-7.76219,54.20776],[-7.76217,54.20779],[-7.76212,54.20783],[-7.76209,54.20789],[-7.76205,54.20788],[-7.76201,54.20786],[-7.76189,54.20788],[-7.76178,54.20792],[-7.7617,54.20804],[-7.76161,54.20813],[-7.76141,54.20819],[-7.7613,54.20824],[-7.76116,54.2083],[-7.76097,54.20835],[-7.76081,54.20836],[-7.76071,54.20837],[-7.76054,54.20835],[-7.76041,54.20838],[-7.76032,54.20839],[-7.76028,54.20838],[-7.76007,54.20834],[-7.75993,54.20833],[-7.7598,54.20832],[-7.75969,54.20832],[-7.75953,54.20837],[-7.75928,54.20841],[-7.75925,54.20841],[-7.75916,54.2084],[-7.75908,54.2084],[-7.75893,54.20843],[-7.75878,54.20848],[-7.75867,54.20852],[-7.75853,54.20857],[-7.75832,54.20871],[-7.75821,54.20874],[-7.75811,54.20876],[-7.75802,54.20881],[-7.75792,54.20889],[-7.75773,54.20898],[-7.75746,54.2091],[-7.75738,54.20914],[-7.75734,54.20915],[-7.75721,54.20917],[-7.75711,54.20917],[-7.75684,54.2092],[-7.75677,54.2092],[-7.75661,54.20926],[-7.75655,54.20925],[-7.75642,54.20925],[-7.75632,54.20928],[-7.75621,54.20934],[-7.75614,54.20939],[-7.75604,54.20945],[-7.7559,54.20952],[-7.75573,54.20958],[-7.75558,54.20961],[-7.75546,54.20964],[-7.7552,54.20968],[-7.75497,54.20974],[-7.75483,54.20979],[-7.75468,54.20981],[-7.75417,54.20985],[-7.75395,54.20984],[-7.75372,54.20982],[-7.75361,54.20979],[-7.75344,54.20976],[-7.75323,54.20971],[-7.75306,54.20966],[-7.75298,54.20965],[-7.75281,54.20964],[-7.75259,54.20961],[-7.75247,54.20962],[-7.7524,54.20965],[-7.75237,54.20968],[-7.75232,54.20971],[-7.75226,54.20973],[-7.75211,54.20973],[-7.75204,54.20971],[-7.75193,54.20966],[-7.75184,54.20964],[-7.75175,54.20965],[-7.75169,54.20965],[-7.75154,54.20962],[-7.75134,54.20955],[-7.75119,54.20954],[-7.75107,54.20954],[-7.75091,54.20956],[-7.75078,54.20956],[-7.75064,54.20953],[-7.7505,54.20953],[-7.75037,54.20952],[-7.75028,54.20955],[-7.75007,54.20957],[-7.74983,54.20955],[-7.74965,54.20952],[-7.74948,54.20951],[-7.74925,54.20949],[-7.74894,54.2095],[-7.74875,54.20948],[-7.74859,54.20946],[-7.7484,54.20943],[-7.74818,54.2092],[-7.74787,54.20864],[-7.74746,54.20774],[-7.74737,54.20751],[-7.74721,54.20717],[-7.74704,54.20691],[-7.74691,54.20674],[-7.7467,54.20648],[-7.74655,54.20632],[-7.74648,54.20619],[-7.74644,54.20609],[-7.74643,54.20592],[-7.74638,54.20583],[-7.74617,54.20577],[-7.74594,54.20568],[-7.7458,54.20562],[-7.74571,54.20557],[-7.74564,54.20549],[-7.74558,54.20542],[-7.74551,54.20537],[-7.74535,54.20523],[-7.74529,54.2051],[-7.74516,54.20501],[-7.745,54.20488],[-7.74495,54.20481],[-7.74487,54.20468],[-7.74475,54.20453],[-7.74461,54.2044],[-7.74444,54.20431],[-7.74432,54.20425],[-7.74412,54.20415],[-7.7439,54.20414],[-7.74375,54.20416],[-7.74366,54.20421],[-7.74345,54.20422],[-7.74329,54.20421],[-7.74312,54.20415],[-7.74296,54.20409],[-7.7427,54.20399],[-7.74253,54.20396],[-7.74243,54.20391],[-7.74222,54.20384],[-7.74204,54.2038],[-7.74179,54.2038],[-7.74159,54.2038],[-7.74138,54.20382],[-7.74112,54.20381],[-7.74098,54.20384],[-7.7409,54.20387],[-7.74081,54.20386],[-7.74068,54.20378],[-7.74057,54.20376],[-7.74026,54.20375],[-7.73998,54.20373],[-7.73978,54.20362],[-7.73965,54.20358],[-7.73956,54.20356],[-7.73942,54.20354],[-7.73921,54.20354],[-7.73907,54.20362],[-7.73891,54.20367],[-7.73873,54.2037],[-7.73856,54.20374],[-7.73839,54.20374],[-7.7381,54.20371],[-7.73789,54.20374],[-7.73775,54.20379],[-7.73764,54.20378],[-7.73752,54.20374],[-7.73738,54.20372],[-7.73725,54.20374],[-7.73708,54.20379],[-7.73693,54.20382],[-7.73674,54.20385],[-7.73657,54.20389],[-7.73619,54.20391],[-7.73595,54.20395],[-7.73577,54.20406],[-7.73568,54.20417],[-7.73565,54.20423],[-7.73557,54.20426],[-7.73519,54.20428],[-7.73489,54.20431],[-7.73479,54.20431],[-7.73468,54.20429],[-7.73463,54.20429],[-7.73454,54.20425],[-7.73452,54.20418],[-7.73447,54.20416],[-7.73432,54.20415],[-7.73419,54.20418],[-7.73408,54.20422],[-7.73397,54.20423],[-7.73384,54.20426],[-7.73372,54.20431],[-7.73356,54.20431],[-7.73326,54.20434],[-7.73311,54.20437],[-7.73303,54.20445],[-7.73267,54.20459],[-7.73241,54.20468],[-7.73219,54.20462],[-7.73204,54.20463],[-7.73187,54.20473],[-7.73175,54.20479],[-7.73162,54.2048],[-7.73124,54.20481],[-7.73113,54.2048],[-7.73101,54.20474],[-7.7309,54.20468],[-7.73075,54.20461],[-7.73069,54.2046],[-7.73058,54.20462],[-7.73044,54.20465],[-7.73032,54.20469],[-7.73009,54.20475],[-7.72995,54.20472],[-7.72981,54.20467],[-7.72969,54.20461],[-7.72955,54.20459],[-7.72941,54.20459],[-7.72927,54.2046],[-7.72905,54.20464],[-7.7288,54.20462],[-7.72846,54.20463],[-7.72828,54.20457],[-7.7282,54.20454],[-7.72806,54.20445],[-7.72796,54.20437],[-7.72793,54.20432],[-7.72792,54.20428],[-7.72785,54.20421],[-7.72777,54.20414],[-7.72767,54.20408],[-7.7275,54.20404],[-7.72735,54.204],[-7.72716,54.20395],[-7.72699,54.20395],[-7.72678,54.20396],[-7.72659,54.20396],[-7.72646,54.20396],[-7.72631,54.20402],[-7.72619,54.20408],[-7.72592,54.20406],[-7.72577,54.20404],[-7.72558,54.20397],[-7.72542,54.20393],[-7.72529,54.20388],[-7.72519,54.20384],[-7.72508,54.20376],[-7.72496,54.20375],[-7.72482,54.20375],[-7.72469,54.20377],[-7.72428,54.20355],[-7.72423,54.20354],[-7.72419,54.20352],[-7.72409,54.20353],[-7.72397,54.20355],[-7.72391,54.20355],[-7.7238,54.20354],[-7.72373,54.20352],[-7.72363,54.20347],[-7.72357,54.20346],[-7.72345,54.20346],[-7.72337,54.20347],[-7.7233,54.20347],[-7.72322,54.20344],[-7.72314,54.20344],[-7.72306,54.20346],[-7.72294,54.20347],[-7.72288,54.20349],[-7.72281,54.2035],[-7.72266,54.20354],[-7.72254,54.20358],[-7.72244,54.2036],[-7.72231,54.20363],[-7.72212,54.20365],[-7.72196,54.20366],[-7.72182,54.20364],[-7.72163,54.20366],[-7.72137,54.20371],[-7.7213,54.20375],[-7.72129,54.20377],[-7.72124,54.20383],[-7.7211,54.20387],[-7.72092,54.20395],[-7.7208,54.20398],[-7.72069,54.204],[-7.72045,54.20402],[-7.72033,54.20405],[-7.72003,54.2041],[-7.71986,54.2041],[-7.7197,54.20408],[-7.71945,54.20403],[-7.71931,54.20403],[-7.71918,54.20403],[-7.71906,54.20405],[-7.71889,54.2041],[-7.71872,54.20419],[-7.71858,54.20425],[-7.71827,54.2043],[-7.71808,54.20432],[-7.71794,54.20431],[-7.71779,54.20432],[-7.71766,54.20435],[-7.71748,54.20438],[-7.71733,54.20437],[-7.71707,54.20435],[-7.71684,54.20437],[-7.71666,54.20437],[-7.71649,54.2044],[-7.71642,54.2044],[-7.71636,54.20437],[-7.7162,54.20437],[-7.71608,54.20432],[-7.71592,54.20424],[-7.71582,54.20424],[-7.71564,54.20422],[-7.71553,54.20425],[-7.71546,54.20428],[-7.71539,54.20429],[-7.71526,54.20428],[-7.7151,54.20428],[-7.7149,54.20426],[-7.71472,54.20423],[-7.71459,54.20418],[-7.71448,54.20417],[-7.71435,54.20421],[-7.71419,54.20422],[-7.71399,54.2042],[-7.7138,54.20415],[-7.7136,54.20409],[-7.71346,54.20405],[-7.71327,54.20398],[-7.71302,54.20394],[-7.71265,54.20386],[-7.71213,54.20363],[-7.71206,54.20358],[-7.71196,54.20351],[-7.71175,54.20347],[-7.71155,54.20343],[-7.71132,54.2034],[-7.71119,54.20334],[-7.71112,54.2032],[-7.71099,54.20312],[-7.71073,54.20311],[-7.71056,54.20313],[-7.71033,54.20318],[-7.71023,54.20321],[-7.71013,54.20328],[-7.70995,54.20339],[-7.70983,54.20344],[-7.7086,54.2041],[-7.70812,54.20437],[-7.7074,54.20474],[-7.70622,54.20538],[-7.70548,54.2058],[-7.70448,54.20635],[-7.70384,54.20673],[-7.70273,54.20738],[-7.70202,54.2078],[-7.70142,54.20756],[-7.70102,54.20736],[-7.70086,54.2072],[-7.70064,54.20703],[-7.70049,54.20691],[-7.69993,54.20673],[-7.69967,54.20659],[-7.69952,54.20653],[-7.69913,54.20644],[-7.6988,54.20639],[-7.69851,54.20632],[-7.69838,54.20628],[-7.69823,54.20618],[-7.69813,54.20609],[-7.69789,54.20597],[-7.69732,54.20582],[-7.69634,54.20565],[-7.69603,54.20559],[-7.69585,54.20548],[-7.69557,54.20533],[-7.69533,54.20518],[-7.69522,54.2051],[-7.69518,54.20502],[-7.69519,54.20496],[-7.69523,54.20488],[-7.69505,54.20473],[-7.69481,54.20456],[-7.69465,54.20447],[-7.69451,54.20434],[-7.69435,54.20426],[-7.69419,54.20424],[-7.69397,54.20422],[-7.69378,54.20422],[-7.69359,54.20419],[-7.69334,54.20425],[-7.69315,54.20432],[-7.69296,54.20434],[-7.69287,54.20433],[-7.69275,54.20426],[-7.69245,54.204],[-7.69227,54.20391],[-7.6921,54.20388],[-7.69187,54.20396],[-7.6917,54.20409],[-7.69165,54.20419],[-7.69167,54.20424],[-7.69164,54.20429],[-7.69158,54.20431],[-7.69144,54.20434],[-7.69139,54.20439],[-7.69142,54.20444],[-7.69153,54.2045],[-7.69166,54.20458],[-7.69167,54.20465],[-7.69164,54.20471],[-7.69137,54.20487],[-7.6912,54.20502],[-7.69106,54.20506],[-7.69099,54.20517],[-7.69094,54.20528],[-7.69092,54.20539],[-7.69093,54.20547],[-7.69089,54.20556],[-7.69076,54.20563],[-7.6907,54.20567],[-7.69063,54.20575],[-7.69039,54.20607],[-7.69032,54.2061],[-7.69023,54.20612],[-7.69018,54.20618],[-7.69013,54.20632],[-7.68998,54.20635],[-7.68992,54.20634],[-7.68989,54.20628],[-7.68974,54.20629],[-7.6896,54.20632],[-7.68952,54.20639],[-7.68952,54.20647],[-7.68949,54.20653],[-7.68937,54.20666],[-7.68931,54.20674],[-7.68928,54.20694],[-7.6892,54.207],[-7.68911,54.20703],[-7.68893,54.20703],[-7.68885,54.20708],[-7.68879,54.20714],[-7.68864,54.20717],[-7.68855,54.20717],[-7.68844,54.20722],[-7.68849,54.20728],[-7.68851,54.20733],[-7.6885,54.20736],[-7.68842,54.20736],[-7.68833,54.20734],[-7.68823,54.20735],[-7.68816,54.20738],[-7.68808,54.20742],[-7.688,54.20744],[-7.68796,54.20742],[-7.6879,54.20742],[-7.68788,54.20743],[-7.68775,54.2076],[-7.68766,54.20767],[-7.68758,54.20771],[-7.68742,54.20773],[-7.68733,54.20775],[-7.68727,54.20773],[-7.68718,54.20766],[-7.68708,54.20759],[-7.68699,54.20758],[-7.68692,54.20758],[-7.68687,54.20757],[-7.68684,54.20744],[-7.68681,54.20742],[-7.68672,54.2074],[-7.68662,54.2074],[-7.68662,54.20747],[-7.68666,54.20752],[-7.68665,54.20758],[-7.68652,54.20765],[-7.68639,54.2077],[-7.68631,54.2077],[-7.68622,54.20769],[-7.68615,54.20772],[-7.6861,54.20784],[-7.68601,54.20788],[-7.68597,54.20787],[-7.6859,54.2078],[-7.68584,54.20776],[-7.68572,54.20774],[-7.6856,54.20775],[-7.68546,54.20778],[-7.6854,54.20778],[-7.68538,54.20769],[-7.68542,54.20759],[-7.68543,54.20754],[-7.68541,54.20747],[-7.68531,54.20733],[-7.68519,54.20726],[-7.68508,54.20723],[-7.68501,54.2072],[-7.68496,54.20716],[-7.68493,54.20711],[-7.68491,54.20698],[-7.68495,54.20688],[-7.68506,54.20676],[-7.68512,54.20671],[-7.68531,54.20661],[-7.6854,54.20656],[-7.68549,54.20652],[-7.68557,54.20651],[-7.68565,54.20651],[-7.68576,54.20654],[-7.68584,54.20661],[-7.68595,54.20675],[-7.68609,54.20681],[-7.68626,54.20678],[-7.6865,54.20668],[-7.68659,54.20638],[-7.68666,54.20611],[-7.68689,54.20579],[-7.68704,54.20563],[-7.68711,54.2055],[-7.6874,54.20506],[-7.68754,54.20476],[-7.68773,54.2044],[-7.68787,54.20416],[-7.68799,54.20405],[-7.68812,54.20397],[-7.68823,54.20392],[-7.68835,54.20384],[-7.68849,54.20372],[-7.68854,54.20362],[-7.68852,54.20341],[-7.68839,54.20311],[-7.68837,54.20302],[-7.68841,54.2028],[-7.68837,54.20265],[-7.6883,54.20255],[-7.68813,54.20232],[-7.68811,54.20225],[-7.68813,54.20216],[-7.68823,54.20199],[-7.68817,54.20181],[-7.68812,54.20172],[-7.68782,54.2016],[-7.68766,54.20156],[-7.68758,54.20152],[-7.68751,54.20147],[-7.6875,54.2014],[-7.68755,54.20135],[-7.68769,54.20129],[-7.68764,54.20123],[-7.68749,54.20115],[-7.68736,54.20109],[-7.68734,54.20106],[-7.68738,54.20099],[-7.68746,54.20094],[-7.68753,54.20089],[-7.68757,54.20081],[-7.68757,54.20073],[-7.68755,54.20066],[-7.68753,54.20059],[-7.68746,54.20055],[-7.68738,54.20052],[-7.68732,54.20048],[-7.68726,54.20043],[-7.6872,54.20036],[-7.68719,54.2003],[-7.68728,54.20026],[-7.68737,54.20023],[-7.68748,54.20024],[-7.68758,54.20024],[-7.68772,54.20027],[-7.68776,54.20029],[-7.68789,54.2003],[-7.68798,54.20029],[-7.688,54.20026],[-7.68797,54.20023],[-7.68783,54.20021],[-7.68774,54.20015],[-7.68772,54.2001],[-7.68775,54.19996],[-7.6878,54.19991],[-7.68784,54.19989],[-7.68789,54.19982],[-7.68797,54.19977],[-7.68807,54.19976],[-7.6882,54.1997],[-7.68832,54.19965],[-7.68839,54.19963],[-7.68843,54.1996],[-7.68839,54.19957],[-7.68839,54.19954],[-7.68839,54.19946],[-7.68842,54.19933],[-7.68845,54.19926],[-7.68847,54.19923],[-7.68848,54.19918],[-7.68847,54.19915],[-7.68841,54.19912],[-7.68834,54.19912],[-7.68825,54.19915],[-7.68812,54.19916],[-7.68773,54.19911],[-7.68764,54.19909],[-7.68757,54.19905],[-7.68757,54.19902],[-7.6876,54.19899],[-7.68766,54.19896],[-7.6877,54.19895],[-7.68792,54.19886],[-7.68799,54.19883],[-7.688,54.19881],[-7.688,54.19877],[-7.68804,54.1987],[-7.68804,54.19863],[-7.68801,54.19855],[-7.68792,54.19849],[-7.68784,54.19847],[-7.6875,54.19848],[-7.68729,54.19848],[-7.68723,54.19846],[-7.68711,54.19835],[-7.68712,54.1983],[-7.68711,54.19827],[-7.68706,54.19825],[-7.68682,54.19814],[-7.68644,54.19804],[-7.68623,54.198],[-7.68599,54.198],[-7.68579,54.19794],[-7.68557,54.19786],[-7.68544,54.19786],[-7.68524,54.19789],[-7.68508,54.19788],[-7.68495,54.19782],[-7.68483,54.19776],[-7.68468,54.19776],[-7.68453,54.19776],[-7.68442,54.19778],[-7.68428,54.19778],[-7.68425,54.19775],[-7.6843,54.19772],[-7.68435,54.19763],[-7.68443,54.19757],[-7.68446,54.19752],[-7.68466,54.19747],[-7.68473,54.19742],[-7.68482,54.19728],[-7.68484,54.19723],[-7.68482,54.1972],[-7.68478,54.19716],[-7.68462,54.19712],[-7.68449,54.19711],[-7.68418,54.19716],[-7.68407,54.19711],[-7.6839,54.19704],[-7.68376,54.19694],[-7.68374,54.19689],[-7.68372,54.19681],[-7.68365,54.1966],[-7.68368,54.19647],[-7.68378,54.19637],[-7.68393,54.19628],[-7.68403,54.19617],[-7.6841,54.19608],[-7.68406,54.19587],[-7.68405,54.19577],[-7.68401,54.1957],[-7.68381,54.19559],[-7.68377,54.19554],[-7.68377,54.1955],[-7.68378,54.19547],[-7.68416,54.19547],[-7.68427,54.19545],[-7.68434,54.19541],[-7.68446,54.19532],[-7.68448,54.19528],[-7.68449,54.19518],[-7.68447,54.19498],[-7.68444,54.19491],[-7.68446,54.19485],[-7.68451,54.19479],[-7.68459,54.19474],[-7.68481,54.19463],[-7.68485,54.19458],[-7.68487,54.19452],[-7.68485,54.19446],[-7.68485,54.19436],[-7.68488,54.19433],[-7.68494,54.19423],[-7.68499,54.19416],[-7.68499,54.19409],[-7.685,54.19404],[-7.6851,54.19402],[-7.68525,54.194],[-7.68543,54.19396],[-7.68557,54.1939],[-7.68563,54.19386],[-7.68563,54.19377],[-7.6856,54.1937],[-7.6854,54.19361],[-7.68532,54.19355],[-7.6853,54.19348],[-7.68517,54.19344],[-7.68491,54.1934],[-7.6848,54.19339],[-7.68471,54.1934],[-7.68468,54.19347],[-7.68471,54.19353],[-7.68463,54.19356],[-7.68444,54.19351],[-7.68434,54.1935],[-7.68428,54.1935],[-7.68416,54.19356],[-7.68412,54.19356],[-7.68407,54.19353],[-7.68407,54.19347],[-7.68411,54.1934],[-7.68411,54.19336],[-7.68406,54.19332],[-7.68391,54.19331],[-7.68366,54.19334],[-7.68345,54.19337],[-7.68319,54.19347],[-7.68308,54.19355],[-7.68308,54.19361],[-7.68311,54.19371],[-7.6831,54.19373],[-7.68299,54.19377],[-7.68294,54.19377],[-7.68287,54.19372],[-7.68285,54.1937],[-7.68277,54.19372],[-7.68269,54.19377],[-7.68263,54.19386],[-7.68259,54.19398],[-7.68245,54.19397],[-7.68221,54.19397],[-7.68198,54.19393],[-7.68165,54.19382],[-7.68142,54.19372],[-7.68115,54.19362],[-7.68106,54.1935],[-7.68101,54.19343],[-7.68093,54.19341],[-7.68071,54.1934],[-7.68057,54.19338],[-7.68045,54.19335],[-7.6804,54.19332],[-7.68035,54.19325],[-7.68034,54.19315],[-7.68023,54.19309],[-7.68009,54.19302],[-7.67986,54.19284],[-7.67971,54.1927],[-7.67954,54.19256],[-7.67951,54.19253],[-7.67948,54.19245],[-7.67961,54.19221],[-7.67963,54.19217],[-7.67962,54.19211],[-7.67936,54.19212],[-7.67932,54.19207],[-7.67935,54.19199],[-7.67935,54.19196],[-7.67923,54.19193],[-7.67915,54.19193],[-7.6791,54.1919],[-7.67908,54.19185],[-7.67919,54.19181],[-7.67934,54.19178],[-7.67939,54.19173],[-7.67942,54.19164],[-7.67945,54.19156],[-7.67957,54.19155],[-7.67966,54.19158],[-7.67973,54.1916],[-7.67976,54.19159],[-7.67982,54.19156],[-7.67986,54.19152],[-7.67986,54.19148],[-7.67974,54.19146],[-7.67965,54.19142],[-7.67963,54.19139],[-7.67965,54.19132],[-7.67966,54.19127],[-7.67958,54.19127],[-7.67945,54.1913],[-7.67932,54.1913],[-7.67929,54.19133],[-7.67923,54.19137],[-7.67913,54.19135],[-7.67898,54.19128],[-7.67895,54.19126],[-7.67895,54.19124],[-7.67898,54.19118],[-7.67903,54.19118],[-7.67908,54.19112],[-7.67908,54.19107],[-7.67911,54.19101],[-7.67919,54.19086],[-7.67915,54.19082],[-7.67912,54.19082],[-7.67903,54.19079],[-7.679,54.19075],[-7.67902,54.19069],[-7.67919,54.1906],[-7.67938,54.19052],[-7.67947,54.19049],[-7.67953,54.19046],[-7.6796,54.19045],[-7.67971,54.19036],[-7.67981,54.19026],[-7.67987,54.19021],[-7.67987,54.19015],[-7.67978,54.19012],[-7.6797,54.19002],[-7.67969,54.18996],[-7.67976,54.18983],[-7.67975,54.18976],[-7.67973,54.18971],[-7.67966,54.18971],[-7.67961,54.18964],[-7.67959,54.18958],[-7.67957,54.18952],[-7.67951,54.18947],[-7.67948,54.18944],[-7.67959,54.18941],[-7.67961,54.18935],[-7.6797,54.18937],[-7.67983,54.18941],[-7.67989,54.18938],[-7.67992,54.1893],[-7.6799,54.18919],[-7.67979,54.18903],[-7.67969,54.18889],[-7.67959,54.18883],[-7.67955,54.18874],[-7.6795,54.18865],[-7.67951,54.18856],[-7.67949,54.1885],[-7.67945,54.18845],[-7.67921,54.18836],[-7.67912,54.18833],[-7.67902,54.18833],[-7.67895,54.18832],[-7.67888,54.18829],[-7.67886,54.1882],[-7.67895,54.18811],[-7.67907,54.18807],[-7.67916,54.18804],[-7.67933,54.188],[-7.67951,54.18783],[-7.6795,54.18778],[-7.67954,54.1877],[-7.67959,54.18755],[-7.6796,54.18748],[-7.67955,54.18744],[-7.67948,54.18739],[-7.67937,54.18735],[-7.67931,54.18732],[-7.67922,54.1872],[-7.67924,54.18713],[-7.67923,54.1871],[-7.67918,54.18709],[-7.67884,54.18714],[-7.67879,54.18714],[-7.67877,54.18712],[-7.67876,54.18699],[-7.6787,54.18691],[-7.67836,54.18677],[-7.67826,54.18673],[-7.67806,54.18665],[-7.67801,54.1866],[-7.67797,54.18652],[-7.67797,54.18648],[-7.67805,54.18651],[-7.67817,54.18656],[-7.67823,54.18654],[-7.67826,54.1865],[-7.67824,54.18642],[-7.67819,54.18629],[-7.67812,54.1862],[-7.67827,54.18616],[-7.67826,54.18612],[-7.67824,54.18608],[-7.6782,54.18604],[-7.67816,54.186],[-7.67807,54.18596],[-7.67802,54.18598],[-7.678,54.18598],[-7.67795,54.18597],[-7.67789,54.18598],[-7.67783,54.18598],[-7.6778,54.18597],[-7.67781,54.18594],[-7.67786,54.18594],[-7.67791,54.18591],[-7.67792,54.1859],[-7.67786,54.18575],[-7.67785,54.18567],[-7.67784,54.1856],[-7.67796,54.18541],[-7.67804,54.18526],[-7.67808,54.18522],[-7.67816,54.18516],[-7.67806,54.18507],[-7.67785,54.18492],[-7.6777,54.18482],[-7.67769,54.18472],[-7.67754,54.18462],[-7.67755,54.18449],[-7.67757,54.18437],[-7.6776,54.18429],[-7.67767,54.18424],[-7.67769,54.18417],[-7.67765,54.18411],[-7.6776,54.18408],[-7.67753,54.184],[-7.6773,54.18377],[-7.67722,54.18373],[-7.67721,54.18349],[-7.67725,54.18343],[-7.67738,54.18336],[-7.67744,54.18334],[-7.67748,54.18327],[-7.67744,54.1832],[-7.67738,54.18313],[-7.67731,54.18306],[-7.67722,54.18298],[-7.67711,54.18292],[-7.67692,54.18284],[-7.67687,54.18281],[-7.67681,54.18276],[-7.67671,54.18273],[-7.67666,54.18269],[-7.67662,54.18259],[-7.67638,54.18253],[-7.67629,54.18252],[-7.67621,54.18249],[-7.6762,54.18246],[-7.6762,54.1824],[-7.67624,54.18233],[-7.67628,54.18228],[-7.67638,54.18225],[-7.67652,54.18224],[-7.67659,54.18226],[-7.67662,54.18224],[-7.67663,54.18219],[-7.67662,54.18208],[-7.67657,54.18201],[-7.67651,54.18197],[-7.67636,54.18196],[-7.67625,54.18189],[-7.67614,54.18184],[-7.67603,54.18184],[-7.67587,54.18182],[-7.67576,54.18179],[-7.67563,54.18177],[-7.67543,54.18167],[-7.67533,54.18167],[-7.67524,54.18174],[-7.67515,54.18175],[-7.6751,54.18172],[-7.67499,54.1817],[-7.67484,54.18165],[-7.67484,54.18161],[-7.67489,54.18158],[-7.67491,54.18155],[-7.67477,54.18148],[-7.67468,54.18148],[-7.67451,54.18145],[-7.67425,54.18137],[-7.67414,54.18135],[-7.67407,54.18132],[-7.674,54.18125],[-7.67394,54.1812],[-7.67373,54.18117],[-7.67365,54.18117],[-7.67312,54.18125],[-7.67256,54.18138],[-7.67217,54.18144],[-7.67196,54.18151],[-7.6719,54.18159],[-7.67178,54.18176],[-7.67165,54.18189],[-7.67126,54.18221],[-7.67103,54.18233],[-7.67085,54.18246],[-7.67063,54.18265],[-7.67047,54.18271],[-7.67026,54.18281],[-7.6701,54.18291],[-7.66983,54.18315],[-7.66967,54.18331],[-7.66957,54.18346],[-7.66949,54.1836],[-7.66933,54.18366],[-7.66911,54.18374],[-7.66888,54.18376],[-7.66871,54.18378],[-7.66855,54.18383],[-7.66851,54.18396],[-7.66858,54.18409],[-7.66863,54.18414],[-7.66858,54.18423],[-7.66849,54.1845],[-7.66842,54.18463],[-7.66833,54.18472],[-7.66825,54.18492],[-7.66811,54.18513],[-7.66795,54.18533],[-7.66766,54.18562],[-7.66761,54.18572],[-7.6675,54.18581],[-7.66747,54.18589],[-7.6675,54.18595],[-7.66744,54.18607],[-7.66728,54.18635],[-7.66726,54.18654],[-7.66719,54.18662],[-7.66705,54.18672],[-7.66694,54.18679],[-7.66667,54.18684],[-7.66654,54.18687],[-7.66642,54.18692],[-7.6663,54.18695],[-7.66621,54.18703],[-7.66606,54.18712],[-7.6659,54.18731],[-7.66579,54.18739],[-7.66562,54.18753],[-7.66549,54.1876],[-7.66527,54.1877],[-7.66497,54.18776],[-7.6648,54.18782],[-7.66446,54.18797],[-7.6639,54.18784],[-7.66355,54.18772],[-7.66307,54.18762],[-7.66285,54.18752],[-7.66253,54.18744],[-7.66192,54.18732],[-7.66068,54.18706],[-7.66039,54.18698],[-7.65925,54.18654],[-7.65895,54.18634],[-7.65853,54.1862],[-7.65841,54.18618],[-7.65819,54.18612],[-7.65797,54.18607],[-7.65785,54.18603],[-7.65773,54.18593],[-7.65764,54.18588],[-7.65747,54.18583],[-7.65714,54.18582],[-7.65696,54.18584],[-7.65678,54.18585],[-7.65662,54.18582],[-7.65644,54.18576],[-7.65629,54.1857],[-7.65612,54.18566],[-7.65627,54.18541],[-7.65612,54.18534],[-7.656,54.18522],[-7.6559,54.18507],[-7.65585,54.18499],[-7.65583,54.18488],[-7.65584,54.1848],[-7.65578,54.18476],[-7.65569,54.18465],[-7.65566,54.1846],[-7.65565,54.18452],[-7.65564,54.18443],[-7.65561,54.18431],[-7.65555,54.18413],[-7.65561,54.18409],[-7.65566,54.18405],[-7.65565,54.18398],[-7.6556,54.18395],[-7.65547,54.18395],[-7.65534,54.18391],[-7.65519,54.18386],[-7.65504,54.18383],[-7.65491,54.18384],[-7.65483,54.18382],[-7.6548,54.1838],[-7.65475,54.18366],[-7.65466,54.18357],[-7.65461,54.1835],[-7.65462,54.18336],[-7.65461,54.1833],[-7.65444,54.18317],[-7.65433,54.18307],[-7.65424,54.18296],[-7.65411,54.18287],[-7.65394,54.18278],[-7.65392,54.1827],[-7.6538,54.18255],[-7.65373,54.18234],[-7.65372,54.18222],[-7.65364,54.18213],[-7.6535,54.18206],[-7.65339,54.18202],[-7.65333,54.18202],[-7.65326,54.18193],[-7.6532,54.18179],[-7.65306,54.18168],[-7.65291,54.18158],[-7.65277,54.18152],[-7.65257,54.18151],[-7.65248,54.18153],[-7.65241,54.18158],[-7.65238,54.18162],[-7.65236,54.18167],[-7.65224,54.18165],[-7.65212,54.18164],[-7.65205,54.18159],[-7.65196,54.18152],[-7.65195,54.18145],[-7.65196,54.18141],[-7.65199,54.18138],[-7.65194,54.18132],[-7.65181,54.18124],[-7.65147,54.18121],[-7.65141,54.18117],[-7.65138,54.18108],[-7.65139,54.18095],[-7.65133,54.18089],[-7.65117,54.18087],[-7.65104,54.18087],[-7.65094,54.1809],[-7.65088,54.18093],[-7.65077,54.18093],[-7.6507,54.18095],[-7.65061,54.18093],[-7.65055,54.18089],[-7.65055,54.18085],[-7.65069,54.18078],[-7.65071,54.18074],[-7.65065,54.18068],[-7.65049,54.18063],[-7.65036,54.18059],[-7.65026,54.18058],[-7.6501,54.1806],[-7.65001,54.18062],[-7.64995,54.18062],[-7.64991,54.18061],[-7.64982,54.18057],[-7.64983,54.18042],[-7.6498,54.18035],[-7.64975,54.18032],[-7.64954,54.18032],[-7.6495,54.18029],[-7.64939,54.18022],[-7.64932,54.18015],[-7.64928,54.1801],[-7.6493,54.18007],[-7.64931,54.18001],[-7.64923,54.17992],[-7.64918,54.17982],[-7.64916,54.17971],[-7.64913,54.17963],[-7.64904,54.17957],[-7.64897,54.17957],[-7.64889,54.17952],[-7.64882,54.17944],[-7.64876,54.17935],[-7.64863,54.1793],[-7.64856,54.17926],[-7.64855,54.17925],[-7.64854,54.17922],[-7.64856,54.17916],[-7.64865,54.1791],[-7.64866,54.17909],[-7.64856,54.17902],[-7.64848,54.17889],[-7.64841,54.1788],[-7.64828,54.17873],[-7.6482,54.17867],[-7.64813,54.17857],[-7.64794,54.17847],[-7.64783,54.17842],[-7.64776,54.17831],[-7.64766,54.17825],[-7.6476,54.17819],[-7.6475,54.17812],[-7.6474,54.17809],[-7.64731,54.1781],[-7.64726,54.17809],[-7.64719,54.17804],[-7.64708,54.17798],[-7.64704,54.17798],[-7.64693,54.17791],[-7.64685,54.17789],[-7.64671,54.17789],[-7.64665,54.17788],[-7.64664,54.17786],[-7.64665,54.17782],[-7.64664,54.17779],[-7.64639,54.17771],[-7.64636,54.17768],[-7.64636,54.17762],[-7.64631,54.17759],[-7.64621,54.17758],[-7.64613,54.17756],[-7.64609,54.17756],[-7.64606,54.17753],[-7.6461,54.17751],[-7.6461,54.17746],[-7.64609,54.17741],[-7.64602,54.17739],[-7.64588,54.17736],[-7.64583,54.17734],[-7.6457,54.17724],[-7.6455,54.17715],[-7.64548,54.17711],[-7.6455,54.17704],[-7.64557,54.17698],[-7.64562,54.17695],[-7.64563,54.17691],[-7.6456,54.17684],[-7.6456,54.17681],[-7.64561,54.17676],[-7.64564,54.17672],[-7.64558,54.17666],[-7.64558,54.17659],[-7.64558,54.17652],[-7.64561,54.17647],[-7.64562,54.17637],[-7.64561,54.17627],[-7.64568,54.17622],[-7.64572,54.17619],[-7.64575,54.17615],[-7.64573,54.17611],[-7.64569,54.17607],[-7.64565,54.17603],[-7.64563,54.17598],[-7.64543,54.17588],[-7.64531,54.17584],[-7.64481,54.17574],[-7.64271,54.17481],[-7.64149,54.17437],[-7.6411,54.1742],[-7.6407,54.17407],[-7.64063,54.17402],[-7.64049,54.17388],[-7.64035,54.17371],[-7.64014,54.17358],[-7.63922,54.17327],[-7.639,54.17321],[-7.63834,54.17299],[-7.63794,54.17284],[-7.63754,54.17262],[-7.63708,54.17239],[-7.63649,54.17215],[-7.63559,54.17181],[-7.63466,54.17154],[-7.63326,54.17114],[-7.63203,54.1708],[-7.63163,54.17071],[-7.63053,54.17041],[-7.62965,54.17017],[-7.62967,54.17011],[-7.62967,54.17005],[-7.62964,54.17001],[-7.6296,54.16998],[-7.62954,54.16993],[-7.62946,54.16986],[-7.62942,54.1698],[-7.62939,54.16975],[-7.62926,54.16966],[-7.62916,54.16961],[-7.62903,54.1695],[-7.62902,54.16947],[-7.62903,54.16943],[-7.62899,54.16936],[-7.62887,54.1693],[-7.62872,54.16927],[-7.62859,54.16927],[-7.6285,54.16926],[-7.62846,54.16922],[-7.62844,54.16915],[-7.62808,54.16882],[-7.62807,54.16877],[-7.6281,54.16873],[-7.6281,54.1687],[-7.62826,54.16851],[-7.62822,54.16843],[-7.62821,54.16829],[-7.62824,54.16821],[-7.62815,54.16813],[-7.62812,54.16807],[-7.62807,54.16803],[-7.62801,54.16801],[-7.62797,54.16797],[-7.62796,54.16794],[-7.62798,54.16788],[-7.6281,54.16773],[-7.62811,54.16767],[-7.62816,54.1676],[-7.62813,54.16757],[-7.62806,54.16756],[-7.62799,54.16759],[-7.62792,54.16759],[-7.62788,54.16757],[-7.62783,54.16754],[-7.62777,54.1674],[-7.62768,54.16727],[-7.62758,54.16718],[-7.62736,54.16715],[-7.62713,54.1671],[-7.62694,54.16703],[-7.62682,54.16697],[-7.62673,54.16691],[-7.62666,54.16689],[-7.62659,54.16672],[-7.62661,54.16669],[-7.62664,54.16666],[-7.62665,54.16662],[-7.62662,54.16657],[-7.62648,54.16657],[-7.62642,54.16655],[-7.62639,54.16647],[-7.62635,54.16642],[-7.62629,54.16637],[-7.62618,54.16633],[-7.62608,54.16629],[-7.62606,54.16627],[-7.62606,54.16624],[-7.62607,54.16619],[-7.62606,54.16615],[-7.62603,54.1661],[-7.62589,54.16604],[-7.62568,54.16598],[-7.62565,54.16596],[-7.62566,54.16592],[-7.62574,54.16588],[-7.62569,54.16578],[-7.62564,54.16568],[-7.62555,54.16567],[-7.62546,54.16567],[-7.62543,54.16565],[-7.62542,54.16563],[-7.62544,54.16559],[-7.62542,54.16556],[-7.62533,54.16552],[-7.62529,54.16545],[-7.6253,54.16542],[-7.6253,54.16537],[-7.62525,54.16522],[-7.62527,54.16508],[-7.62529,54.16499],[-7.62534,54.16495],[-7.62537,54.16489],[-7.62535,54.16484],[-7.62531,54.16478],[-7.62531,54.16473],[-7.62533,54.16468],[-7.6253,54.16462],[-7.62536,54.16458],[-7.62545,54.16449],[-7.62552,54.16434],[-7.62553,54.16425],[-7.62556,54.16421],[-7.62568,54.16412],[-7.62582,54.16403],[-7.62583,54.16395],[-7.62591,54.16388],[-7.6259,54.16384],[-7.62587,54.16379],[-7.62587,54.16371],[-7.62583,54.16361],[-7.62588,54.16356],[-7.62597,54.16353],[-7.62602,54.16349],[-7.62603,54.16343],[-7.62597,54.1633],[-7.62597,54.16324],[-7.62599,54.1632],[-7.62599,54.16314],[-7.62597,54.16307],[-7.62594,54.16303],[-7.62586,54.16302],[-7.62586,54.16301],[-7.6259,54.16291],[-7.62591,54.16279],[-7.626,54.1627],[-7.62605,54.16261],[-7.62636,54.16184],[-7.62657,54.16123],[-7.62659,54.1611],[-7.62659,54.16103],[-7.62649,54.16101],[-7.62636,54.16101],[-7.62621,54.16102],[-7.62609,54.16101],[-7.62602,54.16099],[-7.62589,54.16095],[-7.6254,54.1607],[-7.62533,54.16066],[-7.62526,54.1606],[-7.62524,54.16048],[-7.62526,54.16017],[-7.62527,54.15994],[-7.62528,54.15983],[-7.62547,54.15914],[-7.6258,54.15807],[-7.62583,54.15781],[-7.62573,54.15608],[-7.62567,54.15549],[-7.62555,54.15493],[-7.62549,54.15456],[-7.62545,54.15444],[-7.6253,54.15434],[-7.62525,54.15428],[-7.62527,54.15412],[-7.62531,54.15408],[-7.62534,54.15402],[-7.62537,54.15394],[-7.62536,54.15383],[-7.62532,54.15371],[-7.62528,54.15367],[-7.62528,54.15357],[-7.62527,54.15351],[-7.62531,54.15339],[-7.62531,54.15328],[-7.62524,54.1532],[-7.62493,54.15303],[-7.62474,54.15297],[-7.62449,54.15292],[-7.62435,54.15289],[-7.6212,54.15158],[-7.61869,54.15056],[-7.61752,54.15006],[-7.61538,54.14909],[-7.61369,54.14834],[-7.61201,54.14757],[-7.61,54.14617],[-7.60957,54.14587],[-7.60951,54.14581],[-7.60938,54.14552],[-7.60937,54.14541],[-7.60939,54.14525],[-7.60943,54.14515],[-7.6095,54.1449],[-7.60956,54.14484],[-7.6096,54.14478],[-7.60973,54.14463],[-7.60978,54.14456],[-7.60984,54.14448],[-7.60991,54.1444],[-7.60996,54.14436],[-7.6101,54.14428],[-7.61016,54.14421],[-7.61019,54.14417],[-7.61032,54.14405],[-7.61033,54.144],[-7.61039,54.14379],[-7.6102,54.14377],[-7.60987,54.14371],[-7.60928,54.14362],[-7.6086,54.1434],[-7.60794,54.14317],[-7.60746,54.14296],[-7.60708,54.14282],[-7.60696,54.14277],[-7.60684,54.14275],[-7.60603,54.14275],[-7.60572,54.14274],[-7.60471,54.14265],[-7.60145,54.14236],[-7.60098,54.14235],[-7.60088,54.14231],[-7.60083,54.1423],[-7.60076,54.14232],[-7.60065,54.1423],[-7.6005,54.14227],[-7.60035,54.14235],[-7.60028,54.14235],[-7.60025,54.14233],[-7.60021,54.14221],[-7.59894,54.14199],[-7.59802,54.1418],[-7.59748,54.14165],[-7.59687,54.14146],[-7.59543,54.14104],[-7.59489,54.14086],[-7.59463,54.14073],[-7.59418,54.1406],[-7.59394,54.14051],[-7.59374,54.14041],[-7.59348,54.14032],[-7.59321,54.14023],[-7.59241,54.14],[-7.5922,54.13992],[-7.59206,54.13989],[-7.5917,54.13989],[-7.59165,54.1399],[-7.59156,54.13995],[-7.59145,54.14],[-7.59131,54.14004],[-7.59117,54.1401],[-7.59107,54.14015],[-7.59088,54.14018],[-7.59074,54.14019],[-7.5906,54.14017],[-7.59026,54.1403],[-7.59009,54.14033],[-7.58992,54.14042],[-7.58953,54.14057],[-7.58919,54.14069],[-7.589,54.14067],[-7.58887,54.14071],[-7.58879,54.14072],[-7.58868,54.14072],[-7.58839,54.14083],[-7.58821,54.1409],[-7.58806,54.14102],[-7.5879,54.14108],[-7.58759,54.14116],[-7.58742,54.1412],[-7.58725,54.1413],[-7.58704,54.14142],[-7.58671,54.14147],[-7.58658,54.14147],[-7.58625,54.14142],[-7.58612,54.14141],[-7.58605,54.14139],[-7.58579,54.14143],[-7.58562,54.14144],[-7.58548,54.14149],[-7.5853,54.14152],[-7.58515,54.14155],[-7.58492,54.14158],[-7.58465,54.14159],[-7.58448,54.1416],[-7.58435,54.14162],[-7.5843,54.14167],[-7.58424,54.14177],[-7.5842,54.14188],[-7.58419,54.14189],[-7.58414,54.14191],[-7.58395,54.14197],[-7.5837,54.14208],[-7.58332,54.14239],[-7.58309,54.14248],[-7.58304,54.14249],[-7.583,54.14246],[-7.58293,54.14232],[-7.58286,54.14221],[-7.58272,54.14206],[-7.5826,54.14192],[-7.58256,54.14185],[-7.5825,54.14179],[-7.58228,54.14169],[-7.58201,54.14169],[-7.58167,54.14169],[-7.5816,54.14168],[-7.5815,54.14163],[-7.58135,54.14154],[-7.58109,54.14147],[-7.58086,54.14144],[-7.58066,54.14141],[-7.58035,54.14132],[-7.58019,54.14129],[-7.58004,54.14123],[-7.57991,54.14116],[-7.57978,54.14109],[-7.57951,54.14103],[-7.57923,54.14101],[-7.57891,54.14097],[-7.57862,54.14097],[-7.57843,54.141],[-7.57797,54.14108],[-7.57759,54.14116],[-7.57736,54.14119],[-7.5772,54.1412],[-7.57705,54.14126],[-7.57674,54.14143],[-7.57654,54.14155],[-7.57643,54.14161],[-7.57625,54.14165],[-7.57613,54.14166],[-7.57601,54.14164],[-7.5759,54.14162],[-7.57581,54.14161],[-7.57576,54.14157],[-7.57564,54.14155],[-7.57552,54.14153],[-7.57489,54.14154],[-7.57478,54.14155],[-7.57461,54.14153],[-7.57448,54.14148],[-7.57439,54.1414],[-7.57423,54.14128],[-7.57407,54.14121],[-7.57394,54.14112],[-7.57379,54.14106],[-7.57369,54.141],[-7.57368,54.14095],[-7.57372,54.14091],[-7.57378,54.1408],[-7.5738,54.1407],[-7.57382,54.14041],[-7.57386,54.14016],[-7.57388,54.13998],[-7.57385,54.13989],[-7.57385,54.13984],[-7.57386,54.13979],[-7.57395,54.13973],[-7.57416,54.13955],[-7.57426,54.1394],[-7.57461,54.13905],[-7.5747,54.13887],[-7.57476,54.1387],[-7.5749,54.13838],[-7.57501,54.13826],[-7.57521,54.13807],[-7.5753,54.13798],[-7.57536,54.13788],[-7.57537,54.13765],[-7.57535,54.13745],[-7.57538,54.13727],[-7.57543,54.13705],[-7.57546,54.13694],[-7.57545,54.13686],[-7.57532,54.13663],[-7.57531,54.13655],[-7.57535,54.13644],[-7.57539,54.13636],[-7.57535,54.13621],[-7.57533,54.13608],[-7.57534,54.13597],[-7.57539,54.13574],[-7.57545,54.13478],[-7.57546,54.13453],[-7.5754,54.13437],[-7.57529,54.13423],[-7.57506,54.13368],[-7.57493,54.1335],[-7.57469,54.13329],[-7.57442,54.13304],[-7.57426,54.13295],[-7.5731,54.13287],[-7.57269,54.13283],[-7.5722,54.13281],[-7.57141,54.13289],[-7.57119,54.13293],[-7.57005,54.1329],[-7.56925,54.13289],[-7.56919,54.13279],[-7.56915,54.13268],[-7.56909,54.13251],[-7.56902,54.1324],[-7.5689,54.13232],[-7.5688,54.13222],[-7.56871,54.13214],[-7.56864,54.13207],[-7.56857,54.13198],[-7.56853,54.1317],[-7.56848,54.13166],[-7.56813,54.13139],[-7.56786,54.13113],[-7.56773,54.13104],[-7.56758,54.13092],[-7.56742,54.13084],[-7.56713,54.13072],[-7.567,54.13061],[-7.56696,54.13055],[-7.56694,54.13038],[-7.5669,54.13025],[-7.56689,54.13014],[-7.56692,54.13007],[-7.56711,54.13],[-7.56721,54.12994],[-7.56729,54.12985],[-7.56727,54.12979],[-7.56722,54.12972],[-7.56717,54.12963],[-7.56706,54.1295],[-7.56704,54.12937],[-7.56693,54.12917],[-7.56686,54.12912],[-7.56674,54.12904],[-7.56664,54.12893],[-7.56656,54.12878],[-7.56654,54.12868],[-7.56657,54.12831],[-7.56656,54.12818],[-7.5665,54.12797],[-7.56646,54.12781],[-7.56643,54.12772],[-7.56637,54.12764],[-7.5663,54.1275],[-7.56631,54.12741],[-7.56629,54.12734],[-7.56629,54.12724],[-7.56624,54.12718],[-7.56615,54.12715],[-7.56603,54.12708],[-7.56595,54.12702],[-7.56589,54.12694],[-7.56574,54.12659],[-7.56447,54.12675],[-7.56234,54.127],[-7.56175,54.12704],[-7.56125,54.12702],[-7.56076,54.12704],[-7.56033,54.12709],[-7.55998,54.12719],[-7.55902,54.12764],[-7.55854,54.12784],[-7.55818,54.12763],[-7.55783,54.12735],[-7.55753,54.12714],[-7.55727,54.12702],[-7.55708,54.12697],[-7.55682,54.12696],[-7.55663,54.12697],[-7.55634,54.12702],[-7.55611,54.12707],[-7.55594,54.12709],[-7.55576,54.12709],[-7.55553,54.12698],[-7.55544,54.12687],[-7.55535,54.12671],[-7.55532,54.12656],[-7.55525,54.12638],[-7.5552,54.12619],[-7.5551,54.12607],[-7.55482,54.1259],[-7.55431,54.12571],[-7.55347,54.1254],[-7.55282,54.12518],[-7.5524,54.12502],[-7.55224,54.12493],[-7.55206,54.12481],[-7.55188,54.1247],[-7.55171,54.12465],[-7.55132,54.12443],[-7.55102,54.12424],[-7.5509,54.12415],[-7.55078,54.12399],[-7.55069,54.1238],[-7.55059,54.12368],[-7.55039,54.12351],[-7.55004,54.12326],[-7.54983,54.1231],[-7.54939,54.12285],[-7.54908,54.12269],[-7.54887,54.12262],[-7.54848,54.12259],[-7.54834,54.12252],[-7.54823,54.12244],[-7.54816,54.12235],[-7.54807,54.12229],[-7.54793,54.12222],[-7.54777,54.12217],[-7.54757,54.12214],[-7.54737,54.12214],[-7.54702,54.12221],[-7.54687,54.12228],[-7.54668,54.12238],[-7.54658,54.1225],[-7.54655,54.12263],[-7.54658,54.12273],[-7.54659,54.12283],[-7.54652,54.12295],[-7.54638,54.1231],[-7.54618,54.12336],[-7.54607,54.12349],[-7.54598,54.12365],[-7.54587,54.12385],[-7.54573,54.12404],[-7.54566,54.12418],[-7.54563,54.12428],[-7.54567,54.1244],[-7.54579,54.12452],[-7.54596,54.12474],[-7.54616,54.12517],[-7.54617,54.12537],[-7.54611,54.12556],[-7.54595,54.1257],[-7.54578,54.12581],[-7.5456,54.12587],[-7.54522,54.12599],[-7.54501,54.12605],[-7.54488,54.12612],[-7.54476,54.12624],[-7.54467,54.12637],[-7.54464,54.12653],[-7.54469,54.12667],[-7.54477,54.12676],[-7.545,54.12688],[-7.54519,54.12693],[-7.54542,54.12697],[-7.54577,54.12701],[-7.54611,54.12703],[-7.54626,54.12704],[-7.54633,54.12704],[-7.54651,54.12711],[-7.54655,54.12716],[-7.54658,54.12737],[-7.54662,54.12778],[-7.54666,54.12794],[-7.5468,54.12826],[-7.54704,54.12875],[-7.54705,54.12887],[-7.54701,54.12896],[-7.54688,54.12905],[-7.54678,54.12912],[-7.54666,54.12917],[-7.54654,54.1292],[-7.54616,54.1292],[-7.54584,54.1292],[-7.54563,54.12916],[-7.54522,54.12903],[-7.54505,54.12896],[-7.54492,54.12888],[-7.54488,54.12879],[-7.54484,54.12871],[-7.54484,54.12859],[-7.54488,54.12849],[-7.54489,54.1284],[-7.54488,54.12835],[-7.54483,54.12826],[-7.54473,54.12822],[-7.5445,54.12821],[-7.54414,54.12826],[-7.54365,54.12836],[-7.54257,54.12863],[-7.54181,54.1288],[-7.54153,54.12883],[-7.54123,54.12873],[-7.54093,54.12861],[-7.54061,54.1285],[-7.54047,54.12843],[-7.54034,54.12832],[-7.54024,54.12821],[-7.54016,54.12807],[-7.5401,54.12798],[-7.53997,54.12788],[-7.53974,54.12772],[-7.53945,54.12751],[-7.53901,54.1272],[-7.53876,54.12708],[-7.53862,54.12706],[-7.53838,54.12708],[-7.53803,54.12714],[-7.53764,54.12724],[-7.5373,54.12745],[-7.53707,54.12763],[-7.53662,54.12807],[-7.53636,54.12826],[-7.53611,54.12841],[-7.53598,54.12854],[-7.53591,54.12862],[-7.5359,54.12869],[-7.53601,54.12885],[-7.53612,54.12916],[-7.53636,54.1294],[-7.53663,54.12961],[-7.53692,54.12987],[-7.53714,54.1302],[-7.53719,54.13064],[-7.53713,54.13094],[-7.53683,54.13111],[-7.53628,54.13147],[-7.53568,54.1319],[-7.53541,54.13208],[-7.53493,54.13242],[-7.53463,54.13255],[-7.53402,54.1327],[-7.5335,54.13279],[-7.53294,54.13286],[-7.53243,54.13291],[-7.53213,54.13295],[-7.53183,54.13301],[-7.53168,54.13305],[-7.53151,54.13313],[-7.53137,54.13323],[-7.53127,54.13336],[-7.53118,54.13355],[-7.53099,54.13411],[-7.53086,54.13436],[-7.53072,54.13452],[-7.5305,54.13473],[-7.53028,54.13489],[-7.52993,54.13507],[-7.52939,54.13538],[-7.52892,54.13561],[-7.52867,54.13569],[-7.52843,54.13573],[-7.52818,54.13575],[-7.52777,54.13572],[-7.52751,54.13568],[-7.52736,54.13564],[-7.52721,54.13556],[-7.52713,54.13544],[-7.52702,54.1352],[-7.52682,54.1348],[-7.52672,54.13465],[-7.52651,54.13444],[-7.52629,54.13433],[-7.52598,54.13424],[-7.52542,54.13414],[-7.52452,54.13396],[-7.52429,54.1339],[-7.5239,54.13376],[-7.52359,54.13361],[-7.52337,54.13349],[-7.52312,54.13335],[-7.52287,54.13314],[-7.52254,54.13285],[-7.52227,54.13254],[-7.52205,54.13219],[-7.52197,54.13204],[-7.52191,54.13173],[-7.52187,54.13145],[-7.52179,54.13099],[-7.5217,54.13076],[-7.52152,54.13062],[-7.52133,54.1306],[-7.52102,54.13061],[-7.52083,54.13059],[-7.52062,54.13054],[-7.5204,54.13035],[-7.51992,54.12989],[-7.51971,54.12975],[-7.51944,54.12969],[-7.51923,54.1297],[-7.519,54.12973],[-7.51863,54.12988],[-7.51841,54.13003],[-7.51813,54.13018],[-7.5178,54.13032],[-7.5172,54.13039],[-7.51635,54.13042],[-7.51567,54.1304],[-7.51442,54.13029],[-7.51276,54.13019],[-7.51205,54.13012],[-7.51161,54.13012],[-7.51064,54.13005],[-7.50996,54.13],[-7.50942,54.12993],[-7.50867,54.12971],[-7.50821,54.12948],[-7.50772,54.12922],[-7.50707,54.12881],[-7.50623,54.12813],[-7.50588,54.12788],[-7.50546,54.12771],[-7.50513,54.12758],[-7.50466,54.12741],[-7.50429,54.12724],[-7.50406,54.12711],[-7.50387,54.12697],[-7.50352,54.12672],[-7.50314,54.1265],[-7.50289,54.12637],[-7.50271,54.12631],[-7.50251,54.12628],[-7.50234,54.12627],[-7.50221,54.12627],[-7.50199,54.12635],[-7.50161,54.12659],[-7.50144,54.12667],[-7.5013,54.12672],[-7.50115,54.12673],[-7.50089,54.12666],[-7.50051,54.12653],[-7.50015,54.12642],[-7.49987,54.12631],[-7.4994,54.12617],[-7.49913,54.1261],[-7.49898,54.12607],[-7.49858,54.1261],[-7.49794,54.12614],[-7.49737,54.12616],[-7.49692,54.12617],[-7.49602,54.12612],[-7.49551,54.12603],[-7.4953,54.12593],[-7.49525,54.12589],[-7.49525,54.12581],[-7.49517,54.12571],[-7.49504,54.12559],[-7.49491,54.12545],[-7.49479,54.12534],[-7.49452,54.1252],[-7.49374,54.12489],[-7.493,54.12471],[-7.49277,54.12464],[-7.49272,54.12459],[-7.49269,54.12456],[-7.49268,54.12451],[-7.49268,54.1244],[-7.49267,54.12407],[-7.49262,54.12377],[-7.49256,54.12348],[-7.49252,54.12339],[-7.49242,54.1233],[-7.49228,54.12323],[-7.49209,54.12316],[-7.49177,54.12311],[-7.49147,54.12308],[-7.49117,54.12308],[-7.49085,54.12308],[-7.49011,54.12317],[-7.48913,54.1233],[-7.48851,54.12341],[-7.48816,54.12345],[-7.48789,54.12348],[-7.48753,54.12349],[-7.48708,54.12349],[-7.48665,54.12348],[-7.48608,54.12347],[-7.48553,54.12346],[-7.48527,54.12344],[-7.48462,54.12329],[-7.48408,54.12314],[-7.48329,54.12296],[-7.48284,54.12283],[-7.48228,54.12261],[-7.48164,54.12236],[-7.48133,54.12227],[-7.48094,54.12219],[-7.48066,54.12215],[-7.48045,54.12212],[-7.48014,54.12212],[-7.47978,54.12216],[-7.47958,54.12219],[-7.47915,54.12229],[-7.4789,54.12238],[-7.47865,54.12251],[-7.4784,54.12263],[-7.47795,54.12287],[-7.4766,54.12363],[-7.47645,54.12374],[-7.47624,54.12393],[-7.47613,54.12408],[-7.47605,54.12427],[-7.47604,54.12464],[-7.47598,54.1248],[-7.47591,54.12489],[-7.47574,54.125],[-7.47482,54.12525],[-7.47394,54.12551],[-7.47316,54.12577],[-7.47275,54.12592],[-7.47249,54.12603],[-7.47225,54.12622],[-7.47195,54.12657],[-7.47184,54.12672],[-7.47177,54.12697],[-7.47177,54.12714],[-7.4718,54.12735],[-7.47189,54.12753],[-7.47199,54.12774],[-7.47206,54.12802],[-7.47229,54.12865],[-7.47256,54.12933],[-7.47263,54.12956],[-7.47268,54.12975],[-7.47269,54.13014],[-7.47268,54.13034],[-7.47262,54.13064],[-7.47246,54.13118],[-7.47228,54.13152],[-7.47218,54.13168],[-7.47198,54.13194],[-7.47186,54.13215],[-7.47174,54.13238],[-7.47164,54.13272],[-7.47158,54.13296],[-7.47166,54.13309],[-7.47174,54.13316],[-7.47175,54.13321],[-7.47172,54.13326],[-7.4716,54.13331],[-7.47136,54.13336],[-7.47103,54.13337],[-7.47072,54.13336],[-7.47058,54.1334],[-7.47043,54.13349],[-7.47032,54.13359],[-7.46998,54.13368],[-7.46873,54.13391],[-7.46792,54.13403],[-7.46745,54.13412],[-7.46727,54.13417],[-7.4672,54.13422],[-7.46713,54.13429],[-7.46704,54.13445],[-7.46701,54.13456],[-7.467,54.13477],[-7.46704,54.13503],[-7.46707,54.13513],[-7.46706,54.13531],[-7.467,54.13553],[-7.46689,54.13575],[-7.46676,54.13597],[-7.46661,54.1362],[-7.46645,54.13648],[-7.46636,54.13669],[-7.46634,54.13689],[-7.46639,54.13714],[-7.46647,54.13731],[-7.4671,54.13786],[-7.46758,54.1383],[-7.46782,54.13856],[-7.46794,54.13872],[-7.46799,54.13897],[-7.46806,54.13913],[-7.46835,54.13966],[-7.46852,54.14005],[-7.46865,54.1404],[-7.46867,54.14058],[-7.46864,54.1407],[-7.46854,54.1408],[-7.46837,54.14091],[-7.46821,54.14096],[-7.46801,54.14098],[-7.46752,54.141],[-7.4674,54.14103],[-7.46719,54.14118],[-7.46679,54.14145],[-7.46653,54.14168],[-7.46632,54.14185],[-7.46616,54.14193],[-7.46595,54.14196],[-7.4657,54.1419],[-7.46471,54.14166],[-7.46401,54.14152],[-7.46373,54.14147],[-7.46353,54.14147],[-7.46322,54.1415],[-7.46263,54.14161],[-7.46245,54.14167],[-7.46177,54.14203],[-7.46126,54.14233],[-7.46095,54.14254],[-7.46037,54.1428],[-7.45988,54.14294],[-7.45947,54.14303],[-7.45892,54.14313],[-7.45801,54.14332],[-7.45713,54.14353],[-7.45639,54.14372],[-7.4556,54.14398],[-7.45462,54.14437],[-7.45411,54.14458],[-7.45363,54.1448],[-7.45341,54.14496],[-7.45319,54.14513],[-7.453,54.14537],[-7.45272,54.1458],[-7.4526,54.14608],[-7.45255,54.14626],[-7.45247,54.1467],[-7.45242,54.14694],[-7.4523,54.14721],[-7.45208,54.14754],[-7.45186,54.14771],[-7.44913,54.14951],[-7.44715,54.15083],[-7.44472,54.15241],[-7.44237,54.15393],[-7.43801,54.15339],[-7.43692,54.15328],[-7.43617,54.1532],[-7.43583,54.15316],[-7.43442,54.15283],[-7.43134,54.15207],[-7.42685,54.15472],[-7.42376,54.1546],[-7.42026,54.15448],[-7.41904,54.15448],[-7.41848,54.15451],[-7.41805,54.15456],[-7.4177,54.1546],[-7.41725,54.15469],[-7.4168,54.15481],[-7.41588,54.15516],[-7.41541,54.15539],[-7.41484,54.15574],[-7.41453,54.15591],[-7.41361,54.1561],[-7.41333,54.1561],[-7.41274,54.15608],[-7.41192,54.15603],[-7.41136,54.15601],[-7.41055,54.15609],[-7.40988,54.15621],[-7.4097,54.15626],[-7.40934,54.15623],[-7.40919,54.15621],[-7.40898,54.15611],[-7.40886,54.15602],[-7.40861,54.15573],[-7.40854,54.15564],[-7.40847,54.15545],[-7.40844,54.1553],[-7.40846,54.15513],[-7.40881,54.15364],[-7.40891,54.15312],[-7.40901,54.15293],[-7.40923,54.15267],[-7.40961,54.15226],[-7.40988,54.15196],[-7.41015,54.1516],[-7.41051,54.15103],[-7.41138,54.14962],[-7.41151,54.14936],[-7.41188,54.1488],[-7.4122,54.14844],[-7.41253,54.14815],[-7.41311,54.14771],[-7.4137,54.14724],[-7.4142,54.14681],[-7.41466,54.14654],[-7.41651,54.14595],[-7.41765,54.14553],[-7.41886,54.14493],[-7.42005,54.14433],[-7.42136,54.14373],[-7.4224,54.14322],[-7.42299,54.14286],[-7.42437,54.14185],[-7.42459,54.14168],[-7.42499,54.14125],[-7.42505,54.14115],[-7.42516,54.14088],[-7.42519,54.14075],[-7.42517,54.14066],[-7.42509,54.14045],[-7.42507,54.14041],[-7.42499,54.14034],[-7.42456,54.13992],[-7.42422,54.13964],[-7.42316,54.13882],[-7.42176,54.13773],[-7.42057,54.13697],[-7.42027,54.13677],[-7.42014,54.13673],[-7.41996,54.13668],[-7.41973,54.13664],[-7.41959,54.13664],[-7.41939,54.13664],[-7.41916,54.13666],[-7.41884,54.13673],[-7.41749,54.13713],[-7.41461,54.1382],[-7.41332,54.13872],[-7.4123,54.13902],[-7.40895,54.13974],[-7.40569,54.14038],[-7.40364,54.14079],[-7.40315,54.14089],[-7.40275,54.14092],[-7.40192,54.14095],[-7.40121,54.14097],[-7.40073,54.14095],[-7.40047,54.14093],[-7.40027,54.14089],[-7.39994,54.14081],[-7.39964,54.14068],[-7.39907,54.14037],[-7.39522,54.13793],[-7.39481,54.13768],[-7.39396,54.13728],[-7.39259,54.13686],[-7.39194,54.13677],[-7.39135,54.13673],[-7.39072,54.13675],[-7.39038,54.13675],[-7.39007,54.13679],[-7.3896,54.13688],[-7.389,54.13708],[-7.38832,54.13735],[-7.38801,54.13751],[-7.3876,54.13774],[-7.38731,54.13795],[-7.38681,54.13839],[-7.38602,54.13914],[-7.38553,54.13962],[-7.38475,54.14038],[-7.38413,54.141],[-7.38391,54.1412],[-7.3837,54.1413],[-7.38251,54.1414],[-7.37814,54.14181],[-7.377,54.14191],[-7.37643,54.14195],[-7.37598,54.14196],[-7.37573,54.14195],[-7.37551,54.14193],[-7.3753,54.14187],[-7.37483,54.14168],[-7.37455,54.14155],[-7.37421,54.14135],[-7.37405,54.1412],[-7.37393,54.14101],[-7.37386,54.14086],[-7.37376,54.14059],[-7.37353,54.14031],[-7.3733,54.14011],[-7.37302,54.13982],[-7.37281,54.13958],[-7.37274,54.13941],[-7.37264,54.13917],[-7.37258,54.13884],[-7.37259,54.13862],[-7.37271,54.13837],[-7.37281,54.13824],[-7.37333,54.13781],[-7.37393,54.13746],[-7.37449,54.13714],[-7.37513,54.13683],[-7.37626,54.13643],[-7.37685,54.13624],[-7.37807,54.13598],[-7.38073,54.13529],[-7.38105,54.13516],[-7.38158,54.13495],[-7.38197,54.13473],[-7.38221,54.13459],[-7.38265,54.13425],[-7.38417,54.1331],[-7.38506,54.13247],[-7.38565,54.13209],[-7.38603,54.13183],[-7.38658,54.13139],[-7.38703,54.13105],[-7.39128,54.12802],[-7.39193,54.12751],[-7.39234,54.12711],[-7.39284,54.12662],[-7.39318,54.12624],[-7.39366,54.12554],[-7.39374,54.12537],[-7.39381,54.12508],[-7.39383,54.12441],[-7.39387,54.12371],[-7.39398,54.12335],[-7.3941,54.12299],[-7.39415,54.12269],[-7.39411,54.1226],[-7.39394,54.12238],[-7.39392,54.12228],[-7.39389,54.12224],[-7.39383,54.12218],[-7.39379,54.12216],[-7.39373,54.12208],[-7.39371,54.12199],[-7.39367,54.12193],[-7.39352,54.12184],[-7.39348,54.12181],[-7.39347,54.12173],[-7.39348,54.1217],[-7.39341,54.12164],[-7.39326,54.12148],[-7.39309,54.12126],[-7.39299,54.12118],[-7.39292,54.12108],[-7.39283,54.12092],[-7.39278,54.1208],[-7.39269,54.12066],[-7.39189,54.12019],[-7.391,54.12048],[-7.3908,54.12055],[-7.39023,54.12067],[-7.39015,54.12074],[-7.39004,54.1208],[-7.38979,54.1209],[-7.38944,54.12103],[-7.38928,54.12114],[-7.38916,54.12127],[-7.38915,54.12135],[-7.38904,54.12146],[-7.38888,54.12156],[-7.38877,54.12173],[-7.38868,54.12181],[-7.3886,54.12191],[-7.38852,54.12206],[-7.38846,54.12215],[-7.38835,54.12228],[-7.38832,54.12238],[-7.38828,54.12261],[-7.38825,54.1227],[-7.38673,54.12317],[-7.38656,54.12323],[-7.3861,54.12323],[-7.3854,54.12323],[-7.38494,54.12321],[-7.38468,54.12322],[-7.3843,54.12326],[-7.38354,54.12336],[-7.38302,54.12345],[-7.3816,54.12365],[-7.38126,54.12372],[-7.38098,54.12379],[-7.38062,54.12393],[-7.38006,54.12418],[-7.37961,54.12438],[-7.37936,54.12451],[-7.37907,54.12471],[-7.37855,54.12511],[-7.37823,54.12542],[-7.37778,54.12594],[-7.37714,54.12662],[-7.37627,54.12752],[-7.37555,54.12818],[-7.37521,54.12847],[-7.37504,54.12859],[-7.37488,54.12869],[-7.37189,54.13],[-7.37003,54.13085],[-7.36943,54.13108],[-7.36924,54.13112],[-7.36904,54.13114],[-7.36887,54.13114],[-7.36862,54.13114],[-7.36809,54.13108],[-7.36727,54.13101],[-7.36688,54.13099],[-7.36669,54.13095],[-7.3661,54.13078],[-7.36586,54.13069],[-7.36569,54.13067],[-7.36553,54.13069],[-7.36539,54.13076],[-7.36518,54.13101],[-7.36504,54.13107],[-7.36447,54.13124],[-7.36384,54.13145],[-7.36361,54.13146],[-7.36324,54.13139],[-7.36295,54.1313],[-7.36246,54.13111],[-7.36186,54.13089],[-7.36126,54.13064],[-7.3609,54.13048],[-7.36005,54.13008],[-7.35966,54.12981],[-7.35909,54.12938],[-7.3586,54.12902],[-7.35818,54.12874],[-7.35776,54.12844],[-7.35731,54.128],[-7.35692,54.12767],[-7.35659,54.12745],[-7.3563,54.12736],[-7.35583,54.12727],[-7.35555,54.12721],[-7.35539,54.12716],[-7.35528,54.12708],[-7.35514,54.12701],[-7.355,54.12692],[-7.35493,54.12683],[-7.35482,54.12658],[-7.35484,54.1265],[-7.35483,54.12643],[-7.35472,54.12637],[-7.35442,54.12612],[-7.35426,54.12602],[-7.35414,54.1259],[-7.35399,54.12574],[-7.35296,54.12496],[-7.35181,54.12407],[-7.35162,54.12394],[-7.35145,54.12387],[-7.35115,54.12384],[-7.35091,54.12385],[-7.35053,54.12391],[-7.34982,54.12412],[-7.34972,54.12415],[-7.34962,54.12415],[-7.34954,54.12415],[-7.3495,54.12411],[-7.34945,54.12404],[-7.34941,54.12395],[-7.34938,54.12386],[-7.34932,54.12382],[-7.3492,54.1238],[-7.34904,54.12377],[-7.34893,54.12372],[-7.34882,54.12362],[-7.34879,54.12356],[-7.34881,54.12348],[-7.34881,54.12341],[-7.34873,54.12337],[-7.34861,54.12333],[-7.34854,54.12332],[-7.34842,54.12324],[-7.3484,54.12314],[-7.34836,54.12307],[-7.34823,54.12298],[-7.34811,54.12292],[-7.34804,54.12291],[-7.34795,54.12291],[-7.34786,54.12296],[-7.34777,54.12298],[-7.34771,54.12297],[-7.34767,54.12291],[-7.34759,54.1228],[-7.34754,54.12272],[-7.34747,54.12272],[-7.3473,54.12275],[-7.34721,54.12275],[-7.34712,54.12275],[-7.34708,54.12267],[-7.34706,54.12255],[-7.34701,54.12247],[-7.3469,54.12243],[-7.34677,54.12244],[-7.34653,54.12247],[-7.34641,54.12248],[-7.34636,54.12247],[-7.34633,54.12245],[-7.34636,54.12241],[-7.34637,54.12235],[-7.34635,54.12225],[-7.34618,54.122],[-7.3461,54.12178],[-7.34613,54.12166],[-7.34619,54.1215],[-7.34626,54.12135],[-7.34633,54.12116],[-7.34643,54.12111],[-7.34655,54.12102],[-7.34665,54.12091],[-7.3467,54.12078],[-7.34669,54.12071],[-7.34665,54.12063],[-7.34662,54.12059],[-7.34661,54.12053],[-7.34663,54.12048],[-7.34674,54.12043],[-7.34677,54.1204],[-7.3468,54.12036],[-7.34685,54.12019],[-7.3468,54.12017],[-7.34676,54.12015],[-7.34675,54.12012],[-7.3468,54.12004],[-7.34681,54.11994],[-7.34678,54.11988],[-7.34681,54.11964],[-7.3468,54.11956],[-7.34674,54.11941],[-7.34672,54.11936],[-7.34674,54.11932],[-7.34681,54.11929],[-7.34691,54.11921],[-7.34689,54.11914],[-7.34677,54.11905],[-7.34662,54.11899],[-7.34658,54.11895],[-7.34656,54.11891],[-7.34656,54.11886],[-7.34661,54.11883],[-7.34664,54.11873],[-7.34667,54.11856],[-7.34671,54.11853],[-7.34695,54.11847],[-7.34697,54.11813],[-7.34671,54.11799],[-7.34658,54.11788],[-7.34656,54.11786],[-7.34658,54.11778],[-7.34662,54.11774],[-7.34669,54.11771],[-7.34687,54.11772],[-7.34708,54.11776],[-7.34722,54.11777],[-7.34734,54.11779],[-7.34739,54.11777],[-7.34738,54.1177],[-7.3473,54.1176],[-7.34719,54.11743],[-7.34719,54.11739],[-7.34725,54.11737],[-7.34733,54.11737],[-7.34724,54.1172],[-7.34703,54.11711],[-7.34688,54.11703],[-7.34674,54.11692],[-7.34657,54.11682],[-7.34647,54.11673],[-7.34628,54.1166],[-7.34611,54.1165],[-7.34595,54.11645],[-7.34576,54.11641],[-7.34544,54.11634],[-7.34504,54.11622],[-7.34465,54.11613],[-7.34439,54.11606],[-7.34418,54.116],[-7.34384,54.11597],[-7.34354,54.11593],[-7.34325,54.11593],[-7.34296,54.11594],[-7.34271,54.11599],[-7.34253,54.11602],[-7.34241,54.11602],[-7.34233,54.11604],[-7.3423,54.11609],[-7.34228,54.11613],[-7.34222,54.11615],[-7.34215,54.11619],[-7.34211,54.11626],[-7.34205,54.11633],[-7.34202,54.11634],[-7.34197,54.11641],[-7.34196,54.11647],[-7.3419,54.11655],[-7.3418,54.11663],[-7.34169,54.11678],[-7.34163,54.11692],[-7.34158,54.11701],[-7.34153,54.11704],[-7.34146,54.11708],[-7.34136,54.11722],[-7.341,54.11751],[-7.34059,54.11788],[-7.34004,54.11767],[-7.33932,54.11739],[-7.33875,54.11715],[-7.33849,54.11705],[-7.3383,54.11691],[-7.3382,54.11684],[-7.33804,54.11679],[-7.33761,54.11669],[-7.33748,54.11668],[-7.33695,54.11666],[-7.33631,54.11673],[-7.33614,54.11675],[-7.33606,54.11674],[-7.33601,54.11678],[-7.33596,54.11681],[-7.33561,54.11697],[-7.33509,54.11723],[-7.33412,54.12047],[-7.33379,54.12055],[-7.33349,54.12063],[-7.3333,54.12069],[-7.33309,54.12079],[-7.33285,54.12088],[-7.33266,54.12095],[-7.33234,54.12112],[-7.33202,54.12127],[-7.33168,54.12152],[-7.3311,54.12181],[-7.33085,54.12192],[-7.33052,54.12204],[-7.33003,54.12219],[-7.32951,54.12238],[-7.32881,54.12269],[-7.32863,54.12281],[-7.32827,54.12316],[-7.32803,54.12343],[-7.32782,54.12364],[-7.32767,54.12379],[-7.32744,54.12409],[-7.32732,54.12427],[-7.32726,54.1244],[-7.32719,54.1245],[-7.32705,54.12459],[-7.32666,54.12437],[-7.32535,54.12374],[-7.32504,54.12362],[-7.32486,54.12355],[-7.32466,54.12346],[-7.32456,54.1234],[-7.32452,54.12332],[-7.32452,54.12301],[-7.3245,54.12292],[-7.32442,54.1228],[-7.32429,54.1227],[-7.32414,54.12264],[-7.32384,54.12257],[-7.32345,54.12248],[-7.32334,54.12244],[-7.32325,54.12235],[-7.3232,54.12226],[-7.3232,54.12218],[-7.32323,54.122],[-7.32337,54.12175],[-7.32349,54.12157],[-7.32375,54.12138],[-7.32392,54.1213],[-7.32401,54.12127],[-7.32437,54.12121],[-7.32452,54.12117],[-7.32459,54.12112],[-7.32466,54.12104],[-7.32471,54.12091],[-7.32468,54.12078],[-7.32458,54.12048],[-7.32438,54.11997],[-7.32427,54.11952],[-7.32421,54.11937],[-7.32409,54.11923],[-7.32403,54.11911],[-7.32397,54.11891],[-7.32396,54.11873],[-7.32401,54.1185],[-7.32413,54.11825],[-7.32425,54.11797],[-7.32424,54.11783],[-7.32414,54.11772],[-7.32384,54.11751],[-7.3236,54.11738],[-7.32329,54.11736],[-7.32292,54.11732],[-7.32286,54.11732],[-7.32276,54.11735],[-7.32267,54.11742],[-7.32257,54.11744],[-7.32247,54.11743],[-7.32222,54.11736],[-7.32215,54.11734],[-7.3221,54.1173],[-7.32166,54.11667],[-7.32158,54.1165],[-7.32152,54.11635],[-7.32154,54.11608],[-7.32154,54.11572],[-7.32152,54.11543],[-7.3215,54.11518],[-7.32146,54.11505],[-7.32139,54.11493],[-7.32123,54.11477],[-7.32103,54.11465],[-7.32082,54.11457],[-7.32053,54.11448],[-7.32022,54.11441],[-7.32011,54.11435],[-7.31997,54.11424],[-7.31987,54.11412],[-7.31984,54.11402],[-7.31988,54.11383],[-7.3199,54.11368],[-7.31983,54.11353],[-7.31976,54.11347],[-7.31963,54.1134],[-7.31947,54.11333],[-7.31932,54.11332],[-7.31911,54.11332],[-7.31887,54.11333],[-7.3187,54.11337],[-7.31843,54.11348],[-7.31815,54.11366],[-7.31782,54.1139],[-7.3177,54.11403],[-7.31765,54.11416],[-7.31763,54.11431],[-7.31758,54.11443],[-7.31746,54.11456],[-7.31726,54.11466],[-7.31689,54.1148],[-7.31645,54.11495],[-7.31614,54.11502],[-7.31592,54.11505],[-7.31564,54.11507],[-7.31528,54.11509],[-7.3149,54.1151],[-7.3147,54.11511],[-7.31448,54.11514],[-7.31428,54.11518],[-7.31413,54.11524],[-7.31398,54.11537],[-7.31396,54.11548],[-7.31401,54.11564],[-7.31413,54.11581],[-7.31425,54.116],[-7.31427,54.11608],[-7.31427,54.11616],[-7.31423,54.11625],[-7.31416,54.11631],[-7.31402,54.1164],[-7.31377,54.11651],[-7.31348,54.11659],[-7.31315,54.11664],[-7.31265,54.11667],[-7.3123,54.11669],[-7.31208,54.1167],[-7.31184,54.11674],[-7.31151,54.11685],[-7.31089,54.11714],[-7.31065,54.11726],[-7.31037,54.11732],[-7.31013,54.11733],[-7.30974,54.11727],[-7.30937,54.11719],[-7.309,54.11713],[-7.30874,54.11708],[-7.30859,54.11706],[-7.30842,54.11707],[-7.30818,54.11711],[-7.30795,54.11723],[-7.30771,54.11738],[-7.30739,54.11767],[-7.30733,54.11783],[-7.30732,54.11802],[-7.30731,54.11816],[-7.30723,54.11833],[-7.30708,54.11853],[-7.307,54.11861],[-7.30676,54.11875],[-7.30713,54.11895],[-7.30704,54.11899],[-7.30677,54.11904],[-7.30647,54.11905],[-7.30622,54.11904],[-7.30615,54.11907],[-7.30604,54.11916],[-7.30592,54.11936],[-7.30584,54.11973],[-7.30579,54.12024],[-7.30576,54.12066],[-7.30573,54.12088],[-7.30567,54.12111],[-7.30564,54.12153],[-7.3056,54.12191],[-7.30567,54.12237],[-7.30566,54.1227],[-7.30564,54.12293],[-7.30562,54.12304],[-7.3056,54.12312],[-7.30554,54.12318],[-7.30532,54.12335],[-7.30569,54.12354],[-7.30593,54.1237],[-7.30652,54.12397],[-7.30671,54.12403],[-7.30711,54.1241],[-7.30749,54.12419],[-7.30787,54.12435],[-7.30841,54.1245],[-7.30888,54.12464],[-7.30924,54.12477],[-7.30971,54.12489],[-7.30992,54.12495],[-7.31008,54.12501],[-7.311,54.12529],[-7.31208,54.12558],[-7.31288,54.12582],[-7.31341,54.12603],[-7.31385,54.12616],[-7.31557,54.12673],[-7.31605,54.12694],[-7.31595,54.12712],[-7.31608,54.12719],[-7.31534,54.12805],[-7.31468,54.12877],[-7.3141,54.12945],[-7.31355,54.13008],[-7.31338,54.13023],[-7.3133,54.13031],[-7.31324,54.1304],[-7.31297,54.1307],[-7.31281,54.13086],[-7.31275,54.13088],[-7.31269,54.13097],[-7.31201,54.13174],[-7.31366,54.13236],[-7.31427,54.13257],[-7.31536,54.1329],[-7.31587,54.13307],[-7.31626,54.13319],[-7.3166,54.13329],[-7.31694,54.13343],[-7.31705,54.13349],[-7.31719,54.13352],[-7.31742,54.13364],[-7.31751,54.13367],[-7.3178,54.13382],[-7.31798,54.13395],[-7.31817,54.13408],[-7.31833,54.13416],[-7.31845,54.13425],[-7.31858,54.13435],[-7.31868,54.1344],[-7.31869,54.13443],[-7.31869,54.1345],[-7.31871,54.13456],[-7.31872,54.13463],[-7.31863,54.13468],[-7.3186,54.13475],[-7.31859,54.13507],[-7.31861,54.13539],[-7.3187,54.13632],[-7.31874,54.13683],[-7.31874,54.13696],[-7.31865,54.13744],[-7.31949,54.13789],[-7.31981,54.13794],[-7.32084,54.13799],[-7.3216,54.13801],[-7.32183,54.13803],[-7.32215,54.13805],[-7.32316,54.1376],[-7.32399,54.13722],[-7.32452,54.13695],[-7.32542,54.13647],[-7.3257,54.1363],[-7.32641,54.1358],[-7.32722,54.13516],[-7.32751,54.13526],[-7.32779,54.13543],[-7.32789,54.13552],[-7.32799,54.13561],[-7.32812,54.13571],[-7.32828,54.13593],[-7.32845,54.13597],[-7.32859,54.13608],[-7.32872,54.1362],[-7.32881,54.13626],[-7.32886,54.13635],[-7.32899,54.13655],[-7.32907,54.13669],[-7.32909,54.13681],[-7.32921,54.13699],[-7.32939,54.1372],[-7.32946,54.13736],[-7.32959,54.1377],[-7.32976,54.13797],[-7.32992,54.13824],[-7.33009,54.13844],[-7.33018,54.13859],[-7.33043,54.139],[-7.33079,54.13961],[-7.33011,54.1405],[-7.32968,54.14103],[-7.33055,54.14155],[-7.33146,54.1422],[-7.33214,54.1427],[-7.33254,54.14297],[-7.33273,54.14318],[-7.33291,54.14333],[-7.33312,54.14348],[-7.33379,54.14373],[-7.33428,54.14386],[-7.33479,54.14397],[-7.33523,54.14406],[-7.33557,54.14413],[-7.33593,54.14416],[-7.33625,54.1442],[-7.33652,54.14424],[-7.33684,54.14426],[-7.33697,54.14425],[-7.33732,54.14425],[-7.33866,54.14424],[-7.33887,54.14468],[-7.33897,54.14494],[-7.33916,54.14532],[-7.33931,54.14572],[-7.33939,54.14615],[-7.33947,54.14647],[-7.33949,54.14666],[-7.33947,54.14679],[-7.33945,54.14683],[-7.33842,54.1474],[-7.33833,54.14744],[-7.33826,54.14746],[-7.33817,54.14747],[-7.33811,54.14746],[-7.33799,54.14752],[-7.33719,54.14771],[-7.33694,54.14771],[-7.33576,54.14789],[-7.33491,54.14799],[-7.33436,54.14806],[-7.33398,54.14807],[-7.33376,54.14809],[-7.33357,54.14812],[-7.33328,54.14822],[-7.33241,54.14856],[-7.33058,54.14942],[-7.32992,54.14975],[-7.32973,54.14987],[-7.32961,54.14993],[-7.32942,54.15],[-7.32907,54.15011],[-7.32878,54.15022],[-7.32855,54.15033],[-7.3284,54.15043],[-7.3281,54.15057],[-7.32761,54.15076],[-7.32698,54.15106],[-7.32668,54.15119],[-7.32646,54.15129],[-7.32622,54.15143],[-7.32601,54.15161],[-7.32548,54.15211],[-7.32534,54.15228],[-7.32522,54.15263],[-7.32503,54.15317],[-7.32512,54.15321],[-7.32503,54.15332],[-7.32424,54.154],[-7.32394,54.15424],[-7.3237,54.15444],[-7.32349,54.15465],[-7.32339,54.15474],[-7.32319,54.15497],[-7.32294,54.15512],[-7.32284,54.15517],[-7.32269,54.15522],[-7.32254,54.15532],[-7.32241,54.15538],[-7.3223,54.15544],[-7.32212,54.15546],[-7.32173,54.15569],[-7.32144,54.15592],[-7.32126,54.15606],[-7.32107,54.15622],[-7.321,54.15628],[-7.32072,54.15638],[-7.3205,54.15644],[-7.32031,54.15655],[-7.32018,54.15665],[-7.32005,54.15673],[-7.31992,54.15682],[-7.31977,54.15685],[-7.31963,54.1569],[-7.31952,54.15697],[-7.31928,54.15709],[-7.31902,54.15717],[-7.31885,54.15726],[-7.31879,54.15734],[-7.31866,54.15752],[-7.3186,54.15759],[-7.31862,54.15782],[-7.31865,54.15795],[-7.31894,54.15828],[-7.31909,54.15845],[-7.31919,54.15855],[-7.31936,54.15862],[-7.31948,54.15869],[-7.3196,54.1588],[-7.31979,54.15892],[-7.31994,54.15915],[-7.3201,54.15935],[-7.31998,54.15941],[-7.31987,54.15947],[-7.31982,54.15952],[-7.31972,54.15955],[-7.3196,54.1596],[-7.31953,54.15966],[-7.31948,54.15969],[-7.31945,54.1597],[-7.31909,54.1596],[-7.31901,54.15959],[-7.3189,54.15963],[-7.31866,54.15973],[-7.31826,54.15973],[-7.31809,54.15976],[-7.31799,54.15978],[-7.31786,54.15979],[-7.31776,54.15977],[-7.31768,54.15978],[-7.31765,54.15982],[-7.31766,54.15989],[-7.31766,54.15996],[-7.31763,54.16],[-7.31752,54.16008],[-7.31746,54.16012],[-7.31755,54.16016],[-7.31767,54.16018],[-7.3178,54.16022],[-7.31789,54.16033],[-7.31791,54.16042],[-7.31796,54.16049],[-7.31795,54.16053],[-7.31789,54.16062],[-7.31675,54.16125],[-7.31627,54.16154],[-7.31595,54.16177],[-7.31535,54.1621],[-7.31523,54.16217],[-7.31516,54.16224],[-7.31492,54.16239],[-7.31465,54.16257],[-7.31458,54.16264],[-7.31454,54.16271],[-7.31446,54.16277],[-7.31431,54.16281],[-7.31415,54.16285],[-7.31408,54.16293],[-7.31393,54.16306],[-7.31373,54.16319],[-7.3137,54.16326],[-7.31372,54.16335],[-7.31388,54.16364],[-7.31394,54.16378],[-7.31395,54.16383],[-7.31395,54.16387],[-7.31393,54.16391],[-7.31386,54.16395],[-7.31376,54.16395],[-7.31364,54.164],[-7.31352,54.16409],[-7.31345,54.16418],[-7.31313,54.16442],[-7.31302,54.16446],[-7.31288,54.16446],[-7.31262,54.16442],[-7.31234,54.16441],[-7.3121,54.16438],[-7.31195,54.16437],[-7.31184,54.16437],[-7.31176,54.16438],[-7.31164,54.16443],[-7.31157,54.16448],[-7.31144,54.16466],[-7.31137,54.16479],[-7.31126,54.16494],[-7.31088,54.16531],[-7.31078,54.16542],[-7.31075,54.16552],[-7.31071,54.1656],[-7.31065,54.16576],[-7.31061,54.16592],[-7.31059,54.16608],[-7.31054,54.16628],[-7.31052,54.16641],[-7.31046,54.16651],[-7.31044,54.16664],[-7.31041,54.16682],[-7.31038,54.16692],[-7.31031,54.1671],[-7.31026,54.16717],[-7.31024,54.16728],[-7.31022,54.1673],[-7.31017,54.16732],[-7.31005,54.1673],[-7.30981,54.16729],[-7.30957,54.16729],[-7.30934,54.16733],[-7.30911,54.16734],[-7.30903,54.16733],[-7.30891,54.16728],[-7.30869,54.16723],[-7.30839,54.16718],[-7.30819,54.16718],[-7.30807,54.16717],[-7.30787,54.16717],[-7.30765,54.16723],[-7.30753,54.1673],[-7.30746,54.16737],[-7.30738,54.16742],[-7.30697,54.16749],[-7.30676,54.16755],[-7.30667,54.16755],[-7.30654,54.16752],[-7.30644,54.16751],[-7.30635,54.16747],[-7.30619,54.16745],[-7.3061,54.16744],[-7.30598,54.16744],[-7.30584,54.16742],[-7.30574,54.16737],[-7.30564,54.1673],[-7.30555,54.16722],[-7.30524,54.16706],[-7.30487,54.16692],[-7.30476,54.16689],[-7.30465,54.16684],[-7.3045,54.1668],[-7.30435,54.16678],[-7.30414,54.16681],[-7.30382,54.16684],[-7.30351,54.16686],[-7.30307,54.16684],[-7.30281,54.16684],[-7.30268,54.16681],[-7.30261,54.16678],[-7.30252,54.16675],[-7.30233,54.16657],[-7.30223,54.16645],[-7.30216,54.1664],[-7.30207,54.16635],[-7.30196,54.16631],[-7.30184,54.16627],[-7.30165,54.16622],[-7.30126,54.1662],[-7.30078,54.16616],[-7.30041,54.16614],[-7.30034,54.16616],[-7.3001,54.16627],[-7.29881,54.16691],[-7.29831,54.1672],[-7.29774,54.16751],[-7.29622,54.16829],[-7.29521,54.16877],[-7.29373,54.16942],[-7.29338,54.16958],[-7.29315,54.16971],[-7.29291,54.16985],[-7.29262,54.17008],[-7.2923,54.17033],[-7.29211,54.17047],[-7.29197,54.17059],[-7.29188,54.17078],[-7.29181,54.171],[-7.29133,54.17195],[-7.28884,54.17103],[-7.28835,54.17081],[-7.28761,54.1705],[-7.28704,54.17025],[-7.28663,54.17005],[-7.28604,54.16973],[-7.28553,54.16939],[-7.28523,54.16922],[-7.28508,54.1691],[-7.28443,54.16892],[-7.28397,54.16878],[-7.28311,54.16856],[-7.28295,54.16851],[-7.28282,54.16848],[-7.28269,54.16848],[-7.28253,54.16845],[-7.28198,54.16828],[-7.28181,54.16822],[-7.28151,54.16816],[-7.2813,54.16807],[-7.28106,54.168],[-7.28063,54.1679],[-7.28037,54.16782],[-7.2801,54.16775],[-7.27977,54.16764],[-7.28204,54.16433],[-7.28315,54.16291],[-7.28375,54.16184],[-7.28388,54.16146],[-7.28396,54.16115],[-7.28397,54.16098],[-7.28399,54.16024],[-7.28403,54.16008],[-7.28413,54.15988],[-7.28435,54.15949],[-7.28459,54.15922],[-7.28482,54.15901],[-7.28522,54.15862],[-7.28539,54.15841],[-7.28561,54.15812],[-7.28581,54.15785],[-7.2851,54.15612],[-7.28492,54.15575],[-7.28444,54.15459],[-7.28471,54.15444],[-7.28434,54.15416],[-7.2838,54.15386],[-7.28519,54.15291],[-7.28527,54.15283],[-7.28531,54.15278],[-7.2852,54.15267],[-7.28516,54.1526],[-7.28577,54.15234],[-7.28655,54.15196],[-7.28632,54.15177],[-7.28694,54.15148],[-7.28726,54.15127],[-7.28751,54.15103],[-7.28796,54.15068],[-7.28846,54.15031],[-7.28989,54.14921],[-7.2935,54.14923],[-7.29637,54.14919],[-7.29713,54.14918],[-7.29757,54.14922],[-7.29887,54.1493],[-7.29927,54.14832],[-7.29968,54.14736],[-7.29987,54.14694],[-7.3005,54.1458],[-7.30059,54.1456],[-7.30065,54.14543],[-7.30079,54.14522],[-7.301,54.14484],[-7.30117,54.14457],[-7.3013,54.14438],[-7.30128,54.14398],[-7.30089,54.14388],[-7.29968,54.14353],[-7.29829,54.1431],[-7.29677,54.14265],[-7.29612,54.14245],[-7.29576,54.14231],[-7.29534,54.14221],[-7.29489,54.14215],[-7.29368,54.14188],[-7.29122,54.14119],[-7.28974,54.14079],[-7.28864,54.14056],[-7.28714,54.14028],[-7.28578,54.14006],[-7.28415,54.13976],[-7.28434,54.1394],[-7.28469,54.1385],[-7.28487,54.13798],[-7.28507,54.13745],[-7.28523,54.13696],[-7.28531,54.13667],[-7.28533,54.13654],[-7.28538,54.13643],[-7.28551,54.1363],[-7.2858,54.13608],[-7.28597,54.13596],[-7.28629,54.13579],[-7.28666,54.13558],[-7.287,54.13536],[-7.2873,54.13516],[-7.28765,54.13489],[-7.288,54.13459],[-7.28843,54.13421],[-7.28927,54.13345],[-7.28951,54.13321],[-7.28996,54.13279],[-7.29013,54.13262],[-7.29024,54.1325],[-7.29037,54.13238],[-7.29043,54.13231],[-7.29054,54.13214],[-7.29063,54.132],[-7.29076,54.13185],[-7.29095,54.13161],[-7.29122,54.13123],[-7.29146,54.13108],[-7.29178,54.1309],[-7.29234,54.13071],[-7.29267,54.13059],[-7.29288,54.13073],[-7.29306,54.13083],[-7.29322,54.13095],[-7.29333,54.1311],[-7.29374,54.13136],[-7.2941,54.13151],[-7.29443,54.13166],[-7.29459,54.13168],[-7.29477,54.13167],[-7.29501,54.13162],[-7.29526,54.13152],[-7.29574,54.13127],[-7.29597,54.1312],[-7.29616,54.1314],[-7.29628,54.13166],[-7.29653,54.132],[-7.29672,54.13224],[-7.29688,54.13243],[-7.29701,54.13256],[-7.29711,54.13276],[-7.29739,54.13316],[-7.29762,54.13347],[-7.29779,54.13362],[-7.29806,54.13374],[-7.29857,54.1338],[-7.29901,54.13381],[-7.2994,54.1338],[-7.29989,54.13376],[-7.30022,54.1337],[-7.30041,54.13366],[-7.30066,54.13354],[-7.30101,54.13333],[-7.30128,54.1332],[-7.30163,54.13308],[-7.30187,54.13297],[-7.30268,54.13279],[-7.30307,54.13276],[-7.30385,54.13279],[-7.30434,54.13278],[-7.30475,54.13273],[-7.30525,54.13266],[-7.30635,54.13253],[-7.30728,54.13239],[-7.30825,54.13225],[-7.30892,54.13213],[-7.30851,54.1317],[-7.30845,54.13161],[-7.30834,54.13149],[-7.30822,54.13139],[-7.30803,54.13117],[-7.30778,54.13082],[-7.30757,54.13057],[-7.30728,54.13027],[-7.30731,54.13024],[-7.30703,54.12994],[-7.30675,54.12957],[-7.30669,54.12956],[-7.30664,54.12951],[-7.30656,54.12939],[-7.30645,54.12917],[-7.30602,54.12853],[-7.30586,54.12834],[-7.30572,54.12816],[-7.30549,54.12804],[-7.30514,54.12797],[-7.30493,54.12792],[-7.30476,54.12787],[-7.3045,54.12773],[-7.30417,54.12756],[-7.30393,54.1274],[-7.3037,54.12718],[-7.30347,54.12688],[-7.30316,54.12666],[-7.30304,54.12656],[-7.30332,54.12641],[-7.30353,54.12625],[-7.30361,54.12612],[-7.30368,54.12596],[-7.30373,54.1258],[-7.30374,54.12484],[-7.30365,54.12449],[-7.30356,54.12422],[-7.30356,54.12415],[-7.30355,54.12402],[-7.30357,54.12397],[-7.30362,54.12393],[-7.3037,54.12387],[-7.30374,54.12384],[-7.30375,54.12379],[-7.3037,54.12366],[-7.30367,54.12324],[-7.30362,54.12304],[-7.30354,54.12291],[-7.30339,54.12276],[-7.30286,54.12242],[-7.30238,54.12216],[-7.30206,54.12201],[-7.30161,54.12186],[-7.3012,54.12169],[-7.30054,54.12145],[-7.3004,54.12145],[-7.30025,54.12141],[-7.29983,54.1213],[-7.29942,54.12117],[-7.29838,54.12076],[-7.29804,54.12062],[-7.29749,54.12051],[-7.29703,54.12048],[-7.29651,54.12047],[-7.29615,54.12048],[-7.29614,54.12052],[-7.29592,54.12051],[-7.29581,54.12053],[-7.2957,54.12054],[-7.29557,54.12054],[-7.29539,54.12057],[-7.29531,54.12056],[-7.29511,54.1205],[-7.29405,54.11998],[-7.29308,54.11956],[-7.29251,54.1193],[-7.29189,54.11909],[-7.28995,54.11983],[-7.2899,54.11991],[-7.28979,54.12002],[-7.28965,54.12018],[-7.28949,54.12035],[-7.28937,54.12057],[-7.28885,54.12083],[-7.28814,54.12117],[-7.28793,54.12126],[-7.2877,54.12131],[-7.28736,54.12136],[-7.28711,54.12139],[-7.28696,54.12139],[-7.28689,54.12139],[-7.28681,54.12137],[-7.28662,54.1214],[-7.28638,54.12142],[-7.28594,54.12149],[-7.28534,54.12184],[-7.28505,54.12208],[-7.28465,54.12238],[-7.2844,54.12257],[-7.28414,54.12271],[-7.28381,54.12282],[-7.28349,54.12286],[-7.2832,54.12285],[-7.28247,54.12275],[-7.28186,54.12261],[-7.28067,54.12237],[-7.28025,54.12231],[-7.27977,54.12237],[-7.27959,54.12237],[-7.27941,54.12241],[-7.27911,54.12256],[-7.27858,54.12289],[-7.278,54.12327],[-7.2785,54.12383],[-7.27857,54.12394],[-7.27861,54.12404],[-7.2786,54.12411],[-7.27857,54.1242],[-7.27863,54.12427],[-7.27872,54.12432],[-7.27891,54.12439],[-7.27914,54.12451],[-7.27921,54.12457],[-7.27927,54.12476],[-7.27935,54.12492],[-7.27943,54.12507],[-7.27947,54.12517],[-7.27945,54.12527],[-7.27945,54.12536],[-7.27949,54.12547],[-7.27951,54.12557],[-7.27946,54.12589],[-7.27946,54.126],[-7.27949,54.1261],[-7.27955,54.12622],[-7.27954,54.12633],[-7.27951,54.12646],[-7.27945,54.1266],[-7.27938,54.12677],[-7.27933,54.12692],[-7.27921,54.12713],[-7.27911,54.12733],[-7.27903,54.12755],[-7.27894,54.12764],[-7.27878,54.12786],[-7.27871,54.12804],[-7.27864,54.12818],[-7.27854,54.12827],[-7.27853,54.12834],[-7.27853,54.12842],[-7.27848,54.12846],[-7.27841,54.12852],[-7.27837,54.1286],[-7.27831,54.12868],[-7.27826,54.12871],[-7.27818,54.12872],[-7.27809,54.12874],[-7.27803,54.12879],[-7.27796,54.12914],[-7.27791,54.1292],[-7.27778,54.12929],[-7.27771,54.12936],[-7.27759,54.12958],[-7.27751,54.12967],[-7.27736,54.12974],[-7.27701,54.12989],[-7.27666,54.12996],[-7.27638,54.13003],[-7.27626,54.1301],[-7.27617,54.13021],[-7.27615,54.13029],[-7.27611,54.13032],[-7.27587,54.13036],[-7.27575,54.1304],[-7.27567,54.13044],[-7.27562,54.1305],[-7.27559,54.13062],[-7.27567,54.13077],[-7.27569,54.13094],[-7.27563,54.13104],[-7.27517,54.13145],[-7.27468,54.13173],[-7.27442,54.13195],[-7.27427,54.13211],[-7.27407,54.13231],[-7.27384,54.13247],[-7.27374,54.13251],[-7.27352,54.13257],[-7.27335,54.13261],[-7.27316,54.13269],[-7.27281,54.13285],[-7.27249,54.13304],[-7.27226,54.13323],[-7.27206,54.1334],[-7.2719,54.13348],[-7.27152,54.1336],[-7.27094,54.13384],[-7.27048,54.13405],[-7.27017,54.1342],[-7.26988,54.1344],[-7.26951,54.13472],[-7.26934,54.13487],[-7.26926,54.13501],[-7.26921,54.13515],[-7.26911,54.13529],[-7.26894,54.1354],[-7.26853,54.13557],[-7.26802,54.13567],[-7.26762,54.13577],[-7.26696,54.13597],[-7.26647,54.1361],[-7.26625,54.13613],[-7.2661,54.13616],[-7.26598,54.13622],[-7.26578,54.13628],[-7.26554,54.13634],[-7.26536,54.13639],[-7.26517,54.13654],[-7.26492,54.13669],[-7.26472,54.13676],[-7.26381,54.13696],[-7.26349,54.13706],[-7.26311,54.13727],[-7.26289,54.13746],[-7.2628,54.13764],[-7.26276,54.13795],[-7.26276,54.13834],[-7.26285,54.139],[-7.26292,54.13968],[-7.26289,54.13993],[-7.26292,54.14012],[-7.26286,54.14037],[-7.26269,54.14052],[-7.26241,54.14066],[-7.26207,54.14085],[-7.26198,54.14096],[-7.26191,54.14106],[-7.2619,54.14119],[-7.26206,54.14182],[-7.26212,54.14198],[-7.26221,54.14213],[-7.26235,54.14227],[-7.26292,54.14273],[-7.2631,54.14287],[-7.26333,54.14296],[-7.26349,54.14305],[-7.26369,54.14323],[-7.26377,54.14337],[-7.2638,54.14351],[-7.2638,54.14364],[-7.26372,54.14376],[-7.26367,54.14393],[-7.26358,54.14422],[-7.26358,54.14441],[-7.26361,54.14454],[-7.26369,54.14475],[-7.26375,54.14486],[-7.26386,54.14496],[-7.26394,54.14509],[-7.26391,54.14529],[-7.2638,54.14549],[-7.26353,54.14571],[-7.26329,54.14596],[-7.26291,54.14645],[-7.26259,54.14681],[-7.26238,54.14699],[-7.26223,54.14717],[-7.26207,54.14731],[-7.26173,54.14744],[-7.26105,54.14766],[-7.26053,54.14781],[-7.25955,54.14805],[-7.25907,54.14816],[-7.25867,54.14819],[-7.25824,54.1482],[-7.25772,54.14816],[-7.2568,54.14816],[-7.25682,54.14822],[-7.25687,54.14827],[-7.25699,54.1483],[-7.25714,54.14838],[-7.25726,54.14846],[-7.25725,54.1485],[-7.25721,54.14853],[-7.25689,54.14859],[-7.25687,54.14862],[-7.25686,54.14867],[-7.25689,54.14872],[-7.25691,54.14884],[-7.25692,54.14897],[-7.25696,54.14905],[-7.25717,54.1491],[-7.25762,54.14914],[-7.25779,54.14912],[-7.25791,54.14903],[-7.25808,54.14889],[-7.25822,54.14884],[-7.2584,54.14885],[-7.25861,54.14897],[-7.25873,54.14906],[-7.25879,54.14912],[-7.25882,54.14918],[-7.2588,54.14924],[-7.25875,54.14928],[-7.25862,54.14935],[-7.25847,54.14945],[-7.2584,54.14954],[-7.2584,54.14961],[-7.25845,54.14973],[-7.25855,54.14983],[-7.25865,54.14988],[-7.25868,54.15],[-7.25858,54.15012],[-7.25848,54.15027],[-7.25842,54.15037],[-7.25841,54.15046],[-7.25842,54.1505],[-7.2585,54.15056],[-7.25863,54.15061],[-7.25875,54.15068],[-7.25886,54.15074],[-7.25898,54.15078],[-7.25905,54.15085],[-7.25909,54.15089],[-7.25911,54.15094],[-7.25911,54.15104],[-7.25908,54.15111],[-7.25904,54.15116],[-7.25895,54.15119],[-7.25856,54.15128],[-7.25844,54.15136],[-7.25837,54.15142],[-7.25831,54.15151],[-7.25837,54.15161],[-7.25845,54.15164],[-7.2586,54.15164],[-7.25881,54.15162],[-7.25899,54.15162],[-7.25913,54.15165],[-7.25921,54.1517],[-7.25925,54.15173],[-7.25925,54.15177],[-7.25923,54.15183],[-7.25921,54.15184],[-7.259,54.15187],[-7.25871,54.15193],[-7.25857,54.152],[-7.25848,54.15209],[-7.25844,54.15218],[-7.25845,54.15227],[-7.2585,54.15237],[-7.25858,54.1525],[-7.2586,54.1526],[-7.25857,54.15273],[-7.25851,54.15282],[-7.2584,54.1529],[-7.25821,54.15301],[-7.25804,54.15309],[-7.25793,54.15315],[-7.25785,54.15322],[-7.25785,54.15332],[-7.25792,54.15339],[-7.25805,54.15349],[-7.25818,54.15363],[-7.25821,54.15367],[-7.25821,54.15371],[-7.25818,54.15377],[-7.25809,54.1538],[-7.25802,54.1538],[-7.2579,54.15377],[-7.25777,54.15373],[-7.25764,54.1537],[-7.2575,54.15371],[-7.25744,54.1538],[-7.25745,54.15388],[-7.25744,54.15396],[-7.25735,54.15406],[-7.25722,54.15414],[-7.25717,54.15421],[-7.25711,54.15434],[-7.2571,54.15446],[-7.25703,54.15457],[-7.25689,54.15468],[-7.25669,54.15479],[-7.25648,54.15486],[-7.25634,54.15487],[-7.25621,54.15483],[-7.25587,54.15465],[-7.25564,54.15456],[-7.25545,54.15452],[-7.25534,54.15452],[-7.25515,54.15456],[-7.25505,54.15464],[-7.25501,54.15479],[-7.25492,54.15488],[-7.25481,54.15495],[-7.25468,54.15499],[-7.25439,54.15499],[-7.25417,54.15496],[-7.25396,54.15497],[-7.25377,54.15501],[-7.25358,54.15508],[-7.25352,54.1552],[-7.25344,54.15531],[-7.25334,54.15538],[-7.25316,54.15542],[-7.25296,54.15544],[-7.25272,54.15552],[-7.2526,54.15558],[-7.25247,54.15567],[-7.25248,54.15573],[-7.25253,54.15583],[-7.25263,54.15588],[-7.25286,54.15597],[-7.25296,54.15602],[-7.25302,54.15606],[-7.25304,54.1561],[-7.25302,54.15615],[-7.25296,54.15622],[-7.25286,54.15627],[-7.25275,54.15635],[-7.25269,54.15646],[-7.2527,54.15661],[-7.25276,54.15675],[-7.25293,54.15687],[-7.25308,54.15703],[-7.25331,54.15747],[-7.25335,54.15764],[-7.25333,54.15783],[-7.25317,54.15802],[-7.25291,54.15831],[-7.25283,54.15843],[-7.2528,54.15852],[-7.2528,54.1586],[-7.25283,54.15867],[-7.25293,54.15871],[-7.253,54.15875],[-7.25309,54.15873],[-7.25323,54.15869],[-7.25337,54.15868],[-7.25349,54.15869],[-7.25359,54.15871],[-7.25365,54.15874],[-7.25366,54.15878],[-7.2536,54.15887],[-7.25359,54.15892],[-7.25362,54.15898],[-7.25387,54.15914],[-7.25403,54.15923],[-7.25423,54.15929],[-7.25447,54.15942],[-7.25458,54.15955],[-7.25469,54.15963],[-7.2548,54.15964],[-7.25505,54.15965],[-7.25527,54.15962],[-7.25532,54.15957],[-7.2554,54.15946],[-7.25549,54.15939],[-7.25564,54.15932],[-7.25577,54.1593],[-7.25597,54.15932],[-7.25619,54.15939],[-7.25674,54.15954],[-7.25707,54.15963],[-7.25742,54.15981],[-7.25769,54.15997],[-7.25778,54.16014],[-7.25781,54.1603],[-7.2579,54.16053],[-7.25797,54.16061],[-7.25817,54.16071],[-7.25841,54.16079],[-7.25847,54.16082],[-7.25853,54.16095],[-7.2585,54.16117],[-7.25844,54.16128],[-7.25841,54.16138],[-7.25838,54.16153],[-7.25845,54.16174],[-7.25851,54.16186],[-7.25852,54.16191],[-7.25849,54.16215],[-7.2594,54.16244],[-7.25949,54.16251],[-7.25959,54.16267],[-7.25956,54.16275],[-7.25924,54.16281],[-7.25877,54.16293],[-7.2585,54.16301],[-7.25822,54.16324],[-7.25792,54.16351],[-7.25806,54.16364],[-7.25806,54.16383],[-7.25803,54.16415],[-7.25805,54.16428],[-7.25813,54.16441],[-7.25812,54.16446],[-7.25803,54.16456],[-7.25739,54.16492],[-7.25723,54.16485],[-7.25691,54.16466],[-7.2568,54.16458],[-7.25667,54.16454],[-7.25647,54.1645],[-7.25634,54.16453],[-7.25624,54.16458],[-7.2562,54.16474],[-7.25618,54.16486],[-7.25614,54.16493],[-7.25606,54.16498],[-7.2559,54.16499],[-7.25577,54.16499],[-7.25564,54.16497],[-7.25547,54.16496],[-7.25533,54.16496],[-7.25523,54.16498],[-7.25517,54.16504],[-7.25517,54.16511],[-7.25521,54.16525],[-7.25528,54.16536],[-7.25533,54.16548],[-7.25534,54.16556],[-7.25528,54.16564],[-7.2552,54.1657],[-7.25506,54.16571],[-7.25498,54.16566],[-7.25488,54.16561],[-7.25479,54.16555],[-7.25467,54.16553],[-7.25458,54.16555],[-7.25436,54.16567],[-7.25416,54.16572],[-7.254,54.16578],[-7.2538,54.16589],[-7.25368,54.16602],[-7.25352,54.16621],[-7.25346,54.16649],[-7.2534,54.16655],[-7.25329,54.1666],[-7.25318,54.1666],[-7.25305,54.16656],[-7.2528,54.16648],[-7.25258,54.16642],[-7.25245,54.16643],[-7.25234,54.16644],[-7.25229,54.1665],[-7.25228,54.16665],[-7.25225,54.16674],[-7.2522,54.16682],[-7.25204,54.16688],[-7.25179,54.16694],[-7.25166,54.16694],[-7.25158,54.16692],[-7.2514,54.1669],[-7.25117,54.1669],[-7.25097,54.16693],[-7.25079,54.16703],[-7.25062,54.16731],[-7.25052,54.16736],[-7.25035,54.16742],[-7.25013,54.16743],[-7.24982,54.16743],[-7.24952,54.16745],[-7.24933,54.16751],[-7.24923,54.16757],[-7.24914,54.16773],[-7.24901,54.16792],[-7.24891,54.16802],[-7.24875,54.16806],[-7.24863,54.16804],[-7.24848,54.16797],[-7.24838,54.16789],[-7.24824,54.16789],[-7.24801,54.16795],[-7.24785,54.16803],[-7.24757,54.16809],[-7.24739,54.16811],[-7.24695,54.16817],[-7.24673,54.16819],[-7.24657,54.16819],[-7.24638,54.16821],[-7.24621,54.16824],[-7.24605,54.16837],[-7.24588,54.16849],[-7.24584,54.16856],[-7.24584,54.16859],[-7.24591,54.16863],[-7.24609,54.16867],[-7.24619,54.1687],[-7.24622,54.16875],[-7.24622,54.16881],[-7.24612,54.1689],[-7.24596,54.16896],[-7.24575,54.16898],[-7.24556,54.16907],[-7.24541,54.16917],[-7.24515,54.16929],[-7.24489,54.16937],[-7.24467,54.16935],[-7.24433,54.16928],[-7.24419,54.16927],[-7.24406,54.16931],[-7.24399,54.16939],[-7.24392,54.16945],[-7.24384,54.16951],[-7.2437,54.16957],[-7.24359,54.16964],[-7.24351,54.16967],[-7.2434,54.16965],[-7.24326,54.16957],[-7.24303,54.16939],[-7.24288,54.1693],[-7.24273,54.16927],[-7.24274,54.16922],[-7.24268,54.16919],[-7.24256,54.16918],[-7.24245,54.16919],[-7.24232,54.16922],[-7.24219,54.16929],[-7.24212,54.16933],[-7.24193,54.16934],[-7.24169,54.1693],[-7.24123,54.16919],[-7.24107,54.16916],[-7.24093,54.16917],[-7.24087,54.16923],[-7.24076,54.16944],[-7.24064,54.1695],[-7.24038,54.1696],[-7.2403,54.16973],[-7.2403,54.16986],[-7.24035,54.17],[-7.24039,54.17007],[-7.24038,54.17016],[-7.24037,54.17024],[-7.24042,54.17031],[-7.24055,54.17039],[-7.2406,54.17043],[-7.24062,54.17048],[-7.24066,54.17052],[-7.24064,54.17057],[-7.24056,54.17063],[-7.24051,54.17074],[-7.2405,54.17084],[-7.2406,54.17101],[-7.24067,54.17113],[-7.24077,54.17123],[-7.24092,54.17132],[-7.2411,54.17135],[-7.24128,54.17138],[-7.2414,54.17144],[-7.24158,54.17158],[-7.2422,54.17191],[-7.24273,54.17211],[-7.24326,54.17228],[-7.24352,54.17239],[-7.24364,54.17244],[-7.24379,54.17263],[-7.24391,54.17268],[-7.24415,54.17273],[-7.24438,54.17276],[-7.24485,54.17278],[-7.24491,54.17281],[-7.24496,54.17284],[-7.24509,54.17293],[-7.24523,54.17299],[-7.24536,54.17301],[-7.24547,54.17301],[-7.24563,54.17297],[-7.24575,54.1729],[-7.24585,54.17282],[-7.24602,54.17274],[-7.24617,54.17274],[-7.24638,54.17273],[-7.24654,54.17275],[-7.24686,54.17284],[-7.24715,54.1729],[-7.2473,54.1729],[-7.24737,54.17288],[-7.24743,54.17286],[-7.24749,54.17282],[-7.24747,54.17275],[-7.24746,54.1726],[-7.24749,54.17258],[-7.24755,54.17255],[-7.24766,54.17254],[-7.24776,54.17253],[-7.24784,54.17256],[-7.24798,54.17259],[-7.24815,54.17261],[-7.24826,54.17263],[-7.24836,54.17263],[-7.24864,54.17259],[-7.2488,54.17266],[-7.24893,54.17274],[-7.24905,54.17278],[-7.24958,54.17282],[-7.24978,54.17282],[-7.25003,54.17281],[-7.25026,54.17284],[-7.25045,54.17288],[-7.25056,54.17287],[-7.2508,54.17282],[-7.25134,54.17275],[-7.25165,54.17312],[-7.25187,54.17352],[-7.25196,54.17379],[-7.25201,54.17406],[-7.25202,54.1742],[-7.25199,54.17424],[-7.25194,54.17433],[-7.25193,54.17441],[-7.25197,54.17452],[-7.25228,54.17504],[-7.25247,54.17545],[-7.2526,54.1757],[-7.25264,54.17588],[-7.25266,54.17602],[-7.25264,54.1762],[-7.2526,54.17632],[-7.25253,54.17647],[-7.25251,54.17657],[-7.25256,54.17668],[-7.25269,54.17681],[-7.2528,54.1769],[-7.25291,54.17704],[-7.25321,54.17709],[-7.25351,54.17704],[-7.25381,54.17695],[-7.25482,54.1766],[-7.25546,54.17624],[-7.25562,54.17619],[-7.25589,54.17615],[-7.25615,54.17609],[-7.25629,54.17611],[-7.25661,54.1762],[-7.25682,54.17631],[-7.25702,54.17652],[-7.2573,54.17683],[-7.25741,54.17696],[-7.25754,54.17708],[-7.25772,54.17717],[-7.25788,54.1772],[-7.25797,54.17721],[-7.25809,54.17717],[-7.2582,54.17731],[-7.25824,54.17734],[-7.25825,54.17739],[-7.25822,54.17744],[-7.2581,54.17751],[-7.25794,54.17762],[-7.2579,54.1777],[-7.25793,54.17786],[-7.25803,54.1781],[-7.25817,54.17838],[-7.25831,54.17856],[-7.25836,54.17866],[-7.25838,54.17872],[-7.25834,54.17881],[-7.25817,54.17902],[-7.258,54.17922],[-7.25794,54.17935],[-7.25793,54.17942],[-7.25785,54.17951],[-7.25772,54.1796],[-7.25753,54.17962],[-7.25722,54.17963],[-7.25698,54.17961],[-7.25685,54.17963],[-7.25672,54.17967],[-7.25664,54.17979],[-7.25665,54.18004],[-7.25664,54.18033],[-7.25663,54.18058],[-7.25664,54.18074],[-7.25665,54.18088],[-7.25664,54.18101],[-7.25651,54.18126],[-7.25647,54.1815],[-7.25648,54.18174],[-7.25652,54.18186],[-7.25678,54.18193],[-7.25712,54.18198],[-7.2572,54.18202],[-7.25725,54.18207],[-7.25722,54.18216],[-7.25708,54.18243],[-7.25706,54.1825],[-7.25708,54.18256],[-7.25715,54.18261],[-7.25741,54.18267],[-7.25762,54.1827],[-7.2579,54.18277],[-7.25803,54.18283],[-7.25815,54.18293],[-7.25825,54.18299],[-7.25863,54.18313],[-7.2587,54.1832],[-7.25874,54.18331],[-7.25879,54.1834],[-7.25889,54.18347],[-7.25899,54.18353],[-7.25905,54.18355],[-7.25919,54.18364],[-7.25933,54.18366],[-7.25942,54.18368],[-7.25949,54.18377],[-7.25953,54.18392],[-7.25953,54.18402],[-7.2595,54.1841],[-7.25943,54.18423],[-7.25933,54.18458],[-7.25927,54.18467],[-7.25921,54.18484],[-7.25915,54.18498],[-7.2591,54.18504],[-7.25896,54.18509],[-7.25883,54.1851],[-7.25876,54.18508],[-7.25869,54.18508],[-7.25864,54.18516],[-7.2585,54.18534],[-7.25842,54.18536],[-7.25823,54.18538],[-7.25809,54.18542],[-7.25791,54.18556],[-7.25775,54.1856],[-7.25762,54.18569],[-7.25756,54.18583],[-7.25756,54.18597],[-7.25761,54.18606],[-7.25769,54.18621],[-7.25768,54.1864],[-7.25747,54.18686],[-7.25744,54.18702],[-7.25734,54.18726],[-7.2572,54.18755],[-7.25711,54.18768],[-7.25686,54.18788],[-7.25673,54.18801],[-7.25666,54.18816],[-7.25664,54.18833],[-7.2566,54.18843],[-7.25653,54.1886],[-7.25654,54.18872],[-7.25666,54.18885],[-7.25681,54.18898],[-7.25692,54.18907],[-7.25695,54.18923],[-7.25694,54.18954],[-7.25688,54.18962],[-7.25635,54.18994],[-7.25618,54.19006],[-7.25608,54.19018],[-7.25609,54.19034],[-7.25616,54.19042],[-7.2564,54.19063],[-7.25647,54.19068],[-7.25657,54.19072],[-7.25674,54.19074],[-7.25695,54.19072],[-7.25736,54.19066],[-7.25746,54.19066],[-7.25755,54.19069],[-7.25805,54.19114],[-7.25825,54.19123],[-7.25848,54.19136],[-7.25866,54.19148],[-7.25892,54.19164],[-7.25899,54.1917],[-7.25906,54.19187],[-7.25911,54.19196],[-7.25915,54.19212],[-7.25917,54.19219],[-7.25913,54.19225],[-7.25896,54.1923],[-7.2589,54.19232],[-7.25879,54.19237],[-7.25854,54.19255],[-7.25845,54.19259],[-7.25838,54.19268],[-7.25823,54.19272],[-7.25812,54.19277],[-7.25777,54.19286],[-7.25757,54.19294],[-7.25733,54.1931],[-7.25703,54.19319],[-7.25679,54.19322],[-7.25662,54.19327],[-7.25654,54.19334],[-7.25615,54.19343],[-7.25569,54.19351],[-7.25469,54.19361],[-7.25309,54.19383],[-7.25105,54.19411],[-7.25083,54.19412],[-7.25063,54.19411],[-7.25042,54.19409],[-7.25014,54.19409],[-7.25009,54.19408],[-7.25006,54.19407],[-7.25004,54.19399],[-7.25,54.19392],[-7.24994,54.1939],[-7.24974,54.19392],[-7.24954,54.19393],[-7.24929,54.19389],[-7.24908,54.19383],[-7.24889,54.19381],[-7.2488,54.19382],[-7.2482,54.19388],[-7.24789,54.19389],[-7.24625,54.19381],[-7.24556,54.19376],[-7.24488,54.19298],[-7.2446,54.19275],[-7.24437,54.19265],[-7.24411,54.19265],[-7.24375,54.19269],[-7.24324,54.19278],[-7.24283,54.19288],[-7.24241,54.19301],[-7.24223,54.1931],[-7.24198,54.19326],[-7.24175,54.19338],[-7.24146,54.19351],[-7.24126,54.19357],[-7.24093,54.19358],[-7.24063,54.19357],[-7.24027,54.19363],[-7.24007,54.19363],[-7.23988,54.19361],[-7.23959,54.1936],[-7.23943,54.19361],[-7.23923,54.19357],[-7.23911,54.19357],[-7.23895,54.19356],[-7.23889,54.19355],[-7.23829,54.19355],[-7.23684,54.19347],[-7.2365,54.19341],[-7.2361,54.1934],[-7.23594,54.19404],[-7.23591,54.19435],[-7.2359,54.19485],[-7.23591,54.19546],[-7.23591,54.19578],[-7.2359,54.196],[-7.23588,54.1961],[-7.23585,54.19618],[-7.23581,54.19624],[-7.23561,54.19633],[-7.23547,54.19636],[-7.23528,54.19643],[-7.23509,54.19653],[-7.23495,54.19663],[-7.23482,54.1967],[-7.23451,54.19684],[-7.23438,54.19691],[-7.2343,54.19699],[-7.23404,54.19713],[-7.2336,54.1974],[-7.23296,54.1978],[-7.23369,54.19807],[-7.23397,54.19813],[-7.23415,54.19815],[-7.23502,54.19843],[-7.23523,54.19848],[-7.23539,54.19853],[-7.23549,54.19859],[-7.23567,54.19865],[-7.23663,54.19885],[-7.23693,54.19889],[-7.23726,54.1989],[-7.23774,54.19888],[-7.23813,54.1989],[-7.23866,54.19893],[-7.23926,54.19896],[-7.23969,54.19899],[-7.23994,54.19902],[-7.24015,54.19906],[-7.24024,54.19911],[-7.24061,54.19932],[-7.24195,54.2001],[-7.24268,54.20066],[-7.2438,54.20031],[-7.24394,54.20023],[-7.24406,54.2001],[-7.24418,54.19998],[-7.2443,54.19981],[-7.24446,54.19971],[-7.24492,54.19951],[-7.24532,54.19932],[-7.24552,54.19923],[-7.24587,54.19904],[-7.24626,54.19889],[-7.24638,54.19883],[-7.2465,54.19875],[-7.24663,54.19864],[-7.24673,54.19853],[-7.24685,54.19843],[-7.24702,54.19834],[-7.24737,54.19812],[-7.24921,54.19791],[-7.25028,54.19925],[-7.24994,54.19982],[-7.25004,54.1999],[-7.24958,54.20026],[-7.24944,54.20043],[-7.24937,54.20057],[-7.24931,54.20076],[-7.2493,54.20093],[-7.24936,54.2011],[-7.24943,54.20116],[-7.24939,54.20121],[-7.2493,54.20122],[-7.24924,54.20124],[-7.24915,54.20131],[-7.24835,54.20212],[-7.24851,54.20218],[-7.24837,54.20231],[-7.2482,54.20243],[-7.24805,54.20249],[-7.248,54.20249],[-7.24796,54.2025],[-7.24784,54.20258],[-7.24921,54.20331],[-7.2491,54.2034],[-7.24883,54.20339],[-7.24865,54.20342],[-7.24845,54.2035],[-7.24821,54.20364],[-7.24809,54.2037],[-7.24804,54.20379],[-7.24806,54.20403],[-7.24813,54.20431],[-7.24812,54.20439],[-7.24803,54.20449],[-7.24792,54.20449],[-7.24763,54.20443],[-7.24737,54.2044],[-7.24717,54.2044],[-7.24698,54.20442],[-7.24685,54.20446],[-7.24676,54.20462],[-7.24668,54.2047],[-7.24626,54.20478],[-7.24591,54.20483],[-7.24562,54.20488],[-7.24544,54.20491],[-7.24524,54.20492],[-7.24512,54.2049],[-7.24495,54.20484],[-7.24472,54.20481],[-7.24454,54.20485],[-7.24438,54.2049],[-7.24414,54.205],[-7.24396,54.20513],[-7.24386,54.2052],[-7.24353,54.20534],[-7.24314,54.20547],[-7.24285,54.20554],[-7.2427,54.20559],[-7.24225,54.20589],[-7.24209,54.20602],[-7.242,54.20617],[-7.24196,54.20621],[-7.24187,54.20624],[-7.24178,54.20625],[-7.2413,54.20623],[-7.24114,54.20619],[-7.24096,54.20613],[-7.24082,54.20604],[-7.24074,54.20595],[-7.24063,54.20591],[-7.24054,54.20587],[-7.24039,54.2059],[-7.24039,54.20598],[-7.24045,54.20618],[-7.24046,54.20625],[-7.24045,54.2063],[-7.24038,54.20631],[-7.24023,54.20634],[-7.24001,54.20637],[-7.2397,54.20645],[-7.23954,54.20649],[-7.23931,54.2066],[-7.23915,54.20673],[-7.23909,54.2068],[-7.23902,54.20682],[-7.23891,54.20683],[-7.23885,54.20679],[-7.23878,54.20675],[-7.23864,54.20662],[-7.23852,54.20649],[-7.2384,54.20645],[-7.23825,54.20643],[-7.23805,54.20643],[-7.23782,54.20643],[-7.23767,54.20642],[-7.23753,54.20635],[-7.23736,54.2063],[-7.23696,54.20623],[-7.23659,54.20608],[-7.23645,54.20597],[-7.23623,54.20582],[-7.23609,54.20579],[-7.2359,54.20582],[-7.23562,54.20592],[-7.23547,54.20597],[-7.23528,54.206],[-7.23513,54.20601],[-7.23505,54.20601],[-7.23496,54.20592],[-7.23485,54.20585],[-7.2347,54.20576],[-7.23458,54.20573],[-7.23447,54.20574],[-7.23425,54.20589],[-7.23412,54.20593],[-7.23401,54.20595],[-7.23392,54.20598],[-7.23385,54.20605],[-7.23375,54.20608],[-7.23363,54.2061],[-7.23345,54.20605],[-7.23329,54.20601],[-7.2332,54.20598],[-7.23314,54.20591],[-7.23309,54.2058],[-7.23302,54.20569],[-7.23294,54.20564],[-7.23278,54.20562],[-7.23228,54.20552],[-7.23208,54.20551],[-7.23188,54.20556],[-7.23174,54.20561],[-7.23166,54.20568],[-7.23152,54.20578],[-7.23139,54.20584],[-7.23122,54.20591],[-7.23114,54.20602],[-7.23111,54.20631],[-7.23111,54.20645],[-7.2312,54.20652],[-7.23131,54.20661],[-7.23142,54.20669],[-7.23144,54.2068],[-7.23141,54.2069],[-7.23141,54.20707],[-7.23146,54.20717],[-7.23168,54.20735],[-7.23179,54.20746],[-7.23197,54.20754],[-7.23215,54.20759],[-7.23245,54.20758],[-7.23264,54.20758],[-7.23277,54.20764],[-7.23283,54.20777],[-7.23308,54.20779],[-7.23321,54.20781],[-7.23329,54.20785],[-7.23338,54.20791],[-7.23338,54.20797],[-7.23331,54.20807],[-7.23323,54.20812],[-7.23323,54.2082],[-7.23325,54.20826],[-7.23332,54.20826],[-7.23349,54.20819],[-7.23358,54.20818],[-7.23376,54.20815],[-7.23385,54.20817],[-7.23387,54.2082],[-7.23386,54.20823],[-7.23381,54.20829],[-7.23362,54.20845],[-7.23345,54.20857],[-7.23338,54.20859],[-7.23331,54.20865],[-7.23327,54.20872],[-7.23321,54.20881],[-7.23312,54.20884],[-7.23295,54.20894],[-7.23293,54.20903],[-7.23289,54.20907],[-7.23281,54.20907],[-7.23269,54.20909],[-7.23255,54.20909],[-7.23233,54.20915],[-7.23222,54.20919],[-7.23214,54.20924],[-7.2321,54.20932],[-7.23211,54.20938],[-7.23217,54.20946],[-7.2322,54.20953],[-7.23222,54.20961],[-7.23224,54.20968],[-7.23228,54.20975],[-7.23231,54.20977],[-7.23231,54.20983],[-7.23229,54.20986],[-7.23223,54.20988],[-7.23212,54.20988],[-7.23197,54.2099],[-7.23193,54.20994],[-7.2319,54.21001],[-7.23192,54.21009],[-7.23196,54.21012],[-7.23205,54.21015],[-7.23217,54.21015],[-7.23225,54.21015],[-7.23235,54.21017],[-7.23244,54.2102],[-7.23244,54.21023],[-7.23244,54.21026],[-7.23238,54.2103],[-7.2322,54.21037],[-7.23217,54.21042],[-7.2322,54.21045],[-7.23223,54.21047],[-7.23234,54.21047],[-7.23245,54.21046],[-7.23252,54.21047],[-7.2326,54.21051],[-7.23263,54.21058],[-7.23266,54.21067],[-7.23266,54.21078],[-7.23267,54.21086],[-7.23256,54.2109],[-7.23245,54.2109],[-7.23229,54.21088],[-7.23212,54.2109],[-7.23194,54.21094],[-7.23185,54.21094],[-7.23175,54.21099],[-7.23162,54.21101],[-7.23151,54.21104],[-7.23133,54.21107],[-7.2312,54.21112],[-7.23106,54.21117],[-7.23092,54.21125],[-7.23078,54.21135],[-7.2307,54.21143],[-7.23054,54.21151],[-7.23041,54.21155],[-7.23032,54.2116],[-7.23027,54.21167],[-7.23024,54.21175],[-7.23022,54.21185],[-7.2302,54.21189],[-7.23012,54.21192],[-7.22995,54.21191],[-7.2298,54.21194],[-7.22971,54.21198],[-7.22955,54.21205],[-7.22936,54.21214],[-7.22925,54.21222],[-7.22917,54.21225],[-7.22894,54.21222],[-7.22886,54.2122],[-7.22881,54.2122],[-7.22869,54.21226],[-7.22863,54.21229],[-7.22833,54.21236],[-7.2282,54.2124],[-7.22809,54.21244],[-7.22805,54.21249],[-7.22805,54.21261],[-7.228,54.21272],[-7.2278,54.21275],[-7.22743,54.21285],[-7.22731,54.2129],[-7.22723,54.21298],[-7.22717,54.21306],[-7.227,54.21322],[-7.22652,54.21364],[-7.22613,54.214],[-7.22603,54.21408],[-7.22598,54.21417],[-7.22597,54.21421],[-7.22595,54.21426],[-7.22589,54.21433],[-7.22578,54.2144],[-7.22556,54.21459],[-7.22531,54.21462],[-7.22518,54.21462],[-7.22505,54.21464],[-7.22496,54.21469],[-7.22478,54.21474],[-7.22465,54.21475],[-7.2245,54.21474],[-7.22435,54.21471],[-7.22419,54.21471],[-7.22406,54.21472],[-7.22375,54.21478],[-7.22356,54.21474],[-7.22331,54.21467],[-7.22311,54.21466],[-7.22299,54.21466],[-7.22286,54.21471],[-7.22274,54.21479],[-7.2226,54.21487],[-7.22237,54.21492],[-7.22223,54.21492],[-7.22206,54.21491],[-7.2219,54.21488],[-7.22182,54.21491],[-7.22174,54.215],[-7.22172,54.21506],[-7.22163,54.21512],[-7.22153,54.21516],[-7.22144,54.21522],[-7.22143,54.21529],[-7.22147,54.21537],[-7.22157,54.21548],[-7.2216,54.21554],[-7.22156,54.2156],[-7.22144,54.21566],[-7.22127,54.21569],[-7.22101,54.21577],[-7.22089,54.2158],[-7.22072,54.2158],[-7.2205,54.21578],[-7.22035,54.21579],[-7.22024,54.21578],[-7.22015,54.21575],[-7.22007,54.21576],[-7.21986,54.2158],[-7.21977,54.2158],[-7.21968,54.2158],[-7.21944,54.21576],[-7.21932,54.21572],[-7.21928,54.21569],[-7.21919,54.21569],[-7.2191,54.2157],[-7.21904,54.21566],[-7.219,54.21561],[-7.21898,54.21556],[-7.21895,54.2155],[-7.21872,54.2154],[-7.21861,54.21534],[-7.21852,54.21531],[-7.21845,54.21525],[-7.21842,54.21518],[-7.21833,54.21513],[-7.21812,54.21509],[-7.21787,54.21506],[-7.21772,54.21506],[-7.21556,54.21366],[-7.21541,54.21357],[-7.2153,54.21352],[-7.21519,54.21349],[-7.21507,54.21349],[-7.21499,54.21347],[-7.21487,54.21338],[-7.2148,54.21336],[-7.21468,54.21337],[-7.21457,54.21338],[-7.21445,54.21339],[-7.21436,54.21341],[-7.21429,54.21343],[-7.21401,54.21344],[-7.21385,54.21344],[-7.21372,54.21347],[-7.21361,54.21347],[-7.21349,54.21342],[-7.21334,54.21342],[-7.21322,54.21344],[-7.21306,54.2135],[-7.21281,54.2135],[-7.2126,54.21347],[-7.2124,54.21345],[-7.21222,54.21345],[-7.21204,54.21349],[-7.21186,54.21356],[-7.21165,54.21367],[-7.21148,54.21364],[-7.21128,54.21359],[-7.21096,54.21347],[-7.21079,54.21338],[-7.21063,54.21328],[-7.21032,54.21315],[-7.21,54.21301],[-7.20972,54.21291],[-7.20952,54.21285],[-7.2093,54.21281],[-7.20905,54.2128],[-7.2082,54.21296],[-7.20763,54.21308],[-7.20756,54.21307],[-7.20752,54.21307],[-7.20746,54.21302],[-7.20738,54.21302],[-7.20716,54.21307],[-7.20695,54.21315],[-7.2069,54.21319],[-7.20683,54.21323],[-7.20669,54.21329],[-7.20656,54.21337],[-7.20647,54.21344],[-7.20639,54.2136],[-7.20632,54.21371],[-7.20614,54.21384],[-7.20583,54.21403],[-7.20555,54.21421],[-7.20526,54.21423],[-7.20469,54.21431],[-7.20442,54.21432],[-7.20425,54.21437],[-7.20391,54.21449],[-7.20368,54.21459],[-7.20328,54.21481],[-7.20317,54.21493],[-7.20284,54.21517],[-7.20272,54.21523],[-7.20246,54.21528],[-7.20179,54.21538],[-7.20146,54.21547],[-7.20121,54.21551],[-7.20089,54.21562],[-7.20044,54.21575],[-7.20022,54.21582],[-7.19875,54.21564],[-7.19638,54.21687],[-7.19576,54.21719],[-7.19556,54.21732],[-7.19541,54.21747],[-7.19522,54.21764],[-7.19506,54.21822],[-7.19494,54.21892],[-7.19547,54.21946],[-7.19496,54.22006],[-7.19473,54.22032],[-7.19452,54.22048],[-7.19442,54.22054],[-7.19407,54.22067],[-7.19393,54.22078],[-7.19379,54.22096],[-7.19365,54.22113],[-7.19349,54.22128],[-7.19338,54.22143],[-7.19327,54.22149],[-7.19319,54.2215],[-7.19311,54.22151],[-7.19302,54.22152],[-7.19287,54.22158],[-7.19276,54.22168],[-7.19258,54.22182],[-7.19245,54.22194],[-7.19211,54.22224],[-7.19175,54.22259],[-7.19147,54.22296],[-7.19143,54.22307],[-7.19135,54.22325],[-7.1913,54.22333],[-7.19114,54.22348],[-7.19074,54.2238],[-7.19062,54.22398],[-7.19054,54.22411],[-7.19042,54.22424],[-7.19032,54.22427],[-7.19007,54.22429],[-7.18976,54.22433],[-7.18931,54.22451],[-7.18881,54.22461],[-7.18867,54.22464],[-7.18851,54.22469],[-7.1884,54.22474],[-7.18824,54.22485],[-7.18807,54.22488],[-7.1877,54.22483],[-7.18727,54.22462],[-7.18706,54.22453],[-7.18694,54.22447],[-7.1868,54.22442],[-7.18668,54.2244],[-7.18651,54.2244],[-7.18622,54.22443],[-7.18563,54.22451],[-7.18492,54.2246],[-7.18483,54.22461],[-7.18472,54.22459],[-7.18457,54.22455],[-7.18425,54.22437],[-7.1845,54.22423],[-7.18471,54.22404],[-7.18487,54.22382],[-7.18492,54.22365],[-7.18492,54.22349],[-7.18486,54.22321],[-7.18474,54.22296],[-7.1846,54.22271],[-7.18439,54.22237],[-7.1843,54.22227],[-7.18415,54.2222],[-7.18404,54.22207],[-7.18398,54.22196],[-7.18396,54.22191],[-7.18397,54.22188],[-7.18401,54.2218],[-7.18418,54.22165],[-7.18429,54.22162],[-7.1844,54.22158],[-7.1845,54.22152],[-7.18462,54.22142],[-7.18475,54.22134],[-7.18491,54.22128],[-7.18495,54.22121],[-7.18498,54.2211],[-7.18502,54.22102],[-7.18506,54.22096],[-7.18514,54.22087],[-7.18518,54.2208],[-7.18518,54.22071],[-7.18513,54.22062],[-7.18506,54.22056],[-7.185,54.22045],[-7.18496,54.22036],[-7.1849,54.22028],[-7.18485,54.22018],[-7.18477,54.22007],[-7.18467,54.22006],[-7.18454,54.22011],[-7.1844,54.22018],[-7.18426,54.22017],[-7.18412,54.22015],[-7.18405,54.22013],[-7.18397,54.2201],[-7.18385,54.21999],[-7.18371,54.22003],[-7.18333,54.22003],[-7.18283,54.21994],[-7.18253,54.21999],[-7.18229,54.22001],[-7.18206,54.22],[-7.18186,54.22011],[-7.18167,54.2202],[-7.1815,54.22031],[-7.18121,54.22051],[-7.18093,54.22052],[-7.18065,54.22052],[-7.18045,54.22056],[-7.18027,54.22059],[-7.17959,54.22063],[-7.17943,54.22067],[-7.17928,54.22064],[-7.17908,54.22053],[-7.17892,54.22037],[-7.17878,54.22014],[-7.17864,54.21989],[-7.17854,54.21976],[-7.1783,54.21955],[-7.17819,54.21948],[-7.17799,54.21937],[-7.17793,54.21932],[-7.17792,54.21927],[-7.17792,54.2192],[-7.17796,54.21912],[-7.17797,54.21905],[-7.17794,54.21899],[-7.17768,54.21881],[-7.1774,54.21865],[-7.1773,54.21856],[-7.17659,54.21823],[-7.17416,54.21842],[-7.17338,54.2183],[-7.17275,54.21812],[-7.17237,54.21797],[-7.17204,54.2178],[-7.17182,54.21775],[-7.17125,54.21761],[-7.17101,54.21761],[-7.17081,54.21763],[-7.17059,54.21766],[-7.17034,54.21772],[-7.16999,54.21786],[-7.16982,54.21792],[-7.16957,54.21796],[-7.16944,54.21798],[-7.16927,54.21801],[-7.16907,54.21808],[-7.16893,54.21817],[-7.16887,54.21825],[-7.16877,54.2183],[-7.16861,54.21833],[-7.16846,54.21836],[-7.16835,54.21842],[-7.16827,54.21847],[-7.16824,54.21853],[-7.16776,54.21869],[-7.16756,54.21877],[-7.16746,54.21888],[-7.1673,54.21896],[-7.1668,54.2191],[-7.16591,54.21928],[-7.16505,54.21944],[-7.16379,54.21966],[-7.16239,54.21989],[-7.16121,54.21995],[-7.16065,54.21997],[-7.16043,54.21978],[-7.16013,54.2198],[-7.15935,54.22026],[-7.15904,54.22048],[-7.15865,54.22064],[-7.1584,54.22072],[-7.15791,54.22078],[-7.1577,54.22082],[-7.15748,54.22088],[-7.15726,54.22088],[-7.15706,54.22094],[-7.15674,54.22102],[-7.15629,54.22106],[-7.15609,54.22112],[-7.15565,54.22121],[-7.15547,54.22124],[-7.15521,54.22122],[-7.15493,54.22115],[-7.1547,54.22109],[-7.15454,54.22104],[-7.1544,54.22102],[-7.15419,54.22105],[-7.15405,54.22103],[-7.15383,54.22095],[-7.15364,54.2209],[-7.15326,54.22087],[-7.15314,54.22093],[-7.15299,54.22108],[-7.15281,54.22135],[-7.15179,54.22299],[-7.15145,54.22317],[-7.15133,54.22329],[-7.15118,54.22342],[-7.15102,54.22351],[-7.15077,54.22357],[-7.15023,54.2237],[-7.1498,54.22378],[-7.14957,54.22382],[-7.14941,54.2239],[-7.14916,54.22411],[-7.14878,54.22437],[-7.14861,54.22446],[-7.14844,54.22456],[-7.14828,54.22462],[-7.14807,54.2247],[-7.14791,54.22474],[-7.14771,54.22474],[-7.14752,54.22471],[-7.14738,54.22473],[-7.14728,54.22477],[-7.14719,54.22485],[-7.1471,54.22486],[-7.14697,54.22486],[-7.14669,54.22477],[-7.14655,54.22477],[-7.1463,54.22479],[-7.14498,54.22473],[-7.14602,54.22526],[-7.14609,54.22528],[-7.14619,54.22528],[-7.14639,54.22526],[-7.14652,54.22528],[-7.14669,54.22528],[-7.14687,54.22532],[-7.14707,54.22541],[-7.14719,54.22548],[-7.14729,54.22563],[-7.14742,54.22583],[-7.14741,54.22597],[-7.14738,54.22627],[-7.14734,54.22646],[-7.14723,54.22665],[-7.14704,54.22686],[-7.14696,54.22697],[-7.14691,54.22709],[-7.1468,54.22721],[-7.14669,54.22732],[-7.14661,54.22743],[-7.14678,54.22829],[-7.14681,54.22832],[-7.14672,54.22841],[-7.14669,54.22856],[-7.14668,54.2287],[-7.14656,54.23002],[-7.14693,54.23031],[-7.14718,54.23038],[-7.14737,54.23046],[-7.14754,54.23052],[-7.14779,54.23068],[-7.14804,54.23082],[-7.14813,54.23089],[-7.1484,54.23105],[-7.1485,54.23109],[-7.1488,54.23122],[-7.14894,54.23124],[-7.1492,54.23125],[-7.14934,54.2313],[-7.14953,54.23141],[-7.14983,54.23162],[-7.14982,54.23164],[-7.14977,54.23169],[-7.14974,54.23185],[-7.14981,54.23253],[-7.14986,54.23289],[-7.14985,54.23326],[-7.14976,54.23362],[-7.14961,54.23394],[-7.14955,54.23404],[-7.14938,54.23418],[-7.14925,54.2343],[-7.14912,54.23436],[-7.149,54.23445],[-7.14878,54.23464],[-7.14862,54.2348],[-7.1485,54.23495],[-7.14837,54.23514],[-7.14813,54.23522],[-7.14776,54.23537],[-7.14741,54.23552],[-7.14711,54.23571],[-7.14687,54.2359],[-7.14676,54.23605],[-7.14675,54.23622],[-7.14661,54.23636],[-7.14636,54.23662],[-7.1463,54.23672],[-7.14629,54.23682],[-7.1462,54.23699],[-7.14613,54.23708],[-7.14616,54.23716],[-7.14619,54.23719],[-7.14618,54.2373],[-7.14621,54.23749],[-7.14629,54.2377],[-7.14628,54.23777],[-7.14624,54.23789],[-7.14622,54.238],[-7.14617,54.2381],[-7.14614,54.2383],[-7.14614,54.23844],[-7.1461,54.23858],[-7.14599,54.23935],[-7.14599,54.23955],[-7.14604,54.23969],[-7.1461,54.23978],[-7.14621,54.23986],[-7.14652,54.23999],[-7.15066,54.24145],[-7.1514,54.24173],[-7.15229,54.24214],[-7.15266,54.24226],[-7.1529,54.24238],[-7.15313,54.24255],[-7.15331,54.2427],[-7.15346,54.24277],[-7.15364,54.2428],[-7.15432,54.24291],[-7.1557,54.24319],[-7.15665,54.24332],[-7.15719,54.24348],[-7.15768,54.24363],[-7.159,54.24368],[-7.15901,54.24373],[-7.15899,54.24385],[-7.15898,54.24399],[-7.15885,54.24411],[-7.15871,54.2443],[-7.15867,54.24446],[-7.15867,54.24473],[-7.15865,54.24484],[-7.15849,54.24506],[-7.15826,54.24532],[-7.15802,54.24555],[-7.15766,54.24579],[-7.1575,54.24586],[-7.15494,54.24681],[-7.15475,54.24709],[-7.15436,54.24754],[-7.15385,54.24805],[-7.15373,54.24812],[-7.15349,54.24822],[-7.15326,54.24827],[-7.15314,54.24826],[-7.1529,54.24829],[-7.15269,54.24833],[-7.15257,54.24835],[-7.15243,54.2484],[-7.15221,54.24851],[-7.15195,54.24862],[-7.15173,54.24872],[-7.1516,54.24883],[-7.1515,54.24905],[-7.15147,54.24914],[-7.15141,54.24928],[-7.15137,54.24935],[-7.15126,54.24941],[-7.1508,54.2496],[-7.15053,54.24968],[-7.15024,54.24974],[-7.15002,54.24978],[-7.14974,54.24986],[-7.14944,54.24996],[-7.14928,54.25],[-7.14913,54.25008],[-7.14889,54.25029],[-7.14874,54.25042],[-7.14858,54.25049],[-7.14839,54.25058],[-7.14826,54.25067],[-7.14805,54.25069],[-7.14758,54.25076],[-7.14718,54.25083],[-7.14698,54.25088],[-7.14658,54.25092],[-7.14551,54.25107],[-7.1448,54.2511],[-7.14465,54.25107],[-7.14444,54.25105],[-7.14415,54.25105],[-7.14403,54.25107],[-7.14351,54.25123],[-7.14323,54.25128],[-7.14312,54.25133],[-7.1428,54.25153],[-7.14253,54.25165],[-7.14257,54.25175],[-7.14258,54.25184],[-7.14255,54.25191],[-7.14247,54.25198],[-7.14242,54.25224],[-7.14231,54.25241],[-7.14217,54.25261],[-7.14208,54.2527],[-7.14182,54.25283],[-7.14174,54.25292],[-7.14142,54.25316],[-7.14154,54.25321],[-7.14161,54.25352],[-7.14177,54.25447],[-7.14193,54.25508],[-7.14209,54.25543],[-7.14226,54.25566],[-7.14289,54.25616],[-7.14297,54.25626],[-7.14312,54.25637],[-7.14334,54.25643],[-7.14377,54.25651],[-7.14421,54.25654],[-7.14452,54.25657],[-7.14471,54.25665],[-7.14502,54.25682],[-7.14529,54.25695],[-7.14537,54.25691],[-7.14547,54.25689],[-7.14577,54.2569],[-7.14589,54.25689],[-7.14611,54.25685],[-7.14614,54.25692],[-7.14624,54.25698],[-7.14643,54.25706],[-7.14668,54.25715],[-7.14707,54.25724],[-7.14742,54.2573],[-7.14779,54.25737],[-7.14818,54.25751],[-7.14864,54.2577],[-7.14916,54.25793],[-7.14951,54.25806],[-7.1497,54.2582],[-7.14994,54.25826],[-7.15013,54.25828],[-7.15036,54.25832],[-7.15047,54.25835],[-7.15053,54.25837],[-7.15049,54.25841],[-7.15039,54.25847],[-7.15028,54.2586],[-7.15021,54.25871],[-7.15023,54.25878],[-7.15031,54.25884],[-7.1504,54.25892],[-7.15025,54.25903],[-7.15005,54.25917],[-7.14999,54.2593],[-7.14998,54.25946],[-7.15002,54.25957],[-7.15014,54.25964],[-7.15036,54.2597],[-7.15056,54.25973],[-7.1508,54.25973],[-7.15091,54.25957],[-7.15097,54.25952],[-7.15113,54.2595],[-7.15123,54.25952],[-7.15129,54.25953],[-7.15138,54.25957],[-7.1515,54.25961],[-7.15159,54.25967],[-7.15161,54.25975],[-7.15166,54.25983],[-7.15164,54.25992],[-7.15156,54.26011],[-7.15145,54.26027],[-7.15161,54.26036],[-7.15175,54.26049],[-7.15183,54.26061],[-7.15186,54.26068],[-7.15179,54.26083],[-7.15188,54.26096],[-7.15192,54.26106],[-7.15194,54.26123],[-7.152,54.26139],[-7.15217,54.2617],[-7.15225,54.262],[-7.1524,54.26216],[-7.15256,54.26229],[-7.15267,54.26246],[-7.15291,54.26262],[-7.15337,54.26279],[-7.15348,54.26286],[-7.15357,54.26298],[-7.15366,54.26319],[-7.15367,54.26365],[-7.15371,54.26417],[-7.15379,54.26451],[-7.15385,54.26471],[-7.15389,54.26496],[-7.1539,54.26508],[-7.15383,54.26528],[-7.15376,54.26551],[-7.15368,54.26571],[-7.15368,54.26582],[-7.15364,54.26587],[-7.15366,54.26592],[-7.15368,54.26597],[-7.15361,54.26604],[-7.15313,54.26635],[-7.15274,54.26651],[-7.15266,54.26655],[-7.15254,54.26658],[-7.15248,54.26662],[-7.15245,54.26665],[-7.15248,54.26672],[-7.15257,54.26681],[-7.15265,54.26686],[-7.15304,54.26693],[-7.15319,54.26693],[-7.15335,54.26696],[-7.15331,54.26686],[-7.15334,54.26678],[-7.1534,54.26674],[-7.15354,54.2667],[-7.15378,54.26669],[-7.15398,54.26669],[-7.15419,54.2667],[-7.1545,54.26679],[-7.15494,54.26695],[-7.15528,54.26721],[-7.15551,54.2674],[-7.15553,54.26756],[-7.15556,54.26769],[-7.15569,54.26779],[-7.15595,54.26792],[-7.15633,54.26802],[-7.15671,54.26808],[-7.157,54.26815],[-7.15738,54.26818],[-7.15753,54.26822],[-7.15784,54.26836],[-7.15815,54.26846],[-7.15829,54.26852],[-7.15837,54.26861],[-7.15842,54.26873],[-7.15843,54.26888],[-7.15846,54.26896],[-7.15856,54.26902],[-7.15875,54.26903],[-7.15901,54.26903],[-7.15913,54.26905],[-7.15918,54.26906],[-7.15919,54.2691],[-7.15916,54.26918],[-7.15904,54.26924],[-7.1588,54.26928],[-7.15852,54.26936],[-7.15817,54.26948],[-7.15788,54.2696],[-7.15768,54.2697],[-7.15759,54.26978],[-7.15752,54.27002],[-7.15744,54.27025],[-7.15721,54.27041],[-7.15716,54.27059],[-7.15719,54.27071],[-7.15755,54.27101],[-7.15764,54.27113],[-7.15779,54.2712],[-7.15815,54.27143],[-7.15829,54.27156],[-7.15838,54.27169],[-7.15845,54.27193],[-7.15851,54.27209],[-7.15856,54.27222],[-7.15861,54.27236],[-7.1588,54.27242],[-7.15905,54.27246],[-7.15919,54.27251],[-7.15942,54.27258],[-7.1597,54.27276],[-7.1598,54.27288],[-7.1599,54.27307],[-7.15999,54.2732],[-7.16015,54.27331],[-7.16052,54.27352],[-7.16095,54.2737],[-7.16131,54.27379],[-7.16161,54.27388],[-7.16171,54.27394],[-7.1618,54.27403],[-7.16191,54.27407],[-7.16208,54.27408],[-7.16226,54.27408],[-7.16236,54.27407],[-7.16243,54.27404],[-7.16281,54.27388],[-7.16295,54.27381],[-7.16316,54.27374],[-7.16348,54.2736],[-7.16378,54.27344],[-7.16427,54.27321],[-7.16451,54.27307],[-7.16467,54.27302],[-7.16478,54.27297],[-7.16487,54.27292],[-7.16506,54.2729],[-7.16532,54.2729],[-7.1657,54.27292],[-7.16601,54.27289],[-7.16624,54.2729],[-7.16643,54.27291],[-7.16674,54.27295],[-7.16683,54.27295],[-7.16693,54.27293],[-7.16708,54.27295],[-7.1674,54.27296],[-7.16754,54.27298],[-7.16772,54.27302],[-7.16783,54.27306],[-7.168,54.27318],[-7.16821,54.27331],[-7.16836,54.27337],[-7.16849,54.27338],[-7.16859,54.27337],[-7.16875,54.27328],[-7.1689,54.27313],[-7.16894,54.27303],[-7.16903,54.27296],[-7.16926,54.27286],[-7.16957,54.27273],[-7.16976,54.27267],[-7.16998,54.27267],[-7.17032,54.27265],[-7.17055,54.27265],[-7.17058,54.27274],[-7.17067,54.27283],[-7.17075,54.27286],[-7.17093,54.2729],[-7.17148,54.27296],[-7.1719,54.27296],[-7.17218,54.27291],[-7.17255,54.27285],[-7.17285,54.27282],[-7.17317,54.27278],[-7.17337,54.27271],[-7.17353,54.27264],[-7.17371,54.27249],[-7.17388,54.27224],[-7.17399,54.27211],[-7.17411,54.27199],[-7.17423,54.27181],[-7.17428,54.27171],[-7.17434,54.27164],[-7.17443,54.27161],[-7.17456,54.27164],[-7.17462,54.27167],[-7.17472,54.27171],[-7.17479,54.27172],[-7.1749,54.2717],[-7.175,54.27165],[-7.17506,54.27159],[-7.17507,54.27144],[-7.17534,54.27126],[-7.17549,54.27119],[-7.17566,54.27113],[-7.17573,54.27106],[-7.1758,54.271],[-7.1759,54.27095],[-7.17603,54.27091],[-7.17615,54.27083],[-7.17624,54.27078],[-7.17636,54.27067],[-7.17651,54.27058],[-7.17659,54.27055],[-7.17673,54.27054],[-7.1768,54.27055],[-7.17689,54.27059],[-7.17706,54.27073],[-7.17713,54.27079],[-7.17718,54.2709],[-7.17715,54.27098],[-7.17709,54.27103],[-7.17703,54.27111],[-7.17702,54.27123],[-7.17705,54.27133],[-7.17709,54.27138],[-7.17716,54.27142],[-7.17731,54.27144],[-7.17751,54.27149],[-7.17762,54.27155],[-7.17765,54.27162],[-7.17761,54.27167],[-7.17753,54.27169],[-7.17749,54.27176],[-7.1775,54.27183],[-7.17756,54.27188],[-7.17767,54.2719],[-7.17776,54.27192],[-7.17778,54.27199],[-7.1778,54.27218],[-7.17789,54.27239],[-7.17796,54.27245],[-7.17804,54.27249],[-7.17807,54.27255],[-7.17819,54.27255],[-7.17833,54.27255],[-7.17843,54.27255],[-7.17848,54.27252],[-7.17849,54.27249],[-7.17848,54.27247],[-7.17839,54.27239],[-7.17839,54.27238],[-7.17845,54.27234],[-7.17854,54.27229],[-7.1787,54.27229],[-7.17881,54.27229],[-7.17897,54.27235],[-7.17899,54.27239],[-7.17898,54.27245],[-7.17897,54.27248],[-7.17898,54.27252],[-7.17906,54.27252],[-7.1792,54.27254],[-7.17927,54.27255],[-7.1793,54.27263],[-7.17928,54.27271],[-7.17932,54.27279],[-7.1794,54.27291],[-7.17948,54.27298],[-7.17959,54.27311],[-7.17973,54.27321],[-7.17985,54.2733],[-7.17994,54.27362],[-7.18005,54.27397],[-7.18005,54.27417],[-7.18008,54.27431],[-7.18002,54.27438],[-7.17995,54.27453],[-7.17997,54.27467],[-7.18008,54.27501],[-7.18013,54.27554],[-7.18016,54.2756],[-7.18017,54.27562],[-7.18017,54.2757],[-7.18015,54.27579],[-7.1801,54.2759],[-7.18005,54.276],[-7.17999,54.27607],[-7.17985,54.27622],[-7.17978,54.27626],[-7.17976,54.27647],[-7.17968,54.27663],[-7.17965,54.27673],[-7.17941,54.27693],[-7.17935,54.27703],[-7.1793,54.27707],[-7.17915,54.27712],[-7.17909,54.27715],[-7.17905,54.27718],[-7.17901,54.27725],[-7.17897,54.27733],[-7.17888,54.2774],[-7.17875,54.27746],[-7.17867,54.2775],[-7.17856,54.27759],[-7.1785,54.27768],[-7.17843,54.27774],[-7.17832,54.27779],[-7.17815,54.27785],[-7.17801,54.27794],[-7.17783,54.27817],[-7.17758,54.27829],[-7.17737,54.27835],[-7.17719,54.27835],[-7.17705,54.27835],[-7.17692,54.27837],[-7.17652,54.27836],[-7.17652,54.27841],[-7.17648,54.27843],[-7.17642,54.2785],[-7.17635,54.27855],[-7.17632,54.27863],[-7.17622,54.27863],[-7.17602,54.27867],[-7.17558,54.27887],[-7.17541,54.27887],[-7.17519,54.27891],[-7.17486,54.27892],[-7.17465,54.27896],[-7.1745,54.27906],[-7.17458,54.27915],[-7.17458,54.27919],[-7.17455,54.27922],[-7.17447,54.27924],[-7.17424,54.27927],[-7.17414,54.27929],[-7.1741,54.27933],[-7.17408,54.27938],[-7.17404,54.27943],[-7.17398,54.27948],[-7.1739,54.2795],[-7.17381,54.27948],[-7.17371,54.27947],[-7.17364,54.27947],[-7.1736,54.2795],[-7.17358,54.27955],[-7.17358,54.27961],[-7.1736,54.27968],[-7.17352,54.27982],[-7.17348,54.27991],[-7.1735,54.27997],[-7.17362,54.27997],[-7.17367,54.28],[-7.17375,54.28007],[-7.17384,54.28015],[-7.17389,54.28021],[-7.17389,54.28025],[-7.17384,54.28028],[-7.17374,54.2803],[-7.17364,54.28023],[-7.17354,54.28019],[-7.17346,54.28023],[-7.17341,54.2803],[-7.17341,54.28036],[-7.17348,54.28049],[-7.17348,54.2806],[-7.17347,54.28063],[-7.17338,54.28068],[-7.17333,54.28073],[-7.17332,54.28081],[-7.17329,54.28086],[-7.17327,54.28092],[-7.17328,54.28098],[-7.17328,54.28102],[-7.17325,54.28108],[-7.17319,54.28115],[-7.17313,54.2812],[-7.1731,54.28124],[-7.1731,54.2813],[-7.17313,54.28135],[-7.17312,54.2815],[-7.17316,54.28158],[-7.17318,54.28167],[-7.17321,54.28172],[-7.17325,54.28178],[-7.17316,54.28183],[-7.1731,54.28189],[-7.17306,54.28198],[-7.17313,54.28209],[-7.17316,54.28214],[-7.17302,54.28242],[-7.17292,54.28252],[-7.17278,54.28255],[-7.17271,54.28255],[-7.17262,54.28261],[-7.17264,54.28267],[-7.17262,54.28273],[-7.17255,54.28279],[-7.17255,54.28289],[-7.17252,54.28296],[-7.17246,54.28296],[-7.17242,54.28297],[-7.17231,54.28311],[-7.17225,54.28314],[-7.17219,54.28313],[-7.17214,54.28311],[-7.17213,54.28307],[-7.17217,54.28303],[-7.1722,54.28298],[-7.17216,54.28293],[-7.17208,54.28296],[-7.172,54.28301],[-7.17189,54.28301],[-7.17183,54.28301],[-7.17176,54.28302],[-7.17169,54.28306],[-7.17164,54.28313],[-7.17173,54.28328],[-7.17175,54.28334],[-7.17175,54.28341],[-7.17174,54.28349],[-7.17167,54.28359],[-7.17159,54.28362],[-7.17151,54.28363],[-7.17144,54.28363],[-7.17138,54.2836],[-7.17133,54.28359],[-7.17128,54.2836],[-7.17124,54.28366],[-7.17126,54.28377],[-7.17131,54.28387],[-7.17135,54.28392],[-7.17139,54.28401],[-7.1714,54.28413],[-7.17141,54.28426],[-7.1715,54.28444],[-7.17161,54.28459],[-7.17166,54.28469],[-7.17164,54.28477],[-7.17164,54.28496],[-7.17168,54.28502],[-7.17178,54.28514],[-7.17189,54.28522],[-7.172,54.28535],[-7.17207,54.28539],[-7.17226,54.28541],[-7.17241,54.28543],[-7.17254,54.28549],[-7.1727,54.28569],[-7.17287,54.28597],[-7.17294,54.28607],[-7.17308,54.28613],[-7.1732,54.28617],[-7.17338,54.28613],[-7.17354,54.28606],[-7.17365,54.28601],[-7.17375,54.28598],[-7.1739,54.28598],[-7.17403,54.286],[-7.17408,54.28604],[-7.17414,54.28612],[-7.1742,54.28614],[-7.17427,54.28611],[-7.17432,54.28607],[-7.1744,54.28606],[-7.1747,54.28604],[-7.1747,54.28608],[-7.17471,54.28613],[-7.17475,54.28616],[-7.17485,54.28621],[-7.17492,54.28621],[-7.17501,54.2862],[-7.17523,54.28616],[-7.17531,54.28613],[-7.17538,54.28614],[-7.17545,54.28617],[-7.17548,54.28621],[-7.17559,54.28624],[-7.17591,54.28638],[-7.17609,54.28634],[-7.17635,54.2863],[-7.17673,54.28628],[-7.17692,54.28629],[-7.17725,54.28633],[-7.17736,54.28632],[-7.17748,54.28628],[-7.17763,54.28629],[-7.17771,54.28633],[-7.17773,54.28636],[-7.17775,54.28639],[-7.17779,54.28644],[-7.17786,54.28647],[-7.17794,54.28648],[-7.17798,54.28651],[-7.17796,54.28655],[-7.17805,54.28655],[-7.17823,54.28651],[-7.17847,54.28648],[-7.17857,54.28648],[-7.1787,54.28653],[-7.17871,54.28662],[-7.17875,54.28666],[-7.17887,54.28666],[-7.17893,54.28667],[-7.17936,54.28662],[-7.17941,54.28658],[-7.17951,54.28651],[-7.17959,54.28647],[-7.17985,54.28644],[-7.18004,54.28641],[-7.1802,54.28643],[-7.18049,54.28644],[-7.18068,54.28641],[-7.18085,54.28637],[-7.18113,54.28636],[-7.18138,54.28638],[-7.18157,54.28641],[-7.18167,54.28644],[-7.18175,54.28647],[-7.18181,54.28654],[-7.18181,54.2866],[-7.18177,54.28664],[-7.18162,54.28671],[-7.18156,54.28674],[-7.18151,54.28682],[-7.18146,54.28685],[-7.1814,54.28687],[-7.18137,54.28692],[-7.18132,54.28701],[-7.18128,54.28705],[-7.1812,54.28705],[-7.18106,54.28707],[-7.18104,54.28709],[-7.18104,54.28718],[-7.18108,54.28728],[-7.1811,54.28736],[-7.18106,54.28742],[-7.18099,54.28748],[-7.1809,54.28751],[-7.18079,54.28751],[-7.18069,54.2875],[-7.18068,54.28753],[-7.1807,54.28757],[-7.18073,54.28769],[-7.18078,54.28785],[-7.18087,54.28791],[-7.18102,54.28795],[-7.18115,54.28798],[-7.18124,54.28798],[-7.18131,54.28798],[-7.18137,54.28801],[-7.18141,54.28807],[-7.18146,54.28811],[-7.1815,54.28812],[-7.18157,54.28812],[-7.18191,54.28805],[-7.18244,54.2879],[-7.18258,54.28788],[-7.18296,54.28789],[-7.18311,54.28788],[-7.18322,54.28783],[-7.18333,54.28774],[-7.18343,54.28767],[-7.18355,54.28763],[-7.18371,54.2876],[-7.18386,54.28757],[-7.18395,54.28756],[-7.18403,54.28756],[-7.1841,54.2876],[-7.18413,54.28766],[-7.1843,54.28771],[-7.18455,54.28773],[-7.18474,54.28773],[-7.18502,54.28778],[-7.18514,54.28777],[-7.18528,54.28776],[-7.18543,54.28769],[-7.18554,54.28766],[-7.18561,54.28762],[-7.18565,54.28759],[-7.18581,54.28759],[-7.18591,54.28763],[-7.18594,54.28767],[-7.18593,54.28774],[-7.18588,54.28779],[-7.18582,54.28782],[-7.1858,54.2879],[-7.18611,54.28804],[-7.18619,54.28804],[-7.18629,54.28806],[-7.18643,54.28821],[-7.1865,54.28825],[-7.18657,54.28826],[-7.18658,54.2883],[-7.18658,54.28841],[-7.1866,54.28847],[-7.18662,54.2885],[-7.18667,54.28852],[-7.18673,54.28852],[-7.18679,54.28851],[-7.18687,54.28852],[-7.18741,54.28881],[-7.18747,54.28885],[-7.18753,54.28886],[-7.18762,54.2889],[-7.18764,54.28895],[-7.18762,54.28899],[-7.18756,54.28902],[-7.18747,54.28904],[-7.18743,54.28906],[-7.18735,54.2891],[-7.18735,54.28913],[-7.18738,54.28916],[-7.18742,54.28917],[-7.18743,54.28918],[-7.18743,54.28924],[-7.18746,54.28927],[-7.1875,54.28928],[-7.18769,54.28928],[-7.18781,54.28933],[-7.18784,54.28939],[-7.18786,54.28955],[-7.1879,54.28963],[-7.18802,54.2897],[-7.18805,54.28974],[-7.18799,54.28979],[-7.18796,54.2898],[-7.18792,54.28984],[-7.18795,54.28986],[-7.18805,54.28991],[-7.18813,54.28993],[-7.1882,54.28996],[-7.18826,54.29003],[-7.18838,54.2901],[-7.18863,54.29026],[-7.18892,54.29035],[-7.18909,54.29039],[-7.18916,54.29041],[-7.18941,54.29052],[-7.18969,54.29051],[-7.18981,54.29054],[-7.18988,54.29056],[-7.18992,54.29056],[-7.19004,54.29057],[-7.19026,54.29061],[-7.19049,54.29069],[-7.19061,54.29071],[-7.19073,54.2908],[-7.19081,54.29082],[-7.19086,54.29082],[-7.1909,54.2908],[-7.19099,54.2908],[-7.19108,54.29083],[-7.19115,54.29088],[-7.1913,54.2909],[-7.19178,54.29101],[-7.19194,54.29103],[-7.1922,54.29111],[-7.19244,54.29115],[-7.19273,54.29118],[-7.19281,54.29118],[-7.19286,54.29122],[-7.19305,54.29124],[-7.19335,54.2913],[-7.19393,54.29144],[-7.1941,54.29152],[-7.19439,54.2918],[-7.19464,54.29201],[-7.19489,54.29222],[-7.19514,54.29236],[-7.19546,54.29251],[-7.19571,54.29261],[-7.19593,54.29268],[-7.19659,54.29277],[-7.19692,54.29286],[-7.19702,54.29286],[-7.19722,54.29289],[-7.19753,54.293],[-7.1976,54.29302],[-7.19767,54.29303],[-7.19794,54.29303],[-7.19806,54.29306],[-7.1981,54.29312],[-7.19811,54.2932],[-7.19817,54.29325],[-7.19833,54.29334],[-7.19876,54.29358],[-7.199,54.29373],[-7.19911,54.29378],[-7.19921,54.29381],[-7.19931,54.29382],[-7.1994,54.29383],[-7.19946,54.29386],[-7.19957,54.29389],[-7.1998,54.29392],[-7.20004,54.29391],[-7.2003,54.29387],[-7.20056,54.29379],[-7.20067,54.29374],[-7.2009,54.29379],[-7.20108,54.29379],[-7.20126,54.29382],[-7.2014,54.29387],[-7.2015,54.29393],[-7.20157,54.29402],[-7.20169,54.29412],[-7.20201,54.29436],[-7.20204,54.29443],[-7.20201,54.29457],[-7.2021,54.29457],[-7.2024,54.29468],[-7.20262,54.29471],[-7.20299,54.29475],[-7.20317,54.29475],[-7.20334,54.29472],[-7.20346,54.29467],[-7.20372,54.29462],[-7.20396,54.29459],[-7.20406,54.29458],[-7.2042,54.29455],[-7.20434,54.29454],[-7.2045,54.2945],[-7.20491,54.29443],[-7.20518,54.29438],[-7.20578,54.29437],[-7.20671,54.29431],[-7.20683,54.29434],[-7.20698,54.29438],[-7.20718,54.29452],[-7.20721,54.29456],[-7.20736,54.29461],[-7.20765,54.29492],[-7.20808,54.29529],[-7.20827,54.29558],[-7.2086,54.29598],[-7.20893,54.29639],[-7.209,54.29647],[-7.20912,54.29653],[-7.20925,54.29668],[-7.20941,54.29691],[-7.2096,54.2972],[-7.20966,54.29724],[-7.20965,54.29728],[-7.20964,54.29733],[-7.2105,54.29807],[-7.21084,54.29836],[-7.21115,54.29867],[-7.21151,54.29903],[-7.21185,54.2994],[-7.21212,54.29961],[-7.21142,54.3001],[-7.2096,54.30132],[-7.20883,54.30182],[-7.20824,54.30221],[-7.20779,54.30252],[-7.20753,54.30268],[-7.2074,54.30291],[-7.20724,54.30315],[-7.20708,54.30344],[-7.20701,54.30357],[-7.20691,54.30361],[-7.20685,54.30371],[-7.20676,54.30377],[-7.20672,54.30384],[-7.20668,54.30392],[-7.20663,54.30402],[-7.20663,54.30423],[-7.20671,54.30451],[-7.20675,54.3046],[-7.20673,54.30465],[-7.20673,54.30473],[-7.20674,54.30481],[-7.20678,54.30482],[-7.20621,54.30518],[-7.20611,54.30516],[-7.20588,54.30526],[-7.20573,54.30536],[-7.20544,54.30546],[-7.20541,54.30554],[-7.20528,54.30563],[-7.205,54.30569],[-7.20471,54.30568],[-7.2043,54.30566],[-7.20429,54.30571],[-7.20426,54.30576],[-7.20414,54.30576],[-7.20394,54.30577],[-7.20356,54.30576],[-7.20341,54.30573],[-7.20257,54.30607],[-7.20257,54.30621],[-7.20252,54.3063],[-7.20242,54.30633],[-7.20228,54.30636],[-7.2021,54.30631],[-7.20196,54.30632],[-7.20182,54.30638],[-7.20177,54.30643],[-7.20184,54.30653],[-7.20189,54.30658],[-7.20184,54.30671],[-7.20198,54.30683],[-7.20198,54.30691],[-7.20188,54.30707],[-7.20169,54.3072],[-7.20162,54.30723],[-7.20147,54.30723],[-7.20127,54.30723],[-7.20114,54.30725],[-7.20108,54.30733],[-7.20114,54.30738],[-7.20125,54.30739],[-7.2014,54.3074],[-7.20152,54.30745],[-7.20154,54.30749],[-7.20145,54.30758],[-7.20116,54.3078],[-7.20105,54.30782],[-7.20091,54.30784],[-7.20075,54.30785],[-7.20071,54.30783],[-7.20067,54.30775],[-7.20063,54.30765],[-7.20054,54.30762],[-7.20043,54.30765],[-7.20034,54.30771],[-7.20032,54.30781],[-7.20028,54.30785],[-7.20022,54.30787],[-7.20009,54.30783],[-7.19996,54.30778],[-7.19985,54.30778],[-7.19974,54.30784],[-7.19968,54.30785],[-7.19962,54.30787],[-7.19955,54.30793],[-7.19953,54.308],[-7.1996,54.30811],[-7.19961,54.30815],[-7.19955,54.30819],[-7.1994,54.3082],[-7.1992,54.30821],[-7.19914,54.30825],[-7.19893,54.30843],[-7.19877,54.30849],[-7.19866,54.30852],[-7.19857,54.30859],[-7.19861,54.30869],[-7.19874,54.3088],[-7.19888,54.30892],[-7.1989,54.30901],[-7.19875,54.30907],[-7.19843,54.30912],[-7.19823,54.30915],[-7.19822,54.3093],[-7.19828,54.30935],[-7.19843,54.30938],[-7.19853,54.30945],[-7.19856,54.30955],[-7.19855,54.30967],[-7.19835,54.30981],[-7.19818,54.30994],[-7.19797,54.31009],[-7.19796,54.3102],[-7.19806,54.31028],[-7.1983,54.31032],[-7.19828,54.31037],[-7.19818,54.3105],[-7.19812,54.31053],[-7.19796,54.31053],[-7.19776,54.31052],[-7.19754,54.31052],[-7.19746,54.31055],[-7.19749,54.3106],[-7.19767,54.31063],[-7.1979,54.31073],[-7.19795,54.3108],[-7.19789,54.31082],[-7.19776,54.31085],[-7.19774,54.3109],[-7.19775,54.31102],[-7.19771,54.31105],[-7.19753,54.31105],[-7.19734,54.31101],[-7.1971,54.31093],[-7.19685,54.31087],[-7.19656,54.31087],[-7.19634,54.31086],[-7.19625,54.31079],[-7.19608,54.31062],[-7.19593,54.31053],[-7.19568,54.31048],[-7.19546,54.31054],[-7.19523,54.31065],[-7.19498,54.3108],[-7.19486,54.31085],[-7.19467,54.31087],[-7.19427,54.31085],[-7.19389,54.31077],[-7.19371,54.31076],[-7.19357,54.3108],[-7.19347,54.31094],[-7.19329,54.31109],[-7.19313,54.31114],[-7.193,54.31117],[-7.19287,54.31118],[-7.19272,54.31125],[-7.19259,54.3113],[-7.19226,54.31134],[-7.19211,54.3114],[-7.19196,54.31157],[-7.19189,54.31168],[-7.19184,54.31178],[-7.19173,54.31184],[-7.19164,54.31187],[-7.19153,54.31175],[-7.19137,54.31172],[-7.19123,54.31171],[-7.19117,54.31169],[-7.19109,54.31175],[-7.19101,54.31178],[-7.19063,54.31172],[-7.19012,54.31157],[-7.18991,54.3115],[-7.18978,54.31139],[-7.18955,54.31131],[-7.18924,54.31124],[-7.18903,54.31112],[-7.18874,54.31098],[-7.18855,54.31094],[-7.18836,54.31089],[-7.1882,54.31082],[-7.18805,54.3107],[-7.18783,54.31061],[-7.18752,54.31057],[-7.18725,54.31057],[-7.18697,54.31052],[-7.18676,54.31052],[-7.1865,54.31052],[-7.18615,54.31047],[-7.18595,54.3105],[-7.18576,54.31049],[-7.18559,54.31046],[-7.1854,54.31045],[-7.18528,54.31041],[-7.1851,54.31035],[-7.185,54.3103],[-7.18483,54.31032],[-7.18469,54.31035],[-7.18467,54.31039],[-7.18467,54.31044],[-7.18462,54.31049],[-7.18452,54.31054],[-7.18437,54.31056],[-7.18426,54.31055],[-7.18403,54.3106],[-7.18388,54.31067],[-7.18375,54.31071],[-7.18351,54.31077],[-7.18334,54.31077],[-7.18331,54.31076],[-7.18329,54.31074],[-7.18328,54.31068],[-7.18318,54.31055],[-7.18317,54.31046],[-7.18316,54.31041],[-7.18313,54.31036],[-7.1831,54.31032],[-7.18305,54.31028],[-7.18298,54.31025],[-7.18283,54.31025],[-7.18277,54.31024],[-7.1826,54.31012],[-7.18253,54.31006],[-7.18246,54.30987],[-7.18253,54.3098],[-7.18258,54.30977],[-7.18266,54.30967],[-7.18268,54.3096],[-7.18268,54.30956],[-7.1827,54.30947],[-7.18268,54.30942],[-7.18258,54.30932],[-7.18249,54.3093],[-7.18231,54.30928],[-7.18208,54.30928],[-7.1817,54.30923],[-7.18159,54.30918],[-7.18139,54.30918],[-7.18121,54.30915],[-7.18107,54.30915],[-7.18091,54.30919],[-7.18079,54.3092],[-7.18059,54.30921],[-7.18047,54.30923],[-7.18036,54.30922],[-7.18017,54.30925],[-7.17999,54.30925],[-7.17973,54.30923],[-7.17958,54.30924],[-7.17948,54.30928],[-7.1795,54.30953],[-7.17946,54.30955],[-7.17932,54.30962],[-7.17918,54.30972],[-7.17917,54.30982],[-7.17917,54.30988],[-7.17906,54.31],[-7.17904,54.31009],[-7.17909,54.31017],[-7.17916,54.31025],[-7.17921,54.31035],[-7.17924,54.31048],[-7.17921,54.31071],[-7.17925,54.31082],[-7.17922,54.31087],[-7.17919,54.31092],[-7.17908,54.31103],[-7.17907,54.3111],[-7.17909,54.31113],[-7.17907,54.31119],[-7.17898,54.31122],[-7.17892,54.31125],[-7.17889,54.31128],[-7.17891,54.31134],[-7.17895,54.31137],[-7.17902,54.31137],[-7.17907,54.31137],[-7.17908,54.31145],[-7.17906,54.31149],[-7.17905,54.31153],[-7.17912,54.31158],[-7.17916,54.31162],[-7.17923,54.31167],[-7.17924,54.31169],[-7.17922,54.31175],[-7.17912,54.31181],[-7.17915,54.31187],[-7.17941,54.31193],[-7.17942,54.31195],[-7.17941,54.31203],[-7.17944,54.3121],[-7.17947,54.31221],[-7.17947,54.31227],[-7.17944,54.31233],[-7.17942,54.31244],[-7.17942,54.31249],[-7.17937,54.31251],[-7.17927,54.3125],[-7.17899,54.31252],[-7.17912,54.31264],[-7.17909,54.31287],[-7.17905,54.31301],[-7.17905,54.31323],[-7.17902,54.31339],[-7.17914,54.31357],[-7.17927,54.31368],[-7.17939,54.31399],[-7.17937,54.31411],[-7.17933,54.3142],[-7.17934,54.31438],[-7.17938,54.31449],[-7.17944,54.31456],[-7.17945,54.31466],[-7.17945,54.31474],[-7.17938,54.31481],[-7.17925,54.31488],[-7.17919,54.31496],[-7.17918,54.31516],[-7.17911,54.31522],[-7.17899,54.3153],[-7.17883,54.3155],[-7.17875,54.31561],[-7.17862,54.31571],[-7.17851,54.31576],[-7.1783,54.31594],[-7.17812,54.31614],[-7.17812,54.31619],[-7.17817,54.31629],[-7.17815,54.31638],[-7.17807,54.31647],[-7.17803,54.31655],[-7.17806,54.31675],[-7.17813,54.3169],[-7.17821,54.31698],[-7.17825,54.31703],[-7.1782,54.3171],[-7.17819,54.3172],[-7.17828,54.31735],[-7.17838,54.31743],[-7.17849,54.31748],[-7.17862,54.31753],[-7.1787,54.31759],[-7.17872,54.31764],[-7.17868,54.31767],[-7.17869,54.31771],[-7.17875,54.31781],[-7.17876,54.31786],[-7.17872,54.31796],[-7.17857,54.31801],[-7.17845,54.31804],[-7.17847,54.31807],[-7.17863,54.3182],[-7.17873,54.31833],[-7.17868,54.31838],[-7.17866,54.31845],[-7.17869,54.31851],[-7.17875,54.31858],[-7.17881,54.31881],[-7.17887,54.31899],[-7.17895,54.31906],[-7.17913,54.31915],[-7.17923,54.31923],[-7.17925,54.31935],[-7.17927,54.31944],[-7.17934,54.31953],[-7.17938,54.31964],[-7.1794,54.31979],[-7.17957,54.3198],[-7.17962,54.31982],[-7.17968,54.31985],[-7.1798,54.31996],[-7.17991,54.32002],[-7.17995,54.32007],[-7.17995,54.32014],[-7.17987,54.32019],[-7.17977,54.32024],[-7.17972,54.3203],[-7.1797,54.32041],[-7.17975,54.32049],[-7.1798,54.32055],[-7.17985,54.32061],[-7.17985,54.32067],[-7.17973,54.32083],[-7.17972,54.32097],[-7.17982,54.32143],[-7.1798,54.32156],[-7.17998,54.32169],[-7.17997,54.32175],[-7.17995,54.32185],[-7.18,54.32192],[-7.1801,54.32204],[-7.18014,54.32214],[-7.18012,54.32223],[-7.18007,54.32226],[-7.18003,54.32236],[-7.18007,54.32264],[-7.18009,54.32301],[-7.18007,54.32308],[-7.18,54.32311],[-7.17992,54.32318],[-7.17995,54.32326],[-7.18006,54.32341],[-7.1801,54.32354],[-7.18007,54.3236],[-7.18003,54.32371],[-7.18005,54.32386],[-7.18013,54.3241],[-7.18014,54.32416],[-7.18007,54.32424],[-7.18001,54.32446],[-7.18004,54.32453],[-7.18013,54.32468],[-7.18014,54.3248],[-7.18017,54.32494],[-7.18018,54.32512],[-7.18027,54.3252],[-7.18042,54.32522],[-7.18053,54.32526],[-7.18064,54.3253],[-7.18077,54.32532],[-7.1809,54.32536],[-7.181,54.32542],[-7.18097,54.32555],[-7.18097,54.32575],[-7.18102,54.32596],[-7.18098,54.32608],[-7.1809,54.32624],[-7.18094,54.32628],[-7.181,54.3263],[-7.18096,54.32637],[-7.18092,54.32642],[-7.18086,54.32651],[-7.18077,54.3266],[-7.18069,54.32673],[-7.18067,54.32683],[-7.18082,54.3269],[-7.18086,54.32694],[-7.18089,54.32703],[-7.18089,54.32705],[-7.18085,54.32713],[-7.18079,54.32719],[-7.1808,54.32725],[-7.18077,54.3273],[-7.18065,54.32735],[-7.18062,54.32741],[-7.1807,54.32753],[-7.18083,54.3276],[-7.18095,54.32765],[-7.18109,54.32768],[-7.18119,54.3279],[-7.18122,54.32803],[-7.18126,54.32809],[-7.18143,54.32815],[-7.18152,54.32821],[-7.18173,54.32841],[-7.18174,54.32849],[-7.18172,54.32858],[-7.18175,54.32866],[-7.18177,54.3287],[-7.18177,54.32875],[-7.18178,54.32881],[-7.18177,54.32885],[-7.18168,54.32893],[-7.18166,54.329],[-7.18164,54.32909],[-7.18166,54.32919],[-7.18173,54.32924],[-7.18174,54.3293],[-7.18177,54.3294],[-7.18172,54.32957],[-7.18148,54.32987],[-7.18144,54.32995],[-7.18132,54.33009],[-7.18129,54.33027],[-7.1813,54.33035],[-7.18121,54.33056],[-7.1812,54.33064],[-7.18117,54.33068],[-7.18117,54.33077],[-7.18115,54.33085],[-7.18115,54.33096],[-7.18119,54.33106],[-7.1811,54.33122],[-7.18101,54.33134],[-7.18094,54.33147],[-7.18082,54.33153],[-7.18074,54.33159],[-7.18069,54.33167],[-7.18071,54.33175],[-7.18068,54.33182],[-7.18059,54.33186],[-7.18072,54.33194],[-7.18069,54.33207],[-7.18079,54.33213],[-7.18102,54.33224],[-7.18122,54.33244],[-7.18129,54.33248],[-7.18132,54.33266],[-7.18142,54.33279],[-7.18154,54.33291],[-7.18151,54.33311],[-7.18162,54.33334],[-7.18226,54.3338],[-7.18291,54.33421],[-7.18336,54.33454],[-7.18374,54.33481],[-7.18396,54.33501],[-7.18426,54.33516],[-7.18449,54.33519],[-7.18476,54.33523],[-7.18528,54.33531],[-7.18566,54.33544],[-7.18603,54.33561],[-7.18625,54.3357],[-7.18645,54.33576],[-7.18658,54.33589],[-7.18671,54.33608],[-7.18708,54.33626],[-7.18741,54.33648],[-7.18766,54.33673],[-7.1885,54.33748],[-7.18863,54.33773],[-7.18713,54.33827],[-7.18542,54.33885],[-7.18484,54.33906],[-7.18447,54.33927],[-7.18355,54.33983],[-7.18294,54.33979],[-7.18259,54.33975],[-7.18232,54.33975],[-7.18193,54.33978],[-7.18164,54.33983],[-7.18132,54.33973],[-7.18107,54.3397],[-7.18082,54.3397],[-7.18045,54.3396],[-7.18005,54.3395],[-7.17963,54.33945],[-7.17784,54.3391],[-7.17575,54.3386],[-7.1752,54.33848],[-7.17493,54.3384],[-7.17478,54.33832],[-7.17468,54.3382],[-7.17431,54.33803],[-7.17406,54.33794],[-7.17381,54.33788],[-7.1736,54.33782],[-7.17336,54.33785],[-7.17266,54.33791],[-7.17229,54.33789],[-7.17209,54.33786],[-7.17159,54.33784],[-7.17099,54.33779],[-7.17045,54.33769],[-7.16999,54.33748],[-7.16965,54.33731],[-7.16945,54.33721],[-7.16905,54.33709],[-7.16885,54.337],[-7.16859,54.33691],[-7.1684,54.33682],[-7.16828,54.3368],[-7.1682,54.33675],[-7.16803,54.33673],[-7.16762,54.33664],[-7.16742,54.33662],[-7.16729,54.33656],[-7.16711,54.33646],[-7.16677,54.33643],[-7.1666,54.33637],[-7.16643,54.33633],[-7.16634,54.33635],[-7.16623,54.3364],[-7.1661,54.33642],[-7.16601,54.33647],[-7.16587,54.33647],[-7.1657,54.33649],[-7.16564,54.33653],[-7.16556,54.33653],[-7.16544,54.33657],[-7.16537,54.33661],[-7.16528,54.33662],[-7.16519,54.33662],[-7.16513,54.3366],[-7.16508,54.33659],[-7.16501,54.33656],[-7.1649,54.33654],[-7.16485,54.33656],[-7.16473,54.33651],[-7.16468,54.33656],[-7.16463,54.33655],[-7.16463,54.33651],[-7.16465,54.33647],[-7.1646,54.33644],[-7.16448,54.33645],[-7.16442,54.33647],[-7.16435,54.33651],[-7.16435,54.33655],[-7.16424,54.33658],[-7.16413,54.33662],[-7.16398,54.33666],[-7.16391,54.33671],[-7.16383,54.33671],[-7.16375,54.33669],[-7.16362,54.33672],[-7.16358,54.33672],[-7.16345,54.33677],[-7.16335,54.33678],[-7.16328,54.33686],[-7.16326,54.33689],[-7.16314,54.33691],[-7.16306,54.33694],[-7.163,54.33694],[-7.16292,54.33696],[-7.16288,54.33698],[-7.16279,54.33701],[-7.16264,54.33701],[-7.16216,54.33693],[-7.16205,54.33692],[-7.16197,54.33695],[-7.16185,54.33694],[-7.1617,54.33694],[-7.16166,54.33691],[-7.16152,54.33688],[-7.16136,54.33681],[-7.16126,54.33679],[-7.16116,54.33676],[-7.16111,54.33672],[-7.16097,54.33671],[-7.16084,54.33672],[-7.16074,54.33668],[-7.1606,54.33668],[-7.16049,54.33666],[-7.16039,54.33666],[-7.16025,54.33664],[-7.16016,54.33664],[-7.16007,54.33666],[-7.16002,54.33668],[-7.15991,54.33668],[-7.15983,54.33663],[-7.15981,54.33658],[-7.1598,54.33654],[-7.15985,54.33653],[-7.15986,54.33649],[-7.1598,54.33645],[-7.15964,54.33639],[-7.15949,54.33638],[-7.15937,54.3364],[-7.15919,54.33638],[-7.15879,54.33628],[-7.15864,54.33628],[-7.15845,54.33626],[-7.15825,54.3362],[-7.15813,54.33619],[-7.15772,54.33611],[-7.15756,54.33609],[-7.15744,54.33604],[-7.15737,54.33607],[-7.15727,54.33607],[-7.15717,54.33602],[-7.15706,54.33598],[-7.15697,54.336],[-7.15682,54.33598],[-7.15667,54.33594],[-7.1566,54.33587],[-7.15653,54.33579],[-7.15644,54.33576],[-7.15624,54.33559],[-7.15624,54.33555],[-7.15613,54.3355],[-7.15604,54.33549],[-7.15598,54.33549],[-7.15594,54.33544],[-7.15586,54.33541],[-7.15576,54.33543],[-7.15573,54.3355],[-7.15568,54.3355],[-7.1556,54.33548],[-7.15558,54.33541],[-7.15555,54.33536],[-7.15544,54.33536],[-7.15535,54.33533],[-7.1553,54.33528],[-7.15523,54.33525],[-7.15513,54.33524],[-7.1551,54.33519],[-7.15503,54.3352],[-7.15495,54.33526],[-7.15487,54.3353],[-7.1548,54.33526],[-7.15476,54.33522],[-7.15473,54.33518],[-7.15465,54.33519],[-7.15461,54.33526],[-7.1545,54.33528],[-7.15437,54.33526],[-7.15432,54.33523],[-7.15423,54.33519],[-7.15398,54.33519],[-7.15381,54.33518],[-7.15293,54.33531],[-7.15256,54.33538],[-7.15196,54.33564],[-7.15084,54.33626],[-7.14946,54.33706],[-7.14815,54.33786],[-7.14771,54.33818],[-7.14734,54.33853],[-7.14703,54.33895],[-7.14675,54.33928],[-7.14636,54.3395],[-7.14593,54.33966],[-7.14549,54.33975],[-7.1449,54.33978],[-7.14383,54.33968],[-7.1425,54.3395],[-7.14175,54.33938],[-7.14154,54.33938],[-7.14133,54.33942],[-7.14113,54.33958],[-7.14101,54.33979],[-7.14097,54.34015],[-7.14073,54.34067],[-7.14073,54.34079],[-7.14076,54.34086],[-7.14072,54.34091],[-7.14057,54.34098],[-7.14038,54.34112],[-7.14028,54.34132],[-7.14031,54.34144],[-7.14039,54.34154],[-7.14035,54.34161],[-7.14026,54.34168],[-7.14023,54.34179],[-7.14028,54.34193],[-7.14032,54.34199],[-7.1403,54.34205],[-7.1403,54.34211],[-7.14035,54.34214],[-7.14038,54.34218],[-7.14033,54.34225],[-7.14033,54.34237],[-7.14033,54.34247],[-7.14029,54.34255],[-7.14017,54.34263],[-7.14001,54.34269],[-7.13974,54.34279],[-7.13964,54.34284],[-7.13963,54.34296],[-7.13957,54.34301],[-7.13931,54.34311],[-7.1392,54.34314],[-7.13911,54.34326],[-7.13901,54.34331],[-7.13893,54.34335],[-7.13891,54.34342],[-7.13884,54.34348],[-7.13873,54.34353],[-7.13866,54.34353],[-7.13859,54.34357],[-7.13841,54.3436],[-7.13824,54.34367],[-7.13797,54.34383],[-7.13765,54.34399],[-7.13751,54.34407],[-7.13747,54.34416],[-7.13737,54.34422],[-7.13725,54.34424],[-7.13694,54.34442],[-7.13672,54.34452],[-7.13652,54.34458],[-7.13637,54.34465],[-7.13583,54.34467],[-7.13574,54.34467],[-7.13565,54.34466],[-7.13557,54.3447],[-7.13545,54.34474],[-7.13536,54.34478],[-7.135,54.34487],[-7.13462,54.34491],[-7.13417,54.34498],[-7.13347,54.34506],[-7.13315,54.34507],[-7.13264,54.34506],[-7.13131,54.34497],[-7.13088,54.34492],[-7.13039,54.34494],[-7.12986,54.34499],[-7.12938,54.34504],[-7.12881,54.34517],[-7.1284,54.34531],[-7.12812,54.34544],[-7.12784,54.34566],[-7.12752,54.34585],[-7.12729,54.34602],[-7.12697,54.34629],[-7.12675,54.34651],[-7.12669,54.34671],[-7.12679,54.34742],[-7.12679,54.34764],[-7.12676,54.34773],[-7.12653,54.348],[-7.12642,54.34818],[-7.12602,54.3486],[-7.12591,54.34872],[-7.12591,54.34876],[-7.12563,54.34907],[-7.12554,54.34925],[-7.12546,54.34936],[-7.12534,54.34963],[-7.12513,54.34979],[-7.12492,54.3499],[-7.12478,54.34993],[-7.12465,54.35003],[-7.1245,54.35012],[-7.12428,54.35018],[-7.12421,54.35028],[-7.12415,54.35033],[-7.12407,54.35045],[-7.12398,54.35055],[-7.12375,54.3507],[-7.12353,54.35077],[-7.12334,54.35086],[-7.12309,54.35093],[-7.12291,54.35103],[-7.12284,54.35103],[-7.1227,54.35105],[-7.12247,54.35111],[-7.12229,54.35114],[-7.12214,54.35113],[-7.12158,54.35125],[-7.1214,54.35135],[-7.12124,54.35146],[-7.1211,54.35149],[-7.12098,54.35148],[-7.12088,54.35143],[-7.12065,54.35143],[-7.12043,54.35145],[-7.12033,54.35145],[-7.12023,54.35142],[-7.1201,54.3514],[-7.11987,54.3514],[-7.11956,54.35141],[-7.11937,54.35141],[-7.11933,54.35148],[-7.11915,54.35173],[-7.11908,54.35183],[-7.11898,54.35196],[-7.11884,54.35204],[-7.11849,54.35221],[-7.11826,54.35233],[-7.11805,54.35242],[-7.11797,54.3525],[-7.11779,54.35258],[-7.11742,54.35266],[-7.11715,54.35273],[-7.11704,54.35273],[-7.11686,54.35271],[-7.11672,54.35275],[-7.11658,54.35282],[-7.11638,54.35284],[-7.11602,54.35284],[-7.11588,54.35282],[-7.11574,54.35281],[-7.11556,54.3528],[-7.11539,54.35271],[-7.11528,54.35267],[-7.11503,54.35266],[-7.11473,54.35261],[-7.11457,54.35256],[-7.11449,54.35255],[-7.11428,54.3526],[-7.11407,54.3526],[-7.11377,54.35256],[-7.11344,54.35256],[-7.11309,54.35262],[-7.11287,54.35269],[-7.1127,54.35272],[-7.11253,54.35275],[-7.11225,54.35284],[-7.11211,54.35287],[-7.11202,54.35287],[-7.11182,54.35291],[-7.11172,54.35292],[-7.11155,54.35297],[-7.1113,54.35307],[-7.11106,54.3532],[-7.11096,54.35332],[-7.11097,54.35342],[-7.11097,54.3535],[-7.11086,54.35367],[-7.11082,54.35381],[-7.11075,54.35391],[-7.11056,54.35395],[-7.11045,54.35405],[-7.11038,54.35417],[-7.11028,54.35426],[-7.1101,54.3543],[-7.10995,54.35439],[-7.10983,54.35452],[-7.10957,54.35468],[-7.10938,54.35475],[-7.10917,54.35476],[-7.10903,54.35479],[-7.10878,54.35487],[-7.10851,54.35492],[-7.10835,54.35494],[-7.10793,54.35493],[-7.10741,54.35488],[-7.10714,54.35487],[-7.10683,54.35487],[-7.10658,54.35489],[-7.10628,54.355],[-7.10602,54.35517],[-7.10588,54.35527],[-7.10571,54.35539],[-7.10554,54.35547],[-7.10524,54.35553],[-7.10501,54.35553],[-7.10479,54.35558],[-7.10464,54.35559],[-7.10452,54.35564],[-7.10435,54.35564],[-7.10409,54.35569],[-7.1039,54.35574],[-7.10374,54.3558],[-7.10349,54.35594],[-7.10336,54.35605],[-7.10312,54.35634],[-7.10307,54.35656],[-7.10308,54.35677],[-7.10304,54.35686],[-7.10298,54.35696],[-7.10298,54.35738],[-7.10307,54.35802],[-7.10305,54.35814],[-7.10302,54.35826],[-7.103,54.35834],[-7.10305,54.35839],[-7.10312,54.35847],[-7.10317,54.35851],[-7.10314,54.35855],[-7.10306,54.35858],[-7.10301,54.35866],[-7.103,54.35906],[-7.10293,54.35918],[-7.10287,54.35924],[-7.10281,54.35939],[-7.1028,54.35958],[-7.10283,54.35967],[-7.10282,54.35976],[-7.10279,54.35984],[-7.1027,54.35992],[-7.10267,54.36003],[-7.10254,54.36015],[-7.10243,54.36023],[-7.10233,54.36043],[-7.10219,54.36049],[-7.10199,54.36046],[-7.10187,54.36043],[-7.10177,54.36053],[-7.10172,54.36063],[-7.10171,54.36076],[-7.10214,54.3608],[-7.10238,54.36081],[-7.10257,54.36085],[-7.10271,54.36093],[-7.10287,54.36107],[-7.10465,54.36246],[-7.10661,54.3639],[-7.10818,54.365],[-7.10897,54.36558],[-7.10923,54.36581],[-7.10946,54.36631],[-7.1098,54.36697],[-7.1099,54.36724],[-7.10994,54.36747],[-7.10991,54.36774],[-7.10984,54.36806],[-7.10977,54.36824],[-7.10971,54.36829],[-7.10915,54.36821],[-7.109,54.36821],[-7.10875,54.36827],[-7.10851,54.36832],[-7.10827,54.36835],[-7.10791,54.36834],[-7.10763,54.36829],[-7.10738,54.36822],[-7.10644,54.36807],[-7.10603,54.36803],[-7.10576,54.36825],[-7.10555,54.36838],[-7.10471,54.36917],[-7.10432,54.36944],[-7.10193,54.37062],[-7.09888,54.37208],[-7.0969,54.37287],[-7.09515,54.37356],[-7.09428,54.37381],[-7.09366,54.37395],[-7.09351,54.37403],[-7.09321,54.37417],[-7.09148,54.37487],[-7.09103,54.37525],[-7.09064,54.37552],[-7.09039,54.37565],[-7.09015,54.37575],[-7.08967,54.37603],[-7.08855,54.37664],[-7.08818,54.37688],[-7.08812,54.37695],[-7.08454,54.37864],[-7.08472,54.38029],[-7.08472,54.38038],[-7.08437,54.38074],[-7.08408,54.38106],[-7.08398,54.38123],[-7.08394,54.38143],[-7.08386,54.38156],[-7.08373,54.38168],[-7.08355,54.38178],[-7.08313,54.38178],[-7.08249,54.38201],[-7.08215,54.38212],[-7.08182,54.38225],[-7.08144,54.38243],[-7.08119,54.38258],[-7.08101,54.38271],[-7.08084,54.38287],[-7.08076,54.38305],[-7.08064,54.38323],[-7.08052,54.38336],[-7.08026,54.38353],[-7.07982,54.38377],[-7.07884,54.38423],[-7.07784,54.3847],[-7.0774,54.38495],[-7.07701,54.38513],[-7.07669,54.38528],[-7.07598,54.3856],[-7.07558,54.38592],[-7.07515,54.38632],[-7.07453,54.38684],[-7.07391,54.38738],[-7.07368,54.38755],[-7.07323,54.38786],[-7.07304,54.38805],[-7.07266,54.38821],[-7.07246,54.38832],[-7.07228,54.38845],[-7.07216,54.38857],[-7.07214,54.38869],[-7.07209,54.38882],[-7.07198,54.38894],[-7.07186,54.38904],[-7.07176,54.38917],[-7.07146,54.38933],[-7.07124,54.38942],[-7.07113,54.38948],[-7.0711,54.38957],[-7.0711,54.38969],[-7.07112,54.38986],[-7.07106,54.38989],[-7.07096,54.38993],[-7.07086,54.38996],[-7.07079,54.39002],[-7.07075,54.39011],[-7.0707,54.3902],[-7.07069,54.39026],[-7.07075,54.39037],[-7.07085,54.39044],[-7.07101,54.39052],[-7.07104,54.39055],[-7.071,54.39062],[-7.07097,54.39072],[-7.07104,54.39103],[-7.07108,54.39117],[-7.0711,54.39121],[-7.07119,54.39121],[-7.07137,54.39121],[-7.07151,54.39117],[-7.07162,54.39111],[-7.07174,54.39114],[-7.07186,54.39124],[-7.0719,54.39131],[-7.07186,54.39142],[-7.07173,54.39159],[-7.07159,54.39173],[-7.07148,54.39184],[-7.07143,54.39199],[-7.07136,54.39211],[-7.07121,54.39216],[-7.07097,54.39222],[-7.07081,54.39228],[-7.0707,54.39232],[-7.07064,54.39239],[-7.07064,54.39245],[-7.07069,54.39252],[-7.07071,54.39258],[-7.0707,54.39266],[-7.07074,54.39286],[-7.07087,54.39296],[-7.071,54.3931],[-7.07108,54.39333],[-7.07124,54.39355],[-7.07126,54.39373],[-7.07121,54.39383],[-7.0711,54.39391],[-7.07103,54.39405],[-7.07101,54.39413],[-7.07086,54.39424],[-7.07069,54.39434],[-7.07064,54.39443],[-7.07059,54.39453],[-7.07049,54.39458],[-7.07047,54.39468],[-7.07051,54.39478],[-7.07049,54.39483],[-7.07034,54.39494],[-7.0702,54.39508],[-7.07013,54.39518],[-7.07007,54.39531],[-7.07005,54.3954],[-7.06994,54.39544],[-7.06971,54.39563],[-7.06955,54.39575],[-7.06947,54.3958],[-7.0694,54.3959],[-7.06931,54.39594],[-7.06914,54.39597],[-7.069,54.396],[-7.06889,54.39609],[-7.06877,54.39615],[-7.06855,54.39626],[-7.06842,54.39632],[-7.06822,54.39635],[-7.06823,54.3965],[-7.06812,54.39669],[-7.06804,54.3967],[-7.06781,54.39677],[-7.06764,54.39683],[-7.06759,54.39691],[-7.06756,54.39699],[-7.06747,54.39704],[-7.06739,54.3971],[-7.06727,54.39718],[-7.06719,54.39726],[-7.06707,54.39735],[-7.06693,54.39744],[-7.06676,54.39745],[-7.06657,54.39751],[-7.06632,54.39757],[-7.06618,54.39758],[-7.06607,54.39763],[-7.06602,54.39772],[-7.06596,54.3978],[-7.06587,54.39782],[-7.06567,54.39786],[-7.06556,54.39792],[-7.06545,54.39798],[-7.0654,54.39807],[-7.06541,54.39823],[-7.06545,54.39842],[-7.06542,54.39849],[-7.06531,54.39852],[-7.06513,54.39861],[-7.06487,54.39877],[-7.06465,54.39889],[-7.06445,54.39891],[-7.06428,54.399],[-7.06391,54.3992],[-7.06368,54.39934],[-7.06291,54.40012],[-7.06159,54.40159],[-7.06113,54.40206],[-7.06085,54.40252],[-7.0606,54.40301],[-7.05999,54.40426],[-7.05974,54.40478],[-7.05964,54.40505],[-7.05861,54.40563],[-7.05774,54.4061],[-7.05734,54.40632],[-7.05715,54.40655],[-7.05689,54.40693],[-7.05634,54.40764],[-7.0562,54.40792],[-7.05617,54.4082],[-7.05616,54.40835],[-7.05674,54.40887],[-7.05666,54.40899],[-7.05734,54.41104],[-7.05724,54.41112],[-7.05633,54.41072],[-7.0562,54.41073],[-7.0561,54.4107],[-7.05609,54.41063],[-7.05594,54.41056],[-7.05553,54.41035],[-7.05493,54.41007],[-7.0548,54.41021],[-7.0548,54.41048],[-7.05478,54.41065],[-7.0547,54.41075],[-7.05456,54.41086],[-7.05442,54.41108],[-7.05427,54.41121],[-7.05397,54.41144],[-7.05385,54.41157],[-7.05377,54.41178],[-7.05373,54.41197],[-7.05373,54.41212],[-7.0537,54.41219],[-7.05355,54.41228],[-7.05328,54.4124],[-7.05313,54.41242],[-7.05296,54.41243],[-7.0527,54.41243],[-7.05255,54.41244],[-7.05238,54.41248],[-7.05225,54.41254],[-7.05195,54.41272],[-7.05166,54.4129],[-7.0513,54.41304],[-7.05083,54.41317],[-7.04889,54.41364],[-7.04763,54.41396],[-7.04733,54.414],[-7.04709,54.41406],[-7.04652,54.41424],[-7.04638,54.41426],[-7.04629,54.41423],[-7.04624,54.41421],[-7.04612,54.41421],[-7.04599,54.41429],[-7.04592,54.41435],[-7.04576,54.41441],[-7.04562,54.41445],[-7.04549,54.41453],[-7.04532,54.41462],[-7.04512,54.41469],[-7.04461,54.41476],[-7.04404,54.4148],[-7.04347,54.41486],[-7.04326,54.41492],[-7.04305,54.415],[-7.04285,54.41501],[-7.04264,54.41503],[-7.04247,54.41513],[-7.04234,54.41523],[-7.04218,54.41537],[-7.0421,54.41553],[-7.04208,54.41576],[-7.04204,54.41593],[-7.04196,54.41608],[-7.04194,54.41628],[-7.04188,54.41643],[-7.04168,54.41667],[-7.04162,54.41685],[-7.04151,54.41697],[-7.04119,54.41726],[-7.04086,54.41752],[-7.04047,54.41776],[-7.04016,54.41789],[-7.03976,54.41798],[-7.03961,54.41801],[-7.03928,54.41792],[-7.03826,54.4176],[-7.038,54.41768],[-7.03776,54.41778],[-7.03748,54.41791],[-7.03724,54.4181],[-7.03706,54.41819],[-7.03673,54.41833],[-7.03651,54.41848],[-7.03627,54.4186],[-7.03599,54.41865],[-7.03559,54.41881],[-7.03532,54.4189],[-7.03504,54.41899],[-7.03475,54.41913],[-7.03443,54.41925],[-7.0342,54.41938],[-7.03268,54.42003],[-7.03142,54.42057],[-7.03115,54.42069],[-7.03094,54.42075],[-7.03071,54.4208],[-7.03042,54.42092],[-7.02989,54.42112],[-7.0298,54.42115],[-7.02964,54.42127],[-7.0295,54.42133],[-7.02918,54.42139],[-7.02897,54.42136],[-7.02869,54.42128],[-7.02848,54.42116],[-7.02832,54.42103],[-7.02828,54.42089],[-7.02831,54.42072],[-7.02829,54.4206],[-7.02816,54.42049],[-7.02777,54.42026],[-7.02725,54.42008],[-7.02679,54.41994],[-7.02641,54.4198],[-7.02621,54.41968],[-7.02606,54.41957],[-7.026,54.41948],[-7.02599,54.41938],[-7.02598,54.41927],[-7.02596,54.41915],[-7.02592,54.41905],[-7.02582,54.41898],[-7.02562,54.41892],[-7.02529,54.41885],[-7.02495,54.41875],[-7.02444,54.41857],[-7.02379,54.41839],[-7.02328,54.4182],[-7.0226,54.41799],[-7.0223,54.41787],[-7.02196,54.41778],[-7.02168,54.41778],[-7.02137,54.41783],[-7.02097,54.41793],[-7.02055,54.41801],[-7.02021,54.41807],[-7.0199,54.41805],[-7.01969,54.41801],[-7.01954,54.41793],[-7.01945,54.41778],[-7.01942,54.41764],[-7.01943,54.41748],[-7.01945,54.41733],[-7.01955,54.41711],[-7.01967,54.41695],[-7.01977,54.41672],[-7.01982,54.41657],[-7.0198,54.41642],[-7.01966,54.41622],[-7.01938,54.41592],[-7.01882,54.41551],[-7.01828,54.41508],[-7.01747,54.41449],[-7.01709,54.41423],[-7.01684,54.41408],[-7.01659,54.41398],[-7.0164,54.41393],[-7.01619,54.4139],[-7.016,54.41391],[-7.01578,54.41393],[-7.01547,54.41403],[-7.01522,54.41413],[-7.01508,54.41424],[-7.01498,54.41435],[-7.01496,54.41445],[-7.01501,54.4146],[-7.01515,54.4147],[-7.01618,54.41531],[-7.01651,54.41551],[-7.01657,54.41559],[-7.01657,54.41569],[-7.01649,54.41576],[-7.01641,54.41581],[-7.0161,54.41588],[-7.01586,54.41592],[-7.01565,54.41592],[-7.01544,54.41589],[-7.01518,54.41581],[-7.01498,54.41576],[-7.0148,54.41571],[-7.0147,54.4157],[-7.01455,54.4157],[-7.01442,54.41575],[-7.01424,54.41582],[-7.01411,54.41593],[-7.01403,54.41611],[-7.01389,54.41665],[-7.01382,54.4168],[-7.01375,54.41688],[-7.01363,54.41693],[-7.0135,54.41698],[-7.01338,54.41698],[-7.0132,54.41694],[-7.013,54.41686],[-7.01268,54.41666],[-7.01245,54.41654],[-7.0121,54.41644],[-7.01191,54.41638],[-7.01179,54.41632],[-7.01163,54.41617],[-7.01159,54.41608],[-7.01158,54.41599],[-7.0116,54.41588],[-7.01168,54.41578],[-7.01182,54.41569],[-7.01207,54.41557],[-7.01233,54.41547],[-7.01263,54.41534],[-7.01274,54.41526],[-7.01279,54.41522],[-7.01279,54.41516],[-7.01279,54.4151],[-7.01271,54.41503],[-7.01265,54.415],[-7.01251,54.41499],[-7.01236,54.41501],[-7.01214,54.41512],[-7.01193,54.41527],[-7.01177,54.41536],[-7.01118,54.41556],[-7.01073,54.41567],[-7.01041,54.41572],[-7.01013,54.41573],[-7.00989,54.41569],[-7.00947,54.41559],[-7.00896,54.41545],[-7.00832,54.41533],[-7.00781,54.41528],[-7.00741,54.41522],[-7.00716,54.41517],[-7.00693,54.41511],[-7.00668,54.415],[-7.00626,54.41469],[-7.00615,54.41456],[-7.0058,54.41407],[-7.00556,54.41378],[-7.0054,54.41365],[-7.00515,54.4135],[-7.0049,54.41335],[-7.0046,54.41321],[-7.00439,54.41314],[-7.00409,54.41309],[-7.00384,54.41308],[-7.00362,54.41313],[-7.00336,54.41321],[-7.0031,54.41334],[-7.00279,54.41341],[-7.00232,54.4135],[-7.00203,54.41351],[-7.00165,54.41355],[-7.00141,54.41353],[-7.00105,54.41343],[-7.00071,54.41329],[-7.0005,54.41316],[-7.00029,54.41292],[-6.99999,54.41243],[-6.99983,54.4122],[-6.99954,54.41188],[-6.99935,54.41169],[-6.99918,54.41143],[-6.999,54.41112],[-6.99885,54.41086],[-6.99877,54.41067],[-6.99875,54.41055],[-6.99876,54.4104],[-6.9988,54.41029],[-6.99888,54.41018],[-6.99898,54.41014],[-6.99916,54.41008],[-6.99945,54.41014],[-6.99967,54.41027],[-7.00015,54.41067],[-7.00038,54.4108],[-7.00054,54.41087],[-7.00077,54.41087],[-7.00098,54.41082],[-7.00114,54.41075],[-7.00141,54.41053],[-7.00161,54.41033],[-7.00177,54.41015],[-7.00186,54.41002],[-7.00196,54.40991],[-7.002,54.4098],[-7.00198,54.40967],[-7.00188,54.40941],[-7.00187,54.40927],[-7.00192,54.40911],[-7.00204,54.40894],[-7.00211,54.40877],[-7.00213,54.40858],[-7.00211,54.40848],[-7.00202,54.40838],[-7.00182,54.40825],[-7.00165,54.40817],[-7.00101,54.40802],[-7.00077,54.40798],[-7.00042,54.40786],[-7.00023,54.40774],[-7.00012,54.40763],[-7.00008,54.40748],[-7.00011,54.40736],[-7.00023,54.40727],[-7.00035,54.40722],[-7.00048,54.40713],[-7.00052,54.40707],[-7.00054,54.40694],[-7.00049,54.40681],[-7.00033,54.40666],[-7.00018,54.40657],[-6.99994,54.4065],[-6.99972,54.40647],[-6.9991,54.40657],[-6.99768,54.40655],[-6.99676,54.40657],[-6.99636,54.4066],[-6.99622,54.4066],[-6.99603,54.40657],[-6.9958,54.4065],[-6.99576,54.40642],[-6.99574,54.40631],[-6.9958,54.4061],[-6.99592,54.40591],[-6.99605,54.40573],[-6.99609,54.40563],[-6.9961,54.40556],[-6.99605,54.40544],[-6.996,54.40542],[-6.99587,54.40536],[-6.99568,54.40535],[-6.9954,54.40538],[-6.99509,54.40541],[-6.99491,54.40539],[-6.99462,54.40532],[-6.99434,54.40518],[-6.99415,54.40515],[-6.99392,54.40516],[-6.99375,54.40524],[-6.99365,54.40536],[-6.99348,54.4055],[-6.99332,54.40566],[-6.99317,54.40578],[-6.99295,54.40589],[-6.99246,54.40607],[-6.99217,54.40619],[-6.99183,54.40638],[-6.99154,54.40652],[-6.99116,54.40662],[-6.99071,54.40671],[-6.99025,54.40683],[-6.98961,54.40708],[-6.98908,54.40714],[-6.98881,54.40717],[-6.98855,54.40715],[-6.98831,54.40717],[-6.98806,54.40725],[-6.98781,54.40738],[-6.98768,54.40757],[-6.98767,54.40769],[-6.98784,54.40783],[-6.98807,54.40794],[-6.98835,54.40794],[-6.98862,54.40794],[-6.98893,54.40785],[-6.98916,54.40776],[-6.9895,54.40768],[-6.98977,54.40767],[-6.98991,54.4077],[-6.99,54.40778],[-6.99003,54.40791],[-6.98991,54.40821],[-6.98982,54.40861],[-6.98971,54.40901],[-6.98954,54.40924],[-6.98936,54.40934],[-6.98906,54.40944],[-6.98882,54.40942],[-6.98858,54.40934],[-6.98822,54.40917],[-6.98782,54.40898],[-6.98747,54.40885],[-6.98726,54.40886],[-6.98709,54.4089],[-6.98697,54.40901],[-6.98691,54.4091],[-6.98671,54.40915],[-6.98648,54.40918],[-6.9863,54.4092],[-6.98609,54.4091],[-6.98583,54.40901],[-6.9854,54.40895],[-6.98511,54.40896],[-6.98486,54.40905],[-6.98478,54.40923],[-6.98469,54.40933],[-6.98448,54.40936],[-6.98418,54.40934],[-6.9839,54.40926],[-6.98358,54.40918],[-6.98336,54.40917],[-6.98308,54.40922],[-6.98268,54.40937],[-6.98238,54.40945],[-6.98215,54.40948],[-6.98164,54.4094],[-6.98148,54.4093],[-6.98139,54.40918],[-6.98133,54.40904],[-6.98125,54.40886],[-6.98108,54.4087],[-6.98089,54.40857],[-6.98058,54.40849],[-6.9803,54.40848],[-6.97985,54.40851],[-6.97931,54.40858],[-6.97907,54.4086],[-6.97887,54.40859],[-6.97872,54.40855],[-6.97869,54.40846],[-6.97878,54.40839],[-6.97894,54.40836],[-6.97931,54.40828],[-6.97982,54.40816],[-6.98017,54.40805],[-6.98085,54.40779],[-6.98095,54.40771],[-6.981,54.40762],[-6.98097,54.40756],[-6.98089,54.40751],[-6.98068,54.40742],[-6.98031,54.40734],[-6.98007,54.40728],[-6.97939,54.40697],[-6.97804,54.40663],[-6.97755,54.40648],[-6.97727,54.40638],[-6.97704,54.40626],[-6.97689,54.4061],[-6.97677,54.40598],[-6.97671,54.40587],[-6.9767,54.40578],[-6.97673,54.40569],[-6.97678,54.40557],[-6.9768,54.40544],[-6.97679,54.40495],[-6.97675,54.40475],[-6.97668,54.40441],[-6.97663,54.40401],[-6.97665,54.40385],[-6.97671,54.40363],[-6.97677,54.40348],[-6.97687,54.40333],[-6.97706,54.40313],[-6.97728,54.403],[-6.97804,54.4026],[-6.97827,54.40243],[-6.97838,54.40227],[-6.97844,54.40213],[-6.97847,54.402],[-6.97841,54.40188],[-6.97821,54.40171],[-6.97737,54.40115],[-6.97658,54.40066],[-6.97605,54.40033],[-6.97546,54.40007],[-6.9751,54.40001],[-6.97473,54.4],[-6.97452,54.40004],[-6.97429,54.4001],[-6.97402,54.40017],[-6.97382,54.40019],[-6.97348,54.40021],[-6.97331,54.40023],[-6.97313,54.40027],[-6.97292,54.40034],[-6.97264,54.40049],[-6.97237,54.40065],[-6.97199,54.40085],[-6.97179,54.40093],[-6.97132,54.40103],[-6.97056,54.40115],[-6.96981,54.40121],[-6.96925,54.40128],[-6.96803,54.40133],[-6.96751,54.40139],[-6.96722,54.40137],[-6.96703,54.40136],[-6.96686,54.40129],[-6.96667,54.4012],[-6.96651,54.40113],[-6.96617,54.40102],[-6.96579,54.40093],[-6.96555,54.40085],[-6.96525,54.40071],[-6.96493,54.40056],[-6.96468,54.40042],[-6.96446,54.40023],[-6.96411,54.39989],[-6.96343,54.39921],[-6.96324,54.39909],[-6.96304,54.39901],[-6.96236,54.39882],[-6.96186,54.39867],[-6.96109,54.39841],[-6.95991,54.39809],[-6.95953,54.39801],[-6.95928,54.39791],[-6.95913,54.39784],[-6.95895,54.39773],[-6.95886,54.39758],[-6.95884,54.3974],[-6.95888,54.39716],[-6.95893,54.39695],[-6.95898,54.39677],[-6.95899,54.39658],[-6.95894,54.3959],[-6.959,54.39575],[-6.9592,54.39529],[-6.9592,54.39517],[-6.9591,54.39505],[-6.95893,54.39491],[-6.95874,54.39475],[-6.95858,54.39464],[-6.95849,54.39455],[-6.95847,54.3945],[-6.95849,54.39442],[-6.95863,54.39436],[-6.95884,54.39428],[-6.95908,54.39421],[-6.95922,54.39414],[-6.95946,54.39405],[-6.95973,54.39386],[-6.95982,54.39374],[-6.9599,54.3936],[-6.95993,54.39344],[-6.95995,54.39322],[-6.95995,54.39304],[-6.95989,54.3928],[-6.95985,54.39257],[-6.95977,54.39239],[-6.95969,54.39228],[-6.95948,54.3922],[-6.95853,54.39212],[-6.95801,54.39203],[-6.95773,54.39195],[-6.95744,54.39184],[-6.957,54.39163],[-6.9566,54.39146],[-6.95626,54.39137],[-6.95592,54.39127],[-6.95556,54.39121],[-6.95522,54.39119],[-6.95465,54.3911],[-6.95415,54.39098],[-6.95348,54.39084],[-6.95234,54.39062],[-6.95087,54.39041],[-6.94976,54.39025],[-6.94898,54.39016],[-6.94862,54.39013],[-6.94808,54.39013],[-6.94768,54.39018],[-6.94736,54.39023],[-6.94705,54.39031],[-6.94686,54.39042],[-6.94669,54.39067],[-6.94632,54.39112],[-6.9462,54.39121],[-6.9461,54.39125],[-6.94586,54.39131],[-6.94549,54.39136],[-6.94527,54.39137],[-6.94488,54.39131],[-6.94442,54.39121],[-6.94419,54.39115],[-6.9441,54.39113],[-6.94386,54.39102],[-6.94371,54.39089],[-6.94368,54.39081],[-6.94369,54.39068],[-6.94378,54.39058],[-6.94394,54.39043],[-6.94403,54.39027],[-6.94403,54.39013],[-6.94403,54.39006],[-6.94394,54.38982],[-6.94379,54.38953],[-6.94372,54.38943],[-6.94371,54.38926],[-6.94378,54.38915],[-6.94387,54.38902],[-6.94399,54.38889],[-6.94413,54.38877],[-6.94438,54.3886],[-6.94454,54.38844],[-6.94503,54.38809],[-6.94529,54.38786],[-6.94548,54.38772],[-6.94563,54.38759],[-6.94568,54.38747],[-6.94566,54.38732],[-6.94524,54.3869],[-6.94502,54.38664],[-6.94488,54.38649],[-6.94436,54.38617],[-6.9441,54.38603],[-6.94381,54.38586],[-6.94351,54.38574],[-6.94314,54.38567],[-6.94259,54.38555],[-6.94211,54.38543],[-6.94161,54.38524],[-6.94115,54.38499],[-6.9407,54.38468],[-6.94042,54.38447],[-6.94017,54.38431],[-6.94,54.38426],[-6.93985,54.38425],[-6.93959,54.38425],[-6.93938,54.38432],[-6.93902,54.38455],[-6.93891,54.38458],[-6.9388,54.38456],[-6.93869,54.3845],[-6.93864,54.38438],[-6.93859,54.38423],[-6.93852,54.3839],[-6.93849,54.38361],[-6.93844,54.38345],[-6.93818,54.38325],[-6.93798,54.38315],[-6.9378,54.3831],[-6.93753,54.38312],[-6.9373,54.38315],[-6.93701,54.38321],[-6.93656,54.38336],[-6.93575,54.3837],[-6.9355,54.3838],[-6.93525,54.3839],[-6.93466,54.38425],[-6.93423,54.38449],[-6.93391,54.38461],[-6.93373,54.38465],[-6.93352,54.38466],[-6.93321,54.38462],[-6.93284,54.38455],[-6.93243,54.38444],[-6.93215,54.3843],[-6.93177,54.38411],[-6.93151,54.38397],[-6.93111,54.3838],[-6.93087,54.38375],[-6.93059,54.38373],[-6.93033,54.38375],[-6.93005,54.38383],[-6.92978,54.38389],[-6.92952,54.38392],[-6.92926,54.3839],[-6.92905,54.38385],[-6.92893,54.3838],[-6.92852,54.38357],[-6.92809,54.38329],[-6.92779,54.38316],[-6.92747,54.38305],[-6.9272,54.383],[-6.92689,54.38296],[-6.92653,54.38298],[-6.92607,54.38302],[-6.92514,54.38309],[-6.92471,54.38307],[-6.92431,54.38302],[-6.92403,54.38297],[-6.92375,54.38288],[-6.92363,54.38282],[-6.92359,54.38275],[-6.92362,54.38261],[-6.9237,54.38251],[-6.92388,54.38239],[-6.92417,54.38228],[-6.92456,54.38218],[-6.9249,54.38213],[-6.92517,54.38208],[-6.92538,54.38199],[-6.926,54.3816],[-6.92618,54.38153],[-6.92633,54.38148],[-6.92645,54.38145],[-6.92662,54.38145],[-6.92683,54.38146],[-6.92709,54.38153],[-6.9276,54.38167],[-6.92801,54.38176],[-6.92823,54.3818],[-6.92846,54.3818],[-6.92858,54.38178],[-6.92867,54.38173],[-6.92873,54.38166],[-6.9287,54.38163],[-6.92852,54.38145],[-6.92837,54.38124],[-6.92829,54.38101],[-6.92824,54.38071],[-6.92824,54.38051],[-6.92829,54.38037],[-6.92841,54.38016],[-6.92852,54.38006],[-6.92865,54.37997],[-6.92879,54.37991],[-6.92902,54.37986],[-6.9292,54.37983],[-6.9294,54.37983],[-6.92959,54.37986],[-6.92978,54.37995],[-6.92997,54.38013],[-6.93012,54.38025],[-6.93024,54.38028],[-6.93036,54.3803],[-6.9305,54.3803],[-6.93066,54.38026],[-6.93081,54.3802],[-6.93095,54.38013],[-6.93109,54.38006],[-6.93134,54.37998],[-6.93146,54.37996],[-6.9317,54.37991],[-6.93198,54.37989],[-6.93222,54.37993],[-6.93244,54.37997],[-6.93265,54.38002],[-6.93279,54.38002],[-6.93297,54.38],[-6.93313,54.37994],[-6.93322,54.37983],[-6.93327,54.37973],[-6.9333,54.37953],[-6.9333,54.37931],[-6.93324,54.3791],[-6.93315,54.37887],[-6.93301,54.37864],[-6.93284,54.37836],[-6.93281,54.37827],[-6.93281,54.37813],[-6.93278,54.378],[-6.93274,54.37784],[-6.93258,54.37768],[-6.93204,54.37724],[-6.93189,54.3771],[-6.93174,54.37687],[-6.93132,54.37628],[-6.93108,54.37596],[-6.93079,54.37578],[-6.93059,54.37574],[-6.93033,54.37578],[-6.93016,54.37587],[-6.93,54.37605],[-6.92979,54.37633],[-6.92966,54.37648],[-6.92942,54.37654],[-6.92922,54.37654],[-6.92891,54.37647],[-6.92868,54.37644],[-6.92849,54.37644],[-6.92832,54.37653],[-6.92809,54.3767],[-6.92785,54.37681],[-6.92765,54.37687],[-6.92713,54.37687],[-6.9269,54.3769],[-6.92662,54.37689],[-6.92641,54.37683],[-6.9263,54.37675],[-6.92625,54.37669],[-6.92627,54.37661],[-6.92636,54.37653],[-6.92665,54.37639],[-6.92686,54.3763],[-6.92697,54.37619],[-6.927,54.37612],[-6.92698,54.37604],[-6.92688,54.37595],[-6.92681,54.37589],[-6.92667,54.37585],[-6.92638,54.37582],[-6.9262,54.37584],[-6.92608,54.37589],[-6.92596,54.37599],[-6.92586,54.37616],[-6.92582,54.37627],[-6.92567,54.37644],[-6.92554,54.37659],[-6.92534,54.37683],[-6.92519,54.37731],[-6.92512,54.37741],[-6.92492,54.37751],[-6.92471,54.37756],[-6.9245,54.3776],[-6.92425,54.37761],[-6.92411,54.37762],[-6.92393,54.37767],[-6.92367,54.3778],[-6.92347,54.37794],[-6.92323,54.37802],[-6.92297,54.37805],[-6.92279,54.37804],[-6.92262,54.37794],[-6.92246,54.37777],[-6.92228,54.37764],[-6.92206,54.37758],[-6.92187,54.37759],[-6.92173,54.37769],[-6.9217,54.37785],[-6.92177,54.37799],[-6.92197,54.37808],[-6.9222,54.37811],[-6.92243,54.37818],[-6.92256,54.37825],[-6.92263,54.37837],[-6.92263,54.37848],[-6.92256,54.37859],[-6.9224,54.37867],[-6.92219,54.37871],[-6.92201,54.37869],[-6.92177,54.37864],[-6.92153,54.37856],[-6.92111,54.37853],[-6.92077,54.37853],[-6.92004,54.37848],[-6.91938,54.37838],[-6.91857,54.37823],[-6.91743,54.37801],[-6.91716,54.37793],[-6.91697,54.37781],[-6.91689,54.37771],[-6.91687,54.37756],[-6.91682,54.37739],[-6.91674,54.37719],[-6.91657,54.37696],[-6.91625,54.37681],[-6.91578,54.37662],[-6.91515,54.37639],[-6.91383,54.37601],[-6.91327,54.37578],[-6.91293,54.3756],[-6.91235,54.37527],[-6.91163,54.37494],[-6.91139,54.37485],[-6.91121,54.37471],[-6.91105,54.37452],[-6.91099,54.37443],[-6.91101,54.3743],[-6.91112,54.37406],[-6.91115,54.37396],[-6.91113,54.37386],[-6.91107,54.37372],[-6.91104,54.37359],[-6.91104,54.37348],[-6.91112,54.3734],[-6.91125,54.37332],[-6.91146,54.3733],[-6.91169,54.37327],[-6.91186,54.37322],[-6.91197,54.37314],[-6.912,54.37305],[-6.91195,54.37299],[-6.91181,54.37289],[-6.91156,54.3728],[-6.91113,54.37265],[-6.91104,54.3726],[-6.91095,54.37255],[-6.91088,54.37244],[-6.91088,54.37237],[-6.91094,54.37231],[-6.91103,54.37227],[-6.91127,54.37225],[-6.91151,54.3723],[-6.91187,54.37241],[-6.91207,54.37245],[-6.91216,54.37247],[-6.91234,54.37243],[-6.91243,54.37237],[-6.9125,54.37229],[-6.9125,54.37217],[-6.91246,54.37208],[-6.91243,54.37194],[-6.91235,54.3718],[-6.91227,54.3717],[-6.91203,54.37162],[-6.91146,54.37157],[-6.91042,54.3714],[-6.90976,54.37125],[-6.90916,54.37105],[-6.9088,54.37088],[-6.90834,54.37061],[-6.90796,54.37037],[-6.90749,54.37014],[-6.90723,54.36999],[-6.90694,54.3698],[-6.90671,54.3695],[-6.90671,54.36939],[-6.90672,54.3693],[-6.90686,54.36913],[-6.90726,54.36871],[-6.90754,54.36843],[-6.90769,54.36827],[-6.90781,54.36807],[-6.9079,54.36786],[-6.90799,54.36758],[-6.90801,54.36741],[-6.908,54.36723],[-6.90795,54.36711],[-6.90791,54.36693],[-6.90797,54.36677],[-6.90804,54.36663],[-6.90815,54.36654],[-6.90831,54.36646],[-6.90844,54.36644],[-6.90856,54.36643],[-6.9087,54.36648],[-6.90875,54.36654],[-6.90877,54.36669],[-6.90879,54.36701],[-6.90884,54.36712],[-6.90901,54.36721],[-6.90915,54.36726],[-6.90936,54.36726],[-6.90952,54.36723],[-6.90973,54.36715],[-6.90989,54.36708],[-6.91003,54.36701],[-6.91008,54.36689],[-6.91013,54.36674],[-6.91014,54.36656],[-6.91033,54.36621],[-6.91051,54.36592],[-6.91063,54.36573],[-6.91066,54.36562],[-6.91068,54.36554],[-6.91064,54.36543],[-6.91046,54.36518],[-6.91011,54.36474],[-6.90979,54.36442],[-6.90944,54.36388],[-6.90938,54.36367],[-6.90934,54.36342],[-6.90924,54.36315],[-6.90891,54.36268],[-6.90869,54.36238],[-6.90834,54.36207],[-6.90805,54.36176],[-6.90751,54.36132],[-6.90707,54.36102],[-6.90661,54.36084],[-6.90638,54.36075],[-6.90619,54.36071],[-6.90607,54.36071],[-6.90588,54.36072],[-6.90574,54.36077],[-6.90566,54.36082],[-6.90557,54.36096],[-6.90549,54.36126],[-6.90541,54.3614],[-6.90532,54.36145],[-6.90505,54.36155],[-6.90474,54.36162],[-6.90446,54.36165],[-6.9043,54.36165],[-6.90412,54.36163],[-6.90402,54.36162],[-6.90398,54.36156],[-6.90393,54.36147],[-6.9039,54.36132],[-6.90382,54.3612],[-6.9037,54.36114],[-6.90307,54.36092],[-6.903,54.36087],[-6.90297,54.3608],[-6.90296,54.36075],[-6.90297,54.36067],[-6.90304,54.36062],[-6.90334,54.36053],[-6.9036,54.36054],[-6.90392,54.36058],[-6.90452,54.3606],[-6.90472,54.36056],[-6.905,54.36043],[-6.90539,54.36017],[-6.9056,54.36001],[-6.90564,54.35992],[-6.90564,54.35987],[-6.90537,54.35949],[-6.90527,54.35929],[-6.90523,54.35914],[-6.90523,54.35905],[-6.90531,54.35888],[-6.90537,54.35872],[-6.9053,54.35863],[-6.9051,54.35844],[-6.90488,54.35827],[-6.90475,54.3581],[-6.90467,54.3579],[-6.90464,54.3576],[-6.90468,54.35741],[-6.90472,54.35701],[-6.90476,54.35666],[-6.9048,54.35656],[-6.90489,54.35643],[-6.90569,54.35589],[-6.90589,54.35573],[-6.90609,54.35555],[-6.90619,54.35541],[-6.90624,54.35528],[-6.90624,54.35511],[-6.90617,54.35496],[-6.90602,54.35479],[-6.90591,54.35458],[-6.90587,54.35449],[-6.9059,54.35394],[-6.90589,54.35377],[-6.90589,54.35334],[-6.90594,54.35321],[-6.90612,54.35299],[-6.90642,54.35259],[-6.90672,54.35225],[-6.90685,54.35207],[-6.90693,54.35193],[-6.90698,54.35179],[-6.90699,54.35167],[-6.90691,54.35147],[-6.90668,54.35105],[-6.90663,54.35086],[-6.90652,54.35062],[-6.90641,54.35045],[-6.90624,54.35035],[-6.90604,54.35027],[-6.90575,54.35018],[-6.90554,54.35015],[-6.90522,54.35003],[-6.90481,54.34985],[-6.90444,54.3497],[-6.90413,54.34959],[-6.90374,54.34959],[-6.90318,54.34965],[-6.90262,54.34966],[-6.9011,54.3496],[-6.90015,54.3496],[-6.89985,54.34962],[-6.89965,54.34968],[-6.89943,54.34976],[-6.89921,54.3499],[-6.89908,54.35008],[-6.89898,54.35025],[-6.89883,54.3504],[-6.89866,54.35055],[-6.89846,54.35062],[-6.89789,54.35073],[-6.89705,54.35081],[-6.89497,54.35106],[-6.89412,54.35114],[-6.8934,54.35117],[-6.89302,54.35114],[-6.89258,54.35103],[-6.89229,54.35085],[-6.89179,54.35054],[-6.89123,54.35006],[-6.89075,54.34972],[-6.89046,54.34957],[-6.89005,54.34952],[-6.88953,54.34951],[-6.88928,54.34948],[-6.88884,54.34937],[-6.88774,54.34903],[-6.88752,54.3489],[-6.88746,54.34885],[-6.88747,54.34868],[-6.88753,54.34851],[-6.88756,54.34837],[-6.88752,54.34821],[-6.88704,54.3476],[-6.88673,54.34722],[-6.88653,54.34699],[-6.88645,54.34685],[-6.88641,54.34677],[-6.88642,54.34669],[-6.88649,54.34655],[-6.88651,54.34643],[-6.88651,54.3463],[-6.88649,54.34623],[-6.88641,54.3461],[-6.8863,54.34601],[-6.88612,54.34598],[-6.88584,54.34598],[-6.88569,54.346],[-6.88544,54.34607],[-6.88526,54.34618],[-6.88509,54.3463],[-6.88487,54.34653],[-6.88474,54.34673],[-6.88483,54.34685],[-6.88505,54.34695],[-6.88529,54.34705],[-6.88539,54.34714],[-6.88544,54.34725],[-6.88541,54.34733],[-6.88524,54.34738],[-6.88511,54.34738],[-6.88494,54.34738],[-6.88464,54.34735],[-6.88452,54.3473],[-6.88439,54.34726],[-6.88432,54.34721],[-6.88428,54.34715],[-6.88427,54.34706],[-6.88436,54.3468],[-6.88434,54.34673],[-6.88424,54.34663],[-6.88407,54.34652],[-6.88389,54.34649],[-6.88351,54.34653],[-6.88286,54.34659],[-6.88246,54.3466],[-6.88215,54.34656],[-6.88182,54.34648],[-6.88147,54.3464],[-6.88117,54.34635],[-6.88085,54.34635],[-6.88055,54.34638],[-6.8803,54.34643],[-6.88008,54.34643],[-6.8797,54.34644],[-6.87939,54.34648],[-6.87906,54.34653],[-6.87885,54.34661],[-6.87841,54.3467],[-6.87794,54.34673],[-6.87765,54.34674],[-6.87721,54.34676],[-6.87703,54.34676],[-6.87666,54.34674],[-6.8763,54.34665],[-6.87607,54.3466],[-6.87594,54.3465],[-6.87588,54.34643],[-6.87586,54.34635],[-6.87589,54.34623],[-6.87599,54.34606],[-6.87614,54.34583],[-6.87627,54.34567],[-6.87637,54.34556],[-6.87642,54.34543],[-6.87639,54.34529],[-6.87623,54.34519],[-6.87601,54.345],[-6.87585,54.34483],[-6.87578,54.34472],[-6.87581,54.34456],[-6.87579,54.3444],[-6.87575,54.34428],[-6.87563,54.34409],[-6.87554,54.34394],[-6.87551,54.34385],[-6.87551,54.34374],[-6.87555,54.34364],[-6.87562,54.34353],[-6.87569,54.34339],[-6.87568,54.34325],[-6.87564,54.34311],[-6.87568,54.34277],[-6.87574,54.34246],[-6.87571,54.3423],[-6.87555,54.34222],[-6.87515,54.34221],[-6.87488,54.34217],[-6.87467,54.34209],[-6.87441,54.34186],[-6.87431,54.34172],[-6.87429,54.3416],[-6.87436,54.34151],[-6.87478,54.34141],[-6.875,54.34132],[-6.87516,54.34124],[-6.87522,54.34112],[-6.87517,54.34104],[-6.87501,54.34094],[-6.8747,54.34062],[-6.87454,54.34032],[-6.87451,54.34017],[-6.87454,54.34],[-6.87463,54.33991],[-6.8748,54.33988],[-6.87521,54.33974],[-6.87537,54.33965],[-6.87558,54.33952],[-6.87568,54.3394],[-6.87569,54.33932],[-6.87566,54.33922],[-6.87553,54.33907],[-6.87548,54.33898],[-6.87549,54.33889],[-6.87558,54.33862],[-6.87553,54.33853],[-6.87507,54.3384],[-6.87476,54.33831],[-6.8745,54.33827],[-6.87433,54.33822],[-6.87419,54.33819],[-6.87391,54.33804],[-6.87379,54.33795],[-6.87368,54.33777],[-6.87364,54.33758],[-6.87364,54.3372],[-6.87362,54.33665],[-6.87353,54.33645],[-6.87333,54.3362],[-6.87306,54.33585],[-6.87276,54.33546],[-6.87246,54.33506],[-6.87225,54.33482],[-6.87202,54.33469],[-6.87171,54.33462],[-6.87133,54.33461],[-6.871,54.33454],[-6.8707,54.33443],[-6.87055,54.33433],[-6.87045,54.33425],[-6.87044,54.33412],[-6.87046,54.33383],[-6.87044,54.33368],[-6.87037,54.33355],[-6.87021,54.33346],[-6.86987,54.33339],[-6.86957,54.33337],[-6.86929,54.33336],[-6.86915,54.33331],[-6.86903,54.33326],[-6.869,54.33318],[-6.86897,54.33303],[-6.86882,54.33269],[-6.86867,54.33251],[-6.86841,54.33227],[-6.86819,54.33211],[-6.86804,54.332],[-6.86797,54.33193],[-6.86795,54.33185],[-6.86795,54.33177],[-6.868,54.33172],[-6.86812,54.33166],[-6.86832,54.33155],[-6.86847,54.33135],[-6.86852,54.33121],[-6.86847,54.33106],[-6.86835,54.33094],[-6.8682,54.33083],[-6.86792,54.33065],[-6.86778,54.33059],[-6.86761,54.33059],[-6.86748,54.3306],[-6.86736,54.33078],[-6.86739,54.33099],[-6.86735,54.33108],[-6.86718,54.33142],[-6.86708,54.33153],[-6.86693,54.33162],[-6.86685,54.33173],[-6.8668,54.3318],[-6.86665,54.33185],[-6.86645,54.33187],[-6.86633,54.33186],[-6.86619,54.33181],[-6.86606,54.33171],[-6.86601,54.33164],[-6.86599,54.33154],[-6.86593,54.33139],[-6.8657,54.331],[-6.86565,54.33085],[-6.86565,54.33079],[-6.86567,54.33071],[-6.86626,54.33034],[-6.86635,54.33024],[-6.86635,54.33016],[-6.86632,54.33004],[-6.86615,54.32998],[-6.86577,54.32985],[-6.86537,54.32979],[-6.86511,54.32978],[-6.86491,54.32981],[-6.86455,54.32996],[-6.86426,54.33006],[-6.86391,54.33009],[-6.86388,54.33007],[-6.8639,54.33002],[-6.86412,54.32979],[-6.8646,54.3292],[-6.86491,54.32899],[-6.86501,54.32885],[-6.86525,54.32846],[-6.86557,54.32787],[-6.86562,54.3276],[-6.86563,54.32735],[-6.86562,54.32713],[-6.86568,54.32657],[-6.86563,54.32645],[-6.86544,54.32606],[-6.86528,54.3258],[-6.86501,54.32558],[-6.86475,54.32545],[-6.86443,54.32534],[-6.86417,54.3252],[-6.86388,54.32502],[-6.86371,54.32489],[-6.86364,54.32481],[-6.86366,54.32471],[-6.86407,54.3243],[-6.86421,54.3241],[-6.86428,54.32393],[-6.86426,54.3237],[-6.86421,54.32321],[-6.86406,54.32266],[-6.86398,54.32216],[-6.86383,54.3204],[-6.86371,54.31959],[-6.86369,54.31907],[-6.86366,54.31862],[-6.8635,54.31754],[-6.86344,54.31657],[-6.86341,54.31575],[-6.86337,54.31544],[-6.86329,54.3153],[-6.86297,54.31515],[-6.86251,54.31504],[-6.86215,54.31495],[-6.86194,54.31483],[-6.86152,54.31468],[-6.861,54.31452],[-6.86047,54.31443],[-6.86012,54.31437],[-6.85969,54.31435],[-6.85937,54.31428],[-6.85761,54.31386],[-6.85697,54.31365],[-6.85667,54.3136],[-6.85643,54.31356],[-6.85635,54.31356],[-6.85652,54.31339],[-6.85667,54.3132],[-6.85692,54.3129],[-6.8571,54.31261],[-6.85714,54.31243],[-6.85712,54.31234],[-6.85697,54.3122],[-6.85677,54.31206],[-6.85663,54.31193],[-6.85657,54.31183],[-6.8566,54.31164],[-6.85667,54.31153],[-6.8569,54.31143],[-6.85698,54.31141],[-6.85712,54.31144],[-6.85738,54.31151],[-6.85755,54.31153],[-6.85773,54.31151],[-6.85784,54.31143],[-6.8579,54.31134],[-6.85791,54.31125],[-6.85784,54.31111],[-6.85774,54.31102],[-6.85762,54.31096],[-6.85742,54.31093],[-6.85723,54.31092],[-6.85713,54.31091],[-6.85705,54.31088],[-6.85699,54.31082],[-6.85695,54.31068],[-6.8569,54.31045],[-6.85687,54.31024],[-6.8569,54.31004],[-6.85691,54.30993],[-6.857,54.30988],[-6.85732,54.30981],[-6.85794,54.30969],[-6.85806,54.30958],[-6.85817,54.30941],[-6.85822,54.30928],[-6.85821,54.30919],[-6.85814,54.30913],[-6.85783,54.30909],[-6.85768,54.30906],[-6.85763,54.309],[-6.85763,54.30891],[-6.85772,54.30884],[-6.85805,54.30874],[-6.85846,54.30858],[-6.859,54.30839],[-6.85932,54.30823],[-6.85945,54.30815],[-6.85951,54.30804],[-6.85946,54.30793],[-6.85933,54.30785],[-6.85904,54.30777],[-6.85884,54.3077],[-6.85877,54.30766],[-6.85872,54.30759],[-6.85865,54.30747],[-6.85863,54.30733],[-6.85867,54.30707],[-6.85862,54.30702],[-6.85854,54.30695],[-6.85802,54.30682],[-6.85781,54.30682],[-6.85763,54.3068],[-6.85755,54.30678],[-6.85746,54.30672],[-6.85745,54.30666],[-6.85765,54.30602],[-6.85771,54.30574],[-6.85781,54.30543],[-6.85785,54.30515],[-6.85785,54.30472],[-6.85791,54.30457],[-6.85804,54.3044],[-6.8582,54.30431],[-6.85846,54.30426],[-6.85868,54.30427],[-6.85884,54.30427],[-6.85897,54.30423],[-6.85905,54.30415],[-6.85909,54.304],[-6.85904,54.30384],[-6.85887,54.30369],[-6.85818,54.3034],[-6.85773,54.3031],[-6.85726,54.3028],[-6.85672,54.30234],[-6.85642,54.3022],[-6.85607,54.30208],[-6.85507,54.30193],[-6.8548,54.30185],[-6.85442,54.30172],[-6.85373,54.30151],[-6.85354,54.30143],[-6.85333,54.30126],[-6.8531,54.30102],[-6.85283,54.30068],[-6.85268,54.30048],[-6.85259,54.30029],[-6.85253,54.29996],[-6.85245,54.29942],[-6.85238,54.29908],[-6.85233,54.29894],[-6.85217,54.29878],[-6.85181,54.2984],[-6.85146,54.29816],[-6.85116,54.29795],[-6.85099,54.29779],[-6.85091,54.29769],[-6.85081,54.29742],[-6.8508,54.29731],[-6.85089,54.29704],[-6.85093,54.29694],[-6.85094,54.29687],[-6.85096,54.29679],[-6.85104,54.2967],[-6.85113,54.29663],[-6.85121,54.29645],[-6.85126,54.29626],[-6.85127,54.29597],[-6.85129,54.29578],[-6.85134,54.29564],[-6.85146,54.29549],[-6.85187,54.29529],[-6.85246,54.29518],[-6.85275,54.29508],[-6.85298,54.29492],[-6.85309,54.29475],[-6.85315,54.2946],[-6.85314,54.29441],[-6.85307,54.29419],[-6.85298,54.29397],[-6.85277,54.29362],[-6.85273,54.29347],[-6.85273,54.29323],[-6.85276,54.29295],[-6.85275,54.2928],[-6.85271,54.29267],[-6.85262,54.29257],[-6.85245,54.29252],[-6.85224,54.2925],[-6.85178,54.29258],[-6.85159,54.29258],[-6.85149,54.29256],[-6.85135,54.29248],[-6.85122,54.2924],[-6.85112,54.2923],[-6.85105,54.29218],[-6.85101,54.29208],[-6.85105,54.29195],[-6.85111,54.29184],[-6.85128,54.29172],[-6.85157,54.29146],[-6.85201,54.29115],[-6.85242,54.29085],[-6.85269,54.29068],[-6.85288,54.2906],[-6.85308,54.29056],[-6.85328,54.2906],[-6.8535,54.29062],[-6.85365,54.2906],[-6.85375,54.29055],[-6.85378,54.29047],[-6.85382,54.29027],[-6.85389,54.29016],[-6.85401,54.29008],[-6.85413,54.29002],[-6.85443,54.29006],[-6.85464,54.2901],[-6.85477,54.2901],[-6.85501,54.29008],[-6.85561,54.29006],[-6.85583,54.29001],[-6.85605,54.28995],[-6.85631,54.28981],[-6.85639,54.28976],[-6.85646,54.28976],[-6.85657,54.28977],[-6.85702,54.28988],[-6.85739,54.28999],[-6.85762,54.29001],[-6.85775,54.29001],[-6.85777,54.28993],[-6.85767,54.28986],[-6.8576,54.28978],[-6.85759,54.28962],[-6.85766,54.28948],[-6.85778,54.28939],[-6.85812,54.28933],[-6.85859,54.28926],[-6.85897,54.28918],[-6.85922,54.28918],[-6.85952,54.28926],[-6.85967,54.28933],[-6.85982,54.28941],[-6.85995,54.28943],[-6.86004,54.28942],[-6.86023,54.28937],[-6.86035,54.28931],[-6.86049,54.28918],[-6.86058,54.28901],[-6.86057,54.28871],[-6.86045,54.28851],[-6.86034,54.28831],[-6.86032,54.28816],[-6.86032,54.28801],[-6.86036,54.28794],[-6.86049,54.28783],[-6.86098,54.2876],[-6.86113,54.28748],[-6.86123,54.28738],[-6.86126,54.28723],[-6.86127,54.28711],[-6.86117,54.28701],[-6.86093,54.28688],[-6.86067,54.28669],[-6.86034,54.28643],[-6.86024,54.28631],[-6.86016,54.28624],[-6.86017,54.28616],[-6.86026,54.28612],[-6.86056,54.28603],[-6.86074,54.28598],[-6.86082,54.28589],[-6.86083,54.28576],[-6.86074,54.28569],[-6.86027,54.28556],[-6.86011,54.28549],[-6.85997,54.28537],[-6.85984,54.28524],[-6.85973,54.28509],[-6.85957,54.28497],[-6.85946,54.28491],[-6.85937,54.28481],[-6.85933,54.28459],[-6.85927,54.28447],[-6.85906,54.28417],[-6.85887,54.28387],[-6.85872,54.28369],[-6.85863,54.28356],[-6.8586,54.28344],[-6.85852,54.28302],[-6.85845,54.28283],[-6.85842,54.28267],[-6.85848,54.28244],[-6.85862,54.28231],[-6.85877,54.28214],[-6.85888,54.282],[-6.85906,54.28188],[-6.85926,54.28177],[-6.85994,54.28155],[-6.86058,54.28136],[-6.861,54.28126],[-6.86144,54.28113],[-6.86164,54.28111],[-6.86184,54.28112],[-6.86201,54.28122],[-6.86232,54.28134],[-6.86284,54.28144],[-6.86334,54.28161],[-6.86396,54.2818],[-6.86433,54.28196],[-6.86508,54.28225],[-6.86538,54.28235],[-6.86564,54.28239],[-6.86598,54.28242],[-6.86625,54.28243],[-6.8669,54.28234],[-6.86734,54.28225],[-6.86787,54.28212],[-6.868,54.2821],[-6.86807,54.28217],[-6.86813,54.28235],[-6.86815,54.28272],[-6.86815,54.28305],[-6.86805,54.2834],[-6.86792,54.28371],[-6.86769,54.28402],[-6.86756,54.28424],[-6.86749,54.28441],[-6.8675,54.28454],[-6.8676,54.28466],[-6.86785,54.28484],[-6.86797,54.28493],[-6.86802,54.28502],[-6.86802,54.28507],[-6.868,54.28517],[-6.8679,54.28529],[-6.8678,54.28534],[-6.86773,54.28548],[-6.86773,54.28574],[-6.86782,54.28586],[-6.86797,54.28596],[-6.86822,54.28615],[-6.86842,54.28633],[-6.8686,54.28661],[-6.8687,54.28683],[-6.8688,54.28689],[-6.86892,54.28693],[-6.86915,54.28697],[-6.8693,54.28701],[-6.86942,54.28709],[-6.86949,54.28721],[-6.8695,54.28732],[-6.8695,54.28746],[-6.86955,54.28758],[-6.8697,54.28763],[-6.86991,54.28761],[-6.87057,54.28754],[-6.87099,54.28748],[-6.87123,54.28744],[-6.87147,54.28742],[-6.87174,54.28742],[-6.87197,54.28752],[-6.872,54.28766],[-6.87204,54.28778],[-6.87218,54.28793],[-6.87225,54.28793],[-6.87246,54.28793],[-6.87266,54.28788],[-6.87289,54.28781],[-6.87329,54.28763],[-6.87355,54.28753],[-6.87383,54.28744],[-6.8741,54.28738],[-6.87434,54.28742],[-6.87458,54.28741],[-6.87484,54.28737],[-6.87508,54.28726],[-6.87523,54.28713],[-6.87527,54.28705],[-6.87531,54.28695],[-6.87531,54.28686],[-6.87507,54.28678],[-6.87454,54.2867],[-6.87437,54.28662],[-6.87434,54.28652],[-6.87436,54.28639],[-6.87441,54.28627],[-6.8745,54.28619],[-6.87464,54.28621],[-6.87483,54.28624],[-6.87491,54.28623],[-6.87498,54.28619],[-6.87498,54.28612],[-6.87491,54.28606],[-6.87488,54.28596],[-6.87489,54.28584],[-6.87493,54.28574],[-6.87498,54.28568],[-6.87508,54.28561],[-6.8753,54.28552],[-6.87546,54.28546],[-6.87556,54.28546],[-6.87572,54.28547],[-6.8759,54.28551],[-6.87616,54.28551],[-6.87629,54.2855],[-6.87651,54.28546],[-6.87728,54.28534],[-6.87765,54.28527],[-6.87776,54.28524],[-6.87783,54.28517],[-6.87785,54.28511],[-6.87785,54.285],[-6.87775,54.28495],[-6.87749,54.2848],[-6.87745,54.28472],[-6.87743,54.28459],[-6.87746,54.2845],[-6.87743,54.28434],[-6.87733,54.2841],[-6.87716,54.28392],[-6.87685,54.28367],[-6.87667,54.28363],[-6.87649,54.28366],[-6.87631,54.2837],[-6.87606,54.28373],[-6.87588,54.28373],[-6.87571,54.28371],[-6.87554,54.28357],[-6.87534,54.28334],[-6.87515,54.28306],[-6.87505,54.2829],[-6.87501,54.2828],[-6.87504,54.2827],[-6.87506,54.28258],[-6.87501,54.28247],[-6.87493,54.28239],[-6.87481,54.28229],[-6.87472,54.28217],[-6.87469,54.28205],[-6.87476,54.282],[-6.87488,54.28191],[-6.87505,54.28183],[-6.87508,54.28178],[-6.87513,54.28165],[-6.8752,54.28149],[-6.87529,54.2814],[-6.87538,54.28135],[-6.87567,54.28135],[-6.87588,54.28137],[-6.87611,54.28139],[-6.87632,54.28137],[-6.87639,54.28127],[-6.87641,54.28118],[-6.87646,54.2811],[-6.8766,54.28092],[-6.87681,54.28071],[-6.87701,54.28055],[-6.87712,54.28035],[-6.87718,54.28013],[-6.87721,54.27989],[-6.8773,54.27975],[-6.87739,54.27969],[-6.87762,54.27956],[-6.87794,54.2794],[-6.87799,54.2793],[-6.87799,54.27914],[-6.8779,54.27905],[-6.87777,54.27896],[-6.87765,54.27887],[-6.87758,54.2787],[-6.87751,54.27846],[-6.87737,54.27823],[-6.87713,54.27803],[-6.87687,54.27786],[-6.87642,54.27761],[-6.87608,54.27751],[-6.87575,54.27743],[-6.87539,54.2773],[-6.875,54.27716],[-6.87468,54.27703],[-6.87443,54.27691],[-6.87396,54.27686],[-6.87342,54.27681],[-6.87304,54.27676],[-6.87269,54.27667],[-6.87251,54.2766],[-6.87237,54.2765],[-6.87227,54.27638],[-6.87218,54.27638],[-6.87194,54.27639],[-6.87179,54.27641],[-6.8716,54.27641],[-6.87154,54.27638],[-6.87154,54.27633],[-6.87156,54.27629],[-6.87164,54.27626],[-6.87173,54.27621],[-6.87172,54.27617],[-6.87165,54.27614],[-6.87159,54.27608],[-6.87155,54.27591],[-6.87149,54.27583],[-6.87142,54.27576],[-6.87127,54.27569],[-6.87111,54.27566],[-6.87094,54.2757],[-6.8708,54.27576],[-6.87071,54.27584],[-6.87068,54.27596],[-6.87062,54.27609],[-6.87057,54.27616],[-6.87028,54.27624],[-6.87022,54.27623],[-6.87017,54.27619],[-6.87015,54.27612],[-6.87017,54.27602],[-6.87028,54.27598],[-6.87039,54.27593],[-6.87043,54.27587],[-6.87039,54.27579],[-6.87027,54.27568],[-6.87009,54.27564],[-6.86987,54.27559],[-6.86969,54.27556],[-6.86956,54.27556],[-6.86938,54.27564],[-6.86923,54.27567],[-6.86912,54.27569],[-6.869,54.27569],[-6.86886,54.27564],[-6.86873,54.27561],[-6.8686,54.27554],[-6.86845,54.27551],[-6.86829,54.27551],[-6.86799,54.27554],[-6.86771,54.2756],[-6.86749,54.27561],[-6.86732,54.27556],[-6.867,54.27541],[-6.86681,54.27529],[-6.86666,54.27517],[-6.86657,54.27496],[-6.86648,54.27481],[-6.86633,54.27476],[-6.86599,54.27472],[-6.86561,54.27461],[-6.86549,54.27456],[-6.86546,54.27447],[-6.86562,54.27412],[-6.86565,54.27399],[-6.86567,54.27387],[-6.86562,54.27375],[-6.86553,54.2737],[-6.86538,54.27372],[-6.86526,54.27375],[-6.86507,54.27372],[-6.86493,54.27366],[-6.86484,54.27361],[-6.86481,54.27352],[-6.86491,54.27336],[-6.865,54.27322],[-6.86511,54.27309],[-6.86526,54.273],[-6.86545,54.27288],[-6.86557,54.27273],[-6.86559,54.27265],[-6.86558,54.2724],[-6.86563,54.27229],[-6.86564,54.27202],[-6.86562,54.27188],[-6.86562,54.27179],[-6.86569,54.27169],[-6.86584,54.27162],[-6.86605,54.27156],[-6.86625,54.27149],[-6.86631,54.27146],[-6.86633,54.27141],[-6.86625,54.27132],[-6.86614,54.27125],[-6.86608,54.27115],[-6.86613,54.27102],[-6.8661,54.2709],[-6.86611,54.27082],[-6.86615,54.2708],[-6.86624,54.27079],[-6.86641,54.27076],[-6.8665,54.27076],[-6.86652,54.2707],[-6.86653,54.27062],[-6.86648,54.27056],[-6.86636,54.2705],[-6.86613,54.27042],[-6.86599,54.27034],[-6.86593,54.27029],[-6.86591,54.27022],[-6.86613,54.27006],[-6.86621,54.27],[-6.86621,54.26996],[-6.86588,54.26985],[-6.86568,54.2698],[-6.86553,54.26966],[-6.86533,54.26961],[-6.86476,54.26964],[-6.86438,54.26967],[-6.86345,54.26994],[-6.86311,54.26998],[-6.86265,54.27001],[-6.8624,54.26996],[-6.86212,54.26987],[-6.86181,54.26975],[-6.86141,54.26967],[-6.86072,54.2695],[-6.85992,54.26932],[-6.85963,54.26918],[-6.85942,54.26903],[-6.85927,54.26888],[-6.85913,54.26871],[-6.85905,54.26855],[-6.85894,54.2685],[-6.85868,54.26841],[-6.85844,54.26838],[-6.85817,54.26837],[-6.85773,54.26838],[-6.85747,54.26838],[-6.85727,54.26843],[-6.8571,54.2685],[-6.85692,54.26856],[-6.85641,54.26859],[-6.85609,54.26867],[-6.85585,54.26876],[-6.85553,54.26883],[-6.85534,54.26889],[-6.85495,54.26895],[-6.85474,54.269],[-6.85451,54.26903],[-6.85411,54.26905],[-6.85389,54.26907],[-6.85368,54.26914],[-6.85352,54.26918],[-6.85336,54.26918],[-6.85315,54.26913],[-6.85292,54.26908],[-6.85272,54.26907],[-6.85251,54.26902],[-6.85233,54.26895],[-6.85223,54.26887],[-6.85221,54.26875],[-6.85222,54.26853],[-6.85226,54.26824],[-6.85232,54.26805],[-6.85238,54.26771],[-6.85243,54.26745],[-6.8524,54.26723],[-6.85228,54.26672],[-6.85203,54.26589],[-6.85211,54.26588],[-6.85198,54.26549],[-6.85191,54.26521],[-6.85181,54.26502],[-6.85066,54.26523],[-6.85062,54.26518],[-6.84946,54.26541],[-6.84863,54.26556],[-6.84805,54.26554],[-6.84782,54.26558],[-6.8473,54.26573],[-6.84667,54.26592],[-6.84608,54.26608],[-6.84557,54.26626],[-6.84532,54.26632],[-6.84523,54.26636],[-6.84514,54.26634],[-6.84502,54.2664],[-6.84467,54.26665],[-6.84413,54.26684],[-6.84405,54.26684],[-6.84401,54.26681],[-6.84399,54.26671],[-6.8439,54.26655],[-6.8438,54.26643],[-6.84376,54.26633],[-6.84363,54.26618],[-6.84328,54.26593],[-6.84304,54.2658],[-6.84267,54.26573],[-6.84215,54.26566],[-6.84172,54.26564],[-6.84143,54.26563],[-6.84118,54.26566],[-6.84095,54.26577],[-6.84083,54.26586],[-6.84085,54.26598],[-6.84078,54.26614],[-6.84048,54.26645],[-6.84033,54.26666],[-6.84016,54.26698],[-6.84003,54.26719],[-6.83994,54.26729],[-6.83935,54.26773],[-6.83889,54.26753],[-6.83871,54.26746],[-6.83847,54.26733],[-6.83832,54.26728],[-6.83813,54.26722],[-6.83799,54.26716],[-6.83734,54.26681],[-6.83672,54.26642],[-6.83649,54.26623],[-6.83649,54.26612],[-6.8365,54.26603],[-6.83649,54.2659],[-6.83656,54.26567],[-6.83661,54.26533],[-6.83657,54.26519],[-6.83642,54.26486],[-6.83625,54.26459],[-6.83608,54.26441],[-6.83594,54.2643],[-6.83584,54.26421],[-6.83572,54.26404],[-6.83563,54.26392],[-6.83553,54.2638],[-6.83545,54.26374],[-6.83529,54.26365],[-6.83478,54.26349],[-6.83435,54.26326],[-6.83424,54.26305],[-6.83401,54.26278],[-6.83377,54.26256],[-6.83355,54.26244],[-6.83327,54.2623],[-6.8331,54.26222],[-6.83289,54.26216],[-6.83263,54.26214],[-6.83239,54.26214],[-6.8322,54.26214],[-6.83196,54.2621],[-6.83173,54.26205],[-6.83134,54.26196],[-6.83058,54.26177],[-6.8304,54.26166],[-6.83009,54.26152],[-6.82985,54.26146],[-6.82946,54.26141],[-6.82889,54.26142],[-6.82775,54.26144],[-6.82713,54.26026],[-6.82761,54.25986],[-6.82799,54.25955],[-6.82828,54.25932],[-6.82884,54.25865],[-6.82907,54.2584],[-6.82925,54.25815],[-6.82936,54.25803],[-6.82943,54.25786],[-6.82961,54.25751],[-6.82963,54.25741],[-6.82953,54.25699],[-6.82951,54.2568],[-6.82943,54.25665],[-6.8293,54.25631],[-6.82928,54.25607],[-6.82925,54.25587],[-6.82911,54.25557],[-6.82908,54.25542],[-6.82899,54.25528],[-6.82901,54.25513],[-6.82897,54.25494],[-6.82899,54.25464],[-6.82897,54.25446],[-6.82899,54.25425],[-6.82899,54.25393],[-6.82906,54.25386],[-6.82923,54.25375],[-6.82931,54.25362],[-6.82949,54.25327],[-6.8295,54.25316],[-6.82948,54.25306],[-6.82948,54.25295],[-6.82949,54.25284],[-6.82949,54.25276],[-6.82937,54.25251],[-6.82929,54.25225],[-6.82919,54.25201],[-6.82899,54.25166],[-6.82884,54.25145],[-6.8288,54.2514],[-6.82879,54.25135],[-6.82882,54.25125],[-6.82893,54.25099],[-6.82904,54.25068],[-6.82894,54.25006],[-6.82889,54.24988],[-6.82885,54.24977],[-6.82873,54.24961],[-6.8287,54.24954],[-6.82871,54.24944],[-6.82875,54.24922],[-6.82882,54.24907],[-6.82897,54.24887],[-6.82917,54.24855],[-6.82918,54.24843],[-6.82921,54.24803],[-6.82914,54.24785],[-6.82913,54.24745],[-6.82892,54.2474],[-6.8287,54.24728],[-6.82849,54.24722],[-6.82829,54.24722],[-6.82808,54.24725],[-6.82792,54.2473],[-6.82783,54.2473],[-6.82765,54.24726],[-6.82746,54.2472],[-6.82736,54.2471],[-6.82726,54.24695],[-6.82714,54.24684],[-6.82665,54.24648],[-6.82642,54.24635],[-6.82644,54.24614],[-6.82649,54.24578],[-6.82651,54.24556],[-6.82649,54.2453],[-6.82647,54.245],[-6.82644,54.24487],[-6.82629,54.24461],[-6.82609,54.24454],[-6.82596,54.24448],[-6.82577,54.24438],[-6.82556,54.2442],[-6.8252,54.24411],[-6.82492,54.24406],[-6.82479,54.244],[-6.82469,54.24388],[-6.82464,54.24371],[-6.8246,54.24346],[-6.82452,54.24321],[-6.82444,54.24303],[-6.82425,54.24286],[-6.82414,54.24271],[-6.8241,54.24262],[-6.82399,54.24249],[-6.8238,54.24233],[-6.82362,54.242],[-6.82316,54.24136],[-6.82254,54.24067],[-6.82016,54.23948],[-6.81973,54.23921],[-6.81942,54.23895],[-6.81914,54.23859],[-6.81902,54.23847],[-6.81906,54.23838],[-6.81912,54.23824],[-6.81916,54.23804],[-6.81924,54.23787],[-6.81936,54.2377],[-6.81954,54.23749],[-6.81969,54.23726],[-6.81978,54.2371],[-6.81981,54.23693],[-6.81989,54.23672],[-6.81997,54.23655],[-6.82009,54.23608],[-6.82013,54.23585],[-6.82015,54.23559],[-6.8201,54.23545],[-6.81996,54.2352],[-6.81975,54.23488],[-6.81969,54.23474],[-6.81964,54.2346],[-6.81958,54.23439],[-6.81958,54.23421],[-6.81967,54.23408],[-6.81974,54.23393],[-6.81977,54.23385],[-6.81976,54.23373],[-6.81968,54.23361],[-6.81955,54.23346],[-6.81952,54.23335],[-6.81956,54.23325],[-6.81968,54.23313],[-6.81978,54.23302],[-6.81982,54.23283],[-6.81976,54.23255],[-6.81963,54.23239],[-6.81946,54.2323],[-6.81921,54.23222],[-6.81908,54.23216],[-6.81896,54.23211],[-6.81885,54.23203],[-6.81876,54.23193],[-6.81865,54.23173],[-6.81863,54.23166],[-6.81863,54.23156],[-6.81864,54.23149],[-6.81859,54.23136],[-6.81856,54.23129],[-6.81854,54.23122],[-6.81855,54.23101],[-6.81851,54.23085],[-6.81843,54.23066],[-6.81833,54.23051],[-6.81816,54.23031],[-6.81792,54.23023],[-6.8178,54.23028],[-6.81771,54.23026],[-6.8176,54.23019],[-6.81739,54.23011],[-6.81714,54.22998],[-6.81695,54.22987],[-6.81689,54.22981],[-6.81679,54.22961],[-6.81667,54.22946],[-6.81649,54.22916],[-6.81641,54.22906],[-6.81616,54.22886],[-6.81608,54.22878],[-6.81604,54.22862],[-6.81603,54.22851],[-6.81599,54.22841],[-6.81593,54.22829],[-6.81549,54.22779],[-6.81525,54.22749],[-6.81514,54.22734],[-6.81508,54.22723],[-6.81506,54.22715],[-6.81506,54.22711],[-6.81515,54.22697],[-6.81524,54.2268],[-6.81532,54.22661],[-6.81555,54.22627],[-6.81619,54.22567],[-6.81629,54.22556],[-6.81635,54.22536],[-6.81642,54.225],[-6.81653,54.22464],[-6.81654,54.22431],[-6.81647,54.2242],[-6.81626,54.22398],[-6.81611,54.22381],[-6.8161,54.22368],[-6.81615,54.2234],[-6.81619,54.223],[-6.81572,54.22318],[-6.81548,54.22329],[-6.81524,54.22335],[-6.81507,54.2234],[-6.81482,54.22341],[-6.81444,54.22338],[-6.8138,54.22335],[-6.81352,54.22335],[-6.81337,54.22333],[-6.81317,54.22327],[-6.81304,54.2233],[-6.81281,54.22331],[-6.81257,54.22333],[-6.81216,54.22333],[-6.81192,54.22333],[-6.8118,54.22336],[-6.81171,54.22337],[-6.81157,54.22348],[-6.81119,54.22366],[-6.8107,54.22387],[-6.81032,54.2241],[-6.80963,54.22443],[-6.80933,54.22464],[-6.8087,54.22473],[-6.80744,54.2241],[-6.80718,54.22392],[-6.807,54.22378],[-6.80674,54.22366],[-6.80647,54.2236],[-6.80599,54.22355],[-6.80551,54.2235],[-6.80524,54.22343],[-6.80501,54.22334],[-6.80462,54.22313],[-6.80347,54.22251],[-6.80311,54.22228],[-6.80294,54.22213],[-6.80274,54.22193],[-6.80252,54.22177],[-6.80218,54.22158],[-6.80177,54.22141],[-6.80122,54.22124],[-6.8008,54.22118],[-6.80052,54.22112],[-6.80044,54.22111],[-6.80039,54.22108],[-6.80035,54.22103],[-6.80037,54.22094],[-6.80041,54.22083],[-6.80048,54.22074],[-6.80079,54.22049],[-6.80089,54.22036],[-6.801,54.22022],[-6.80109,54.22013],[-6.80113,54.22003],[-6.80115,54.21996],[-6.80114,54.21985],[-6.80119,54.21958],[-6.80124,54.21946],[-6.80122,54.21928],[-6.8012,54.21918],[-6.80097,54.21875],[-6.80104,54.2185],[-6.80111,54.2184],[-6.80127,54.21828],[-6.8015,54.21809],[-6.80172,54.21786],[-6.80202,54.2176],[-6.80222,54.21745],[-6.80242,54.21724],[-6.80249,54.21716],[-6.80252,54.21712],[-6.80249,54.21707],[-6.80252,54.21698],[-6.80252,54.2169],[-6.80244,54.21679],[-6.80242,54.21667],[-6.80242,54.21658],[-6.80246,54.21648],[-6.80243,54.21632],[-6.80243,54.21622],[-6.8025,54.21603],[-6.80254,54.21592],[-6.80254,54.21577],[-6.80252,54.2156],[-6.80241,54.2153],[-6.80234,54.21514],[-6.80165,54.21448],[-6.80142,54.21425],[-6.80134,54.21402],[-6.80125,54.21369],[-6.8011,54.21319],[-6.80055,54.21297],[-6.7995,54.2129],[-6.79754,54.21277],[-6.79729,54.21275],[-6.79708,54.21276],[-6.79695,54.21275],[-6.7968,54.21272],[-6.79671,54.21267],[-6.79665,54.21254],[-6.79631,54.212],[-6.79629,54.21188],[-6.7963,54.21178],[-6.79628,54.21168],[-6.7962,54.21156],[-6.79618,54.21148],[-6.79621,54.21143],[-6.79632,54.21136],[-6.79632,54.21128],[-6.79608,54.21096],[-6.79596,54.21085],[-6.79588,54.2108],[-6.79559,54.2108],[-6.79543,54.21074],[-6.79487,54.21046],[-6.79475,54.21038],[-6.79469,54.21033],[-6.79469,54.21027],[-6.79473,54.21021],[-6.79482,54.21013],[-6.79486,54.21006],[-6.79487,54.20992],[-6.79496,54.20989],[-6.79511,54.20989],[-6.79521,54.20986],[-6.79527,54.20979],[-6.7953,54.20971],[-6.79526,54.20962],[-6.79523,54.20951],[-6.79526,54.20943],[-6.79533,54.20931],[-6.79535,54.20921],[-6.79528,54.20916],[-6.79514,54.20907],[-6.7949,54.20896],[-6.79443,54.20882],[-6.79424,54.20876],[-6.79398,54.20876],[-6.79374,54.2088],[-6.79347,54.20881],[-6.79296,54.20878],[-6.79198,54.20875],[-6.79109,54.20873],[-6.79087,54.20873],[-6.79062,54.20868],[-6.79005,54.20849],[-6.78927,54.20819],[-6.78663,54.20712],[-6.78588,54.20679],[-6.7856,54.20666],[-6.78527,54.20645],[-6.78501,54.2063],[-6.78435,54.20598],[-6.78412,54.20584],[-6.7838,54.20562],[-6.78368,54.20547],[-6.78356,54.20529],[-6.78341,54.20515],[-6.78325,54.205],[-6.78296,54.20476],[-6.78243,54.20439],[-6.78193,54.20403],[-6.78102,54.20345],[-6.78076,54.2033],[-6.78027,54.20307],[-6.77974,54.20285],[-6.77871,54.2024],[-6.7786,54.20234],[-6.77841,54.20196],[-6.7783,54.20185],[-6.7781,54.20173],[-6.77772,54.20161],[-6.77742,54.20149],[-6.77726,54.20143],[-6.7772,54.20136],[-6.77716,54.20125],[-6.77715,54.20108],[-6.7772,54.20089],[-6.7772,54.2007],[-6.77715,54.20058],[-6.77704,54.2004],[-6.77692,54.20024],[-6.77686,54.20011],[-6.77684,54.19998],[-6.77682,54.19982],[-6.77679,54.19961],[-6.77673,54.1995],[-6.77665,54.19945],[-6.77632,54.1993],[-6.77603,54.19919],[-6.77583,54.19908],[-6.77565,54.19897],[-6.77545,54.19888],[-6.7752,54.19883],[-6.77495,54.19879],[-6.7746,54.1988],[-6.77419,54.19883],[-6.77366,54.19888],[-6.77253,54.19925],[-6.77236,54.1993],[-6.7722,54.19938],[-6.77181,54.19978],[-6.77152,54.19993],[-6.77105,54.20009],[-6.77076,54.20021],[-6.77048,54.20027],[-6.77021,54.20036],[-6.76999,54.20043],[-6.76926,54.20053],[-6.76887,54.20058],[-6.76869,54.20058],[-6.76863,54.20055],[-6.76856,54.20045],[-6.76839,54.2003],[-6.76827,54.20018],[-6.76817,54.20002],[-6.76806,54.1999],[-6.768,54.1997],[-6.76793,54.1996],[-6.76762,54.1994],[-6.76741,54.19923],[-6.76728,54.19916],[-6.767,54.1991],[-6.76675,54.19901],[-6.76651,54.19887],[-6.76631,54.19866],[-6.76621,54.19854],[-6.76508,54.19865],[-6.76408,54.19868],[-6.76315,54.19875],[-6.76231,54.19884],[-6.7613,54.19891],[-6.76042,54.19895],[-6.75874,54.199],[-6.75707,54.19903],[-6.75592,54.19904],[-6.75529,54.19812],[-6.75496,54.19763],[-6.75467,54.19743],[-6.754,54.19705],[-6.75308,54.19655],[-6.75198,54.19596],[-6.75151,54.19553],[-6.75105,54.19515],[-6.75089,54.19507],[-6.75076,54.1949],[-6.75067,54.19476],[-6.75064,54.19466],[-6.75066,54.19448],[-6.75067,54.19421],[-6.75059,54.19407],[-6.75046,54.19392],[-6.75038,54.19378],[-6.7503,54.19357],[-6.75004,54.19326],[-6.74969,54.19289],[-6.74971,54.19287],[-6.74963,54.1927],[-6.74961,54.19254],[-6.74959,54.19239],[-6.74958,54.19234],[-6.74951,54.19232],[-6.74946,54.19227],[-6.74942,54.19217],[-6.74938,54.19201],[-6.74943,54.19192],[-6.74938,54.19185],[-6.74931,54.19176],[-6.74919,54.19169],[-6.74911,54.19162],[-6.74904,54.19151],[-6.74901,54.19143],[-6.74901,54.19135],[-6.7491,54.19105],[-6.74915,54.19097],[-6.74926,54.19088],[-6.74908,54.19072],[-6.74835,54.19024],[-6.74818,54.19003],[-6.74787,54.18972],[-6.74758,54.18957],[-6.74726,54.18943],[-6.74681,54.18925],[-6.74615,54.18899],[-6.74578,54.18881],[-6.74544,54.18843],[-6.74518,54.18802],[-6.74505,54.18776],[-6.74497,54.18753],[-6.74493,54.18736],[-6.74497,54.18721],[-6.74502,54.18701],[-6.74512,54.18679],[-6.74518,54.18659],[-6.74516,54.18638],[-6.7451,54.18627],[-6.74507,54.18613],[-6.74507,54.18592],[-6.74504,54.18567],[-6.74503,54.18548],[-6.74499,54.1854],[-6.74495,54.18534],[-6.74499,54.1853],[-6.74501,54.18499],[-6.74499,54.18486],[-6.7449,54.1847],[-6.74477,54.18451],[-6.74467,54.1843],[-6.74447,54.18416],[-6.74431,54.18404],[-6.74409,54.18393],[-6.74396,54.18374],[-6.74385,54.18355],[-6.74353,54.18338],[-6.74312,54.18312],[-6.74259,54.18272],[-6.74233,54.18256],[-6.74138,54.18212],[-6.74106,54.182],[-6.74064,54.18189],[-6.73997,54.18177],[-6.73945,54.18173],[-6.73922,54.18171],[-6.7389,54.1816],[-6.7387,54.18154],[-6.7386,54.18154],[-6.73845,54.18164],[-6.73797,54.18202],[-6.73745,54.18259],[-6.73673,54.18352],[-6.73508,54.18578],[-6.73217,54.18561],[-6.73185,54.18544],[-6.73166,54.18531],[-6.73161,54.18526],[-6.7316,54.18519],[-6.73153,54.18511],[-6.73138,54.18508],[-6.73019,54.18428],[-6.72966,54.18397],[-6.72931,54.18374],[-6.72907,54.18362],[-6.72889,54.18349],[-6.72874,54.18332],[-6.72862,54.18322],[-6.72848,54.18318],[-6.72832,54.18317],[-6.72822,54.18315],[-6.7274,54.18242],[-6.72608,54.18211],[-6.72423,54.18172],[-6.72379,54.18166],[-6.72256,54.18153],[-6.72238,54.18161],[-6.72216,54.18164],[-6.72195,54.18166],[-6.72181,54.18171],[-6.72176,54.18177],[-6.72168,54.18183],[-6.72139,54.18189],[-6.72116,54.18199],[-6.72104,54.18201],[-6.72099,54.18203],[-6.72099,54.18208],[-6.72105,54.18214],[-6.72114,54.18217],[-6.72115,54.18222],[-6.72123,54.18226],[-6.72135,54.18234],[-6.72147,54.18245],[-6.72151,54.18252],[-6.72151,54.18259],[-6.7215,54.18264],[-6.7214,54.18269],[-6.72111,54.18288],[-6.72097,54.18295],[-6.721,54.18302],[-6.72106,54.18311],[-6.72116,54.18316],[-6.72122,54.18318],[-6.7212,54.18324],[-6.72116,54.18327],[-6.72111,54.18338],[-6.72113,54.18344],[-6.72139,54.1837],[-6.72134,54.18378],[-6.72132,54.18383],[-6.72139,54.18391],[-6.72146,54.18427],[-6.72149,54.18448],[-6.72149,54.18458],[-6.72144,54.18464],[-6.72124,54.18472],[-6.72112,54.18478],[-6.72102,54.18486],[-6.721,54.18499],[-6.72091,54.18504],[-6.72086,54.18509],[-6.72084,54.18516],[-6.72086,54.18524],[-6.72091,54.18531],[-6.72088,54.18534],[-6.72075,54.18536],[-6.72074,54.18538],[-6.72074,54.18579],[-6.72076,54.18617],[-6.72075,54.18633],[-6.7208,54.18646],[-6.72092,54.18665],[-6.72098,54.18672],[-6.72097,54.18686],[-6.72091,54.18694],[-6.72089,54.18703],[-6.72092,54.18715],[-6.72088,54.18721],[-6.72069,54.18731],[-6.72042,54.18743],[-6.71983,54.18758],[-6.71969,54.18776],[-6.71957,54.18781],[-6.71945,54.18794],[-6.7193,54.18807],[-6.71913,54.18825],[-6.71907,54.18833],[-6.71907,54.18838],[-6.71909,54.18849],[-6.71909,54.18854],[-6.71871,54.18888],[-6.71296,54.19141],[-6.71296,54.19154],[-6.71294,54.19165],[-6.71295,54.19175],[-6.71305,54.19194],[-6.71324,54.19202],[-6.71329,54.19209],[-6.71331,54.19221],[-6.71338,54.19231],[-6.7134,54.1924],[-6.71348,54.1925],[-6.71349,54.19261],[-6.71359,54.19274],[-6.71359,54.19284],[-6.71355,54.1932],[-6.71366,54.19335],[-6.71364,54.19342],[-6.71363,54.19354],[-6.71369,54.19357],[-6.71394,54.1937],[-6.71405,54.1938],[-6.7141,54.19393],[-6.71418,54.19402],[-6.71422,54.19407],[-6.71424,54.19411],[-6.71419,54.19414],[-6.71415,54.19429],[-6.71413,54.19441],[-6.71415,54.19464],[-6.7141,54.19472],[-6.71406,54.19479],[-6.714,54.19484],[-6.7139,54.19489],[-6.71379,54.19497],[-6.71376,54.19507],[-6.71363,54.1952],[-6.71357,54.19529],[-6.71338,54.19534],[-6.71298,54.19546],[-6.71281,54.19554],[-6.71265,54.19565],[-6.7125,54.19577],[-6.71227,54.19592],[-6.71214,54.19601],[-6.71192,54.19616],[-6.71183,54.19624],[-6.7118,54.19627],[-6.71184,54.19634],[-6.71185,54.19636],[-6.71176,54.19646],[-6.71167,54.19649],[-6.71154,54.19651],[-6.71142,54.19653],[-6.71132,54.19657],[-6.71111,54.19673],[-6.71106,54.1968],[-6.71112,54.19706],[-6.71103,54.19714],[-6.71084,54.19724],[-6.71066,54.19736],[-6.71056,54.19748],[-6.71046,54.19759],[-6.71046,54.19761],[-6.7105,54.19764],[-6.71053,54.19766],[-6.71053,54.19768],[-6.71046,54.19775],[-6.71017,54.19797],[-6.71014,54.19803],[-6.71007,54.19806],[-6.70994,54.19813],[-6.70968,54.19824],[-6.70959,54.19825],[-6.70942,54.19826],[-6.70931,54.19833],[-6.70907,54.19851],[-6.709,54.19858],[-6.70886,54.19868],[-6.70879,54.19872],[-6.7087,54.19877],[-6.70867,54.19881],[-6.70867,54.19886],[-6.70865,54.19888],[-6.70847,54.19897],[-6.70828,54.19905],[-6.70819,54.1991],[-6.7081,54.19918],[-6.70796,54.19923],[-6.70787,54.19923],[-6.70775,54.19926],[-6.70764,54.19927],[-6.70754,54.19927],[-6.70734,54.19931],[-6.70721,54.19944],[-6.70705,54.19958],[-6.7068,54.19974],[-6.70665,54.19986],[-6.70654,54.19993],[-6.70641,54.19996],[-6.70626,54.20001],[-6.70596,54.20008],[-6.70587,54.20008],[-6.70578,54.20007],[-6.70561,54.20003],[-6.70538,54.20001],[-6.70517,54.20001],[-6.70468,54.20006],[-6.70424,54.20014],[-6.70407,54.20013],[-6.7036,54.20019],[-6.70338,54.20021],[-6.70312,54.20022],[-6.703,54.20023],[-6.70275,54.2002],[-6.70261,54.20024],[-6.70238,54.20033],[-6.70218,54.20038],[-6.70151,54.20035],[-6.7008,54.20027],[-6.70009,54.20015],[-6.69935,54.20003],[-6.6989,54.19995],[-6.69815,54.19975],[-6.69728,54.19949],[-6.69624,54.19921],[-6.69539,54.19894],[-6.69529,54.19906],[-6.69519,54.19923],[-6.69517,54.1994],[-6.69511,54.19956],[-6.69504,54.19971],[-6.69487,54.19987],[-6.69475,54.19992],[-6.69404,54.19999],[-6.69193,54.20018],[-6.69184,54.20023],[-6.6917,54.20013],[-6.69152,54.20001],[-6.69122,54.19973],[-6.69095,54.19943],[-6.68977,54.19769],[-6.68919,54.19691],[-6.68861,54.19599],[-6.68818,54.19539],[-6.68774,54.19482],[-6.68741,54.1948],[-6.6872,54.19481],[-6.68709,54.19474],[-6.68692,54.19464],[-6.68663,54.19448],[-6.68619,54.19434],[-6.68597,54.19429],[-6.68575,54.19422],[-6.68543,54.1942],[-6.68499,54.19414],[-6.68454,54.19405],[-6.68439,54.19399],[-6.68389,54.19371],[-6.68345,54.19346],[-6.68312,54.19328],[-6.68292,54.1932],[-6.68278,54.19317],[-6.68261,54.19315],[-6.68239,54.19315],[-6.6821,54.19321],[-6.68175,54.19325],[-6.68136,54.19333],[-6.68082,54.19343],[-6.68061,54.1935],[-6.68034,54.19366],[-6.68019,54.19378],[-6.68009,54.19392],[-6.67995,54.19442],[-6.67984,54.19469],[-6.67963,54.19508],[-6.67948,54.19515],[-6.6792,54.19527],[-6.67893,54.19537],[-6.67882,54.19545],[-6.67864,54.19551],[-6.67838,54.19563],[-6.67813,54.19538],[-6.67776,54.19507],[-6.67767,54.19501],[-6.67755,54.19496],[-6.67746,54.19492],[-6.67728,54.19447],[-6.67714,54.19424],[-6.67681,54.19406],[-6.67506,54.19302],[-6.67387,54.19277],[-6.67374,54.19262],[-6.67353,54.19219],[-6.67344,54.19217],[-6.67286,54.19219],[-6.6711,54.19234],[-6.67012,54.1924],[-6.66933,54.19245],[-6.66823,54.19252],[-6.66797,54.19254],[-6.66775,54.19257],[-6.66673,54.19281],[-6.6651,54.19317],[-6.66469,54.193],[-6.66441,54.19247],[-6.66413,54.19202],[-6.66402,54.19183],[-6.66391,54.19155],[-6.66365,54.19105],[-6.66346,54.19075],[-6.66339,54.1906],[-6.66327,54.19047],[-6.66324,54.1904],[-6.66324,54.19036],[-6.66306,54.19002],[-6.66307,54.18996],[-6.66309,54.18993],[-6.66309,54.18987],[-6.66301,54.18982],[-6.66294,54.1897],[-6.66289,54.18959],[-6.66274,54.18946],[-6.66253,54.1893],[-6.66226,54.18905],[-6.66194,54.18869],[-6.66162,54.18836],[-6.66154,54.18831],[-6.66137,54.18821],[-6.66124,54.18813],[-6.66115,54.18803],[-6.66099,54.18781],[-6.66097,54.18771],[-6.66052,54.1871],[-6.66047,54.18706],[-6.66051,54.18703],[-6.65969,54.18597],[-6.65865,54.18476],[-6.65768,54.18478],[-6.65738,54.18476],[-6.65718,54.1847],[-6.65693,54.18458],[-6.65543,54.18358],[-6.65354,54.18225],[-6.65201,54.1813],[-6.65082,54.18063],[-6.65002,54.18025],[-6.64977,54.1801],[-6.64926,54.17967],[-6.64918,54.17961],[-6.64907,54.17958],[-6.64894,54.17957],[-6.64875,54.1795],[-6.6486,54.17945],[-6.64842,54.17945],[-6.64809,54.17953],[-6.64802,54.17953],[-6.64794,54.17952],[-6.64788,54.17948],[-6.64769,54.17949],[-6.64754,54.17949],[-6.64735,54.17946],[-6.6472,54.17941],[-6.64695,54.17936],[-6.6469,54.17935],[-6.64682,54.17935],[-6.6467,54.17934],[-6.64658,54.17936],[-6.64652,54.17935],[-6.64646,54.1793],[-6.64636,54.17916],[-6.64628,54.17913],[-6.64621,54.17916],[-6.6461,54.17926],[-6.646,54.17939],[-6.64585,54.17946],[-6.64573,54.17954],[-6.6456,54.17961],[-6.64523,54.17974],[-6.64508,54.17975],[-6.64495,54.17974],[-6.64471,54.17982],[-6.64438,54.17989],[-6.64418,54.17983],[-6.64406,54.17977],[-6.64403,54.17972],[-6.64407,54.17964],[-6.64405,54.17953],[-6.64363,54.17838],[-6.64339,54.17779],[-6.64333,54.17748],[-6.6432,54.17718],[-6.643,54.1767],[-6.64292,54.17629],[-6.64285,54.17608],[-6.6427,54.17577],[-6.64256,54.17558],[-6.64226,54.17538],[-6.64194,54.17511],[-6.64124,54.17456],[-6.64089,54.17438],[-6.64072,54.17424],[-6.64039,54.17377],[-6.6402,54.17351],[-6.64012,54.17346],[-6.64003,54.17329],[-6.63997,54.17315],[-6.63989,54.17301],[-6.6397,54.17285],[-6.63947,54.17273],[-6.63942,54.17268],[-6.63941,54.17264],[-6.63941,54.17254],[-6.63943,54.17244],[-6.63944,54.17241],[-6.63945,54.17235],[-6.63944,54.17233],[-6.63932,54.17231],[-6.63912,54.17232],[-6.63884,54.17236],[-6.63875,54.17232],[-6.63852,54.17222],[-6.63829,54.17208],[-6.63824,54.17202],[-6.63822,54.17192],[-6.63817,54.17181],[-6.6381,54.17174],[-6.63799,54.17169],[-6.63785,54.17167],[-6.6377,54.17167],[-6.63756,54.17167],[-6.63741,54.17169],[-6.63719,54.17173],[-6.63706,54.17169],[-6.63694,54.1716],[-6.63662,54.1712],[-6.63644,54.17103],[-6.63635,54.17098],[-6.63608,54.17097],[-6.63592,54.17097],[-6.6358,54.17096],[-6.63569,54.17084],[-6.63558,54.17064],[-6.63555,54.17051],[-6.63557,54.17013],[-6.63596,54.17012],[-6.6362,54.1701],[-6.63637,54.17007],[-6.63631,54.16995],[-6.63628,54.16982],[-6.63633,54.16952],[-6.63623,54.16947],[-6.63605,54.16941],[-6.63615,54.16935],[-6.63624,54.16927],[-6.6363,54.16911],[-6.6361,54.16895],[-6.63597,54.16881],[-6.63582,54.16862],[-6.6357,54.16841],[-6.63566,54.1683],[-6.63566,54.1682],[-6.63567,54.16805],[-6.63567,54.16783],[-6.63563,54.16759],[-6.63562,54.16738],[-6.63564,54.1672],[-6.6357,54.16697],[-6.63581,54.16678],[-6.63587,54.16665],[-6.63585,54.1666],[-6.63577,54.16656],[-6.63567,54.16653],[-6.6356,54.16643],[-6.6355,54.16624],[-6.63544,54.16615],[-6.63532,54.16602],[-6.63518,54.16589],[-6.63508,54.16576],[-6.63507,54.16566],[-6.63499,54.16544],[-6.63487,54.16523],[-6.6348,54.16511],[-6.63473,54.16502],[-6.63469,54.16493],[-6.63473,54.16487],[-6.63493,54.16483],[-6.63505,54.16478],[-6.63509,54.16475],[-6.63508,54.1647],[-6.63503,54.16465],[-6.63495,54.16461],[-6.63486,54.16457],[-6.63482,54.16447],[-6.6348,54.16433],[-6.63475,54.16422],[-6.63467,54.16415],[-6.63419,54.16393],[-6.63409,54.16387],[-6.63404,54.1638],[-6.63404,54.16374],[-6.6342,54.16357],[-6.63431,54.16344],[-6.63438,54.16331],[-6.63439,54.16321],[-6.63436,54.16318],[-6.63419,54.16296],[-6.63409,54.16278],[-6.63395,54.16261],[-6.63388,54.16243],[-6.63378,54.16214],[-6.63374,54.16196],[-6.63374,54.16185],[-6.63378,54.16176],[-6.63385,54.16173],[-6.634,54.16175],[-6.63415,54.16176],[-6.6343,54.16176],[-6.63443,54.16169],[-6.63459,54.16156],[-6.63461,54.16152],[-6.6346,54.16146],[-6.63452,54.16133],[-6.63428,54.16111],[-6.63387,54.16079],[-6.6337,54.16062],[-6.63331,54.16014],[-6.63328,54.16005],[-6.63326,54.15992],[-6.63333,54.15983],[-6.63343,54.1597],[-6.63353,54.15954],[-6.63358,54.15941],[-6.63353,54.15931],[-6.63343,54.15918],[-6.63323,54.15876],[-6.63318,54.15866],[-6.63309,54.1586],[-6.6329,54.15851],[-6.63274,54.15845],[-6.63264,54.1584],[-6.63258,54.15835],[-6.63252,54.15827],[-6.63249,54.15821],[-6.63251,54.15812],[-6.63256,54.15804],[-6.63277,54.15787],[-6.63281,54.1578],[-6.6328,54.15774],[-6.63274,54.15763],[-6.63268,54.15758],[-6.63248,54.15757],[-6.6324,54.15755],[-6.63235,54.15752],[-6.63233,54.15746],[-6.63233,54.15735],[-6.63233,54.15727],[-6.63236,54.15718],[-6.63228,54.15706],[-6.63218,54.15693],[-6.6321,54.15677],[-6.63198,54.15665],[-6.63181,54.15643],[-6.63154,54.15618],[-6.63137,54.15608],[-6.63132,54.15603],[-6.6313,54.15584],[-6.63126,54.15573],[-6.63115,54.15562],[-6.63106,54.15552],[-6.63104,54.15543],[-6.63115,54.15517],[-6.63116,54.155],[-6.63113,54.15475],[-6.63108,54.15455],[-6.63103,54.15448],[-6.63093,54.15449],[-6.63073,54.15456],[-6.63059,54.15458],[-6.63022,54.15457],[-6.63019,54.15442],[-6.62996,54.15418],[-6.62983,54.15401],[-6.62975,54.15382],[-6.62971,54.15366],[-6.62973,54.15346],[-6.62976,54.15331],[-6.62978,54.15323],[-6.62983,54.15317],[-6.62996,54.1532],[-6.63023,54.15329],[-6.63047,54.15338],[-6.63075,54.15343],[-6.63086,54.15343],[-6.63099,54.15343],[-6.6311,54.15343],[-6.63121,54.15339],[-6.63121,54.15334],[-6.63115,54.15329],[-6.63103,54.15326],[-6.63096,54.15323],[-6.63094,54.15318],[-6.63099,54.15312],[-6.63111,54.15296],[-6.63118,54.15283],[-6.63123,54.15266],[-6.63122,54.15258],[-6.63119,54.1525],[-6.63111,54.15217],[-6.63108,54.15202],[-6.63118,54.15178],[-6.63119,54.1516],[-6.63126,54.15144],[-6.63131,54.15126],[-6.63156,54.15096],[-6.63168,54.15085],[-6.63172,54.15078],[-6.63182,54.15056],[-6.63183,54.15044],[-6.63175,54.15034],[-6.63152,54.1502],[-6.63122,54.14999],[-6.63108,54.14987],[-6.63096,54.14971],[-6.63094,54.14964],[-6.63096,54.14949],[-6.63099,54.14944],[-6.631,54.1494],[-6.63095,54.14931],[-6.63091,54.14919],[-6.63091,54.14913],[-6.631,54.14893],[-6.63114,54.14869],[-6.63117,54.14856],[-6.63122,54.14799],[-6.63126,54.1478],[-6.63131,54.14765],[-6.63145,54.14744],[-6.63155,54.1472],[-6.63167,54.14705],[-6.63173,54.14699],[-6.63196,54.14693],[-6.63222,54.14688],[-6.63238,54.14688],[-6.63256,54.14694],[-6.63273,54.14698],[-6.63288,54.14698],[-6.63306,54.14691],[-6.63382,54.14655],[-6.63402,54.14643],[-6.63433,54.14627],[-6.63451,54.14618],[-6.63479,54.14602],[-6.63512,54.14581],[-6.63519,54.14578],[-6.63529,54.14577],[-6.63536,54.14578],[-6.63547,54.14588],[-6.6357,54.14594],[-6.63591,54.14602],[-6.63614,54.14611],[-6.63662,54.14625],[-6.63669,54.14625],[-6.6368,54.14619],[-6.63686,54.1461],[-6.63694,54.14593],[-6.63697,54.14583],[-6.63694,54.14575],[-6.63694,54.14564],[-6.63698,54.14553],[-6.63707,54.14538],[-6.63725,54.14524],[-6.63748,54.1451],[-6.6377,54.145],[-6.63779,54.14496],[-6.6379,54.14491],[-6.6379,54.14488],[-6.63783,54.14478],[-6.63766,54.14468],[-6.63757,54.14451],[-6.63752,54.14443],[-6.6374,54.14417],[-6.63732,54.14397],[-6.63722,54.14377],[-6.63712,54.14363],[-6.63706,54.14348],[-6.63706,54.14335],[-6.63714,54.14328],[-6.63732,54.14316],[-6.6375,54.14299],[-6.63763,54.14289],[-6.63771,54.14284],[-6.63787,54.14278],[-6.63795,54.14267],[-6.63813,54.14231],[-6.63817,54.14221],[-6.63835,54.14227],[-6.63855,54.14236],[-6.63867,54.14235],[-6.63881,54.14228],[-6.63908,54.14224],[-6.63956,54.14224],[-6.63977,54.14227],[-6.64002,54.14231],[-6.64023,54.14234],[-6.64045,54.14238],[-6.64061,54.14224],[-6.64072,54.142],[-6.64074,54.14191],[-6.64069,54.14186],[-6.64049,54.14165],[-6.64038,54.14155],[-6.64034,54.14148],[-6.64066,54.14148],[-6.64079,54.14142],[-6.64079,54.1414],[-6.64077,54.14132],[-6.64082,54.14124],[-6.64093,54.1411],[-6.64096,54.14101],[-6.64088,54.14095],[-6.64061,54.14086],[-6.64044,54.14081],[-6.64029,54.14079],[-6.64019,54.14068],[-6.64016,54.14057],[-6.64016,54.14047],[-6.6402,54.14041],[-6.64029,54.14036],[-6.64045,54.14031],[-6.64071,54.14023],[-6.64081,54.14019],[-6.64093,54.14011],[-6.64101,54.14006],[-6.64102,54.13999],[-6.64098,54.13991],[-6.64066,54.13977],[-6.64056,54.13979],[-6.64051,54.13982],[-6.64044,54.13984],[-6.64036,54.13984],[-6.64021,54.1398],[-6.64035,54.13936],[-6.64045,54.13923],[-6.64083,54.139],[-6.64094,54.1389],[-6.64098,54.1388],[-6.64098,54.13869],[-6.64091,54.13858],[-6.64074,54.13831],[-6.64069,54.13827],[-6.64056,54.13827],[-6.64039,54.13824],[-6.64022,54.13823],[-6.64016,54.13819],[-6.63972,54.13774],[-6.64004,54.13765],[-6.63998,54.13749],[-6.63984,54.1373],[-6.63959,54.13713],[-6.63927,54.13697],[-6.63917,54.13692],[-6.63914,54.13684],[-6.63909,54.13672],[-6.63909,54.13649],[-6.63917,54.13602],[-6.63916,54.13587],[-6.63913,54.13572],[-6.63913,54.13535],[-6.63919,54.13524],[-6.63932,54.13516],[-6.63949,54.13503],[-6.63954,54.13495],[-6.63964,54.13486],[-6.63968,54.13472],[-6.63977,54.13463],[-6.63976,54.1345],[-6.63979,54.13437],[-6.6401,54.13412],[-6.6402,54.13403],[-6.64026,54.13392],[-6.64022,54.13384],[-6.64018,54.1337],[-6.64009,54.13354],[-6.63988,54.13348],[-6.63966,54.13338],[-6.63955,54.13331],[-6.63952,54.13324],[-6.63965,54.13318],[-6.63992,54.13312],[-6.64006,54.13307],[-6.64012,54.133],[-6.64004,54.13281],[-6.63995,54.13268],[-6.63984,54.13258],[-6.63979,54.1325],[-6.63973,54.13215],[-6.63967,54.1319],[-6.63969,54.1318],[-6.63983,54.13164],[-6.64,54.1315],[-6.64019,54.1314],[-6.64034,54.13138],[-6.64055,54.13141],[-6.64075,54.13138],[-6.64101,54.13132],[-6.6411,54.13125],[-6.6411,54.13119],[-6.64092,54.131],[-6.64111,54.13096],[-6.64159,54.13089],[-6.64171,54.13086],[-6.64186,54.13083],[-6.64199,54.1307],[-6.64204,54.13056],[-6.64199,54.13048],[-6.64188,54.13041],[-6.64189,54.13032],[-6.64194,54.13025],[-6.64208,54.13023],[-6.64232,54.13021],[-6.64249,54.13021],[-6.64259,54.13023],[-6.64283,54.13033],[-6.64291,54.13035],[-6.64302,54.13035],[-6.64307,54.13031],[-6.6431,54.13017],[-6.64317,54.12998],[-6.64329,54.12997],[-6.64366,54.12998],[-6.6441,54.13006],[-6.64421,54.13008],[-6.64431,54.13011],[-6.64438,54.13016],[-6.64446,54.13036],[-6.64468,54.13058],[-6.64477,54.13062],[-6.64495,54.13065],[-6.6451,54.13066],[-6.64538,54.13064],[-6.64564,54.13058],[-6.6459,54.1305],[-6.64605,54.13047],[-6.64607,54.13043],[-6.64608,54.13038],[-6.64603,54.13029],[-6.64605,54.13013],[-6.64612,54.13006],[-6.64624,54.13002],[-6.64636,54.13002],[-6.64655,54.13006],[-6.64677,54.13013],[-6.64693,54.13011],[-6.64712,54.1301],[-6.64737,54.13011],[-6.64762,54.13014],[-6.64778,54.1302],[-6.64796,54.13022],[-6.64814,54.13017],[-6.64836,54.1301],[-6.64855,54.13002],[-6.64882,54.12996],[-6.64905,54.12993],[-6.64924,54.12988],[-6.64939,54.12982],[-6.64954,54.12972],[-6.64967,54.12965],[-6.64983,54.12941],[-6.64983,54.12933],[-6.64981,54.12921],[-6.64973,54.12911],[-6.6496,54.12907],[-6.64942,54.12904],[-6.64934,54.12901],[-6.64929,54.12895],[-6.64922,54.12875],[-6.64911,54.12859],[-6.64888,54.12823],[-6.64904,54.12823],[-6.64918,54.12819],[-6.64922,54.12816],[-6.64925,54.12813],[-6.64932,54.12808],[-6.64932,54.12801],[-6.64919,54.12782],[-6.6491,54.1277],[-6.64908,54.12761],[-6.64908,54.12748],[-6.64912,54.1274],[-6.64925,54.1273],[-6.6494,54.1272],[-6.64965,54.12699],[-6.64975,54.12695],[-6.64987,54.12692],[-6.64994,54.12692],[-6.64999,54.12694],[-6.65002,54.12699],[-6.65001,54.12707],[-6.64995,54.12718],[-6.64994,54.12724],[-6.64994,54.12729],[-6.64997,54.12733],[-6.65005,54.12731],[-6.65018,54.12723],[-6.65028,54.12715],[-6.65035,54.12707],[-6.65036,54.127],[-6.65045,54.12699],[-6.6506,54.12703],[-6.65075,54.12706],[-6.65091,54.12708],[-6.65097,54.12707],[-6.65101,54.12702],[-6.65103,54.12697],[-6.65094,54.12687],[-6.65084,54.12672],[-6.65082,54.12662],[-6.65079,54.1265],[-6.65075,54.12639],[-6.65062,54.12626],[-6.65056,54.12619],[-6.65052,54.12613],[-6.65054,54.12604],[-6.6506,54.12594],[-6.65061,54.1259],[-6.65057,54.12586],[-6.65037,54.12579],[-6.65015,54.12574],[-6.64996,54.12568],[-6.64991,54.12563],[-6.64993,54.12555],[-6.6501,54.1255],[-6.65019,54.12545],[-6.65021,54.12544],[-6.65019,54.1254],[-6.65013,54.12535],[-6.64998,54.12529],[-6.64968,54.12513],[-6.64947,54.12499],[-6.64932,54.12485],[-6.64915,54.1247],[-6.6487,54.12397],[-6.64861,54.12369],[-6.64858,54.12357],[-6.64858,54.12352],[-6.64865,54.12344],[-6.6487,54.12329],[-6.6487,54.12278],[-6.64867,54.12262],[-6.64862,54.1224],[-6.64855,54.1222],[-6.6485,54.12204],[-6.64851,54.1219],[-6.64854,54.12175],[-6.64855,54.12163],[-6.64862,54.12153],[-6.6488,54.12141],[-6.64902,54.12138],[-6.64924,54.1214],[-6.64938,54.12138],[-6.64951,54.12134],[-6.64963,54.12134],[-6.64974,54.12138],[-6.6498,54.12145],[-6.64992,54.12153],[-6.64999,54.12156],[-6.65017,54.12157],[-6.65037,54.1216],[-6.65077,54.12165],[-6.65097,54.12168],[-6.65127,54.12159],[-6.65137,54.12154],[-6.65148,54.1215],[-6.6516,54.12148],[-6.65173,54.12153],[-6.65185,54.12161],[-6.65198,54.12173],[-6.65204,54.12178],[-6.65211,54.12188],[-6.65221,54.12194],[-6.65229,54.12205],[-6.65244,54.12235],[-6.65246,54.12243],[-6.65245,54.1225],[-6.65247,54.12258],[-6.6526,54.12268],[-6.65273,54.12271],[-6.65285,54.12273],[-6.65304,54.12275],[-6.65314,54.12275],[-6.65326,54.12282],[-6.65339,54.12298],[-6.65359,54.12315],[-6.65363,54.12332],[-6.65366,54.12337],[-6.6538,54.12342],[-6.65391,54.12347],[-6.65394,54.12356],[-6.65399,54.12365],[-6.65404,54.12367],[-6.65433,54.12375],[-6.65443,54.12381],[-6.65454,54.1238],[-6.65465,54.12375],[-6.6547,54.12364],[-6.6548,54.12354],[-6.65493,54.12352],[-6.65517,54.12357],[-6.65526,54.12361],[-6.65529,54.12365],[-6.65526,54.1237],[-6.65517,54.12377],[-6.65517,54.12383],[-6.65519,54.1239],[-6.65527,54.1239],[-6.65542,54.12387],[-6.65556,54.12388],[-6.65573,54.1239],[-6.6564,54.12404],[-6.6566,54.12405],[-6.65689,54.12402],[-6.65707,54.12405],[-6.65728,54.12409],[-6.65771,54.12412],[-6.65788,54.1241],[-6.65843,54.12395],[-6.65868,54.12387],[-6.6589,54.12381],[-6.65908,54.12377],[-6.65927,54.12372],[-6.65944,54.1237],[-6.65957,54.12367],[-6.65973,54.12367],[-6.65985,54.12372],[-6.65991,54.12384],[-6.65995,54.12393],[-6.65999,54.124],[-6.66011,54.12407],[-6.66024,54.12409],[-6.66042,54.12409],[-6.6605,54.12408],[-6.66042,54.12399],[-6.66041,54.12393],[-6.66042,54.12387],[-6.66048,54.1238],[-6.66057,54.12374],[-6.66059,54.1237],[-6.66055,54.12365],[-6.6605,54.12358],[-6.66051,54.12343],[-6.66052,54.1234],[-6.6605,54.12334],[-6.66056,54.12329],[-6.66067,54.12322],[-6.66081,54.12312],[-6.66099,54.12292],[-6.66119,54.1227],[-6.66123,54.12261],[-6.66127,54.12247],[-6.66122,54.1221],[-6.66122,54.12099],[-6.6612,54.12083],[-6.66122,54.12068],[-6.66119,54.12056],[-6.66114,54.12045],[-6.66102,54.12038],[-6.66089,54.12033],[-6.66079,54.12028],[-6.66066,54.12018],[-6.66062,54.12008],[-6.66074,54.11966],[-6.66079,54.11946],[-6.6608,54.11928],[-6.66077,54.11917],[-6.66076,54.119],[-6.66078,54.11885],[-6.66087,54.11863],[-6.6609,54.1185],[-6.66089,54.11836],[-6.66082,54.1182],[-6.66075,54.11791],[-6.66079,54.11779],[-6.66077,54.11741],[-6.65955,54.11636],[-6.6595,54.11627],[-6.65946,54.11609],[-6.65944,54.11575],[-6.65939,54.11547],[-6.65935,54.11533],[-6.65922,54.11522],[-6.65886,54.11494],[-6.65871,54.11484],[-6.65857,54.1143],[-6.65845,54.11385],[-6.65816,54.11341],[-6.65763,54.1127],[-6.65723,54.11222],[-6.65707,54.112],[-6.6569,54.11186],[-6.65675,54.11158],[-6.65658,54.11124],[-6.65647,54.111],[-6.65635,54.1109],[-6.65616,54.11076],[-6.65592,54.11048],[-6.65558,54.11001],[-6.65535,54.10974],[-6.65509,54.1095],[-6.65491,54.10935],[-6.65452,54.10911],[-6.65413,54.10886],[-6.65357,54.10848],[-6.65239,54.10768],[-6.65145,54.1071],[-6.65006,54.1067],[-6.65067,54.10577],[-6.65062,54.1054],[-6.65044,54.10439],[-6.65004,54.10402],[-6.64899,54.10272],[-6.64842,54.10224],[-6.64775,54.10174],[-6.64658,54.1009],[-6.6464,54.10082],[-6.64545,54.10062],[-6.6451,54.09925],[-6.6451,54.09918],[-6.64513,54.09909],[-6.64578,54.09841],[-6.64608,54.0983],[-6.64509,54.09596],[-6.64621,54.09566],[-6.64698,54.09544],[-6.64738,54.09527],[-6.64773,54.09514],[-6.64834,54.09488],[-6.64946,54.09441],[-6.64957,54.09432],[-6.65021,54.09362],[-6.65115,54.09299],[-6.65128,54.09299],[-6.65206,54.09297],[-6.65216,54.09304],[-6.65252,54.09317],[-6.65289,54.09336],[-6.65318,54.0935],[-6.65338,54.09357],[-6.65383,54.09361],[-6.65409,54.09357],[-6.65443,54.09349],[-6.65465,54.09341],[-6.65471,54.09339],[-6.65491,54.09344],[-6.65513,54.09346],[-6.6553,54.09353],[-6.65545,54.09359],[-6.65556,54.09385],[-6.6556,54.09398],[-6.65564,54.09404],[-6.65618,54.09449],[-6.65643,54.09469],[-6.65691,54.09499],[-6.65703,54.09511],[-6.65725,54.09519],[-6.65738,54.09524],[-6.65759,54.09539],[-6.65769,54.09545],[-6.65788,54.09566],[-6.65798,54.09574],[-6.65804,54.09591],[-6.65808,54.09594],[-6.6585,54.09605],[-6.65885,54.09617],[-6.66026,54.09444],[-6.66098,54.09359],[-6.66092,54.09349],[-6.66176,54.09296],[-6.6619,54.09284],[-6.66199,54.09275],[-6.66199,54.09253],[-6.66197,54.09244],[-6.6619,54.09235],[-6.66174,54.09221],[-6.66145,54.09207],[-6.6614,54.09198],[-6.66142,54.09193],[-6.66151,54.09173],[-6.66151,54.09164],[-6.66146,54.09149],[-6.66147,54.09132],[-6.6615,54.09117],[-6.66144,54.09109],[-6.66103,54.09079],[-6.66097,54.09071],[-6.66096,54.09062],[-6.661,54.0905],[-6.66106,54.09038],[-6.66106,54.09019],[-6.66099,54.08987],[-6.66094,54.08974],[-6.6607,54.08955],[-6.66052,54.08942],[-6.66031,54.08935],[-6.65998,54.08928],[-6.65977,54.08925],[-6.65963,54.08922],[-6.65955,54.08918],[-6.65947,54.0891],[-6.65944,54.08905],[-6.65937,54.08887],[-6.65932,54.08878],[-6.65932,54.08872],[-6.65934,54.08856],[-6.65932,54.0885],[-6.65927,54.08843],[-6.65923,54.08825],[-6.6592,54.08809],[-6.65913,54.08795],[-6.65895,54.08777],[-6.65867,54.0875],[-6.65853,54.08742],[-6.65845,54.08742],[-6.65832,54.08746],[-6.65821,54.08756],[-6.65779,54.08773],[-6.65753,54.08778],[-6.65729,54.08783],[-6.65704,54.08788],[-6.65688,54.08788],[-6.65651,54.08783],[-6.65639,54.0878],[-6.65628,54.08773],[-6.6562,54.08763],[-6.65596,54.08744],[-6.65579,54.0873],[-6.65568,54.0871],[-6.65566,54.08687],[-6.65569,54.08661],[-6.65576,54.08645],[-6.65587,54.0863],[-6.65611,54.08606],[-6.65633,54.08583],[-6.6566,54.08566],[-6.65694,54.08543],[-6.6573,54.08523],[-6.6576,54.08506],[-6.65789,54.08493],[-6.65819,54.08476],[-6.65835,54.08466],[-6.65846,54.08452],[-6.65859,54.08432],[-6.6587,54.08408],[-6.65872,54.08389],[-6.65872,54.08366],[-6.6586,54.08329],[-6.65796,54.08132],[-6.65772,54.08063],[-6.6577,54.08051],[-6.6577,54.08039],[-6.6578,54.08024],[-6.65805,54.08002],[-6.65833,54.07974],[-6.65843,54.07962],[-6.65846,54.07954],[-6.65847,54.07946],[-6.65845,54.07938],[-6.65835,54.07925],[-6.65826,54.07915],[-6.65823,54.07909],[-6.65821,54.07893],[-6.65825,54.07884],[-6.65849,54.0786],[-6.65855,54.07849],[-6.65855,54.07831],[-6.6585,54.07817],[-6.65835,54.0779],[-6.6584,54.07783],[-6.65852,54.07771],[-6.65869,54.07762],[-6.65882,54.07757],[-6.65892,54.07747],[-6.65896,54.07741],[-6.65896,54.07727],[-6.65892,54.0771],[-6.65877,54.07704],[-6.65856,54.07696],[-6.65841,54.07688],[-6.65823,54.07668],[-6.65816,54.07655],[-6.65815,54.07644],[-6.65815,54.07625],[-6.65822,54.0761],[-6.6584,54.07573],[-6.6585,54.07548],[-6.65857,54.07539],[-6.65866,54.07533],[-6.6588,54.07526],[-6.65897,54.0752],[-6.65914,54.07513],[-6.65969,54.07483],[-6.65997,54.07468],[-6.66005,54.07466],[-6.66011,54.07465],[-6.66021,54.0747],[-6.66032,54.07472],[-6.66044,54.07472],[-6.66061,54.07466],[-6.66074,54.07459],[-6.66084,54.07453],[-6.66087,54.07446],[-6.66087,54.07432],[-6.66084,54.0742],[-6.66086,54.07403],[-6.66097,54.07391],[-6.6611,54.07378],[-6.6612,54.07373],[-6.66181,54.07361],[-6.66203,54.07357],[-6.66222,54.07358],[-6.66259,54.0736],[-6.66282,54.07366],[-6.66313,54.07374],[-6.66349,54.07386],[-6.664,54.07406],[-6.66432,54.07421],[-6.66456,54.07428],[-6.66493,54.07424],[-6.66574,54.07408],[-6.66607,54.07403],[-6.66674,54.07398],[-6.66693,54.07395],[-6.66709,54.07388],[-6.66723,54.07382],[-6.66735,54.07381],[-6.66756,54.07384],[-6.6678,54.07386],[-6.66807,54.07383],[-6.66829,54.07378],[-6.66865,54.07374],[-6.66878,54.07371],[-6.66886,54.07366],[-6.66888,54.07363],[-6.66895,54.07324],[-6.66897,54.07288],[-6.66894,54.07269],[-6.66888,54.07244],[-6.66872,54.07218],[-6.66853,54.07201],[-6.66833,54.07187],[-6.66808,54.07164],[-6.6679,54.07139],[-6.6679,54.07121],[-6.66783,54.07111],[-6.66756,54.0709],[-6.6674,54.07084],[-6.66718,54.07083],[-6.66689,54.07089],[-6.66665,54.07092],[-6.66632,54.07087],[-6.66606,54.0708],[-6.66597,54.07074],[-6.66593,54.07062],[-6.66586,54.07048],[-6.66573,54.0704],[-6.66549,54.07031],[-6.66522,54.07029],[-6.66509,54.07027],[-6.66479,54.07005],[-6.66454,54.06984],[-6.66436,54.06957],[-6.6643,54.06942],[-6.66426,54.0692],[-6.66423,54.06895],[-6.66424,54.0687],[-6.66426,54.06853],[-6.66433,54.06837],[-6.66455,54.06804],[-6.66459,54.06793],[-6.66457,54.06785],[-6.66455,54.06779],[-6.66454,54.06768],[-6.66459,54.06757],[-6.66466,54.06734],[-6.66476,54.06718],[-6.6649,54.067],[-6.665,54.0668],[-6.66508,54.06661],[-6.66512,54.06645],[-6.66513,54.06633],[-6.66508,54.06626],[-6.66458,54.06593],[-6.66436,54.06574],[-6.66416,54.06564],[-6.66389,54.06546],[-6.66361,54.0652],[-6.66334,54.06494],[-6.66277,54.0645],[-6.66197,54.06396],[-6.66182,54.06381],[-6.66171,54.06369],[-6.66162,54.06348],[-6.66147,54.06326],[-6.66137,54.06308],[-6.66117,54.06292],[-6.66098,54.0628],[-6.66062,54.0627],[-6.65977,54.06249],[-6.65949,54.06243],[-6.65916,54.06238],[-6.65892,54.0623],[-6.65874,54.06223],[-6.6585,54.06208],[-6.6582,54.06187],[-6.65799,54.06178],[-6.65784,54.06176],[-6.6576,54.06181],[-6.65733,54.06191],[-6.65688,54.06208],[-6.65662,54.06213],[-6.65633,54.06217],[-6.65588,54.06219],[-6.65553,54.0622],[-6.65521,54.06216],[-6.65459,54.06208],[-6.6533,54.06187],[-6.65238,54.06173],[-6.65222,54.06171],[-6.65185,54.06175],[-6.65133,54.06179],[-6.6508,54.06183],[-6.65069,54.06179],[-6.65043,54.06172],[-6.65024,54.06166],[-6.64999,54.06155],[-6.64983,54.06141],[-6.64977,54.06135],[-6.64977,54.06119],[-6.6498,54.06101],[-6.64977,54.06084],[-6.64967,54.06066],[-6.64947,54.06034],[-6.64935,54.06009],[-6.6492,54.05969],[-6.64912,54.05961],[-6.64893,54.05951],[-6.64882,54.05939],[-6.64872,54.05929],[-6.6486,54.05922],[-6.64839,54.05919],[-6.64787,54.05916],[-6.64767,54.05916],[-6.64715,54.05908],[-6.64692,54.05901],[-6.64676,54.05891],[-6.64668,54.05882],[-6.64662,54.05871],[-6.6466,54.05862],[-6.6466,54.05854],[-6.64678,54.05839],[-6.64689,54.05829],[-6.64698,54.05819],[-6.64704,54.05806],[-6.64715,54.05793],[-6.6474,54.05769],[-6.64774,54.05737],[-6.64779,54.05724],[-6.64777,54.05709],[-6.64763,54.05686],[-6.64746,54.05662],[-6.64737,54.0565],[-6.64724,54.05621],[-6.6471,54.05598],[-6.64686,54.05565],[-6.64664,54.05542],[-6.64653,54.0553],[-6.64644,54.05502],[-6.64635,54.05482],[-6.64622,54.05466],[-6.64603,54.05446],[-6.64558,54.05415],[-6.64544,54.05403],[-6.64535,54.0539],[-6.64533,54.05378],[-6.64525,54.05358],[-6.64512,54.05338],[-6.64498,54.05314],[-6.64491,54.05299],[-6.64482,54.05285],[-6.64465,54.05279],[-6.64442,54.05276],[-6.64396,54.05276],[-6.64359,54.0528],[-6.64318,54.0528],[-6.64311,54.05278],[-6.64303,54.05273],[-6.64296,54.05266],[-6.64273,54.05231],[-6.64264,54.05213],[-6.64253,54.05205],[-6.64211,54.05182],[-6.64185,54.05158],[-6.64169,54.05146],[-6.64114,54.05124],[-6.64104,54.05119],[-6.64074,54.05086],[-6.64055,54.05069],[-6.64036,54.05054],[-6.63988,54.05022],[-6.63976,54.05013],[-6.63968,54.05001],[-6.63964,54.04988],[-6.63965,54.04971],[-6.63978,54.04954],[-6.64002,54.04946],[-6.64038,54.04936],[-6.64066,54.04926],[-6.6408,54.04914],[-6.64097,54.04896],[-6.64104,54.04886],[-6.64104,54.04876],[-6.64104,54.04863],[-6.64098,54.04849],[-6.64067,54.04818],[-6.64031,54.04791],[-6.64013,54.0477],[-6.63989,54.04751],[-6.63959,54.04729],[-6.63941,54.0471],[-6.63919,54.04681],[-6.63877,54.04641],[-6.63854,54.04629],[-6.63836,54.04622],[-6.63736,54.04613],[-6.63644,54.04592],[-6.63625,54.04586],[-6.63592,54.04564],[-6.6357,54.04546],[-6.63559,54.04532],[-6.63555,54.0452],[-6.63555,54.04513],[-6.63567,54.04492],[-6.6357,54.04462],[-6.63577,54.04443],[-6.63588,54.04426],[-6.63593,54.04412],[-6.63594,54.044],[-6.63589,54.04393],[-6.63582,54.04385],[-6.63569,54.04379],[-6.63555,54.04377],[-6.63487,54.04382],[-6.63455,54.04382],[-6.63432,54.04375],[-6.63418,54.04368],[-6.63387,54.04349],[-6.63365,54.04337],[-6.63344,54.04332],[-6.63323,54.0433],[-6.63281,54.04333],[-6.63248,54.04334],[-6.63214,54.04339],[-6.63197,54.04346],[-6.63183,54.04352],[-6.63117,54.04364],[-6.63097,54.04366],[-6.63073,54.04362],[-6.63049,54.04354],[-6.63018,54.0434],[-6.63,54.0433],[-6.62946,54.04285],[-6.62901,54.04247],[-6.62874,54.04218],[-6.62852,54.04192],[-6.62839,54.04169],[-6.62832,54.0414],[-6.62817,54.04094],[-6.62809,54.04079],[-6.62787,54.04052],[-6.62779,54.04039],[-6.62759,54.03996],[-6.62744,54.03972],[-6.62701,54.03931],[-6.62663,54.03903],[-6.62655,54.03886],[-6.62641,54.03866],[-6.62591,54.03821],[-6.62548,54.03776],[-6.62528,54.0375],[-6.62513,54.03732],[-6.6249,54.03719],[-6.62455,54.037],[-6.6241,54.03672],[-6.62395,54.03659],[-6.62383,54.03651],[-6.62371,54.03649],[-6.62365,54.03654],[-6.62356,54.03666],[-6.62339,54.03753],[-6.62395,54.03814],[-6.62395,54.03829],[-6.62381,54.03858],[-6.62356,54.03878],[-6.62345,54.03892],[-6.62288,54.03899],[-6.61968,54.03931],[-6.61946,54.03931],[-6.61931,54.03931],[-6.61915,54.03921],[-6.61892,54.03905],[-6.61859,54.03873],[-6.61841,54.03868],[-6.61826,54.03866],[-6.61808,54.03866],[-6.61787,54.03869],[-6.61768,54.03878],[-6.61748,54.03894],[-6.61739,54.03903],[-6.61734,54.03938],[-6.61729,54.03956],[-6.61681,54.04033],[-6.61653,54.04076],[-6.61642,54.04098],[-6.61632,54.04128],[-6.61632,54.04153],[-6.61637,54.04174],[-6.61676,54.04227],[-6.61617,54.04258],[-6.61522,54.04224],[-6.61472,54.042],[-6.61451,54.04187],[-6.61437,54.04177],[-6.6142,54.04168],[-6.61393,54.04165],[-6.61375,54.04163],[-6.61349,54.0416],[-6.6132,54.04158],[-6.61293,54.04156],[-6.61265,54.04158],[-6.61201,54.04165],[-6.61132,54.04171],[-6.61099,54.04163],[-6.61052,54.04147],[-6.61007,54.0413],[-6.60964,54.04106],[-6.60901,54.0407],[-6.60892,54.04067],[-6.60867,54.04054],[-6.6066,54.03966],[-6.60649,54.04036],[-6.60644,54.04063],[-6.60639,54.04117],[-6.60636,54.04135],[-6.60583,54.04153],[-6.60552,54.04165],[-6.60542,54.04176],[-6.6053,54.04212],[-6.60512,54.04279],[-6.60501,54.04329],[-6.60497,54.04352],[-6.60499,54.04362],[-6.60503,54.0437],[-6.60501,54.04387],[-6.60481,54.04438],[-6.60458,54.045],[-6.60337,54.045],[-6.60191,54.04497],[-6.60155,54.04482],[-6.60125,54.04467],[-6.60113,54.04462],[-6.60103,54.0446],[-6.60086,54.04462],[-6.6007,54.04468],[-6.60035,54.04471],[-6.60004,54.04477],[-6.59993,54.04483],[-6.59941,54.04516],[-6.59879,54.04552],[-6.59836,54.04579],[-6.59704,54.04528],[-6.59644,54.04508],[-6.59497,54.04456],[-6.59471,54.04474],[-6.59453,54.0449],[-6.59436,54.0451],[-6.59299,54.0463],[-6.59419,54.04871],[-6.59363,54.05],[-6.59568,54.05199],[-6.59457,54.05293],[-6.594,54.0533],[-6.59352,54.05367],[-6.59284,54.0541],[-6.59252,54.05432],[-6.59238,54.05454],[-6.59214,54.0548],[-6.59181,54.05507],[-6.59159,54.0552],[-6.59135,54.05535],[-6.59104,54.05553],[-6.59086,54.0558],[-6.59085,54.05593],[-6.59095,54.05613],[-6.5889,54.05681],[-6.58674,54.05753],[-6.58654,54.05758],[-6.58639,54.05755],[-6.58615,54.05744],[-6.58578,54.0573],[-6.58533,54.05711],[-6.58479,54.05689],[-6.58204,54.05487],[-6.57994,54.05577],[-6.5798,54.05585],[-6.57971,54.05585],[-6.57965,54.05584],[-6.57947,54.05577],[-6.5786,54.05524],[-6.57511,54.05303],[-6.57345,54.05303],[-6.5733,54.0536],[-6.57307,54.0537],[-6.57255,54.05384],[-6.57219,54.05395],[-6.57211,54.05394],[-6.57196,54.05381],[-6.57133,54.05333],[-6.57122,54.05333],[-6.57107,54.05338],[-6.57083,54.05348],[-6.57064,54.05355],[-6.57053,54.05363],[-6.57037,54.0537],[-6.57019,54.05373],[-6.56995,54.0537],[-6.56906,54.05355],[-6.56943,54.05278],[-6.5697,54.05226],[-6.56997,54.0517],[-6.57006,54.0514],[-6.57007,54.05128],[-6.57001,54.05123],[-6.56983,54.05111],[-6.56962,54.05096],[-6.56948,54.05093],[-6.56928,54.05089],[-6.56911,54.0509],[-6.56889,54.0509],[-6.56858,54.05093],[-6.56849,54.05095],[-6.56823,54.05106],[-6.56793,54.05099],[-6.56757,54.05098],[-6.56605,54.05104],[-6.56466,54.05111],[-6.56453,54.05102],[-6.56436,54.05082],[-6.56421,54.05069],[-6.56396,54.05072],[-6.56348,54.05059],[-6.56313,54.05051],[-6.56274,54.05049],[-6.56259,54.05056],[-6.56247,54.0506],[-6.56229,54.0506],[-6.56189,54.05063],[-6.56175,54.05068],[-6.5617,54.05068],[-6.56158,54.05061],[-6.56133,54.05039],[-6.56125,54.05034],[-6.56116,54.05032],[-6.56111,54.05029],[-6.56104,54.05022],[-6.56095,54.0502],[-6.56083,54.05016],[-6.5607,54.05009],[-6.5606,54.05006],[-6.56049,54.05006],[-6.56034,54.05004],[-6.56011,54.05],[-6.55971,54.04998],[-6.55932,54.04996],[-6.55902,54.04991],[-6.55884,54.04984],[-6.55862,54.04973],[-6.55794,54.04929],[-6.55661,54.04987],[-6.55635,54.05],[-6.55621,54.05009],[-6.55572,54.04996],[-6.55543,54.04994],[-6.55527,54.04994],[-6.55512,54.04999],[-6.55471,54.05029],[-6.55445,54.05039],[-6.55413,54.05051],[-6.55365,54.05073],[-6.5534,54.0509],[-6.5533,54.05103],[-6.55322,54.05123],[-6.55314,54.05142],[-6.55303,54.05152],[-6.55283,54.05163],[-6.55255,54.05175],[-6.55226,54.05183],[-6.55192,54.05181],[-6.55156,54.05178],[-6.55136,54.05173],[-6.55126,54.05166],[-6.55121,54.05159],[-6.55114,54.05152],[-6.55089,54.05136],[-6.55034,54.05108],[-6.54926,54.0504],[-6.5483,54.05106],[-6.54749,54.05174],[-6.54733,54.05186],[-6.54706,54.05203],[-6.54619,54.05173],[-6.54539,54.05151],[-6.54313,54.05361],[-6.5432,54.05365],[-6.54192,54.05423],[-6.53944,54.05518],[-6.53866,54.05544],[-6.53822,54.05562],[-6.53795,54.05579],[-6.53654,54.05674],[-6.53593,54.0571],[-6.53545,54.05747],[-6.53467,54.05814],[-6.53444,54.0583],[-6.53428,54.05839],[-6.53367,54.05875],[-6.53345,54.05884],[-6.53332,54.05886],[-6.533,54.05901],[-6.53275,54.05917],[-6.53242,54.05946],[-6.53221,54.05958],[-6.53205,54.05965],[-6.53188,54.05966],[-6.53154,54.05962],[-6.53115,54.05953],[-6.5309,54.05948],[-6.52985,54.05936],[-6.52837,54.05917],[-6.52786,54.05883],[-6.52719,54.05844],[-6.52648,54.05807],[-6.52579,54.05768],[-6.52496,54.05723],[-6.52411,54.05679],[-6.52395,54.05667],[-6.52381,54.05656],[-6.52374,54.05652],[-6.52364,54.05652],[-6.52347,54.0565],[-6.52317,54.05645],[-6.52303,54.05645],[-6.52287,54.0564],[-6.52257,54.05628],[-6.52232,54.05621],[-6.52201,54.05616],[-6.52181,54.05613],[-6.52098,54.05575],[-6.52068,54.05558],[-6.52047,54.05537],[-6.5205,54.05535],[-6.52038,54.05522],[-6.52014,54.05504],[-6.51991,54.0549],[-6.51973,54.05487],[-6.5194,54.0549],[-6.51923,54.0549],[-6.51898,54.0548],[-6.51891,54.05472],[-6.51877,54.0546],[-6.51843,54.05444],[-6.51816,54.05426],[-6.51815,54.05423],[-6.51833,54.05408],[-6.51829,54.05397],[-6.51822,54.05386],[-6.51805,54.05372],[-6.51748,54.05348],[-6.51689,54.05325],[-6.51644,54.05305],[-6.51603,54.0528],[-6.51585,54.05268],[-6.51575,54.0526],[-6.51571,54.05251],[-6.51529,54.05255],[-6.51467,54.05256],[-6.514,54.05261],[-6.51263,54.05274],[-6.5122,54.05285],[-6.51142,54.05308],[-6.51117,54.053],[-6.51078,54.05282],[-6.5105,54.05268],[-6.51025,54.0528],[-6.51,54.0529],[-6.50965,54.053],[-6.5093,54.05311],[-6.50843,54.05348],[-6.50878,54.05363],[-6.50878,54.05383],[-6.50884,54.05435],[-6.5089,54.0546],[-6.50913,54.05522],[-6.50933,54.05552],[-6.50951,54.05567],[-6.50975,54.05586],[-6.50981,54.05595],[-6.50987,54.05614],[-6.5099,54.05633],[-6.5099,54.05645],[-6.50982,54.0565],[-6.50977,54.0566],[-6.50976,54.05677],[-6.50983,54.05699],[-6.50983,54.05729],[-6.50987,54.05747],[-6.50963,54.05747],[-6.50918,54.05742],[-6.50904,54.05739],[-6.50883,54.05746],[-6.50847,54.05757],[-6.5082,54.0577],[-6.50752,54.05797],[-6.50743,54.05799],[-6.50718,54.05807],[-6.50677,54.05829],[-6.50581,54.05887],[-6.50554,54.05902],[-6.50516,54.0592],[-6.50452,54.05947],[-6.50426,54.05961],[-6.50349,54.05994],[-6.50257,54.05958],[-6.50222,54.05977],[-6.5016,54.05944],[-6.50105,54.05966],[-6.49823,54.05934],[-6.49769,54.05986],[-6.49684,54.05941],[-6.49658,54.05925],[-6.49537,54.05994],[-6.49521,54.06005],[-6.49501,54.06011],[-6.49475,54.06024],[-6.49443,54.06044],[-6.49408,54.06064],[-6.49367,54.06091],[-6.49338,54.06099],[-6.49313,54.06114],[-6.49295,54.06127],[-6.49271,54.06155],[-6.49207,54.06228],[-6.49184,54.06251],[-6.49149,54.06244],[-6.49122,54.06237],[-6.48985,54.06316],[-6.48921,54.06355],[-6.48871,54.06375],[-6.48764,54.06424],[-6.48664,54.06465],[-6.48653,54.06458],[-6.48536,54.06505],[-6.48504,54.06521],[-6.48477,54.06539],[-6.48471,54.06546],[-6.48471,54.06635],[-6.48447,54.06665],[-6.48438,54.06673],[-6.48432,54.06675],[-6.48412,54.06673],[-6.48316,54.06684],[-6.48127,54.06704],[-6.48036,54.06715],[-6.47996,54.06718],[-6.47973,54.06715],[-6.4782,54.0667],[-6.47721,54.0664],[-6.47693,54.0663],[-6.47667,54.06628],[-6.47635,54.06633],[-6.47601,54.06642],[-6.47563,54.06646],[-6.47524,54.06647],[-6.47483,54.06642],[-6.47453,54.06642],[-6.47393,54.06642],[-6.47362,54.0664],[-6.47308,54.0664],[-6.47287,54.06638],[-6.47248,54.06632],[-6.47211,54.06629],[-6.47185,54.06627],[-6.47171,54.06626],[-6.47141,54.06626],[-6.47131,54.06629],[-6.47126,54.06633],[-6.47126,54.06648],[-6.47121,54.06653],[-6.47112,54.06657],[-6.47111,54.06661],[-6.47126,54.06669],[-6.47151,54.06677],[-6.47183,54.06686],[-6.47203,54.06691],[-6.47216,54.06695],[-6.47229,54.06707],[-6.47257,54.06721],[-6.47283,54.0673],[-6.4732,54.06736],[-6.47339,54.06742],[-6.47357,54.06752],[-6.47371,54.06765],[-6.47384,54.06783],[-6.47398,54.06799],[-6.47413,54.06817],[-6.47443,54.06841],[-6.47463,54.06847],[-6.47488,54.06857],[-6.47558,54.06889],[-6.47576,54.0689],[-6.47622,54.06894],[-6.47662,54.06902],[-6.47709,54.06918],[-6.47737,54.0693],[-6.47755,54.06937],[-6.47768,54.06939],[-6.47782,54.06939],[-6.47806,54.06932],[-6.47825,54.0693],[-6.47841,54.06932],[-6.47852,54.06937],[-6.47859,54.06945],[-6.47859,54.06957],[-6.47853,54.06977],[-6.47847,54.06999],[-6.47845,54.07014],[-6.47848,54.07036],[-6.47857,54.07049],[-6.47877,54.07057],[-6.47925,54.07064],[-6.47972,54.07072],[-6.47997,54.0708],[-6.48017,54.07089],[-6.4805,54.07111],[-6.48062,54.07134],[-6.48067,54.07152],[-6.48082,54.07169],[-6.48104,54.07184],[-6.48114,54.07185],[-6.48137,54.0719],[-6.48146,54.07196],[-6.48155,54.07204],[-6.48159,54.0722],[-6.48169,54.07236],[-6.48181,54.07261],[-6.48174,54.07262],[-6.48159,54.07267],[-6.48151,54.07272],[-6.48143,54.07278],[-6.48136,54.07286],[-6.48134,54.07298],[-6.4813,54.07307],[-6.48129,54.07321],[-6.48129,54.07339],[-6.48126,54.07395],[-6.48132,54.07413],[-6.48142,54.07433],[-6.48147,54.0745],[-6.48151,54.07468],[-6.48146,54.07478],[-6.48137,54.07483],[-6.48126,54.07487],[-6.48114,54.07493],[-6.48101,54.07505],[-6.48084,54.07524],[-6.48073,54.07528],[-6.48064,54.07535],[-6.48067,54.07539],[-6.4807,54.07545],[-6.48071,54.07558],[-6.4807,54.07565],[-6.48065,54.07568],[-6.48059,54.07577],[-6.48054,54.07591],[-6.48044,54.07606],[-6.48037,54.07614],[-6.4803,54.0763],[-6.48022,54.07643],[-6.48008,54.07655],[-6.47987,54.0767],[-6.47964,54.07679],[-6.47946,54.07681],[-6.47905,54.07643],[-6.47893,54.07649],[-6.4784,54.07678],[-6.47775,54.07713],[-6.47737,54.07695],[-6.47712,54.0769],[-6.47691,54.07682],[-6.47672,54.07674],[-6.47645,54.0766],[-6.47611,54.07651],[-6.4756,54.07639],[-6.47536,54.07633],[-6.47528,54.07626],[-6.47516,54.07609],[-6.47505,54.07599],[-6.47482,54.07588],[-6.47472,54.07581],[-6.47465,54.0757],[-6.47461,54.07563],[-6.4745,54.07555],[-6.47432,54.07549],[-6.47418,54.07545],[-6.47408,54.07538],[-6.47388,54.07528],[-6.47376,54.07519],[-6.47357,54.07507],[-6.47349,54.075],[-6.47348,54.07493],[-6.47341,54.07488],[-6.47325,54.0748],[-6.47293,54.07471],[-6.47265,54.07466],[-6.47253,54.07461],[-6.47233,54.07446],[-6.47204,54.07431],[-6.47169,54.07415],[-6.47164,54.07408],[-6.47161,54.07397],[-6.47155,54.07385],[-6.47143,54.07371],[-6.47119,54.07368],[-6.47104,54.07364],[-6.47081,54.07358],[-6.47066,54.0735],[-6.47048,54.07346],[-6.47015,54.07354],[-6.47004,54.07353],[-6.46991,54.07348],[-6.46981,54.07341],[-6.46964,54.0733],[-6.46949,54.07331],[-6.46934,54.07338],[-6.46923,54.07348],[-6.46887,54.07375],[-6.46852,54.07397],[-6.46832,54.07408],[-6.46823,54.07408],[-6.468,54.07399],[-6.46762,54.07391],[-6.46735,54.07386],[-6.46714,54.07386],[-6.46662,54.07393],[-6.4665,54.07381],[-6.4663,54.07364],[-6.46602,54.07347],[-6.4657,54.07331],[-6.46536,54.07317],[-6.46512,54.07309],[-6.46494,54.07301],[-6.46477,54.07285],[-6.46464,54.07269],[-6.46455,54.07254],[-6.46435,54.07241],[-6.46427,54.07234],[-6.46418,54.07225],[-6.46409,54.07209],[-6.46405,54.07199],[-6.464,54.07188],[-6.46386,54.07179],[-6.46372,54.07164],[-6.46363,54.0715],[-6.46358,54.07126],[-6.46309,54.07093],[-6.46296,54.07087],[-6.46281,54.07082],[-6.46262,54.07079],[-6.46237,54.07069],[-6.46223,54.07063],[-6.46205,54.07056],[-6.46184,54.07053],[-6.46159,54.07053],[-6.46144,54.0705],[-6.46126,54.07048],[-6.46106,54.07047],[-6.46058,54.07055],[-6.46034,54.07064],[-6.45906,54.07125],[-6.45896,54.07147],[-6.45886,54.07166],[-6.45879,54.07175],[-6.4587,54.07181],[-6.45719,54.07236],[-6.45661,54.07255],[-6.45607,54.07253],[-6.45591,54.07232],[-6.45568,54.07209],[-6.45544,54.07186],[-6.45527,54.07179],[-6.45506,54.07166],[-6.4547,54.07146],[-6.45439,54.07124],[-6.45402,54.07091],[-6.4538,54.07079],[-6.45395,54.07064],[-6.454,54.07046],[-6.45399,54.07026],[-6.45392,54.07003],[-6.45385,54.06987],[-6.45356,54.06973],[-6.45297,54.06941],[-6.45224,54.06902],[-6.452,54.06884],[-6.45163,54.06865],[-6.4514,54.06856],[-6.4513,54.06856],[-6.45111,54.06864],[-6.45098,54.06872],[-6.45088,54.06873],[-6.45076,54.0687],[-6.45071,54.0686],[-6.45058,54.06855],[-6.45051,54.06853],[-6.45026,54.06826],[-6.45006,54.06803],[-6.44998,54.06793],[-6.44995,54.06777],[-6.44998,54.06767],[-6.45034,54.06759],[-6.4505,54.06757],[-6.45055,54.06754],[-6.45053,54.06747],[-6.45043,54.06735],[-6.4503,54.06721],[-6.45014,54.067],[-6.45006,54.06689],[-6.45003,54.06679],[-6.45002,54.06674],[-6.45006,54.0667],[-6.45011,54.06667],[-6.45023,54.06667],[-6.45033,54.06671],[-6.45048,54.06673],[-6.45057,54.06673],[-6.45068,54.0667],[-6.45073,54.06665],[-6.45074,54.06654],[-6.4507,54.0664],[-6.45066,54.06632],[-6.45061,54.06625],[-6.45048,54.06622],[-6.45031,54.0662],[-6.45008,54.06622],[-6.44992,54.06625],[-6.44984,54.06625],[-6.44978,54.0662],[-6.44971,54.06614],[-6.44966,54.06607],[-6.44953,54.06595],[-6.44944,54.06585],[-6.44943,54.06575],[-6.44945,54.06567],[-6.44967,54.0655],[-6.44973,54.06542],[-6.44973,54.06533],[-6.44958,54.06519],[-6.44942,54.06513],[-6.44923,54.06509],[-6.44902,54.06511],[-6.44888,54.06511],[-6.44884,54.06507],[-6.4489,54.06498],[-6.44897,54.06491],[-6.44908,54.06486],[-6.44921,54.06484],[-6.44953,54.06488],[-6.44975,54.0649],[-6.45,54.0649],[-6.45009,54.06485],[-6.45014,54.06477],[-6.45014,54.06469],[-6.45008,54.06452],[-6.44993,54.06432],[-6.44971,54.06418],[-6.44957,54.06407],[-6.44949,54.06398],[-6.44938,54.06396],[-6.44926,54.06398],[-6.44916,54.06405],[-6.44906,54.06415],[-6.44887,54.06424],[-6.44869,54.06423],[-6.44857,54.06418],[-6.44851,54.06415],[-6.44847,54.06411],[-6.44846,54.06403],[-6.44851,54.06393],[-6.44856,54.06375],[-6.44858,54.06361],[-6.44855,54.06334],[-6.44842,54.06301],[-6.44841,54.06291],[-6.44846,54.06275],[-6.4485,54.06261],[-6.44845,54.06247],[-6.44836,54.06228],[-6.44838,54.06216],[-6.44843,54.06206],[-6.44848,54.06198],[-6.44848,54.0619],[-6.44838,54.0615],[-6.44836,54.06138],[-6.44831,54.06123],[-6.44828,54.06106],[-6.44832,54.061],[-6.44839,54.06093],[-6.44842,54.06086],[-6.4484,54.06081],[-6.44799,54.06073],[-6.44786,54.06069],[-6.44768,54.06058],[-6.44758,54.06043],[-6.44733,54.06017],[-6.44696,54.05975],[-6.44657,54.05929],[-6.44619,54.05889],[-6.44589,54.05856],[-6.4456,54.05837],[-6.44533,54.05823],[-6.44491,54.05813],[-6.44451,54.05807],[-6.44405,54.05804],[-6.4437,54.05804],[-6.44355,54.05803],[-6.44345,54.05799],[-6.44336,54.05795],[-6.44312,54.05762],[-6.44312,54.05754],[-6.44351,54.05684],[-6.4435,54.05647],[-6.44247,54.05684],[-6.44187,54.05707],[-6.44129,54.05727],[-6.44099,54.05739],[-6.44043,54.05769],[-6.4401,54.05784],[-6.43992,54.0579],[-6.43967,54.05797],[-6.43921,54.05765],[-6.43903,54.05758],[-6.43882,54.05747],[-6.43871,54.05737],[-6.43855,54.05733],[-6.43824,54.05727],[-6.43804,54.05729],[-6.43769,54.05737],[-6.43738,54.05745],[-6.43722,54.05756],[-6.4371,54.05767],[-6.43695,54.05776],[-6.43656,54.05797],[-6.43623,54.05816],[-6.43602,54.05826],[-6.43578,54.05841],[-6.43572,54.05847],[-6.43572,54.05854],[-6.43575,54.05859],[-6.43561,54.05877],[-6.43541,54.05891],[-6.43514,54.05923],[-6.43407,54.06041],[-6.43345,54.06104],[-6.43287,54.06056],[-6.43279,54.0604],[-6.43265,54.06003],[-6.43253,54.05979],[-6.43232,54.05949],[-6.43202,54.0594],[-6.43173,54.05929],[-6.43114,54.059],[-6.43017,54.05854],[-6.42965,54.05835],[-6.42838,54.05986],[-6.42818,54.06],[-6.42776,54.06054],[-6.42758,54.06075],[-6.42737,54.06091],[-6.4272,54.06098],[-6.42696,54.06089],[-6.42686,54.06086],[-6.4267,54.06089],[-6.42651,54.06089],[-6.4258,54.06087],[-6.42544,54.06087],[-6.42512,54.06088],[-6.42414,54.06095],[-6.42344,54.06101],[-6.42295,54.06111],[-6.42285,54.06094],[-6.42272,54.06051],[-6.42259,54.06038],[-6.42237,54.06024],[-6.42192,54.05988],[-6.4214,54.05944],[-6.4211,54.05972],[-6.42062,54.06008],[-6.4203,54.06028],[-6.42005,54.06044],[-6.41992,54.06049],[-6.41979,54.06056],[-6.41967,54.06066],[-6.41962,54.06082],[-6.41959,54.06104],[-6.41959,54.06109],[-6.41938,54.06116],[-6.41923,54.06122],[-6.41895,54.06145],[-6.41875,54.06164],[-6.41862,54.06186],[-6.41838,54.06216],[-6.41828,54.0623],[-6.41815,54.06238],[-6.41789,54.06232],[-6.41762,54.06228],[-6.417,54.06224],[-6.41563,54.06212],[-6.41524,54.06215],[-6.41508,54.06215],[-6.41499,54.06206],[-6.41483,54.06191],[-6.4147,54.06174],[-6.41453,54.06183],[-6.41439,54.062],[-6.41428,54.06212],[-6.4141,54.06224],[-6.41394,54.06241],[-6.41362,54.06261],[-6.41346,54.06268],[-6.4132,54.06268],[-6.41259,54.06268],[-6.41246,54.06274],[-6.4123,54.06278],[-6.41214,54.06294],[-6.41204,54.06301],[-6.41201,54.06305],[-6.41192,54.06306],[-6.41179,54.06305],[-6.41167,54.06298],[-6.41155,54.06289],[-6.41113,54.0627],[-6.41088,54.06263],[-6.41062,54.06261],[-6.40979,54.0626],[-6.409,54.06255],[-6.4082,54.06248],[-6.40701,54.06238],[-6.4058,54.06229],[-6.40557,54.06229],[-6.40521,54.06231],[-6.40506,54.06231],[-6.40467,54.06223],[-6.40423,54.06213],[-6.40402,54.06213],[-6.40376,54.06219],[-6.40351,54.06223],[-6.40326,54.06222],[-6.40299,54.06219],[-6.40276,54.06216],[-6.4026,54.06213],[-6.40239,54.06207],[-6.40221,54.06198],[-6.40204,54.06198],[-6.40185,54.06198],[-6.40172,54.06195],[-6.40159,54.06191],[-6.40146,54.06181],[-6.40128,54.0617],[-6.40086,54.06163],[-6.40052,54.06156],[-6.40029,54.06153],[-6.39907,54.06158],[-6.3981,54.06169],[-6.39773,54.06143],[-6.39754,54.06133],[-6.39747,54.06131],[-6.39739,54.0613],[-6.39718,54.06133],[-6.39683,54.06142],[-6.3965,54.06152],[-6.39628,54.06161],[-6.39613,54.06163],[-6.3958,54.06163],[-6.39545,54.06158],[-6.39496,54.06149],[-6.39457,54.06138],[-6.39431,54.06133],[-6.39403,54.06122],[-6.39361,54.06099],[-6.39303,54.06064],[-6.39271,54.06045],[-6.39247,54.06019],[-6.39233,54.06],[-6.39201,54.05959],[-6.39167,54.05905],[-6.39156,54.05888],[-6.39152,54.05879],[-6.39135,54.05881],[-6.39106,54.05889],[-6.3908,54.05904],[-6.39053,54.05921],[-6.39034,54.05946],[-6.39025,54.05967],[-6.39019,54.05992],[-6.38987,54.06031],[-6.38967,54.06051],[-6.38936,54.06062],[-6.38909,54.06076],[-6.38864,54.06114],[-6.38847,54.06125],[-6.38829,54.06131],[-6.38787,54.06138],[-6.38752,54.06149],[-6.38728,54.06157],[-6.38719,54.06166],[-6.38712,54.06183],[-6.3871,54.06224],[-6.38706,54.06253],[-6.3869,54.06277],[-6.38638,54.06349],[-6.38567,54.06453],[-6.38556,54.06473],[-6.38545,54.06503],[-6.38518,54.06548],[-6.38479,54.06611],[-6.38414,54.06708],[-6.38408,54.06733],[-6.38399,54.06764],[-6.38395,54.06781],[-6.38386,54.0679],[-6.38328,54.06813],[-6.38303,54.06827],[-6.38274,54.06848],[-6.38265,54.06844],[-6.38255,54.06843],[-6.38236,54.06852],[-6.38198,54.06872],[-6.38177,54.06877],[-6.3816,54.06879],[-6.38142,54.06884],[-6.38124,54.06885],[-6.38114,54.06884],[-6.381,54.06882],[-6.38078,54.06882],[-6.38066,54.06881],[-6.38052,54.06877],[-6.38033,54.0688],[-6.38019,54.06886],[-6.38007,54.06892],[-6.37996,54.06891],[-6.37965,54.06882],[-6.37953,54.06879],[-6.37941,54.06884],[-6.37932,54.0689],[-6.37923,54.06893],[-6.37915,54.06897],[-6.37905,54.06905],[-6.3789,54.06916],[-6.37846,54.06919],[-6.37811,54.06918],[-6.37795,54.0692],[-6.37777,54.06932],[-6.37757,54.06949],[-6.37744,54.06958],[-6.37728,54.06967],[-6.37719,54.06967],[-6.37706,54.06964],[-6.37695,54.06963],[-6.37686,54.06959],[-6.37681,54.06936],[-6.37677,54.06928],[-6.37667,54.06924],[-6.37657,54.06924],[-6.37647,54.06927],[-6.37637,54.06933],[-6.37636,54.06939],[-6.37637,54.06944],[-6.37632,54.06949],[-6.37628,54.06949],[-6.37622,54.06947],[-6.37617,54.06942],[-6.37613,54.06935],[-6.37601,54.06923],[-6.376,54.06912],[-6.37597,54.06899],[-6.37588,54.06896],[-6.37572,54.06895],[-6.3755,54.06904],[-6.37519,54.06913],[-6.3748,54.06924],[-6.37469,54.06924],[-6.37452,54.06928],[-6.37378,54.06951],[-6.37315,54.06972],[-6.37243,54.06989],[-6.3719,54.06999],[-6.37134,54.07006],[-6.37058,54.07013],[-6.37,54.07013],[-6.3696,54.07012],[-6.36874,54.07015],[-6.36825,54.07019],[-6.36789,54.07026],[-6.36774,54.07022],[-6.36739,54.0702],[-6.36731,54.07021],[-6.36707,54.07032],[-6.36669,54.07061],[-6.36602,54.07109],[-6.36543,54.07151],[-6.36499,54.07179],[-6.36437,54.07218],[-6.36353,54.07261],[-6.36351,54.07267],[-6.36342,54.07291],[-6.36293,54.07444],[-6.36249,54.07613],[-6.36237,54.07669],[-6.36221,54.07845],[-6.36225,54.07902],[-6.36232,54.07952],[-6.36243,54.07997],[-6.36258,54.08052],[-6.36265,54.08082],[-6.3627,54.08112],[-6.36281,54.08139],[-6.3629,54.08167],[-6.36295,54.08196],[-6.36297,54.08228],[-6.36301,54.08261],[-6.36328,54.08372],[-6.36344,54.08433],[-6.36345,54.08459],[-6.36339,54.08526],[-6.3634,54.08547],[-6.36342,54.08568],[-6.36334,54.08603],[-6.36334,54.08616],[-6.36333,54.08627],[-6.36336,54.08645],[-6.36337,54.08668],[-6.36336,54.08695],[-6.36334,54.08724],[-6.36336,54.08751],[-6.36347,54.08842],[-6.36366,54.08956],[-6.36367,54.08983],[-6.36367,54.09012],[-6.36377,54.0904],[-6.36409,54.09101],[-6.36428,54.09134],[-6.36436,54.0915],[-6.36442,54.09177],[-6.36454,54.09204],[-6.36482,54.09243],[-6.36522,54.09295],[-6.36585,54.09371],[-6.36612,54.09391],[-6.36594,54.09407],[-6.36576,54.09427],[-6.36547,54.09464],[-6.36522,54.09469],[-6.36496,54.09481],[-6.36464,54.09499],[-6.3644,54.09519],[-6.36423,54.09536],[-6.36407,54.09551],[-6.36397,54.09559],[-6.36378,54.09566],[-6.36357,54.09571],[-6.36336,54.09578],[-6.36325,54.09585],[-6.36315,54.09598],[-6.36299,54.09626],[-6.36286,54.09635],[-6.36272,54.09648],[-6.36245,54.09626],[-6.36214,54.09633],[-6.36242,54.09683],[-6.36219,54.09738],[-6.3628,54.0976],[-6.36345,54.0979],[-6.36412,54.09831],[-6.3643,54.09848],[-6.36444,54.09875],[-6.36464,54.09903],[-6.36513,54.09962],[-6.36566,54.10028],[-6.36568,54.10037],[-6.36567,54.10047],[-6.36564,54.10057],[-6.36567,54.10067],[-6.3657,54.10077],[-6.36582,54.10087],[-6.36596,54.10092],[-6.36615,54.10101],[-6.36622,54.10107],[-6.36624,54.10114],[-6.36627,54.10125],[-6.36633,54.10137],[-6.36638,54.10146],[-6.36645,54.10154],[-6.36651,54.10182],[-6.36657,54.102],[-6.36662,54.10212],[-6.36656,54.10262],[-6.36643,54.10282],[-6.3663,54.10293],[-6.36614,54.10302],[-6.36609,54.1031],[-6.36609,54.10327],[-6.36608,54.10337],[-6.36599,54.10349],[-6.36575,54.10374],[-6.36568,54.10383],[-6.36563,54.10393],[-6.36562,54.10402],[-6.36567,54.10406],[-6.36594,54.10418],[-6.36609,54.10427],[-6.36633,54.10434],[-6.3665,54.10439],[-6.36659,54.10442],[-6.36675,54.10456],[-6.36687,54.10476],[-6.36694,54.10491],[-6.36702,54.10516],[-6.36699,54.10526],[-6.36692,54.10534],[-6.36696,54.10546],[-6.367,54.10554],[-6.36697,54.10564],[-6.36691,54.1057],[-6.36687,54.10581],[-6.36689,54.1059],[-6.36701,54.10598],[-6.36723,54.10606],[-6.36733,54.1061],[-6.36742,54.10617],[-6.36745,54.10626],[-6.36746,54.10636],[-6.36736,54.10646],[-6.3672,54.10651],[-6.36712,54.10656],[-6.36706,54.10662],[-6.3671,54.10667],[-6.36724,54.10675],[-6.36752,54.10688],[-6.36763,54.10692],[-6.36767,54.10694],[-6.36755,54.10713],[-6.36749,54.10721],[-6.3675,54.10733],[-6.36757,54.10746],[-6.36761,54.10753],[-6.36761,54.10761],[-6.36756,54.10771],[-6.3675,54.10775],[-6.36736,54.10784],[-6.36724,54.108],[-6.36719,54.10821],[-6.36718,54.10833],[-6.36728,54.10853],[-6.36736,54.10888],[-6.36759,54.10961],[-6.36769,54.10988],[-6.36778,54.11003],[-6.36778,54.11012],[-6.36785,54.11039],[-6.36791,54.11058],[-6.36808,54.11071],[-6.36836,54.11086],[-6.36839,54.1109],[-6.36839,54.111],[-6.36831,54.11113],[-6.36823,54.11124],[-6.36814,54.11134],[-6.36801,54.11142],[-6.36745,54.11169],[-6.36706,54.11188],[-6.36679,54.11204],[-6.36637,54.11239],[-6.36625,54.11259],[-6.36612,54.11269],[-6.3661,54.11272],[-6.36613,54.11278],[-6.36622,54.11285],[-6.36629,54.11287],[-6.36628,54.1129],[-6.36619,54.11292],[-6.36606,54.113],[-6.366,54.11307],[-6.36599,54.11313],[-6.36602,54.11317],[-6.36637,54.11317],[-6.36648,54.11319],[-6.36652,54.11323],[-6.36651,54.11327],[-6.36644,54.11334],[-6.36635,54.11345],[-6.36634,54.1135],[-6.36639,54.11354],[-6.36643,54.11361],[-6.36639,54.11364],[-6.36632,54.11366],[-6.36626,54.11365],[-6.36623,54.11358],[-6.36619,54.11353],[-6.36607,54.11352],[-6.36594,54.11364],[-6.36582,54.11373],[-6.36572,54.11377],[-6.36549,54.11379],[-6.36481,54.11376],[-6.36472,54.11376],[-6.36451,54.11387],[-6.3644,54.11389],[-6.36427,54.11387],[-6.36419,54.1138],[-6.3641,54.11375],[-6.36397,54.11372],[-6.36307,54.11382],[-6.36305,54.11355],[-6.36297,54.11337],[-6.36283,54.11327],[-6.36265,54.1132],[-6.36247,54.1132],[-6.36225,54.11323],[-6.362,54.11337],[-6.36186,54.11339],[-6.36169,54.11338],[-6.36135,54.11325],[-6.36118,54.11321],[-6.36101,54.1132],[-6.36094,54.11318],[-6.36115,54.11284],[-6.36115,54.1128],[-6.36103,54.11276],[-6.36083,54.11274],[-6.36039,54.11275],[-6.35998,54.11261],[-6.35885,54.11215],[-6.35885,54.11221],[-6.35873,54.11215],[-6.35858,54.112],[-6.35825,54.11197],[-6.35798,54.11194],[-6.35783,54.11189],[-6.35771,54.11184],[-6.35766,54.11175],[-6.35771,54.11151],[-6.35771,54.11145],[-6.35757,54.11123],[-6.35746,54.11112],[-6.35741,54.11105],[-6.35726,54.11103],[-6.3571,54.11103],[-6.35682,54.11107],[-6.35654,54.1111],[-6.3563,54.1111],[-6.35617,54.1111],[-6.35603,54.11104],[-6.35575,54.11091],[-6.35559,54.11085],[-6.35547,54.1107],[-6.35533,54.11063],[-6.35508,54.11056],[-6.35484,54.11048],[-6.35449,54.11054],[-6.354,54.11063],[-6.35384,54.1107],[-6.35369,54.11083],[-6.35358,54.11095],[-6.35349,54.11107],[-6.35344,54.11114],[-6.35337,54.11122],[-6.35324,54.11132],[-6.35304,54.11145],[-6.35294,54.11155],[-6.35278,54.11172],[-6.35261,54.11195],[-6.35261,54.11204],[-6.35262,54.11208],[-6.3525,54.11215],[-6.35242,54.11227],[-6.35244,54.11235],[-6.3524,54.11242],[-6.35233,54.11247],[-6.35219,54.11247],[-6.35207,54.11248],[-6.35197,54.11253],[-6.35192,54.1126],[-6.35172,54.11271],[-6.35148,54.11275],[-6.35125,54.1128],[-6.35102,54.11287],[-6.35082,54.11295],[-6.35069,54.11306],[-6.35061,54.11311],[-6.35046,54.11314],[-6.35025,54.11312],[-6.3501,54.11312],[-6.35,54.11316],[-6.34945,54.11344],[-6.34928,54.1135],[-6.34914,54.11353],[-6.34904,54.1136],[-6.34907,54.11365],[-6.34915,54.11384],[-6.34915,54.11389],[-6.34908,54.11394],[-6.34891,54.11395],[-6.34846,54.1139],[-6.34809,54.11387],[-6.34795,54.11384],[-6.34787,54.11381],[-6.34747,54.11381],[-6.34727,54.11376],[-6.34703,54.11372],[-6.34682,54.11372],[-6.3465,54.11371],[-6.34631,54.11373],[-6.34613,54.11373],[-6.346,54.11372],[-6.34591,54.1137],[-6.34583,54.11364],[-6.34579,54.11353],[-6.34581,54.11308],[-6.34575,54.11291],[-6.34559,54.1127],[-6.34546,54.11251],[-6.34536,54.11247],[-6.34512,54.11245],[-6.34495,54.11245],[-6.34479,54.11247],[-6.34473,54.11244],[-6.3447,54.11234],[-6.34465,54.11222],[-6.34466,54.11215],[-6.34477,54.11207],[-6.34491,54.11192],[-6.34493,54.11182],[-6.3449,54.11172],[-6.34478,54.11166],[-6.34452,54.11164],[-6.34435,54.11165],[-6.34416,54.11168],[-6.34405,54.11174],[-6.34391,54.11182],[-6.34374,54.11184],[-6.3435,54.11184],[-6.34319,54.11182],[-6.34306,54.11182],[-6.34299,54.11178],[-6.34284,54.1117],[-6.34269,54.11154],[-6.34255,54.11142],[-6.34239,54.11139],[-6.34217,54.1114],[-6.34179,54.1114],[-6.34159,54.11136],[-6.34147,54.11137],[-6.34134,54.1114],[-6.34127,54.11147],[-6.34124,54.11155],[-6.34125,54.11167],[-6.34122,54.1117],[-6.34111,54.1117],[-6.34085,54.11168],[-6.34067,54.11167],[-6.34055,54.11169],[-6.34041,54.11175],[-6.3402,54.11182],[-6.34002,54.11188],[-6.33993,54.1119],[-6.33915,54.11024],[-6.33832,54.10836],[-6.33601,54.10828],[-6.33593,54.10818],[-6.33588,54.10813],[-6.33584,54.10803],[-6.33574,54.10796],[-6.33571,54.10791],[-6.33577,54.1078],[-6.3358,54.10768],[-6.33582,54.10764],[-6.33588,54.10761],[-6.33591,54.10752],[-6.3357,54.10714],[-6.33565,54.10711],[-6.33558,54.10708],[-6.33556,54.10703],[-6.33556,54.10686],[-6.33553,54.1068],[-6.33554,54.10677],[-6.33562,54.10671],[-6.33563,54.10668],[-6.33558,54.10664],[-6.33548,54.1066],[-6.33544,54.10651],[-6.33542,54.10642],[-6.33534,54.10626],[-6.33533,54.10619],[-6.3353,54.10614],[-6.33518,54.10611],[-6.33513,54.10604],[-6.33507,54.10592],[-6.33501,54.10572],[-6.33496,54.1057],[-6.33481,54.10565],[-6.33471,54.10556],[-6.33469,54.10549],[-6.33466,54.10539],[-6.33459,54.10519],[-6.33451,54.10508],[-6.33449,54.10503],[-6.33449,54.10495],[-6.33451,54.10491],[-6.33455,54.10483],[-6.33462,54.10478],[-6.33474,54.10474],[-6.3348,54.10471],[-6.33483,54.10462],[-6.33487,54.10446],[-6.33498,54.10445],[-6.33508,54.10443],[-6.33516,54.1044],[-6.33517,54.10434],[-6.33506,54.10424],[-6.33503,54.10419],[-6.33508,54.10413],[-6.3351,54.10408],[-6.33503,54.10402],[-6.33502,54.10399],[-6.33503,54.10389],[-6.33503,54.10384],[-6.33501,54.10379],[-6.33501,54.10374],[-6.335,54.10367],[-6.33496,54.1036],[-6.33494,54.10357],[-6.33498,54.1035],[-6.33508,54.10344],[-6.33518,54.10333],[-6.33522,54.10324],[-6.33523,54.10313],[-6.33521,54.10312],[-6.33518,54.10304],[-6.33518,54.103],[-6.33523,54.10297],[-6.33531,54.10287],[-6.33551,54.10274],[-6.33561,54.10269],[-6.3357,54.10268],[-6.33578,54.10257],[-6.33579,54.10252],[-6.3359,54.10245],[-6.33609,54.10235],[-6.33611,54.10225],[-6.33615,54.10216],[-6.33618,54.1021],[-6.33623,54.10202],[-6.33623,54.10188],[-6.3362,54.10152],[-6.33613,54.10129],[-6.33612,54.10118],[-6.33612,54.1011],[-6.33616,54.10107],[-6.33612,54.10102],[-6.33609,54.10097],[-6.33609,54.10095],[-6.33611,54.10091],[-6.33606,54.10082],[-6.33606,54.10069],[-6.33601,54.10062],[-6.33595,54.10057],[-6.33593,54.10049],[-6.33589,54.1004],[-6.33587,54.10032],[-6.33578,54.10017],[-6.33575,54.10012],[-6.33573,54.10007],[-6.33571,54.09999],[-6.33571,54.09992],[-6.3357,54.09975],[-6.33566,54.09965],[-6.33563,54.09943],[-6.33563,54.09935],[-6.33568,54.09929],[-6.33573,54.09922],[-6.33571,54.09915],[-6.33568,54.0991],[-6.33568,54.099],[-6.33568,54.0989],[-6.3357,54.09883],[-6.33563,54.09867],[-6.33563,54.09862],[-6.33566,54.09853],[-6.33563,54.09844],[-6.33566,54.09835],[-6.33575,54.09815],[-6.33578,54.09803],[-6.33585,54.09786],[-6.33595,54.09763],[-6.33601,54.09753],[-6.33606,54.09747],[-6.3361,54.09741],[-6.33607,54.09738],[-6.33606,54.09731],[-6.33613,54.09713],[-6.33629,54.09677],[-6.33634,54.09664],[-6.33636,54.09651],[-6.33646,54.09627],[-6.3365,54.09614],[-6.3365,54.096],[-6.33651,54.09582],[-6.33654,54.09562],[-6.33654,54.09551],[-6.3365,54.0954],[-6.33643,54.09511],[-6.33638,54.09489],[-6.33637,54.09473],[-6.33049,54.09354],[-6.32998,54.09344],[-6.32952,54.09341],[-6.329,54.09341],[-6.32833,54.0934],[-6.32784,54.09337],[-6.32735,54.09338],[-6.32592,54.09297],[-6.32249,54.09197],[-6.32121,54.09157],[-6.31923,54.09104],[-6.31794,54.09097],[-6.31723,54.09181],[-6.31756,54.09242],[-6.31673,54.09383],[-6.31326,54.09613],[-6.31284,54.09711],[-6.31226,54.09803],[-6.31149,54.09903],[-6.31106,54.0995],[-6.31028,54.10047],[-6.31011,54.10079],[-6.31001,54.10121],[-6.30964,54.10195],[-6.30934,54.10247],[-6.30915,54.1029],[-6.30904,54.10325],[-6.30899,54.10346],[-6.30898,54.10371],[-6.30901,54.10511],[-6.30909,54.10608],[-6.30906,54.10661],[-6.30904,54.10667],[-6.30901,54.10672],[-6.30884,54.10676],[-6.30859,54.10676],[-6.30792,54.10676],[-6.30782,54.10674],[-6.30762,54.10679],[-6.30745,54.10679],[-6.30738,54.10687],[-6.30714,54.10695],[-6.30671,54.10706],[-6.30573,54.10738],[-6.30557,54.10741],[-6.30531,54.10749],[-6.30455,54.10773],[-6.3043,54.10783],[-6.30408,54.10785],[-6.30389,54.10786],[-6.30375,54.10789],[-6.30369,54.10789],[-6.30352,54.10798],[-6.30342,54.10799],[-6.30332,54.10807],[-6.30318,54.10814],[-6.30313,54.10819],[-6.30256,54.10833],[-6.3023,54.10833],[-6.30217,54.10842],[-6.30203,54.10846],[-6.30186,54.10848],[-6.30166,54.10848],[-6.30152,54.10851],[-6.30145,54.10853],[-6.30136,54.10853],[-6.30131,54.10852],[-6.30097,54.10857],[-6.30083,54.10868],[-6.30076,54.10873],[-6.30065,54.10873],[-6.30051,54.10877],[-6.30043,54.10881],[-6.30019,54.10889],[-6.30006,54.10889],[-6.29952,54.10907],[-6.29939,54.10912],[-6.29929,54.10914],[-6.29916,54.10914],[-6.29898,54.10908],[-6.29886,54.10903],[-6.29873,54.10902],[-6.29856,54.10908],[-6.29845,54.10913],[-6.29821,54.10919],[-6.2981,54.10921],[-6.29803,54.10928],[-6.29801,54.10933],[-6.29796,54.10935],[-6.29784,54.10935],[-6.29767,54.10933],[-6.29742,54.10938],[-6.29719,54.10944],[-6.29708,54.10944],[-6.29697,54.10939],[-6.29682,54.10933],[-6.29666,54.10928],[-6.29637,54.10923],[-6.29611,54.10925],[-6.29599,54.10926],[-6.29591,54.10935],[-6.2958,54.10938],[-6.29564,54.1094],[-6.29547,54.10951],[-6.29529,54.10956],[-6.29498,54.10973],[-6.29482,54.10978],[-6.29466,54.1098],[-6.29454,54.10985],[-6.29449,54.10992],[-6.2945,54.11006],[-6.29443,54.11013],[-6.29418,54.11023],[-6.29402,54.11031],[-6.29396,54.11043],[-6.29387,54.11049],[-6.29361,54.11058],[-6.29333,54.11081],[-6.29323,54.11088],[-6.29313,54.11097],[-6.29301,54.11102],[-6.2929,54.1111],[-6.29284,54.11122],[-6.2928,54.11135],[-6.29275,54.11142],[-6.29259,54.11155],[-6.29255,54.11171],[-6.29242,54.1119],[-6.29225,54.11207],[-6.29189,54.11219],[-6.29086,54.11268],[-6.29007,54.11232],[-6.28933,54.11214],[-6.28858,54.11198],[-6.28821,54.11191],[-6.28778,54.11192],[-6.28639,54.11209],[-6.28592,54.11212],[-6.28539,54.11215],[-6.28499,54.11213],[-6.28443,54.11207],[-6.28396,54.11198],[-6.28319,54.11176],[-6.28268,54.11158],[-6.28165,54.11131],[-6.28131,54.11124],[-6.27973,54.11035],[-6.27816,54.10956],[-6.27754,54.10919],[-6.27686,54.10873],[-6.27601,54.10803],[-6.27546,54.10753],[-6.27464,54.10665],[-6.2728,54.10519],[-6.27125,54.10422],[-6.27036,54.1037],[-6.26966,54.10308],[-6.268,54.10214],[-6.26685,54.10122]]],[[[-6.02391,53.48001],[-6.03368,53.48721],[-6.02774,53.4938],[-6.00495,53.49474],[-5.99909,53.48871],[-6.00438,53.48599],[-6.0052,53.48054],[-6.01069,53.47724],[-6.02391,53.48001]]],[[[-6.12592,53.36612],[-6.13834,53.36376],[-6.14786,53.35753],[-6.15738,53.35379],[-6.17081,53.34663],[-6.17821,53.33824],[-6.1857,53.3426],[-6.17951,53.35053],[-6.16885,53.35692],[-6.16462,53.3579],[-6.14765,53.36465],[-6.13402,53.3675],[-6.12592,53.36612]]],[[[-8.55093,55.00153],[-8.5454,55.00288],[-8.54743,55.00536],[-8.55053,55.008],[-8.55223,55.00971],[-8.54353,55.01533],[-8.53637,55.01659],[-8.53039,55.01435],[-8.52489,55.00971],[-8.50902,55.00556],[-8.49657,55.00068],[-8.48819,54.99177],[-8.48396,54.97553],[-8.52741,54.96751],[-8.54931,54.96841],[-8.56583,54.97553],[-8.56583,54.98176],[-8.56339,54.98615],[-8.56273,54.9864],[-8.56359,54.98774],[-8.56583,54.99543],[-8.55093,55.00153]]],[[[-9.47643,51.43891],[-9.48542,51.43126],[-9.49779,51.42715],[-9.5052,51.4278],[-9.50886,51.42902],[-9.51602,51.4215],[-9.52196,51.42019],[-9.52798,51.42638],[-9.52872,51.42837],[-9.51968,51.43757],[-9.49218,51.4488],[-9.47672,51.44811],[-9.47643,51.43891]]],[[[-9.65831,53.23265],[-9.69237,53.22639],[-9.71036,53.23859],[-9.71361,53.25312],[-9.71898,53.26044],[-9.72008,53.26606],[-9.71036,53.27546],[-9.69888,53.28067],[-9.68472,53.28242],[-9.67146,53.28075],[-9.66267,53.27546],[-9.63834,53.25104],[-9.65831,53.23265]]],[[[-9.69937,53.30533],[-9.69001,53.30728],[-9.67496,53.30581],[-9.65718,53.29938],[-9.64904,53.29955],[-9.63935,53.29662],[-9.64167,53.29165],[-9.67504,53.28518],[-9.70112,53.28559],[-9.71223,53.29825],[-9.70751,53.30174],[-9.69937,53.30533]]],[[[-9.67105,53.13052],[-9.66344,53.1232],[-9.67223,53.11591],[-9.67154,53.1092],[-9.64835,53.10171],[-9.64509,53.10261],[-9.64094,53.10155],[-9.64245,53.09382],[-9.66051,53.09064],[-9.77872,53.12348],[-9.81143,53.1376],[-9.80118,53.14647],[-9.7775,53.1468],[-9.75219,53.1354],[-9.74006,53.1352],[-9.71569,53.13825],[-9.69669,53.13654],[-9.67105,53.13052]]],[[[-9.76016,53.23176],[-9.75577,53.23188],[-9.74991,53.2322],[-9.746,53.23452],[-9.74576,53.23758],[-9.7364,53.24563],[-9.72411,53.24156],[-9.72623,53.23815],[-9.72566,53.22565],[-9.74791,53.22895],[-9.76065,53.2274],[-9.76016,53.23176]]],[[[-9.8072,51.64029],[-9.79931,51.63679],[-9.80736,51.62971],[-9.81355,51.62763],[-9.89216,51.61127],[-9.9027,51.61433],[-9.91788,51.61937],[-9.91552,51.62906],[-9.90099,51.63666],[-9.88166,51.64106],[-9.85827,51.6424],[-9.82409,51.6389],[-9.81696,51.63886],[-9.8072,51.64029]]],[[[-9.8673,53.30073],[-9.87218,53.30219],[-9.8732,53.30573],[-9.86767,53.30915],[-9.8627,53.30915],[-9.86026,53.31163],[-9.85582,53.31037],[-9.8529,53.30516],[-9.84866,53.30353],[-9.8452,53.29702],[-9.84577,53.28734],[-9.85212,53.28889],[-9.85395,53.29702],[-9.86091,53.29881],[-9.8673,53.30073]]],[[[-10.03132,53.91364],[-10.04483,53.9121],[-10.05553,53.91372],[-10.0598,53.92349],[-10.05769,53.93818],[-10.0546,53.94953],[-10.05582,53.95881],[-10.06664,53.9676],[-10.08723,53.97138],[-10.16283,53.96137],[-10.19017,53.96353],[-10.23949,53.97468],[-10.26594,53.975],[-10.26594,53.98184],[-10.24014,53.98237],[-10.2185,53.98603],[-10.20149,53.99616],[-10.18956,54.01602],[-10.18187,54.01016],[-10.17357,54.00837],[-10.16491,54.01032],[-10.15608,54.01602],[-10.13443,54.00031],[-10.10888,54.00458],[-10.08373,54.0161],[-10.06322,54.02277],[-9.9759,54.02114],[-9.95686,54.01602],[-9.93635,53.98924],[-9.95686,53.98924],[-9.95425,53.98111],[-9.95466,53.97333],[-9.95783,53.9665],[-9.96361,53.96137],[-9.96361,53.95384],[-9.95181,53.95783],[-9.94054,53.95995],[-9.93065,53.95905],[-9.92268,53.95384],[-9.92268,53.94709],[-9.93074,53.93928],[-9.93737,53.92353],[-9.94017,53.90595],[-9.93635,53.89248],[-9.958,53.8806],[-9.9768,53.88687],[-9.99584,53.90103],[-10.0183,53.91291],[-10.03132,53.91364]]],[[[-9.96675,53.81672],[-9.95356,53.81208],[-9.94795,53.80834],[-9.94974,53.80435],[-9.96007,53.79763],[-9.97798,53.79226],[-10.04861,53.79047],[-10.05191,53.7934],[-10.05146,53.7965],[-10.05252,53.80032],[-10.04988,53.80345],[-10.0043,53.81428],[-9.98542,53.82518],[-9.97737,53.82306],[-9.96675,53.81672]]],[[[-10.32604,51.92963],[-10.31827,51.92495],[-10.31265,51.92552],[-10.30162,51.92479],[-10.29768,51.9184],[-10.30456,51.91071],[-10.32266,51.90327],[-10.36156,51.89203],[-10.39623,51.88984],[-10.40583,51.8841],[-10.42601,51.88227],[-10.42903,51.88984],[-10.41202,51.90412],[-10.36091,51.92573],[-10.35167,51.93114],[-10.33312,51.93061],[-10.32604,51.92963]]]]},"properties":{"geometry_id":"geom-territoire-ie-irlande-1945-01-01","date_validite":"1945-01-01","statut":"provisoire_ohm","sources":[{"source_id":"src-openhistoricalmap","locator":"relation 2692985 — Éire / Ireland 1937-12-29 → 2006","usage":"tracé de la frontière"},{"source_id":"src-natural-earth-10m","locator":"ne_10m_land + ne_10m_minor_islands","usage":"trait de côte"}],"method":"extraction_ohm_puis_decoupage_trait_de_cote","operations":["OHM r2692985","∩ terres Natural Earth"],"precision":"frontières terrestres : celles d’OHM ; côtes : Natural Earth 1:10m (~1 km)","zone_incertitude_km":null,"surface_km2":69533,"logiciel":"Python — Shapely/GEOS, scikit-image, SciPy","script":"outils/geo/deriver_snapshot0_lot03.py","date_creation":"2026-09-28","auteur":"Claude","licence":"CC0 (OpenHistoricalMap) ; Natural Earth : domaine public","licences_segments":[],"points_a_verifier":[]}}