{"type":"Feature","geometry":{"type":"MultiPolygon","coordinates":[[[[10.45114,47.55463],[10.45027,47.55529],[10.45025,47.55583],[10.44993,47.55699],[10.44519,47.5672],[10.43877,47.56742],[10.43532,47.56796],[10.43491,47.56953],[10.43317,47.56952],[10.43188,47.5725],[10.43369,47.57246],[10.42912,47.57763],[10.43532,47.57933],[10.43287,47.58159],[10.43478,47.58337],[10.43703,47.58417],[10.441,47.5836],[10.44173,47.58388],[10.44266,47.5836],[10.44914,47.58408],[10.45038,47.58336],[10.45585,47.58265],[10.45941,47.58359],[10.46212,47.5856],[10.46431,47.58569],[10.46935,47.58716],[10.4724,47.58694],[10.47212,47.5854],[10.4725,47.58467],[10.4745,47.58485],[10.47915,47.58447],[10.48203,47.58453],[10.479,47.58062],[10.4733,47.57938],[10.47079,47.5797],[10.47042,47.57773],[10.4734,47.57097],[10.47293,47.57001],[10.47145,47.57024],[10.46982,47.56966],[10.46879,47.5684],[10.46716,47.56762],[10.46598,47.56602],[10.46276,47.56312],[10.46182,47.56286],[10.45991,47.5614],[10.45918,47.56037],[10.45673,47.5588],[10.45602,47.55671],[10.45536,47.55598],[10.45451,47.55584],[10.45443,47.55579],[10.45114,47.55463]]],[[[10.45443,47.55579],[10.4604,47.55264],[10.47235,47.5511],[10.48851,47.54027],[10.52499,47.53511],[10.53623,47.53662],[10.55866,47.53722],[10.55996,47.53624],[10.5628,47.53633],[10.56285,47.53604],[10.56313,47.53448],[10.56812,47.53375],[10.57331,47.53395],[10.57945,47.54342],[10.58241,47.55],[10.5788,47.55324],[10.58069,47.55614],[10.58996,47.5595],[10.59717,47.56946],[10.61176,47.56576],[10.61829,47.56703],[10.62464,47.5646],[10.62618,47.56112],[10.63665,47.55927],[10.67717,47.5588],[10.67828,47.5562],[10.6912,47.55878],[10.69223,47.55602],[10.69004,47.5553],[10.69476,47.54473],[10.69918,47.54366],[10.70626,47.544],[10.71098,47.54305],[10.71991,47.53841],[10.74772,47.53737],[10.75768,47.53447],[10.76351,47.52833],[10.76265,47.52137],[10.77518,47.51581],[10.78497,47.51662],[10.79475,47.52045],[10.81226,47.51964],[10.81175,47.5259],[10.83286,47.52879],[10.83887,47.52613],[10.85398,47.53436],[10.88646,47.53683],[10.89037,47.53734],[10.89243,47.53007],[10.90548,47.51778],[10.91475,47.51964],[10.91818,47.51778],[10.91869,47.51337],[10.89174,47.50804],[10.87114,47.49923],[10.8696,47.48369],[10.87475,47.48032],[10.88333,47.47916],[10.90616,47.48531],[10.91148,47.48531],[10.92762,47.48229],[10.93466,47.48218],[10.93826,47.48009],[10.92779,47.47185],[10.93035,47.47009],[10.95697,47.45177],[10.98341,47.43064],[10.98461,47.42065],[10.98307,47.41926],[10.97225,47.41763],[10.96985,47.41322],[10.96933,47.40044],[10.98324,47.39649],[11.00555,47.39428],[11.01551,47.39637],[11.02461,47.39649],[11.0301,47.39335],[11.0392,47.39579],[11.04847,47.39463],[11.06014,47.39637],[11.09241,47.39556],[11.09842,47.3944],[11.11095,47.39579],[11.11919,47.39695],[11.12383,47.39974],[11.12331,47.40823],[11.12795,47.41206],[11.13876,47.41299],[11.1446,47.41589],[11.15662,47.42147],[11.1755,47.42425],[11.17825,47.42611],[11.19232,47.42646],[11.19987,47.42902],[11.20674,47.43366],[11.22219,47.43134],[11.24897,47.4325],[11.25343,47.42786],[11.24073,47.42042],[11.23077,47.40764],[11.22339,47.3994],[11.22339,47.39579],[11.23575,47.39858],[11.27283,47.39788],[11.28433,47.40288],[11.28931,47.41032],[11.29223,47.42007],[11.29189,47.42704],[11.30012,47.43146],[11.31283,47.43041],[11.3221,47.43749],[11.33274,47.43831],[11.33017,47.44214],[11.33806,47.45108],[11.34905,47.44864],[11.359,47.44806],[11.36793,47.4455],[11.37119,47.44585],[11.37669,47.44934],[11.38664,47.44875],[11.39042,47.4469],[11.40381,47.44771],[11.42063,47.44516],[11.4117,47.45897],[11.40879,47.46616],[11.39265,47.46675],[11.38699,47.4693],[11.38493,47.47406],[11.38802,47.47951],[11.41222,47.49586],[11.43591,47.51535],[11.44363,47.51766],[11.45084,47.50665],[11.48741,47.50955],[11.50801,47.50526],[11.51865,47.51082],[11.53564,47.50943],[11.57392,47.51419],[11.5789,47.52079],[11.58731,47.52532],[11.58766,47.55614],[11.59985,47.56714],[11.6062,47.58185],[11.61272,47.57988],[11.61942,47.58405],[11.63263,47.58058],[11.63401,47.58185],[11.63126,47.58544],[11.63366,47.59274],[11.63727,47.59412],[11.65066,47.58949],[11.65615,47.58521],[11.67675,47.58498],[11.70301,47.58903],[11.7473,47.58776],[11.77506,47.59038],[11.78146,47.591],[11.79949,47.58672],[11.82764,47.58544],[11.82953,47.5822],[11.84738,47.58236],[11.85498,47.60226],[11.86335,47.60161],[11.89435,47.60844],[11.8943,47.60872],[11.89637,47.6091],[11.90242,47.60826],[11.90703,47.61018],[11.91371,47.6138],[11.93341,47.61272],[11.96943,47.61693],[11.9763,47.61426],[11.98111,47.61924],[12.00926,47.62422],[12.01921,47.61218],[12.02848,47.61114],[12.03587,47.61704],[12.05286,47.61496],[12.06005,47.61766],[12.06071,47.61881],[12.06417,47.6187],[12.08307,47.60987],[12.11552,47.61137],[12.12976,47.60558],[12.14002,47.60532],[12.15272,47.60984],[12.1544,47.6099],[12.16285,47.61325],[12.17105,47.61458],[12.17907,47.61438],[12.18173,47.61042],[12.18023,47.60807],[12.17976,47.60506],[12.17731,47.60124],[12.17814,47.60089],[12.17895,47.60154],[12.17957,47.60201],[12.18039,47.60253],[12.18168,47.60317],[12.1823,47.60345],[12.18308,47.60375],[12.18367,47.60404],[12.1842,47.60428],[12.18487,47.60448],[12.1854,47.60463],[12.18584,47.60474],[12.18637,47.60481],[12.1869,47.60484],[12.18787,47.60484],[12.1893,47.60485],[12.19076,47.60488],[12.19184,47.60493],[12.19296,47.605],[12.19333,47.60502],[12.19345,47.60503],[12.19345,47.60503],[12.19355,47.60504],[12.19372,47.60505],[12.19426,47.60509],[12.1961,47.60532],[12.19646,47.60536],[12.19648,47.60536],[12.19712,47.60544],[12.19812,47.60556],[12.19915,47.60569],[12.20056,47.60588],[12.20077,47.60592],[12.20153,47.60605],[12.20201,47.60617],[12.20244,47.60627],[12.20301,47.60643],[12.20396,47.60676],[12.20496,47.6072],[12.20588,47.60788],[12.20663,47.60874],[12.20731,47.60971],[12.20765,47.61056],[12.20791,47.61112],[12.20815,47.61174],[12.20826,47.6123],[12.2083,47.61287],[12.20825,47.61347],[12.20814,47.61404],[12.20793,47.61472],[12.20768,47.61543],[12.20766,47.61546],[12.20718,47.61651],[12.20603,47.61865],[12.20402,47.62231],[12.2037,47.62297],[12.20348,47.62384],[12.20326,47.62496],[12.2032,47.62526],[12.20309,47.62585],[12.20274,47.62805],[12.20263,47.62959],[12.20258,47.63029],[12.20181,47.63302],[12.20157,47.63375],[12.20142,47.63438],[12.20117,47.63521],[12.20098,47.63575],[12.20067,47.63648],[12.20021,47.63768],[12.20004,47.63811],[12.19974,47.63875],[12.19934,47.63977],[12.19912,47.6403],[12.19892,47.64077],[12.19864,47.64142],[12.19845,47.6418],[12.1983,47.64209],[12.19817,47.64239],[12.19732,47.64377],[12.19649,47.64507],[12.19594,47.64574],[12.19495,47.64698],[12.19443,47.64759],[12.19423,47.6478],[12.19302,47.64935],[12.19125,47.6514],[12.19037,47.65257],[12.1889,47.65453],[12.18812,47.65551],[12.18704,47.65696],[12.18669,47.65743],[12.18662,47.65759],[12.18624,47.6582],[12.18576,47.65878],[12.185,47.65969],[12.18462,47.66039],[12.18449,47.66073],[12.18425,47.66187],[12.18429,47.66215],[12.18412,47.66372],[12.18398,47.66433],[12.18364,47.6654],[12.1832,47.66655],[12.18275,47.66742],[12.18204,47.66853],[12.18119,47.66942],[12.18085,47.66974],[12.18016,47.67035],[12.17975,47.67057],[12.17921,47.67092],[12.17842,47.6714],[12.17718,47.6722],[12.1757,47.6731],[12.17482,47.67379],[12.17389,47.67449],[12.17313,47.67498],[12.1726,47.67551],[12.17204,47.67611],[12.17119,47.67682],[12.17081,47.67728],[12.17025,47.67792],[12.16986,47.6783],[12.16955,47.67869],[12.16896,47.67963],[12.16837,47.68046],[12.16793,47.68124],[12.16753,47.68184],[12.16728,47.68234],[12.16674,47.68371],[12.16661,47.68414],[12.16615,47.68547],[12.16589,47.68629],[12.16541,47.68763],[12.16517,47.68857],[12.1648,47.68975],[12.16474,47.69006],[12.16344,47.69612],[12.16283,47.69914],[12.16242,47.70117],[12.18392,47.70069],[12.18693,47.70352],[12.19706,47.70866],[12.20255,47.70745],[12.2271,47.71796],[12.2501,47.74129],[12.25714,47.74267],[12.26486,47.7332],[12.24375,47.70607],[12.24169,47.69417],[12.25491,47.68018],[12.26435,47.67845],[12.28476,47.69009],[12.29301,47.69018],[12.33747,47.69705],[12.33593,47.6922],[12.3385,47.6907],[12.34657,47.69278],[12.35601,47.69081],[12.36391,47.68411],[12.40391,47.69232],[12.42914,47.69636],[12.43464,47.69428],[12.43961,47.69521],[12.44356,47.69185],[12.4391,47.67648],[12.45232,47.66793],[12.46502,47.64989],[12.49145,47.63706],[12.49128,47.63428],[12.49935,47.62514],[12.51257,47.62537],[12.53626,47.63613],[12.5751,47.63254],[12.59205,47.66192],[12.60578,47.67394],[12.63462,47.67487],[12.65385,47.67232],[12.66209,47.67949],[12.6947,47.6818],[12.71599,47.67764],[12.73556,47.67857],[12.74929,47.67232],[12.75959,47.66377],[12.77332,47.66701],[12.7795,47.67302],[12.78431,47.67198],[12.77744,47.66157],[12.75925,47.65371],[12.75959,47.65001],[12.77985,47.6337],[12.78963,47.63266],[12.82482,47.6116],[12.82156,47.61114],[12.81212,47.61102],[12.79856,47.60524],[12.79186,47.59829],[12.79341,47.59331],[12.7807,47.58104],[12.78122,47.57351],[12.79169,47.56251],[12.79753,47.55394],[12.81967,47.54537],[12.84697,47.54629],[12.85057,47.53215],[12.87374,47.52219],[12.88404,47.52056],[12.88782,47.5128],[12.92078,47.49343],[12.96867,47.47417],[12.97228,47.47522],[12.97451,47.48415],[12.99477,47.478],[12.99477,47.47081],[13.00318,47.46408],[13.00936,47.465],[13.02979,47.48705],[13.04747,47.49215],[13.04712,47.51453],[13.04523,47.52555],[13.03253,47.53088],[13.0315,47.53691],[13.05777,47.56101],[13.05056,47.5646],[13.04146,47.57629],[13.04438,47.58],[13.04317,47.58347],[13.06995,47.58614],[13.07098,47.58868],[13.06292,47.60003],[13.0636,47.6035],[13.07064,47.60744],[13.09639,47.62954],[13.09811,47.64226],[13.0806,47.66701],[13.07373,47.69174],[13.04214,47.71369],[13.01798,47.72299],[13.00816,47.72203],[13.00477,47.71793],[13.00567,47.71678],[13.0015,47.71326],[12.99485,47.71297],[12.99271,47.7093],[12.98678,47.70728],[12.96679,47.70762],[12.96224,47.70965],[12.95631,47.70803],[12.94687,47.71196],[12.93958,47.7119],[12.93323,47.70942],[12.92829,47.70991],[12.927,47.71057],[12.92516,47.71034],[12.92254,47.71421],[12.91846,47.71507],[12.91653,47.71698],[12.91352,47.71716],[12.91035,47.72088],[12.90529,47.72359],[12.90439,47.72732],[12.9113,47.73257],[12.91125,47.73557],[12.91769,47.74227],[12.92155,47.74414],[12.93117,47.74512],[12.93619,47.74911],[12.93597,47.75413],[12.93803,47.75814],[12.93679,47.75825],[12.93644,47.75698],[12.93533,47.75693],[12.93516,47.75799],[12.93653,47.75906],[12.94018,47.75938],[12.94486,47.76437],[12.94237,47.77092],[12.93499,47.77017],[12.93576,47.77216],[12.93477,47.7723],[12.92906,47.76956],[12.92775,47.76986],[12.93245,47.77533],[12.93983,47.77833],[12.93863,47.78358],[12.93992,47.78542],[12.94318,47.78617],[12.94756,47.78629],[12.95151,47.79113],[12.96284,47.79834],[12.97503,47.81315],[12.98344,47.82791],[12.99992,47.83989],[13.00352,47.84652],[13.00135,47.85434],[12.98567,47.87128],[12.96679,47.90009],[12.95292,47.91482],[12.94267,47.92842],[12.93936,47.93641],[12.93913,47.94228],[12.93709,47.94392],[12.93574,47.9438],[12.93471,47.94109],[12.93335,47.94037],[12.92662,47.93907],[12.9229,47.93946],[12.92029,47.9408],[12.91941,47.94264],[12.91984,47.94633],[12.92099,47.95143],[12.92015,47.95336],[12.91641,47.95529],[12.91145,47.95693],[12.90683,47.95751],[12.88874,47.95848],[12.88136,47.96039],[12.87568,47.96299],[12.87121,47.96641],[12.86911,47.96954],[12.86053,47.99705],[12.85733,48.0092],[12.84578,48.02061],[12.7699,48.0668],[12.7606,48.07667],[12.75171,48.08871],[12.74871,48.1067],[12.75122,48.11313],[12.75895,48.11861],[12.75797,48.12422],[12.75883,48.12714],[12.76524,48.12861],[12.77175,48.1284],[12.78197,48.12373],[12.78637,48.12325],[12.79667,48.13723],[12.79795,48.14522],[12.80198,48.14853],[12.81315,48.15212],[12.82735,48.15218],[12.83512,48.15853],[12.83529,48.1654],[12.83993,48.16666],[12.84363,48.1653],[12.84697,48.16712],[12.85246,48.17868],[12.86141,48.1871],[12.86261,48.19628],[12.87254,48.2018],[12.93631,48.20768],[12.95687,48.20957],[13.00422,48.2408],[13.01671,48.25553],[13.02699,48.25977],[13.05571,48.26571],[13.08077,48.27771],[13.12396,48.27744],[13.18428,48.29621],[13.2036,48.29554],[13.25538,48.29372],[13.31989,48.31859],[13.34665,48.33525],[13.36899,48.35374],[13.37628,48.35732],[13.40923,48.37348],[13.41786,48.38336],[13.42183,48.40686],[13.4392,48.4308],[13.43851,48.439],[13.42787,48.45289],[13.42804,48.4579],[13.44701,48.49192],[13.44745,48.49436],[13.44787,48.49625],[13.45722,48.51149],[13.45619,48.5149],[13.44709,48.52331],[13.44486,48.52945],[13.45053,48.53457],[13.44933,48.53877],[13.44229,48.54355],[13.43645,48.55264],[13.43697,48.55639],[13.44996,48.56393],[13.45559,48.5607],[13.45585,48.55803],[13.46233,48.55539],[13.46392,48.554],[13.46795,48.55406],[13.47542,48.55616],[13.47482,48.55732],[13.47638,48.55893],[13.4746,48.56228],[13.47892,48.56458],[13.48121,48.56379],[13.48497,48.56153],[13.48634,48.563],[13.48831,48.56269],[13.48937,48.56299],[13.49005,48.56362],[13.49164,48.56415],[13.49192,48.56582],[13.49349,48.56714],[13.49357,48.56786],[13.4916,48.56837],[13.4916,48.56942],[13.49597,48.56948],[13.49833,48.57047],[13.50048,48.57076],[13.50413,48.57243],[13.50439,48.57371],[13.50675,48.57581],[13.50696,48.57771],[13.50512,48.5776],[13.5051,48.57919],[13.50344,48.57943],[13.50378,48.57976],[13.50357,48.57988],[13.5026,48.58074],[13.50166,48.5809],[13.50355,48.58427],[13.50405,48.5853],[13.50459,48.5867],[13.50485,48.58731],[13.5052,48.58787],[13.50549,48.58823],[13.50587,48.5886],[13.50629,48.58897],[13.50688,48.58938],[13.50842,48.59037],[13.50932,48.59074],[13.50993,48.59091],[13.51041,48.59102],[13.5109,48.59109],[13.51138,48.59113],[13.51192,48.59114],[13.51557,48.59083],[13.51724,48.59059],[13.51867,48.59027],[13.51986,48.58995],[13.52422,48.5886],[13.52653,48.58728],[13.52844,48.58559],[13.53018,48.58351],[13.53241,48.57905],[13.53404,48.57726],[13.53657,48.57587],[13.54112,48.57448],[13.54395,48.57363],[13.54713,48.57235],[13.55224,48.56925],[13.56206,48.56442],[13.56636,48.56228],[13.57262,48.56051],[13.57994,48.5595],[13.58247,48.56021],[13.58382,48.56137],[13.58747,48.56682],[13.58897,48.56755],[13.59129,48.56857],[13.5973,48.56957],[13.60125,48.56894],[13.60665,48.56638],[13.61258,48.56085],[13.62481,48.55438],[13.62775,48.5535],[13.63155,48.55296],[13.63884,48.55274],[13.64107,48.55251],[13.64312,48.5521],[13.64875,48.55066],[13.65294,48.54933],[13.65414,48.54865],[13.65506,48.54788],[13.65609,48.54636],[13.65734,48.54429],[13.6591,48.54086],[13.6603,48.53744],[13.66261,48.53488],[13.66721,48.53298],[13.67716,48.53062],[13.68536,48.52871],[13.69793,48.5232],[13.70343,48.51903],[13.70499,48.51795],[13.70701,48.51722],[13.71053,48.51663],[13.7165,48.51548],[13.72709,48.51302],[13.728,48.5142],[13.73042,48.51464],[13.73113,48.51572],[13.73218,48.51643],[13.73182,48.51712],[13.73085,48.51768],[13.73076,48.51822],[13.73137,48.51919],[13.73094,48.52135],[13.7336,48.52215],[13.73312,48.52502],[13.73523,48.5261],[13.73857,48.52669],[13.74059,48.5265],[13.74261,48.52804],[13.74355,48.52822],[13.74566,48.52824],[13.74712,48.52961],[13.74782,48.52938],[13.74799,48.53153],[13.74909,48.53222],[13.74845,48.5396],[13.74679,48.53984],[13.7449,48.54045],[13.74398,48.54234],[13.74407,48.54345],[13.74357,48.54409],[13.74527,48.54532],[13.74596,48.54649],[13.74776,48.54652],[13.74832,48.54715],[13.75042,48.54784],[13.75181,48.54963],[13.75484,48.55116],[13.75463,48.5515],[13.75402,48.55156],[13.75361,48.55199],[13.75145,48.55272],[13.74907,48.5523],[13.74666,48.55237],[13.74757,48.5542],[13.74948,48.55401],[13.74799,48.55573],[13.74784,48.55623],[13.74799,48.55659],[13.74956,48.55715],[13.7549,48.5643],[13.75604,48.56477],[13.75896,48.56486],[13.76035,48.56542],[13.76649,48.5583],[13.76832,48.5535],[13.77136,48.55525],[13.78973,48.57093],[13.80209,48.57445],[13.8069,48.58388],[13.80226,48.59478],[13.80878,48.60181],[13.80861,48.60726],[13.82441,48.61839],[13.82629,48.63041],[13.822,48.6379],[13.82355,48.64187],[13.81428,48.65038],[13.81754,48.65956],[13.81908,48.67215],[13.8135,48.68342],[13.81449,48.68589],[13.81338,48.69235],[13.81659,48.69476],[13.82114,48.6947],[13.82368,48.69419],[13.82531,48.69266],[13.83342,48.69187],[13.83453,48.69266],[13.83739,48.70011],[13.83705,48.70025],[13.83741,48.70054],[13.83739,48.70058],[13.83727,48.70064],[13.83708,48.70068],[13.83682,48.7006],[13.8364,48.70058],[13.83629,48.70057],[13.83612,48.7005],[13.83605,48.70041],[13.83581,48.70033],[13.83566,48.70023],[13.83556,48.70008],[13.83553,48.70006],[13.83537,48.70005],[13.83531,48.70007],[13.83518,48.70032],[13.83492,48.70031],[13.83474,48.70021],[13.83441,48.70018],[13.83425,48.70026],[13.83419,48.70032],[13.8342,48.7004],[13.83429,48.70052],[13.83439,48.70055],[13.83449,48.70051],[13.83458,48.7005],[13.83474,48.70063],[13.83475,48.70074],[13.8347,48.70083],[13.83451,48.70091],[13.83421,48.70095],[13.83413,48.70096],[13.83395,48.70099],[13.83389,48.70106],[13.83383,48.70119],[13.83379,48.70122],[13.83366,48.70125],[13.8336,48.70125],[13.83336,48.70115],[13.83316,48.70112],[13.83309,48.70107],[13.83308,48.70101],[13.83326,48.70088],[13.83335,48.70088],[13.83354,48.70091],[13.83375,48.7009],[13.83386,48.70086],[13.83394,48.70078],[13.83399,48.70062],[13.83396,48.70055],[13.83387,48.70049],[13.83382,48.70049],[13.83376,48.70054],[13.8336,48.70067],[13.83349,48.70074],[13.83334,48.70076],[13.83327,48.70075],[13.83323,48.70069],[13.83328,48.70057],[13.83328,48.70046],[13.83316,48.70037],[13.83304,48.70032],[13.83293,48.70034],[13.83287,48.70039],[13.83282,48.70056],[13.83281,48.70069],[13.83279,48.70076],[13.83265,48.70085],[13.83231,48.701],[13.83218,48.70105],[13.83208,48.70103],[13.83179,48.70098],[13.83165,48.70095],[13.83163,48.70087],[13.83174,48.70074],[13.83171,48.70069],[13.83162,48.70064],[13.83155,48.7006],[13.83118,48.70069],[13.8307,48.70062],[13.8306,48.70061],[13.83046,48.70067],[13.83031,48.70072],[13.82996,48.70069],[13.82982,48.70061],[13.8297,48.70047],[13.82985,48.70032],[13.83001,48.70025],[13.83033,48.70012],[13.83051,48.70001],[13.83054,48.69994],[13.83034,48.69981],[13.83017,48.69977],[13.8298,48.69975],[13.82949,48.69979],[13.82942,48.69984],[13.82945,48.69993],[13.8295,48.70006],[13.82948,48.70021],[13.82931,48.70036],[13.8291,48.70042],[13.82901,48.70041],[13.82888,48.70034],[13.8287,48.70015],[13.82864,48.70012],[13.82852,48.70016],[13.82843,48.70032],[13.82834,48.70043],[13.82815,48.70051],[13.82798,48.70069],[13.82781,48.7007],[13.82772,48.70067],[13.82767,48.7005],[13.82771,48.70042],[13.82782,48.70039],[13.8279,48.70035],[13.82795,48.70027],[13.82793,48.70012],[13.82793,48.70004],[13.82784,48.69999],[13.82764,48.7],[13.82741,48.70006],[13.82721,48.7002],[13.82694,48.70032],[13.82661,48.70042],[13.8262,48.70045],[13.82606,48.70045],[13.82579,48.70055],[13.8256,48.70059],[13.8254,48.70063],[13.82523,48.70062],[13.82511,48.70056],[13.82512,48.7004],[13.82521,48.70022],[13.82521,48.70012],[13.825,48.69998],[13.82465,48.69987],[13.82431,48.69981],[13.82383,48.69976],[13.82341,48.69975],[13.82304,48.69972],[13.82277,48.69967],[13.82238,48.69951],[13.82203,48.6994],[13.82169,48.69927],[13.82145,48.6992],[13.82119,48.69919],[13.82101,48.6991],[13.82088,48.69908],[13.82064,48.69906],[13.8202,48.69909],[13.81996,48.69916],[13.81958,48.69934],[13.81926,48.69958],[13.81908,48.69978],[13.81893,48.70003],[13.81873,48.70035],[13.81852,48.70062],[13.81845,48.70066],[13.81834,48.70074],[13.81815,48.70083],[13.81806,48.70088],[13.81778,48.70097],[13.81752,48.70104],[13.81734,48.70113],[13.81726,48.70121],[13.81712,48.7014],[13.81705,48.70144],[13.81684,48.70153],[13.81664,48.70159],[13.81643,48.70159],[13.81634,48.70154],[13.81617,48.70146],[13.81595,48.70137],[13.81575,48.70132],[13.81549,48.7013],[13.81522,48.70131],[13.81511,48.70127],[13.81504,48.70121],[13.81493,48.70111],[13.81472,48.70101],[13.81444,48.70093],[13.81424,48.70091],[13.81406,48.70091],[13.81382,48.70101],[13.81376,48.70111],[13.81371,48.70117],[13.81364,48.70124],[13.81355,48.70125],[13.81331,48.70124],[13.81318,48.70129],[13.81306,48.70138],[13.81298,48.70156],[13.81291,48.70166],[13.81267,48.70187],[13.81247,48.70207],[13.81232,48.70222],[13.81218,48.70231],[13.81207,48.70233],[13.81193,48.7023],[13.81177,48.70221],[13.81158,48.70218],[13.81139,48.70223],[13.81127,48.70238],[13.81119,48.70266],[13.81116,48.70281],[13.81116,48.70295],[13.8114,48.7032],[13.81152,48.70336],[13.81154,48.70352],[13.81152,48.70365],[13.81127,48.70375],[13.81115,48.70384],[13.81102,48.70412],[13.81104,48.70432],[13.8112,48.70456],[13.81134,48.70463],[13.81194,48.70478],[13.81233,48.70496],[13.81253,48.70496],[13.81278,48.70495],[13.81289,48.70503],[13.81285,48.70516],[13.81264,48.70532],[13.81256,48.70543],[13.81254,48.7056],[13.81279,48.706],[13.81288,48.70621],[13.81283,48.70633],[13.81259,48.70654],[13.81256,48.70674],[13.81255,48.70698],[13.81253,48.7072],[13.81247,48.70731],[13.81239,48.70733],[13.81229,48.7073],[13.81204,48.70725],[13.81193,48.70725],[13.81175,48.70735],[13.81166,48.70742],[13.81156,48.70764],[13.81147,48.70791],[13.81141,48.70813],[13.81144,48.70818],[13.81143,48.70845],[13.81143,48.70861],[13.81137,48.70869],[13.81119,48.70877],[13.81087,48.70884],[13.8108,48.70883],[13.81054,48.70888],[13.81033,48.70898],[13.81013,48.70911],[13.80992,48.7092],[13.80979,48.70926],[13.80956,48.70921],[13.80939,48.70907],[13.80925,48.70899],[13.80911,48.70897],[13.80904,48.70897],[13.80872,48.70902],[13.80847,48.70901],[13.80811,48.70897],[13.80776,48.70891],[13.80737,48.70887],[13.8072,48.70885],[13.80691,48.70885],[13.80651,48.70892],[13.8064,48.70891],[13.80615,48.70885],[13.80597,48.70873],[13.8059,48.70864],[13.80576,48.70844],[13.80561,48.70829],[13.80538,48.70816],[13.80505,48.70801],[13.80483,48.70792],[13.80458,48.70793],[13.80414,48.70794],[13.80394,48.70791],[13.80373,48.70792],[13.80343,48.70796],[13.80318,48.70804],[13.80302,48.70815],[13.80299,48.70823],[13.80291,48.70831],[13.80273,48.70847],[13.80257,48.70857],[13.80244,48.70869],[13.80225,48.7089],[13.80205,48.70915],[13.80192,48.70928],[13.80163,48.70955],[13.80121,48.70991],[13.80095,48.71014],[13.80073,48.71041],[13.80042,48.71066],[13.80016,48.71084],[13.80008,48.71095],[13.79973,48.71133],[13.79969,48.71143],[13.79966,48.71174],[13.79963,48.71182],[13.7996,48.71191],[13.79953,48.71195],[13.79923,48.71205],[13.79896,48.71215],[13.79858,48.71231],[13.7983,48.71242],[13.79806,48.71249],[13.798,48.7125],[13.79784,48.7126],[13.79766,48.71283],[13.79753,48.71298],[13.79747,48.71304],[13.7971,48.71321],[13.79682,48.71338],[13.79669,48.71341],[13.79647,48.71343],[13.79613,48.7134],[13.7961,48.71343],[13.79607,48.71346],[13.796,48.71354],[13.79471,48.7152],[13.8014,48.7169],[13.8105,48.72868],[13.82011,48.73253],[13.81823,48.73581],[13.82183,48.74453],[13.82132,48.75483],[13.83488,48.7623],[13.83943,48.76637],[13.83955,48.77162],[13.84198,48.77215],[13.84323,48.77256],[13.84409,48.77256],[13.84486,48.77201],[13.8457,48.77127],[13.84668,48.77058],[13.84697,48.77042],[13.84845,48.76978],[13.84968,48.76983],[13.85115,48.77003],[13.85302,48.77067],[13.85411,48.77104],[13.85515,48.77138],[13.85672,48.7713],[13.8573,48.77128],[13.85988,48.77032],[13.86147,48.76966],[13.86187,48.76953],[13.86462,48.7696],[13.86756,48.76958],[13.86841,48.76962],[13.87201,48.76826],[13.87318,48.76776],[13.87612,48.76661],[13.87695,48.76597],[13.8777,48.76552],[13.87828,48.76507],[13.87908,48.76458],[13.87995,48.76399],[13.88239,48.76228],[13.8829,48.76191],[13.88921,48.75847],[13.89377,48.75748],[13.89547,48.75708],[13.90085,48.75367],[13.90149,48.75295],[13.90215,48.75231],[13.90451,48.74985],[13.90562,48.74926],[13.90754,48.74844],[13.90814,48.74823],[13.9094,48.74789],[13.9102,48.74749],[13.9107,48.74684],[13.91093,48.7464],[13.91171,48.74589],[13.91241,48.74571],[13.91302,48.74543],[13.91413,48.74431],[13.91501,48.74395],[13.91572,48.74311],[13.91627,48.7426],[13.91704,48.74227],[13.91973,48.74078],[13.92018,48.74013],[13.92051,48.73937],[13.9209,48.73819],[13.92085,48.73702],[13.92165,48.73679],[13.9227,48.73668],[13.92372,48.73646],[13.9246,48.73611],[13.92502,48.73588],[13.92573,48.73563],[13.92629,48.73515],[13.92633,48.73469],[13.92626,48.73392],[13.9263,48.73324],[13.9268,48.73247],[13.92714,48.73178],[13.92775,48.7314],[13.92846,48.73119],[13.92894,48.73102],[13.9299,48.73043],[13.93026,48.73027],[13.93054,48.73009],[13.93107,48.72987],[13.93138,48.72956],[13.93265,48.72892],[13.93346,48.72865],[13.93356,48.72818],[13.93419,48.7276],[13.9353,48.72685],[13.93615,48.72665],[13.93659,48.72634],[13.937,48.72615],[13.9373,48.72593],[13.93755,48.72566],[13.93764,48.7255],[13.93787,48.72489],[13.93787,48.72477],[13.93777,48.72446],[13.93915,48.72323],[13.94034,48.72255],[13.94074,48.72286],[13.9412,48.72256],[13.94112,48.72227],[13.9413,48.72198],[13.94178,48.72181],[13.94259,48.72172],[13.94279,48.72141],[13.94416,48.72245],[13.94756,48.72187],[13.9501,48.72097],[13.95071,48.72098],[13.95076,48.72103],[13.95091,48.72099],[13.951,48.72102],[13.95124,48.72099],[13.95128,48.72096],[13.95145,48.72097],[13.9516,48.7209],[13.95169,48.72096],[13.95194,48.72089],[13.95205,48.72093],[13.95211,48.72092],[13.95217,48.72097],[13.95237,48.72095],[13.9527,48.72107],[13.95289,48.72102],[13.9531,48.72091],[13.95369,48.72073],[13.95368,48.72065],[13.95387,48.72056],[13.95407,48.72031],[13.95407,48.72023],[13.95455,48.71973],[13.95461,48.71953],[13.9546,48.71943],[13.95473,48.71922],[13.95484,48.71917],[13.95495,48.71896],[13.95492,48.71889],[13.955,48.71883],[13.95509,48.71839],[13.95522,48.71831],[13.95528,48.71817],[13.95541,48.71813],[13.95542,48.71805],[13.95549,48.71799],[13.95533,48.71784],[13.95535,48.71777],[13.95542,48.71777],[13.9558,48.71731],[13.95582,48.71724],[13.95574,48.71718],[13.95584,48.71712],[13.95584,48.71696],[13.95589,48.71692],[13.95592,48.71676],[13.95586,48.71665],[13.95583,48.71636],[13.95573,48.71624],[13.95562,48.71621],[13.95561,48.71615],[13.95566,48.71608],[13.95558,48.71601],[13.95556,48.71589],[13.95566,48.71587],[13.95559,48.7158],[13.95563,48.71575],[13.95558,48.71564],[13.95573,48.71548],[13.9556,48.71552],[13.95554,48.71543],[13.95557,48.71539],[13.95552,48.71536],[13.95553,48.71519],[13.9557,48.71513],[13.95576,48.71518],[13.95587,48.71507],[13.95584,48.715],[13.95558,48.715],[13.95553,48.71494],[13.95563,48.71485],[13.95562,48.71478],[13.95572,48.71479],[13.95578,48.71476],[13.9557,48.71471],[13.95578,48.71467],[13.95584,48.71468],[13.95572,48.71458],[13.9558,48.71445],[13.95589,48.71442],[13.95605,48.71444],[13.95609,48.71441],[13.9562,48.71446],[13.95635,48.71446],[13.95649,48.71443],[13.95659,48.71435],[13.95675,48.7144],[13.95687,48.71439],[13.95697,48.71436],[13.95724,48.71412],[13.95741,48.71412],[13.95756,48.71407],[13.95771,48.71412],[13.95781,48.71407],[13.95784,48.71401],[13.95797,48.71393],[13.95799,48.71387],[13.95811,48.71385],[13.95843,48.71393],[13.95847,48.71388],[13.95874,48.71386],[13.95896,48.71372],[13.95922,48.71396],[13.95932,48.71386],[13.95946,48.71381],[13.95947,48.71374],[13.95955,48.71371],[13.95967,48.71377],[13.95977,48.71375],[13.95989,48.71364],[13.96012,48.71365],[13.96019,48.71361],[13.96036,48.71369],[13.96045,48.71362],[13.96052,48.71362],[13.96064,48.7137],[13.9607,48.71368],[13.96077,48.71359],[13.96094,48.71352],[13.9612,48.71348],[13.96131,48.7136],[13.96146,48.71359],[13.96172,48.71364],[13.96188,48.71344],[13.96233,48.71331],[13.96254,48.7133],[13.96302,48.71339],[13.96304,48.71345],[13.96339,48.71337],[13.96423,48.71334],[13.9644,48.71322],[13.96459,48.71318],[13.9646,48.71314],[13.96475,48.71309],[13.96481,48.71318],[13.96506,48.71315],[13.96549,48.71301],[13.96579,48.71296],[13.96588,48.71311],[13.9662,48.71313],[13.96626,48.71309],[13.96618,48.71303],[13.96646,48.71287],[13.96651,48.71301],[13.96687,48.71292],[13.96703,48.71292],[13.9671,48.71276],[13.96723,48.71271],[13.96753,48.71278],[13.96757,48.71283],[13.96792,48.7129],[13.96806,48.71289],[13.96816,48.713],[13.96837,48.71297],[13.96856,48.71283],[13.96889,48.71283],[13.96905,48.7129],[13.96917,48.71291],[13.96923,48.71276],[13.96933,48.71277],[13.96947,48.71289],[13.96975,48.71292],[13.97,48.71302],[13.97002,48.71316],[13.97018,48.71322],[13.97047,48.71317],[13.97084,48.71296],[13.97108,48.71294],[13.97116,48.7129],[13.97124,48.71279],[13.97131,48.71278],[13.97142,48.71269],[13.97217,48.71242],[13.97249,48.71219],[13.97323,48.71186],[13.97338,48.71172],[13.97402,48.71148],[13.97426,48.71155],[13.97487,48.71156],[13.97512,48.71153],[13.97541,48.71154],[13.97569,48.7115],[13.97597,48.71137],[13.97621,48.71135],[13.97636,48.71127],[13.97648,48.71109],[13.97652,48.71116],[13.97677,48.71106],[13.97684,48.711],[13.97691,48.71086],[13.97728,48.71063],[13.97739,48.71043],[13.9777,48.71012],[13.97791,48.70999],[13.97797,48.70987],[13.97825,48.70977],[13.9786,48.70979],[13.97879,48.70973],[13.97903,48.70987],[13.97935,48.70985],[13.9796,48.7099],[13.97969,48.70978],[13.97986,48.70977],[13.97986,48.70974],[13.98029,48.70973],[13.98037,48.70977],[13.98042,48.70983],[13.98057,48.70987],[13.98105,48.70985],[13.98129,48.7098],[13.98223,48.71018],[13.98237,48.7102],[13.98271,48.71038],[13.98279,48.71043],[13.98282,48.71065],[13.98305,48.71075],[13.98343,48.71084],[13.9836,48.7108],[13.98411,48.71086],[13.98432,48.71084],[13.98461,48.71073],[13.98479,48.71077],[13.98499,48.71077],[13.98514,48.71068],[13.9852,48.71068],[13.9852,48.71074],[13.98556,48.71076],[13.98567,48.71066],[13.98579,48.71064],[13.986,48.71063],[13.98614,48.71066],[13.98638,48.71056],[13.98645,48.71062],[13.98665,48.71056],[13.9868,48.71045],[13.98717,48.71034],[13.9872,48.71027],[13.9873,48.71033],[13.9877,48.71028],[13.98801,48.71011],[13.98802,48.71005],[13.98813,48.71001],[13.98818,48.71004],[13.98846,48.70997],[13.9886,48.71001],[13.98881,48.70992],[13.98879,48.70998],[13.98888,48.70999],[13.989,48.70993],[13.98915,48.70998],[13.9894,48.70995],[13.9896,48.71007],[13.9897,48.71007],[13.98985,48.71],[13.99002,48.71005],[13.99023,48.71006],[13.9912,48.71003],[13.99141,48.71001],[13.99157,48.70996],[13.99168,48.70984],[13.99182,48.70978],[13.99204,48.70975],[13.99226,48.70993],[13.99244,48.71],[13.9926,48.71011],[13.99267,48.71012],[13.99287,48.70996],[13.99305,48.70992],[13.99321,48.70984],[13.99338,48.7098],[13.99374,48.70981],[13.99413,48.70976],[13.99431,48.70959],[13.99475,48.70949],[13.99509,48.70954],[13.99545,48.70954],[13.9957,48.7095],[13.99573,48.70941],[13.99599,48.70932],[13.9962,48.70934],[13.99653,48.70929],[13.99667,48.7092],[13.99671,48.70912],[13.99699,48.70918],[13.9973,48.7093],[13.99762,48.70926],[13.99771,48.70925],[13.99806,48.70913],[13.99831,48.70913],[13.99879,48.70901],[13.99897,48.70903],[13.99927,48.70884],[13.99987,48.70884],[14.00019,48.70895],[14.00071,48.70879],[14.00101,48.70856],[14.00118,48.7086],[14.00164,48.70849],[14.00177,48.70854],[14.00193,48.70865],[14.00214,48.70862],[14.00246,48.70841],[14.00258,48.70844],[14.00296,48.70842],[14.00308,48.70854],[14.00319,48.70858],[14.00328,48.70858],[14.00349,48.70846],[14.0035,48.70842],[14.00369,48.70835],[14.00392,48.7082],[14.00414,48.70795],[14.00437,48.70784],[14.00443,48.70772],[14.00465,48.70755],[14.00487,48.70748],[14.00507,48.7073],[14.00523,48.70721],[14.00526,48.70703],[14.00522,48.70675],[14.00536,48.70664],[14.00534,48.70608],[14.0063,48.70628],[14.0065,48.70634],[14.00683,48.70656],[14.00732,48.70649],[14.00766,48.70627],[14.00798,48.70617],[14.0086,48.70576],[14.00896,48.70547],[14.00903,48.70535],[14.00924,48.70525],[14.00984,48.70481],[14.00958,48.70464],[14.00934,48.70439],[14.0088,48.70402],[14.00844,48.70399],[14.00826,48.7038],[14.0083,48.70345],[14.00876,48.70229],[14.00995,48.70056],[14.01029,48.70016],[14.01029,48.69981],[14.01052,48.69978],[14.01081,48.69963],[14.01147,48.70026],[14.01266,48.69916],[14.01336,48.69843],[14.01271,48.69706],[14.01219,48.697],[14.01156,48.69683],[14.01074,48.69624],[14.00994,48.69537],[14.01111,48.69503],[14.01225,48.69475],[14.01235,48.69477],[14.01266,48.6949],[14.0131,48.69522],[14.01329,48.6954],[14.01336,48.69555],[14.0136,48.69578],[14.01369,48.6958],[14.0139,48.69603],[14.01408,48.69613],[14.01423,48.69626],[14.01442,48.69636],[14.0145,48.69646],[14.01457,48.69649],[14.01505,48.69773],[14.01558,48.69776],[14.0158,48.69709],[14.01622,48.69636],[14.0172,48.69642],[14.01817,48.69624],[14.01821,48.69567],[14.0184,48.69475],[14.01845,48.69411],[14.01651,48.69263],[14.0162,48.69232],[14.01617,48.69189],[14.01664,48.69154],[14.01775,48.6911],[14.01939,48.69066],[14.01929,48.6905],[14.02105,48.69024],[14.02233,48.68979],[14.02288,48.68971],[14.0244,48.68936],[14.02537,48.68909],[14.02537,48.68839],[14.02527,48.68794],[14.02561,48.68707],[14.02688,48.6867],[14.0272,48.6859],[14.02867,48.68538],[14.02857,48.68482],[14.02791,48.68466],[14.02696,48.6848],[14.02567,48.68488],[14.02598,48.6839],[14.02466,48.68385],[14.02456,48.6834],[14.02465,48.68332],[14.02586,48.68308],[14.02655,48.68289],[14.02702,48.68288],[14.02752,48.68271],[14.02931,48.68178],[14.02929,48.68177],[14.02968,48.68114],[14.02988,48.68098],[14.03101,48.68074],[14.03116,48.68067],[14.03179,48.68009],[14.03193,48.68],[14.03349,48.67971],[14.03335,48.67961],[14.03328,48.67945],[14.03329,48.67904],[14.03325,48.67881],[14.03383,48.67847],[14.0343,48.67807],[14.03452,48.67778],[14.03448,48.67764],[14.03423,48.67727],[14.03416,48.67699],[14.03473,48.67727],[14.03559,48.6774],[14.03596,48.67734],[14.03642,48.67709],[14.03709,48.67745],[14.03736,48.67733],[14.03771,48.6771],[14.03817,48.67705],[14.03862,48.67704],[14.03882,48.67696],[14.03887,48.67676],[14.03887,48.67611],[14.03942,48.67626],[14.03965,48.67629],[14.04035,48.67683],[14.04054,48.67691],[14.04062,48.67702],[14.04079,48.67709],[14.04092,48.6771],[14.04104,48.67715],[14.04161,48.6772],[14.04183,48.67719],[14.04213,48.67723],[14.04256,48.67721],[14.04309,48.67743],[14.04335,48.6775],[14.04397,48.6774],[14.04433,48.67727],[14.04455,48.67716],[14.04546,48.67682],[14.04564,48.67668],[14.04582,48.6766],[14.04638,48.67648],[14.0465,48.67641],[14.04691,48.67631],[14.04713,48.67632],[14.0472,48.6763],[14.04728,48.67632],[14.04772,48.67602],[14.04779,48.67577],[14.04796,48.67555],[14.04839,48.67556],[14.04845,48.67553],[14.04889,48.67554],[14.04926,48.67537],[14.04953,48.67531],[14.04981,48.67514],[14.05006,48.67519],[14.05012,48.67517],[14.05042,48.67521],[14.05064,48.67517],[14.05072,48.67512],[14.05095,48.67515],[14.05104,48.67508],[14.05123,48.67513],[14.05159,48.67508],[14.05187,48.6751],[14.05203,48.67516],[14.05212,48.67535],[14.05224,48.67545],[14.05255,48.67555],[14.05274,48.67565],[14.05306,48.67567],[14.05329,48.67564],[14.05378,48.67571],[14.05391,48.67576],[14.05423,48.67568],[14.05471,48.67565],[14.05475,48.67563],[14.05509,48.67563],[14.05512,48.6756],[14.05539,48.67561],[14.05575,48.67553],[14.05585,48.67555],[14.0561,48.67538],[14.05634,48.67533],[14.05637,48.67528],[14.0563,48.67524],[14.0565,48.67512],[14.05659,48.67513],[14.05659,48.675],[14.05672,48.67493],[14.05683,48.67492],[14.05688,48.67485],[14.05757,48.67458],[14.05901,48.67393],[14.05907,48.67387],[14.05929,48.67384],[14.05942,48.67411],[14.05947,48.67408],[14.0594,48.67399],[14.05957,48.6738],[14.05979,48.67371],[14.05999,48.67357],[14.06008,48.67358],[14.06001,48.6733],[14.05983,48.67318],[14.05979,48.67292],[14.05968,48.67268],[14.05968,48.67254],[14.05979,48.67247],[14.0596,48.67239],[14.05962,48.67231],[14.05971,48.6722],[14.0596,48.67213],[14.05945,48.67213],[14.05934,48.67209],[14.05923,48.6721],[14.05918,48.672],[14.05926,48.67199],[14.05936,48.67191],[14.05932,48.67185],[14.05927,48.67186],[14.05917,48.6718],[14.05901,48.67162],[14.05868,48.67161],[14.0586,48.67156],[14.05861,48.67153],[14.05877,48.6713],[14.05899,48.67131],[14.05907,48.67124],[14.05898,48.67108],[14.05909,48.671],[14.05912,48.67101],[14.05924,48.67091],[14.05923,48.67086],[14.059,48.67079],[14.05914,48.67066],[14.05916,48.67054],[14.05925,48.67051],[14.05918,48.67041],[14.05919,48.67028],[14.05944,48.67014],[14.05938,48.67005],[14.05943,48.66999],[14.05943,48.66986],[14.05936,48.66977],[14.05946,48.66972],[14.05959,48.66972],[14.05969,48.66966],[14.05972,48.66957],[14.05985,48.66951],[14.05983,48.66946],[14.05975,48.66941],[14.05977,48.66931],[14.0597,48.66916],[14.05939,48.66905],[14.05935,48.66892],[14.05938,48.66884],[14.05928,48.66863],[14.0592,48.66855],[14.05888,48.66853],[14.05879,48.66828],[14.05888,48.6681],[14.05897,48.66805],[14.05901,48.66794],[14.05891,48.6678],[14.05869,48.66773],[14.0586,48.66774],[14.05855,48.66767],[14.0586,48.6676],[14.05859,48.66751],[14.05895,48.66736],[14.05887,48.66723],[14.05903,48.66716],[14.05895,48.66704],[14.05903,48.66688],[14.05901,48.66672],[14.05908,48.66664],[14.05929,48.66655],[14.0593,48.66642],[14.05923,48.66633],[14.05926,48.66622],[14.05952,48.66619],[14.05977,48.66598],[14.05983,48.66578],[14.06007,48.66577],[14.06027,48.66554],[14.06023,48.66535],[14.06031,48.66524],[14.06006,48.66521],[14.06001,48.66506],[14.06008,48.66502],[14.0599,48.66487],[14.05996,48.66476],[14.05996,48.66458],[14.05987,48.66452],[14.0599,48.66437],[14.06007,48.66431],[14.06011,48.66417],[14.06007,48.66398],[14.05999,48.6639],[14.05985,48.66384],[14.05908,48.66301],[14.05899,48.66306],[14.05835,48.66264],[14.05823,48.6625],[14.05821,48.66241],[14.05826,48.6623],[14.05836,48.66228],[14.05844,48.66219],[14.05842,48.66201],[14.05833,48.66198],[14.05835,48.66188],[14.05797,48.66179],[14.05804,48.66154],[14.05798,48.66136],[14.05783,48.66116],[14.05794,48.66112],[14.05799,48.66101],[14.05777,48.66079],[14.0578,48.66059],[14.0575,48.66037],[14.05748,48.66027],[14.05765,48.66015],[14.05795,48.66008],[14.05807,48.65998],[14.0582,48.65973],[14.05837,48.65958],[14.0585,48.65917],[14.05845,48.65887],[14.05805,48.65865],[14.05808,48.65854],[14.058,48.6584],[14.05798,48.65827],[14.05788,48.65819],[14.05776,48.65799],[14.05785,48.65775],[14.05776,48.65764],[14.05756,48.65753],[14.05752,48.65744],[14.05729,48.65728],[14.05694,48.65713],[14.05649,48.65683],[14.05643,48.65666],[14.05583,48.65644],[14.0556,48.65629],[14.05548,48.65609],[14.05542,48.65609],[14.05542,48.65598],[14.05532,48.65596],[14.05535,48.65589],[14.05525,48.65583],[14.05526,48.65571],[14.05513,48.65558],[14.05505,48.65564],[14.05471,48.65544],[14.05485,48.65539],[14.05486,48.65533],[14.05461,48.65519],[14.05456,48.65499],[14.05477,48.65488],[14.05471,48.65483],[14.05482,48.65477],[14.05474,48.65463],[14.05478,48.65452],[14.05442,48.65455],[14.05436,48.65448],[14.05443,48.6544],[14.05432,48.65431],[14.05424,48.6543],[14.05419,48.65424],[14.05411,48.65422],[14.05408,48.65417],[14.05411,48.6541],[14.05418,48.65408],[14.05419,48.654],[14.05431,48.65402],[14.05434,48.65394],[14.05443,48.65394],[14.05443,48.65389],[14.05418,48.6538],[14.05416,48.65362],[14.05387,48.65328],[14.05365,48.6532],[14.05351,48.65293],[14.05338,48.65291],[14.05322,48.65274],[14.053,48.65273],[14.05295,48.65266],[14.05258,48.65266],[14.05252,48.65271],[14.05246,48.65267],[14.05217,48.65272],[14.05214,48.65267],[14.05197,48.65266],[14.05189,48.65271],[14.05178,48.65264],[14.05155,48.65265],[14.05148,48.65257],[14.05135,48.65257],[14.051,48.65263],[14.05067,48.65286],[14.05066,48.65292],[14.05041,48.65305],[14.05014,48.65299],[14.05018,48.65294],[14.04988,48.65289],[14.04979,48.65292],[14.04982,48.65301],[14.04933,48.65311],[14.04911,48.65312],[14.04893,48.65319],[14.04867,48.65318],[14.0486,48.65324],[14.04838,48.65319],[14.04827,48.65329],[14.0482,48.65328],[14.04787,48.65353],[14.04749,48.6536],[14.04739,48.65358],[14.04717,48.65375],[14.04697,48.65374],[14.04664,48.654],[14.04631,48.65407],[14.04607,48.65397],[14.04594,48.65403],[14.04585,48.65417],[14.0457,48.65416],[14.04564,48.65425],[14.04548,48.65428],[14.04538,48.65437],[14.04518,48.6544],[14.04508,48.65447],[14.0449,48.65452],[14.04488,48.65448],[14.04452,48.65453],[14.04405,48.65453],[14.04384,48.65431],[14.04354,48.65426],[14.04345,48.65432],[14.04331,48.65432],[14.04317,48.65447],[14.04289,48.65447],[14.04229,48.65464],[14.0422,48.65463],[14.04209,48.65453],[14.04198,48.65458],[14.04157,48.65459],[14.04143,48.65447],[14.04097,48.6547],[14.04095,48.65474],[14.04074,48.65469],[14.04066,48.65475],[14.04033,48.65468],[14.04016,48.65472],[14.04003,48.65465],[14.03954,48.65465],[14.03945,48.65461],[14.03923,48.65469],[14.03886,48.65471],[14.03887,48.65462],[14.0387,48.65457],[14.03858,48.65463],[14.03839,48.65457],[14.03815,48.65457],[14.03779,48.65471],[14.03772,48.65459],[14.03748,48.65444],[14.03742,48.65435],[14.03729,48.65427],[14.03684,48.65425],[14.03641,48.65443],[14.0363,48.65431],[14.03614,48.65424],[14.03575,48.65421],[14.0353,48.65437],[14.03507,48.65437],[14.03495,48.65429],[14.035,48.65422],[14.03488,48.65414],[14.03472,48.65415],[14.03437,48.65429],[14.03421,48.65441],[14.03404,48.65438],[14.03405,48.65434],[14.03381,48.65434],[14.03374,48.65428],[14.03338,48.6543],[14.03332,48.65424],[14.03317,48.65426],[14.03312,48.65437],[14.03286,48.65425],[14.03278,48.65433],[14.0326,48.65435],[14.03253,48.65426],[14.03231,48.65422],[14.03219,48.65405],[14.03207,48.65402],[14.03202,48.65404],[14.03186,48.65398],[14.03181,48.65389],[14.0313,48.65377],[14.03133,48.65371],[14.03105,48.65364],[14.03094,48.65368],[14.03064,48.6536],[14.03056,48.65352],[14.03036,48.65352],[14.03002,48.65341],[14.02985,48.65332],[14.02989,48.6532],[14.02974,48.65322],[14.02968,48.65312],[14.02955,48.65306],[14.02953,48.65295],[14.02879,48.65273],[14.02837,48.65276],[14.0283,48.6527],[14.02774,48.65273],[14.02764,48.65265],[14.02747,48.65262],[14.02722,48.65269],[14.0267,48.65275],[14.02657,48.65273],[14.02659,48.65263],[14.0265,48.65251],[14.02617,48.65246],[14.0258,48.65233],[14.02577,48.65227],[14.02554,48.65225],[14.02528,48.65237],[14.02527,48.65243],[14.0251,48.65248],[14.02496,48.65247],[14.02466,48.6526],[14.0242,48.65265],[14.02457,48.6519],[14.02461,48.65075],[14.02458,48.65051],[14.02418,48.65005],[14.02404,48.64955],[14.02404,48.64927],[14.0243,48.64845],[14.02433,48.6482],[14.02423,48.64764],[14.02357,48.64673],[14.0233,48.64629],[14.02338,48.64609],[14.02287,48.64556],[14.0223,48.64519],[14.02135,48.64477],[14.02098,48.64467],[14.02015,48.64455],[14.0196,48.64433],[14.01935,48.64427],[14.01901,48.64411],[14.01847,48.64395],[14.01782,48.64367],[14.01676,48.64313],[14.01629,48.64268],[14.01606,48.64206],[14.01549,48.64164],[14.01512,48.64119],[14.01454,48.64067],[14.01325,48.64022],[14.01279,48.63989],[14.01237,48.63982],[14.01161,48.63945],[14.01149,48.63945],[14.01117,48.63956],[14.0106,48.63966],[14.01056,48.63965],[14.01082,48.63951],[14.01087,48.63944],[14.01099,48.63943],[14.01112,48.63935],[14.01115,48.63928],[14.01128,48.63922],[14.01128,48.63912],[14.01137,48.63901],[14.01156,48.639],[14.0116,48.63894],[14.0117,48.63897],[14.01185,48.63892],[14.01216,48.63878],[14.01231,48.63867],[14.01267,48.63862],[14.01274,48.63853],[14.01286,48.63854],[14.01327,48.6383],[14.01386,48.63811],[14.01439,48.63815],[14.01464,48.63811],[14.01501,48.63783],[14.01545,48.6376],[14.01551,48.63744],[14.0156,48.63736],[14.01582,48.63732],[14.01594,48.63734],[14.01633,48.63731],[14.01701,48.63721],[14.01722,48.63728],[14.01756,48.63721],[14.01792,48.63701],[14.01827,48.6369],[14.0185,48.63671],[14.01889,48.63628],[14.01898,48.63607],[14.01932,48.6357],[14.01932,48.63554],[14.01939,48.63538],[14.01998,48.63445],[14.02049,48.63389],[14.0207,48.63377],[14.02094,48.63376],[14.02243,48.63288],[14.02298,48.63248],[14.02336,48.63236],[14.02313,48.63177],[14.02298,48.63072],[14.02429,48.63042],[14.02504,48.63013],[14.02557,48.63002],[14.02639,48.62977],[14.02681,48.62943],[14.0277,48.62913],[14.02842,48.62904],[14.02956,48.62896],[14.02978,48.62897],[14.0299,48.62894],[14.02995,48.62888],[14.03019,48.62874],[14.03023,48.62809],[14.03016,48.62775],[14.03016,48.62751],[14.03003,48.62723],[14.03008,48.62683],[14.02996,48.62672],[14.02933,48.62653],[14.02904,48.62638],[14.02876,48.62628],[14.02871,48.62618],[14.02875,48.62615],[14.02887,48.62614],[14.0294,48.62621],[14.02962,48.62634],[14.03043,48.62659],[14.03077,48.62675],[14.03089,48.6269],[14.03104,48.62695],[14.03174,48.62743],[14.03249,48.62764],[14.03295,48.62773],[14.03366,48.62777],[14.03469,48.62795],[14.03482,48.62793],[14.03497,48.62797],[14.03592,48.62785],[14.03667,48.62782],[14.03741,48.62774],[14.0379,48.62765],[14.03823,48.62765],[14.03887,48.62782],[14.03892,48.62792],[14.03968,48.62835],[14.04008,48.62845],[14.04049,48.62848],[14.04086,48.62847],[14.04116,48.6286],[14.0415,48.62886],[14.04245,48.62899],[14.04252,48.62897],[14.0426,48.62899],[14.0428,48.62874],[14.04303,48.62878],[14.04314,48.62873],[14.04325,48.62857],[14.04351,48.62858],[14.0437,48.6285],[14.04377,48.62857],[14.04402,48.62851],[14.04468,48.62845],[14.04497,48.6285],[14.0454,48.62851],[14.0456,48.6286],[14.04607,48.62837],[14.04612,48.62821],[14.04635,48.62805],[14.04654,48.628],[14.04656,48.62806],[14.04677,48.62801],[14.04674,48.62794],[14.04687,48.62794],[14.04686,48.6279],[14.04705,48.62777],[14.04707,48.62769],[14.04724,48.62767],[14.04737,48.62758],[14.04789,48.62748],[14.04814,48.62737],[14.04818,48.62722],[14.04811,48.62701],[14.04823,48.62694],[14.04828,48.62678],[14.04796,48.62669],[14.04792,48.62661],[14.04759,48.62652],[14.04752,48.62646],[14.04733,48.62623],[14.04721,48.62602],[14.04698,48.62576],[14.047,48.62535],[14.04652,48.62483],[14.0457,48.62405],[14.04547,48.62351],[14.04545,48.62335],[14.04567,48.62298],[14.04574,48.62293],[14.04614,48.62282],[14.04624,48.62275],[14.0464,48.62245],[14.04641,48.62234],[14.04636,48.6222],[14.04621,48.62201],[14.04622,48.6218],[14.04615,48.62161],[14.04592,48.62139],[14.04588,48.62131],[14.0458,48.62098],[14.04581,48.62067],[14.04576,48.62058],[14.04536,48.62025],[14.04534,48.62016],[14.0454,48.62006],[14.04527,48.61975],[14.0453,48.61964],[14.04564,48.61921],[14.04568,48.61906],[14.04554,48.61887],[14.04535,48.61886],[14.04469,48.61869],[14.04419,48.61848],[14.04294,48.61825],[14.04238,48.61811],[14.0409,48.61742],[14.04092,48.61714],[14.04101,48.6171],[14.04126,48.61675],[14.04141,48.61674],[14.04172,48.61665],[14.04198,48.61665],[14.04234,48.61651],[14.0427,48.61623],[14.04273,48.6158],[14.04288,48.61556],[14.04269,48.61513],[14.04273,48.61484],[14.04292,48.61463],[14.04341,48.6144],[14.04354,48.61413],[14.04367,48.61401],[14.04364,48.61387],[14.04354,48.61375],[14.04334,48.61362],[14.04321,48.61356],[14.04286,48.6135],[14.04275,48.61345],[14.04217,48.61286],[14.04338,48.61255],[14.04349,48.6124],[14.04377,48.61234],[14.04389,48.61226],[14.04585,48.61177],[14.0465,48.61169],[14.04714,48.61123],[14.04741,48.6111],[14.0477,48.61116],[14.04823,48.61103],[14.04888,48.61094],[14.04939,48.61073],[14.04996,48.6104],[14.05026,48.61014],[14.05106,48.60966],[14.05155,48.60948],[14.05141,48.60922],[14.05131,48.60867],[14.05104,48.6082],[14.05082,48.6077],[14.0514,48.6075],[14.05173,48.60748],[14.05193,48.60739],[14.05216,48.60721],[14.05218,48.60688],[14.05272,48.60667],[14.0531,48.60648],[14.05313,48.60628],[14.05321,48.6061],[14.05334,48.60593],[14.05345,48.60585],[14.05378,48.60536],[14.054,48.60468],[14.05425,48.60414],[14.05481,48.6043],[14.05504,48.60445],[14.05528,48.60421],[14.05537,48.60431],[14.05615,48.60464],[14.05685,48.60484],[14.05722,48.6049],[14.05805,48.60489],[14.05821,48.60506],[14.05851,48.60509],[14.05873,48.60527],[14.05907,48.60524],[14.05929,48.60543],[14.05914,48.60563],[14.05935,48.6058],[14.06036,48.60633],[14.0607,48.60637],[14.06106,48.60647],[14.06202,48.60662],[14.06273,48.6066],[14.06296,48.60653],[14.06318,48.60651],[14.06342,48.60651],[14.06376,48.60659],[14.06424,48.60657],[14.06445,48.60654],[14.06454,48.60642],[14.06496,48.60639],[14.06603,48.60614],[14.06667,48.60607],[14.0673,48.60606],[14.06769,48.60608],[14.06838,48.60661],[14.06873,48.60676],[14.06899,48.60697],[14.06948,48.60653],[14.06967,48.60629],[14.06959,48.60597],[14.06963,48.60579],[14.06959,48.60555],[14.06948,48.60529],[14.06941,48.60488],[14.06945,48.60453],[14.06925,48.60424],[14.06886,48.60436],[14.06875,48.6043],[14.06862,48.60415],[14.06814,48.60379],[14.06806,48.60363],[14.067,48.60267],[14.06676,48.60243],[14.06665,48.60225],[14.06638,48.60109],[14.06621,48.60112],[14.0662,48.60106],[14.06649,48.60088],[14.06643,48.60005],[14.06625,48.59974],[14.06622,48.59949],[14.06626,48.59857],[14.06657,48.59767],[14.06648,48.5972],[14.0665,48.59679],[14.06645,48.59641],[14.06634,48.59622],[14.06634,48.59606],[14.06649,48.59564],[14.06648,48.59552],[14.06668,48.59519],[14.06696,48.59486],[14.06714,48.59497],[14.06716,48.59505],[14.06731,48.59515],[14.06764,48.5951],[14.0682,48.59514],[14.06876,48.59542],[14.06906,48.59539],[14.06924,48.59548],[14.06928,48.59567],[14.06955,48.59587],[14.06957,48.59616],[14.06973,48.59625],[14.06986,48.59642],[14.06987,48.59653],[14.07025,48.59669],[14.0703,48.59689],[14.07037,48.59695],[14.07035,48.59725],[14.07028,48.59735],[14.07045,48.59753],[14.07055,48.59751],[14.07057,48.5976],[14.0709,48.59789],[14.0709,48.59806],[14.07083,48.59817],[14.07088,48.59829],[14.07109,48.59828],[14.07109,48.59841],[14.07084,48.59863],[14.07079,48.59862],[14.07086,48.59866],[14.07102,48.5989],[14.07132,48.59912],[14.07108,48.59923],[14.0711,48.59939],[14.0713,48.59938],[14.07153,48.59946],[14.07171,48.59964],[14.07176,48.59975],[14.07192,48.59973],[14.07226,48.59987],[14.0725,48.59972],[14.0728,48.59969],[14.07328,48.59991],[14.07342,48.59985],[14.07373,48.59978],[14.0746,48.59971],[14.07569,48.59984],[14.07608,48.59986],[14.07735,48.59973],[14.07735,48.5997],[14.07785,48.59965],[14.07823,48.59956],[14.07859,48.59962],[14.07901,48.59959],[14.07953,48.5995],[14.08063,48.59957],[14.0811,48.59946],[14.08125,48.5994],[14.08178,48.59937],[14.08216,48.59946],[14.08323,48.59957],[14.08396,48.5997],[14.08405,48.59977],[14.08464,48.59987],[14.0857,48.59999],[14.08626,48.60009],[14.08682,48.59992],[14.08756,48.59963],[14.08807,48.59949],[14.08921,48.59936],[14.09133,48.59924],[14.09253,48.59926],[14.09289,48.59921],[14.09424,48.59895],[14.09479,48.59903],[14.09495,48.59911],[14.09495,48.59957],[14.09549,48.59956],[14.09708,48.59983],[14.09708,48.59979],[14.09718,48.59975],[14.09707,48.59945],[14.09721,48.5994],[14.09737,48.59943],[14.09742,48.59938],[14.0975,48.59938],[14.09765,48.59918],[14.09767,48.59902],[14.09762,48.59901],[14.09767,48.59881],[14.09783,48.59874],[14.09784,48.59851],[14.09794,48.5985],[14.09803,48.59845],[14.09801,48.5984],[14.09807,48.59837],[14.09804,48.59828],[14.09817,48.59787],[14.09826,48.59777],[14.0982,48.59762],[14.09802,48.59756],[14.09796,48.59728],[14.098,48.59687],[14.09794,48.59686],[14.09792,48.59676],[14.09783,48.59671],[14.09779,48.59661],[14.09768,48.59658],[14.09722,48.59575],[14.09679,48.59525],[14.09639,48.5947],[14.09632,48.59446],[14.09587,48.59403],[14.09589,48.5931],[14.09558,48.59224],[14.09656,48.59201],[14.09724,48.59175],[14.09902,48.59142],[14.10048,48.59097],[14.10082,48.59092],[14.10201,48.59058],[14.10252,48.5904],[14.10266,48.59028],[14.10296,48.59009],[14.10339,48.58996],[14.10425,48.58984],[14.10634,48.58948],[14.10693,48.58953],[14.10702,48.5895],[14.10856,48.58964],[14.10972,48.58949],[14.11093,48.58944],[14.11251,48.58955],[14.11341,48.58957],[14.11553,48.58929],[14.11574,48.58918],[14.11593,48.58917],[14.11613,48.5893],[14.11621,48.5894],[14.11639,48.58945],[14.11647,48.58961],[14.11664,48.58968],[14.11668,48.58975],[14.11677,48.58971],[14.11686,48.58972],[14.117,48.5898],[14.11698,48.58993],[14.11709,48.58994],[14.11718,48.59003],[14.11731,48.59005],[14.11741,48.59019],[14.1176,48.59032],[14.11771,48.59032],[14.11779,48.59029],[14.11828,48.59038],[14.11861,48.59056],[14.11891,48.59054],[14.11918,48.5906],[14.11916,48.59072],[14.11896,48.59085],[14.11892,48.59093],[14.11898,48.59095],[14.11896,48.59124],[14.11885,48.59125],[14.11894,48.59136],[14.119,48.59134],[14.11918,48.59142],[14.11936,48.59142],[14.11933,48.59164],[14.11953,48.59188],[14.1195,48.59201],[14.11959,48.5921],[14.11941,48.59224],[14.11948,48.59249],[14.11952,48.59243],[14.11991,48.59246],[14.11999,48.59261],[14.12006,48.59295],[14.12039,48.59313],[14.12061,48.59313],[14.12082,48.59301],[14.1208,48.59295],[14.12095,48.59288],[14.12127,48.59285],[14.12162,48.59288],[14.122,48.59279],[14.12236,48.59282],[14.12258,48.59291],[14.12277,48.59291],[14.12279,48.59297],[14.12344,48.59294],[14.12376,48.59298],[14.12379,48.59307],[14.12368,48.59313],[14.12364,48.59322],[14.12391,48.59335],[14.12408,48.59329],[14.12419,48.59341],[14.12474,48.59364],[14.12481,48.59377],[14.12539,48.59397],[14.1253,48.59404],[14.12543,48.59406],[14.12552,48.59427],[14.12563,48.59426],[14.12563,48.59415],[14.12576,48.59419],[14.12593,48.59432],[14.12614,48.59434],[14.12636,48.59442],[14.12649,48.59451],[14.12647,48.59459],[14.12659,48.59459],[14.1268,48.59478],[14.12699,48.59478],[14.127,48.59485],[14.12718,48.59486],[14.12723,48.59495],[14.12759,48.59514],[14.12773,48.59504],[14.12793,48.59517],[14.128,48.59547],[14.12812,48.59559],[14.12807,48.59563],[14.12801,48.59581],[14.12832,48.59581],[14.12851,48.59597],[14.1284,48.596],[14.12836,48.59627],[14.12844,48.59635],[14.1284,48.59643],[14.12852,48.59658],[14.12851,48.59675],[14.12861,48.59673],[14.12862,48.59714],[14.12869,48.5971],[14.12884,48.59715],[14.12885,48.59723],[14.12912,48.59736],[14.12929,48.59734],[14.1294,48.59725],[14.12941,48.59738],[14.12956,48.59738],[14.12961,48.59749],[14.12972,48.59748],[14.12973,48.59756],[14.12983,48.59748],[14.12994,48.59755],[14.12991,48.59769],[14.12999,48.59771],[14.13009,48.5977],[14.13019,48.59775],[14.13036,48.59766],[14.13019,48.59757],[14.13035,48.59751],[14.13047,48.59756],[14.13051,48.59746],[14.13077,48.59745],[14.13084,48.59752],[14.13089,48.59749],[14.13085,48.5974],[14.13097,48.59739],[14.131,48.59751],[14.13124,48.59756],[14.1313,48.59751],[14.13152,48.59751],[14.13164,48.59745],[14.13196,48.59751],[14.13213,48.59747],[14.1323,48.59737],[14.13224,48.59728],[14.13231,48.59727],[14.13239,48.59732],[14.1326,48.59735],[14.13284,48.59751],[14.13313,48.5974],[14.13331,48.59728],[14.13333,48.59721],[14.13327,48.59711],[14.13318,48.59707],[14.13347,48.59702],[14.13389,48.59706],[14.13395,48.597],[14.1339,48.59692],[14.13436,48.59678],[14.13466,48.59673],[14.1346,48.59654],[14.13506,48.59643],[14.13532,48.59622],[14.13547,48.59618],[14.13572,48.59596],[14.13589,48.59595],[14.13599,48.59581],[14.13596,48.59567],[14.13627,48.59556],[14.13625,48.59548],[14.13646,48.5956],[14.13692,48.59565],[14.13705,48.59571],[14.13718,48.59573],[14.13721,48.59561],[14.13733,48.59562],[14.13739,48.59573],[14.13745,48.59569],[14.13745,48.59555],[14.13734,48.59548],[14.13756,48.59543],[14.13762,48.59551],[14.13782,48.59532],[14.13767,48.5953],[14.13784,48.59513],[14.13806,48.59512],[14.13798,48.59498],[14.13834,48.59491],[14.13839,48.59494],[14.13865,48.59486],[14.13877,48.59489],[14.13886,48.59498],[14.13904,48.59495],[14.13904,48.59489],[14.13934,48.5946],[14.13961,48.59457],[14.13973,48.59461],[14.13977,48.59466],[14.14032,48.59467],[14.14065,48.59457],[14.14105,48.59439],[14.14141,48.59428],[14.14157,48.59409],[14.14159,48.59402],[14.14154,48.59397],[14.14155,48.59387],[14.14167,48.59376],[14.14189,48.59375],[14.1427,48.59384],[14.14299,48.59399],[14.14297,48.59433],[14.14292,48.59439],[14.14316,48.59449],[14.1432,48.59469],[14.14341,48.59476],[14.14353,48.59466],[14.14369,48.59466],[14.14378,48.59477],[14.14402,48.59474],[14.14414,48.59468],[14.14425,48.59456],[14.14492,48.59464],[14.14513,48.59459],[14.14541,48.59465],[14.14542,48.59455],[14.14551,48.59452],[14.14562,48.59459],[14.14606,48.59456],[14.14626,48.59444],[14.14639,48.59455],[14.14652,48.59456],[14.14668,48.59463],[14.14699,48.59458],[14.14704,48.59445],[14.14716,48.59444],[14.1472,48.59429],[14.1473,48.59429],[14.14748,48.59441],[14.14771,48.59444],[14.14798,48.59431],[14.14834,48.5945],[14.14843,48.59464],[14.1488,48.59468],[14.14917,48.59488],[14.14951,48.59499],[14.14969,48.59499],[14.14983,48.59494],[14.15038,48.59484],[14.15103,48.59494],[14.15108,48.59509],[14.15105,48.59515],[14.15083,48.5953],[14.15088,48.59536],[14.15103,48.59541],[14.15139,48.59567],[14.15154,48.59569],[14.15185,48.59592],[14.15216,48.59583],[14.15232,48.59599],[14.15251,48.59604],[14.15267,48.596],[14.15314,48.59603],[14.15319,48.59589],[14.15329,48.59586],[14.15348,48.59584],[14.1539,48.59596],[14.15408,48.59588],[14.15447,48.59587],[14.15456,48.59566],[14.15493,48.59537],[14.15511,48.5954],[14.15523,48.59536],[14.15544,48.5952],[14.15559,48.59501],[14.15559,48.59491],[14.15581,48.59475],[14.15565,48.59448],[14.15558,48.59399],[14.15551,48.59393],[14.15552,48.59378],[14.15561,48.59369],[14.15571,48.59369],[14.15597,48.59364],[14.15605,48.5936],[14.15616,48.59343],[14.15622,48.5934],[14.1564,48.59341],[14.15662,48.59354],[14.15704,48.59363],[14.15768,48.59339],[14.15773,48.59328],[14.15756,48.59298],[14.15758,48.59289],[14.15777,48.59275],[14.1578,48.59249],[14.15787,48.59242],[14.15807,48.59233],[14.15826,48.59228],[14.15858,48.59239],[14.15887,48.59228],[14.15954,48.59224],[14.15981,48.59231],[14.16002,48.59226],[14.16053,48.59227],[14.16055,48.59235],[14.16062,48.59239],[14.16105,48.59246],[14.16179,48.59281],[14.16191,48.5929],[14.16204,48.5929],[14.16269,48.59266],[14.16282,48.59265],[14.16271,48.59252],[14.16272,48.59246],[14.16286,48.5924],[14.16291,48.59234],[14.16285,48.59217],[14.16289,48.59211],[14.16318,48.59199],[14.16342,48.59174],[14.1635,48.59157],[14.16291,48.59126],[14.16282,48.5912],[14.16271,48.59099],[14.16295,48.5902],[14.16292,48.5899],[14.16303,48.58972],[14.16353,48.58924],[14.1636,48.58926],[14.16461,48.58938],[14.16475,48.58945],[14.16523,48.5898],[14.16585,48.58998],[14.16589,48.59002],[14.16747,48.59023],[14.16893,48.5905],[14.16933,48.59052],[14.17056,48.59022],[14.17099,48.59019],[14.17126,48.5902],[14.17218,48.59058],[14.17261,48.59065],[14.17341,48.59112],[14.17405,48.59129],[14.17447,48.59129],[14.17534,48.5912],[14.17548,48.59122],[14.17628,48.59111],[14.17751,48.59112],[14.17753,48.59129],[14.17723,48.59205],[14.1773,48.59233],[14.17723,48.59242],[14.17722,48.59257],[14.17726,48.59269],[14.1777,48.59294],[14.17796,48.59306],[14.17824,48.5931],[14.17854,48.5929],[14.17871,48.59289],[14.17905,48.59294],[14.17931,48.59293],[14.17944,48.59266],[14.17975,48.59253],[14.17988,48.59252],[14.18089,48.59294],[14.18111,48.59319],[14.18126,48.59329],[14.18125,48.59365],[14.18146,48.5938],[14.18172,48.5939],[14.18205,48.5939],[14.18217,48.59386],[14.18215,48.59381],[14.18243,48.59384],[14.1827,48.59379],[14.18269,48.59375],[14.18273,48.59373],[14.18285,48.59375],[14.18291,48.59379],[14.18319,48.59373],[14.18325,48.59379],[14.18372,48.59375],[14.18402,48.59364],[14.18443,48.59359],[14.18478,48.59342],[14.18499,48.59314],[14.18511,48.59308],[14.18568,48.59305],[14.18606,48.59295],[14.18651,48.59268],[14.18682,48.59269],[14.18701,48.59261],[14.18728,48.59267],[14.18776,48.5925],[14.18871,48.5926],[14.18912,48.59252],[14.18929,48.59252],[14.18969,48.59291],[14.18984,48.59291],[14.18992,48.59296],[14.19013,48.59296],[14.19018,48.59299],[14.19036,48.59294],[14.19054,48.59294],[14.19063,48.59298],[14.19098,48.59302],[14.19174,48.59294],[14.19181,48.59296],[14.19228,48.59289],[14.19258,48.59276],[14.19299,48.59265],[14.19313,48.5927],[14.19331,48.5927],[14.19346,48.59278],[14.19439,48.59272],[14.19459,48.59264],[14.19473,48.59266],[14.1947,48.59256],[14.19526,48.59251],[14.19535,48.59231],[14.19547,48.5923],[14.19549,48.59222],[14.19538,48.59219],[14.19527,48.59207],[14.1953,48.592],[14.19594,48.59192],[14.19689,48.59139],[14.19695,48.59131],[14.19695,48.59118],[14.19712,48.59117],[14.19736,48.59093],[14.19762,48.59093],[14.19783,48.59089],[14.198,48.59076],[14.19817,48.59076],[14.19829,48.59071],[14.19837,48.59075],[14.19844,48.5907],[14.19856,48.5908],[14.19884,48.59064],[14.19897,48.59068],[14.19904,48.59067],[14.19915,48.59081],[14.19927,48.59075],[14.19967,48.59074],[14.19984,48.59067],[14.20005,48.59063],[14.20055,48.59049],[14.20055,48.59038],[14.20063,48.59038],[14.20095,48.59023],[14.20102,48.59014],[14.20116,48.59014],[14.20133,48.58999],[14.20156,48.58999],[14.20183,48.59008],[14.20217,48.59003],[14.20237,48.58993],[14.20245,48.58995],[14.20266,48.58992],[14.20309,48.59007],[14.20322,48.59028],[14.20381,48.59049],[14.20428,48.5905],[14.20449,48.59048],[14.20472,48.5904],[14.20489,48.59032],[14.2052,48.59008],[14.2052,48.58998],[14.20529,48.5898],[14.20524,48.58974],[14.20532,48.58966],[14.20546,48.58966],[14.20578,48.58945],[14.20597,48.58915],[14.20611,48.58912],[14.20629,48.58917],[14.20648,48.58913],[14.20659,48.58898],[14.20654,48.58889],[14.20672,48.58876],[14.20672,48.58867],[14.20706,48.58857],[14.20722,48.58861],[14.20753,48.5885],[14.20763,48.58842],[14.20794,48.5883],[14.20801,48.58815],[14.20823,48.58811],[14.20846,48.58813],[14.20846,48.58827],[14.20884,48.58818],[14.20908,48.58828],[14.20901,48.58841],[14.20924,48.58841],[14.20938,48.58827],[14.20943,48.58833],[14.20951,48.58835],[14.20957,48.58832],[14.20976,48.58843],[14.20988,48.58842],[14.21086,48.58802],[14.21101,48.58807],[14.21108,48.58806],[14.2112,48.58812],[14.21169,48.58806],[14.21185,48.58808],[14.21226,48.58828],[14.21266,48.58806],[14.21311,48.58798],[14.21319,48.58787],[14.21312,48.58778],[14.2132,48.58776],[14.21329,48.58781],[14.2133,48.58776],[14.21342,48.58771],[14.21347,48.58764],[14.21359,48.58764],[14.21374,48.58745],[14.21403,48.58742],[14.21424,48.58728],[14.21423,48.58721],[14.21443,48.5871],[14.21448,48.58718],[14.21456,48.58719],[14.21461,48.5871],[14.21494,48.58705],[14.21508,48.58699],[14.21511,48.58694],[14.21525,48.58691],[14.2153,48.58683],[14.21556,48.58679],[14.21562,48.58671],[14.21574,48.58666],[14.21593,48.58665],[14.21604,48.58669],[14.2163,48.58669],[14.21688,48.5865],[14.2169,48.58648],[14.21705,48.58647],[14.2171,48.58652],[14.21745,48.58661],[14.21773,48.58655],[14.21795,48.58644],[14.21804,48.58646],[14.21814,48.58629],[14.21836,48.58627],[14.21844,48.58632],[14.21853,48.5863],[14.21866,48.58636],[14.21888,48.58636],[14.21914,48.58631],[14.21939,48.58634],[14.21953,48.5863],[14.21998,48.5864],[14.21998,48.58643],[14.22015,48.58648],[14.22047,48.58646],[14.22076,48.58635],[14.22119,48.58634],[14.22141,48.58636],[14.22155,48.58644],[14.22157,48.58643],[14.22172,48.58645],[14.22237,48.5864],[14.22277,48.58644],[14.2229,48.58638],[14.22322,48.5861],[14.22441,48.58589],[14.22644,48.58568],[14.22821,48.58522],[14.23004,48.58439],[14.23073,48.58405],[14.23131,48.58367],[14.23336,48.58298],[14.23481,48.58258],[14.2354,48.58234],[14.23732,48.58134],[14.23742,48.58091],[14.238,48.58041],[14.23849,48.57926],[14.23868,48.57854],[14.23928,48.57795],[14.23993,48.57775],[14.24056,48.57765],[14.24078,48.57777],[14.24088,48.57775],[14.24106,48.57764],[14.24127,48.57767],[14.24163,48.57765],[14.24196,48.57781],[14.24211,48.57783],[14.24221,48.57789],[14.24235,48.5779],[14.24282,48.57804],[14.24295,48.57804],[14.24302,48.57811],[14.24321,48.57815],[14.24338,48.57803],[14.24348,48.57803],[14.24361,48.57798],[14.24379,48.57809],[14.24402,48.57813],[14.24412,48.5781],[14.24443,48.57834],[14.24469,48.57847],[14.24479,48.57856],[14.24495,48.57852],[14.24514,48.57848],[14.24524,48.5785],[14.24532,48.57843],[14.24558,48.57842],[14.24566,48.57836],[14.24604,48.57841],[14.24609,48.57835],[14.24632,48.57835],[14.24639,48.57844],[14.24662,48.57841],[14.24678,48.57853],[14.24696,48.57857],[14.24709,48.57851],[14.24716,48.57839],[14.24725,48.57837],[14.24733,48.57827],[14.24759,48.57815],[14.24771,48.57805],[14.24789,48.57804],[14.24807,48.57812],[14.24824,48.57811],[14.24846,48.57844],[14.24848,48.57857],[14.24859,48.57869],[14.24882,48.57885],[14.24878,48.57902],[14.24894,48.57914],[14.24893,48.57927],[14.24897,48.57934],[14.24891,48.5794],[14.24912,48.57961],[14.24925,48.57967],[14.24915,48.57983],[14.24917,48.57989],[14.24938,48.57991],[14.24933,48.58007],[14.24946,48.58015],[14.24949,48.58012],[14.2498,48.5802],[14.24987,48.58017],[14.24994,48.58009],[14.25021,48.58014],[14.25026,48.58021],[14.2504,48.58021],[14.25051,48.58017],[14.25069,48.58026],[14.25073,48.58033],[14.25092,48.58036],[14.2511,48.5805],[14.25159,48.58058],[14.25182,48.58069],[14.25205,48.58088],[14.25224,48.58088],[14.25239,48.58084],[14.25261,48.58087],[14.2528,48.58082],[14.25286,48.58068],[14.25317,48.58072],[14.25341,48.58079],[14.25367,48.58092],[14.25397,48.58089],[14.25401,48.58073],[14.25431,48.5808],[14.2545,48.58067],[14.25488,48.58081],[14.25511,48.58093],[14.25522,48.58104],[14.25554,48.58098],[14.25566,48.58102],[14.25572,48.5813],[14.25579,48.58141],[14.25577,48.58151],[14.25585,48.58159],[14.25595,48.58156],[14.25624,48.58159],[14.25637,48.58164],[14.25642,48.58158],[14.25662,48.58165],[14.25689,48.58161],[14.25706,48.58135],[14.25751,48.5813],[14.2576,48.58139],[14.25775,48.58126],[14.2581,48.58129],[14.25827,48.58139],[14.25875,48.58131],[14.25875,48.58139],[14.25894,48.58141],[14.25888,48.58153],[14.25888,48.58165],[14.25906,48.58174],[14.25907,48.58167],[14.25925,48.5816],[14.25957,48.58171],[14.25971,48.58155],[14.25995,48.58152],[14.26031,48.58168],[14.2603,48.58174],[14.26048,48.58181],[14.26066,48.58169],[14.26135,48.58164],[14.26163,48.58179],[14.2625,48.58162],[14.26269,48.5814],[14.26308,48.58124],[14.26388,48.5812],[14.26416,48.58128],[14.26422,48.58121],[14.2647,48.58108],[14.26474,48.58122],[14.26501,48.58119],[14.26515,48.58104],[14.26536,48.58112],[14.26557,48.58114],[14.2656,48.58125],[14.26605,48.58145],[14.26623,48.58144],[14.26662,48.58163],[14.26687,48.58143],[14.26702,48.58142],[14.26728,48.58153],[14.26743,48.58137],[14.26758,48.58138],[14.26757,48.58128],[14.26786,48.58137],[14.26812,48.58133],[14.26827,48.58137],[14.26847,48.58117],[14.26855,48.58122],[14.26868,48.58112],[14.26911,48.58103],[14.26912,48.58108],[14.26934,48.58106],[14.26934,48.581],[14.26955,48.58102],[14.2699,48.58092],[14.27018,48.58094],[14.27038,48.58099],[14.27042,48.58107],[14.27035,48.58122],[14.27052,48.58122],[14.27051,48.58127],[14.27066,48.58139],[14.27076,48.58143],[14.27154,48.58137],[14.27147,48.58122],[14.27138,48.58115],[14.27153,48.58099],[14.27182,48.58041],[14.27193,48.58034],[14.27194,48.58027],[14.27207,48.58009],[14.27206,48.58004],[14.27236,48.57991],[14.27254,48.57974],[14.27268,48.57969],[14.27271,48.57956],[14.27277,48.57951],[14.27283,48.57938],[14.27278,48.5792],[14.27304,48.57914],[14.27301,48.57903],[14.27327,48.57882],[14.27346,48.57874],[14.27343,48.5786],[14.27371,48.57836],[14.27384,48.57834],[14.2738,48.57814],[14.274,48.57806],[14.27387,48.57789],[14.27387,48.5778],[14.27432,48.57767],[14.27439,48.57751],[14.2746,48.57735],[14.27471,48.57741],[14.27483,48.5774],[14.2749,48.57729],[14.27522,48.57726],[14.27551,48.57691],[14.27556,48.57674],[14.27573,48.57666],[14.27603,48.57634],[14.27621,48.57624],[14.27628,48.57608],[14.27642,48.57603],[14.27657,48.57591],[14.27673,48.57589],[14.27676,48.57581],[14.27705,48.57563],[14.27699,48.57546],[14.27713,48.57533],[14.27746,48.57517],[14.27778,48.57518],[14.27779,48.57495],[14.27789,48.57494],[14.27833,48.57477],[14.27855,48.57448],[14.27885,48.57442],[14.27885,48.57423],[14.27909,48.57412],[14.2792,48.57417],[14.27942,48.57406],[14.27962,48.57408],[14.27972,48.57417],[14.2799,48.57418],[14.28033,48.57396],[14.28049,48.57396],[14.28067,48.57396],[14.28103,48.57389],[14.28113,48.57379],[14.28123,48.57379],[14.28164,48.57363],[14.28172,48.57356],[14.28179,48.57358],[14.28187,48.57351],[14.28202,48.57349],[14.28215,48.57352],[14.2822,48.57345],[14.28272,48.57332],[14.28321,48.57305],[14.28358,48.57287],[14.28377,48.57282],[14.28397,48.57276],[14.28433,48.57272],[14.28461,48.57273],[14.28596,48.57248],[14.28906,48.57075],[14.28949,48.57065],[14.28995,48.57059],[14.29016,48.57046],[14.29075,48.57051],[14.29096,48.57042],[14.29109,48.57023],[14.29124,48.57026],[14.29157,48.5702],[14.29171,48.57002],[14.29191,48.56994],[14.2922,48.56998],[14.29396,48.569],[14.29413,48.56906],[14.29433,48.56896],[14.29473,48.56868],[14.29505,48.56862],[14.29503,48.56839],[14.29533,48.56825],[14.29547,48.56821],[14.29561,48.56807],[14.29581,48.56813],[14.29591,48.56822],[14.29616,48.56816],[14.29629,48.56801],[14.29667,48.56795],[14.29698,48.56766],[14.29708,48.56763],[14.29747,48.56759],[14.29774,48.56762],[14.29783,48.56754],[14.2983,48.56756],[14.29841,48.56745],[14.29882,48.5673],[14.29917,48.56731],[14.29938,48.56722],[14.29935,48.56715],[14.29958,48.56694],[14.2998,48.56702],[14.29997,48.56699],[14.30034,48.56686],[14.30077,48.56675],[14.30092,48.5668],[14.30093,48.56684],[14.30112,48.56691],[14.30124,48.56682],[14.30155,48.56686],[14.30167,48.56696],[14.30222,48.56709],[14.30231,48.5669],[14.30248,48.56687],[14.30249,48.56684],[14.30348,48.56694],[14.30387,48.56695],[14.30439,48.56721],[14.30453,48.56704],[14.30485,48.56693],[14.30497,48.56676],[14.30515,48.56675],[14.30522,48.56663],[14.30673,48.56566],[14.30717,48.56532],[14.30753,48.56512],[14.30812,48.56491],[14.30903,48.56441],[14.30962,48.56429],[14.31011,48.56425],[14.3118,48.56397],[14.31357,48.56363],[14.31434,48.56354],[14.3148,48.56344],[14.31534,48.56337],[14.31625,48.56333],[14.31756,48.56334],[14.31825,48.56344],[14.31853,48.56341],[14.31908,48.56325],[14.31939,48.56322],[14.3197,48.56313],[14.3208,48.56297],[14.3212,48.56294],[14.32184,48.56299],[14.32202,48.56307],[14.32236,48.56335],[14.32266,48.56354],[14.3229,48.56365],[14.32313,48.56372],[14.32337,48.56386],[14.32343,48.56383],[14.32407,48.56408],[14.32433,48.56424],[14.32437,48.56412],[14.32431,48.56379],[14.32436,48.56368],[14.32428,48.56352],[14.32439,48.56335],[14.32439,48.56311],[14.32453,48.56227],[14.32464,48.56204],[14.32492,48.56175],[14.32495,48.5616],[14.32491,48.56127],[14.32517,48.56017],[14.32529,48.55984],[14.32572,48.55948],[14.32598,48.55896],[14.32597,48.5582],[14.32613,48.55784],[14.32612,48.5577],[14.32709,48.55763],[14.32719,48.55687],[14.32722,48.55577],[14.32732,48.55454],[14.32726,48.55432],[14.32712,48.55407],[14.32746,48.5539],[14.32766,48.55362],[14.32832,48.5535],[14.3294,48.55284],[14.32955,48.55283],[14.32992,48.55266],[14.33049,48.55252],[14.3308,48.5525],[14.33119,48.55251],[14.33153,48.55247],[14.33229,48.55213],[14.3332,48.55183],[14.33324,48.55181],[14.33326,48.55187],[14.3334,48.55191],[14.33358,48.55206],[14.33376,48.55211],[14.33405,48.55226],[14.33438,48.5525],[14.3351,48.55287],[14.33495,48.55301],[14.33515,48.55323],[14.33552,48.55332],[14.33552,48.55342],[14.33575,48.55351],[14.33595,48.55347],[14.33622,48.5536],[14.33651,48.55391],[14.33654,48.55398],[14.33666,48.55406],[14.33663,48.55411],[14.33675,48.55416],[14.33738,48.55423],[14.33751,48.55437],[14.33802,48.55399],[14.33827,48.55395],[14.33869,48.55399],[14.33919,48.55423],[14.33946,48.55446],[14.33963,48.55445],[14.33971,48.55456],[14.33993,48.5545],[14.34012,48.5547],[14.34024,48.5546],[14.34038,48.55465],[14.34059,48.55459],[14.34061,48.5545],[14.34077,48.55448],[14.34096,48.55457],[14.34141,48.55468],[14.34177,48.55455],[14.34185,48.55461],[14.34203,48.55457],[14.34269,48.55482],[14.34265,48.55494],[14.34272,48.55498],[14.34273,48.55509],[14.34288,48.55528],[14.34302,48.55525],[14.34307,48.55533],[14.34304,48.55548],[14.34319,48.5556],[14.34333,48.55601],[14.34329,48.5561],[14.34364,48.55644],[14.34404,48.55672],[14.34483,48.55701],[14.345,48.55724],[14.3449,48.55734],[14.34496,48.55746],[14.34499,48.55777],[14.34494,48.55793],[14.34497,48.55805],[14.34508,48.55819],[14.3449,48.55839],[14.34509,48.55868],[14.34502,48.55882],[14.34515,48.55889],[14.34514,48.55897],[14.34524,48.55898],[14.34504,48.55922],[14.345,48.55936],[14.3449,48.55939],[14.34487,48.55952],[14.34492,48.55958],[14.34478,48.55972],[14.34469,48.5599],[14.34482,48.56002],[14.3452,48.56013],[14.34532,48.56007],[14.34557,48.56021],[14.34566,48.56021],[14.34576,48.5603],[14.34601,48.56038],[14.34594,48.5605],[14.34617,48.56065],[14.34628,48.56065],[14.34636,48.56083],[14.34653,48.56081],[14.34659,48.56091],[14.34687,48.5609],[14.34742,48.56132],[14.34753,48.56147],[14.34789,48.5616],[14.34793,48.56175],[14.34811,48.56188],[14.34852,48.56192],[14.34877,48.56205],[14.34914,48.562],[14.34942,48.56208],[14.34963,48.56202],[14.34998,48.56199],[14.35018,48.5619],[14.35049,48.56186],[14.35103,48.56194],[14.35108,48.56192],[14.35115,48.56202],[14.35124,48.56206],[14.35134,48.56202],[14.35171,48.56229],[14.35211,48.5624],[14.35236,48.56234],[14.35272,48.56245],[14.35297,48.56244],[14.35304,48.56239],[14.35313,48.56247],[14.35316,48.56264],[14.35322,48.5627],[14.35312,48.56278],[14.35337,48.56294],[14.35339,48.563],[14.35331,48.56313],[14.35265,48.56345],[14.35251,48.56356],[14.35246,48.56364],[14.35227,48.56375],[14.35222,48.56381],[14.35225,48.56392],[14.35249,48.56385],[14.35266,48.56394],[14.35255,48.5641],[14.35239,48.56423],[14.35239,48.5644],[14.35222,48.56448],[14.35212,48.56446],[14.35195,48.56453],[14.35164,48.56477],[14.35168,48.56482],[14.35149,48.56501],[14.3518,48.56521],[14.35207,48.56532],[14.35244,48.56572],[14.35254,48.56578],[14.35272,48.5658],[14.35297,48.56595],[14.35304,48.56619],[14.35317,48.56626],[14.35318,48.56632],[14.35306,48.56643],[14.35302,48.56656],[14.35284,48.56664],[14.35294,48.56695],[14.35306,48.56701],[14.35299,48.5671],[14.3527,48.56706],[14.35253,48.56707],[14.35242,48.56729],[14.35238,48.56743],[14.35248,48.56751],[14.35249,48.56773],[14.35262,48.56793],[14.35245,48.56807],[14.35245,48.56823],[14.35266,48.56829],[14.35264,48.56852],[14.35269,48.56866],[14.35242,48.56889],[14.35245,48.56895],[14.3527,48.56905],[14.35301,48.5693],[14.35287,48.56935],[14.3529,48.56946],[14.35301,48.56952],[14.35311,48.56945],[14.35324,48.56951],[14.35339,48.56949],[14.3536,48.56954],[14.35338,48.56968],[14.35309,48.56972],[14.35308,48.56983],[14.35317,48.56987],[14.35351,48.56985],[14.35385,48.57022],[14.35401,48.57018],[14.35417,48.57036],[14.35417,48.57064],[14.35435,48.57069],[14.35466,48.57086],[14.35486,48.57086],[14.35501,48.57104],[14.35526,48.57102],[14.35544,48.57122],[14.35551,48.57124],[14.35557,48.5715],[14.35568,48.57155],[14.35581,48.57169],[14.356,48.57173],[14.35599,48.57177],[14.35582,48.57187],[14.35585,48.57199],[14.35594,48.57207],[14.35621,48.57214],[14.35628,48.57239],[14.35647,48.57255],[14.3564,48.57264],[14.35643,48.57279],[14.3565,48.57281],[14.35657,48.57279],[14.35654,48.57273],[14.35675,48.57258],[14.35687,48.57258],[14.35687,48.57269],[14.35695,48.57286],[14.35727,48.57307],[14.3572,48.57316],[14.35708,48.5732],[14.35714,48.57326],[14.35731,48.57324],[14.3574,48.57334],[14.35755,48.57331],[14.35779,48.57342],[14.35788,48.57335],[14.35792,48.5735],[14.35776,48.57365],[14.35764,48.57358],[14.35758,48.57371],[14.3577,48.57374],[14.35772,48.57382],[14.35783,48.57389],[14.35765,48.57417],[14.3579,48.57419],[14.35795,48.57434],[14.35767,48.57433],[14.35768,48.57442],[14.35761,48.57447],[14.35762,48.57461],[14.35767,48.57465],[14.35788,48.57458],[14.35803,48.57467],[14.35853,48.57466],[14.35941,48.57474],[14.35987,48.57474],[14.36016,48.57477],[14.36158,48.5747],[14.36296,48.57489],[14.36393,48.57512],[14.36523,48.57567],[14.36585,48.57584],[14.36609,48.57552],[14.3661,48.57467],[14.36628,48.57453],[14.36631,48.5744],[14.36686,48.57395],[14.36698,48.57363],[14.36733,48.57342],[14.36767,48.57332],[14.3678,48.57322],[14.36797,48.573],[14.36807,48.57269],[14.3683,48.57249],[14.36837,48.57239],[14.36843,48.57147],[14.36824,48.57098],[14.3685,48.56984],[14.37044,48.56969],[14.37116,48.56956],[14.37177,48.56952],[14.37257,48.56947],[14.37308,48.56951],[14.37349,48.56939],[14.374,48.56936],[14.37452,48.56928],[14.37567,48.56924],[14.37616,48.56919],[14.37684,48.56917],[14.37804,48.56933],[14.37834,48.56931],[14.37866,48.56922],[14.37887,48.56922],[14.37914,48.56932],[14.37969,48.56926],[14.38024,48.56941],[14.38054,48.56941],[14.38069,48.56945],[14.38074,48.56951],[14.38097,48.56957],[14.38173,48.56963],[14.38263,48.56982],[14.38388,48.57014],[14.38451,48.57048],[14.38495,48.57094],[14.38609,48.57119],[14.38794,48.5718],[14.38809,48.57188],[14.38832,48.57227],[14.38873,48.57278],[14.38898,48.5732],[14.38949,48.57379],[14.38995,48.57416],[14.3912,48.57535],[14.39179,48.57594],[14.39262,48.57684],[14.393,48.57714],[14.39311,48.57737],[14.39365,48.57747],[14.39351,48.57807],[14.39359,48.57875],[14.39349,48.57884],[14.39297,48.57906],[14.39285,48.57907],[14.39245,48.57884],[14.39221,48.57876],[14.39198,48.57876],[14.39119,48.57898],[14.39104,48.57912],[14.39099,48.57925],[14.391,48.57957],[14.39089,48.58006],[14.39113,48.5805],[14.39113,48.58064],[14.39101,48.58076],[14.39113,48.58139],[14.39144,48.5816],[14.39156,48.58179],[14.39157,48.582],[14.39145,48.58212],[14.39062,48.58238],[14.39036,48.58211],[14.38943,48.58245],[14.3889,48.58236],[14.38854,48.58257],[14.38817,48.58273],[14.38774,48.58322],[14.38793,48.58347],[14.38794,48.58384],[14.3874,48.58459],[14.38716,48.58471],[14.38709,48.58484],[14.38717,48.58496],[14.38742,48.58507],[14.38752,48.58519],[14.38772,48.5853],[14.38768,48.58545],[14.38721,48.58548],[14.38716,48.58553],[14.38724,48.58568],[14.38758,48.58584],[14.38782,48.58586],[14.38793,48.58609],[14.38761,48.58608],[14.38739,48.58631],[14.38724,48.58639],[14.38719,48.58655],[14.38737,48.58658],[14.38729,48.5867],[14.38712,48.58672],[14.38698,48.5866],[14.38684,48.58662],[14.38682,48.58687],[14.38673,48.58699],[14.38683,48.58708],[14.38732,48.58696],[14.38746,48.58727],[14.38709,48.58786],[14.38689,48.58805],[14.38685,48.58822],[14.38698,48.58836],[14.3875,48.58862],[14.38763,48.58873],[14.38759,48.58894],[14.38737,48.58912],[14.38749,48.58928],[14.38742,48.58963],[14.38723,48.58978],[14.38687,48.58991],[14.38665,48.59018],[14.38655,48.59079],[14.38661,48.59089],[14.38678,48.59087],[14.38703,48.59111],[14.38688,48.59126],[14.38674,48.59132],[14.38645,48.59125],[14.38613,48.59147],[14.38612,48.59168],[14.38599,48.59174],[14.38577,48.59179],[14.38579,48.59192],[14.38624,48.59267],[14.3872,48.59248],[14.38789,48.59276],[14.38884,48.59278],[14.38934,48.5929],[14.39008,48.59301],[14.39017,48.59307],[14.39063,48.59314],[14.39083,48.5932],[14.39111,48.59333],[14.39127,48.59375],[14.39142,48.59396],[14.39183,48.59427],[14.39195,48.5943],[14.39216,48.59422],[14.39246,48.59402],[14.39271,48.5938],[14.3927,48.59369],[14.39257,48.59364],[14.39246,48.59355],[14.3925,48.59337],[14.39262,48.5933],[14.3932,48.59314],[14.39355,48.59316],[14.39375,48.59324],[14.3941,48.59351],[14.39436,48.59361],[14.39453,48.5936],[14.3948,48.59345],[14.39507,48.59326],[14.39544,48.59326],[14.39562,48.59315],[14.39553,48.59245],[14.3954,48.59227],[14.3954,48.59218],[14.39556,48.59209],[14.39584,48.59203],[14.39613,48.59204],[14.39651,48.59211],[14.39692,48.59223],[14.39756,48.59264],[14.39777,48.59272],[14.3979,48.5927],[14.39812,48.59272],[14.39853,48.59284],[14.3989,48.59286],[14.39904,48.59283],[14.39914,48.59274],[14.39928,48.59244],[14.39979,48.59225],[14.39998,48.59227],[14.40027,48.59243],[14.40054,48.59249],[14.40081,48.5926],[14.40111,48.59265],[14.40124,48.59263],[14.40167,48.59268],[14.40219,48.59281],[14.40237,48.59291],[14.4026,48.59295],[14.40279,48.59295],[14.40303,48.59307],[14.4033,48.59313],[14.40354,48.5933],[14.4038,48.59335],[14.40406,48.59332],[14.40444,48.59308],[14.40519,48.59279],[14.4054,48.59267],[14.40589,48.59267],[14.40609,48.59262],[14.40654,48.59218],[14.40691,48.5922],[14.40723,48.59201],[14.40738,48.59206],[14.40832,48.59213],[14.40856,48.59222],[14.40894,48.59247],[14.40902,48.59263],[14.40936,48.5928],[14.40966,48.59277],[14.41,48.59283],[14.41025,48.59264],[14.41032,48.59264],[14.41035,48.59278],[14.41054,48.59283],[14.41068,48.5928],[14.41079,48.59274],[14.41081,48.59268],[14.4107,48.59267],[14.41066,48.59261],[14.41076,48.59251],[14.41086,48.59246],[14.41098,48.59248],[14.41098,48.59255],[14.41105,48.59257],[14.41128,48.59237],[14.41156,48.59238],[14.41163,48.5925],[14.4116,48.59268],[14.41181,48.59275],[14.41185,48.5927],[14.41183,48.59259],[14.41193,48.59264],[14.41217,48.59258],[14.4122,48.59265],[14.41205,48.59268],[14.41207,48.59276],[14.41216,48.59279],[14.4125,48.59266],[14.41253,48.59269],[14.41275,48.59256],[14.41267,48.59254],[14.41263,48.59248],[14.41277,48.59237],[14.41275,48.59233],[14.4129,48.59232],[14.41292,48.5924],[14.4132,48.59242],[14.4133,48.59222],[14.41364,48.59236],[14.41358,48.59242],[14.41387,48.59239],[14.41385,48.59246],[14.41403,48.59249],[14.4143,48.59244],[14.41448,48.59253],[14.41465,48.59243],[14.41473,48.59248],[14.4148,48.59245],[14.41491,48.59248],[14.41496,48.59242],[14.415,48.59244],[14.41499,48.59246],[14.41512,48.59251],[14.41519,48.5925],[14.41524,48.59252],[14.41533,48.59247],[14.4154,48.5925],[14.41544,48.59251],[14.41551,48.59241],[14.4158,48.59226],[14.4159,48.59233],[14.41608,48.59218],[14.41667,48.59203],[14.41677,48.59203],[14.41706,48.59176],[14.41702,48.59171],[14.41708,48.59164],[14.41732,48.59162],[14.41737,48.59154],[14.41787,48.5916],[14.41788,48.59168],[14.41803,48.59171],[14.41923,48.59153],[14.42001,48.59128],[14.42006,48.59116],[14.42,48.59105],[14.42016,48.59097],[14.4203,48.59105],[14.42051,48.59094],[14.42078,48.5909],[14.42081,48.59076],[14.4207,48.5907],[14.42095,48.59037],[14.42118,48.59043],[14.42122,48.59028],[14.42134,48.59031],[14.42137,48.59043],[14.42162,48.59045],[14.42166,48.59026],[14.42186,48.59022],[14.422,48.59015],[14.42212,48.59017],[14.42302,48.58966],[14.4248,48.58833],[14.42492,48.58833],[14.42502,48.58841],[14.42543,48.58881],[14.42591,48.58889],[14.42672,48.58894],[14.42773,48.58892],[14.43036,48.58853],[14.43064,48.58865],[14.4315,48.5892],[14.43165,48.58981],[14.43171,48.5905],[14.43236,48.59127],[14.43279,48.59198],[14.43286,48.59204],[14.43298,48.59202],[14.43324,48.5922],[14.43328,48.59238],[14.43324,48.59246],[14.43351,48.59287],[14.43394,48.59328],[14.43391,48.59348],[14.43395,48.59358],[14.43436,48.59407],[14.43434,48.59426],[14.43416,48.59435],[14.43432,48.5951],[14.43454,48.59517],[14.43494,48.5955],[14.43502,48.59561],[14.43524,48.59574],[14.43526,48.59578],[14.43506,48.59617],[14.43508,48.59627],[14.43493,48.59644],[14.43502,48.59661],[14.43494,48.59677],[14.43508,48.59679],[14.435,48.59692],[14.43509,48.59697],[14.43506,48.59724],[14.43517,48.59726],[14.43538,48.59717],[14.43546,48.59732],[14.4355,48.59752],[14.43546,48.59758],[14.43536,48.59761],[14.43533,48.59769],[14.43555,48.59784],[14.43546,48.59801],[14.43582,48.59825],[14.43584,48.59838],[14.43607,48.59851],[14.43612,48.59861],[14.43635,48.59871],[14.43648,48.59873],[14.43658,48.59869],[14.43678,48.59869],[14.4368,48.59863],[14.43703,48.5986],[14.43722,48.59863],[14.43735,48.5989],[14.43749,48.59895],[14.43764,48.59892],[14.43792,48.59921],[14.43819,48.59922],[14.43836,48.59941],[14.4386,48.59937],[14.43871,48.59942],[14.4388,48.59959],[14.43906,48.59952],[14.43917,48.59963],[14.43914,48.5997],[14.43931,48.59981],[14.43946,48.59982],[14.43952,48.59972],[14.43984,48.59984],[14.43985,48.59992],[14.4401,48.59995],[14.44019,48.59988],[14.44048,48.59991],[14.44062,48.59995],[14.44063,48.59999],[14.44073,48.6],[14.4408,48.60005],[14.44105,48.60009],[14.44139,48.60021],[14.44153,48.60018],[14.44179,48.60029],[14.44188,48.60025],[14.44221,48.60022],[14.44196,48.6003],[14.44181,48.60038],[14.44159,48.60071],[14.44138,48.60117],[14.44138,48.60129],[14.44184,48.60174],[14.44198,48.60193],[14.44237,48.60265],[14.44265,48.60293],[14.44297,48.60316],[14.44341,48.60355],[14.44351,48.60373],[14.44355,48.60415],[14.44342,48.60448],[14.44361,48.60472],[14.44372,48.60484],[14.44384,48.60511],[14.44383,48.60571],[14.44371,48.60605],[14.44402,48.60644],[14.44409,48.60669],[14.44435,48.60714],[14.44451,48.60798],[14.44471,48.60842],[14.44599,48.60999],[14.44689,48.61095],[14.44745,48.61166],[14.44796,48.61243],[14.448,48.61271],[14.44813,48.61304],[14.44831,48.61298],[14.44837,48.61351],[14.4486,48.61424],[14.44864,48.6147],[14.4486,48.61533],[14.44838,48.61612],[14.4481,48.61644],[14.44791,48.61659],[14.44756,48.61716],[14.44747,48.61745],[14.44744,48.6181],[14.44757,48.61856],[14.44747,48.61923],[14.4473,48.61981],[14.44794,48.62019],[14.44815,48.62041],[14.4485,48.62089],[14.44874,48.62105],[14.44908,48.62144],[14.44938,48.62162],[14.44977,48.62196],[14.45012,48.62217],[14.4502,48.62226],[14.4503,48.62249],[14.45028,48.62266],[14.45068,48.62293],[14.45087,48.62315],[14.45085,48.62324],[14.45106,48.6234],[14.4511,48.62357],[14.45144,48.62387],[14.45157,48.62406],[14.4519,48.62472],[14.45199,48.62474],[14.452,48.62471],[14.45215,48.62471],[14.45232,48.62486],[14.45246,48.62478],[14.45254,48.62479],[14.45252,48.62472],[14.4526,48.62475],[14.45268,48.62471],[14.45273,48.62475],[14.45282,48.62471],[14.45287,48.62475],[14.45314,48.62472],[14.4532,48.62476],[14.45328,48.62473],[14.45337,48.62477],[14.45343,48.62476],[14.45344,48.62479],[14.4535,48.62473],[14.45362,48.62473],[14.45367,48.6247],[14.45381,48.62476],[14.45382,48.62479],[14.45394,48.62473],[14.45385,48.6247],[14.45388,48.62467],[14.45406,48.62466],[14.45404,48.62457],[14.45419,48.62459],[14.45422,48.62463],[14.45437,48.62457],[14.4544,48.62469],[14.45444,48.62466],[14.45449,48.62471],[14.45558,48.62447],[14.45594,48.6249],[14.45605,48.62514],[14.45594,48.62553],[14.4551,48.62669],[14.45478,48.62726],[14.45529,48.62735],[14.4549,48.62782],[14.45453,48.62857],[14.45413,48.62924],[14.45392,48.62983],[14.4534,48.63062],[14.45322,48.63101],[14.45283,48.6314],[14.45268,48.63171],[14.4525,48.63193],[14.45159,48.6329],[14.45104,48.63336],[14.45037,48.63376],[14.45014,48.63416],[14.44938,48.6349],[14.44903,48.63517],[14.44798,48.63563],[14.44764,48.63591],[14.4471,48.6362],[14.4457,48.63766],[14.44538,48.63811],[14.44524,48.63859],[14.44488,48.63924],[14.44432,48.63976],[14.44427,48.63988],[14.44424,48.64036],[14.44399,48.64154],[14.44391,48.64212],[14.44397,48.64266],[14.44394,48.64292],[14.44386,48.64324],[14.44376,48.64343],[14.4439,48.64343],[14.44464,48.64339],[14.44521,48.64343],[14.4456,48.64336],[14.44594,48.64338],[14.44632,48.64351],[14.44673,48.6436],[14.447,48.64361],[14.44778,48.64372],[14.44881,48.64378],[14.44988,48.64374],[14.45083,48.64375],[14.45255,48.64384],[14.45332,48.6439],[14.45326,48.64472],[14.45344,48.64472],[14.45433,48.6445],[14.45828,48.64346],[14.45914,48.64333],[14.45925,48.64421],[14.46102,48.64428],[14.46187,48.64445],[14.46306,48.64476],[14.46343,48.6449],[14.46388,48.64513],[14.46441,48.64549],[14.46468,48.6456],[14.46509,48.64573],[14.46587,48.64591],[14.46663,48.64615],[14.46728,48.64606],[14.46767,48.64591],[14.468,48.64601],[14.46818,48.64603],[14.46818,48.64608],[14.46857,48.64621],[14.46877,48.64647],[14.46884,48.64664],[14.46896,48.64675],[14.46899,48.64684],[14.4689,48.64706],[14.46863,48.64738],[14.46872,48.64757],[14.46893,48.64771],[14.46915,48.64807],[14.46956,48.64824],[14.46963,48.64832],[14.46962,48.6484],[14.46967,48.64845],[14.46975,48.64844],[14.46987,48.64849],[14.47011,48.64846],[14.47019,48.64839],[14.47008,48.6482],[14.47009,48.64798],[14.47022,48.64771],[14.47038,48.64759],[14.47067,48.64724],[14.47075,48.64701],[14.47125,48.64682],[14.47136,48.64684],[14.4715,48.64674],[14.47137,48.6466],[14.47072,48.64661],[14.47068,48.64652],[14.47081,48.64634],[14.47089,48.64606],[14.47102,48.64598],[14.47103,48.64585],[14.47118,48.64557],[14.4715,48.64537],[14.4716,48.64525],[14.47163,48.64515],[14.47171,48.64511],[14.47197,48.64513],[14.47212,48.64506],[14.47213,48.64488],[14.47228,48.64474],[14.47217,48.64445],[14.4722,48.6444],[14.47241,48.64442],[14.4725,48.64438],[14.47257,48.64424],[14.4725,48.64413],[14.47254,48.64402],[14.4726,48.64397],[14.47287,48.64387],[14.47315,48.64368],[14.47328,48.64364],[14.47335,48.64363],[14.4734,48.64366],[14.47345,48.64381],[14.47354,48.64389],[14.47397,48.64386],[14.47411,48.64364],[14.47437,48.6436],[14.47448,48.64363],[14.4745,48.64368],[14.47451,48.64378],[14.4744,48.64384],[14.47443,48.64388],[14.47468,48.64395],[14.47478,48.64391],[14.47488,48.64381],[14.47503,48.64377],[14.47505,48.64363],[14.47519,48.64347],[14.47537,48.64346],[14.47553,48.6434],[14.47581,48.64319],[14.47591,48.64326],[14.47582,48.64342],[14.47588,48.64347],[14.47593,48.64347],[14.47618,48.6432],[14.47613,48.64313],[14.47617,48.64302],[14.47634,48.64301],[14.47637,48.64292],[14.47635,48.64278],[14.47658,48.64284],[14.47674,48.64293],[14.47682,48.64292],[14.47708,48.64279],[14.47725,48.64283],[14.47736,48.64281],[14.47744,48.64268],[14.47764,48.6426],[14.47759,48.64241],[14.47769,48.64224],[14.47778,48.64216],[14.47773,48.64197],[14.4776,48.64191],[14.47772,48.6418],[14.47767,48.64177],[14.47744,48.64179],[14.47735,48.64177],[14.47732,48.64183],[14.47739,48.64189],[14.47738,48.64193],[14.47726,48.64187],[14.47713,48.64187],[14.47713,48.64178],[14.47707,48.64176],[14.4769,48.64177],[14.47686,48.64186],[14.4767,48.64188],[14.47664,48.64182],[14.47635,48.64182],[14.47622,48.64186],[14.47616,48.64181],[14.47585,48.64176],[14.47579,48.64168],[14.47569,48.64164],[14.47548,48.64161],[14.47557,48.64143],[14.47555,48.64125],[14.47565,48.64113],[14.47564,48.64102],[14.4755,48.64086],[14.47542,48.64067],[14.47551,48.64051],[14.47559,48.64045],[14.47588,48.64044],[14.47609,48.64026],[14.47621,48.64007],[14.47627,48.63988],[14.47638,48.63985],[14.47663,48.63984],[14.47666,48.63977],[14.47652,48.63953],[14.47658,48.63948],[14.47694,48.63939],[14.47716,48.63928],[14.47733,48.63933],[14.47742,48.63931],[14.47746,48.63917],[14.47769,48.63898],[14.47789,48.63887],[14.47821,48.63885],[14.47827,48.63875],[14.47844,48.63867],[14.47873,48.63861],[14.47895,48.63869],[14.47919,48.63872],[14.47931,48.63864],[14.47965,48.63854],[14.47977,48.63823],[14.48008,48.63801],[14.48025,48.63776],[14.48038,48.63747],[14.48039,48.63736],[14.48034,48.63725],[14.4804,48.63704],[14.48046,48.63701],[14.48059,48.63701],[14.48079,48.63692],[14.48099,48.63698],[14.48124,48.63697],[14.48129,48.63693],[14.48117,48.63677],[14.48101,48.63674],[14.48098,48.63668],[14.48126,48.63663],[14.48143,48.63655],[14.48164,48.63665],[14.48172,48.63645],[14.48195,48.63644],[14.48211,48.63641],[14.48214,48.63638],[14.48204,48.6363],[14.48203,48.63622],[14.48209,48.63621],[14.48222,48.63627],[14.48264,48.63635],[14.48298,48.63637],[14.48301,48.63633],[14.48295,48.63624],[14.48303,48.63609],[14.48294,48.63594],[14.48285,48.6359],[14.48272,48.63592],[14.48266,48.63586],[14.48285,48.63572],[14.48287,48.63566],[14.48297,48.63565],[14.48333,48.63568],[14.48332,48.63558],[14.48348,48.63548],[14.48353,48.63539],[14.48348,48.63524],[14.48358,48.63516],[14.48373,48.63516],[14.48394,48.63529],[14.48393,48.63534],[14.4838,48.63543],[14.48375,48.63558],[14.48377,48.63562],[14.48386,48.63564],[14.4839,48.63564],[14.48388,48.63555],[14.48401,48.63539],[14.48411,48.63543],[14.48422,48.63556],[14.48434,48.63559],[14.48438,48.63557],[14.4843,48.63537],[14.48443,48.63519],[14.48447,48.63519],[14.48451,48.63532],[14.48459,48.63535],[14.48472,48.63534],[14.48486,48.63512],[14.485,48.63509],[14.48528,48.63509],[14.48531,48.63505],[14.48522,48.63488],[14.48537,48.63471],[14.48535,48.63466],[14.48514,48.63444],[14.48512,48.6343],[14.48519,48.63425],[14.48537,48.63418],[14.48565,48.63419],[14.48566,48.63424],[14.48559,48.63435],[14.48563,48.6345],[14.48573,48.63446],[14.48575,48.63435],[14.48582,48.63432],[14.48594,48.63436],[14.48617,48.63435],[14.4864,48.63446],[14.48644,48.63443],[14.48639,48.63429],[14.48674,48.63405],[14.48693,48.63411],[14.48739,48.63414],[14.4874,48.6341],[14.48731,48.63403],[14.48717,48.63377],[14.48723,48.63371],[14.4876,48.6337],[14.48765,48.63388],[14.48776,48.63389],[14.48828,48.63403],[14.48835,48.63396],[14.48822,48.63391],[14.48822,48.63369],[14.48831,48.63348],[14.4888,48.63333],[14.4889,48.63325],[14.48922,48.63328],[14.48957,48.63323],[14.48987,48.6331],[14.49005,48.63317],[14.49049,48.63311],[14.49061,48.63304],[14.49091,48.63305],[14.49103,48.63296],[14.49113,48.633],[14.49119,48.63307],[14.49138,48.6331],[14.49168,48.63324],[14.49184,48.63328],[14.49212,48.63328],[14.49248,48.63332],[14.49267,48.63305],[14.493,48.63292],[14.49303,48.63282],[14.49288,48.63269],[14.49297,48.63261],[14.49324,48.63248],[14.49325,48.63237],[14.49334,48.63229],[14.49408,48.63188],[14.49411,48.63176],[14.49401,48.63166],[14.49418,48.6315],[14.49412,48.63133],[14.49419,48.63127],[14.49446,48.63117],[14.49466,48.63102],[14.49451,48.63092],[14.49437,48.63095],[14.4941,48.63109],[14.49403,48.63106],[14.49402,48.631],[14.49408,48.63085],[14.49396,48.63083],[14.49382,48.63092],[14.49374,48.63091],[14.49356,48.63077],[14.49367,48.63066],[14.49402,48.63066],[14.49405,48.63064],[14.49418,48.63046],[14.49433,48.63013],[14.49436,48.62981],[14.49431,48.62976],[14.49445,48.62957],[14.49445,48.6294],[14.49462,48.62922],[14.49463,48.62916],[14.49434,48.62891],[14.49436,48.62866],[14.49449,48.62862],[14.49469,48.62874],[14.49481,48.62874],[14.49503,48.62862],[14.49538,48.62854],[14.49562,48.62835],[14.49572,48.62801],[14.4959,48.62781],[14.49596,48.62711],[14.49583,48.6262],[14.49578,48.62602],[14.49545,48.62515],[14.49491,48.62419],[14.49476,48.62367],[14.49476,48.62332],[14.49484,48.62297],[14.49499,48.62265],[14.49521,48.62233],[14.49568,48.62191],[14.49627,48.62156],[14.49894,48.6206],[14.49959,48.62029],[14.50019,48.61995],[14.50074,48.61956],[14.50122,48.61914],[14.50164,48.61869],[14.50207,48.61813],[14.50234,48.61786],[14.50288,48.61753],[14.50329,48.61737],[14.50399,48.61722],[14.50447,48.6172],[14.5052,48.61724],[14.50624,48.6174],[14.50725,48.61764],[14.50775,48.6178],[14.50843,48.61807],[14.51047,48.61901],[14.51152,48.61936],[14.51229,48.61954],[14.51309,48.61967],[14.5139,48.61975],[14.51534,48.61978],[14.51563,48.61985],[14.51589,48.61981],[14.51624,48.61979],[14.51727,48.61958],[14.51844,48.61918],[14.51932,48.61907],[14.52009,48.6189],[14.52047,48.61876],[14.5208,48.61861],[14.52096,48.61848],[14.52095,48.61834],[14.521,48.61832],[14.52115,48.61827],[14.52132,48.61829],[14.52137,48.61825],[14.52132,48.61811],[14.52136,48.61808],[14.52174,48.61795],[14.52193,48.61796],[14.52205,48.61792],[14.52207,48.61786],[14.52182,48.61779],[14.52171,48.61772],[14.52177,48.61762],[14.52192,48.61754],[14.52187,48.61748],[14.52193,48.61739],[14.5221,48.61728],[14.52201,48.61704],[14.52205,48.61701],[14.52225,48.61699],[14.52239,48.61703],[14.52256,48.61716],[14.52295,48.61704],[14.52306,48.61705],[14.52316,48.61702],[14.52319,48.61691],[14.52305,48.61672],[14.52291,48.61668],[14.52273,48.61655],[14.52262,48.61651],[14.52249,48.6164],[14.52252,48.61636],[14.52267,48.61633],[14.52321,48.61612],[14.52333,48.61613],[14.52349,48.61622],[14.52363,48.61618],[14.5238,48.61598],[14.52386,48.61598],[14.52412,48.61613],[14.52422,48.6161],[14.52443,48.61596],[14.52438,48.61588],[14.5241,48.61581],[14.52412,48.61568],[14.52437,48.61561],[14.52454,48.61546],[14.52465,48.61545],[14.52478,48.61549],[14.52495,48.61543],[14.52536,48.61554],[14.52553,48.61554],[14.52575,48.6153],[14.52596,48.61519],[14.52601,48.61522],[14.52607,48.61538],[14.52603,48.6155],[14.52609,48.61553],[14.52636,48.61551],[14.52645,48.61544],[14.52642,48.61534],[14.52626,48.61529],[14.52618,48.61515],[14.52642,48.61474],[14.52675,48.61478],[14.5271,48.61491],[14.52722,48.6149],[14.52754,48.61465],[14.52769,48.61463],[14.52784,48.61465],[14.52819,48.61458],[14.52902,48.61471],[14.52957,48.61453],[14.53028,48.61434],[14.53037,48.61436],[14.5304,48.61451],[14.53052,48.61462],[14.53096,48.61475],[14.53105,48.61468],[14.53096,48.61453],[14.53104,48.61449],[14.5313,48.61447],[14.53161,48.61439],[14.53183,48.61446],[14.53193,48.61461],[14.53209,48.61472],[14.5322,48.61473],[14.53245,48.61469],[14.53267,48.61483],[14.53434,48.61482],[14.53549,48.61493],[14.53563,48.61493],[14.53615,48.61483],[14.53665,48.61469],[14.53689,48.61469],[14.53728,48.61457],[14.53758,48.61452],[14.53874,48.6144],[14.53913,48.61445],[14.53949,48.61444],[14.53979,48.61448],[14.54011,48.61461],[14.54039,48.61478],[14.54063,48.61482],[14.54081,48.61483],[14.54115,48.61472],[14.54135,48.61472],[14.54203,48.61453],[14.54305,48.61449],[14.54336,48.61444],[14.54396,48.6145],[14.54419,48.61466],[14.54435,48.61463],[14.54476,48.61418],[14.54499,48.614],[14.54519,48.61387],[14.54533,48.61372],[14.54562,48.61369],[14.54599,48.6138],[14.54645,48.61404],[14.54651,48.61414],[14.54651,48.61424],[14.54631,48.61448],[14.54632,48.61454],[14.54639,48.61458],[14.54656,48.6146],[14.54724,48.61434],[14.54741,48.6142],[14.54747,48.61407],[14.5475,48.61395],[14.54744,48.61379],[14.54756,48.61363],[14.54786,48.61352],[14.54833,48.61307],[14.54867,48.61298],[14.54881,48.6129],[14.54903,48.61269],[14.54927,48.61251],[14.54959,48.61209],[14.54972,48.61198],[14.55007,48.61181],[14.55027,48.61177],[14.55054,48.61163],[14.55078,48.61143],[14.55092,48.61136],[14.55113,48.61133],[14.55128,48.61123],[14.55132,48.61114],[14.55131,48.61084],[14.5515,48.61036],[14.55148,48.61027],[14.55128,48.61002],[14.5514,48.60989],[14.55156,48.6095],[14.55163,48.60948],[14.55164,48.60935],[14.55204,48.60875],[14.55185,48.60849],[14.55171,48.60844],[14.55166,48.60847],[14.55153,48.60846],[14.55145,48.60836],[14.5514,48.60817],[14.5515,48.60771],[14.55162,48.60755],[14.55184,48.60734],[14.55227,48.60707],[14.55268,48.60663],[14.55301,48.60637],[14.55354,48.60583],[14.55401,48.60567],[14.55454,48.6058],[14.55468,48.60578],[14.55487,48.60576],[14.55573,48.60582],[14.556,48.60596],[14.55632,48.606],[14.55683,48.606],[14.55705,48.60596],[14.55746,48.60578],[14.55788,48.60549],[14.55826,48.60509],[14.55848,48.60481],[14.55853,48.60466],[14.55903,48.60424],[14.55911,48.60424],[14.55969,48.60397],[14.56045,48.60375],[14.56059,48.60373],[14.56095,48.60378],[14.56106,48.60377],[14.5613,48.60368],[14.56149,48.60355],[14.56184,48.60339],[14.56209,48.60334],[14.56233,48.60347],[14.56244,48.60388],[14.56258,48.60402],[14.56303,48.6043],[14.56334,48.60459],[14.56361,48.60491],[14.56375,48.60519],[14.56372,48.60552],[14.56385,48.60565],[14.56386,48.60574],[14.56374,48.60586],[14.5637,48.60597],[14.56369,48.60641],[14.56395,48.60695],[14.56391,48.60718],[14.56364,48.60764],[14.56361,48.6079],[14.56372,48.60818],[14.56402,48.60841],[14.56434,48.6085],[14.56449,48.6085],[14.56469,48.60848],[14.56516,48.60836],[14.56533,48.60835],[14.56546,48.60838],[14.56599,48.60835],[14.56725,48.60856],[14.56774,48.60876],[14.56798,48.60904],[14.56812,48.60952],[14.56845,48.61],[14.5685,48.61001],[14.56855,48.61015],[14.56851,48.61027],[14.56839,48.61034],[14.56841,48.61049],[14.56854,48.61069],[14.56867,48.6107],[14.56905,48.61044],[14.5691,48.61035],[14.56923,48.61032],[14.56939,48.61024],[14.56969,48.61022],[14.57037,48.61036],[14.57099,48.61053],[14.57116,48.61067],[14.57128,48.61083],[14.5713,48.61093],[14.57137,48.61099],[14.57161,48.61105],[14.57182,48.6112],[14.57184,48.61146],[14.57192,48.61157],[14.57227,48.61168],[14.57248,48.61172],[14.57371,48.61174],[14.57408,48.61158],[14.57454,48.61152],[14.57512,48.61136],[14.57551,48.61111],[14.57564,48.61113],[14.57575,48.61138],[14.57601,48.61162],[14.5757,48.61185],[14.57541,48.61195],[14.57531,48.61206],[14.57522,48.61216],[14.57518,48.6122],[14.57585,48.613],[14.57613,48.61301],[14.57655,48.61325],[14.57686,48.61326],[14.57719,48.61339],[14.57733,48.61351],[14.57736,48.6136],[14.57768,48.61384],[14.57787,48.61417],[14.57782,48.61427],[14.57786,48.61441],[14.57784,48.61462],[14.57788,48.6147],[14.57814,48.61483],[14.57819,48.61495],[14.57833,48.615],[14.57898,48.61503],[14.57967,48.61497],[14.57985,48.61501],[14.57992,48.61509],[14.57993,48.61517],[14.57967,48.6158],[14.57956,48.61593],[14.57962,48.61602],[14.58002,48.61638],[14.58043,48.61665],[14.5809,48.61689],[14.58104,48.61691],[14.58115,48.61687],[14.58136,48.61672],[14.58177,48.61664],[14.58192,48.61669],[14.58209,48.6169],[14.58218,48.61689],[14.58255,48.61662],[14.58276,48.6163],[14.58285,48.61622],[14.58296,48.61619],[14.58332,48.61634],[14.58362,48.61651],[14.58377,48.61667],[14.58395,48.61695],[14.58395,48.61709],[14.58405,48.61725],[14.58445,48.61761],[14.58474,48.61771],[14.58528,48.61783],[14.58638,48.61802],[14.58709,48.61789],[14.58755,48.6177],[14.58811,48.6176],[14.58848,48.61758],[14.58868,48.61768],[14.58884,48.6177],[14.58943,48.61765],[14.5897,48.61769],[14.5898,48.61764],[14.58984,48.61741],[14.58999,48.61727],[14.59009,48.61729],[14.59033,48.61768],[14.59043,48.61775],[14.5906,48.61819],[14.59077,48.61831],[14.59125,48.61853],[14.59134,48.61862],[14.59161,48.61872],[14.59186,48.61889],[14.59273,48.61934],[14.5928,48.61951],[14.5928,48.61975],[14.59285,48.61984],[14.59304,48.62],[14.59342,48.62017],[14.59363,48.62011],[14.59416,48.62009],[14.59519,48.62024],[14.59544,48.62044],[14.5957,48.62055],[14.59584,48.62064],[14.59583,48.62075],[14.59593,48.6209],[14.59594,48.62101],[14.59575,48.62126],[14.59556,48.62127],[14.59546,48.62132],[14.59542,48.62145],[14.59531,48.62147],[14.59528,48.62157],[14.59532,48.62182],[14.59551,48.62187],[14.5957,48.62205],[14.59583,48.62209],[14.59604,48.62208],[14.5962,48.6221],[14.59627,48.62217],[14.59621,48.62229],[14.59629,48.62237],[14.59647,48.62243],[14.59678,48.62269],[14.59677,48.62295],[14.59687,48.62319],[14.59708,48.62342],[14.59732,48.62351],[14.59775,48.62376],[14.59791,48.62398],[14.59814,48.62407],[14.59822,48.62412],[14.59824,48.62422],[14.59832,48.62425],[14.59838,48.62424],[14.59838,48.62414],[14.59849,48.62407],[14.59879,48.62407],[14.59892,48.6242],[14.5993,48.62433],[14.59929,48.62438],[14.59901,48.62449],[14.59876,48.62447],[14.59873,48.62449],[14.59869,48.62454],[14.59881,48.62462],[14.59884,48.62493],[14.59885,48.62496],[14.59906,48.62509],[14.59902,48.6253],[14.59909,48.62537],[14.59931,48.62536],[14.59955,48.62525],[14.59984,48.62522],[14.60013,48.62524],[14.60022,48.62533],[14.60108,48.62551],[14.60114,48.62548],[14.60118,48.62539],[14.60127,48.62532],[14.60146,48.62527],[14.60158,48.62527],[14.602,48.62536],[14.60216,48.62551],[14.60234,48.62555],[14.60247,48.62571],[14.60245,48.62579],[14.60224,48.62596],[14.60233,48.62605],[14.60231,48.62622],[14.60247,48.62664],[14.60247,48.62675],[14.60259,48.62688],[14.60266,48.62675],[14.60282,48.6267],[14.60293,48.62675],[14.60306,48.62693],[14.60299,48.62706],[14.60263,48.62704],[14.6026,48.62707],[14.60292,48.62736],[14.60281,48.62748],[14.60305,48.6275],[14.60317,48.62754],[14.60349,48.62775],[14.6035,48.62785],[14.60342,48.62797],[14.60328,48.62801],[14.60315,48.62801],[14.60313,48.62805],[14.60315,48.6281],[14.60331,48.62813],[14.60351,48.62809],[14.60401,48.62804],[14.60413,48.62796],[14.60431,48.62799],[14.60438,48.62808],[14.60486,48.62822],[14.60495,48.62819],[14.60501,48.62812],[14.60517,48.62812],[14.6055,48.62825],[14.60572,48.62842],[14.60613,48.62845],[14.60635,48.62859],[14.60643,48.62856],[14.60648,48.62839],[14.60658,48.62836],[14.60667,48.62836],[14.60675,48.62846],[14.6071,48.62858],[14.60715,48.62856],[14.60706,48.62824],[14.60714,48.62814],[14.6073,48.6281],[14.60737,48.62815],[14.60731,48.62828],[14.60733,48.62833],[14.60743,48.62836],[14.60757,48.6281],[14.60765,48.62803],[14.60778,48.62804],[14.60831,48.62816],[14.60842,48.62809],[14.60852,48.62789],[14.60875,48.62792],[14.60895,48.62812],[14.60919,48.62804],[14.60897,48.62793],[14.6092,48.6278],[14.60929,48.62789],[14.60968,48.62772],[14.60972,48.62789],[14.60981,48.62801],[14.60997,48.62795],[14.60987,48.62789],[14.60994,48.62784],[14.6102,48.62802],[14.61036,48.62803],[14.61045,48.6281],[14.61056,48.62807],[14.61048,48.62791],[14.61039,48.62786],[14.61044,48.62778],[14.61079,48.62779],[14.61107,48.62786],[14.61116,48.62782],[14.61104,48.62769],[14.61116,48.62763],[14.6113,48.62775],[14.61146,48.6277],[14.6118,48.62752],[14.61184,48.62744],[14.61199,48.62737],[14.61205,48.62739],[14.61234,48.62727],[14.6124,48.62716],[14.61221,48.62712],[14.61246,48.62684],[14.61253,48.62679],[14.61263,48.6268],[14.61279,48.62671],[14.61277,48.62651],[14.61294,48.62651],[14.61317,48.62641],[14.61327,48.62642],[14.6133,48.62637],[14.61323,48.62624],[14.61328,48.62611],[14.61347,48.62623],[14.6136,48.62612],[14.614,48.62588],[14.61419,48.62583],[14.61409,48.6256],[14.6141,48.62553],[14.6143,48.62547],[14.61412,48.62514],[14.61441,48.62496],[14.61472,48.62498],[14.61477,48.62491],[14.61451,48.62474],[14.61446,48.62464],[14.61431,48.62457],[14.61433,48.62448],[14.61415,48.62446],[14.61409,48.62439],[14.61418,48.62433],[14.61456,48.62421],[14.61452,48.62406],[14.6148,48.62411],[14.61486,48.62406],[14.61483,48.62393],[14.61523,48.62393],[14.61559,48.62399],[14.61569,48.62393],[14.61567,48.62386],[14.61545,48.62379],[14.61554,48.62367],[14.61572,48.6236],[14.61553,48.62344],[14.61571,48.62343],[14.61567,48.62326],[14.61588,48.62325],[14.61588,48.62303],[14.61599,48.6229],[14.6162,48.6229],[14.6162,48.62266],[14.61632,48.62235],[14.61666,48.62235],[14.61714,48.62214],[14.61735,48.62223],[14.61741,48.62221],[14.61739,48.62214],[14.61743,48.6221],[14.61757,48.62205],[14.61765,48.62197],[14.61776,48.62192],[14.61779,48.62182],[14.61771,48.62173],[14.61771,48.62151],[14.61784,48.62148],[14.61785,48.62143],[14.61775,48.62134],[14.61794,48.62117],[14.61798,48.621],[14.61796,48.6209],[14.61803,48.62087],[14.61816,48.62087],[14.61823,48.62083],[14.61848,48.62047],[14.61821,48.62025],[14.61822,48.62022],[14.61842,48.62008],[14.61845,48.61997],[14.61862,48.61974],[14.61881,48.6197],[14.61882,48.61965],[14.61873,48.61957],[14.61873,48.61946],[14.61882,48.61943],[14.619,48.61946],[14.61926,48.61917],[14.61922,48.61913],[14.61894,48.6191],[14.61888,48.61905],[14.61906,48.61869],[14.61874,48.61845],[14.61885,48.61838],[14.61923,48.61826],[14.6193,48.61818],[14.61914,48.6181],[14.61913,48.61796],[14.61918,48.61789],[14.61944,48.61787],[14.61946,48.61769],[14.61959,48.61759],[14.61992,48.61762],[14.62023,48.61757],[14.62033,48.6175],[14.6203,48.61738],[14.62035,48.61725],[14.62054,48.61701],[14.62054,48.61691],[14.62035,48.61663],[14.62049,48.61652],[14.62048,48.61634],[14.62072,48.6163],[14.62078,48.61613],[14.62097,48.61608],[14.62118,48.61594],[14.62119,48.61589],[14.62095,48.61581],[14.62089,48.61571],[14.62095,48.61566],[14.62116,48.61562],[14.62135,48.61567],[14.62146,48.61567],[14.6216,48.61559],[14.62153,48.61549],[14.62155,48.61535],[14.62142,48.61529],[14.62125,48.61528],[14.6212,48.61499],[14.62157,48.61463],[14.62153,48.61449],[14.62185,48.61431],[14.62185,48.61428],[14.62174,48.61419],[14.6216,48.61415],[14.62152,48.61405],[14.62151,48.61395],[14.62161,48.61381],[14.62164,48.61363],[14.62191,48.61357],[14.62182,48.61341],[14.62201,48.61313],[14.62201,48.61304],[14.62192,48.61301],[14.62164,48.61302],[14.62129,48.61291],[14.62129,48.61277],[14.62159,48.61259],[14.62138,48.61232],[14.6214,48.61221],[14.62145,48.61211],[14.62155,48.61208],[14.62167,48.61208],[14.62179,48.61218],[14.6219,48.61193],[14.62207,48.61184],[14.62205,48.61164],[14.62228,48.61154],[14.62236,48.61163],[14.6225,48.61156],[14.6223,48.6114],[14.62227,48.61128],[14.62241,48.61126],[14.6226,48.61127],[14.62268,48.61136],[14.62281,48.61139],[14.62296,48.61132],[14.62287,48.61113],[14.62299,48.61098],[14.62297,48.61084],[14.62314,48.61047],[14.62322,48.61044],[14.62327,48.61037],[14.62321,48.61032],[14.62307,48.61029],[14.62291,48.61033],[14.6228,48.61028],[14.62281,48.61015],[14.62291,48.61006],[14.62266,48.60996],[14.62267,48.6099],[14.6229,48.60978],[14.62295,48.60972],[14.62278,48.60955],[14.62279,48.60938],[14.62292,48.6092],[14.62267,48.60894],[14.62274,48.60878],[14.62297,48.6087],[14.62314,48.60838],[14.62323,48.60831],[14.62367,48.60813],[14.62375,48.60802],[14.62367,48.60779],[14.62373,48.60772],[14.62387,48.60761],[14.62397,48.60757],[14.6242,48.60756],[14.62433,48.60753],[14.62439,48.60747],[14.62415,48.60707],[14.62417,48.60697],[14.62462,48.60683],[14.62466,48.60677],[14.62457,48.60667],[14.6245,48.60643],[14.62419,48.60621],[14.62417,48.60612],[14.62422,48.60588],[14.62425,48.60582],[14.62461,48.60569],[14.62501,48.60571],[14.62516,48.60553],[14.62522,48.60535],[14.6255,48.6052],[14.62583,48.60517],[14.62601,48.60504],[14.62615,48.60482],[14.62617,48.60466],[14.62626,48.60457],[14.62639,48.6045],[14.6266,48.60449],[14.62673,48.60436],[14.62685,48.60434],[14.62687,48.60429],[14.62699,48.60423],[14.62724,48.6042],[14.62727,48.60412],[14.62733,48.60411],[14.62734,48.60405],[14.62789,48.60385],[14.62808,48.60388],[14.62823,48.60401],[14.62838,48.60402],[14.62867,48.60396],[14.62871,48.60388],[14.62891,48.60384],[14.6291,48.60361],[14.62941,48.60343],[14.62956,48.6033],[14.62967,48.60333],[14.62984,48.60332],[14.62999,48.60329],[14.63011,48.60322],[14.63042,48.60325],[14.63071,48.60317],[14.63122,48.60343],[14.63147,48.60347],[14.63153,48.60368],[14.63182,48.60386],[14.63184,48.60393],[14.63175,48.60404],[14.63181,48.60411],[14.63179,48.60425],[14.63184,48.60436],[14.63205,48.60437],[14.63219,48.60453],[14.63206,48.60456],[14.63192,48.60466],[14.63223,48.60482],[14.63239,48.60485],[14.63257,48.60497],[14.6327,48.60496],[14.63301,48.60485],[14.63343,48.60488],[14.63378,48.60475],[14.63413,48.60476],[14.63423,48.60468],[14.63466,48.60465],[14.63472,48.60471],[14.63472,48.60479],[14.63495,48.60499],[14.63495,48.60507],[14.63509,48.60513],[14.63521,48.60511],[14.63519,48.60521],[14.63595,48.6056],[14.63623,48.60589],[14.63628,48.60597],[14.6362,48.60602],[14.63621,48.60608],[14.63655,48.60616],[14.63693,48.6061],[14.637,48.60617],[14.63722,48.60616],[14.63738,48.60621],[14.63757,48.60617],[14.63771,48.60627],[14.63808,48.60627],[14.63818,48.60625],[14.63836,48.60632],[14.63862,48.60636],[14.63864,48.60643],[14.63875,48.60647],[14.63884,48.60642],[14.63908,48.60643],[14.63921,48.6065],[14.63931,48.6066],[14.63948,48.60708],[14.63967,48.60718],[14.6398,48.60719],[14.63999,48.60738],[14.64008,48.60738],[14.64013,48.60755],[14.64002,48.60761],[14.6401,48.60776],[14.64029,48.60787],[14.64051,48.60796],[14.64073,48.60785],[14.64101,48.60805],[14.64114,48.60806],[14.64124,48.60818],[14.64139,48.60823],[14.64146,48.60834],[14.64158,48.6084],[14.64176,48.60826],[14.64204,48.60838],[14.64223,48.60863],[14.64279,48.60867],[14.64326,48.60884],[14.64337,48.60898],[14.64339,48.60912],[14.6433,48.60917],[14.6434,48.60928],[14.64358,48.60933],[14.64367,48.60941],[14.64394,48.60947],[14.6442,48.60948],[14.64448,48.60956],[14.64453,48.60961],[14.64486,48.60968],[14.64504,48.60969],[14.64531,48.60979],[14.64558,48.61002],[14.6457,48.61005],[14.64595,48.61001],[14.64597,48.60989],[14.64629,48.60989],[14.64645,48.60984],[14.64658,48.60976],[14.64697,48.60976],[14.64721,48.60966],[14.64722,48.60953],[14.64752,48.60949],[14.64811,48.60901],[14.64829,48.60877],[14.64822,48.60862],[14.64844,48.6086],[14.64845,48.60848],[14.64835,48.6084],[14.6485,48.60823],[14.64881,48.60817],[14.64887,48.60792],[14.64894,48.60784],[14.64891,48.60778],[14.64907,48.6077],[14.64912,48.60774],[14.64923,48.60769],[14.6492,48.60754],[14.6493,48.60749],[14.64929,48.60744],[14.64944,48.6074],[14.64952,48.60744],[14.64972,48.60727],[14.64964,48.60722],[14.64965,48.60709],[14.65,48.60698],[14.65022,48.60686],[14.65017,48.6068],[14.65031,48.60676],[14.65032,48.60664],[14.65039,48.60656],[14.65057,48.60654],[14.65073,48.60643],[14.65097,48.60622],[14.65121,48.60619],[14.65136,48.60608],[14.65135,48.60597],[14.6517,48.60574],[14.65159,48.6057],[14.65191,48.6056],[14.65201,48.60563],[14.65216,48.60546],[14.65231,48.60546],[14.65229,48.60536],[14.65247,48.60532],[14.65256,48.60505],[14.65281,48.60484],[14.65294,48.60485],[14.65314,48.60471],[14.65327,48.6045],[14.65384,48.6043],[14.65385,48.60408],[14.65581,48.60021],[14.65661,48.59947],[14.65767,48.5981],[14.65954,48.59258],[14.65984,48.59196],[14.66346,48.58196],[14.66417,48.58212],[14.66492,48.58218],[14.66643,48.58218],[14.66776,48.58187],[14.66868,48.58151],[14.66991,48.58139],[14.67112,48.58153],[14.67347,48.58209],[14.67542,48.58295],[14.67633,48.58309],[14.67707,48.58309],[14.67826,48.58292],[14.67984,48.58288],[14.68235,48.58267],[14.68286,48.58272],[14.68333,48.58288],[14.68463,48.58386],[14.68583,48.58425],[14.68651,48.58436],[14.68721,48.58488],[14.68773,48.5851],[14.68933,48.58516],[14.69041,48.58504],[14.69126,48.58518],[14.6913,48.58501],[14.69101,48.5843],[14.6912,48.5842],[14.69136,48.58409],[14.69153,48.58407],[14.69168,48.58411],[14.6918,48.58418],[14.69245,48.58497],[14.69258,48.58509],[14.69268,48.58516],[14.69282,48.58523],[14.69308,48.58531],[14.69357,48.58539],[14.69388,48.58539],[14.6942,48.58535],[14.69501,48.58502],[14.69602,48.58481],[14.69631,48.58478],[14.69652,48.5847],[14.69716,48.58432],[14.69788,48.58391],[14.69809,48.58383],[14.6985,48.5837],[14.69906,48.58348],[14.6997,48.5832],[14.7001,48.58287],[14.70052,48.58273],[14.70109,48.58261],[14.70126,48.58261],[14.70153,48.58269],[14.70155,48.58271],[14.70156,48.58295],[14.70155,48.58309],[14.70161,48.58364],[14.70166,48.58371],[14.70176,48.58377],[14.70189,48.58381],[14.70256,48.58396],[14.70276,48.58397],[14.70312,48.58394],[14.70326,48.58398],[14.70337,48.58404],[14.70369,48.58427],[14.70387,48.58436],[14.70469,48.58466],[14.70517,48.58477],[14.7058,48.58487],[14.70606,48.58497],[14.7062,48.58511],[14.70635,48.58545],[14.70677,48.58629],[14.70694,48.58641],[14.70712,48.5865],[14.70722,48.58667],[14.70731,48.58677],[14.70772,48.58705],[14.70775,48.58712],[14.70773,48.58735],[14.70764,48.58767],[14.70769,48.58805],[14.70768,48.58811],[14.70751,48.58846],[14.70747,48.58859],[14.70735,48.58877],[14.70709,48.58897],[14.7065,48.58937],[14.70635,48.58957],[14.70626,48.5898],[14.70612,48.59045],[14.70603,48.59073],[14.706,48.5909],[14.70603,48.59103],[14.70616,48.59132],[14.70628,48.59146],[14.70654,48.59169],[14.707,48.59199],[14.7077,48.59258],[14.7078,48.59271],[14.70791,48.59293],[14.70797,48.59331],[14.70805,48.59351],[14.70811,48.59359],[14.70818,48.59364],[14.70841,48.59372],[14.70866,48.59378],[14.70883,48.59379],[14.70924,48.59374],[14.70973,48.59376],[14.71025,48.59393],[14.71046,48.59405],[14.71053,48.59407],[14.71082,48.5941],[14.71131,48.59405],[14.7115,48.59407],[14.7116,48.59413],[14.71167,48.5942],[14.71179,48.59439],[14.71179,48.5945],[14.71176,48.59463],[14.71134,48.59541],[14.71122,48.59603],[14.71128,48.59643],[14.71131,48.59653],[14.71141,48.59664],[14.71176,48.59693],[14.71224,48.59707],[14.71278,48.59715],[14.71304,48.59722],[14.71318,48.59727],[14.71348,48.59749],[14.71359,48.59754],[14.71397,48.59764],[14.71412,48.59769],[14.71621,48.59911],[14.71677,48.59957],[14.7177,48.60022],[14.71811,48.60056],[14.71841,48.60076],[14.71922,48.60062],[14.72039,48.6013],[14.72114,48.60238],[14.71773,48.60961],[14.71409,48.61745],[14.71716,48.62551],[14.71762,48.62661],[14.71935,48.6313],[14.71957,48.63181],[14.72213,48.63822],[14.72212,48.63838],[14.72212,48.63844],[14.72215,48.63844],[14.72209,48.63851],[14.72198,48.63855],[14.72186,48.63856],[14.72172,48.63852],[14.72161,48.63851],[14.72149,48.63853],[14.72118,48.63865],[14.72105,48.63868],[14.72087,48.63869],[14.7207,48.63872],[14.72054,48.63878],[14.72037,48.6389],[14.72014,48.63888],[14.72002,48.6389],[14.72005,48.63895],[14.72005,48.63902],[14.71997,48.6391],[14.71998,48.63917],[14.72002,48.63919],[14.72001,48.63922],[14.71993,48.63921],[14.71975,48.63929],[14.71978,48.63951],[14.71981,48.63954],[14.71957,48.6397],[14.71957,48.63978],[14.71948,48.63985],[14.71948,48.64004],[14.71933,48.64003],[14.71928,48.64015],[14.7192,48.64019],[14.71921,48.64037],[14.71937,48.64052],[14.71944,48.64055],[14.71947,48.64062],[14.71928,48.64079],[14.71929,48.64088],[14.7191,48.6409],[14.71908,48.64092],[14.71918,48.64102],[14.71912,48.64107],[14.71928,48.64111],[14.71929,48.64112],[14.71913,48.64115],[14.71913,48.64117],[14.71925,48.64123],[14.71932,48.64123],[14.71935,48.64131],[14.71942,48.64136],[14.71958,48.64135],[14.71961,48.64142],[14.71982,48.64141],[14.71991,48.64145],[14.71986,48.64149],[14.71991,48.64155],[14.72005,48.64161],[14.72013,48.64171],[14.72012,48.64173],[14.72008,48.64173],[14.72006,48.64184],[14.72013,48.64192],[14.72009,48.64205],[14.71998,48.64203],[14.72003,48.64214],[14.7201,48.64219],[14.72003,48.64223],[14.72007,48.64228],[14.72004,48.64245],[14.72001,48.64249],[14.72002,48.64267],[14.71988,48.64269],[14.71982,48.64274],[14.7198,48.64279],[14.71959,48.64283],[14.71964,48.6429],[14.71962,48.64291],[14.71934,48.64292],[14.71921,48.64285],[14.71909,48.64286],[14.71906,48.64279],[14.71897,48.64294],[14.71879,48.64301],[14.71882,48.64322],[14.71871,48.64323],[14.7187,48.64317],[14.71861,48.64318],[14.71853,48.64325],[14.71858,48.64344],[14.71855,48.6435],[14.71837,48.64366],[14.71827,48.64387],[14.7183,48.64389],[14.71839,48.64387],[14.71864,48.64396],[14.71855,48.64406],[14.71856,48.64408],[14.71868,48.64409],[14.71874,48.64412],[14.71872,48.64419],[14.7186,48.64421],[14.71864,48.6443],[14.7188,48.64437],[14.71871,48.6446],[14.71861,48.6447],[14.71864,48.64487],[14.71859,48.64496],[14.71839,48.64496],[14.71825,48.64502],[14.71817,48.64501],[14.71813,48.64505],[14.71819,48.64522],[14.71817,48.64532],[14.71806,48.64549],[14.71804,48.64567],[14.71799,48.64574],[14.71812,48.64613],[14.71803,48.64632],[14.71799,48.64663],[14.71803,48.64669],[14.71797,48.64678],[14.71817,48.64706],[14.71814,48.64715],[14.71872,48.64736],[14.71871,48.64756],[14.71852,48.64767],[14.71842,48.64762],[14.7183,48.64767],[14.71827,48.64773],[14.71834,48.64777],[14.71818,48.64787],[14.71827,48.64805],[14.71836,48.64809],[14.71838,48.64817],[14.7185,48.64827],[14.71855,48.64846],[14.71881,48.64862],[14.71882,48.6487],[14.71873,48.64878],[14.71859,48.6488],[14.71849,48.64876],[14.71838,48.64881],[14.71844,48.6489],[14.7184,48.64895],[14.71853,48.64901],[14.71856,48.6491],[14.71853,48.64916],[14.71841,48.64918],[14.71829,48.64924],[14.71814,48.64926],[14.71803,48.64946],[14.71788,48.64958],[14.71781,48.64956],[14.71731,48.64959],[14.71718,48.64952],[14.71671,48.64948],[14.71646,48.64949],[14.71625,48.64956],[14.71613,48.64955],[14.71604,48.64964],[14.71562,48.64967],[14.71548,48.6497],[14.71518,48.64968],[14.71502,48.64961],[14.71496,48.64956],[14.71494,48.64939],[14.71485,48.64932],[14.71473,48.64932],[14.7145,48.64925],[14.71436,48.6493],[14.71424,48.64932],[14.71404,48.64928],[14.71398,48.64934],[14.71386,48.64937],[14.71367,48.64947],[14.71354,48.64944],[14.71348,48.64938],[14.71343,48.64945],[14.71325,48.6495],[14.71311,48.6495],[14.71298,48.64971],[14.7129,48.64974],[14.71281,48.64984],[14.71272,48.64991],[14.71245,48.64992],[14.7124,48.64996],[14.71241,48.65003],[14.71234,48.6501],[14.71236,48.65011],[14.71266,48.65101],[14.71464,48.65639],[14.71708,48.66296],[14.71765,48.66446],[14.71787,48.66512],[14.71825,48.66609],[14.71953,48.66855],[14.72036,48.6696],[14.72062,48.67025],[14.72094,48.67064],[14.72115,48.67111],[14.72155,48.67182],[14.72189,48.67245],[14.72246,48.67309],[14.7227,48.67373],[14.72297,48.67475],[14.72343,48.67565],[14.72345,48.6757],[14.72346,48.67572],[14.72363,48.67577],[14.72373,48.67573],[14.72382,48.67572],[14.72384,48.67575],[14.7239,48.67575],[14.72396,48.67576],[14.72399,48.6758],[14.72411,48.67578],[14.72417,48.67583],[14.72427,48.67583],[14.72429,48.67586],[14.72427,48.67588],[14.7243,48.6759],[14.72441,48.67592],[14.7245,48.67599],[14.72446,48.67606],[14.72451,48.67614],[14.7246,48.67614],[14.72458,48.67616],[14.72481,48.67623],[14.72481,48.6763],[14.72499,48.67626],[14.72517,48.67638],[14.72518,48.67644],[14.72529,48.6765],[14.72523,48.67661],[14.72523,48.67667],[14.72526,48.67675],[14.72532,48.67682],[14.72531,48.67687],[14.72547,48.67698],[14.72546,48.67706],[14.72558,48.6771],[14.72556,48.67717],[14.72567,48.6773],[14.7258,48.67736],[14.72583,48.67762],[14.72588,48.67779],[14.72609,48.67794],[14.72623,48.67797],[14.7264,48.67808],[14.72641,48.67813],[14.72648,48.67821],[14.72648,48.67826],[14.72657,48.6783],[14.72655,48.67835],[14.72677,48.67846],[14.72688,48.67863],[14.72696,48.67865],[14.72702,48.67872],[14.72701,48.67885],[14.7271,48.67901],[14.72714,48.6792],[14.7271,48.67925],[14.72712,48.67933],[14.72695,48.67952],[14.72678,48.67954],[14.72663,48.67974],[14.72664,48.67982],[14.72657,48.6799],[14.7265,48.67993],[14.72646,48.67999],[14.72646,48.68003],[14.7265,48.68007],[14.72642,48.68014],[14.72639,48.68021],[14.72638,48.68028],[14.72659,48.68055],[14.72653,48.68067],[14.72653,48.68073],[14.72659,48.68079],[14.72659,48.68088],[14.72663,48.68092],[14.72653,48.68104],[14.72653,48.6811],[14.72645,48.68124],[14.72642,48.68142],[14.72631,48.68152],[14.72633,48.68156],[14.72586,48.68296],[14.72599,48.68361],[14.72597,48.68422],[14.72605,48.68523],[14.72653,48.68604],[14.72697,48.68707],[14.72768,48.68811],[14.72786,48.68841],[14.72869,48.68902],[14.7293,48.68934],[14.73014,48.6901],[14.73104,48.69075],[14.7314,48.69148],[14.73161,48.69207],[14.73167,48.69239],[14.73276,48.69388],[14.73343,48.69421],[14.73354,48.69485],[14.73366,48.69585],[14.73403,48.69645],[14.73538,48.69779],[14.73554,48.69822],[14.73657,48.69893],[14.73826,48.69968],[14.73964,48.7004],[14.74079,48.70132],[14.74183,48.70162],[14.74343,48.70192],[14.74466,48.70225],[14.74563,48.70261],[14.74796,48.70314],[14.74826,48.70322],[14.74884,48.70329],[14.74952,48.70318],[14.75066,48.70275],[14.7517,48.70308],[14.75254,48.70316],[14.754,48.70302],[14.75507,48.70322],[14.7553,48.70319],[14.75545,48.70326],[14.75553,48.7034],[14.75558,48.70344],[14.75562,48.70343],[14.75566,48.70347],[14.75573,48.70362],[14.7557,48.70368],[14.75562,48.70375],[14.75563,48.70377],[14.75567,48.70379],[14.75582,48.70382],[14.75586,48.70386],[14.75599,48.70387],[14.75611,48.70392],[14.75618,48.70412],[14.7561,48.70423],[14.75625,48.70438],[14.75606,48.70447],[14.75604,48.70449],[14.7561,48.70455],[14.75619,48.70456],[14.75621,48.7046],[14.75628,48.70463],[14.7563,48.70466],[14.75623,48.70477],[14.75634,48.70485],[14.75632,48.70494],[14.7564,48.70503],[14.75634,48.70511],[14.75646,48.70517],[14.75654,48.70518],[14.75657,48.70521],[14.75656,48.70537],[14.75661,48.7054],[14.75662,48.70547],[14.75656,48.70551],[14.75659,48.70558],[14.75656,48.70563],[14.75652,48.70563],[14.75639,48.70572],[14.75633,48.70581],[14.75641,48.70585],[14.75651,48.70593],[14.75659,48.70595],[14.75664,48.70614],[14.75669,48.7062],[14.75677,48.70622],[14.75672,48.70632],[14.75657,48.70638],[14.75652,48.70644],[14.75653,48.70645],[14.7566,48.70646],[14.75664,48.70651],[14.7567,48.70653],[14.75678,48.70661],[14.75666,48.70668],[14.75671,48.70674],[14.75669,48.70679],[14.75661,48.70683],[14.75651,48.70701],[14.75656,48.70706],[14.75649,48.70715],[14.75651,48.70718],[14.7566,48.70724],[14.75662,48.70727],[14.75658,48.7073],[14.75661,48.70735],[14.75655,48.7074],[14.75653,48.70745],[14.75661,48.70748],[14.7565,48.70776],[14.75657,48.70781],[14.75657,48.70789],[14.75661,48.70791],[14.75667,48.70799],[14.75665,48.70802],[14.75676,48.70808],[14.75681,48.70819],[14.75692,48.7083],[14.75689,48.70834],[14.75689,48.70841],[14.75684,48.70846],[14.7569,48.70859],[14.75695,48.70862],[14.7569,48.70865],[14.75689,48.70873],[14.75695,48.70877],[14.75697,48.70889],[14.75701,48.70894],[14.75684,48.7091],[14.75689,48.70914],[14.75693,48.70926],[14.75699,48.70927],[14.75705,48.70933],[14.75719,48.70931],[14.75723,48.70936],[14.75726,48.70937],[14.7581,48.70948],[14.75845,48.70957],[14.75932,48.70972],[14.75995,48.70978],[14.76078,48.70994],[14.76138,48.71021],[14.76227,48.71029],[14.76279,48.71027],[14.76345,48.71017],[14.76389,48.71017],[14.76428,48.71028],[14.76475,48.71026],[14.76609,48.71032],[14.76935,48.71086],[14.77041,48.71095],[14.77123,48.71104],[14.77254,48.71112],[14.77354,48.71151],[14.77404,48.71164],[14.77482,48.71212],[14.77502,48.71251],[14.77541,48.71306],[14.776,48.71336],[14.77678,48.71368],[14.77826,48.71406],[14.77865,48.7142],[14.78041,48.71492],[14.78083,48.71524],[14.78115,48.7156],[14.78197,48.71617],[14.78218,48.71629],[14.78275,48.7165],[14.7833,48.71673],[14.78383,48.71699],[14.78426,48.71729],[14.7848,48.71776],[14.78531,48.71813],[14.78556,48.71834],[14.78593,48.71881],[14.78607,48.7191],[14.7863,48.71945],[14.78645,48.72004],[14.78663,48.72017],[14.78735,48.72083],[14.78687,48.72144],[14.78682,48.72147],[14.7869,48.72173],[14.78702,48.72224],[14.78769,48.72228],[14.78894,48.72282],[14.79001,48.72337],[14.79042,48.7235],[14.79069,48.72366],[14.79088,48.72394],[14.79114,48.72456],[14.79136,48.72482],[14.79153,48.72495],[14.79181,48.72508],[14.79213,48.7254],[14.79238,48.72556],[14.79249,48.72574],[14.79308,48.72622],[14.79282,48.72655],[14.79317,48.72785],[14.79309,48.72823],[14.79326,48.72865],[14.79343,48.72899],[14.7936,48.72921],[14.79424,48.72964],[14.79437,48.72982],[14.79469,48.72999],[14.79608,48.73008],[14.79673,48.73024],[14.79719,48.73031],[14.7981,48.73087],[14.7986,48.7313],[14.79873,48.73143],[14.79916,48.7318],[14.80001,48.73257],[14.80033,48.7327],[14.80111,48.73296],[14.80137,48.73237],[14.80172,48.73169],[14.80244,48.73203],[14.80333,48.73238],[14.80392,48.73251],[14.80449,48.73258],[14.80566,48.73314],[14.80582,48.73327],[14.80586,48.73336],[14.80605,48.73353],[14.80619,48.7336],[14.80661,48.73376],[14.8069,48.73385],[14.80745,48.73392],[14.80813,48.73388],[14.80804,48.73409],[14.80787,48.73429],[14.80745,48.73494],[14.80709,48.73539],[14.80683,48.73573],[14.80673,48.73604],[14.80657,48.73631],[14.80628,48.73664],[14.80562,48.7378],[14.80544,48.73818],[14.80531,48.73865],[14.80517,48.73896],[14.80507,48.73903],[14.8046,48.7398],[14.80434,48.74015],[14.80405,48.74044],[14.80391,48.7409],[14.80352,48.74143],[14.80338,48.74169],[14.8027,48.74227],[14.80253,48.74251],[14.80215,48.74407],[14.80175,48.74488],[14.80169,48.74521],[14.8015,48.746],[14.80132,48.74625],[14.80092,48.74639],[14.80065,48.74665],[14.80052,48.74703],[14.80049,48.74739],[14.80057,48.74777],[14.8007,48.74806],[14.80076,48.74828],[14.80088,48.74846],[14.80123,48.74863],[14.80114,48.7494],[14.80123,48.74952],[14.8013,48.74987],[14.80165,48.75026],[14.80166,48.75052],[14.80172,48.7507],[14.80226,48.7512],[14.80279,48.75153],[14.80316,48.75159],[14.80378,48.75161],[14.80326,48.75227],[14.80305,48.75269],[14.80365,48.75287],[14.8042,48.75306],[14.80489,48.75327],[14.8048,48.75357],[14.805,48.75412],[14.80525,48.7547],[14.8056,48.75513],[14.80566,48.75529],[14.80586,48.7557],[14.80668,48.7566],[14.80677,48.75698],[14.80692,48.7572],[14.80711,48.7574],[14.80732,48.75775],[14.80752,48.75775],[14.80843,48.75777],[14.80957,48.75893],[14.80987,48.75919],[14.81007,48.75949],[14.8105,48.76002],[14.81134,48.76124],[14.8115,48.76145],[14.81154,48.76183],[14.81161,48.76225],[14.81155,48.76269],[14.81137,48.76308],[14.8119,48.76381],[14.81213,48.76402],[14.81221,48.76438],[14.81215,48.76457],[14.81167,48.76493],[14.81151,48.7651],[14.81141,48.76526],[14.81117,48.7655],[14.81111,48.76591],[14.81094,48.76621],[14.81088,48.76655],[14.81087,48.76716],[14.81078,48.76734],[14.81009,48.76772],[14.80958,48.76809],[14.80946,48.7685],[14.80889,48.76906],[14.80825,48.76963],[14.80694,48.77095],[14.80638,48.77147],[14.8064,48.7716],[14.80628,48.77172],[14.80681,48.77201],[14.80775,48.77237],[14.80801,48.77251],[14.80816,48.77266],[14.80861,48.77298],[14.80905,48.77328],[14.80929,48.7734],[14.80953,48.77359],[14.80989,48.77395],[14.8091,48.77423],[14.80896,48.77431],[14.80884,48.77441],[14.80882,48.77448],[14.80879,48.7745],[14.80882,48.77459],[14.80885,48.77487],[14.80879,48.77499],[14.80874,48.77501],[14.80872,48.77507],[14.80875,48.77516],[14.80893,48.77534],[14.809,48.77572],[14.80897,48.77574],[14.80898,48.77577],[14.80901,48.77578],[14.80902,48.77594],[14.80899,48.77604],[14.80893,48.77607],[14.80891,48.77615],[14.80874,48.7763],[14.80868,48.77637],[14.80861,48.77642],[14.80852,48.77654],[14.80841,48.77662],[14.80865,48.77683],[14.80869,48.77687],[14.80853,48.77707],[14.80845,48.77722],[14.8083,48.77745],[14.80837,48.77785],[14.8085,48.77828],[14.80853,48.77852],[14.80857,48.77864],[14.80866,48.7788],[14.80894,48.77891],[14.80923,48.77905],[14.80967,48.77931],[14.80976,48.77934],[14.80978,48.77927],[14.81011,48.77894],[14.8104,48.77872],[14.81081,48.77902],[14.81161,48.77941],[14.8119,48.77958],[14.81257,48.78015],[14.81266,48.7802],[14.81291,48.78031],[14.81317,48.78037],[14.81449,48.78048],[14.81707,48.78084],[14.81948,48.78111],[14.82021,48.78127],[14.82074,48.7817],[14.82132,48.78238],[14.82192,48.78269],[14.82259,48.78307],[14.82344,48.78336],[14.82435,48.7837],[14.8245,48.78374],[14.82475,48.7838],[14.82511,48.78382],[14.82534,48.78384],[14.82553,48.78385],[14.82572,48.7834],[14.826,48.78302],[14.82608,48.78283],[14.82667,48.78236],[14.82694,48.78225],[14.82705,48.78212],[14.82712,48.78208],[14.82717,48.78198],[14.8272,48.78183],[14.82712,48.78174],[14.82723,48.78159],[14.82721,48.78146],[14.82725,48.78141],[14.82754,48.78123],[14.82766,48.7812],[14.8277,48.78103],[14.82804,48.78099],[14.82807,48.78087],[14.82811,48.78079],[14.82834,48.78069],[14.8286,48.78056],[14.82869,48.78065],[14.82928,48.78049],[14.82933,48.7805],[14.8294,48.78053],[14.82964,48.78062],[14.83017,48.78072],[14.83054,48.78077],[14.83062,48.78078],[14.83098,48.78092],[14.83125,48.78095],[14.83143,48.78096],[14.83192,48.781],[14.83204,48.781],[14.83238,48.78108],[14.83292,48.7812],[14.83335,48.78111],[14.83352,48.78103],[14.83379,48.78114],[14.83406,48.78124],[14.8342,48.7813],[14.8347,48.78159],[14.83481,48.78168],[14.83492,48.78185],[14.83495,48.78187],[14.83491,48.78207],[14.83574,48.78204],[14.83595,48.78197],[14.83611,48.78196],[14.8364,48.78194],[14.83654,48.78193],[14.83685,48.78192],[14.83742,48.78193],[14.83776,48.78199],[14.83815,48.78205],[14.83849,48.78214],[14.83859,48.78217],[14.83905,48.78229],[14.83938,48.78236],[14.83996,48.78255],[14.84029,48.78203],[14.84104,48.78229],[14.84095,48.78259],[14.84093,48.78329],[14.84162,48.78377],[14.84201,48.7839],[14.84254,48.78397],[14.84291,48.78385],[14.84329,48.78355],[14.84359,48.78298],[14.84412,48.78292],[14.84451,48.78238],[14.84532,48.77999],[14.84565,48.78002],[14.8457,48.77994],[14.84591,48.77956],[14.84597,48.77945],[14.84655,48.77971],[14.84645,48.77987],[14.84702,48.77997],[14.84691,48.78016],[14.84685,48.7803],[14.84679,48.7807],[14.84738,48.78054],[14.84736,48.7807],[14.84797,48.78052],[14.84889,48.7804],[14.84891,48.77978],[14.84974,48.77963],[14.84981,48.77945],[14.84969,48.7792],[14.85011,48.77925],[14.85009,48.77898],[14.8502,48.77867],[14.85027,48.77853],[14.85039,48.77836],[14.85082,48.77842],[14.85096,48.77791],[14.85112,48.77736],[14.85113,48.77731],[14.8523,48.77735],[14.85259,48.7773],[14.85272,48.77729],[14.85288,48.77725],[14.85328,48.77716],[14.85336,48.77714],[14.85344,48.77715],[14.85355,48.77712],[14.8537,48.77709],[14.85385,48.7771],[14.854,48.7771],[14.85425,48.77712],[14.85436,48.77713],[14.85441,48.77708],[14.85456,48.77705],[14.85474,48.77706],[14.85497,48.77677],[14.85506,48.7766],[14.85524,48.77656],[14.85548,48.77654],[14.85586,48.77653],[14.85605,48.7765],[14.85618,48.77643],[14.85632,48.77632],[14.85642,48.77621],[14.85656,48.77609],[14.85716,48.77578],[14.85759,48.77586],[14.8578,48.77589],[14.8583,48.77593],[14.85852,48.77597],[14.85875,48.77597],[14.85854,48.77627],[14.85842,48.77641],[14.85826,48.77658],[14.8581,48.77672],[14.85796,48.77691],[14.85779,48.77705],[14.8577,48.77721],[14.8583,48.77723],[14.85843,48.77721],[14.85846,48.77717],[14.85853,48.77716],[14.85865,48.77716],[14.8588,48.77721],[14.85885,48.77719],[14.85895,48.77723],[14.85905,48.77723],[14.85912,48.7772],[14.85925,48.77721],[14.85934,48.77715],[14.85948,48.77719],[14.85957,48.7772],[14.85967,48.77716],[14.85981,48.77719],[14.85988,48.77715],[14.86007,48.7772],[14.86036,48.77715],[14.86053,48.77712],[14.86057,48.77715],[14.86079,48.77714],[14.86082,48.77718],[14.86087,48.77719],[14.86092,48.77718],[14.86103,48.77718],[14.86109,48.77716],[14.86122,48.77716],[14.86149,48.77713],[14.86184,48.77714],[14.8619,48.77716],[14.86216,48.77712],[14.86221,48.7771],[14.86227,48.77711],[14.86234,48.77717],[14.86247,48.77718],[14.8626,48.77716],[14.86265,48.77712],[14.86277,48.77716],[14.86287,48.77722],[14.86302,48.77727],[14.86307,48.77727],[14.8631,48.77727],[14.86318,48.7773],[14.86339,48.77747],[14.86364,48.77759],[14.86368,48.77763],[14.86377,48.77767],[14.86389,48.77775],[14.8639,48.7778],[14.86404,48.77791],[14.8641,48.77795],[14.86415,48.778],[14.86418,48.77806],[14.86427,48.77813],[14.86446,48.77819],[14.86458,48.77828],[14.86468,48.77832],[14.86482,48.77838],[14.86495,48.77844],[14.86501,48.77849],[14.8651,48.77851],[14.86524,48.77859],[14.86529,48.77863],[14.86547,48.77886],[14.86552,48.77888],[14.86557,48.77889],[14.86577,48.77902],[14.86589,48.77911],[14.86602,48.77918],[14.8662,48.77925],[14.86635,48.77934],[14.86641,48.77938],[14.86653,48.77943],[14.86661,48.77953],[14.86675,48.77967],[14.86676,48.77988],[14.86706,48.77988],[14.86707,48.77988],[14.86714,48.77992],[14.86726,48.78],[14.86752,48.78011],[14.86776,48.78023],[14.86776,48.78023],[14.86738,48.78056],[14.86735,48.78059],[14.86734,48.78059],[14.86737,48.78062],[14.86754,48.78071],[14.86783,48.78086],[14.86807,48.78097],[14.86816,48.78101],[14.86827,48.78105],[14.86862,48.78111],[14.86871,48.78111],[14.86886,48.78112],[14.86902,48.78111],[14.86938,48.78105],[14.86962,48.7809],[14.86981,48.78077],[14.87016,48.78055],[14.87035,48.78044],[14.87042,48.78041],[14.87055,48.78037],[14.87084,48.78032],[14.87101,48.78031],[14.87117,48.78031],[14.8713,48.78035],[14.87148,48.78042],[14.87169,48.78053],[14.87215,48.78078],[14.87219,48.78081],[14.87228,48.78071],[14.87239,48.7806],[14.87245,48.78054],[14.87252,48.78049],[14.87257,48.78047],[14.87262,48.78044],[14.87274,48.78041],[14.87295,48.78036],[14.87297,48.7804],[14.87329,48.78052],[14.87345,48.78054],[14.8735,48.78054],[14.87415,48.7806],[14.87463,48.78061],[14.87517,48.78061],[14.87575,48.7806],[14.87616,48.78056],[14.87715,48.78055],[14.87747,48.7804],[14.87782,48.78027],[14.87804,48.78024],[14.8786,48.78022],[14.87899,48.78024],[14.87974,48.78022],[14.8799,48.78023],[14.88008,48.78025],[14.88022,48.78023],[14.88038,48.78018],[14.8806,48.78013],[14.88077,48.78011],[14.88115,48.7801],[14.88129,48.78011],[14.88194,48.77941],[14.88226,48.77914],[14.88255,48.77894],[14.88316,48.77862],[14.88331,48.77856],[14.88363,48.77842],[14.88397,48.77828],[14.88422,48.77818],[14.88465,48.77797],[14.88473,48.77792],[14.88513,48.77757],[14.88522,48.77748],[14.88534,48.77732],[14.88551,48.77711],[14.8859,48.77674],[14.88602,48.77661],[14.88613,48.77645],[14.88622,48.77628],[14.88634,48.77599],[14.88608,48.77585],[14.88578,48.7757],[14.88549,48.77557],[14.8853,48.77545],[14.88528,48.77544],[14.8853,48.77541],[14.88532,48.77533],[14.88534,48.77522],[14.8853,48.77514],[14.88523,48.77498],[14.88513,48.7747],[14.88504,48.77453],[14.88494,48.7744],[14.88475,48.77418],[14.88463,48.77403],[14.8845,48.77378],[14.88447,48.77375],[14.88455,48.77323],[14.88464,48.77262],[14.88475,48.77189],[14.88643,48.77166],[14.88698,48.77158],[14.88708,48.7714],[14.88721,48.77122],[14.88732,48.77097],[14.88738,48.77088],[14.88717,48.77076],[14.88759,48.77044],[14.88774,48.77027],[14.88794,48.77016],[14.88809,48.77008],[14.88837,48.77026],[14.88916,48.77061],[14.88957,48.77082],[14.8897,48.77089],[14.88989,48.77094],[14.89004,48.77099],[14.89029,48.7711],[14.89043,48.77116],[14.89063,48.77126],[14.89097,48.77125],[14.89119,48.77136],[14.89178,48.77153],[14.89202,48.77164],[14.8923,48.77187],[14.89275,48.77226],[14.89291,48.77235],[14.89297,48.77239],[14.89394,48.77244],[14.89403,48.77243],[14.89436,48.77241],[14.89503,48.77238],[14.89531,48.77236],[14.89613,48.77231],[14.89636,48.77228],[14.89681,48.77219],[14.89717,48.77209],[14.89747,48.77197],[14.898,48.77182],[14.89877,48.77163],[14.8991,48.77147],[14.89932,48.77139],[14.90117,48.77008],[14.90139,48.76989],[14.90177,48.76956],[14.90191,48.76944],[14.90207,48.7693],[14.90226,48.76917],[14.90265,48.76906],[14.90313,48.76885],[14.90356,48.7686],[14.9039,48.76839],[14.90398,48.76834],[14.90415,48.76817],[14.90456,48.76793],[14.90476,48.76781],[14.90491,48.76772],[14.90512,48.76758],[14.90522,48.76751],[14.9052,48.76749],[14.9062,48.767],[14.90715,48.76715],[14.90798,48.7671],[14.9084,48.76708],[14.90891,48.76707],[14.90956,48.76707],[14.90988,48.76706],[14.9104,48.76704],[14.91071,48.76704],[14.91079,48.76709],[14.911,48.76704],[14.91115,48.76702],[14.91163,48.76703],[14.91176,48.76704],[14.91184,48.76705],[14.91191,48.76707],[14.91201,48.76715],[14.91204,48.76716],[14.91224,48.76719],[14.91233,48.76721],[14.91236,48.76724],[14.91237,48.76724],[14.91236,48.76731],[14.91243,48.76736],[14.9125,48.76738],[14.91258,48.7674],[14.9126,48.76741],[14.91282,48.76736],[14.91288,48.76736],[14.91296,48.76741],[14.91298,48.76743],[14.91303,48.7675],[14.9131,48.76754],[14.91329,48.7676],[14.91336,48.76762],[14.91352,48.76769],[14.91364,48.76773],[14.91419,48.76783],[14.91462,48.7679],[14.915,48.76799],[14.91534,48.76812],[14.91563,48.76831],[14.91593,48.76848],[14.91609,48.76854],[14.91626,48.76856],[14.91631,48.76857],[14.91641,48.76868],[14.91656,48.76889],[14.91678,48.76907],[14.91698,48.76948],[14.91729,48.76959],[14.91734,48.76961],[14.91754,48.76967],[14.91772,48.76984],[14.91789,48.76966],[14.91754,48.76938],[14.91768,48.7693],[14.91794,48.76926],[14.91864,48.7688],[14.91879,48.76869],[14.91878,48.76855],[14.91903,48.76845],[14.91952,48.76848],[14.91989,48.76861],[14.92049,48.76858],[14.92124,48.76831],[14.92246,48.76795],[14.9232,48.76758],[14.92399,48.76781],[14.9244,48.76771],[14.9249,48.76752],[14.92624,48.76734],[14.92697,48.76734],[14.92742,48.76713],[14.92742,48.76705],[14.92737,48.76692],[14.92729,48.76679],[14.92737,48.76677],[14.92933,48.76644],[14.92968,48.76639],[14.9308,48.76631],[14.93189,48.76656],[14.9322,48.7663],[14.9327,48.76585],[14.93286,48.76569],[14.93295,48.7656],[14.93302,48.7655],[14.93338,48.76512],[14.93362,48.76481],[14.93406,48.76434],[14.93426,48.7641],[14.93447,48.76384],[14.93451,48.7638],[14.93457,48.76375],[14.93462,48.7637],[14.9349,48.76354],[14.9351,48.76342],[14.93554,48.76315],[14.9356,48.76312],[14.936,48.76297],[14.93617,48.76294],[14.93636,48.76288],[14.93656,48.7628],[14.9368,48.76267],[14.93699,48.76251],[14.93705,48.76247],[14.93723,48.7624],[14.93744,48.76227],[14.93757,48.76221],[14.93775,48.76216],[14.93786,48.76215],[14.93796,48.76212],[14.93807,48.76208],[14.93822,48.76202],[14.93865,48.76184],[14.93879,48.76178],[14.93891,48.76173],[14.93963,48.76147],[14.9401,48.7613],[14.94012,48.76132],[14.94085,48.76121],[14.94131,48.76119],[14.94138,48.76119],[14.94142,48.76122],[14.94168,48.76122],[14.94232,48.7612],[14.94295,48.76122],[14.94305,48.7612],[14.94308,48.76119],[14.94342,48.76121],[14.94366,48.76125],[14.9442,48.76138],[14.94494,48.76153],[14.94578,48.7617],[14.94586,48.76172],[14.94682,48.76209],[14.94752,48.76245],[14.94777,48.76262],[14.94788,48.76269],[14.94818,48.7629],[14.94822,48.76287],[14.94878,48.76233],[14.95041,48.76078],[14.95042,48.76077],[14.95075,48.76098],[14.95084,48.76102],[14.95139,48.76127],[14.95154,48.76134],[14.95169,48.7614],[14.95185,48.76148],[14.95199,48.76155],[14.95206,48.76159],[14.95213,48.76164],[14.95226,48.76175],[14.95228,48.76173],[14.95326,48.76056],[14.9532,48.7605],[14.95327,48.76043],[14.95372,48.75999],[14.95394,48.75976],[14.95432,48.75936],[14.95438,48.75929],[14.95461,48.75921],[14.95477,48.75915],[14.95463,48.75905],[14.95568,48.75818],[14.95574,48.75813],[14.95579,48.75809],[14.95614,48.75823],[14.95632,48.7583],[14.95678,48.75852],[14.95717,48.75878],[14.95741,48.75882],[14.95736,48.75887],[14.95736,48.75891],[14.95736,48.75894],[14.95742,48.75908],[14.95752,48.75921],[14.95772,48.75936],[14.95776,48.75938],[14.95795,48.7594],[14.95829,48.75949],[14.95833,48.75953],[14.95839,48.7596],[14.95849,48.76008],[14.95852,48.76011],[14.95865,48.76023],[14.95874,48.76027],[14.95907,48.7603],[14.95924,48.76029],[14.95946,48.76032],[14.95964,48.76039],[14.95969,48.76042],[14.95973,48.76044],[14.95982,48.76056],[14.95986,48.76059],[14.95999,48.76077],[14.96018,48.76093],[14.96032,48.76112],[14.96033,48.76123],[14.96046,48.7614],[14.96048,48.76147],[14.96055,48.76171],[14.96052,48.76186],[14.96052,48.76211],[14.96067,48.76224],[14.96075,48.7623],[14.9608,48.7623],[14.96105,48.76243],[14.96116,48.76248],[14.96138,48.76253],[14.96156,48.76257],[14.96164,48.76259],[14.96178,48.76261],[14.96202,48.76267],[14.96241,48.76269],[14.9626,48.76284],[14.9626,48.76289],[14.96267,48.76292],[14.96281,48.76298],[14.96328,48.76308],[14.96337,48.76309],[14.96374,48.76315],[14.96388,48.76318],[14.96411,48.76322],[14.96436,48.76322],[14.96443,48.76321],[14.96474,48.76313],[14.96484,48.76312],[14.96504,48.76312],[14.96507,48.76313],[14.96517,48.76318],[14.9653,48.76328],[14.96543,48.76346],[14.96554,48.76356],[14.96564,48.76364],[14.9657,48.76367],[14.96574,48.76368],[14.9659,48.76371],[14.96602,48.76374],[14.96614,48.76377],[14.96635,48.76386],[14.96644,48.76391],[14.9666,48.76402],[14.96667,48.76398],[14.96693,48.76418],[14.9671,48.76429],[14.96708,48.7643],[14.96706,48.76431],[14.9671,48.76433],[14.96711,48.76432],[14.96713,48.76432],[14.96722,48.76428],[14.96743,48.76421],[14.96755,48.76416],[14.96796,48.76401],[14.96824,48.76434],[14.96842,48.76456],[14.96862,48.7648],[14.96796,48.76504],[14.96777,48.76511],[14.96775,48.76511],[14.96779,48.76525],[14.96788,48.76534],[14.96798,48.76542],[14.96812,48.76553],[14.96842,48.76571],[14.96862,48.76584],[14.96889,48.76601],[14.96893,48.766],[14.96932,48.76585],[14.96942,48.76596],[14.96952,48.76608],[14.9696,48.76618],[14.96936,48.76627],[14.96929,48.7663],[14.96946,48.76642],[14.96958,48.76654],[14.96965,48.76658],[14.96965,48.76659],[14.96976,48.76672],[14.96995,48.76687],[14.97009,48.76708],[14.97017,48.76717],[14.97029,48.76725],[14.97039,48.76727],[14.9705,48.76727],[14.97054,48.76727],[14.97065,48.76721],[14.97076,48.7672],[14.97086,48.7672],[14.9709,48.76717],[14.97091,48.76716],[14.97098,48.76718],[14.9712,48.76733],[14.97141,48.76745],[14.97161,48.76754],[14.97177,48.76758],[14.97203,48.76763],[14.97226,48.76768],[14.9723,48.76769],[14.97253,48.76779],[14.97258,48.76781],[14.97267,48.76783],[14.97282,48.76784],[14.97318,48.76789],[14.97334,48.76795],[14.97359,48.76812],[14.97385,48.76818],[14.97391,48.76819],[14.97397,48.7682],[14.97416,48.76826],[14.97422,48.76829],[14.9743,48.76844],[14.97434,48.76852],[14.97438,48.76855],[14.9745,48.76862],[14.97468,48.76867],[14.97499,48.76872],[14.97529,48.76879],[14.97555,48.76883],[14.97565,48.76889],[14.9757,48.76893],[14.97574,48.769],[14.97573,48.76908],[14.97569,48.76915],[14.97567,48.76922],[14.97573,48.76928],[14.97606,48.76941],[14.97612,48.76944],[14.97633,48.76965],[14.9764,48.76975],[14.9764,48.76977],[14.97643,48.76984],[14.97652,48.76991],[14.97667,48.77006],[14.97682,48.77023],[14.97684,48.77024],[14.97697,48.77035],[14.97707,48.7705],[14.9771,48.77059],[14.97712,48.77065],[14.97717,48.77072],[14.97721,48.7708],[14.97729,48.77087],[14.97734,48.7709],[14.97739,48.77093],[14.97743,48.77094],[14.97749,48.77094],[14.97754,48.77096],[14.97769,48.771],[14.97784,48.77104],[14.97798,48.77112],[14.97805,48.77117],[14.97825,48.77133],[14.97836,48.77141],[14.97862,48.77158],[14.97879,48.77171],[14.97888,48.7718],[14.97909,48.77196],[14.97915,48.77199],[14.9795,48.77226],[14.97942,48.77229],[14.97933,48.77235],[14.97958,48.77284],[14.97982,48.77331],[14.97995,48.77356],[14.98057,48.77476],[14.98065,48.77491],[14.9807,48.77502],[14.98075,48.77511],[14.98079,48.77518],[14.98083,48.77528],[14.98082,48.77534],[14.98079,48.77538],[14.98077,48.77539],[14.98055,48.7755],[14.98047,48.77553],[14.98044,48.77554],[14.97998,48.7757],[14.97991,48.77572],[14.97987,48.77573],[14.97982,48.77574],[14.97944,48.77587],[14.9794,48.77588],[14.97937,48.77589],[14.97918,48.77593],[14.97917,48.77594],[14.97897,48.77602],[14.97877,48.7761],[14.97835,48.77629],[14.97805,48.77644],[14.97902,48.77771],[14.97906,48.77776],[14.97919,48.77794],[14.97926,48.77803],[14.97953,48.77839],[14.98012,48.77915],[14.98014,48.77916],[14.97995,48.77934],[14.97978,48.7795],[14.97955,48.77969],[14.9794,48.77982],[14.97908,48.78005],[14.9789,48.78017],[14.97829,48.78054],[14.9778,48.78082],[14.9758,48.78206],[14.97556,48.78223],[14.97555,48.78224],[14.9755,48.78227],[14.97537,48.78237],[14.97528,48.78242],[14.97513,48.78253],[14.97508,48.78256],[14.97505,48.78258],[14.97492,48.78265],[14.97416,48.78301],[14.97397,48.78311],[14.9739,48.78315],[14.97374,48.78322],[14.97369,48.78324],[14.97351,48.78329],[14.97336,48.78332],[14.97325,48.78335],[14.97283,48.78349],[14.97208,48.78376],[14.9714,48.784],[14.971,48.78414],[14.97037,48.78436],[14.97024,48.78441],[14.9702,48.78443],[14.97016,48.78445],[14.97007,48.78451],[14.97004,48.78449],[14.96974,48.78455],[14.96931,48.7847],[14.96838,48.785],[14.96728,48.78527],[14.9668,48.78537],[14.96604,48.78552],[14.96538,48.78569],[14.96489,48.78582],[14.96464,48.78589],[14.96365,48.78614],[14.96337,48.78621],[14.96216,48.7865],[14.96104,48.7868],[14.96069,48.78689],[14.96037,48.78698],[14.96019,48.78703],[14.96016,48.78694],[14.96007,48.78673],[14.96003,48.78663],[14.96002,48.78661],[14.96001,48.78662],[14.95967,48.78692],[14.95937,48.78719],[14.95886,48.7875],[14.95873,48.78752],[14.9581,48.78766],[14.95754,48.78774],[14.95714,48.78769],[14.95704,48.78785],[14.95688,48.78778],[14.95678,48.78777],[14.95655,48.7878],[14.95659,48.788],[14.95606,48.78825],[14.9558,48.78847],[14.95565,48.78859],[14.9554,48.78875],[14.95506,48.78892],[14.95433,48.78923],[14.95402,48.78932],[14.95364,48.78946],[14.95342,48.78954],[14.9534,48.78956],[14.95342,48.78957],[14.95343,48.78958],[14.95342,48.78961],[14.95335,48.78964],[14.95328,48.78976],[14.95326,48.78977],[14.95325,48.78979],[14.95329,48.78981],[14.95331,48.78981],[14.95334,48.7898],[14.95342,48.78978],[14.95346,48.78973],[14.95358,48.7897],[14.95361,48.78973],[14.95364,48.78981],[14.95364,48.78986],[14.95361,48.78987],[14.95354,48.78987],[14.95348,48.78985],[14.95343,48.78985],[14.95345,48.78989],[14.95351,48.78992],[14.95356,48.78996],[14.95354,48.78999],[14.95351,48.79001],[14.9535,48.79003],[14.95354,48.79005],[14.95362,48.79006],[14.95366,48.79005],[14.95367,48.79007],[14.9537,48.79011],[14.95372,48.79013],[14.9537,48.79015],[14.95366,48.79016],[14.95363,48.79016],[14.95361,48.79017],[14.95362,48.79019],[14.95364,48.79019],[14.9537,48.79024],[14.95377,48.79024],[14.95381,48.79021],[14.95386,48.79018],[14.95394,48.79019],[14.95401,48.79021],[14.95407,48.79026],[14.95407,48.79028],[14.95398,48.7903],[14.9539,48.79033],[14.9539,48.79035],[14.95395,48.79038],[14.95402,48.79037],[14.95407,48.79038],[14.95407,48.7904],[14.95406,48.79043],[14.95407,48.79044],[14.95409,48.79044],[14.95419,48.79044],[14.95422,48.79043],[14.95427,48.79036],[14.95427,48.79034],[14.95425,48.79034],[14.95421,48.79033],[14.95416,48.79031],[14.95417,48.79029],[14.9542,48.79025],[14.95428,48.79026],[14.95428,48.79029],[14.95435,48.79035],[14.95436,48.79042],[14.95438,48.79047],[14.9544,48.79049],[14.95441,48.7905],[14.95449,48.79049],[14.95455,48.79045],[14.9546,48.79043],[14.95464,48.79043],[14.95468,48.79046],[14.95468,48.79048],[14.95465,48.79051],[14.95464,48.79052],[14.95466,48.79054],[14.9547,48.79054],[14.9548,48.79046],[14.95481,48.79046],[14.95487,48.79046],[14.95498,48.7905],[14.95501,48.79054],[14.955,48.79056],[14.95494,48.79064],[14.95492,48.79065],[14.9549,48.79065],[14.95485,48.79064],[14.9548,48.7907],[14.95481,48.79077],[14.95485,48.79081],[14.95486,48.79083],[14.95485,48.79088],[14.95485,48.7909],[14.95485,48.79093],[14.95483,48.79094],[14.95479,48.79091],[14.95478,48.7909],[14.95476,48.7909],[14.95475,48.7909],[14.95475,48.79092],[14.95474,48.79096],[14.95471,48.79097],[14.95466,48.79102],[14.95467,48.79103],[14.95469,48.79103],[14.95472,48.79105],[14.95472,48.79107],[14.95472,48.79108],[14.95471,48.79109],[14.9547,48.79112],[14.95474,48.79114],[14.95481,48.79118],[14.95482,48.7912],[14.95483,48.79122],[14.95484,48.79123],[14.95485,48.79124],[14.95483,48.79128],[14.95483,48.79133],[14.95487,48.79135],[14.95492,48.79134],[14.95499,48.79131],[14.95502,48.79132],[14.95505,48.79137],[14.95513,48.79143],[14.95517,48.79143],[14.95518,48.79144],[14.95518,48.79146],[14.95515,48.79146],[14.95505,48.79148],[14.95499,48.79149],[14.95497,48.79149],[14.95498,48.79157],[14.95498,48.79159],[14.95508,48.79166],[14.9551,48.79169],[14.9551,48.79173],[14.95508,48.79173],[14.955,48.7917],[14.95496,48.79171],[14.95495,48.79173],[14.95495,48.79178],[14.95504,48.79182],[14.95506,48.79183],[14.95508,48.79185],[14.955,48.79192],[14.95505,48.79202],[14.95507,48.79202],[14.95509,48.79203],[14.95511,48.79203],[14.95518,48.79196],[14.95517,48.79194],[14.95521,48.79189],[14.95526,48.79189],[14.95528,48.79191],[14.95533,48.79191],[14.95541,48.79194],[14.95541,48.79196],[14.95536,48.79198],[14.95532,48.79198],[14.95525,48.79204],[14.95523,48.79207],[14.95526,48.7921],[14.95527,48.79213],[14.95527,48.79216],[14.95526,48.79217],[14.95532,48.79232],[14.95534,48.79232],[14.95535,48.79234],[14.95536,48.79237],[14.95541,48.79242],[14.95546,48.79243],[14.95554,48.79243],[14.95556,48.79244],[14.95559,48.79248],[14.95559,48.7925],[14.95554,48.79255],[14.95549,48.79255],[14.95546,48.79255],[14.95547,48.79258],[14.95551,48.79261],[14.95556,48.7926],[14.95561,48.7926],[14.95562,48.79262],[14.95561,48.79263],[14.95554,48.79266],[14.95553,48.7927],[14.95556,48.79273],[14.95558,48.79272],[14.95562,48.79273],[14.95564,48.79275],[14.95559,48.79284],[14.95559,48.79289],[14.95558,48.79291],[14.95548,48.79295],[14.95548,48.79297],[14.95539,48.79302],[14.95535,48.79303],[14.95526,48.79308],[14.95523,48.79309],[14.95515,48.79309],[14.95512,48.79311],[14.95504,48.79313],[14.95501,48.79317],[14.95505,48.7932],[14.95501,48.79326],[14.955,48.79328],[14.95496,48.79333],[14.95494,48.79334],[14.9548,48.79346],[14.95471,48.79353],[14.9546,48.79362],[14.95453,48.79365],[14.95446,48.79369],[14.95438,48.7937],[14.9543,48.79375],[14.95427,48.79375],[14.95405,48.79381],[14.954,48.79384],[14.95399,48.79384],[14.95382,48.79389],[14.95373,48.79393],[14.95369,48.79394],[14.95366,48.79395],[14.9536,48.79393],[14.95351,48.79394],[14.95349,48.79395],[14.9535,48.79397],[14.95353,48.79399],[14.95353,48.79402],[14.95347,48.79402],[14.9534,48.79402],[14.95337,48.79404],[14.95339,48.79408],[14.9534,48.7941],[14.95342,48.79414],[14.95337,48.79422],[14.95333,48.79424],[14.95334,48.79428],[14.95335,48.7943],[14.9534,48.79433],[14.95341,48.79435],[14.95355,48.79433],[14.95357,48.79434],[14.9536,48.79439],[14.95352,48.79446],[14.95348,48.79456],[14.9535,48.79459],[14.95356,48.7946],[14.95356,48.79462],[14.95356,48.79464],[14.9535,48.7947],[14.95348,48.7947],[14.95343,48.79468],[14.95341,48.79469],[14.95341,48.79473],[14.95344,48.79479],[14.95346,48.79481],[14.95344,48.79484],[14.95342,48.79485],[14.95341,48.79484],[14.95336,48.79484],[14.95334,48.79485],[14.95334,48.79489],[14.95337,48.79494],[14.95339,48.79496],[14.95338,48.79498],[14.95333,48.79498],[14.9533,48.79501],[14.9533,48.79504],[14.95335,48.79506],[14.95335,48.79509],[14.95334,48.79512],[14.95332,48.79512],[14.95328,48.7951],[14.9532,48.79509],[14.95319,48.7951],[14.95319,48.79515],[14.95321,48.79519],[14.95323,48.7952],[14.95325,48.79519],[14.95328,48.79519],[14.95329,48.7952],[14.9533,48.79523],[14.95331,48.79526],[14.95328,48.79532],[14.95327,48.79533],[14.95325,48.79535],[14.95326,48.79536],[14.95326,48.79537],[14.9533,48.79544],[14.95337,48.79545],[14.95339,48.79547],[14.95342,48.7955],[14.95335,48.79559],[14.95333,48.79564],[14.95329,48.79567],[14.95331,48.79571],[14.95342,48.79573],[14.95344,48.79576],[14.95343,48.79577],[14.95344,48.79581],[14.95349,48.79585],[14.95352,48.79586],[14.95357,48.79593],[14.95358,48.79599],[14.95365,48.79605],[14.95368,48.79606],[14.95372,48.79608],[14.95373,48.79614],[14.95374,48.79616],[14.95374,48.79619],[14.95367,48.7962],[14.9536,48.79622],[14.95359,48.79626],[14.95361,48.79628],[14.95371,48.79634],[14.95372,48.79641],[14.95371,48.79643],[14.95374,48.79645],[14.95375,48.79647],[14.95379,48.79654],[14.95386,48.79659],[14.95387,48.7966],[14.95384,48.79666],[14.95385,48.79668],[14.95394,48.79674],[14.95402,48.79679],[14.95408,48.7968],[14.95418,48.79687],[14.95424,48.79692],[14.95433,48.79693],[14.95435,48.79694],[14.95445,48.79703],[14.9545,48.79715],[14.95455,48.79724],[14.95462,48.7974],[14.95475,48.79766],[14.95485,48.79786],[14.95493,48.79796],[14.95499,48.79804],[14.95507,48.7981],[14.9551,48.79814],[14.95509,48.79822],[14.95514,48.79833],[14.95517,48.79838],[14.95517,48.79844],[14.95521,48.79853],[14.95525,48.79856],[14.9553,48.7986],[14.95533,48.79861],[14.95534,48.79865],[14.95542,48.7987],[14.95552,48.7988],[14.95558,48.79884],[14.95562,48.79886],[14.95573,48.79897],[14.95575,48.79897],[14.9559,48.79908],[14.956,48.79915],[14.95609,48.79915],[14.95617,48.7992],[14.95628,48.79925],[14.9563,48.79925],[14.9566,48.79939],[14.95698,48.79945],[14.95708,48.79944],[14.95721,48.79941],[14.95729,48.79944],[14.95731,48.79949],[14.95735,48.79949],[14.95734,48.7996],[14.9573,48.7996],[14.95705,48.7997],[14.95691,48.79982],[14.95687,48.79989],[14.95687,48.8001],[14.9569,48.80016],[14.95687,48.80043],[14.95685,48.8005],[14.9568,48.80053],[14.95672,48.80056],[14.95664,48.80056],[14.95645,48.80041],[14.9564,48.80041],[14.95628,48.80043],[14.95619,48.80047],[14.95618,48.8005],[14.95624,48.80063],[14.95625,48.80073],[14.95628,48.80079],[14.95647,48.80095],[14.9565,48.80097],[14.95652,48.80099],[14.95652,48.80101],[14.95651,48.80104],[14.95644,48.80106],[14.95629,48.80105],[14.95626,48.80103],[14.95607,48.80105],[14.95591,48.80107],[14.95573,48.80114],[14.95547,48.80116],[14.95535,48.80122],[14.95529,48.80128],[14.9553,48.80136],[14.95559,48.80154],[14.95596,48.80177],[14.95648,48.8021],[14.95713,48.80252],[14.95768,48.80287],[14.958,48.80309],[14.95946,48.80393],[14.95967,48.80405],[14.96007,48.80427],[14.96051,48.80453],[14.96003,48.80483],[14.95963,48.80509],[14.95954,48.80516],[14.95937,48.8053],[14.95922,48.80548],[14.95913,48.80562],[14.95899,48.80582],[14.95899,48.80583],[14.95888,48.80604],[14.95878,48.80621],[14.9586,48.80659],[14.9586,48.8066],[14.95853,48.8068],[14.95846,48.80695],[14.95845,48.80698],[14.95833,48.80729],[14.95823,48.80755],[14.95818,48.8077],[14.95809,48.80804],[14.95808,48.80808],[14.958,48.80843],[14.95799,48.80846],[14.95795,48.80864],[14.95789,48.80884],[14.95785,48.80902],[14.95778,48.80921],[14.95778,48.80925],[14.95772,48.8095],[14.95758,48.81001],[14.95757,48.81005],[14.95747,48.81043],[14.9574,48.81067],[14.95736,48.8109],[14.95736,48.81111],[14.95735,48.81122],[14.95736,48.81134],[14.9574,48.81169],[14.95741,48.81173],[14.95748,48.81193],[14.95754,48.81207],[14.95767,48.81232],[14.95775,48.81252],[14.95802,48.81332],[14.95813,48.81367],[14.9582,48.81393],[14.95838,48.81418],[14.95919,48.81526],[14.95988,48.81616],[14.96003,48.81638],[14.96022,48.81662],[14.96032,48.81674],[14.96076,48.81733],[14.96084,48.81742],[14.96092,48.8175],[14.96115,48.81764],[14.9614,48.8178],[14.96248,48.81843],[14.9639,48.81928],[14.96474,48.81978],[14.96495,48.81987],[14.96527,48.82001],[14.96551,48.82023],[14.96774,48.82203],[14.96754,48.82222],[14.9683,48.82282],[14.96973,48.82391],[14.96971,48.82392],[14.96967,48.82391],[14.96964,48.8239],[14.96962,48.82387],[14.96962,48.82384],[14.96959,48.82383],[14.96955,48.82385],[14.96953,48.82386],[14.96948,48.82394],[14.96949,48.82398],[14.96946,48.82401],[14.96944,48.82408],[14.96945,48.82413],[14.96944,48.82415],[14.9694,48.82417],[14.9693,48.82415],[14.96928,48.82415],[14.96919,48.82424],[14.96917,48.82428],[14.96917,48.8243],[14.96923,48.82431],[14.96922,48.82433],[14.96916,48.82435],[14.96915,48.82437],[14.96915,48.82438],[14.96916,48.82442],[14.9692,48.82443],[14.96923,48.8244],[14.96926,48.82438],[14.96929,48.82445],[14.96908,48.82458],[14.96893,48.82454],[14.96865,48.82471],[14.96853,48.8248],[14.96856,48.82486],[14.96856,48.82515],[14.96851,48.82831],[14.96814,48.82916],[14.96779,48.82999],[14.96755,48.83056],[14.96747,48.83088],[14.96748,48.83113],[14.96759,48.83162],[14.96794,48.83281],[14.96822,48.83391],[14.96833,48.83433],[14.9683,48.83495],[14.96832,48.83557],[14.96823,48.8368],[14.96858,48.83723],[14.96923,48.83765],[14.97186,48.83927],[14.97201,48.83953],[14.97204,48.84106],[14.97211,48.84227],[14.97565,48.84232],[14.98025,48.84237],[14.98451,48.84239],[14.98445,48.84597],[14.98434,48.84609],[14.9834,48.84626],[14.98253,48.8469],[14.98187,48.84718],[14.98145,48.84796],[14.9807,48.84866],[14.98031,48.84939],[14.9798,48.84976],[14.9787,48.85034],[14.97866,48.85039],[14.97805,48.85097],[14.9784,48.85158],[14.97832,48.85181],[14.97765,48.8523],[14.9778,48.85309],[14.97336,48.85307],[14.97392,48.85434],[14.97417,48.85496],[14.9739,48.85558],[14.97369,48.85594],[14.97336,48.85654],[14.97335,48.85713],[14.97334,48.85728],[14.9733,48.85741],[14.97317,48.8578],[14.97316,48.85782],[14.97311,48.85787],[14.97288,48.85798],[14.97265,48.85822],[14.97255,48.85829],[14.97247,48.85838],[14.97245,48.85839],[14.97243,48.85841],[14.97241,48.85845],[14.9725,48.85874],[14.97274,48.85932],[14.97288,48.85961],[14.97254,48.85997],[14.97235,48.86051],[14.97249,48.86089],[14.97285,48.8613],[14.97289,48.86304],[14.97303,48.86349],[14.97341,48.86418],[14.97324,48.86685],[14.97332,48.86825],[14.9732,48.86892],[14.97297,48.87467],[14.97388,48.87471],[14.97871,48.87473],[14.98386,48.87476],[14.98365,48.88382],[14.98358,48.88742],[14.98345,48.8909],[14.9889,48.89098],[14.98882,48.89475],[14.98867,48.89487],[14.98815,48.89517],[14.98785,48.89524],[14.98772,48.89521],[14.98756,48.89532],[14.98734,48.89556],[14.98725,48.89566],[14.98858,48.89625],[14.98958,48.89683],[14.98971,48.89696],[14.9896,48.89727],[14.99006,48.89727],[14.99154,48.89731],[14.99157,48.89762],[14.99164,48.89817],[14.99218,48.90039],[14.99254,48.90136],[14.99295,48.90417],[14.9927,48.90527],[14.99236,48.90619],[14.99059,48.90919],[14.9903,48.90997],[14.99006,48.91578],[14.98987,48.91629],[14.98584,48.91958],[14.98415,48.92366],[14.98504,48.92435],[14.98216,48.92595],[14.98104,48.92647],[14.98039,48.927],[14.97954,48.92738],[14.97928,48.92758],[14.97903,48.92831],[14.97915,48.92867],[14.97921,48.93033],[14.97955,48.93124],[14.98039,48.93144],[14.98147,48.93157],[14.98374,48.93247],[14.98462,48.934],[14.98533,48.93486],[14.98645,48.93591],[14.98596,48.9374],[14.98532,48.9383],[14.98521,48.93942],[14.98485,48.93968],[14.98332,48.94034],[14.98466,48.94151],[14.98063,48.94378],[14.97968,48.94651],[14.97927,48.948],[14.9792,48.94879],[14.97654,48.95572],[14.97758,48.95822],[14.97775,48.9596],[14.97776,48.9608],[14.97741,48.96335],[14.97683,48.96763],[14.97648,48.96942],[14.97617,48.97096],[14.97787,48.97336],[14.97851,48.97446],[14.97821,48.97638],[14.97839,48.9777],[14.97867,48.97854],[14.97848,48.97921],[14.97839,48.98048],[14.97956,48.97959],[14.9804,48.9784],[14.98102,48.97809],[14.98066,48.97876],[14.9805,48.97955],[14.98078,48.97946],[14.98076,48.97968],[14.98035,48.97979],[14.9802,48.98014],[14.98072,48.98005],[14.98076,48.98035],[14.98121,48.9805],[14.98052,48.98075],[14.98043,48.98092],[14.98135,48.98211],[14.98195,48.9823],[14.98211,48.98248],[14.98213,48.98317],[14.9824,48.98365],[14.98248,48.98405],[14.98271,48.98414],[14.98357,48.98398],[14.98316,48.98453],[14.984,48.98531],[14.98461,48.98668],[14.98612,48.98755],[14.98775,48.98809],[14.98843,48.98812],[14.98945,48.98788],[14.99053,48.98799],[14.99109,48.98794],[14.99143,48.98804],[14.99121,48.98814],[14.99099,48.98842],[14.99131,48.98916],[14.99144,48.98921],[14.99187,48.98901],[14.99234,48.98899],[14.99301,48.98934],[14.99408,48.98951],[14.99471,48.98981],[14.99515,48.99023],[14.99639,48.99179],[14.99662,48.99188],[14.99756,48.99185],[14.99783,48.99195],[14.99762,48.99211],[14.99729,48.99231],[14.99664,48.99237],[14.99597,48.9925],[14.99573,48.99265],[14.99545,48.99281],[14.99506,48.99325],[14.99537,48.99352],[14.99571,48.99369],[14.99556,48.99452],[14.99615,48.99495],[14.9965,48.99499],[14.99651,48.9951],[14.99631,48.99541],[14.99654,48.99571],[14.9965,48.9966],[14.9966,48.99713],[14.99697,48.99781],[14.99696,48.998],[14.99749,48.99871],[14.99817,48.99958],[14.99864,48.99987],[14.99891,48.99999],[14.99901,49.00032],[14.99915,49.00048],[14.99927,49.00051],[15.00018,49.00066],[15.0004,49.00074],[15.00045,49.00079],[14.9996,49.00081],[14.99953,49.00088],[14.99966,49.00127],[15.00023,49.00193],[15.00034,49.0022],[15.00032,49.00256],[15.00072,49.0028],[15.00082,49.00296],[15.00083,49.00331],[15.0008,49.00371],[15.00072,49.00386],[15.00039,49.00371],[14.99994,49.0042],[14.99889,49.00476],[14.99821,49.00473],[14.99768,49.00434],[14.99747,49.00436],[14.99706,49.00451],[14.99694,49.00472],[14.99623,49.00483],[14.9955,49.00528],[14.99501,49.00534],[14.99475,49.00562],[14.99421,49.0059],[14.9941,49.00624],[14.99356,49.00656],[14.99331,49.00681],[14.99277,49.00715],[14.99238,49.00748],[14.99218,49.00765],[14.99185,49.00796],[14.99151,49.00849],[14.99152,49.00884],[14.99135,49.00909],[14.99127,49.00936],[14.99103,49.00952],[14.99048,49.00957],[14.99045,49.00965],[14.99064,49.00986],[14.99099,49.01007],[14.99127,49.01021],[14.99143,49.01031],[14.99174,49.01051],[14.99201,49.01057],[14.99236,49.01075],[14.9927,49.01098],[14.99338,49.01137],[14.99366,49.0118],[14.99386,49.01198],[14.99388,49.01227],[14.99401,49.01247],[14.99431,49.01255],[14.99448,49.01275],[14.99443,49.01309],[14.99448,49.01341],[14.99463,49.01371],[14.99484,49.01397],[14.99489,49.01426],[14.99503,49.01455],[14.99514,49.0147],[14.99552,49.01481],[14.99576,49.01501],[14.99592,49.01508],[14.99618,49.01498],[14.99659,49.01463],[14.9969,49.01441],[14.99748,49.01406],[14.99792,49.01395],[14.99818,49.01392],[14.99885,49.01363],[14.99928,49.01347],[14.99947,49.01327],[14.99968,49.01335],[14.99995,49.01313],[15.00005,49.01272],[15.00031,49.0126],[15.00097,49.01265],[15.00157,49.01274],[15.00185,49.01285],[15.00228,49.0128],[15.00251,49.01264],[15.00253,49.01256],[15.00245,49.0122],[15.00221,49.01204],[15.00254,49.01163],[15.00305,49.01149],[15.00317,49.01157],[15.00381,49.01193],[15.00421,49.01213],[15.00405,49.01226],[15.00428,49.01243],[15.00542,49.01282],[15.0061,49.0129],[15.00605,49.01298],[15.00655,49.01299],[15.00728,49.01318],[15.00767,49.0132],[15.0079,49.01325],[15.00803,49.01328],[15.0083,49.01342],[15.00849,49.01343],[15.00863,49.01342],[15.00868,49.01344],[15.00894,49.01341],[15.00906,49.01343],[15.00939,49.0136],[15.00949,49.01361],[15.0099,49.01399],[15.01044,49.01413],[15.01063,49.0142],[15.01126,49.01434],[15.01146,49.01435],[15.01155,49.01452],[15.01168,49.01457],[15.01181,49.0146],[15.01195,49.01468],[15.01204,49.01477],[15.01206,49.01484],[15.01215,49.01496],[15.01237,49.01508],[15.01251,49.01526],[15.01273,49.01539],[15.0129,49.01562],[15.01299,49.01586],[15.01296,49.01611],[15.01298,49.01627],[15.01302,49.01649],[15.0131,49.01677],[15.01325,49.01693],[15.01338,49.017],[15.01347,49.01713],[15.01364,49.01718],[15.01391,49.01732],[15.01394,49.01739],[15.01403,49.01748],[15.01406,49.01759],[15.01404,49.01764],[15.01412,49.01773],[15.01434,49.01781],[15.0145,49.01794],[15.0147,49.01801],[15.01482,49.01809],[15.01489,49.01816],[15.01524,49.01833],[15.01537,49.01836],[15.01545,49.01846],[15.01551,49.01849],[15.01565,49.01848],[15.01586,49.01829],[15.01606,49.01827],[15.01622,49.01823],[15.0163,49.01817],[15.01632,49.0181],[15.01639,49.01806],[15.01657,49.01804],[15.01664,49.01806],[15.01681,49.01824],[15.017,49.01831],[15.01715,49.0184],[15.01737,49.01849],[15.01771,49.01866],[15.01806,49.0188],[15.0181,49.01885],[15.01845,49.01909],[15.0189,49.01954],[15.01931,49.01984],[15.01937,49.01991],[15.01958,49.02003],[15.01968,49.02006],[15.01979,49.02008],[15.02004,49.0202],[15.0203,49.02028],[15.02043,49.02036],[15.02056,49.0204],[15.02057,49.02044],[15.02054,49.02053],[15.02064,49.02053],[15.02077,49.0205],[15.02097,49.02053],[15.02109,49.02052],[15.02117,49.02044],[15.02127,49.02041],[15.02134,49.02035],[15.02146,49.02037],[15.02156,49.02044],[15.02173,49.02047],[15.0219,49.02038],[15.02201,49.02034],[15.02202,49.02024],[15.02219,49.0202],[15.02226,49.0202],[15.02229,49.02018],[15.02228,49.02014],[15.02242,49.02006],[15.02255,49.02004],[15.02252,49.01993],[15.02271,49.01988],[15.02276,49.01982],[15.02286,49.01977],[15.02289,49.01973],[15.02288,49.01969],[15.0229,49.01967],[15.02299,49.01966],[15.02303,49.01963],[15.02305,49.01959],[15.02317,49.01955],[15.02318,49.01949],[15.02343,49.01945],[15.02346,49.01942],[15.0237,49.0194],[15.02386,49.01934],[15.02387,49.01932],[15.02396,49.01931],[15.02402,49.01932],[15.02411,49.01928],[15.02433,49.01928],[15.02445,49.01926],[15.02457,49.01921],[15.02466,49.01922],[15.02475,49.01925],[15.0248,49.01924],[15.02487,49.01913],[15.02494,49.01911],[15.02496,49.01907],[15.02495,49.01901],[15.02498,49.01898],[15.02525,49.01889],[15.0253,49.01885],[15.0256,49.01876],[15.0257,49.01859],[15.02585,49.01858],[15.02592,49.01854],[15.02595,49.01847],[15.02594,49.01834],[15.02596,49.01832],[15.02607,49.01831],[15.02608,49.01821],[15.02616,49.01814],[15.02618,49.0181],[15.02615,49.01807],[15.02617,49.01805],[15.02628,49.01807],[15.02634,49.01807],[15.02635,49.01802],[15.02639,49.01798],[15.02649,49.01784],[15.02647,49.01779],[15.0265,49.01775],[15.02655,49.01775],[15.02658,49.01773],[15.02656,49.01769],[15.02661,49.01765],[15.0267,49.01762],[15.02679,49.01755],[15.02681,49.01747],[15.0269,49.01745],[15.02695,49.01738],[15.02703,49.01735],[15.02708,49.01735],[15.02711,49.01733],[15.02709,49.0173],[15.02712,49.01728],[15.02711,49.01724],[15.02731,49.01697],[15.02726,49.0169],[15.02728,49.01688],[15.02757,49.01674],[15.02765,49.01674],[15.02778,49.0167],[15.02778,49.01666],[15.02783,49.01663],[15.02784,49.01659],[15.02772,49.01651],[15.02771,49.01648],[15.02774,49.01644],[15.02768,49.01632],[15.02762,49.01631],[15.02758,49.01628],[15.02758,49.01624],[15.02765,49.01614],[15.02773,49.01607],[15.02794,49.01596],[15.028,49.01596],[15.02806,49.01588],[15.02817,49.01579],[15.0283,49.01556],[15.02832,49.01555],[15.02861,49.01549],[15.02874,49.01552],[15.02899,49.01554],[15.02927,49.01547],[15.02934,49.01549],[15.02948,49.01544],[15.02972,49.0155],[15.02985,49.01556],[15.0299,49.01555],[15.03,49.01551],[15.03005,49.0155],[15.03013,49.01552],[15.03026,49.01542],[15.03036,49.01539],[15.03045,49.01545],[15.03085,49.01541],[15.03093,49.01542],[15.03097,49.01544],[15.03112,49.01535],[15.03117,49.01535],[15.03127,49.01531],[15.03151,49.01527],[15.03157,49.01524],[15.03159,49.01519],[15.03165,49.01517],[15.03171,49.0152],[15.0318,49.01518],[15.03178,49.01514],[15.03179,49.01512],[15.03205,49.015],[15.03221,49.01498],[15.03236,49.01488],[15.03241,49.01481],[15.03252,49.01474],[15.03252,49.01472],[15.03246,49.01469],[15.03251,49.01466],[15.03258,49.01465],[15.03261,49.01466],[15.03265,49.01463],[15.03273,49.01462],[15.03275,49.01458],[15.03279,49.01457],[15.03284,49.01453],[15.03283,49.01451],[15.03295,49.01442],[15.03309,49.01438],[15.03315,49.01438],[15.03326,49.01432],[15.03326,49.01428],[15.03328,49.01427],[15.03333,49.01429],[15.03343,49.01425],[15.03342,49.01423],[15.03344,49.01421],[15.03355,49.0142],[15.0336,49.01413],[15.03369,49.01408],[15.03368,49.01402],[15.03374,49.014],[15.03378,49.014],[15.03382,49.01398],[15.03387,49.01401],[15.03407,49.01399],[15.0341,49.01384],[15.03415,49.01383],[15.03416,49.01381],[15.03426,49.01381],[15.03429,49.01379],[15.03428,49.01377],[15.03422,49.01377],[15.03421,49.01375],[15.03425,49.01373],[15.03432,49.01373],[15.03437,49.01369],[15.03453,49.01365],[15.03454,49.01361],[15.0345,49.01353],[15.03466,49.01344],[15.03461,49.01338],[15.03459,49.0133],[15.03461,49.01322],[15.03466,49.01318],[15.03464,49.01316],[15.03468,49.01314],[15.03473,49.01314],[15.03479,49.01317],[15.03477,49.01321],[15.03479,49.01322],[15.03487,49.01321],[15.03492,49.01324],[15.03495,49.01324],[15.03506,49.01328],[15.03508,49.01333],[15.03512,49.01332],[15.03514,49.01328],[15.03519,49.01325],[15.03517,49.01323],[15.03518,49.01321],[15.03522,49.01319],[15.03536,49.01323],[15.03537,49.01325],[15.03546,49.01324],[15.03548,49.01325],[15.03552,49.01324],[15.03559,49.01325],[15.03582,49.0132],[15.03599,49.01319],[15.03606,49.01315],[15.03608,49.01312],[15.03614,49.01308],[15.03622,49.01305],[15.03645,49.01306],[15.03651,49.01309],[15.03662,49.01305],[15.03668,49.01304],[15.03673,49.01297],[15.03691,49.01283],[15.03705,49.01276],[15.03715,49.01273],[15.03725,49.01276],[15.03733,49.01275],[15.03739,49.01277],[15.03744,49.01277],[15.03757,49.0127],[15.03766,49.0127],[15.03768,49.01269],[15.03767,49.01266],[15.03762,49.01265],[15.03759,49.01262],[15.03761,49.01259],[15.03766,49.01258],[15.03776,49.01259],[15.03781,49.01255],[15.03783,49.01248],[15.03778,49.01244],[15.03776,49.01239],[15.03763,49.01236],[15.03763,49.01231],[15.03771,49.01225],[15.03782,49.01226],[15.03782,49.01223],[15.03788,49.01224],[15.03808,49.01219],[15.03811,49.01218],[15.03812,49.01215],[15.03815,49.01215],[15.03816,49.01213],[15.03829,49.01209],[15.03847,49.01201],[15.03848,49.012],[15.03847,49.01199],[15.03842,49.01198],[15.0384,49.01194],[15.03852,49.01189],[15.03862,49.01189],[15.03869,49.01185],[15.03868,49.01181],[15.03873,49.01179],[15.03886,49.01182],[15.03889,49.01184],[15.03883,49.01189],[15.03883,49.01192],[15.03886,49.01191],[15.03896,49.01195],[15.03898,49.01193],[15.03896,49.01185],[15.039,49.01184],[15.03903,49.01185],[15.03904,49.01181],[15.03903,49.01179],[15.0391,49.01178],[15.03915,49.01174],[15.03921,49.01174],[15.03927,49.01172],[15.03929,49.01175],[15.03937,49.01175],[15.03947,49.01172],[15.03952,49.01175],[15.03959,49.01176],[15.03961,49.01175],[15.03967,49.01178],[15.03972,49.01175],[15.0398,49.0118],[15.03985,49.01179],[15.03985,49.01175],[15.03989,49.01174],[15.03992,49.0117],[15.03991,49.01164],[15.04002,49.01162],[15.04005,49.01166],[15.04008,49.01165],[15.04017,49.01163],[15.04021,49.01161],[15.04033,49.01159],[15.04039,49.01157],[15.04066,49.01154],[15.04073,49.01152],[15.04076,49.01154],[15.04081,49.01149],[15.04101,49.01153],[15.04117,49.0115],[15.04114,49.01162],[15.04117,49.01164],[15.04123,49.01164],[15.04136,49.01168],[15.04137,49.01163],[15.04144,49.01159],[15.04156,49.01165],[15.04161,49.01172],[15.04184,49.01174],[15.04202,49.01185],[15.04209,49.01184],[15.04217,49.01184],[15.04229,49.01192],[15.04235,49.01193],[15.0424,49.01191],[15.04249,49.01194],[15.04264,49.01195],[15.04269,49.01202],[15.04287,49.01206],[15.04291,49.01213],[15.04309,49.01219],[15.04327,49.01215],[15.04341,49.01205],[15.04347,49.01206],[15.04359,49.01203],[15.0436,49.01209],[15.04355,49.01212],[15.04355,49.01218],[15.0435,49.01219],[15.0435,49.01221],[15.04354,49.01225],[15.04353,49.01227],[15.04356,49.01231],[15.04363,49.01233],[15.04372,49.01233],[15.04374,49.01231],[15.04381,49.01232],[15.04386,49.01235],[15.04403,49.01238],[15.04407,49.01241],[15.04414,49.01239],[15.04419,49.0124],[15.04421,49.01244],[15.04436,49.01241],[15.0444,49.01242],[15.04437,49.01247],[15.0444,49.01248],[15.04449,49.01248],[15.04453,49.01246],[15.04456,49.01246],[15.04466,49.0124],[15.04482,49.01239],[15.04495,49.01232],[15.04504,49.01233],[15.04505,49.01235],[15.04515,49.01237],[15.04522,49.01237],[15.04532,49.01239],[15.04534,49.01237],[15.04539,49.01237],[15.04536,49.01241],[15.04541,49.01243],[15.04555,49.0124],[15.04561,49.01242],[15.04567,49.0125],[15.0457,49.01249],[15.04574,49.01251],[15.04573,49.01261],[15.0458,49.01259],[15.04583,49.0126],[15.04587,49.01263],[15.04583,49.01266],[15.04588,49.01269],[15.04588,49.01271],[15.04605,49.01275],[15.04621,49.01287],[15.04618,49.01301],[15.04623,49.01304],[15.04622,49.01306],[15.04617,49.01309],[15.04619,49.01312],[15.04622,49.01312],[15.0462,49.01316],[15.04627,49.01319],[15.04626,49.01321],[15.04621,49.01321],[15.0462,49.01322],[15.04622,49.01324],[15.04628,49.01326],[15.04644,49.01325],[15.04643,49.01327],[15.04649,49.01331],[15.04654,49.0133],[15.04661,49.01331],[15.04665,49.01333],[15.04674,49.01342],[15.04682,49.01343],[15.04684,49.01347],[15.04689,49.01348],[15.04696,49.01345],[15.04701,49.01346],[15.04704,49.01346],[15.04706,49.01349],[15.04711,49.0135],[15.04716,49.01349],[15.04733,49.01349],[15.04738,49.01347],[15.0474,49.01351],[15.04744,49.01352],[15.04744,49.01351],[15.04748,49.0135],[15.04754,49.01352],[15.04759,49.01356],[15.04756,49.0136],[15.04759,49.01362],[15.0477,49.01365],[15.04776,49.01365],[15.04778,49.01363],[15.04782,49.01365],[15.04786,49.01363],[15.04802,49.01371],[15.048,49.01377],[15.04805,49.01379],[15.04807,49.01384],[15.04802,49.01385],[15.04801,49.01387],[15.04809,49.0139],[15.04812,49.0139],[15.04813,49.01391],[15.04816,49.01391],[15.04815,49.01395],[15.04819,49.01398],[15.0482,49.01402],[15.04833,49.01403],[15.04837,49.01402],[15.0484,49.01404],[15.04847,49.01404],[15.04858,49.01414],[15.04867,49.01417],[15.04873,49.01416],[15.04877,49.01413],[15.04884,49.01414],[15.04885,49.01418],[15.04888,49.01419],[15.04902,49.01413],[15.0491,49.01422],[15.04913,49.01421],[15.04917,49.01423],[15.04923,49.01423],[15.04935,49.01427],[15.04942,49.01425],[15.04947,49.01426],[15.04949,49.01428],[15.04952,49.01427],[15.04952,49.01431],[15.04958,49.01433],[15.04964,49.01431],[15.04969,49.01432],[15.04976,49.01429],[15.04978,49.0143],[15.04979,49.01433],[15.04985,49.01435],[15.04987,49.01439],[15.04995,49.01436],[15.05003,49.01439],[15.05009,49.01438],[15.05013,49.01441],[15.05018,49.01441],[15.05018,49.01444],[15.05029,49.01446],[15.05029,49.01449],[15.05033,49.01451],[15.0503,49.01455],[15.05043,49.01458],[15.05051,49.01459],[15.05051,49.01462],[15.05057,49.01463],[15.05059,49.01467],[15.05068,49.0147],[15.05072,49.01467],[15.05079,49.01469],[15.05092,49.01476],[15.051,49.01473],[15.05105,49.01475],[15.05108,49.01477],[15.05116,49.01481],[15.05119,49.01486],[15.05138,49.01483],[15.05139,49.01486],[15.05145,49.01484],[15.05159,49.01488],[15.05165,49.01487],[15.05168,49.01489],[15.05173,49.01488],[15.05179,49.01489],[15.0518,49.0149],[15.05179,49.01495],[15.05187,49.015],[15.0519,49.015],[15.05191,49.01497],[15.05199,49.01499],[15.05199,49.01501],[15.05204,49.01503],[15.05206,49.01502],[15.05209,49.01503],[15.05215,49.0151],[15.05222,49.0151],[15.05223,49.01512],[15.05234,49.0151],[15.05238,49.01514],[15.05235,49.01517],[15.05241,49.01522],[15.05251,49.01526],[15.05251,49.01529],[15.05265,49.01528],[15.05271,49.01524],[15.05273,49.01525],[15.05279,49.01522],[15.05279,49.01516],[15.05285,49.01515],[15.05303,49.01516],[15.05304,49.01514],[15.05308,49.01513],[15.05316,49.01513],[15.05317,49.01515],[15.05322,49.01517],[15.05331,49.01516],[15.05341,49.01518],[15.05345,49.01515],[15.05348,49.01516],[15.05351,49.01514],[15.05362,49.01513],[15.05374,49.01516],[15.0538,49.01519],[15.05379,49.01522],[15.05384,49.01526],[15.05392,49.01528],[15.05398,49.01527],[15.05398,49.01532],[15.05401,49.01533],[15.05402,49.01536],[15.05411,49.01537],[15.05409,49.01542],[15.05419,49.01547],[15.0542,49.01549],[15.05418,49.01552],[15.05429,49.01556],[15.05437,49.01554],[15.05443,49.01555],[15.05458,49.01555],[15.0546,49.01559],[15.05464,49.01557],[15.0548,49.01559],[15.05493,49.01558],[15.05494,49.01559],[15.05502,49.01558],[15.05512,49.01559],[15.05515,49.01555],[15.0553,49.01556],[15.05534,49.01554],[15.05537,49.01557],[15.05548,49.01556],[15.05548,49.0156],[15.05569,49.01565],[15.05569,49.01562],[15.05575,49.01559],[15.05568,49.01557],[15.05585,49.01551],[15.05589,49.01549],[15.05588,49.01547],[15.05593,49.01546],[15.05598,49.01542],[15.05608,49.01541],[15.05614,49.01546],[15.05623,49.01546],[15.05627,49.01552],[15.05635,49.01552],[15.05634,49.01557],[15.05638,49.01559],[15.05642,49.0156],[15.05652,49.01547],[15.05674,49.01546],[15.05676,49.01543],[15.05686,49.01545],[15.0571,49.01538],[15.0574,49.01549],[15.0575,49.01549],[15.05813,49.01542],[15.05824,49.01544],[15.0584,49.01551],[15.0585,49.01552],[15.0586,49.01551],[15.05868,49.01547],[15.05939,49.01501],[15.0595,49.01495],[15.05991,49.01486],[15.06013,49.01468],[15.06022,49.01466],[15.06076,49.01471],[15.06128,49.01464],[15.06283,49.01455],[15.0641,49.01442],[15.06455,49.01438],[15.06527,49.01424],[15.06543,49.01422],[15.06488,49.01342],[15.06462,49.01293],[15.06432,49.01213],[15.06475,49.0115],[15.0661,49.00965],[15.06698,49.00878],[15.06699,49.00797],[15.06719,49.00744],[15.06729,49.00647],[15.06728,49.00625],[15.06704,49.00583],[15.06693,49.0057],[15.06675,49.00562],[15.06646,49.00537],[15.0664,49.00521],[15.06623,49.0051],[15.06595,49.005],[15.06575,49.00484],[15.06565,49.00468],[15.06563,49.00443],[15.06508,49.00461],[15.06495,49.0047],[15.06484,49.00465],[15.06462,49.00447],[15.06463,49.00446],[15.0646,49.00445],[15.06456,49.0045],[15.06441,49.0043],[15.06434,49.00396],[15.06436,49.00333],[15.06424,49.00245],[15.06434,49.0021],[15.06434,49.002],[15.06437,49.00196],[15.06437,49.0019],[15.06441,49.00187],[15.06441,49.00179],[15.06444,49.00173],[15.06447,49.00173],[15.0646,49.0014],[15.06461,49.00133],[15.06451,49.00122],[15.06431,49.0011],[15.06419,49.00101],[15.06405,49.00083],[15.06408,49.00057],[15.06416,49.00021],[15.06429,48.99988],[15.06443,48.99974],[15.06484,48.99959],[15.0651,48.99956],[15.06679,48.99949],[15.06729,48.99945],[15.06845,48.99928],[15.06916,48.99915],[15.06968,48.99907],[15.07066,48.9988],[15.07195,48.99868],[15.07226,48.99867],[15.07256,48.99862],[15.07294,48.99851],[15.07387,48.99837],[15.07449,48.99821],[15.07499,48.99814],[15.07634,48.99805],[15.07917,48.998],[15.08047,48.99786],[15.08124,48.99783],[15.08298,48.99787],[15.08402,48.99786],[15.08471,48.99793],[15.08506,48.99794],[15.08541,48.99793],[15.08569,48.99791],[15.08886,48.99729],[15.08979,48.99717],[15.09079,48.99709],[15.09202,48.99695],[15.09255,48.99685],[15.09359,48.99659],[15.09493,48.99622],[15.09522,48.99616],[15.09567,48.99604],[15.09609,48.99596],[15.09643,48.99584],[15.09731,48.99558],[15.0999,48.99488],[15.10119,48.99446],[15.10257,48.99384],[15.1031,48.99464],[15.10361,48.99506],[15.10382,48.99521],[15.10468,48.9957],[15.10503,48.996],[15.10547,48.99622],[15.10564,48.99621],[15.10593,48.99651],[15.10609,48.99672],[15.10629,48.99728],[15.10731,48.99881],[15.10753,48.99892],[15.10816,48.99913],[15.10903,48.99925],[15.10993,48.99944],[15.11038,48.9995],[15.11129,48.99953],[15.11285,48.99945],[15.11416,48.99933],[15.11518,48.99919],[15.11705,48.99851],[15.11795,48.99829],[15.11923,48.998],[15.12003,48.99792],[15.12025,48.99772],[15.1205,48.9977],[15.12129,48.99741],[15.12192,48.99725],[15.12291,48.99788],[15.12389,48.99884],[15.12412,48.9989],[15.12487,48.99899],[15.1252,48.99897],[15.12536,48.99892],[15.12557,48.99897],[15.12566,48.99895],[15.12617,48.99856],[15.12629,48.99849],[15.12705,48.99858],[15.12706,48.9986],[15.12727,48.99854],[15.12737,48.99847],[15.1274,48.99838],[15.12754,48.99825],[15.12773,48.99813],[15.12775,48.99814],[15.12861,48.99779],[15.12887,48.99767],[15.12904,48.99751],[15.12924,48.99757],[15.13016,48.99773],[15.13067,48.99819],[15.1312,48.99858],[15.1319,48.99906],[15.13216,48.9993],[15.13225,48.99941],[15.13244,48.99954],[15.13252,49.00007],[15.13257,49.00026],[15.13269,49.00059],[15.13277,49.00069],[15.13324,49.0004],[15.134,49.00003],[15.13418,48.9999],[15.13548,48.99883],[15.13589,48.9984],[15.13616,48.9982],[15.1361,48.99818],[15.1365,48.99791],[15.1368,48.99764],[15.13716,48.99765],[15.1377,48.99775],[15.13794,48.99774],[15.13858,48.99766],[15.13933,48.99749],[15.14027,48.99734],[15.14063,48.99725],[15.14078,48.99723],[15.14121,48.99722],[15.1412,48.99715],[15.14177,48.99717],[15.14232,48.99715],[15.14264,48.9971],[15.14277,48.99704],[15.14334,48.99661],[15.14357,48.99649],[15.14443,48.99627],[15.14544,48.99615],[15.14544,48.99631],[15.14613,48.99623],[15.14654,48.99617],[15.14699,48.99608],[15.14861,48.99568],[15.14935,48.99548],[15.15029,48.99515],[15.15017,48.99499],[15.15043,48.99495],[15.151,48.99493],[15.15206,48.99459],[15.15303,48.99425],[15.15423,48.99394],[15.15562,48.99351],[15.15625,48.9933],[15.15627,48.99329],[15.15672,48.99235],[15.15722,48.99182],[15.15724,48.99177],[15.15716,48.99172],[15.15715,48.99162],[15.1576,48.9909],[15.15761,48.99067],[15.1582,48.99046],[15.15863,48.98991],[15.15836,48.98956],[15.15854,48.98931],[15.15839,48.98887],[15.15831,48.98879],[15.15807,48.98804],[15.15841,48.98732],[15.1584,48.98724],[15.15823,48.98714],[15.15808,48.98711],[15.15807,48.98707],[15.15803,48.98703],[15.15796,48.98701],[15.15771,48.98707],[15.15761,48.98699],[15.15749,48.98649],[15.1575,48.98638],[15.15755,48.98627],[15.15751,48.98614],[15.15753,48.98603],[15.15753,48.9857],[15.15746,48.98567],[15.15743,48.98562],[15.15745,48.98551],[15.1575,48.98546],[15.15749,48.98544],[15.1574,48.98544],[15.15738,48.98542],[15.15744,48.98534],[15.15751,48.98533],[15.15751,48.98531],[15.15748,48.9853],[15.1575,48.98525],[15.15747,48.98507],[15.1575,48.98502],[15.15748,48.98492],[15.15745,48.98489],[15.15752,48.98485],[15.15752,48.98483],[15.15747,48.98476],[15.15741,48.98472],[15.15735,48.9846],[15.15727,48.98454],[15.15703,48.98442],[15.15665,48.98425],[15.15649,48.9842],[15.15611,48.98416],[15.15606,48.98416],[15.15599,48.98419],[15.15582,48.9842],[15.1556,48.98417],[15.15551,48.98419],[15.1554,48.98425],[15.15536,48.98437],[15.15534,48.9844],[15.15527,48.98441],[15.15526,48.98445],[15.15515,48.98446],[15.15501,48.98443],[15.15489,48.98452],[15.15478,48.98447],[15.15447,48.98448],[15.15435,48.98452],[15.15402,48.98457],[15.15382,48.98457],[15.15297,48.98451],[15.15282,48.98442],[15.15271,48.98418],[15.15267,48.98401],[15.15251,48.98371],[15.15224,48.98345],[15.15147,48.98291],[15.15125,48.9826],[15.15114,48.98242],[15.1511,48.98228],[15.15112,48.98225],[15.15118,48.98221],[15.1512,48.98215],[15.15118,48.98211],[15.1512,48.98202],[15.15129,48.98186],[15.15136,48.98167],[15.15136,48.98162],[15.15133,48.98159],[15.15129,48.98121],[15.15109,48.98095],[15.15123,48.98071],[15.15175,48.98063],[15.15182,48.98034],[15.15211,48.97969],[15.1527,48.97943],[15.15294,48.97904],[15.15319,48.97891],[15.15507,48.97867],[15.15591,48.9786],[15.15643,48.9785],[15.15722,48.97839],[15.15919,48.97792],[15.16116,48.97792],[15.16204,48.97771],[15.16281,48.97667],[15.1629,48.97637],[15.16303,48.97614],[15.1631,48.9759],[15.16314,48.97554],[15.16307,48.97539],[15.1609,48.9735],[15.16038,48.97301],[15.15946,48.9721],[15.16025,48.97189],[15.16102,48.97158],[15.16168,48.97133],[15.16215,48.97111],[15.16288,48.97097],[15.16358,48.97087],[15.16393,48.97079],[15.16437,48.97061],[15.16461,48.97048],[15.16529,48.97007],[15.16558,48.96992],[15.16561,48.96964],[15.1658,48.96937],[15.16614,48.96876],[15.1666,48.9683],[15.16676,48.96818],[15.16725,48.96795],[15.16739,48.96785],[15.16782,48.96751],[15.16799,48.96737],[15.1683,48.96716],[15.16838,48.96708],[15.16844,48.96697],[15.16852,48.96673],[15.16853,48.9662],[15.16846,48.96568],[15.16846,48.96542],[15.16856,48.96491],[15.16861,48.96427],[15.16865,48.9642],[15.16908,48.96381],[15.16944,48.96341],[15.16965,48.963],[15.16973,48.96277],[15.16971,48.96258],[15.16979,48.96225],[15.16969,48.96204],[15.16967,48.96183],[15.16968,48.9616],[15.16965,48.96146],[15.16967,48.96145],[15.16961,48.96141],[15.16948,48.96123],[15.16937,48.961],[15.16928,48.96087],[15.1691,48.96043],[15.16879,48.96018],[15.1683,48.95983],[15.16733,48.95893],[15.16687,48.95858],[15.16517,48.95825],[15.16456,48.95838],[15.16388,48.95799],[15.16292,48.95752],[15.16243,48.95734],[15.16233,48.95651],[15.16243,48.95601],[15.16204,48.95547],[15.16164,48.955],[15.16175,48.95443],[15.16171,48.95351],[15.16173,48.95307],[15.161,48.95235],[15.16062,48.95201],[15.16008,48.95166],[15.15982,48.95115],[15.15919,48.95064],[15.15876,48.95046],[15.15826,48.95018],[15.15782,48.94996],[15.15759,48.94973],[15.15737,48.94944],[15.15663,48.94814],[15.15645,48.94771],[15.15579,48.9468],[15.15538,48.94614],[15.15582,48.946],[15.1559,48.94601],[15.15622,48.94591],[15.15674,48.94581],[15.1577,48.94555],[15.15865,48.94519],[15.1589,48.94511],[15.15913,48.94506],[15.15938,48.94475],[15.16004,48.94407],[15.16051,48.94347],[15.16061,48.94329],[15.16066,48.94306],[15.16062,48.94297],[15.16061,48.94282],[15.16054,48.94273],[15.16047,48.94269],[15.16054,48.94258],[15.1605,48.94253],[15.16033,48.942],[15.16029,48.94197],[15.16032,48.94187],[15.16024,48.94169],[15.1603,48.9417],[15.16034,48.94176],[15.16043,48.94177],[15.16049,48.94182],[15.16055,48.94182],[15.16079,48.94177],[15.16094,48.94181],[15.16106,48.94181],[15.16129,48.94186],[15.16131,48.9419],[15.16134,48.94191],[15.16142,48.94205],[15.16148,48.94208],[15.16171,48.9421],[15.16194,48.94217],[15.16206,48.94226],[15.16208,48.94233],[15.16213,48.94236],[15.16224,48.94238],[15.16279,48.94266],[15.16291,48.94259],[15.16352,48.94295],[15.16354,48.94296],[15.16375,48.94293],[15.1638,48.94299],[15.16384,48.943],[15.16389,48.94297],[15.164,48.94299],[15.16412,48.94299],[15.16418,48.94297],[15.16433,48.94298],[15.16444,48.94303],[15.16446,48.9431],[15.16454,48.94315],[15.16466,48.94308],[15.16469,48.94309],[15.16478,48.94316],[15.16478,48.94322],[15.16488,48.94325],[15.16495,48.94324],[15.16511,48.94334],[15.16518,48.94333],[15.16521,48.94335],[15.16524,48.94338],[15.16522,48.94341],[15.16526,48.94344],[15.16526,48.94355],[15.16537,48.94356],[15.16539,48.94358],[15.16538,48.94363],[15.16532,48.94369],[15.1654,48.94379],[15.16539,48.94385],[15.16545,48.9439],[15.1656,48.94393],[15.16572,48.94398],[15.16574,48.94393],[15.16591,48.94391],[15.16592,48.94387],[15.16589,48.94385],[15.16595,48.94381],[15.16598,48.94374],[15.16603,48.94371],[15.16608,48.94375],[15.16604,48.94381],[15.16608,48.94385],[15.16616,48.94383],[15.16623,48.94384],[15.16629,48.94382],[15.16669,48.9438],[15.16671,48.94383],[15.16677,48.94385],[15.16683,48.94382],[15.16698,48.94378],[15.16805,48.94304],[15.16893,48.94302],[15.16926,48.94291],[15.16933,48.94293],[15.16967,48.94309],[15.1699,48.94303],[15.17018,48.94304],[15.1703,48.94323],[15.17037,48.94331],[15.17063,48.94334],[15.17089,48.9434],[15.17124,48.94357],[15.17157,48.94376],[15.17177,48.9438],[15.17177,48.9439],[15.17172,48.94394],[15.1712,48.94414],[15.17103,48.94433],[15.17106,48.94437],[15.17129,48.94446],[15.17141,48.94456],[15.17126,48.94488],[15.17136,48.94495],[15.17175,48.94486],[15.17239,48.94519],[15.17279,48.94519],[15.17316,48.94512],[15.17363,48.94524],[15.17405,48.94557],[15.174,48.94573],[15.17384,48.94607],[15.17385,48.94612],[15.1742,48.94625],[15.17454,48.94645],[15.17465,48.94649],[15.17473,48.94657],[15.17479,48.94659],[15.17495,48.94677],[15.17492,48.94689],[15.17515,48.94699],[15.17533,48.94705],[15.17549,48.94707],[15.17568,48.94702],[15.17594,48.94709],[15.17607,48.94722],[15.17629,48.94739],[15.17635,48.9475],[15.17644,48.94754],[15.17661,48.94757],[15.17681,48.94765],[15.17701,48.94769],[15.17708,48.94768],[15.17713,48.94764],[15.17785,48.94725],[15.17897,48.94692],[15.17988,48.94661],[15.18104,48.94576],[15.18189,48.94521],[15.18275,48.94494],[15.18514,48.94449],[15.18668,48.94408],[15.18758,48.94376],[15.18825,48.94338],[15.18925,48.94302],[15.18961,48.94313],[15.19029,48.94329],[15.19175,48.94417],[15.19208,48.94428],[15.19286,48.94464],[15.19294,48.94462],[15.19279,48.94488],[15.19268,48.94516],[15.19252,48.94539],[15.19232,48.94561],[15.19223,48.94568],[15.19261,48.94594],[15.19307,48.94618],[15.1947,48.94683],[15.19515,48.94703],[15.19601,48.94744],[15.19611,48.94752],[15.19628,48.9477],[15.19647,48.9478],[15.19689,48.94798],[15.19735,48.94827],[15.19834,48.94958],[15.19903,48.95036],[15.19919,48.95057],[15.19968,48.95131],[15.20002,48.95221],[15.20159,48.95265],[15.20348,48.95319],[15.20531,48.9535],[15.2059,48.95397],[15.20642,48.95446],[15.2077,48.95512],[15.20843,48.95532],[15.20928,48.9559],[15.2094,48.95594],[15.20964,48.95655],[15.20977,48.95704],[15.20957,48.95753],[15.21169,48.95714],[15.21279,48.95688],[15.2138,48.95773],[15.21458,48.95818],[15.2158,48.95834],[15.21663,48.95862],[15.2172,48.95873],[15.21786,48.95883],[15.21943,48.95872],[15.22005,48.95869],[15.22162,48.95849],[15.22256,48.95905],[15.2227,48.95911],[15.22296,48.95927],[15.22302,48.95925],[15.22326,48.95944],[15.2239,48.95971],[15.22399,48.95987],[15.22415,48.9599],[15.22415,48.95994],[15.22423,48.96001],[15.22445,48.96014],[15.22502,48.96003],[15.2252,48.95997],[15.22534,48.95995],[15.22537,48.95996],[15.22573,48.95989],[15.22594,48.95981],[15.226,48.95984],[15.22618,48.95978],[15.22623,48.95974],[15.22631,48.95975],[15.22646,48.95961],[15.22655,48.95957],[15.2266,48.95957],[15.22668,48.95952],[15.22677,48.9595],[15.22687,48.95945],[15.22687,48.95943],[15.227,48.9594],[15.22704,48.95934],[15.22709,48.95932],[15.2272,48.95933],[15.22723,48.95931],[15.22728,48.95924],[15.22735,48.95923],[15.22746,48.95925],[15.22749,48.9593],[15.22757,48.9593],[15.22761,48.95932],[15.2277,48.95932],[15.22781,48.95924],[15.22796,48.95919],[15.22801,48.95912],[15.22821,48.95909],[15.22824,48.95907],[15.22843,48.95907],[15.22855,48.95903],[15.22855,48.95902],[15.2286,48.959],[15.22912,48.95901],[15.22918,48.95903],[15.22932,48.95904],[15.22934,48.95905],[15.22942,48.95906],[15.22957,48.95906],[15.2296,48.95904],[15.22983,48.95913],[15.23017,48.95912],[15.2307,48.95907],[15.231,48.95902],[15.23252,48.95908],[15.23318,48.95901],[15.23366,48.95885],[15.23382,48.95865],[15.2341,48.95855],[15.23433,48.9585],[15.23482,48.95847],[15.23516,48.95835],[15.2353,48.95835],[15.23532,48.95833],[15.23546,48.95835],[15.23568,48.95827],[15.23591,48.95827],[15.23592,48.95823],[15.2361,48.95821],[15.2362,48.95816],[15.23639,48.95813],[15.23654,48.95805],[15.23656,48.95791],[15.23658,48.95788],[15.23671,48.9578],[15.23679,48.95778],[15.23685,48.95783],[15.23694,48.95784],[15.23704,48.9578],[15.23707,48.95776],[15.23718,48.95775],[15.23726,48.95776],[15.23737,48.95775],[15.23741,48.95773],[15.2374,48.95767],[15.23741,48.95766],[15.23745,48.95765],[15.23752,48.95768],[15.23757,48.95768],[15.23761,48.95764],[15.23767,48.95766],[15.23785,48.9576],[15.23788,48.95757],[15.23796,48.9576],[15.23801,48.95756],[15.23805,48.95756],[15.23807,48.95758],[15.23804,48.95764],[15.2381,48.95767],[15.2382,48.95764],[15.23827,48.95765],[15.23833,48.95762],[15.23839,48.95762],[15.2384,48.95757],[15.23852,48.95754],[15.23922,48.95827],[15.24007,48.95901],[15.24052,48.95929],[15.24062,48.95934],[15.24082,48.9594],[15.24102,48.95943],[15.24138,48.95945],[15.24282,48.95941],[15.24347,48.95937],[15.24348,48.95954],[15.24376,48.95953],[15.24373,48.95943],[15.24378,48.95942],[15.24556,48.95942],[15.24588,48.95944],[15.24631,48.95949],[15.2464,48.95951],[15.24739,48.95835],[15.24768,48.95815],[15.24803,48.95799],[15.25057,48.95738],[15.2532,48.95669],[15.25342,48.9566],[15.25362,48.9565],[15.25458,48.95591],[15.25587,48.95551],[15.25644,48.95527],[15.25659,48.95516],[15.25662,48.95513],[15.25663,48.95501],[15.25692,48.95499],[15.25783,48.95476],[15.25812,48.95466],[15.25916,48.95421],[15.26006,48.95391],[15.26132,48.95364],[15.26162,48.95365],[15.26169,48.95371],[15.26149,48.95381],[15.26145,48.95392],[15.26143,48.95397],[15.26137,48.95405],[15.26136,48.9541],[15.2614,48.95412],[15.26164,48.95419],[15.26167,48.95422],[15.26165,48.95439],[15.26171,48.95449],[15.26187,48.95454],[15.26194,48.95465],[15.26179,48.95472],[15.26171,48.95481],[15.26172,48.95484],[15.26179,48.95486],[15.26194,48.95485],[15.26199,48.95493],[15.26195,48.955],[15.26195,48.95512],[15.26199,48.95517],[15.26205,48.9553],[15.26194,48.95537],[15.26196,48.95545],[15.26204,48.95554],[15.262,48.95573],[15.26187,48.9559],[15.26192,48.95603],[15.26199,48.95608],[15.2622,48.95613],[15.26233,48.9562],[15.26232,48.95622],[15.26225,48.95623],[15.26186,48.95625],[15.26185,48.95627],[15.26186,48.95633],[15.26204,48.95647],[15.26211,48.95657],[15.26223,48.9566],[15.26225,48.95662],[15.26226,48.95669],[15.26198,48.95696],[15.26193,48.95704],[15.26196,48.95715],[15.26196,48.95738],[15.26193,48.95759],[15.26272,48.95768],[15.26358,48.95779],[15.2636,48.95777],[15.26368,48.95777],[15.26383,48.95784],[15.26399,48.95787],[15.26402,48.9579],[15.26418,48.95794],[15.26439,48.95797],[15.26455,48.95796],[15.26462,48.95794],[15.26465,48.95791],[15.2647,48.95792],[15.26474,48.95789],[15.26477,48.9579],[15.26486,48.95788],[15.26485,48.95783],[15.26492,48.95783],[15.26498,48.95781],[15.26517,48.9578],[15.26533,48.95774],[15.2655,48.95773],[15.26569,48.95766],[15.26584,48.95758],[15.26591,48.95751],[15.2661,48.95743],[15.26635,48.95738],[15.26643,48.95733],[15.26662,48.9573],[15.26672,48.95727],[15.2668,48.9572],[15.26788,48.95704],[15.2684,48.95703],[15.26888,48.95795],[15.26907,48.95827],[15.26898,48.95871],[15.26842,48.95992],[15.26835,48.96029],[15.26787,48.96097],[15.26762,48.96143],[15.26751,48.96182],[15.26739,48.96251],[15.26737,48.96294],[15.26727,48.96348],[15.26729,48.96381],[15.26727,48.96388],[15.26685,48.96386],[15.26657,48.96401],[15.26648,48.96393],[15.26632,48.96393],[15.26537,48.96404],[15.26553,48.96443],[15.26584,48.96495],[15.26606,48.96545],[15.26645,48.96622],[15.2667,48.96664],[15.26715,48.9672],[15.26752,48.96716],[15.26945,48.9671],[15.27189,48.96639],[15.27371,48.96911],[15.27483,48.97053],[15.27607,48.9714],[15.27664,48.9721],[15.27747,48.97365],[15.27895,48.97563],[15.2802,48.97702],[15.28059,48.97818],[15.28137,48.97936],[15.28183,48.98075],[15.27876,48.98262],[15.27794,48.98295],[15.27759,48.98369],[15.2776,48.98413],[15.27704,48.98494],[15.27687,48.98515],[15.27578,48.98584],[15.27599,48.98658],[15.27593,48.98681],[15.27566,48.98751],[15.27569,48.98835],[15.27607,48.98993],[15.27687,48.99038],[15.27709,48.99124],[15.27679,48.99218],[15.27698,48.99292],[15.27709,48.99334],[15.27779,48.99461],[15.27887,48.99466],[15.28182,48.99407],[15.28296,48.99346],[15.28456,48.99316],[15.28945,48.99273],[15.28977,48.99259],[15.29041,48.99204],[15.29036,48.99166],[15.29044,48.99154],[15.29116,48.99108],[15.29167,48.99028],[15.29222,48.98993],[15.29277,48.9898],[15.29341,48.98944],[15.29368,48.98908],[15.29367,48.98907],[15.29291,48.9884],[15.29243,48.98745],[15.29178,48.98693],[15.29226,48.98571],[15.2921,48.98522],[15.29103,48.98432],[15.29186,48.98393],[15.29287,48.98318],[15.29446,48.98253],[15.29516,48.98245],[15.29511,48.98228],[15.29598,48.98211],[15.29603,48.9817],[15.29689,48.98071],[15.29818,48.98046],[15.29867,48.98015],[15.29969,48.97984],[15.30117,48.97974],[15.30293,48.97939],[15.30442,48.97885],[15.30569,48.97792],[15.30848,48.97928],[15.31057,48.98001],[15.31209,48.98075],[15.31248,48.98056],[15.31604,48.97901],[15.31956,48.97713],[15.32173,48.97613],[15.32249,48.97666],[15.32532,48.97815],[15.32699,48.9792],[15.32718,48.97943],[15.32699,48.97981],[15.32805,48.98015],[15.3277,48.98063],[15.32954,48.98246],[15.3298,48.98232],[15.33106,48.98321],[15.3317,48.98392],[15.33223,48.98483],[15.33263,48.98456],[15.33296,48.9844],[15.33376,48.98396],[15.33389,48.98387],[15.3348,48.98356],[15.33605,48.98323],[15.33715,48.98326],[15.33741,48.98333],[15.3376,48.98347],[15.33797,48.98341],[15.33884,48.98328],[15.33907,48.98328],[15.33999,48.98332],[15.34037,48.98332],[15.3408,48.98333],[15.34131,48.98374],[15.34182,48.98392],[15.34224,48.98402],[15.3427,48.98407],[15.34293,48.98408],[15.34306,48.98408],[15.34315,48.98406],[15.34334,48.98399],[15.34395,48.98366],[15.34438,48.98421],[15.34528,48.98402],[15.34546,48.984],[15.34556,48.98401],[15.34582,48.98405],[15.34598,48.98416],[15.34622,48.98432],[15.34702,48.98402],[15.34803,48.98481],[15.34838,48.98478],[15.34899,48.98464],[15.35001,48.98434],[15.35015,48.98432],[15.35076,48.98425],[15.35084,48.98425],[15.35098,48.98423],[15.35113,48.98421],[15.35175,48.98414],[15.35241,48.98412],[15.35283,48.98411],[15.35324,48.98406],[15.35349,48.98399],[15.35395,48.98385],[15.3541,48.9838],[15.35504,48.98338],[15.35605,48.98285],[15.35745,48.98215],[15.35837,48.98228],[15.35915,48.98234],[15.35942,48.98235],[15.35981,48.98232],[15.35995,48.98231],[15.3602,48.98228],[15.36065,48.98219],[15.36178,48.98205],[15.36208,48.982],[15.36255,48.98194],[15.36288,48.9819],[15.36352,48.98194],[15.36437,48.98189],[15.36532,48.98175],[15.36541,48.98174],[15.36588,48.98171],[15.36645,48.98152],[15.36664,48.98168],[15.36697,48.98188],[15.36744,48.98168],[15.3678,48.98144],[15.36815,48.98117],[15.36859,48.981],[15.36877,48.9807],[15.36895,48.98048],[15.3693,48.98022],[15.36979,48.98011],[15.37019,48.98002],[15.37072,48.97991],[15.37115,48.97987],[15.37154,48.97981],[15.37182,48.97978],[15.37192,48.97974],[15.37232,48.97954],[15.37249,48.97937],[15.37293,48.97894],[15.37313,48.97872],[15.37347,48.97839],[15.37382,48.97808],[15.37415,48.97778],[15.37453,48.97751],[15.37552,48.97701],[15.37582,48.97691],[15.37597,48.97687],[15.3764,48.97673],[15.3772,48.97654],[15.37751,48.97649],[15.37811,48.97644],[15.37852,48.97642],[15.37886,48.97632],[15.37958,48.97612],[15.37992,48.97602],[15.38006,48.97596],[15.38059,48.97556],[15.38069,48.97551],[15.38116,48.97533],[15.38148,48.97514],[15.382,48.97489],[15.38237,48.97469],[15.38288,48.9744],[15.38315,48.97424],[15.38331,48.97417],[15.38372,48.97402],[15.38388,48.97396],[15.38407,48.97384],[15.38461,48.97369],[15.38508,48.97359],[15.38571,48.97347],[15.38597,48.9734],[15.38652,48.97322],[15.38741,48.97293],[15.38772,48.97279],[15.38792,48.97272],[15.38903,48.97255],[15.38943,48.97213],[15.38945,48.97194],[15.38916,48.97149],[15.38898,48.97121],[15.38907,48.971],[15.38956,48.97045],[15.38972,48.97017],[15.39001,48.96981],[15.39011,48.96965],[15.39017,48.96947],[15.39024,48.96908],[15.39045,48.96854],[15.39058,48.9683],[15.3908,48.96797],[15.39088,48.96779],[15.39098,48.96735],[15.39099,48.96724],[15.391,48.96716],[15.39097,48.96707],[15.39103,48.96706],[15.39117,48.96687],[15.39133,48.96668],[15.39141,48.9666],[15.39152,48.96648],[15.39178,48.96627],[15.39202,48.9661],[15.39257,48.9658],[15.39283,48.96562],[15.39366,48.96521],[15.39446,48.96497],[15.39514,48.96471],[15.39578,48.96456],[15.39646,48.96447],[15.39732,48.96436],[15.3981,48.96425],[15.39848,48.96424],[15.3992,48.96427],[15.39961,48.96425],[15.40002,48.96424],[15.40093,48.96406],[15.40172,48.96393],[15.40238,48.96377],[15.40291,48.9636],[15.4034,48.96344],[15.40383,48.96319],[15.40441,48.96287],[15.40485,48.96256],[15.40523,48.96212],[15.40575,48.96164],[15.40608,48.96143],[15.40633,48.96122],[15.40703,48.96058],[15.40751,48.96031],[15.40813,48.95991],[15.40867,48.95948],[15.40896,48.95913],[15.40933,48.9588],[15.40988,48.95844],[15.41043,48.958],[15.4105,48.95794],[15.41081,48.95766],[15.41127,48.9573],[15.4118,48.95694],[15.41225,48.95663],[15.41277,48.95634],[15.41335,48.95606],[15.41401,48.95576],[15.41466,48.95548],[15.41515,48.95533],[15.41554,48.95521],[15.41591,48.95509],[15.41678,48.95484],[15.41729,48.95469],[15.41795,48.95454],[15.41868,48.95431],[15.41968,48.95401],[15.42012,48.95382],[15.42027,48.95376],[15.42078,48.95347],[15.42135,48.95322],[15.42204,48.95288],[15.4229,48.95239],[15.42327,48.95222],[15.4247,48.95164],[15.42475,48.95161],[15.42543,48.9517],[15.42602,48.95166],[15.42663,48.95159],[15.42705,48.95154],[15.42775,48.95147],[15.42829,48.95139],[15.42872,48.95133],[15.42952,48.9512],[15.43035,48.95101],[15.4317,48.95064],[15.43282,48.95036],[15.43377,48.9501],[15.43401,48.95004],[15.43429,48.94999],[15.43459,48.94996],[15.43489,48.94993],[15.43506,48.94994],[15.43523,48.94998],[15.43548,48.95001],[15.43589,48.95003],[15.43639,48.95003],[15.43661,48.95004],[15.43703,48.95002],[15.43723,48.95002],[15.43742,48.95003],[15.43833,48.9501],[15.43857,48.95012],[15.43866,48.95013],[15.43935,48.95031],[15.4398,48.95032],[15.44003,48.95031],[15.44074,48.95031],[15.44098,48.9503],[15.44107,48.95031],[15.44121,48.95037],[15.44136,48.95053],[15.44147,48.95064],[15.44155,48.9507],[15.44162,48.95074],[15.44176,48.95079],[15.44195,48.95083],[15.44213,48.95084],[15.44238,48.95085],[15.4428,48.95085],[15.44288,48.95085],[15.44306,48.95085],[15.44329,48.95088],[15.44335,48.9508],[15.4435,48.95084],[15.44389,48.95101],[15.44452,48.95092],[15.44506,48.95076],[15.44656,48.95023],[15.44676,48.95018],[15.44707,48.95014],[15.44781,48.95011],[15.44843,48.95007],[15.44859,48.95005],[15.44961,48.94994],[15.44988,48.94989],[15.45051,48.9498],[15.45077,48.94971],[15.45089,48.94966],[15.45114,48.94951],[15.45143,48.94926],[15.45145,48.94928],[15.45167,48.94906],[15.45173,48.94897],[15.4518,48.94893],[15.45224,48.94837],[15.45239,48.94801],[15.4525,48.94791],[15.45259,48.94769],[15.45258,48.94766],[15.4526,48.94762],[15.45288,48.9474],[15.45286,48.94739],[15.45315,48.94719],[15.45339,48.94699],[15.45372,48.94665],[15.45409,48.9464],[15.45438,48.94624],[15.45489,48.94599],[15.4553,48.94579],[15.45553,48.94564],[15.45572,48.94546],[15.45589,48.94529],[15.45663,48.94568],[15.45714,48.94596],[15.45745,48.94609],[15.4577,48.94614],[15.45803,48.94618],[15.4583,48.94624],[15.45889,48.94658],[15.4593,48.9468],[15.45951,48.94692],[15.45967,48.94708],[15.45987,48.94735],[15.45999,48.94749],[15.46035,48.94784],[15.46055,48.94802],[15.46085,48.94827],[15.46111,48.94846],[15.46161,48.94877],[15.46219,48.94898],[15.46251,48.94914],[15.46281,48.94926],[15.46329,48.9494],[15.46361,48.94948],[15.46397,48.94958],[15.46425,48.9497],[15.46518,48.95025],[15.46521,48.95027],[15.46584,48.95084],[15.46608,48.95103],[15.46612,48.95107],[15.46611,48.95107],[15.46637,48.9515],[15.46684,48.95137],[15.46711,48.95138],[15.46738,48.95142],[15.4675,48.95144],[15.46764,48.95147],[15.46788,48.95155],[15.46807,48.95162],[15.46849,48.95182],[15.46866,48.9517],[15.46882,48.95156],[15.46897,48.95138],[15.46929,48.95088],[15.46938,48.95066],[15.46987,48.95069],[15.46989,48.95056],[15.47011,48.95018],[15.47029,48.94997],[15.47072,48.9496],[15.47161,48.94871],[15.47174,48.94876],[15.47261,48.94812],[15.47358,48.9474],[15.47343,48.94686],[15.47342,48.94663],[15.47339,48.94637],[15.47433,48.94621],[15.47519,48.94607],[15.47625,48.9459],[15.47732,48.9457],[15.47723,48.94528],[15.47716,48.94502],[15.47704,48.9445],[15.47774,48.94441],[15.47817,48.9444],[15.47865,48.94446],[15.47878,48.94411],[15.47886,48.94402],[15.47909,48.94406],[15.47914,48.94407],[15.4795,48.94423],[15.4801,48.94359],[15.48061,48.94373],[15.48109,48.94379],[15.48182,48.94373],[15.48246,48.94377],[15.48282,48.94374],[15.48282,48.94372],[15.48314,48.94372],[15.48367,48.94357],[15.48432,48.94337],[15.48443,48.94332],[15.48491,48.94315],[15.48508,48.94307],[15.48555,48.94289],[15.4862,48.9427],[15.4863,48.94266],[15.48682,48.9423],[15.48729,48.94199],[15.48782,48.94156],[15.48813,48.94132],[15.48842,48.94111],[15.48875,48.94093],[15.48918,48.94071],[15.48922,48.94069],[15.4894,48.94061],[15.49001,48.9404],[15.4904,48.94033],[15.49053,48.9403],[15.4916,48.94017],[15.49258,48.93993],[15.49351,48.93975],[15.49497,48.93952],[15.49628,48.93925],[15.49677,48.93908],[15.49744,48.93877],[15.49769,48.93868],[15.49823,48.93851],[15.49875,48.93826],[15.49881,48.93823],[15.49892,48.93817],[15.49898,48.93811],[15.49913,48.93797],[15.49943,48.93773],[15.49973,48.93749],[15.49997,48.93733],[15.50021,48.93713],[15.5004,48.93702],[15.50055,48.93691],[15.50074,48.93678],[15.50096,48.93665],[15.50112,48.93657],[15.50134,48.93646],[15.50165,48.93625],[15.50191,48.93605],[15.50201,48.93597],[15.50217,48.93579],[15.50229,48.9356],[15.50235,48.93545],[15.50236,48.93534],[15.50237,48.93516],[15.50235,48.9348],[15.50231,48.93449],[15.5023,48.93432],[15.5023,48.93423],[15.50228,48.93402],[15.50226,48.93366],[15.5023,48.93327],[15.50235,48.93289],[15.50241,48.9327],[15.50248,48.9325],[15.50263,48.93213],[15.50278,48.93186],[15.50295,48.93147],[15.50309,48.93109],[15.50326,48.93074],[15.50335,48.93059],[15.50354,48.92982],[15.50356,48.92953],[15.50354,48.92929],[15.50346,48.92902],[15.5034,48.92879],[15.50333,48.92826],[15.50324,48.92796],[15.50322,48.92784],[15.50321,48.92782],[15.5033,48.92765],[15.50338,48.92743],[15.50355,48.92716],[15.50374,48.92696],[15.50407,48.92672],[15.50429,48.9266],[15.50511,48.92625],[15.50525,48.92616],[15.50532,48.92608],[15.5054,48.92595],[15.5055,48.92575],[15.50545,48.92576],[15.50543,48.92546],[15.5052,48.92461],[15.50534,48.92458],[15.50538,48.92452],[15.50537,48.92433],[15.50532,48.92412],[15.50529,48.92392],[15.50528,48.92381],[15.5053,48.92346],[15.5053,48.92341],[15.50527,48.92323],[15.50527,48.92307],[15.50526,48.9227],[15.50528,48.92225],[15.50529,48.92204],[15.50533,48.92171],[15.5054,48.92133],[15.50544,48.92133],[15.5055,48.92124],[15.50559,48.92095],[15.50582,48.92041],[15.50607,48.91958],[15.50615,48.91946],[15.50638,48.91918],[15.50654,48.91902],[15.50691,48.91885],[15.50722,48.91872],[15.50754,48.91861],[15.50808,48.9184],[15.5091,48.9179],[15.5096,48.91755],[15.51022,48.91705],[15.51032,48.91697],[15.51048,48.9168],[15.51063,48.91661],[15.5107,48.91652],[15.51104,48.9161],[15.5113,48.91576],[15.5114,48.91561],[15.51145,48.91549],[15.51154,48.91527],[15.51158,48.91517],[15.51169,48.91506],[15.51175,48.91502],[15.51185,48.91494],[15.51197,48.91486],[15.51209,48.91478],[15.51296,48.91437],[15.51339,48.91412],[15.51472,48.91374],[15.51517,48.91363],[15.51547,48.91357],[15.51577,48.91351],[15.51607,48.91345],[15.51636,48.9134],[15.517,48.91331],[15.51779,48.91316],[15.51871,48.91304],[15.51909,48.913],[15.52009,48.91282],[15.52085,48.91263],[15.52129,48.91254],[15.52264,48.91237],[15.52313,48.91232],[15.52381,48.91224],[15.52411,48.91221],[15.52443,48.91219],[15.52529,48.91207],[15.52601,48.91198],[15.52674,48.91188],[15.52724,48.91183],[15.52738,48.91181],[15.52747,48.91181],[15.52795,48.91176],[15.52815,48.91172],[15.52834,48.91168],[15.52856,48.91161],[15.52931,48.91137],[15.52964,48.91126],[15.52982,48.91119],[15.53038,48.91097],[15.53064,48.91089],[15.53091,48.91083],[15.53189,48.91068],[15.53256,48.91056],[15.53354,48.91035],[15.53391,48.91027],[15.53462,48.9101],[15.53494,48.91001],[15.53563,48.90976],[15.53632,48.90951],[15.53664,48.90937],[15.53713,48.90919],[15.53753,48.90905],[15.53796,48.90891],[15.53834,48.90882],[15.53959,48.90849],[15.541,48.90804],[15.54099,48.90803],[15.54122,48.90797],[15.54144,48.90792],[15.542,48.90782],[15.54242,48.90774],[15.54349,48.90751],[15.54424,48.90737],[15.54467,48.9073],[15.54534,48.90718],[15.54559,48.90713],[15.54612,48.90701],[15.547,48.90675],[15.54754,48.90661],[15.5484,48.90638],[15.54902,48.90623],[15.55096,48.90587],[15.55137,48.90583],[15.55279,48.90561],[15.553,48.90558],[15.55312,48.90558],[15.55342,48.90555],[15.55367,48.90552],[15.55385,48.90549],[15.55459,48.90537],[15.5554,48.90524],[15.55577,48.90518],[15.55604,48.90513],[15.55652,48.90503],[15.55688,48.90495],[15.55812,48.9047],[15.55834,48.90466],[15.55853,48.90461],[15.5586,48.90459],[15.55862,48.9046],[15.55909,48.90446],[15.55946,48.90433],[15.55983,48.90421],[15.56016,48.90408],[15.56078,48.90382],[15.56121,48.9036],[15.56163,48.90339],[15.5619,48.90325],[15.56218,48.90313],[15.56278,48.90288],[15.56306,48.90275],[15.56382,48.90238],[15.56442,48.90211],[15.56479,48.90194],[15.56505,48.90183],[15.56599,48.90147],[15.5668,48.90115],[15.56697,48.90108],[15.56712,48.901],[15.56755,48.90079],[15.56765,48.90073],[15.56767,48.9007],[15.56776,48.90063],[15.5679,48.90058],[15.56802,48.90046],[15.56807,48.90043],[15.56812,48.9004],[15.5683,48.90038],[15.56856,48.9003],[15.56876,48.90018],[15.56889,48.90014],[15.56902,48.90009],[15.56922,48.90005],[15.56936,48.89999],[15.56949,48.89992],[15.56953,48.89987],[15.56964,48.89983],[15.57021,48.8995],[15.57026,48.89946],[15.5704,48.89941],[15.57044,48.89939],[15.57048,48.89935],[15.5705,48.89932],[15.57059,48.89927],[15.57083,48.89919],[15.57091,48.89917],[15.57097,48.89913],[15.57102,48.89911],[15.57107,48.89902],[15.57119,48.89894],[15.57122,48.8989],[15.57128,48.89886],[15.57143,48.8988],[15.57155,48.89877],[15.57158,48.89868],[15.57166,48.89865],[15.57185,48.89861],[15.57189,48.8986],[15.5719,48.89858],[15.57194,48.89852],[15.57197,48.89844],[15.57208,48.8984],[15.57216,48.89837],[15.57234,48.89826],[15.57256,48.89824],[15.57262,48.89823],[15.57273,48.89814],[15.57284,48.8981],[15.57306,48.89805],[15.57309,48.89803],[15.57312,48.89799],[15.57317,48.89792],[15.57329,48.89778],[15.57331,48.89771],[15.57347,48.89754],[15.57358,48.89748],[15.57365,48.89744],[15.57524,48.89669],[15.57545,48.89661],[15.57711,48.89609],[15.57787,48.89588],[15.578,48.89586],[15.57813,48.89585],[15.57852,48.89583],[15.58033,48.89571],[15.58069,48.8957],[15.58102,48.89571],[15.58131,48.89574],[15.5829,48.896],[15.5832,48.89605],[15.58353,48.89609],[15.58387,48.8961],[15.58415,48.8961],[15.58476,48.89606],[15.58642,48.89596],[15.5866,48.89596],[15.5868,48.89597],[15.58694,48.89597],[15.58709,48.89599],[15.58738,48.89603],[15.58921,48.8963],[15.58971,48.89649],[15.58999,48.89649],[15.59003,48.89644],[15.59008,48.89641],[15.59002,48.89633],[15.59007,48.89633],[15.59018,48.89638],[15.59027,48.89644],[15.59031,48.89645],[15.59038,48.89643],[15.59055,48.89645],[15.59061,48.89639],[15.59069,48.89643],[15.59089,48.89644],[15.59094,48.89641],[15.59103,48.89646],[15.59117,48.89645],[15.59121,48.89644],[15.59123,48.89647],[15.59123,48.8965],[15.59114,48.8965],[15.59115,48.89656],[15.59117,48.89663],[15.59119,48.89666],[15.59122,48.89667],[15.5914,48.89668],[15.59147,48.8967],[15.59151,48.89669],[15.59155,48.89664],[15.59158,48.89657],[15.59161,48.89655],[15.59174,48.89655],[15.59177,48.89651],[15.59174,48.89648],[15.59173,48.89644],[15.5918,48.8964],[15.59186,48.89641],[15.59194,48.89645],[15.59202,48.89646],[15.59212,48.89649],[15.59216,48.89651],[15.59224,48.89651],[15.59233,48.89648],[15.59247,48.89648],[15.5925,48.89643],[15.59253,48.89641],[15.59255,48.89641],[15.59259,48.89644],[15.59258,48.89647],[15.59261,48.89652],[15.59263,48.89654],[15.59285,48.89653],[15.59289,48.89647],[15.59293,48.89643],[15.593,48.89643],[15.59303,48.89641],[15.59306,48.89644],[15.59302,48.89647],[15.59303,48.89649],[15.5931,48.8965],[15.59316,48.8965],[15.59319,48.89644],[15.59316,48.89641],[15.59322,48.89639],[15.59328,48.89641],[15.59333,48.89642],[15.59339,48.89646],[15.59338,48.89651],[15.59358,48.8966],[15.5937,48.89662],[15.59379,48.89669],[15.59387,48.89666],[15.59385,48.89664],[15.59385,48.89656],[15.59393,48.89652],[15.59415,48.89659],[15.59415,48.89662],[15.59422,48.89667],[15.59421,48.89672],[15.59411,48.89673],[15.59405,48.89678],[15.59401,48.89682],[15.59399,48.89685],[15.59391,48.89683],[15.5939,48.89681],[15.59386,48.89681],[15.59381,48.89687],[15.59383,48.89688],[15.59386,48.8969],[15.59388,48.89694],[15.59398,48.89697],[15.59408,48.89704],[15.59419,48.89705],[15.59439,48.89704],[15.59452,48.897],[15.59459,48.89703],[15.5947,48.89701],[15.59473,48.897],[15.59478,48.89703],[15.5948,48.89711],[15.59488,48.8971],[15.59501,48.89711],[15.59508,48.89705],[15.59527,48.897],[15.59539,48.89701],[15.5954,48.89698],[15.59545,48.89679],[15.59671,48.8969],[15.59767,48.897],[15.59869,48.89691],[15.5998,48.89704],[15.60044,48.89715],[15.60117,48.8972],[15.6015,48.89718],[15.60171,48.89719],[15.60271,48.89712],[15.60355,48.89705],[15.60454,48.89694],[15.60541,48.89679],[15.60579,48.89674],[15.6065,48.89663],[15.60666,48.89658],[15.60769,48.89657],[15.60786,48.89657],[15.60869,48.89655],[15.60919,48.89652],[15.60964,48.89652],[15.61068,48.8965],[15.61074,48.89682],[15.61075,48.89686],[15.61077,48.8969],[15.61181,48.89807],[15.61196,48.8981],[15.6122,48.89809],[15.61229,48.89806],[15.61244,48.89825],[15.61354,48.89786],[15.61421,48.89765],[15.61517,48.89731],[15.61604,48.89698],[15.61701,48.89661],[15.61791,48.89628],[15.61873,48.89593],[15.6196,48.89561],[15.61956,48.89527],[15.61971,48.89489],[15.61992,48.89459],[15.6202,48.89432],[15.62037,48.8941],[15.62071,48.89381],[15.62081,48.89374],[15.6218,48.8933],[15.62196,48.89325],[15.6219,48.89313],[15.62211,48.89311],[15.62215,48.89307],[15.62219,48.89302],[15.62223,48.89298],[15.6223,48.89297],[15.62239,48.89293],[15.62243,48.89291],[15.6226,48.89283],[15.62267,48.89277],[15.62282,48.89276],[15.62296,48.89272],[15.62306,48.89266],[15.62326,48.89261],[15.6233,48.89256],[15.6235,48.8925],[15.62363,48.89243],[15.62388,48.89224],[15.62397,48.89209],[15.62409,48.89201],[15.62436,48.89182],[15.62502,48.89139],[15.62548,48.89108],[15.62551,48.89105],[15.62574,48.89077],[15.62578,48.89079],[15.6258,48.8908],[15.62586,48.89068],[15.62583,48.89063],[15.62579,48.8906],[15.62556,48.89048],[15.62548,48.89042],[15.62532,48.89024],[15.62525,48.89008],[15.62525,48.88989],[15.62523,48.88972],[15.62522,48.88955],[15.62519,48.88939],[15.62519,48.8893],[15.6252,48.88917],[15.62524,48.8891],[15.62543,48.88883],[15.6256,48.88865],[15.62596,48.8884],[15.62599,48.88838],[15.62612,48.88823],[15.6262,48.88816],[15.62642,48.88803],[15.62651,48.88795],[15.62661,48.88789],[15.62675,48.88783],[15.62691,48.8878],[15.62707,48.88781],[15.62713,48.8878],[15.62719,48.88776],[15.6272,48.88772],[15.62733,48.88756],[15.62743,48.88734],[15.6275,48.88724],[15.6276,48.88712],[15.62777,48.88699],[15.62783,48.88695],[15.62796,48.88691],[15.62809,48.88681],[15.62872,48.88632],[15.62898,48.88614],[15.6295,48.88581],[15.62964,48.88571],[15.62982,48.88554],[15.62993,48.8854],[15.63019,48.88511],[15.63031,48.88502],[15.63032,48.88503],[15.63094,48.88488],[15.63149,48.88476],[15.63167,48.88473],[15.63227,48.88464],[15.63327,48.8846],[15.63357,48.88457],[15.63421,48.88459],[15.63476,48.88459],[15.63496,48.88457],[15.63517,48.88458],[15.63538,48.8846],[15.6357,48.88461],[15.63596,48.88461],[15.63677,48.88464],[15.63708,48.88488],[15.63742,48.8854],[15.63747,48.88578],[15.63737,48.88614],[15.63706,48.8866],[15.63658,48.88681],[15.63584,48.88679],[15.63588,48.88689],[15.63596,48.8871],[15.63748,48.88716],[15.63805,48.88721],[15.63882,48.88729],[15.63892,48.88729],[15.63938,48.88713],[15.63951,48.88705],[15.63974,48.88685],[15.63997,48.88656],[15.63998,48.88652],[15.64023,48.88653],[15.64083,48.88657],[15.6412,48.88658],[15.64162,48.8866],[15.64194,48.88662],[15.64239,48.88664],[15.64243,48.88662],[15.64262,48.8865],[15.643,48.88625],[15.64395,48.88565],[15.64375,48.88547],[15.64401,48.88541],[15.6442,48.88534],[15.64439,48.8852],[15.64465,48.88506],[15.64496,48.88497],[15.64533,48.88485],[15.64615,48.88457],[15.64671,48.88445],[15.64699,48.88441],[15.6477,48.88421],[15.64802,48.88411],[15.64866,48.88394],[15.64986,48.88369],[15.65129,48.88324],[15.6522,48.88299],[15.65269,48.88284],[15.65337,48.88255],[15.65414,48.88221],[15.65481,48.88191],[15.65551,48.88155],[15.65572,48.88144],[15.65601,48.88125],[15.65625,48.88107],[15.65674,48.88067],[15.65693,48.88046],[15.65703,48.87996],[15.65727,48.87971],[15.6572,48.87934],[15.65777,48.8792],[15.65818,48.8791],[15.65832,48.87906],[15.6585,48.87899],[15.65876,48.87886],[15.65898,48.87851],[15.65904,48.87823],[15.65919,48.87807],[15.65944,48.8778],[15.6595,48.87774],[15.65958,48.87768],[15.65964,48.87766],[15.65981,48.87757],[15.66011,48.87723],[15.66026,48.87718],[15.66039,48.87716],[15.66052,48.87703],[15.66055,48.87697],[15.66072,48.87685],[15.66077,48.87682],[15.66085,48.8768],[15.66098,48.87675],[15.66103,48.87671],[15.66127,48.87661],[15.66144,48.87661],[15.66154,48.8766],[15.66161,48.87658],[15.66166,48.87655],[15.66172,48.87649],[15.66182,48.87644],[15.66192,48.8764],[15.66191,48.87639],[15.66225,48.87624],[15.66231,48.87621],[15.66257,48.87602],[15.66259,48.87601],[15.66259,48.87594],[15.6626,48.87582],[15.66269,48.87572],[15.6629,48.87569],[15.66305,48.87569],[15.66324,48.87566],[15.66331,48.87562],[15.66338,48.87557],[15.66356,48.87547],[15.66367,48.87539],[15.66366,48.87538],[15.66372,48.87534],[15.66402,48.87527],[15.66408,48.87521],[15.66408,48.87514],[15.66432,48.87477],[15.66447,48.87469],[15.6646,48.87466],[15.66469,48.87468],[15.66471,48.87466],[15.66472,48.87462],[15.66477,48.87452],[15.66485,48.87449],[15.66491,48.87443],[15.66494,48.87443],[15.66496,48.87443],[15.66499,48.87441],[15.665,48.87439],[15.665,48.87434],[15.66501,48.87428],[15.66507,48.87425],[15.66512,48.87425],[15.66517,48.87425],[15.66527,48.8742],[15.66533,48.87414],[15.66543,48.87398],[15.66559,48.87391],[15.66559,48.87381],[15.66568,48.87376],[15.66575,48.87375],[15.6658,48.87368],[15.66589,48.87362],[15.66587,48.87358],[15.66589,48.87355],[15.66595,48.87353],[15.66601,48.87347],[15.66597,48.87344],[15.66598,48.87335],[15.66607,48.87331],[15.66613,48.87329],[15.66618,48.87325],[15.66618,48.87321],[15.6662,48.87319],[15.66618,48.8731],[15.66615,48.87305],[15.66618,48.87303],[15.66619,48.87299],[15.66616,48.87295],[15.66618,48.87292],[15.66615,48.87289],[15.66602,48.87292],[15.66596,48.87282],[15.66604,48.87279],[15.66604,48.87274],[15.66606,48.87272],[15.66618,48.8727],[15.66624,48.87267],[15.66622,48.87265],[15.66629,48.87258],[15.66638,48.87237],[15.66644,48.87232],[15.66651,48.87233],[15.66661,48.87226],[15.66674,48.87221],[15.6668,48.8721],[15.66684,48.87209],[15.66685,48.87203],[15.66699,48.87199],[15.66702,48.87187],[15.66711,48.87181],[15.66715,48.87175],[15.6673,48.87174],[15.66729,48.8717],[15.66731,48.87169],[15.66746,48.87169],[15.66765,48.87155],[15.66769,48.8715],[15.66773,48.87149],[15.66782,48.87143],[15.66785,48.87143],[15.6679,48.8714],[15.66791,48.87136],[15.66798,48.87126],[15.66814,48.87121],[15.66821,48.87119],[15.66829,48.87113],[15.66831,48.87107],[15.66836,48.87104],[15.66835,48.87099],[15.66846,48.87085],[15.6686,48.87083],[15.66866,48.87076],[15.66872,48.87069],[15.6688,48.87058],[15.66885,48.87054],[15.66889,48.87049],[15.66903,48.87037],[15.66903,48.87034],[15.6691,48.87016],[15.66921,48.86997],[15.66947,48.86952],[15.66996,48.86922],[15.67016,48.86904],[15.67022,48.86899],[15.6704,48.86887],[15.67068,48.86872],[15.67106,48.86856],[15.67148,48.86829],[15.67151,48.86825],[15.67155,48.86799],[15.67156,48.86785],[15.67174,48.86771],[15.6721,48.86752],[15.67296,48.86707],[15.6734,48.86683],[15.67376,48.86665],[15.67423,48.86646],[15.67482,48.86626],[15.67571,48.86598],[15.67586,48.86594],[15.67683,48.86567],[15.67689,48.86565],[15.67783,48.86523],[15.67829,48.86502],[15.6787,48.86482],[15.67905,48.86464],[15.67948,48.8644],[15.67959,48.86433],[15.68034,48.86384],[15.68049,48.86376],[15.68093,48.86345],[15.68107,48.86334],[15.68161,48.8629],[15.68238,48.8623],[15.68274,48.862],[15.68296,48.86178],[15.68314,48.8616],[15.68382,48.86098],[15.68401,48.86081],[15.68452,48.86031],[15.6847,48.86014],[15.68495,48.85987],[15.68513,48.85963],[15.68527,48.85944],[15.68535,48.85933],[15.68574,48.85883],[15.68587,48.8586],[15.68615,48.85775],[15.68645,48.85703],[15.68692,48.85685],[15.6873,48.85671],[15.68755,48.85661],[15.68785,48.85647],[15.68919,48.85588],[15.68929,48.85582],[15.68969,48.85568],[15.69024,48.85559],[15.6906,48.85554],[15.69114,48.85557],[15.69198,48.85557],[15.69251,48.85554],[15.69258,48.85553],[15.69265,48.85553],[15.69344,48.85562],[15.69386,48.85565],[15.694,48.85568],[15.69422,48.85571],[15.69439,48.85575],[15.69456,48.85581],[15.69476,48.85591],[15.69497,48.85602],[15.69516,48.85615],[15.69541,48.85633],[15.69562,48.8565],[15.69582,48.8567],[15.69593,48.8568],[15.69621,48.85713],[15.69655,48.85749],[15.69675,48.85767],[15.6975,48.85816],[15.69769,48.85833],[15.69787,48.85842],[15.69892,48.85872],[15.69938,48.85883],[15.70011,48.85889],[15.70027,48.8589],[15.70061,48.85892],[15.70135,48.85902],[15.70174,48.85909],[15.70213,48.85919],[15.70233,48.85925],[15.70248,48.85931],[15.70319,48.85945],[15.70411,48.85957],[15.7047,48.85966],[15.70531,48.85978],[15.70619,48.86003],[15.70698,48.86024],[15.70763,48.86048],[15.7079,48.8606],[15.70821,48.8607],[15.70823,48.86068],[15.70911,48.86068],[15.70952,48.86061],[15.71009,48.86053],[15.71096,48.86038],[15.71207,48.86018],[15.71309,48.86002],[15.71332,48.85995],[15.71388,48.85984],[15.71435,48.85974],[15.71472,48.85965],[15.7141,48.85916],[15.71375,48.8586],[15.71349,48.85807],[15.71395,48.85798],[15.71578,48.85778],[15.71687,48.85761],[15.71832,48.8574],[15.71935,48.85725],[15.72064,48.85705],[15.7216,48.85689],[15.72221,48.8568],[15.72283,48.8567],[15.72346,48.85654],[15.72389,48.85648],[15.72498,48.85633],[15.72625,48.8562],[15.72698,48.85611],[15.72824,48.85605],[15.72875,48.85602],[15.72891,48.85601],[15.72988,48.85595],[15.73024,48.85596],[15.73081,48.85593],[15.73194,48.85583],[15.73343,48.85563],[15.73394,48.85557],[15.73507,48.85548],[15.73586,48.85541],[15.73695,48.85529],[15.73811,48.85515],[15.73915,48.85496],[15.7399,48.85482],[15.74046,48.85472],[15.74174,48.85444],[15.74296,48.8541],[15.74354,48.85391],[15.74434,48.85362],[15.74539,48.85334],[15.74655,48.85312],[15.74701,48.85303],[15.74769,48.85289],[15.74851,48.85272],[15.74896,48.85265],[15.74975,48.85252],[15.75117,48.85214],[15.75168,48.85213],[15.75188,48.85212],[15.75299,48.85213],[15.75334,48.85217],[15.75364,48.85218],[15.75366,48.85217],[15.75385,48.85236],[15.754,48.8525],[15.75418,48.85265],[15.75422,48.85269],[15.75435,48.85281],[15.75444,48.85288],[15.75455,48.85295],[15.75487,48.85311],[15.75493,48.85314],[15.75508,48.8532],[15.75522,48.85325],[15.75571,48.85345],[15.75591,48.85354],[15.75612,48.85362],[15.75635,48.85371],[15.75659,48.85383],[15.75686,48.85396],[15.75695,48.854],[15.75722,48.85412],[15.75751,48.85426],[15.75758,48.85428],[15.75765,48.85432],[15.75786,48.85446],[15.75819,48.85469],[15.75855,48.85492],[15.75859,48.85494],[15.75927,48.8553],[15.75966,48.85553],[15.75973,48.85556],[15.76012,48.85581],[15.76044,48.85604],[15.7607,48.85622],[15.76075,48.85626],[15.76094,48.85638],[15.76105,48.85646],[15.76139,48.85674],[15.76179,48.85705],[15.76191,48.85713],[15.76193,48.85715],[15.76202,48.85721],[15.76215,48.8573],[15.76239,48.85746],[15.76273,48.85766],[15.76288,48.85777],[15.76308,48.85793],[15.76333,48.85815],[15.7635,48.8583],[15.76374,48.85854],[15.76391,48.85869],[15.76404,48.8588],[15.76471,48.85935],[15.76494,48.85951],[15.76505,48.85958],[15.76524,48.85971],[15.76543,48.85983],[15.76553,48.85989],[15.76565,48.86],[15.76581,48.86012],[15.76595,48.86024],[15.76612,48.86037],[15.76634,48.86054],[15.76677,48.86088],[15.76684,48.86094],[15.7671,48.86117],[15.76732,48.86136],[15.76736,48.86139],[15.76773,48.86173],[15.76783,48.86181],[15.76793,48.86189],[15.76809,48.86202],[15.76829,48.86218],[15.7685,48.86234],[15.76859,48.86242],[15.7687,48.8625],[15.76881,48.86259],[15.76904,48.86277],[15.76921,48.8629],[15.76934,48.86302],[15.76953,48.86318],[15.76975,48.86335],[15.77012,48.86364],[15.77023,48.86373],[15.77027,48.86375],[15.77036,48.86382],[15.77066,48.86403],[15.77076,48.86411],[15.77095,48.86428],[15.77105,48.86438],[15.77134,48.86464],[15.77172,48.86496],[15.77201,48.86523],[15.77219,48.86543],[15.77232,48.86559],[15.77247,48.86581],[15.77254,48.8659],[15.77259,48.86597],[15.7727,48.86617],[15.77275,48.86623],[15.77278,48.86628],[15.77285,48.86639],[15.773,48.86663],[15.77302,48.86665],[15.77319,48.86686],[15.77333,48.86704],[15.77341,48.86714],[15.77352,48.86728],[15.77357,48.86735],[15.77364,48.86748],[15.77381,48.86784],[15.77387,48.86793],[15.77394,48.86806],[15.77399,48.86815],[15.77404,48.86825],[15.77407,48.86835],[15.77415,48.86866],[15.77421,48.86887],[15.77428,48.86904],[15.77437,48.86924],[15.77458,48.86956],[15.77468,48.8697],[15.77493,48.87003],[15.77507,48.87016],[15.7752,48.87031],[15.77547,48.87061],[15.77563,48.87075],[15.77587,48.87092],[15.77598,48.87099],[15.77631,48.87125],[15.77651,48.87142],[15.77671,48.87162],[15.7769,48.87183],[15.77703,48.87199],[15.77726,48.87232],[15.77745,48.87262],[15.77767,48.87291],[15.77788,48.87319],[15.77818,48.87363],[15.77843,48.87396],[15.77859,48.87413],[15.77881,48.87431],[15.77908,48.87451],[15.77927,48.87469],[15.77944,48.87483],[15.77953,48.87488],[15.77959,48.8749],[15.77965,48.87489],[15.78026,48.87474],[15.78059,48.87464],[15.78095,48.87454],[15.78107,48.87452],[15.78122,48.8745],[15.78137,48.8745],[15.78142,48.87445],[15.78184,48.87438],[15.78241,48.87439],[15.78288,48.87441],[15.78337,48.87446],[15.78388,48.87447],[15.78437,48.87446],[15.78496,48.87443],[15.78608,48.87437],[15.78718,48.87419],[15.78826,48.87406],[15.7892,48.87394],[15.78921,48.87393],[15.78924,48.87393],[15.78938,48.87394],[15.78985,48.87393],[15.79012,48.87392],[15.79058,48.87391],[15.79118,48.8739],[15.79258,48.8739],[15.793,48.87384],[15.79333,48.87378],[15.7939,48.87371],[15.79521,48.8735],[15.79575,48.87342],[15.79621,48.8734],[15.79668,48.87333],[15.79795,48.87316],[15.79882,48.87313],[15.79906,48.87311],[15.7999,48.87308],[15.80092,48.873],[15.80308,48.87277],[15.80342,48.87272],[15.80393,48.87262],[15.8044,48.87255],[15.80492,48.87248],[15.80526,48.87243],[15.80614,48.87223],[15.80768,48.87227],[15.80978,48.87252],[15.81202,48.87278],[15.81309,48.87307],[15.81474,48.87312],[15.81642,48.87316],[15.81866,48.87291],[15.82015,48.87274],[15.82098,48.87277],[15.82169,48.87274],[15.82241,48.87265],[15.82345,48.87227],[15.82451,48.87172],[15.8255,48.87135],[15.82606,48.87122],[15.82758,48.87105],[15.82935,48.87143],[15.83079,48.87193],[15.83198,48.87236],[15.83276,48.87264],[15.83378,48.87337],[15.8353,48.87452],[15.83576,48.87534],[15.8369,48.87682],[15.8378,48.87716],[15.8387,48.8775],[15.83882,48.8775],[15.83921,48.87753],[15.83957,48.87756],[15.84108,48.87722],[15.84154,48.87712],[15.84252,48.87672],[15.84371,48.87624],[15.844,48.87612],[15.84481,48.87578],[15.84501,48.87569],[15.84468,48.8756],[15.84391,48.87535],[15.84351,48.87524],[15.84318,48.87502],[15.84312,48.87494],[15.84314,48.87491],[15.84295,48.87461],[15.84295,48.8743],[15.84307,48.87404],[15.84312,48.87388],[15.84315,48.87374],[15.84331,48.87339],[15.8437,48.87293],[15.84408,48.87261],[15.84505,48.87196],[15.84545,48.87177],[15.84658,48.87133],[15.84694,48.87116],[15.84746,48.87097],[15.84781,48.87081],[15.8485,48.87047],[15.84906,48.87018],[15.84943,48.87],[15.85018,48.86954],[15.8507,48.86927],[15.85088,48.86914],[15.85105,48.869],[15.85154,48.86868],[15.85187,48.8684],[15.85199,48.8682],[15.85213,48.86753],[15.85216,48.86729],[15.85218,48.86715],[15.85211,48.86666],[15.85207,48.8664],[15.85168,48.86601],[15.85091,48.86539],[15.85035,48.86504],[15.84994,48.86485],[15.84959,48.86472],[15.84948,48.86468],[15.84911,48.86455],[15.84874,48.86441],[15.84818,48.86413],[15.8472,48.86365],[15.84709,48.86363],[15.84703,48.86359],[15.84672,48.86349],[15.84617,48.86347],[15.8457,48.86333],[15.84558,48.86332],[15.84499,48.86317],[15.84458,48.86303],[15.84405,48.86287],[15.84337,48.86267],[15.84309,48.86259],[15.84304,48.86258],[15.84292,48.86254],[15.8425,48.86241],[15.8417,48.86214],[15.84167,48.86213],[15.84153,48.86204],[15.8414,48.86189],[15.84116,48.86154],[15.84105,48.86146],[15.84097,48.86118],[15.84103,48.86089],[15.8411,48.86077],[15.84118,48.86071],[15.84141,48.86046],[15.84168,48.86028],[15.84186,48.8601],[15.84271,48.85964],[15.84275,48.8596],[15.8433,48.85941],[15.84402,48.85911],[15.84416,48.85908],[15.84469,48.85889],[15.84484,48.85882],[15.8455,48.85863],[15.84644,48.85842],[15.84654,48.85842],[15.84716,48.85831],[15.84778,48.85819],[15.84848,48.85816],[15.84881,48.85811],[15.84924,48.85807],[15.85045,48.85784],[15.85066,48.85778],[15.8508,48.85777],[15.85151,48.85764],[15.85169,48.85763],[15.85202,48.85764],[15.85233,48.85765],[15.8532,48.85772],[15.85417,48.85783],[15.85434,48.85788],[15.85481,48.85793],[15.85514,48.85792],[15.85551,48.85786],[15.85597,48.85781],[15.8561,48.85784],[15.8566,48.85787],[15.85709,48.85781],[15.85745,48.85771],[15.85787,48.85749],[15.85812,48.85733],[15.8583,48.85721],[15.85879,48.85673],[15.85899,48.85651],[15.85921,48.85629],[15.85941,48.85605],[15.85949,48.85592],[15.8598,48.85555],[15.8601,48.85522],[15.86036,48.85496],[15.86058,48.85473],[15.86065,48.8546],[15.8611,48.85422],[15.86148,48.85392],[15.86168,48.85377],[15.86186,48.85361],[15.86204,48.85347],[15.86229,48.85327],[15.86263,48.85293],[15.86294,48.85273],[15.86321,48.85267],[15.86374,48.85243],[15.86388,48.85241],[15.86435,48.85236],[15.8648,48.85239],[15.86527,48.85247],[15.86565,48.85257],[15.86634,48.85262],[15.8671,48.85273],[15.86756,48.85281],[15.86792,48.85288],[15.86826,48.85295],[15.86859,48.85308],[15.86881,48.85308],[15.8705,48.85337],[15.8715,48.85359],[15.87199,48.85367],[15.8721,48.8537],[15.87258,48.85375],[15.87297,48.85382],[15.87343,48.85397],[15.87377,48.85419],[15.87408,48.85434],[15.87467,48.85473],[15.87496,48.85501],[15.87525,48.85547],[15.87534,48.85587],[15.87539,48.8559],[15.87534,48.85615],[15.87538,48.85626],[15.87539,48.8566],[15.87539,48.85665],[15.87517,48.85698],[15.87489,48.85749],[15.87484,48.85768],[15.87457,48.85807],[15.87437,48.85824],[15.87432,48.85829],[15.87418,48.85839],[15.87387,48.8584],[15.87376,48.85841],[15.87351,48.85836],[15.87328,48.85837],[15.87276,48.85856],[15.872,48.8586],[15.87163,48.85872],[15.87129,48.85884],[15.87115,48.85899],[15.87094,48.85923],[15.87095,48.85964],[15.87096,48.85983],[15.87101,48.85986],[15.87137,48.86026],[15.87164,48.86042],[15.87193,48.8605],[15.87236,48.86061],[15.87282,48.86068],[15.87336,48.86069],[15.8736,48.86066],[15.874,48.86056],[15.87476,48.86029],[15.87564,48.86],[15.87688,48.85953],[15.87743,48.85926],[15.87787,48.85899],[15.87792,48.85865],[15.87787,48.85853],[15.87781,48.85839],[15.87789,48.8583],[15.87798,48.85824],[15.8781,48.85813],[15.87836,48.85795],[15.87875,48.85767],[15.87894,48.85746],[15.87917,48.85728],[15.87938,48.85703],[15.87971,48.85669],[15.87998,48.85643],[15.88012,48.85629],[15.88041,48.85598],[15.8807,48.85559],[15.88076,48.85525],[15.8808,48.85515],[15.88083,48.85487],[15.8809,48.85442],[15.8809,48.85406],[15.88089,48.85385],[15.88051,48.85374],[15.8804,48.8537],[15.88036,48.8536],[15.8803,48.85349],[15.88024,48.85343],[15.88013,48.85327],[15.87999,48.85296],[15.87999,48.85292],[15.87996,48.85283],[15.87987,48.85253],[15.87998,48.85208],[15.88001,48.85181],[15.88001,48.8517],[15.88007,48.85079],[15.88019,48.84992],[15.88004,48.84941],[15.87997,48.84922],[15.87994,48.84877],[15.87976,48.84824],[15.87974,48.84792],[15.87987,48.84774],[15.88009,48.84738],[15.88018,48.84712],[15.88034,48.84684],[15.8804,48.84668],[15.88047,48.84647],[15.88069,48.84614],[15.88077,48.84605],[15.88088,48.84579],[15.88138,48.84513],[15.88147,48.84498],[15.8821,48.84416],[15.88231,48.84387],[15.8827,48.84354],[15.88293,48.84339],[15.88316,48.84314],[15.88324,48.84301],[15.8835,48.84261],[15.8837,48.84243],[15.88392,48.8423],[15.88426,48.84213],[15.8846,48.84201],[15.88496,48.84197],[15.88525,48.84195],[15.88563,48.8419],[15.88653,48.84187],[15.88708,48.8419],[15.88758,48.84197],[15.8885,48.8422],[15.8888,48.84233],[15.88896,48.84238],[15.88963,48.84271],[15.88991,48.8429],[15.89017,48.84308],[15.89038,48.84337],[15.89057,48.8437],[15.89092,48.84405],[15.89134,48.84445],[15.89159,48.84482],[15.89164,48.84486],[15.89173,48.84507],[15.89175,48.84521],[15.89188,48.8456],[15.8919,48.84581],[15.89201,48.84609],[15.89217,48.84635],[15.89219,48.84644],[15.89227,48.84665],[15.8925,48.84722],[15.89259,48.84742],[15.89277,48.848],[15.89284,48.84817],[15.89285,48.84831],[15.89298,48.84858],[15.89304,48.84866],[15.8933,48.84892],[15.89342,48.84898],[15.89347,48.84902],[15.89355,48.84905],[15.89359,48.84904],[15.89387,48.8491],[15.89406,48.8491],[15.89468,48.84913],[15.89512,48.84914],[15.89519,48.84915],[15.89544,48.84913],[15.8958,48.84905],[15.89606,48.84903],[15.89636,48.84897],[15.89657,48.84895],[15.89682,48.84885],[15.89704,48.84871],[15.89723,48.8486],[15.89742,48.84851],[15.89766,48.84836],[15.89799,48.84807],[15.89813,48.84794],[15.89826,48.84784],[15.89855,48.84756],[15.8988,48.84736],[15.89904,48.84705],[15.89921,48.84689],[15.89934,48.8468],[15.89964,48.84653],[15.89994,48.84624],[15.90017,48.84602],[15.90046,48.84571],[15.90058,48.84555],[15.90087,48.84524],[15.90103,48.8451],[15.90133,48.84479],[15.90147,48.84469],[15.90161,48.84452],[15.90165,48.84441],[15.90171,48.84425],[15.90169,48.84414],[15.90197,48.84397],[15.90203,48.8439],[15.90215,48.84375],[15.90235,48.84343],[15.90278,48.8429],[15.90304,48.84265],[15.9034,48.84231],[15.90367,48.84201],[15.90376,48.84187],[15.90389,48.84176],[15.90434,48.84126],[15.90458,48.84101],[15.9047,48.84065],[15.90477,48.84013],[15.90482,48.83982],[15.9049,48.83964],[15.90498,48.83946],[15.90497,48.8394],[15.90507,48.83921],[15.90519,48.8389],[15.90517,48.83884],[15.90508,48.83868],[15.90473,48.83823],[15.90446,48.83797],[15.90433,48.83791],[15.90413,48.8378],[15.90393,48.83776],[15.90385,48.8377],[15.90364,48.83767],[15.90346,48.83759],[15.90337,48.83759],[15.90322,48.83752],[15.90281,48.8374],[15.90267,48.8374],[15.9025,48.83743],[15.90243,48.83741],[15.90213,48.83748],[15.90196,48.83755],[15.90162,48.8376],[15.90107,48.83766],[15.89995,48.83767],[15.89958,48.83769],[15.89929,48.83772],[15.89901,48.83773],[15.89842,48.83788],[15.89828,48.83795],[15.89823,48.83795],[15.89792,48.83804],[15.89731,48.83825],[15.89696,48.83842],[15.89662,48.83873],[15.89623,48.83928],[15.89604,48.83946],[15.89578,48.83963],[15.89563,48.83976],[15.89514,48.84028],[15.89501,48.84042],[15.89475,48.84075],[15.89439,48.84132],[15.89426,48.84162],[15.89413,48.84183],[15.89395,48.84217],[15.89386,48.84242],[15.894,48.84271],[15.8939,48.84288],[15.8938,48.84307],[15.89357,48.84324],[15.8932,48.84338],[15.89283,48.8433],[15.89251,48.84311],[15.89231,48.84294],[15.89161,48.84246],[15.89153,48.84234],[15.89149,48.84199],[15.89153,48.84177],[15.89141,48.84105],[15.89137,48.84087],[15.89126,48.84047],[15.89115,48.84006],[15.89113,48.83979],[15.89107,48.83947],[15.89098,48.83907],[15.89097,48.83888],[15.8909,48.83862],[15.89093,48.83833],[15.89106,48.83788],[15.89122,48.83759],[15.89131,48.83737],[15.89153,48.83674],[15.8916,48.83657],[15.89181,48.8362],[15.89208,48.83592],[15.89216,48.83583],[15.89217,48.83574],[15.89246,48.83536],[15.89269,48.83505],[15.89302,48.83476],[15.89324,48.83463],[15.89347,48.83457],[15.89378,48.83455],[15.89393,48.83456],[15.89442,48.83454],[15.89474,48.83444],[15.89513,48.83446],[15.89527,48.83453],[15.89546,48.83463],[15.89572,48.83468],[15.89609,48.83472],[15.89634,48.83473],[15.8968,48.83486],[15.89704,48.83497],[15.89755,48.83514],[15.89793,48.83529],[15.89823,48.83539],[15.89863,48.83548],[15.89885,48.83551],[15.89896,48.83554],[15.89937,48.83563],[15.89962,48.83569],[15.9,48.83575],[15.90078,48.83581],[15.90127,48.83587],[15.90181,48.8359],[15.90213,48.83593],[15.90247,48.83597],[15.90267,48.83601],[15.90289,48.836],[15.90332,48.83602],[15.90349,48.83601],[15.90376,48.83599],[15.90435,48.83593],[15.90522,48.83582],[15.90542,48.8358],[15.90568,48.83573],[15.9061,48.8357],[15.90652,48.83559],[15.90691,48.83552],[15.90698,48.83553],[15.90828,48.83595],[15.90842,48.83603],[15.9094,48.83658],[15.90958,48.83673],[15.91032,48.83699],[15.91043,48.837],[15.91067,48.83701],[15.91078,48.83705],[15.91148,48.83711],[15.91179,48.8371],[15.91206,48.83702],[15.91233,48.83697],[15.91267,48.83697],[15.91372,48.83698],[15.91421,48.83693],[15.91465,48.83703],[15.91494,48.83711],[15.91505,48.83719],[15.91515,48.83748],[15.91521,48.83756],[15.91545,48.83779],[15.91594,48.83804],[15.91614,48.83817],[15.91633,48.83833],[15.9166,48.8385],[15.91672,48.83863],[15.91715,48.83875],[15.91755,48.8388],[15.91821,48.83885],[15.9184,48.83889],[15.91871,48.83888],[15.91926,48.83884],[15.91948,48.83881],[15.91984,48.83877],[15.92014,48.83869],[15.9203,48.83858],[15.92046,48.83834],[15.92061,48.83808],[15.92069,48.83764],[15.92071,48.8372],[15.92067,48.83699],[15.92069,48.83671],[15.92077,48.8362],[15.92077,48.83599],[15.92079,48.83584],[15.92091,48.83557],[15.92099,48.83549],[15.92116,48.83536],[15.92128,48.83531],[15.92177,48.83502],[15.92192,48.83499],[15.92237,48.83489],[15.92268,48.83489],[15.92312,48.83485],[15.92373,48.83484],[15.9242,48.83477],[15.9244,48.8347],[15.92483,48.83465],[15.92526,48.83465],[15.92558,48.83457],[15.9265,48.83448],[15.92674,48.83447],[15.9272,48.83444],[15.92769,48.8344],[15.92818,48.83444],[15.92849,48.83445],[15.92887,48.83441],[15.92916,48.83435],[15.9293,48.83433],[15.92965,48.83427],[15.93045,48.83398],[15.93065,48.83384],[15.93092,48.83356],[15.93093,48.8333],[15.93062,48.83292],[15.93018,48.83259],[15.92996,48.83245],[15.92969,48.83232],[15.92924,48.83211],[15.92899,48.83199],[15.9286,48.83175],[15.92844,48.83165],[15.92827,48.83152],[15.92774,48.83132],[15.92756,48.83123],[15.92747,48.83118],[15.92731,48.83105],[15.92714,48.83092],[15.9269,48.83061],[15.92684,48.83043],[15.9269,48.83019],[15.9269,48.82989],[15.92686,48.82976],[15.92677,48.82956],[15.92671,48.82936],[15.92671,48.82918],[15.92666,48.8289],[15.92668,48.82856],[15.9267,48.82835],[15.92671,48.82817],[15.92668,48.82781],[15.92664,48.82744],[15.92673,48.82713],[15.92672,48.82694],[15.92668,48.82676],[15.92662,48.82662],[15.92648,48.82642],[15.92611,48.82627],[15.92591,48.82617],[15.92566,48.82604],[15.92526,48.82575],[15.92508,48.82561],[15.92492,48.82545],[15.92469,48.82527],[15.92441,48.825],[15.92422,48.82472],[15.92417,48.82456],[15.9243,48.82418],[15.92443,48.82401],[15.92467,48.82384],[15.92482,48.8236],[15.92511,48.82339],[15.92555,48.82312],[15.92599,48.82297],[15.9262,48.82292],[15.92705,48.82261],[15.92731,48.82254],[15.92753,48.82248],[15.9276,48.82245],[15.92776,48.82234],[15.92803,48.82221],[15.92823,48.82218],[15.92857,48.82206],[15.929,48.82185],[15.9292,48.82171],[15.92936,48.8216],[15.9297,48.82144],[15.92991,48.8214],[15.93012,48.82129],[15.93057,48.82109],[15.93084,48.82092],[15.93117,48.82076],[15.93172,48.82053],[15.93196,48.82039],[15.93216,48.82032],[15.93236,48.8202],[15.93259,48.8201],[15.93323,48.8198],[15.93348,48.81971],[15.93368,48.81961],[15.93396,48.81948],[15.93423,48.81929],[15.93457,48.81911],[15.93491,48.81899],[15.93521,48.81895],[15.93539,48.81893],[15.93564,48.81899],[15.9359,48.81897],[15.9362,48.81899],[15.93708,48.81893],[15.93766,48.81884],[15.9382,48.81889],[15.93889,48.81897],[15.93903,48.81901],[15.93941,48.81909],[15.93983,48.8192],[15.94004,48.81926],[15.94031,48.81938],[15.94043,48.8195],[15.94055,48.81967],[15.94064,48.81984],[15.9407,48.82005],[15.94089,48.82042],[15.94097,48.82063],[15.94102,48.8209],[15.94101,48.82119],[15.94105,48.8218],[15.94116,48.822],[15.94124,48.82236],[15.94132,48.82275],[15.94127,48.82325],[15.9412,48.82349],[15.94109,48.82365],[15.94085,48.82417],[15.94074,48.82453],[15.94073,48.82468],[15.94065,48.82485],[15.94062,48.82505],[15.9405,48.82538],[15.9403,48.82583],[15.94029,48.82592],[15.94024,48.82609],[15.94029,48.82632],[15.94032,48.82649],[15.94028,48.82658],[15.94029,48.82673],[15.94027,48.82691],[15.94025,48.8271],[15.94031,48.82717],[15.94043,48.82727],[15.94064,48.82744],[15.94089,48.82754],[15.94127,48.82762],[15.94183,48.82773],[15.94221,48.82777],[15.94235,48.82778],[15.94307,48.82791],[15.94338,48.82794],[15.94417,48.82799],[15.9449,48.82794],[15.94525,48.82788],[15.94583,48.8278],[15.94619,48.82774],[15.94652,48.82763],[15.94696,48.82738],[15.94729,48.82706],[15.94755,48.82688],[15.94775,48.82675],[15.94791,48.82668],[15.94805,48.82646],[15.94814,48.82631],[15.94817,48.82582],[15.9481,48.82556],[15.94787,48.82534],[15.94767,48.82522],[15.94733,48.82514],[15.94693,48.82503],[15.94629,48.82467],[15.94602,48.82441],[15.9459,48.82421],[15.94581,48.82413],[15.94557,48.82362],[15.94557,48.82349],[15.94556,48.82343],[15.94568,48.82327],[15.94576,48.8231],[15.94589,48.82292],[15.94597,48.82283],[15.94628,48.82265],[15.94672,48.82251],[15.94685,48.8225],[15.94724,48.82242],[15.94785,48.82237],[15.94819,48.82239],[15.94854,48.82244],[15.94895,48.82254],[15.94954,48.82267],[15.94998,48.82278],[15.95037,48.82284],[15.95074,48.82294],[15.95129,48.82306],[15.9515,48.82313],[15.95169,48.82315],[15.95198,48.82321],[15.95249,48.82326],[15.95271,48.82322],[15.95283,48.82326],[15.95311,48.82336],[15.9534,48.82345],[15.95363,48.82358],[15.95393,48.82363],[15.95429,48.82368],[15.95453,48.8237],[15.95507,48.8237],[15.95561,48.82363],[15.95616,48.82353],[15.95628,48.82351],[15.95673,48.8235],[15.95742,48.82341],[15.958,48.82327],[15.95838,48.82306],[15.95859,48.82284],[15.95861,48.82269],[15.95889,48.82228],[15.95901,48.82207],[15.95926,48.82165],[15.95935,48.82148],[15.95959,48.82104],[15.9597,48.82096],[15.95982,48.82067],[15.95987,48.82029],[15.95988,48.82005],[15.95989,48.81979],[15.95971,48.81974],[15.95958,48.81971],[15.95868,48.81948],[15.95818,48.81921],[15.95786,48.81884],[15.95725,48.81853],[15.95708,48.81838],[15.95679,48.81821],[15.95663,48.8182],[15.95614,48.81778],[15.95565,48.81752],[15.95532,48.81699],[15.95515,48.8167],[15.95474,48.8164],[15.95451,48.81624],[15.95414,48.81592],[15.95409,48.81589],[15.95344,48.81535],[15.95199,48.81392],[15.95169,48.81324],[15.95166,48.81315],[15.9514,48.81251],[15.95134,48.81238],[15.95114,48.81196],[15.95093,48.81141],[15.95073,48.81099],[15.95028,48.80979],[15.95007,48.80919],[15.95003,48.80883],[15.95003,48.80865],[15.95002,48.80861],[15.94999,48.80806],[15.94999,48.80743],[15.95009,48.80648],[15.94984,48.80582],[15.94963,48.80525],[15.95052,48.80445],[15.95144,48.80373],[15.95262,48.80274],[15.95324,48.80235],[15.95383,48.80205],[15.95492,48.8017],[15.95627,48.80101],[15.95631,48.80098],[15.95645,48.80087],[15.95663,48.80074],[15.9568,48.8006],[15.95721,48.80026],[15.95747,48.80004],[15.95801,48.79958],[15.95861,48.7991],[15.95886,48.79889],[15.95911,48.79872],[15.95958,48.79845],[15.96007,48.79844],[15.96075,48.79842],[15.9616,48.7983],[15.96203,48.79828],[15.96207,48.79826],[15.9626,48.79836],[15.9629,48.79838],[15.96334,48.79839],[15.96399,48.79843],[15.96441,48.79844],[15.96472,48.79842],[15.965,48.79837],[15.96517,48.79834],[15.96542,48.79825],[15.96556,48.79819],[15.96578,48.79816],[15.96613,48.79796],[15.9664,48.79779],[15.96658,48.7977],[15.96706,48.7975],[15.96728,48.79742],[15.96741,48.79735],[15.96763,48.79731],[15.96777,48.79727],[15.96808,48.79716],[15.96817,48.79711],[15.96844,48.79697],[15.96869,48.79681],[15.9689,48.79668],[15.96901,48.79658],[15.96914,48.79645],[15.96925,48.79632],[15.96935,48.79616],[15.96952,48.79592],[15.96959,48.79585],[15.96961,48.79583],[15.96978,48.79562],[15.96989,48.79552],[15.97007,48.79532],[15.97025,48.79517],[15.97051,48.79502],[15.97058,48.79495],[15.97086,48.79473],[15.97113,48.79447],[15.97121,48.7944],[15.97133,48.79434],[15.97147,48.79425],[15.97172,48.79408],[15.97203,48.79389],[15.97229,48.79375],[15.97244,48.79365],[15.97261,48.79352],[15.97273,48.79345],[15.97307,48.79326],[15.97332,48.79317],[15.97338,48.79314],[15.97344,48.79312],[15.97383,48.79296],[15.97402,48.79287],[15.9742,48.79278],[15.97449,48.79254],[15.97489,48.79226],[15.97505,48.79213],[15.97532,48.79198],[15.97544,48.79192],[15.97572,48.7918],[15.97588,48.79174],[15.97646,48.7915],[15.97662,48.79143],[15.97673,48.79138],[15.97696,48.79126],[15.97709,48.79117],[15.97734,48.79103],[15.97748,48.79095],[15.97776,48.79083],[15.9779,48.79076],[15.97812,48.79066],[15.97841,48.7905],[15.97853,48.79044],[15.97874,48.79031],[15.97889,48.79021],[15.97913,48.79006],[15.97927,48.78997],[15.97951,48.78983],[15.97976,48.78969],[15.98021,48.78946],[15.98037,48.78938],[15.98049,48.78933],[15.98096,48.78914],[15.98116,48.78902],[15.9813,48.7889],[15.98135,48.78885],[15.98151,48.78877],[15.98155,48.78874],[15.98159,48.78871],[15.9818,48.7886],[15.98201,48.78846],[15.98222,48.78833],[15.98237,48.78824],[15.98243,48.78821],[15.98268,48.78806],[15.98279,48.78801],[15.98338,48.78774],[15.98389,48.7875],[15.98418,48.78736],[15.98424,48.78733],[15.98445,48.78721],[15.98482,48.787],[15.98501,48.78689],[15.98534,48.78673],[15.98551,48.78664],[15.98574,48.78651],[15.98589,48.78642],[15.98599,48.78636],[15.9862,48.78622],[15.98635,48.78614],[15.98655,48.78603],[15.98663,48.78597],[15.98683,48.78581],[15.98695,48.78571],[15.98702,48.78565],[15.98728,48.78545],[15.98754,48.78527],[15.98767,48.78517],[15.98778,48.78509],[15.98805,48.7848],[15.98815,48.7847],[15.98822,48.78462],[15.98837,48.78448],[15.98847,48.7844],[15.98861,48.78429],[15.98873,48.78421],[15.98887,48.78411],[15.98914,48.78393],[15.98933,48.78379],[15.98945,48.7837],[15.98954,48.78364],[15.98957,48.78362],[15.98984,48.78342],[15.99011,48.78322],[15.99022,48.78314],[15.99027,48.78309],[15.99042,48.78297],[15.99058,48.78285],[15.9907,48.78274],[15.99096,48.78254],[15.99116,48.78236],[15.99125,48.78227],[15.99136,48.78217],[15.9914,48.78214],[15.99155,48.782],[15.99194,48.78159],[15.99208,48.78146],[15.99217,48.78138],[15.99226,48.78131],[15.99235,48.78122],[15.99237,48.78119],[15.99251,48.78105],[15.99269,48.78087],[15.99279,48.78079],[15.99288,48.78073],[15.99303,48.78059],[15.99312,48.7805],[15.99324,48.78038],[15.9935,48.78015],[15.9936,48.78006],[15.9938,48.77991],[15.9939,48.77984],[15.99404,48.77972],[15.99414,48.77961],[15.99428,48.77945],[15.99431,48.7794],[15.99436,48.77934],[15.9944,48.77933],[15.99445,48.7793],[15.99458,48.77924],[15.99476,48.77918],[15.99534,48.77901],[15.99558,48.77893],[15.99569,48.77888],[15.9961,48.77876],[15.99646,48.77865],[15.99672,48.77854],[15.99693,48.77848],[15.99704,48.77845],[15.99716,48.77841],[15.99749,48.77828],[15.99754,48.77827],[15.99764,48.77823],[15.99767,48.77822],[15.9978,48.77817],[15.99811,48.77807],[15.99826,48.77803],[15.99847,48.77798],[15.99859,48.77795],[15.99886,48.77786],[15.99911,48.77779],[15.99923,48.77776],[15.99933,48.77772],[15.99945,48.77769],[15.99962,48.77764],[15.99984,48.77758],[15.99994,48.77755],[16.0,48.77753],[16.00022,48.77747],[16.00065,48.77736],[16.00075,48.77733],[16.00091,48.7773],[16.00115,48.77724],[16.00163,48.77714],[16.00191,48.77707],[16.00218,48.777],[16.00239,48.77695],[16.00266,48.7769],[16.00292,48.77686],[16.00306,48.77685],[16.00317,48.77683],[16.00347,48.77678],[16.00371,48.77674],[16.00396,48.7767],[16.00422,48.77665],[16.00462,48.77657],[16.0048,48.77654],[16.00495,48.77651],[16.00507,48.77649],[16.00527,48.77643],[16.00557,48.77637],[16.0058,48.77632],[16.00602,48.77628],[16.00621,48.77623],[16.00635,48.7762],[16.00663,48.77616],[16.00666,48.77616],[16.00672,48.77613],[16.00702,48.77606],[16.00713,48.77602],[16.00732,48.77596],[16.00757,48.77588],[16.00768,48.77584],[16.00792,48.77575],[16.00812,48.77566],[16.00823,48.7756],[16.00834,48.77555],[16.00869,48.77536],[16.00938,48.77496],[16.0096,48.77484],[16.00971,48.77478],[16.00984,48.77471],[16.01004,48.77463],[16.0102,48.77457],[16.01048,48.77447],[16.01054,48.77445],[16.011,48.77425],[16.0113,48.77415],[16.01139,48.77411],[16.0115,48.77408],[16.01164,48.77403],[16.01185,48.77396],[16.01227,48.77385],[16.01268,48.77374],[16.01281,48.77369],[16.01285,48.77365],[16.01288,48.77364],[16.01306,48.77368],[16.01324,48.77373],[16.01329,48.77376],[16.01348,48.77383],[16.01362,48.77387],[16.01377,48.7739],[16.0139,48.77392],[16.01418,48.77393],[16.01432,48.77393],[16.01447,48.77391],[16.01453,48.77388],[16.0146,48.77379],[16.01474,48.77357],[16.01479,48.77353],[16.01486,48.7735],[16.01495,48.7735],[16.01508,48.77353],[16.01514,48.77356],[16.01523,48.77358],[16.01533,48.7736],[16.01542,48.7736],[16.0155,48.77359],[16.01558,48.77357],[16.01571,48.77354],[16.01603,48.77343],[16.01651,48.77328],[16.01685,48.77317],[16.01712,48.77309],[16.01737,48.77303],[16.01745,48.77301],[16.01765,48.77295],[16.01787,48.77289],[16.01813,48.77282],[16.01832,48.77278],[16.01859,48.7727],[16.01862,48.77269],[16.01879,48.77264],[16.019,48.77259],[16.01929,48.77252],[16.01949,48.77247],[16.01978,48.77239],[16.01983,48.77238],[16.02012,48.77232],[16.02029,48.77227],[16.02033,48.77226],[16.02047,48.77223],[16.02061,48.77219],[16.02093,48.77209],[16.02103,48.77206],[16.02132,48.77196],[16.02158,48.77188],[16.02166,48.77185],[16.02184,48.77178],[16.02225,48.7716],[16.02234,48.77156],[16.02291,48.77137],[16.02303,48.77131],[16.02323,48.77124],[16.02343,48.77116],[16.02358,48.77111],[16.02372,48.77106],[16.02406,48.77092],[16.02439,48.77081],[16.02474,48.77066],[16.02491,48.77059],[16.02505,48.77051],[16.02541,48.77034],[16.02557,48.77028],[16.02571,48.77022],[16.02605,48.77007],[16.02619,48.77],[16.02638,48.76989],[16.02682,48.76968],[16.02697,48.76962],[16.02718,48.76955],[16.02732,48.76949],[16.02756,48.7694],[16.02772,48.76935],[16.02786,48.7693],[16.02803,48.76923],[16.02826,48.76914],[16.02839,48.76909],[16.02888,48.76893],[16.02908,48.76886],[16.02928,48.76878],[16.02959,48.76867],[16.0299,48.76857],[16.03,48.76853],[16.03006,48.76845],[16.03014,48.76844],[16.03025,48.76841],[16.03041,48.76836],[16.03062,48.76828],[16.03093,48.76817],[16.03104,48.76813],[16.03109,48.76811],[16.03185,48.76774],[16.03201,48.76766],[16.03228,48.76754],[16.03236,48.7675],[16.03241,48.76747],[16.03282,48.76732],[16.03288,48.76729],[16.03327,48.7671],[16.03365,48.76696],[16.03394,48.76685],[16.03416,48.76677],[16.03448,48.76666],[16.03499,48.76646],[16.03515,48.7664],[16.03529,48.76634],[16.0355,48.76628],[16.0356,48.76624],[16.03576,48.76618],[16.03588,48.76613],[16.03614,48.76604],[16.03636,48.76596],[16.03649,48.76591],[16.03667,48.76583],[16.03686,48.76577],[16.03699,48.76572],[16.03712,48.76568],[16.03739,48.76559],[16.03751,48.76554],[16.03755,48.76553],[16.03782,48.76542],[16.03805,48.76533],[16.03821,48.76527],[16.03835,48.76522],[16.03842,48.7652],[16.03856,48.76514],[16.03872,48.76508],[16.03901,48.76498],[16.0391,48.76495],[16.03929,48.76488],[16.03964,48.76474],[16.03981,48.76469],[16.04031,48.76449],[16.04046,48.76443],[16.04063,48.76436],[16.04087,48.76427],[16.04119,48.76413],[16.0413,48.7641],[16.04148,48.76403],[16.04181,48.76393],[16.04197,48.76389],[16.04212,48.76384],[16.04233,48.76377],[16.04248,48.76372],[16.04251,48.76371],[16.04262,48.76366],[16.04298,48.76355],[16.04347,48.76339],[16.04363,48.76334],[16.04397,48.76323],[16.04448,48.76308],[16.04479,48.76299],[16.04513,48.7629],[16.04532,48.76284],[16.04546,48.7628],[16.04608,48.76263],[16.04624,48.76258],[16.04662,48.76249],[16.04678,48.76245],[16.04696,48.7624],[16.04711,48.76236],[16.0473,48.76232],[16.04752,48.76228],[16.04784,48.76221],[16.04803,48.76217],[16.04819,48.76213],[16.04837,48.76209],[16.0485,48.76206],[16.04857,48.76204],[16.04951,48.76186],[16.04989,48.76178],[16.04999,48.76176],[16.05011,48.76175],[16.05018,48.76169],[16.05027,48.76165],[16.05047,48.76161],[16.05077,48.76153],[16.05116,48.76146],[16.05145,48.76138],[16.05153,48.76136],[16.05166,48.76133],[16.05185,48.76128],[16.05202,48.76124],[16.05205,48.76123],[16.05232,48.76117],[16.05256,48.76111],[16.05284,48.76102],[16.05288,48.761],[16.05303,48.76094],[16.05318,48.76087],[16.05342,48.76076],[16.05389,48.76053],[16.05407,48.76043],[16.05433,48.76027],[16.05474,48.76005],[16.05492,48.75995],[16.05509,48.75986],[16.05517,48.75982],[16.05535,48.75974],[16.05559,48.75959],[16.05583,48.75947],[16.05609,48.75933],[16.05624,48.75925],[16.05664,48.75904],[16.05678,48.75896],[16.05694,48.75888],[16.05735,48.75867],[16.05771,48.75848],[16.05808,48.75827],[16.05854,48.75802],[16.05881,48.75788],[16.0592,48.75767],[16.05985,48.75733],[16.06041,48.75703],[16.06071,48.75687],[16.06079,48.75683],[16.06103,48.75671],[16.0613,48.75658],[16.06154,48.75646],[16.06176,48.75634],[16.06186,48.75628],[16.06211,48.75616],[16.063,48.75569],[16.06332,48.75551],[16.06399,48.75514],[16.06419,48.75504],[16.06443,48.75493],[16.06453,48.75489],[16.06463,48.75486],[16.06467,48.75485],[16.06471,48.75481],[16.06479,48.75474],[16.06492,48.75462],[16.06538,48.7545],[16.0662,48.75428],[16.06638,48.75423],[16.06655,48.75419],[16.06656,48.75418],[16.06659,48.75419],[16.06678,48.75415],[16.06697,48.75409],[16.06784,48.75388],[16.06959,48.7534],[16.07037,48.75318],[16.07135,48.75293],[16.07246,48.75266],[16.07299,48.75252],[16.0734,48.75238],[16.07349,48.75235],[16.07481,48.75193],[16.07499,48.75187],[16.0752,48.75177],[16.07542,48.75169],[16.07554,48.75163],[16.07685,48.75112],[16.07754,48.75087],[16.07765,48.75083],[16.07824,48.75061],[16.07869,48.75043],[16.07918,48.75022],[16.07944,48.75013],[16.07963,48.75005],[16.07989,48.74995],[16.08001,48.74991],[16.08015,48.74986],[16.08035,48.7498],[16.0805,48.74976],[16.08126,48.74958],[16.08157,48.74951],[16.08168,48.74948],[16.08179,48.74946],[16.08188,48.74945],[16.08196,48.74943],[16.08213,48.74941],[16.08224,48.74939],[16.08228,48.74938],[16.0824,48.74937],[16.08249,48.74936],[16.08258,48.74935],[16.08276,48.74933],[16.0831,48.74931],[16.08322,48.7493],[16.08326,48.7493],[16.08333,48.74928],[16.08382,48.74915],[16.08436,48.74901],[16.08473,48.74892],[16.08504,48.74883],[16.08529,48.74876],[16.08594,48.74859],[16.08617,48.74852],[16.08634,48.74847],[16.08652,48.74843],[16.08666,48.74839],[16.08667,48.74839],[16.08697,48.7483],[16.08711,48.74827],[16.08725,48.74823],[16.08749,48.74815],[16.08786,48.74806],[16.08797,48.74804],[16.08809,48.74801],[16.08829,48.74796],[16.0885,48.74791],[16.0889,48.74783],[16.089,48.74782],[16.08987,48.74759],[16.09092,48.74732],[16.09201,48.74706],[16.09283,48.74687],[16.09392,48.74668],[16.09416,48.74664],[16.09445,48.7466],[16.09473,48.74656],[16.0952,48.74649],[16.09528,48.74648],[16.09539,48.74647],[16.09585,48.74648],[16.09602,48.74647],[16.09618,48.74645],[16.09642,48.74643],[16.09649,48.74642],[16.09662,48.74641],[16.09689,48.74637],[16.09733,48.7463],[16.09746,48.74628],[16.09758,48.74627],[16.09772,48.74625],[16.09777,48.74624],[16.09798,48.74621],[16.09812,48.74619],[16.09823,48.74618],[16.09836,48.74616],[16.09849,48.74613],[16.09856,48.74611],[16.09876,48.74608],[16.09983,48.7459],[16.10052,48.74576],[16.1007,48.74575],[16.10079,48.74573],[16.10088,48.74571],[16.10112,48.74569],[16.10121,48.74568],[16.10137,48.74565],[16.10153,48.74561],[16.10168,48.74559],[16.10182,48.74559],[16.1019,48.74557],[16.10208,48.74554],[16.10222,48.74552],[16.10232,48.74549],[16.10244,48.74547],[16.1025,48.74545],[16.1026,48.74543],[16.10269,48.74542],[16.10289,48.7454],[16.1032,48.74542],[16.10367,48.74539],[16.10393,48.74538],[16.10459,48.74535],[16.10493,48.74534],[16.10527,48.74533],[16.1061,48.74535],[16.10641,48.74535],[16.10665,48.74535],[16.10687,48.74535],[16.10701,48.74536],[16.10749,48.74541],[16.10784,48.74544],[16.10825,48.74546],[16.10874,48.74551],[16.10912,48.74553],[16.10926,48.74554],[16.1094,48.74558],[16.10964,48.74559],[16.1102,48.74565],[16.11069,48.74572],[16.11098,48.74576],[16.11123,48.7458],[16.11167,48.74586],[16.11204,48.74587],[16.11212,48.74589],[16.11213,48.74592],[16.11212,48.74598],[16.11209,48.74612],[16.11197,48.74654],[16.11179,48.74721],[16.11178,48.74729],[16.11188,48.7473],[16.11195,48.74732],[16.11269,48.74746],[16.11311,48.74754],[16.11349,48.74757],[16.11379,48.74762],[16.11407,48.74767],[16.1146,48.74776],[16.11567,48.74799],[16.11653,48.74816],[16.1169,48.74823],[16.11717,48.74825],[16.11732,48.74803],[16.11739,48.74788],[16.1176,48.74726],[16.11767,48.74723],[16.11774,48.747],[16.11795,48.74677],[16.11798,48.74669],[16.11842,48.74658],[16.11885,48.74652],[16.11968,48.74638],[16.12037,48.74624],[16.12105,48.74612],[16.12108,48.74611],[16.12178,48.746],[16.12205,48.74594],[16.123,48.74576],[16.12347,48.74565],[16.12479,48.7454],[16.12521,48.74533],[16.12572,48.74522],[16.12626,48.74513],[16.12756,48.74488],[16.12805,48.74478],[16.1291,48.74459],[16.12928,48.74456],[16.13071,48.74428],[16.13232,48.74398],[16.13412,48.74364],[16.13577,48.74333],[16.13717,48.74308],[16.13894,48.74275],[16.13921,48.7439],[16.13938,48.74474],[16.13936,48.74488],[16.13927,48.74541],[16.14045,48.7451],[16.14158,48.74475],[16.14307,48.74421],[16.14357,48.74409],[16.14423,48.74408],[16.14522,48.7439],[16.14528,48.74389],[16.14619,48.74376],[16.14711,48.74364],[16.14878,48.74338],[16.14989,48.74319],[16.15,48.74335],[16.15005,48.7435],[16.15015,48.7437],[16.15021,48.74408],[16.15037,48.74445],[16.15038,48.74455],[16.15058,48.74452],[16.15072,48.74467],[16.15093,48.74497],[16.15125,48.7449],[16.15148,48.74515],[16.15168,48.74505],[16.1519,48.7453],[16.15226,48.74525],[16.15234,48.74527],[16.15325,48.74525],[16.15328,48.74548],[16.15328,48.74559],[16.15327,48.74576],[16.15321,48.74608],[16.15318,48.74619],[16.15308,48.7465],[16.153,48.74673],[16.15297,48.74694],[16.15297,48.74715],[16.15309,48.74748],[16.15325,48.74777],[16.15331,48.7479],[16.15347,48.74814],[16.15364,48.74842],[16.15379,48.74861],[16.15397,48.74879],[16.15473,48.74845],[16.15526,48.74837],[16.15582,48.7483],[16.15628,48.74824],[16.1568,48.74814],[16.15713,48.74808],[16.15753,48.748],[16.15775,48.74797],[16.15841,48.74791],[16.15877,48.74785],[16.15906,48.74781],[16.1594,48.74775],[16.16005,48.74765],[16.16065,48.74758],[16.16111,48.74755],[16.16143,48.74753],[16.16171,48.7475],[16.16191,48.74745],[16.16233,48.74734],[16.16247,48.74726],[16.16243,48.74726],[16.16252,48.74719],[16.16265,48.74712],[16.16272,48.74709],[16.16283,48.74705],[16.16295,48.74702],[16.16312,48.74699],[16.16339,48.74695],[16.16393,48.74691],[16.16526,48.74677],[16.16578,48.74674],[16.16623,48.74671],[16.16664,48.74668],[16.16692,48.74666],[16.16743,48.74665],[16.16885,48.74652],[16.1701,48.74641],[16.17046,48.7464],[16.17181,48.74638],[16.17242,48.74634],[16.17273,48.74631],[16.17302,48.74625],[16.17327,48.7462],[16.1738,48.74609],[16.17458,48.74589],[16.17565,48.7456],[16.17608,48.74549],[16.17715,48.74522],[16.17766,48.7451],[16.1784,48.74497],[16.17899,48.74486],[16.18008,48.74468],[16.18044,48.74463],[16.18138,48.74449],[16.18156,48.74446],[16.18287,48.74425],[16.18316,48.74419],[16.18355,48.74411],[16.18421,48.74397],[16.18506,48.74383],[16.18526,48.74381],[16.18607,48.74371],[16.18717,48.74354],[16.18792,48.74343],[16.18823,48.7434],[16.18838,48.74336],[16.18866,48.74331],[16.18901,48.74326],[16.18941,48.74323],[16.18966,48.74322],[16.18999,48.7432],[16.19088,48.74317],[16.19236,48.74316],[16.19345,48.74315],[16.194,48.74314],[16.19538,48.74311],[16.19594,48.7431],[16.19611,48.7431],[16.19622,48.74308],[16.19631,48.74308],[16.19736,48.74306],[16.19781,48.74305],[16.19851,48.74305],[16.19973,48.74302],[16.20025,48.743],[16.2008,48.74298],[16.20155,48.74296],[16.20273,48.74294],[16.20311,48.74293],[16.20321,48.74292],[16.20337,48.74291],[16.20403,48.74295],[16.20423,48.74295],[16.20441,48.74294],[16.20516,48.74284],[16.20609,48.74272],[16.20648,48.74267],[16.20675,48.74262],[16.20802,48.74239],[16.20821,48.74236],[16.20838,48.74235],[16.2084,48.74234],[16.20846,48.74233],[16.2093,48.74221],[16.21001,48.7421],[16.21128,48.74193],[16.21208,48.74181],[16.2124,48.74175],[16.21266,48.74172],[16.21302,48.74167],[16.21396,48.74153],[16.21444,48.74147],[16.2148,48.74141],[16.21523,48.74133],[16.21572,48.74126],[16.21656,48.74113],[16.21717,48.74103],[16.21778,48.74094],[16.21813,48.74088],[16.21873,48.74079],[16.21897,48.74075],[16.21942,48.74069],[16.22026,48.74056],[16.22083,48.74047],[16.22125,48.7404],[16.22222,48.74027],[16.22285,48.74018],[16.22336,48.74012],[16.22346,48.74011],[16.2235,48.7401],[16.22414,48.74005],[16.22527,48.74011],[16.22717,48.74019],[16.22874,48.7402],[16.23049,48.74021],[16.23233,48.74022],[16.23361,48.74023],[16.23361,48.74023],[16.23375,48.74023],[16.23389,48.74019],[16.23415,48.74017],[16.23464,48.74012],[16.23703,48.73982],[16.23831,48.73973],[16.23907,48.7397],[16.24046,48.73962],[16.24079,48.73963],[16.24216,48.73963],[16.24309,48.73964],[16.24333,48.73964],[16.24351,48.73963],[16.24379,48.73962],[16.24494,48.73965],[16.24579,48.73964],[16.24653,48.73964],[16.24717,48.73964],[16.24762,48.73963],[16.24808,48.73964],[16.24871,48.73963],[16.24963,48.73953],[16.25033,48.7394],[16.25133,48.73915],[16.25217,48.73892],[16.25253,48.73882],[16.25304,48.73868],[16.25398,48.73847],[16.25483,48.73833],[16.25613,48.73814],[16.25681,48.73802],[16.25782,48.73783],[16.2583,48.73777],[16.26075,48.73737],[16.26196,48.73718],[16.26306,48.73701],[16.2633,48.73732],[16.26403,48.7381],[16.26412,48.73817],[16.26511,48.73892],[16.26607,48.73965],[16.26833,48.74134],[16.26843,48.74132],[16.26852,48.74132],[16.26896,48.7413],[16.26972,48.74129],[16.27095,48.74127],[16.27175,48.74126],[16.27259,48.74127],[16.27271,48.74128],[16.27302,48.74128],[16.27333,48.74127],[16.27447,48.74132],[16.2758,48.74139],[16.2773,48.74149],[16.2779,48.74151],[16.27865,48.74146],[16.27919,48.74141],[16.27985,48.74133],[16.2807,48.74119],[16.28117,48.7411],[16.28179,48.74098],[16.28308,48.74056],[16.28349,48.74046],[16.28405,48.74026],[16.28471,48.73997],[16.28516,48.73988],[16.28551,48.73985],[16.28592,48.73988],[16.28705,48.73998],[16.28803,48.74017],[16.2883,48.74019],[16.28863,48.7401],[16.28966,48.73979],[16.2901,48.73964],[16.29081,48.73936],[16.29223,48.73891],[16.2928,48.73877],[16.29364,48.73842],[16.29452,48.73814],[16.29451,48.73811],[16.29546,48.73818],[16.29572,48.73817],[16.29596,48.73811],[16.29663,48.73766],[16.29701,48.73775],[16.29741,48.73783],[16.29749,48.73787],[16.29749,48.73798],[16.29746,48.73816],[16.29748,48.73826],[16.29758,48.73836],[16.29788,48.73846],[16.29814,48.73848],[16.29848,48.73843],[16.29902,48.73971],[16.29982,48.73965],[16.30111,48.73955],[16.3014,48.73952],[16.30205,48.73944],[16.30215,48.73943],[16.30219,48.73949],[16.30229,48.73955],[16.30274,48.73946],[16.30372,48.73917],[16.30452,48.73893],[16.30532,48.73865],[16.30578,48.73811],[16.30616,48.73769],[16.30648,48.73713],[16.3067,48.73688],[16.30704,48.73659],[16.30736,48.73637],[16.30815,48.7359],[16.30856,48.73546],[16.30867,48.73534],[16.30901,48.73515],[16.30971,48.73483],[16.30988,48.73461],[16.31008,48.73424],[16.31026,48.73396],[16.31036,48.73384],[16.31096,48.73363],[16.31224,48.7333],[16.31307,48.73306],[16.3142,48.73295],[16.31533,48.7329],[16.31619,48.73291],[16.31703,48.73286],[16.31751,48.73278],[16.31809,48.73263],[16.31858,48.73252],[16.3191,48.73246],[16.32018,48.73236],[16.32073,48.73231],[16.32175,48.73216],[16.32256,48.73203],[16.32321,48.73198],[16.32401,48.73193],[16.32458,48.73188],[16.32517,48.73185],[16.32551,48.73185],[16.32607,48.73188],[16.32667,48.73194],[16.32687,48.73196],[16.32701,48.73198],[16.32754,48.73214],[16.32796,48.73228],[16.32829,48.73236],[16.32828,48.73245],[16.32964,48.73254],[16.32976,48.73209],[16.32995,48.7315],[16.32989,48.73124],[16.33055,48.73131],[16.33165,48.73145],[16.33174,48.73147],[16.33202,48.73163],[16.33278,48.73212],[16.33336,48.73217],[16.33373,48.73219],[16.33413,48.73223],[16.33474,48.73237],[16.33504,48.73239],[16.33532,48.73235],[16.33571,48.73234],[16.33602,48.73232],[16.33623,48.7323],[16.33632,48.73247],[16.33652,48.73282],[16.33668,48.73306],[16.33711,48.73374],[16.33716,48.73383],[16.33719,48.73388],[16.33741,48.73432],[16.33748,48.73449],[16.33788,48.73553],[16.33793,48.73571],[16.33803,48.73606],[16.33816,48.73641],[16.3384,48.73702],[16.33843,48.73733],[16.33923,48.73927],[16.33964,48.74037],[16.33994,48.74115],[16.34003,48.74153],[16.3401,48.74211],[16.34027,48.74271],[16.34027,48.74275],[16.34036,48.74284],[16.34053,48.74307],[16.34063,48.74312],[16.34079,48.74316],[16.34092,48.74314],[16.3413,48.74294],[16.34161,48.74305],[16.34168,48.74309],[16.34168,48.74312],[16.34162,48.74338],[16.34163,48.74358],[16.34151,48.74366],[16.34134,48.74371],[16.34093,48.74371],[16.34086,48.74376],[16.34097,48.74393],[16.34121,48.74419],[16.3414,48.74428],[16.34145,48.74422],[16.34139,48.74401],[16.34143,48.74392],[16.34154,48.74387],[16.34166,48.7439],[16.34186,48.74398],[16.34194,48.74406],[16.34195,48.74436],[16.34195,48.74462],[16.342,48.74465],[16.34212,48.74458],[16.34223,48.74447],[16.34231,48.74443],[16.3425,48.74451],[16.34261,48.74459],[16.34245,48.74479],[16.34236,48.74489],[16.34227,48.74503],[16.34241,48.74518],[16.34247,48.74535],[16.34229,48.74533],[16.34186,48.74499],[16.34162,48.74495],[16.34152,48.74499],[16.34142,48.74512],[16.34141,48.74536],[16.3415,48.74548],[16.34167,48.74558],[16.34182,48.74562],[16.34188,48.74562],[16.34198,48.74563],[16.34222,48.74561],[16.34233,48.7456],[16.34244,48.7456],[16.34273,48.74562],[16.34282,48.74562],[16.34291,48.7456],[16.34297,48.74559],[16.34304,48.7455],[16.34308,48.74538],[16.34315,48.74532],[16.34323,48.74527],[16.34332,48.74522],[16.34341,48.74519],[16.34379,48.74505],[16.34391,48.74498],[16.34391,48.7449],[16.34369,48.74476],[16.34367,48.74467],[16.34378,48.74459],[16.34423,48.74456],[16.34429,48.74448],[16.34421,48.74442],[16.34379,48.74438],[16.3436,48.74434],[16.34342,48.74427],[16.34337,48.74422],[16.34332,48.74416],[16.34334,48.74407],[16.34346,48.74397],[16.34365,48.74391],[16.34384,48.74385],[16.34407,48.74385],[16.34409,48.74379],[16.34434,48.74296],[16.3447,48.74176],[16.34525,48.74125],[16.34556,48.74096],[16.34617,48.74077],[16.34689,48.74106],[16.34769,48.74137],[16.34827,48.74159],[16.349,48.74187],[16.34974,48.74216],[16.35183,48.74142],[16.35332,48.7409],[16.35335,48.74088],[16.35361,48.74076],[16.35367,48.74076],[16.35374,48.7404],[16.35389,48.74012],[16.35407,48.74001],[16.35447,48.73995],[16.35511,48.7397],[16.35568,48.73931],[16.35586,48.73906],[16.35609,48.73884],[16.35644,48.73866],[16.35655,48.73858],[16.35668,48.7385],[16.35678,48.73839],[16.35717,48.73793],[16.35726,48.73782],[16.35556,48.73663],[16.35423,48.73566],[16.35406,48.73554],[16.35341,48.73507],[16.35145,48.73364],[16.35176,48.73351],[16.35285,48.73316],[16.35385,48.73285],[16.35432,48.73268],[16.35493,48.73241],[16.35526,48.73225],[16.35586,48.73185],[16.3562,48.7316],[16.3564,48.73145],[16.35662,48.73128],[16.35707,48.73092],[16.35754,48.73057],[16.35794,48.73031],[16.35821,48.73006],[16.35985,48.73092],[16.36013,48.73058],[16.3604,48.73024],[16.36043,48.73024],[16.36038,48.72994],[16.36017,48.72934],[16.36007,48.72895],[16.36007,48.72839],[16.36004,48.72839],[16.35995,48.72825],[16.35977,48.72807],[16.36021,48.72806],[16.36108,48.72807],[16.36174,48.72807],[16.3624,48.72807],[16.36371,48.72808],[16.36418,48.72808],[16.36567,48.72809],[16.3664,48.72808],[16.36646,48.72804],[16.36691,48.7282],[16.36728,48.72836],[16.36739,48.72841],[16.36752,48.72842],[16.36766,48.72843],[16.36782,48.72842],[16.368,48.72841],[16.36815,48.72841],[16.36829,48.72844],[16.36841,48.72848],[16.3686,48.72862],[16.36869,48.72871],[16.36876,48.7288],[16.36893,48.729],[16.36907,48.72908],[16.36918,48.72913],[16.36933,48.72918],[16.3695,48.72917],[16.36991,48.72905],[16.36999,48.72905],[16.37021,48.72909],[16.3705,48.72916],[16.37075,48.72921],[16.37096,48.72924],[16.37359,48.72995],[16.37389,48.73003],[16.37411,48.73009],[16.37431,48.73014],[16.37467,48.73024],[16.37519,48.73037],[16.37606,48.73061],[16.37626,48.73066],[16.37736,48.73097],[16.37738,48.73093],[16.37745,48.73056],[16.37747,48.73053],[16.37746,48.73051],[16.37749,48.73041],[16.37754,48.73022],[16.37759,48.73009],[16.37765,48.73002],[16.37772,48.72996],[16.37799,48.72974],[16.37806,48.72967],[16.3781,48.7296],[16.37813,48.7295],[16.37811,48.72949],[16.3779,48.7294],[16.37774,48.72937],[16.37744,48.72934],[16.37725,48.7293],[16.37712,48.72915],[16.3771,48.72915],[16.37704,48.72904],[16.37702,48.72894],[16.37707,48.72879],[16.37715,48.72871],[16.37736,48.72858],[16.37755,48.72852],[16.37767,48.7285],[16.378,48.72847],[16.37801,48.72848],[16.37805,48.72855],[16.37835,48.72867],[16.37876,48.72886],[16.37922,48.72906],[16.37945,48.72918],[16.37993,48.72929],[16.38071,48.72941],[16.38085,48.72944],[16.38099,48.72949],[16.38113,48.72955],[16.38121,48.72958],[16.38131,48.72958],[16.38145,48.72952],[16.38168,48.72939],[16.38173,48.72937],[16.38219,48.72985],[16.3824,48.73003],[16.38263,48.73013],[16.38281,48.73019],[16.38294,48.73025],[16.38309,48.73034],[16.3832,48.73038],[16.38329,48.73041],[16.38339,48.73044],[16.38349,48.73049],[16.3838,48.73067],[16.38388,48.73075],[16.38395,48.73084],[16.384,48.73098],[16.38401,48.73102],[16.38415,48.73117],[16.38443,48.73135],[16.38459,48.73148],[16.38462,48.73158],[16.38464,48.73173],[16.38464,48.73197],[16.38463,48.7321],[16.38461,48.73221],[16.38456,48.73229],[16.38444,48.73243],[16.3843,48.73251],[16.38407,48.73257],[16.38394,48.73259],[16.38372,48.7326],[16.38341,48.73263],[16.38325,48.73266],[16.3831,48.73273],[16.38308,48.73275],[16.38304,48.73298],[16.38303,48.73313],[16.38308,48.73323],[16.38351,48.73354],[16.38373,48.73369],[16.38405,48.73384],[16.38431,48.73396],[16.38449,48.73408],[16.38476,48.73429],[16.38501,48.73453],[16.38537,48.73484],[16.38565,48.73497],[16.3858,48.73502],[16.38598,48.73507],[16.38619,48.73509],[16.38654,48.73511],[16.38722,48.7351],[16.38756,48.73511],[16.38784,48.73515],[16.38803,48.73519],[16.3883,48.73526],[16.38839,48.73537],[16.38853,48.73547],[16.38863,48.73558],[16.38875,48.73572],[16.38886,48.73589],[16.38898,48.73616],[16.38903,48.73638],[16.38905,48.73654],[16.38906,48.73673],[16.38908,48.73703],[16.38908,48.73723],[16.38905,48.73739],[16.38902,48.73752],[16.38891,48.73782],[16.38866,48.7385],[16.38858,48.73876],[16.38855,48.73889],[16.38861,48.73897],[16.38866,48.739],[16.38877,48.73906],[16.38895,48.73911],[16.38914,48.73912],[16.38936,48.73913],[16.38965,48.73914],[16.38988,48.73913],[16.39018,48.73911],[16.39031,48.73909],[16.39042,48.73904],[16.39054,48.73884],[16.39057,48.73847],[16.39062,48.73839],[16.3907,48.73832],[16.39079,48.73828],[16.39086,48.73828],[16.39108,48.73832],[16.39133,48.73842],[16.3915,48.73858],[16.3916,48.73872],[16.39172,48.7389],[16.39181,48.73899],[16.39193,48.73907],[16.39205,48.73913],[16.39227,48.73913],[16.39236,48.73908],[16.39238,48.73903],[16.39237,48.73898],[16.39239,48.73883],[16.39246,48.73871],[16.39264,48.73858],[16.39271,48.73853],[16.39287,48.73842],[16.39289,48.73837],[16.39287,48.73827],[16.39272,48.73809],[16.39265,48.73799],[16.39265,48.73789],[16.39272,48.73769],[16.39302,48.73737],[16.39346,48.73692],[16.39359,48.73681],[16.39385,48.73662],[16.39387,48.73659],[16.3941,48.73642],[16.39457,48.7363],[16.39478,48.73631],[16.39519,48.73635],[16.39548,48.73642],[16.39563,48.7365],[16.39586,48.73665],[16.39613,48.73692],[16.3963,48.73708],[16.3964,48.73717],[16.39656,48.73722],[16.39671,48.73729],[16.39695,48.7374],[16.39738,48.73753],[16.39752,48.73759],[16.39756,48.73761],[16.39924,48.73833],[16.39922,48.73839],[16.39927,48.73867],[16.39926,48.7389],[16.39935,48.73901],[16.39952,48.73907],[16.39976,48.7391],[16.39984,48.73911],[16.39995,48.73913],[16.40011,48.73919],[16.40032,48.73928],[16.40046,48.73937],[16.40048,48.73941],[16.40049,48.73951],[16.40045,48.73959],[16.4004,48.73961],[16.40029,48.73963],[16.4001,48.73961],[16.39991,48.7396],[16.39976,48.73967],[16.3997,48.73976],[16.39971,48.73986],[16.39979,48.73994],[16.3999,48.74002],[16.40007,48.74011],[16.4001,48.74012],[16.40032,48.74022],[16.40045,48.7403],[16.40064,48.74036],[16.40085,48.74042],[16.40091,48.74048],[16.40093,48.74053],[16.40083,48.74057],[16.40057,48.74063],[16.40047,48.74069],[16.40041,48.74077],[16.40041,48.74083],[16.40042,48.74096],[16.40046,48.74101],[16.40058,48.74107],[16.40075,48.7411],[16.40095,48.7411],[16.40123,48.74102],[16.40131,48.741],[16.40154,48.74096],[16.40177,48.74094],[16.40203,48.74094],[16.40211,48.74095],[16.40228,48.74098],[16.40245,48.74107],[16.40255,48.74121],[16.40258,48.74128],[16.4027,48.7414],[16.40288,48.74148],[16.40323,48.74156],[16.40339,48.74163],[16.40344,48.74172],[16.40345,48.74176],[16.4034,48.74187],[16.40328,48.74203],[16.40328,48.74212],[16.40333,48.74215],[16.40343,48.74216],[16.40358,48.74214],[16.4037,48.7421],[16.4038,48.742],[16.40387,48.74187],[16.4039,48.74168],[16.40401,48.74159],[16.40407,48.74155],[16.40411,48.74155],[16.40417,48.74154],[16.40432,48.74154],[16.40465,48.74158],[16.40481,48.74157],[16.40495,48.7415],[16.40501,48.74139],[16.40502,48.7413],[16.40501,48.74125],[16.40497,48.74111],[16.40489,48.74098],[16.4048,48.74088],[16.40475,48.74086],[16.40462,48.74085],[16.40454,48.74086],[16.40424,48.74092],[16.40414,48.74088],[16.40411,48.74082],[16.40415,48.74073],[16.40417,48.74069],[16.40428,48.74057],[16.40434,48.74053],[16.40677,48.74157],[16.40849,48.74231],[16.40846,48.74234],[16.40881,48.74251],[16.40911,48.74276],[16.40925,48.74285],[16.40953,48.74301],[16.40984,48.74311],[16.41013,48.7432],[16.4103,48.74329],[16.41045,48.74342],[16.4103,48.74351],[16.40987,48.74375],[16.40959,48.74433],[16.40951,48.74435],[16.40982,48.74514],[16.40998,48.74548],[16.41048,48.74666],[16.41093,48.74773],[16.41168,48.74951],[16.41258,48.75162],[16.41268,48.7516],[16.41346,48.75146],[16.41359,48.75143],[16.4136,48.7516],[16.41365,48.75191],[16.4137,48.75216],[16.41375,48.75231],[16.41382,48.75242],[16.4139,48.75251],[16.414,48.7526],[16.41414,48.75269],[16.41432,48.75279],[16.41448,48.7529],[16.41462,48.75302],[16.41475,48.75316],[16.41484,48.75328],[16.41491,48.75337],[16.41494,48.75349],[16.41478,48.75351],[16.41397,48.75366],[16.4136,48.75377],[16.41349,48.7538],[16.41355,48.75392],[16.41364,48.75401],[16.41372,48.75407],[16.41384,48.75414],[16.41425,48.75432],[16.41469,48.75451],[16.41491,48.75462],[16.41506,48.75469],[16.41523,48.75477],[16.4154,48.75486],[16.41566,48.75499],[16.41569,48.75502],[16.41577,48.75511],[16.41582,48.7552],[16.41584,48.75524],[16.41587,48.75533],[16.41588,48.75538],[16.41592,48.75571],[16.41596,48.75589],[16.41601,48.75604],[16.41607,48.75614],[16.41614,48.75623],[16.41643,48.75653],[16.41658,48.75667],[16.41679,48.75688],[16.41721,48.75727],[16.41827,48.75828],[16.41871,48.75869],[16.41925,48.75918],[16.41968,48.75955],[16.42038,48.76013],[16.42089,48.76055],[16.42103,48.76066],[16.42125,48.76083],[16.42158,48.7611],[16.42186,48.76132],[16.42197,48.7614],[16.42215,48.76155],[16.4223,48.76167],[16.42237,48.76175],[16.42248,48.76184],[16.42258,48.76191],[16.42281,48.76203],[16.42293,48.76195],[16.42295,48.7619],[16.42302,48.76183],[16.42307,48.76174],[16.4231,48.76164],[16.4231,48.7615],[16.42311,48.76146],[16.4231,48.76134],[16.42307,48.7613],[16.42322,48.76129],[16.42335,48.76131],[16.42353,48.7613],[16.42374,48.76137],[16.42384,48.76156],[16.42396,48.76161],[16.42406,48.76159],[16.42414,48.76156],[16.42425,48.7615],[16.42433,48.76145],[16.42445,48.76145],[16.42449,48.76148],[16.42452,48.76156],[16.42463,48.76168],[16.42474,48.76182],[16.42496,48.76191],[16.42517,48.76205],[16.42535,48.76215],[16.42559,48.7622],[16.42583,48.76226],[16.42593,48.76223],[16.42615,48.76208],[16.42642,48.76205],[16.42656,48.76201],[16.42677,48.76216],[16.42698,48.76211],[16.42747,48.76209],[16.42782,48.7622],[16.42794,48.76231],[16.42797,48.76239],[16.42813,48.76263],[16.42824,48.76265],[16.42836,48.76267],[16.42859,48.76283],[16.42863,48.76314],[16.4287,48.76317],[16.42878,48.76325],[16.42889,48.7633],[16.42906,48.76331],[16.42979,48.76323],[16.43002,48.76323],[16.43103,48.76375],[16.43135,48.76386],[16.43177,48.76407],[16.435,48.76563],[16.43761,48.76851],[16.43801,48.7699],[16.43927,48.77432],[16.43694,48.77557],[16.43573,48.77622],[16.43524,48.77658],[16.4357,48.77796],[16.43577,48.77819],[16.43584,48.77817],[16.43666,48.77796],[16.4376,48.77855],[16.43771,48.77866],[16.4377,48.77879],[16.43751,48.77912],[16.43756,48.77944],[16.43747,48.77968],[16.43717,48.77978],[16.43812,48.78076],[16.43828,48.78089],[16.4384,48.78092],[16.43841,48.78109],[16.43877,48.78166],[16.43888,48.78183],[16.43916,48.78229],[16.43927,48.78257],[16.43933,48.78273],[16.43956,48.78312],[16.4397,48.78345],[16.43986,48.7837],[16.43997,48.78384],[16.44019,48.78397],[16.44038,48.78409],[16.44108,48.7844],[16.44107,48.78455],[16.44176,48.78547],[16.44183,48.78556],[16.44195,48.78553],[16.4421,48.78552],[16.44221,48.78559],[16.44227,48.78572],[16.44235,48.7859],[16.44265,48.78622],[16.4429,48.78626],[16.44301,48.78627],[16.44345,48.78627],[16.44357,48.78635],[16.44374,48.78672],[16.44378,48.78684],[16.44371,48.78701],[16.44358,48.78708],[16.44352,48.7871],[16.44412,48.78757],[16.44492,48.78823],[16.44625,48.78935],[16.44704,48.79],[16.44744,48.79032],[16.44758,48.79044],[16.44775,48.79058],[16.44784,48.79067],[16.44791,48.79077],[16.44796,48.79088],[16.44799,48.79102],[16.44799,48.7911],[16.448,48.79114],[16.44798,48.79125],[16.44794,48.79137],[16.44783,48.79156],[16.44766,48.79181],[16.44735,48.79227],[16.44734,48.79231],[16.44731,48.79248],[16.44727,48.79303],[16.44722,48.79343],[16.44715,48.79389],[16.44708,48.79426],[16.44695,48.7949],[16.44685,48.79522],[16.44672,48.79554],[16.4467,48.79563],[16.44672,48.79578],[16.44676,48.79593],[16.44681,48.7961],[16.44688,48.79631],[16.44698,48.79672],[16.44704,48.79688],[16.44713,48.79703],[16.44727,48.79723],[16.44739,48.79741],[16.44777,48.79786],[16.44794,48.79807],[16.44799,48.79821],[16.44801,48.79838],[16.44798,48.79846],[16.44839,48.79899],[16.4487,48.79938],[16.44995,48.80013],[16.45062,48.8005],[16.45089,48.80064],[16.45142,48.80091],[16.45167,48.80103],[16.45244,48.80138],[16.45307,48.80164],[16.45352,48.80183],[16.45412,48.80206],[16.45487,48.80233],[16.45572,48.80263],[16.45631,48.80282],[16.4572,48.80312],[16.45776,48.8033],[16.45828,48.80347],[16.45902,48.80371],[16.45966,48.80392],[16.46043,48.80417],[16.46126,48.80443],[16.4619,48.80464],[16.46141,48.80531],[16.4612,48.80559],[16.46102,48.80585],[16.46118,48.80587],[16.46184,48.80609],[16.46246,48.80625],[16.46282,48.8063],[16.46272,48.80638],[16.46229,48.80658],[16.46147,48.80696],[16.46025,48.80752],[16.45904,48.80808],[16.45966,48.80851],[16.46041,48.80903],[16.46175,48.80932],[16.46246,48.80944],[16.4629,48.8095],[16.4644,48.80987],[16.46448,48.80989],[16.46502,48.80947],[16.46527,48.80928],[16.46621,48.80856],[16.46703,48.80794],[16.46764,48.80747],[16.4677,48.80739],[16.46773,48.80731],[16.46866,48.80682],[16.46874,48.80678],[16.46923,48.80657],[16.47031,48.80621],[16.47202,48.80561],[16.47418,48.80483],[16.47511,48.80426],[16.47562,48.80396],[16.47562,48.80387],[16.47709,48.80303],[16.47741,48.80283],[16.47839,48.80227],[16.47834,48.80205],[16.48037,48.80191],[16.48258,48.80176],[16.48273,48.80175],[16.48468,48.80161],[16.48581,48.80159],[16.48672,48.80155],[16.48773,48.80153],[16.48852,48.80152],[16.49052,48.80148],[16.49249,48.80143],[16.49442,48.80138],[16.49456,48.80138],[16.49487,48.80137],[16.49628,48.80132],[16.49817,48.80126],[16.4999,48.80122],[16.50022,48.80123],[16.50052,48.80124],[16.50092,48.80127],[16.50101,48.80128],[16.50137,48.8013],[16.50149,48.8013],[16.50173,48.80132],[16.50208,48.80137],[16.50418,48.80152],[16.50621,48.80169],[16.50631,48.8017],[16.50641,48.80171],[16.50666,48.80173],[16.5068,48.80175],[16.50734,48.80179],[16.50754,48.80181],[16.50765,48.80182],[16.50793,48.80186],[16.50807,48.80187],[16.5082,48.80187],[16.50833,48.80188],[16.50843,48.80176],[16.51021,48.80195],[16.51097,48.80204],[16.51351,48.80234],[16.51614,48.80265],[16.51692,48.80124],[16.5176,48.80004],[16.51774,48.79981],[16.51823,48.79896],[16.51864,48.79824],[16.51906,48.79838],[16.51977,48.79862],[16.52022,48.79876],[16.52197,48.79927],[16.52202,48.79932],[16.52344,48.79977],[16.52496,48.80073],[16.52501,48.80081],[16.52571,48.80138],[16.52583,48.80148],[16.52631,48.80187],[16.52762,48.80291],[16.52903,48.80403],[16.52809,48.80551],[16.52946,48.80595],[16.53092,48.80647],[16.53074,48.80671],[16.53161,48.80707],[16.53279,48.80767],[16.53279,48.80768],[16.53335,48.80859],[16.53387,48.80944],[16.53392,48.80957],[16.534,48.80998],[16.53402,48.81022],[16.53408,48.81082],[16.5341,48.81096],[16.53558,48.81162],[16.53594,48.81181],[16.53679,48.81229],[16.53776,48.81279],[16.53796,48.8129],[16.53807,48.81297],[16.53831,48.81309],[16.5389,48.81332],[16.53904,48.81337],[16.53986,48.8136],[16.54073,48.81429],[16.54075,48.81428],[16.54085,48.81421],[16.54115,48.81396],[16.54159,48.81358],[16.54176,48.81343],[16.54193,48.81327],[16.54203,48.81318],[16.54227,48.813],[16.54243,48.81287],[16.54258,48.81275],[16.54266,48.8127],[16.54276,48.81262],[16.5429,48.81251],[16.54305,48.81239],[16.54317,48.81227],[16.54332,48.81213],[16.5434,48.81206],[16.54341,48.81204],[16.54384,48.81164],[16.54429,48.8112],[16.54442,48.81108],[16.54433,48.81099],[16.54439,48.81094],[16.54471,48.8106],[16.54485,48.81048],[16.5451,48.8103],[16.54556,48.81001],[16.54569,48.80992],[16.54609,48.80966],[16.54621,48.80961],[16.5466,48.80946],[16.5467,48.8094],[16.54707,48.8091],[16.54741,48.80882],[16.5475,48.80874],[16.54766,48.80857],[16.54824,48.80784],[16.5486,48.80746],[16.54885,48.80723],[16.5491,48.80701],[16.54929,48.80686],[16.54965,48.80658],[16.54986,48.80644],[16.55007,48.80631],[16.5504,48.8061],[16.55082,48.80584],[16.55088,48.80581],[16.55143,48.80555],[16.55164,48.80544],[16.55214,48.80518],[16.55231,48.80509],[16.55327,48.80466],[16.55344,48.80459],[16.55388,48.80442],[16.55416,48.80431],[16.55451,48.80418],[16.55467,48.80412],[16.55483,48.80405],[16.555,48.80398],[16.55517,48.80389],[16.55544,48.80371],[16.55555,48.80363],[16.55615,48.80307],[16.55624,48.80298],[16.55631,48.80289],[16.55638,48.80281],[16.55645,48.80272],[16.55653,48.80262],[16.55659,48.80256],[16.55662,48.80253],[16.55696,48.80222],[16.55777,48.80114],[16.55784,48.80106],[16.55795,48.80097],[16.5581,48.80088],[16.55826,48.80083],[16.55861,48.80076],[16.55876,48.80073],[16.55892,48.80066],[16.55908,48.80058],[16.55917,48.8005],[16.55939,48.80031],[16.5604,48.79941],[16.56056,48.79927],[16.56066,48.79914],[16.56073,48.79902],[16.56081,48.79888],[16.56107,48.79827],[16.56118,48.79806],[16.5614,48.79767],[16.56147,48.79756],[16.56157,48.79743],[16.5618,48.79721],[16.56214,48.79692],[16.56243,48.79667],[16.5626,48.79651],[16.56275,48.79636],[16.56307,48.79602],[16.56353,48.79562],[16.5638,48.79538],[16.56388,48.79529],[16.564,48.79515],[16.56426,48.79473],[16.56438,48.79453],[16.56464,48.79404],[16.56473,48.7939],[16.5648,48.79382],[16.56491,48.79373],[16.56518,48.79356],[16.5654,48.79343],[16.56558,48.79335],[16.56576,48.7933],[16.56621,48.79323],[16.56643,48.7932],[16.56663,48.79316],[16.56683,48.79313],[16.56708,48.79311],[16.56729,48.79312],[16.56796,48.79314],[16.56818,48.79315],[16.5686,48.79317],[16.56886,48.79318],[16.56898,48.79318],[16.56915,48.7932],[16.56935,48.79324],[16.57002,48.79338],[16.57008,48.79339],[16.57032,48.79342],[16.57046,48.79342],[16.57067,48.79343],[16.57122,48.79344],[16.57128,48.79344],[16.57196,48.79347],[16.5724,48.79346],[16.57284,48.79346],[16.57301,48.79346],[16.57339,48.79347],[16.5738,48.79351],[16.57414,48.79349],[16.57442,48.79347],[16.57469,48.79345],[16.57507,48.7934],[16.57545,48.79336],[16.57555,48.79335],[16.57582,48.79333],[16.57602,48.79331],[16.57627,48.79331],[16.57659,48.79329],[16.57669,48.79327],[16.57682,48.79324],[16.57718,48.79313],[16.57736,48.79303],[16.57744,48.79299],[16.57763,48.79296],[16.5778,48.79285],[16.57796,48.79276],[16.57837,48.79257],[16.57872,48.79239],[16.5792,48.79223],[16.57937,48.79219],[16.57958,48.79216],[16.57979,48.79213],[16.58032,48.79204],[16.58042,48.79204],[16.58068,48.79207],[16.58107,48.7921],[16.58136,48.7921],[16.58184,48.79217],[16.58192,48.79217],[16.58204,48.79215],[16.58226,48.79211],[16.58237,48.79207],[16.58273,48.79192],[16.58289,48.79184],[16.58301,48.79176],[16.58311,48.79169],[16.58322,48.79161],[16.58352,48.7914],[16.58365,48.79131],[16.58381,48.79123],[16.58413,48.7911],[16.58444,48.79103],[16.58462,48.79101],[16.58496,48.79096],[16.5851,48.79094],[16.58517,48.79092],[16.58524,48.79088],[16.58528,48.79085],[16.58553,48.79059],[16.58573,48.79046],[16.58593,48.79034],[16.58617,48.79024],[16.58645,48.79014],[16.58661,48.79007],[16.58696,48.78984],[16.58722,48.78967],[16.58737,48.78958],[16.58753,48.7895],[16.58779,48.78937],[16.5882,48.78924],[16.58889,48.78896],[16.58961,48.78872],[16.5907,48.78836],[16.59095,48.78825],[16.59141,48.78806],[16.59167,48.78794],[16.59189,48.78782],[16.59238,48.78755],[16.59285,48.78729],[16.59316,48.78712],[16.59348,48.78694],[16.59357,48.78689],[16.59367,48.78681],[16.59372,48.78675],[16.59378,48.78667],[16.59378,48.78659],[16.59371,48.78643],[16.59361,48.78623],[16.5935,48.78602],[16.59348,48.78592],[16.59348,48.78579],[16.59356,48.78536],[16.59363,48.78488],[16.59365,48.78471],[16.59364,48.78443],[16.5936,48.78426],[16.59342,48.78374],[16.59329,48.78332],[16.59316,48.78287],[16.59321,48.78281],[16.5933,48.78282],[16.59335,48.78277],[16.5934,48.78274],[16.59349,48.78269],[16.59503,48.78249],[16.59545,48.78241],[16.5958,48.78232],[16.59602,48.78228],[16.59627,48.78227],[16.5964,48.78227],[16.59811,48.78197],[16.59895,48.78186],[16.59947,48.78178],[16.5998,48.78168],[16.60007,48.78164],[16.60239,48.7814],[16.60323,48.78126],[16.60437,48.78109],[16.60486,48.78107],[16.60538,48.78099],[16.60591,48.78092],[16.60627,48.78087],[16.60644,48.78087],[16.60788,48.78077],[16.60883,48.7807],[16.60937,48.78067],[16.60994,48.78062],[16.61004,48.78059],[16.6102,48.78057],[16.61178,48.78062],[16.61212,48.78063],[16.61264,48.78066],[16.61316,48.7807],[16.61329,48.78072],[16.61327,48.78085],[16.61322,48.78094],[16.61332,48.78106],[16.61455,48.78102],[16.61566,48.78096],[16.61569,48.78114],[16.61576,48.78131],[16.61582,48.78143],[16.61599,48.78147],[16.61655,48.78146],[16.617,48.78147],[16.61773,48.78147],[16.61825,48.78146],[16.61877,48.7814],[16.61941,48.78131],[16.61961,48.78126],[16.61979,48.78124],[16.62001,48.78122],[16.62027,48.7812],[16.6204,48.78121],[16.62052,48.7812],[16.62114,48.78106],[16.62165,48.78094],[16.62199,48.78086],[16.62226,48.7808],[16.62247,48.78076],[16.6226,48.78072],[16.62351,48.78088],[16.62394,48.78094],[16.62416,48.78096],[16.62438,48.78096],[16.62501,48.78091],[16.62564,48.78088],[16.62605,48.78091],[16.62633,48.7809],[16.62677,48.78084],[16.62735,48.78076],[16.62734,48.78071],[16.62737,48.7801],[16.62739,48.78008],[16.62776,48.7801],[16.62903,48.78018],[16.62925,48.7802],[16.62957,48.78029],[16.62997,48.78035],[16.63061,48.78044],[16.63044,48.78114],[16.63021,48.78175],[16.63039,48.78193],[16.63052,48.78201],[16.63067,48.78208],[16.63107,48.78227],[16.63121,48.78234],[16.63134,48.78241],[16.63153,48.78249],[16.63164,48.78254],[16.63197,48.78272],[16.6322,48.78308],[16.63246,48.78354],[16.63263,48.7839],[16.63267,48.78398],[16.63271,48.78406],[16.63278,48.78422],[16.63291,48.78449],[16.6331,48.78486],[16.63324,48.78506],[16.63327,48.7851],[16.6333,48.78515],[16.63339,48.78523],[16.63349,48.7853],[16.63365,48.7854],[16.63396,48.78553],[16.63432,48.78568],[16.63455,48.78576],[16.6347,48.7858],[16.63526,48.78585],[16.63602,48.78591],[16.63642,48.7859],[16.63686,48.78581],[16.6373,48.78575],[16.63762,48.78574],[16.63799,48.78576],[16.63829,48.78581],[16.63842,48.78583],[16.63848,48.78583],[16.63871,48.78585],[16.63957,48.78586],[16.64108,48.78587],[16.64176,48.78588],[16.64265,48.78584],[16.64344,48.7858],[16.64413,48.78581],[16.64477,48.78573],[16.64567,48.7856],[16.6465,48.7855],[16.64735,48.78537],[16.64821,48.78525],[16.64855,48.7852],[16.6489,48.78518],[16.64915,48.78518],[16.64968,48.7852],[16.6502,48.78523],[16.65057,48.78523],[16.65096,48.78521],[16.65142,48.78514],[16.65176,48.78507],[16.65216,48.78495],[16.6527,48.78475],[16.65319,48.78461],[16.65374,48.78449],[16.65391,48.78444],[16.65348,48.78329],[16.65423,48.78324],[16.65441,48.78321],[16.65472,48.78284],[16.65493,48.78271],[16.65522,48.78255],[16.6557,48.78245],[16.65591,48.78246],[16.6561,48.78256],[16.65639,48.78298],[16.65757,48.78261],[16.65786,48.78244],[16.65816,48.78226],[16.65854,48.78203],[16.65865,48.78199],[16.65886,48.78194],[16.65911,48.7819],[16.65999,48.78188],[16.66104,48.78169],[16.66287,48.78135],[16.66315,48.78128],[16.66331,48.78122],[16.66375,48.78101],[16.66378,48.78098],[16.66421,48.78039],[16.66375,48.77993],[16.66359,48.77963],[16.66359,48.77949],[16.66359,48.77877],[16.66368,48.77865],[16.66393,48.77847],[16.66462,48.77832],[16.66531,48.77817],[16.66582,48.77806],[16.66508,48.77737],[16.66432,48.77696],[16.66412,48.77677],[16.66402,48.77647],[16.66406,48.77615],[16.66397,48.7756],[16.66401,48.77551],[16.66441,48.77519],[16.66458,48.77502],[16.6664,48.77375],[16.67131,48.77242],[16.67458,48.77155],[16.67464,48.77152],[16.67468,48.77146],[16.67489,48.77102],[16.67558,48.77008],[16.67608,48.76946],[16.67626,48.76916],[16.67636,48.76889],[16.67651,48.76853],[16.67662,48.76814],[16.67668,48.76807],[16.67681,48.76796],[16.6769,48.76787],[16.67703,48.76766],[16.67718,48.7674],[16.67736,48.76708],[16.67757,48.76665],[16.67766,48.76645],[16.67776,48.76603],[16.67785,48.76565],[16.6779,48.76547],[16.67802,48.76514],[16.67817,48.76472],[16.67832,48.76431],[16.67841,48.76403],[16.67847,48.76381],[16.67855,48.7635],[16.67859,48.76333],[16.67869,48.76315],[16.67872,48.76298],[16.67879,48.76267],[16.67882,48.7624],[16.67887,48.76209],[16.67905,48.76141],[16.67924,48.76074],[16.67931,48.76042],[16.67948,48.7596],[16.67954,48.75921],[16.67959,48.75861],[16.67964,48.75802],[16.67968,48.75756],[16.67974,48.75701],[16.67976,48.75684],[16.67972,48.75673],[16.67961,48.75651],[16.67991,48.75625],[16.67999,48.75612],[16.68006,48.75596],[16.68007,48.75562],[16.68013,48.75495],[16.68013,48.75484],[16.68012,48.75465],[16.68012,48.75444],[16.68014,48.75389],[16.68013,48.75356],[16.68017,48.75334],[16.68026,48.75302],[16.68042,48.75249],[16.68058,48.7521],[16.68067,48.75181],[16.68083,48.75134],[16.68089,48.751],[16.68091,48.75077],[16.68088,48.75031],[16.6808,48.74992],[16.68073,48.74968],[16.68062,48.74946],[16.68046,48.74927],[16.68017,48.749],[16.67974,48.74854],[16.67927,48.74804],[16.67895,48.74773],[16.67876,48.74752],[16.67853,48.74725],[16.67839,48.74707],[16.67828,48.74687],[16.67808,48.74638],[16.67793,48.74612],[16.67779,48.74596],[16.67715,48.74557],[16.67675,48.74538],[16.67645,48.7452],[16.67621,48.74504],[16.67595,48.74481],[16.67584,48.74459],[16.6757,48.74433],[16.67554,48.7442],[16.67536,48.74404],[16.67519,48.74377],[16.67504,48.74358],[16.6749,48.74343],[16.67464,48.74328],[16.67442,48.74318],[16.67414,48.74303],[16.67396,48.74287],[16.67382,48.74268],[16.67375,48.74238],[16.67373,48.74206],[16.67368,48.74169],[16.67355,48.74123],[16.67354,48.74057],[16.6736,48.74042],[16.67383,48.73984],[16.67396,48.73958],[16.67407,48.73943],[16.67419,48.73933],[16.67435,48.73914],[16.67458,48.73882],[16.67484,48.7384],[16.67498,48.73813],[16.67515,48.73787],[16.67544,48.73743],[16.67557,48.7373],[16.67578,48.73713],[16.67641,48.73666],[16.67686,48.73634],[16.67715,48.73614],[16.67745,48.73594],[16.67791,48.73565],[16.67867,48.73519],[16.67909,48.73484],[16.67953,48.7345],[16.67972,48.7343],[16.67984,48.73415],[16.67997,48.73396],[16.68022,48.7336],[16.68041,48.7332],[16.68065,48.73257],[16.68086,48.7321],[16.68124,48.73123],[16.68143,48.73076],[16.68179,48.72991],[16.68203,48.72926],[16.68231,48.72869],[16.68252,48.7281],[16.68258,48.7278],[16.68348,48.72798],[16.68612,48.72858],[16.68682,48.72874],[16.68718,48.72882],[16.68752,48.7289],[16.68795,48.72908],[16.6884,48.72924],[16.68862,48.7293],[16.68899,48.7295],[16.68947,48.72979],[16.68994,48.73009],[16.6904,48.73041],[16.69073,48.73055],[16.6914,48.73083],[16.69172,48.73101],[16.69195,48.73121],[16.69245,48.7318],[16.69316,48.73243],[16.69349,48.73269],[16.69372,48.73283],[16.6942,48.73308],[16.69464,48.73332],[16.69535,48.73367],[16.69601,48.73387],[16.69655,48.73404],[16.69684,48.73419],[16.69738,48.73446],[16.69789,48.73475],[16.6982,48.73493],[16.69895,48.73527],[16.69938,48.73548],[16.69985,48.7357],[16.70032,48.73592],[16.70052,48.73605],[16.7009,48.73637],[16.70112,48.73654],[16.70209,48.73609],[16.7034,48.73548],[16.70429,48.73508],[16.70429,48.73506],[16.70469,48.73512],[16.70487,48.73514],[16.70515,48.73518],[16.70528,48.73521],[16.70541,48.73525],[16.70541,48.73526],[16.70538,48.73545],[16.70538,48.73564],[16.70538,48.73582],[16.70612,48.73586],[16.70613,48.73592],[16.70617,48.73622],[16.7062,48.73636],[16.70622,48.7365],[16.70627,48.7368],[16.70634,48.73704],[16.70643,48.73724],[16.70658,48.73765],[16.70661,48.73766],[16.70669,48.73759],[16.70703,48.73728],[16.70711,48.7372],[16.70743,48.7369],[16.70754,48.73681],[16.70755,48.73682],[16.70814,48.73696],[16.70973,48.73726],[16.70992,48.7373],[16.71059,48.73745],[16.71123,48.73758],[16.71154,48.73763],[16.7121,48.73771],[16.7127,48.7378],[16.71315,48.73787],[16.71328,48.73789],[16.71344,48.73792],[16.71384,48.73799],[16.71401,48.73802],[16.71442,48.73807],[16.71503,48.73812],[16.71553,48.73815],[16.71573,48.73815],[16.71599,48.73815],[16.71609,48.73815],[16.71657,48.73818],[16.71692,48.73817],[16.71767,48.73815],[16.71813,48.73814],[16.71824,48.73812],[16.71842,48.73812],[16.71876,48.73811],[16.71922,48.7381],[16.71926,48.7381],[16.71937,48.73809],[16.72006,48.73812],[16.72046,48.73813],[16.72107,48.73813],[16.72182,48.73814],[16.72264,48.73817],[16.7232,48.73819],[16.72359,48.73817],[16.72402,48.73813],[16.72474,48.73803],[16.72477,48.73798],[16.72563,48.73773],[16.72604,48.73761],[16.72645,48.73748],[16.7267,48.7374],[16.72686,48.73735],[16.72725,48.73719],[16.72763,48.73702],[16.72844,48.73667],[16.72851,48.73663],[16.72854,48.73662],[16.72857,48.73653],[16.72856,48.7363],[16.72854,48.73591],[16.72902,48.73583],[16.72897,48.73561],[16.72953,48.73553],[16.72955,48.73552],[16.72944,48.73535],[16.72929,48.73515],[16.7292,48.73507],[16.72912,48.73502],[16.72903,48.73499],[16.72895,48.73496],[16.72867,48.73489],[16.72848,48.73483],[16.72838,48.73479],[16.72823,48.73472],[16.72811,48.73466],[16.72755,48.73427],[16.72747,48.7342],[16.72751,48.73418],[16.72782,48.73425],[16.72831,48.73405],[16.72881,48.73332],[16.72884,48.73328],[16.72904,48.73317],[16.72913,48.73314],[16.72928,48.73313],[16.72944,48.73315],[16.7297,48.73323],[16.72992,48.73332],[16.73036,48.73342],[16.73098,48.73352],[16.73175,48.73373],[16.7321,48.73374],[16.73279,48.7338],[16.7331,48.73362],[16.73299,48.73354],[16.73444,48.73278],[16.73446,48.73281],[16.7353,48.73235],[16.73612,48.73185],[16.73565,48.73141],[16.73528,48.73106],[16.73503,48.73084],[16.73496,48.73077],[16.73496,48.73076],[16.7349,48.7307],[16.73486,48.73065],[16.7348,48.73053],[16.73479,48.73046],[16.73481,48.73041],[16.73483,48.73039],[16.73494,48.73028],[16.73521,48.73007],[16.73535,48.72998],[16.73555,48.72982],[16.7357,48.72969],[16.73582,48.72961],[16.73598,48.72954],[16.7361,48.72951],[16.73626,48.72947],[16.73636,48.72944],[16.73652,48.72936],[16.73662,48.72931],[16.73674,48.72926],[16.73703,48.72945],[16.73711,48.72951],[16.73719,48.72961],[16.73728,48.7298],[16.73736,48.73005],[16.7374,48.7302],[16.73745,48.73062],[16.73748,48.73062],[16.73804,48.73062],[16.73826,48.73062],[16.7385,48.73062],[16.73877,48.7306],[16.73903,48.73057],[16.73954,48.7305],[16.73955,48.73048],[16.74034,48.73068],[16.74038,48.73068],[16.74084,48.73079],[16.74108,48.73085],[16.74192,48.7311],[16.74244,48.73125],[16.74299,48.73141],[16.7434,48.73151],[16.74385,48.73164],[16.74429,48.73177],[16.74433,48.73172],[16.74431,48.73167],[16.74407,48.73148],[16.74413,48.73143],[16.74429,48.73136],[16.74438,48.73139],[16.74455,48.73144],[16.7451,48.73163],[16.74548,48.73173],[16.74589,48.73182],[16.74628,48.73191],[16.74666,48.732],[16.74728,48.73211],[16.74737,48.73188],[16.74749,48.73165],[16.74759,48.73142],[16.74797,48.7307],[16.748,48.7307],[16.74811,48.73072],[16.74817,48.7306],[16.74822,48.73053],[16.74838,48.73002],[16.74911,48.73005],[16.74912,48.72969],[16.74915,48.72969],[16.74909,48.72948],[16.74907,48.72935],[16.74907,48.72926],[16.74909,48.72914],[16.74918,48.72886],[16.74929,48.72864],[16.74942,48.72845],[16.74956,48.72818],[16.74967,48.72795],[16.74983,48.72753],[16.75016,48.72682],[16.75028,48.72663],[16.75038,48.72649],[16.75068,48.72615],[16.75085,48.72602],[16.75095,48.72595],[16.75113,48.72577],[16.75119,48.72571],[16.75129,48.72558],[16.7514,48.7255],[16.75161,48.72537],[16.75177,48.72523],[16.75188,48.72507],[16.75195,48.72495],[16.75205,48.72477],[16.75214,48.72458],[16.75215,48.72452],[16.75214,48.72445],[16.75215,48.72438],[16.75221,48.72424],[16.75226,48.72416],[16.75233,48.72404],[16.75234,48.72393],[16.75235,48.72377],[16.75238,48.72362],[16.75241,48.72347],[16.7526,48.72303],[16.75271,48.72275],[16.75284,48.72247],[16.75291,48.72218],[16.75293,48.72209],[16.75296,48.72197],[16.75301,48.72185],[16.75307,48.72175],[16.75314,48.72161],[16.75322,48.72139],[16.75324,48.7213],[16.75326,48.72119],[16.75322,48.72102],[16.75321,48.72093],[16.75326,48.72081],[16.75329,48.72075],[16.75338,48.72063],[16.75342,48.72059],[16.75345,48.72056],[16.75361,48.72043],[16.75368,48.72034],[16.75378,48.72021],[16.7539,48.72013],[16.75401,48.72007],[16.75404,48.72004],[16.75444,48.71982],[16.75453,48.71977],[16.75484,48.71964],[16.75514,48.71954],[16.75552,48.71946],[16.75575,48.71942],[16.75594,48.71941],[16.75613,48.71942],[16.75633,48.71943],[16.75636,48.71943],[16.7562,48.71921],[16.75613,48.71908],[16.7561,48.71895],[16.75614,48.71894],[16.75626,48.71896],[16.75653,48.71901],[16.75667,48.71905],[16.75678,48.71908],[16.75692,48.71912],[16.757,48.71914],[16.75713,48.71915],[16.7572,48.71915],[16.75734,48.71914],[16.75756,48.7191],[16.75769,48.71908],[16.75795,48.71902],[16.75824,48.71893],[16.75842,48.71888],[16.75874,48.71879],[16.75859,48.71857],[16.75841,48.71829],[16.758,48.71778],[16.75779,48.71755],[16.75765,48.7174],[16.75737,48.71708],[16.75728,48.71698],[16.75765,48.71683],[16.75789,48.71675],[16.75813,48.7167],[16.75861,48.71661],[16.75887,48.71657],[16.75913,48.71654],[16.75943,48.71651],[16.75971,48.71649],[16.75975,48.71649],[16.7599,48.71656],[16.76015,48.71666],[16.76013,48.71667],[16.76026,48.71671],[16.76045,48.71678],[16.76063,48.71688],[16.76077,48.71698],[16.76089,48.71709],[16.76119,48.71742],[16.76129,48.71752],[16.76142,48.71761],[16.7619,48.71784],[16.76221,48.71798],[16.76251,48.71811],[16.763,48.71834],[16.76332,48.71851],[16.76357,48.71865],[16.76362,48.71869],[16.7637,48.71874],[16.76369,48.71869],[16.76369,48.71864],[16.76375,48.71859],[16.76507,48.71787],[16.76633,48.71725],[16.76682,48.71696],[16.76722,48.71667],[16.76733,48.71657],[16.76748,48.71636],[16.76776,48.71585],[16.76816,48.71531],[16.76853,48.71494],[16.76905,48.71456],[16.76946,48.71432],[16.7699,48.71408],[16.77038,48.71388],[16.77074,48.71376],[16.77103,48.71364],[16.7721,48.71316],[16.7722,48.71311],[16.77247,48.71295],[16.77321,48.71248],[16.77411,48.71229],[16.77479,48.71216],[16.77552,48.71199],[16.77578,48.71196],[16.77592,48.71215],[16.77624,48.7125],[16.77677,48.713],[16.77701,48.7132],[16.77786,48.71392],[16.77818,48.71414],[16.77852,48.71416],[16.77862,48.71373],[16.77887,48.71298],[16.77897,48.7128],[16.77926,48.71228],[16.77987,48.71289],[16.78009,48.71323],[16.78125,48.71288],[16.78222,48.71271],[16.78351,48.71269],[16.78421,48.71283],[16.78554,48.7128],[16.78634,48.7133],[16.78787,48.71353],[16.78877,48.71373],[16.78986,48.71385],[16.79068,48.7132],[16.79207,48.71191],[16.79241,48.71174],[16.79357,48.7114],[16.79407,48.71122],[16.7952,48.71048],[16.7965,48.7101],[16.79831,48.7108],[16.79854,48.71059],[16.79857,48.71059],[16.7988,48.71035],[16.79966,48.70936],[16.79991,48.70859],[16.80002,48.70782],[16.79984,48.70744],[16.79988,48.70725],[16.79982,48.70647],[16.79989,48.70609],[16.79996,48.70599],[16.80003,48.70595],[16.80034,48.7059],[16.80104,48.70653],[16.8019,48.70731],[16.80217,48.70741],[16.8025,48.70757],[16.80277,48.70772],[16.8033,48.70805],[16.80387,48.70836],[16.80431,48.70857],[16.80472,48.70871],[16.80606,48.70909],[16.8057,48.70999],[16.80549,48.71074],[16.80544,48.711],[16.8054,48.71126],[16.80539,48.71214],[16.80537,48.71218],[16.80575,48.71219],[16.80616,48.71215],[16.80779,48.71187],[16.81296,48.71092],[16.81601,48.71037],[16.81608,48.71036],[16.81615,48.71032],[16.81628,48.71024],[16.81633,48.71028],[16.81906,48.71029],[16.82098,48.71028],[16.82122,48.71028],[16.82164,48.71028],[16.82177,48.7103],[16.82226,48.71033],[16.82455,48.71069],[16.8258,48.71088],[16.82716,48.71107],[16.82726,48.71109],[16.82802,48.71175],[16.82862,48.71224],[16.82935,48.71281],[16.83066,48.71379],[16.83103,48.71408],[16.83193,48.71475],[16.83228,48.71503],[16.8337,48.71612],[16.83426,48.71653],[16.83428,48.71648],[16.83434,48.71647],[16.8344,48.71644],[16.83447,48.71639],[16.83452,48.71636],[16.83608,48.71527],[16.83645,48.71498],[16.83684,48.71471],[16.83736,48.71434],[16.83775,48.71409],[16.83777,48.71409],[16.83815,48.71382],[16.83868,48.71343],[16.83929,48.71294],[16.83961,48.71269],[16.83998,48.71242],[16.84055,48.71201],[16.84087,48.71176],[16.84102,48.71168],[16.8415,48.7115],[16.84166,48.71149],[16.84201,48.71153],[16.84254,48.71165],[16.8433,48.71174],[16.84501,48.7119],[16.84568,48.71197],[16.84616,48.71202],[16.84671,48.71205],[16.8475,48.71206],[16.84797,48.7121],[16.84901,48.71216],[16.84928,48.71216],[16.84953,48.71215],[16.84982,48.71213],[16.85027,48.71208],[16.85066,48.71202],[16.85114,48.71192],[16.85136,48.71188],[16.85163,48.71186],[16.85271,48.71185],[16.85297,48.71188],[16.8535,48.71191],[16.85396,48.71192],[16.8541,48.71191],[16.85483,48.71192],[16.85516,48.71193],[16.85609,48.71198],[16.85671,48.71201],[16.85751,48.71207],[16.85869,48.71215],[16.85968,48.71221],[16.85988,48.71223],[16.85987,48.71224],[16.86082,48.7123],[16.86136,48.71233],[16.86181,48.71235],[16.86252,48.71236],[16.86398,48.71238],[16.86541,48.71243],[16.86673,48.7125],[16.86736,48.71254],[16.86808,48.71255],[16.86816,48.71255],[16.86875,48.71252],[16.8693,48.71251],[16.86944,48.71247],[16.87033,48.71346],[16.87048,48.71362],[16.8707,48.71379],[16.87079,48.71385],[16.87171,48.7145],[16.87294,48.71537],[16.87304,48.71544],[16.8733,48.71563],[16.87343,48.71572],[16.87354,48.71583],[16.87292,48.71641],[16.87269,48.71641],[16.87217,48.71682],[16.8721,48.71687],[16.87433,48.7181],[16.87467,48.71787],[16.87474,48.71792],[16.87517,48.71835],[16.8754,48.71857],[16.87476,48.71885],[16.87631,48.72001],[16.87642,48.71996],[16.87634,48.72068],[16.87636,48.72114],[16.87636,48.72116],[16.87656,48.72155],[16.8766,48.72162],[16.87667,48.72177],[16.87739,48.72224],[16.8774,48.72232],[16.8786,48.72267],[16.87905,48.72289],[16.87968,48.72318],[16.88119,48.72216],[16.88176,48.72193],[16.88002,48.72085],[16.88176,48.72011],[16.88217,48.72029],[16.88265,48.72007],[16.88221,48.71925],[16.88304,48.71906],[16.88306,48.71904],[16.88399,48.71814],[16.88536,48.71676],[16.88542,48.71675],[16.8857,48.71657],[16.8863,48.71629],[16.88636,48.71626],[16.88648,48.71638],[16.88668,48.71653],[16.88671,48.71655],[16.88678,48.71657],[16.88691,48.71657],[16.88707,48.71658],[16.88722,48.71657],[16.88727,48.71657],[16.88744,48.71646],[16.88762,48.71659],[16.88808,48.71645],[16.8881,48.71644],[16.8881,48.71644],[16.88826,48.7164],[16.88852,48.71634],[16.88987,48.71606],[16.89072,48.71593],[16.89135,48.71581],[16.89178,48.71575],[16.89209,48.71573],[16.89247,48.71572],[16.89306,48.71575],[16.89328,48.71577],[16.89383,48.7159],[16.89415,48.71601],[16.89484,48.71631],[16.8951,48.71641],[16.89527,48.71645],[16.89546,48.71646],[16.89566,48.71646],[16.89586,48.71643],[16.89605,48.7164],[16.89626,48.71633],[16.89643,48.71624],[16.89667,48.71607],[16.89685,48.71599],[16.89706,48.71595],[16.89732,48.71592],[16.89759,48.71593],[16.89785,48.71597],[16.89812,48.71605],[16.89829,48.71612],[16.89847,48.71622],[16.89887,48.7165],[16.89904,48.71664],[16.89934,48.71691],[16.89954,48.71711],[16.89972,48.71728],[16.89992,48.71743],[16.90014,48.71758],[16.90035,48.71771],[16.90057,48.71783],[16.90074,48.71791],[16.90094,48.71798],[16.90116,48.71803],[16.9014,48.71807],[16.90161,48.71807],[16.90181,48.71804],[16.90202,48.71797],[16.90225,48.71784],[16.9024,48.71768],[16.90251,48.71754],[16.90257,48.71738],[16.90264,48.71726],[16.90269,48.71715],[16.90276,48.71703],[16.90284,48.71687],[16.90293,48.71671],[16.90304,48.71657],[16.90317,48.71644],[16.90332,48.7163],[16.90367,48.71604],[16.90385,48.71593],[16.9041,48.71583],[16.90469,48.71563],[16.90519,48.71551],[16.90542,48.71544],[16.90564,48.71535],[16.9058,48.71524],[16.90602,48.715],[16.90612,48.71485],[16.90619,48.71468],[16.9062,48.7145],[16.90618,48.71438],[16.90609,48.71426],[16.90599,48.71416],[16.90586,48.71408],[16.90565,48.71396],[16.90528,48.71385],[16.90505,48.71379],[16.90487,48.71376],[16.90458,48.71373],[16.90436,48.71371],[16.90409,48.71366],[16.90388,48.71361],[16.90333,48.71348],[16.90313,48.71339],[16.90288,48.71326],[16.90259,48.71304],[16.90248,48.71291],[16.90238,48.7127],[16.90237,48.71253],[16.90239,48.71233],[16.90241,48.71225],[16.90245,48.71213],[16.90261,48.71189],[16.90272,48.71176],[16.90283,48.71162],[16.90297,48.71147],[16.90308,48.71135],[16.90327,48.71117],[16.9034,48.71103],[16.9035,48.71087],[16.90356,48.71073],[16.90362,48.71054],[16.90378,48.71021],[16.90388,48.71004],[16.90404,48.70987],[16.90425,48.7097],[16.90441,48.70958],[16.90461,48.70944],[16.90482,48.70933],[16.90507,48.70922],[16.90546,48.70907],[16.90573,48.70897],[16.90617,48.70879],[16.90654,48.70864],[16.90678,48.70851],[16.90713,48.70832],[16.90736,48.7082],[16.9077,48.70802],[16.90803,48.70786],[16.90843,48.7077],[16.9088,48.70761],[16.9091,48.70752],[16.90917,48.70749],[16.90926,48.70748],[16.9097,48.70733],[16.90994,48.70725],[16.91007,48.70723],[16.91027,48.70719],[16.91038,48.70718],[16.91062,48.70712],[16.91081,48.70705],[16.9111,48.70692],[16.91128,48.70678],[16.91148,48.70666],[16.91173,48.70648],[16.91194,48.70632],[16.91214,48.70613],[16.91232,48.70594],[16.91247,48.70576],[16.9126,48.70557],[16.91272,48.70536],[16.91281,48.70515],[16.91288,48.70492],[16.91293,48.70471],[16.91305,48.70394],[16.91309,48.70375],[16.91313,48.70359],[16.91317,48.70345],[16.91321,48.70336],[16.91329,48.70321],[16.91337,48.70305],[16.91346,48.70289],[16.91354,48.70278],[16.9136,48.7027],[16.91363,48.70266],[16.91379,48.70247],[16.91395,48.70231],[16.91414,48.70213],[16.91433,48.70198],[16.9145,48.70185],[16.9147,48.70172],[16.91492,48.70159],[16.91537,48.70135],[16.91584,48.70109],[16.916,48.701],[16.91615,48.7009],[16.91628,48.70079],[16.91641,48.70068],[16.91646,48.70061],[16.91654,48.70052],[16.91664,48.70039],[16.91672,48.70024],[16.91679,48.70008],[16.91683,48.69992],[16.91685,48.69974],[16.91685,48.6996],[16.91682,48.69944],[16.91672,48.69914],[16.91658,48.69881],[16.91646,48.69851],[16.91636,48.69831],[16.9163,48.6982],[16.91627,48.69805],[16.91624,48.69775],[16.91622,48.69767],[16.91621,48.69749],[16.91619,48.69737],[16.91615,48.69723],[16.91608,48.69676],[16.91606,48.69643],[16.91608,48.69624],[16.91614,48.69603],[16.91622,48.69584],[16.9163,48.69567],[16.91642,48.69548],[16.91653,48.69531],[16.91669,48.6951],[16.91683,48.69493],[16.91697,48.69478],[16.91709,48.69469],[16.9172,48.69464],[16.91759,48.69451],[16.91777,48.69443],[16.91795,48.69434],[16.91814,48.69421],[16.91828,48.69405],[16.91837,48.69391],[16.91844,48.69379],[16.91853,48.69362],[16.91856,48.69348],[16.91858,48.69332],[16.91858,48.69315],[16.91852,48.69286],[16.91843,48.69264],[16.91832,48.69252],[16.91814,48.69237],[16.91794,48.69224],[16.91748,48.69205],[16.91723,48.69191],[16.91716,48.69186],[16.91703,48.69176],[16.91692,48.69166],[16.91682,48.69156],[16.91671,48.69144],[16.91669,48.6914],[16.91659,48.69123],[16.91652,48.69109],[16.91648,48.69095],[16.91647,48.69093],[16.91647,48.6909],[16.91646,48.69086],[16.91644,48.69076],[16.91644,48.69054],[16.91644,48.69034],[16.91644,48.6902],[16.91644,48.69016],[16.91643,48.68986],[16.91644,48.68959],[16.91643,48.68927],[16.91644,48.68913],[16.91644,48.68899],[16.91643,48.68867],[16.9164,48.68847],[16.91637,48.68829],[16.91631,48.6881],[16.91626,48.68796],[16.91617,48.68777],[16.91609,48.6876],[16.91598,48.68743],[16.91585,48.68726],[16.9157,48.68708],[16.91554,48.68692],[16.91536,48.68676],[16.91532,48.68673],[16.91514,48.68658],[16.91478,48.68633],[16.91395,48.68572],[16.91378,48.68558],[16.91362,48.68545],[16.91348,48.6853],[16.91336,48.68514],[16.91324,48.68498],[16.91316,48.68483],[16.91309,48.68466],[16.91303,48.68449],[16.91299,48.68429],[16.91298,48.68409],[16.91298,48.6839],[16.91301,48.68373],[16.91304,48.68362],[16.91305,48.68356],[16.9131,48.68344],[16.91312,48.68337],[16.91325,48.68306],[16.91332,48.68293],[16.91337,48.68278],[16.9134,48.68264],[16.91341,48.6826],[16.91341,48.68244],[16.9134,48.68226],[16.91337,48.68211],[16.9133,48.68194],[16.91322,48.6818],[16.91311,48.68163],[16.91298,48.68148],[16.91284,48.68134],[16.91268,48.68123],[16.9125,48.68112],[16.91207,48.6809],[16.91196,48.68084],[16.91181,48.68077],[16.91161,48.68065],[16.91155,48.68061],[16.91141,48.68051],[16.91129,48.68041],[16.91116,48.68029],[16.91105,48.68019],[16.91095,48.68004],[16.91084,48.67977],[16.91082,48.67964],[16.91064,48.67912],[16.91052,48.6787],[16.91041,48.67848],[16.9103,48.67832],[16.9102,48.67821],[16.91015,48.67814],[16.91013,48.67805],[16.91013,48.67789],[16.91016,48.67745],[16.91036,48.67658],[16.91037,48.67626],[16.9104,48.67597],[16.91049,48.67571],[16.91057,48.67556],[16.91066,48.67546],[16.91076,48.67536],[16.91097,48.67523],[16.91119,48.67513],[16.9114,48.67505],[16.91167,48.67493],[16.91188,48.6748],[16.912,48.67471],[16.91207,48.67461],[16.91218,48.67439],[16.91222,48.67432],[16.91233,48.67416],[16.91253,48.67398],[16.91273,48.67385],[16.91312,48.67371],[16.91352,48.67357],[16.91413,48.67345],[16.91459,48.6734],[16.91508,48.67338],[16.91615,48.67332],[16.91636,48.67332],[16.91648,48.67332],[16.91755,48.67325],[16.91782,48.67323],[16.9181,48.67318],[16.91836,48.67313],[16.9186,48.67306],[16.91874,48.67302],[16.91907,48.67289],[16.91929,48.67278],[16.9195,48.67266],[16.91971,48.67251],[16.92044,48.67194],[16.92077,48.6717],[16.92113,48.67146],[16.92148,48.67125],[16.92186,48.67104],[16.92211,48.67092],[16.9225,48.6707],[16.92266,48.67059],[16.92281,48.67046],[16.92295,48.67032],[16.92307,48.67025],[16.9232,48.66992],[16.92323,48.66944],[16.92333,48.66937],[16.92339,48.66926],[16.92338,48.66911],[16.92323,48.66872],[16.9229,48.66834],[16.92262,48.66817],[16.92241,48.66795],[16.92236,48.66781],[16.92224,48.66757],[16.92217,48.66736],[16.92216,48.66705],[16.92222,48.66673],[16.9224,48.66639],[16.9226,48.66607],[16.92274,48.66577],[16.92279,48.66528],[16.92275,48.66514],[16.92276,48.66496],[16.92263,48.66457],[16.92247,48.66432],[16.92233,48.66416],[16.92208,48.66405],[16.92195,48.66378],[16.92185,48.66359],[16.92178,48.6634],[16.92173,48.66312],[16.92171,48.6629],[16.9218,48.66268],[16.92199,48.66209],[16.92223,48.66185],[16.92239,48.66164],[16.92246,48.66154],[16.92252,48.66108],[16.9225,48.66077],[16.92239,48.66032],[16.92236,48.6601],[16.9224,48.65994],[16.92253,48.65973],[16.92279,48.65959],[16.9231,48.65942],[16.92332,48.6592],[16.92337,48.659],[16.92339,48.65862],[16.92334,48.65828],[16.92323,48.65797],[16.92312,48.65776],[16.92295,48.65759],[16.92264,48.6574],[16.92216,48.65718],[16.92186,48.657],[16.92176,48.65675],[16.92173,48.65658],[16.92185,48.65631],[16.92212,48.656],[16.92221,48.65585],[16.92222,48.65569],[16.92212,48.65542],[16.92182,48.65507],[16.9215,48.65477],[16.92108,48.65448],[16.92057,48.65435],[16.92032,48.65416],[16.92019,48.65403],[16.92002,48.65383],[16.91985,48.6536],[16.91972,48.65334],[16.91962,48.65308],[16.91962,48.65281],[16.91971,48.65259],[16.91975,48.65241],[16.91941,48.65204],[16.91932,48.65178],[16.91928,48.65158],[16.9193,48.65133],[16.91933,48.65116],[16.91944,48.65099],[16.91963,48.6508],[16.9197,48.65066],[16.91961,48.65016],[16.91961,48.64992],[16.91966,48.64967],[16.91976,48.64956],[16.91993,48.64948],[16.92035,48.64937],[16.9207,48.64934],[16.9209,48.64922],[16.92101,48.64903],[16.92106,48.64874],[16.92096,48.6484],[16.92092,48.64823],[16.92104,48.6476],[16.92107,48.64738],[16.92101,48.64715],[16.9208,48.64656],[16.92048,48.64604],[16.9204,48.6459],[16.9204,48.64566],[16.92042,48.64558],[16.92066,48.6452],[16.92079,48.64507],[16.92098,48.64498],[16.92133,48.64489],[16.92165,48.64481],[16.92258,48.6445],[16.92288,48.64435],[16.92298,48.64424],[16.92384,48.64333],[16.92406,48.64319],[16.92413,48.64314],[16.92537,48.64207],[16.92644,48.64145],[16.92727,48.64074],[16.92768,48.64017],[16.92788,48.64009],[16.92831,48.63959],[16.92844,48.63917],[16.92844,48.63895],[16.92833,48.63874],[16.92809,48.63855],[16.92803,48.63818],[16.92783,48.63784],[16.92756,48.63751],[16.92721,48.63723],[16.92699,48.63708],[16.92676,48.63682],[16.92662,48.63654],[16.92622,48.63625],[16.92579,48.63598],[16.9255,48.63575],[16.92533,48.63543],[16.92528,48.63509],[16.9255,48.63479],[16.92568,48.63445],[16.92579,48.63416],[16.92568,48.63378],[16.92565,48.6335],[16.92598,48.6328],[16.926,48.63266],[16.92587,48.63228],[16.92581,48.63219],[16.92562,48.632],[16.92532,48.63184],[16.92479,48.63171],[16.92422,48.6316],[16.92363,48.63153],[16.92338,48.63148],[16.92314,48.63138],[16.92301,48.63126],[16.92294,48.63105],[16.92294,48.63082],[16.92296,48.63077],[16.92328,48.63034],[16.92373,48.62992],[16.92392,48.62968],[16.92409,48.62939],[16.92408,48.62904],[16.92385,48.62881],[16.92353,48.62869],[16.92331,48.6286],[16.92141,48.62851],[16.92101,48.62837],[16.92078,48.62825],[16.92047,48.62801],[16.91977,48.6273],[16.91924,48.62689],[16.91906,48.62669],[16.91899,48.62656],[16.9188,48.62603],[16.91881,48.6259],[16.91888,48.62562],[16.91907,48.6253],[16.91943,48.62498],[16.91999,48.62453],[16.92007,48.62444],[16.92015,48.6242],[16.92017,48.624],[16.92004,48.62377],[16.91982,48.62358],[16.91958,48.62344],[16.91896,48.62318],[16.91879,48.62308],[16.91869,48.62288],[16.91869,48.62267],[16.91876,48.62243],[16.9189,48.62223],[16.9192,48.62199],[16.91928,48.62196],[16.91955,48.62188],[16.92089,48.62175],[16.92134,48.62162],[16.92262,48.621],[16.92305,48.62072],[16.9233,48.62053],[16.92361,48.62042],[16.92508,48.62019],[16.92547,48.62007],[16.9259,48.61993],[16.92646,48.61964],[16.92699,48.61934],[16.92711,48.61929],[16.92764,48.61912],[16.92808,48.61907],[16.92833,48.61908],[16.92878,48.61914],[16.92971,48.61931],[16.92989,48.61933],[16.93092,48.61933],[16.93116,48.61931],[16.93246,48.61928],[16.93296,48.61931],[16.9344,48.61927],[16.93499,48.61922],[16.93552,48.61913],[16.93605,48.61897],[16.93701,48.61877],[16.93811,48.61849],[16.93851,48.61835],[16.93896,48.61817],[16.93965,48.61775],[16.93983,48.61759],[16.93998,48.61741],[16.94006,48.61726],[16.94014,48.61703],[16.9402,48.61655],[16.94017,48.61651],[16.94008,48.61635],[16.93978,48.61588],[16.93951,48.61539],[16.93942,48.61515],[16.93935,48.61485],[16.93935,48.61443],[16.9394,48.61428],[16.93953,48.61386],[16.93971,48.61345],[16.93996,48.61302],[16.94024,48.61264],[16.94132,48.61149],[16.94163,48.61112],[16.9418,48.61084],[16.94196,48.61051],[16.94209,48.61015],[16.94216,48.60982],[16.9422,48.60945],[16.94219,48.6081],[16.94208,48.60664],[16.94204,48.60643],[16.94192,48.60606],[16.9417,48.60565],[16.94144,48.60525],[16.94099,48.60476],[16.94064,48.60444],[16.94019,48.60409],[16.93968,48.60373],[16.93932,48.60352],[16.93893,48.60332],[16.93852,48.60316],[16.93796,48.60296],[16.93744,48.60281],[16.93712,48.60272],[16.93665,48.60262],[16.93615,48.60256],[16.93565,48.60247],[16.93539,48.60241],[16.93479,48.60222],[16.93427,48.60197],[16.93399,48.60172],[16.93377,48.60143],[16.93364,48.60112],[16.93359,48.60063],[16.93359,48.60019],[16.93363,48.59974],[16.93368,48.59935],[16.9338,48.59894],[16.93397,48.59852],[16.93418,48.5981],[16.9346,48.59751],[16.93485,48.59711],[16.93527,48.59634],[16.93545,48.59595],[16.93563,48.59551],[16.9358,48.59501],[16.93592,48.59461],[16.93604,48.59414],[16.93647,48.59215],[16.93688,48.59013],[16.93709,48.58926],[16.93733,48.58845],[16.93765,48.58754],[16.93809,48.58649],[16.9385,48.58553],[16.93871,48.58507],[16.93886,48.58465],[16.93898,48.58425],[16.9391,48.5836],[16.93914,48.58313],[16.93916,48.58264],[16.93915,48.58224],[16.93912,48.58183],[16.93906,48.58141],[16.93897,48.58101],[16.93884,48.58061],[16.93868,48.58017],[16.93847,48.57968],[16.93823,48.57919],[16.93795,48.57871],[16.93761,48.57819],[16.93732,48.5778],[16.93703,48.57739],[16.93675,48.57695],[16.93648,48.57651],[16.93622,48.57606],[16.93602,48.57565],[16.93586,48.5753],[16.9357,48.57487],[16.93558,48.57446],[16.93553,48.57418],[16.93552,48.57379],[16.9355,48.57349],[16.93548,48.57311],[16.93548,48.57274],[16.93551,48.57235],[16.93554,48.57205],[16.93564,48.57142],[16.93579,48.57085],[16.93695,48.56806],[16.93714,48.56766],[16.93752,48.56697],[16.93819,48.56582],[16.93861,48.56524],[16.93984,48.56381],[16.94012,48.56354],[16.94046,48.56326],[16.94088,48.56297],[16.94126,48.56275],[16.94243,48.56219],[16.94278,48.56199],[16.94311,48.5618],[16.94346,48.56155],[16.94359,48.56143],[16.94388,48.56118],[16.94413,48.56091],[16.94435,48.56064],[16.94445,48.56049],[16.94459,48.5602],[16.9447,48.55991],[16.94475,48.55966],[16.9448,48.55932],[16.94484,48.55863],[16.94484,48.55828],[16.94477,48.5578],[16.9447,48.5575],[16.94459,48.55715],[16.94448,48.55684],[16.9443,48.5565],[16.94288,48.55435],[16.94272,48.55407],[16.9426,48.55378],[16.94253,48.55351],[16.94249,48.55323],[16.9425,48.55297],[16.94256,48.55269],[16.94268,48.55242],[16.94295,48.55206],[16.94319,48.55183],[16.94343,48.55162],[16.94387,48.55134],[16.94443,48.551],[16.9447,48.55083],[16.94494,48.55063],[16.94518,48.55042],[16.94529,48.5503],[16.94554,48.54997],[16.94589,48.54949],[16.94606,48.54925],[16.94628,48.549],[16.94675,48.54855],[16.94706,48.54831],[16.94738,48.54807],[16.94778,48.54779],[16.94827,48.54752],[16.94863,48.54734],[16.94898,48.54719],[16.94933,48.54706],[16.9497,48.54695],[16.95008,48.54685],[16.95083,48.54671],[16.95136,48.54657],[16.95154,48.54652],[16.95206,48.54633],[16.9522,48.54626],[16.95253,48.54608],[16.95279,48.5459],[16.953,48.54572],[16.95332,48.54541],[16.9535,48.54518],[16.95371,48.54485],[16.95377,48.54472],[16.95393,48.54426],[16.95398,48.54378],[16.95393,48.54326],[16.95387,48.543],[16.95379,48.54273],[16.95361,48.54228],[16.95327,48.54172],[16.95307,48.54145],[16.95178,48.53984],[16.95137,48.53932],[16.95093,48.53867],[16.95065,48.53819],[16.95037,48.53761],[16.9501,48.53698],[16.94992,48.5364],[16.94961,48.53515],[16.9495,48.5347],[16.94938,48.53443],[16.94926,48.53417],[16.94909,48.53389],[16.94889,48.53361],[16.94855,48.53332],[16.94833,48.53316],[16.94818,48.53306],[16.94785,48.5329],[16.94768,48.53283],[16.94683,48.5325],[16.94644,48.53232],[16.94554,48.53183],[16.94267,48.53001],[16.94254,48.52992],[16.94227,48.5297],[16.94202,48.52946],[16.94179,48.5292],[16.94158,48.52895],[16.94115,48.52838],[16.9408,48.52785],[16.94043,48.52724],[16.94031,48.52694],[16.94024,48.52667],[16.94022,48.52639],[16.94024,48.52613],[16.94026,48.52599],[16.94036,48.52574],[16.94052,48.52549],[16.94073,48.52524],[16.94085,48.52512],[16.94142,48.52465],[16.94287,48.52378],[16.94318,48.52359],[16.94362,48.52322],[16.9438,48.523],[16.9439,48.52279],[16.9439,48.52267],[16.94388,48.52245],[16.94376,48.52224],[16.94367,48.52212],[16.94345,48.52189],[16.9433,48.52175],[16.94317,48.52163],[16.94276,48.52136],[16.94234,48.52114],[16.94217,48.52107],[16.94181,48.52094],[16.94166,48.52089],[16.9415,48.52085],[16.94117,48.52079],[16.94098,48.52076],[16.94055,48.52072],[16.94,48.52072],[16.9396,48.52073],[16.93919,48.52077],[16.93835,48.5209],[16.93755,48.52108],[16.93693,48.52126],[16.93625,48.52139],[16.9357,48.52143],[16.93531,48.52142],[16.93454,48.52132],[16.93392,48.52118],[16.93264,48.52082],[16.93218,48.52072],[16.93175,48.52063],[16.93129,48.52055],[16.93074,48.52047],[16.93023,48.52041],[16.92972,48.52037],[16.92928,48.52034],[16.92891,48.52033],[16.92807,48.52032],[16.92414,48.52035],[16.92295,48.52035],[16.92255,48.52034],[16.92212,48.52031],[16.92191,48.52028],[16.92156,48.52021],[16.92126,48.52012],[16.92097,48.52],[16.92068,48.51984],[16.92039,48.51964],[16.92012,48.5194],[16.92001,48.51929],[16.91986,48.51906],[16.91973,48.5188],[16.91969,48.51868],[16.91966,48.51854],[16.91964,48.51841],[16.91965,48.51812],[16.91972,48.51785],[16.91983,48.51756],[16.92015,48.51703],[16.92026,48.5169],[16.92072,48.51642],[16.92134,48.51589],[16.92183,48.51545],[16.92208,48.51518],[16.92228,48.51495],[16.92244,48.51467],[16.92251,48.51453],[16.92254,48.51441],[16.92255,48.51426],[16.9225,48.51402],[16.92239,48.51377],[16.92223,48.51354],[16.92214,48.51343],[16.92191,48.51324],[16.92164,48.51306],[16.92132,48.51289],[16.92097,48.51275],[16.92079,48.5127],[16.92042,48.51263],[16.92002,48.51259],[16.91968,48.51259],[16.91936,48.51262],[16.91887,48.51269],[16.91867,48.51273],[16.91843,48.51276],[16.91822,48.51281],[16.91801,48.51284],[16.91718,48.51298],[16.91656,48.51303],[16.91605,48.51302],[16.91571,48.51298],[16.91534,48.51291],[16.9152,48.51287],[16.91484,48.51274],[16.91468,48.51265],[16.91441,48.51248],[16.91412,48.51222],[16.91391,48.51196],[16.91372,48.51168],[16.91348,48.51122],[16.91321,48.5106],[16.9131,48.51026],[16.91304,48.50996],[16.91301,48.50962],[16.91301,48.5093],[16.91304,48.50903],[16.91308,48.50891],[16.9131,48.50863],[16.91308,48.50834],[16.91299,48.50772],[16.91297,48.50758],[16.91299,48.50723],[16.91302,48.50707],[16.9131,48.50669],[16.91348,48.5056],[16.91407,48.50448],[16.91428,48.50395],[16.91435,48.50367],[16.91439,48.50339],[16.91441,48.50311],[16.91439,48.50283],[16.91434,48.5026],[16.91414,48.50204],[16.91402,48.50177],[16.91392,48.50146],[16.91388,48.5012],[16.91391,48.50092],[16.91397,48.50065],[16.9141,48.50038],[16.91432,48.50007],[16.91459,48.49977],[16.91489,48.4995],[16.91505,48.49938],[16.91535,48.49918],[16.91634,48.49847],[16.91669,48.49818],[16.91697,48.49789],[16.91706,48.49778],[16.91722,48.49754],[16.91737,48.49727],[16.91746,48.49701],[16.9175,48.49672],[16.9175,48.49645],[16.91744,48.49616],[16.91732,48.49589],[16.91716,48.49566],[16.91697,48.49546],[16.91685,48.49535],[16.91657,48.49517],[16.91626,48.49499],[16.91589,48.49482],[16.91572,48.49475],[16.91533,48.49462],[16.91496,48.49452],[16.91458,48.49444],[16.91402,48.49435],[16.91382,48.49434],[16.91331,48.49433],[16.91307,48.49434],[16.9126,48.49438],[16.91218,48.49445],[16.91176,48.49454],[16.91133,48.49464],[16.91073,48.49481],[16.91004,48.49507],[16.9097,48.49521],[16.90941,48.49537],[16.90916,48.49554],[16.9089,48.49574],[16.90868,48.49594],[16.90841,48.49628],[16.90826,48.4965],[16.90808,48.4968],[16.90775,48.49739],[16.90762,48.49759],[16.90748,48.49775],[16.9072,48.49795],[16.90706,48.49804],[16.90678,48.49817],[16.9066,48.49823],[16.90621,48.49834],[16.90581,48.4984],[16.90561,48.49843],[16.90488,48.49847],[16.90411,48.49849],[16.90306,48.49847],[16.90231,48.49843],[16.90146,48.49834],[16.90062,48.49823],[16.89975,48.49808],[16.89928,48.49798],[16.8988,48.49784],[16.89836,48.49769],[16.89792,48.49753],[16.89749,48.49735],[16.89717,48.4972],[16.89678,48.49698],[16.89645,48.4968],[16.8961,48.49658],[16.89547,48.49614],[16.89487,48.49566],[16.89385,48.49483],[16.89292,48.49423],[16.89185,48.49352],[16.89083,48.49288],[16.89054,48.49267],[16.89041,48.49255],[16.89008,48.49208],[16.89002,48.49197],[16.88995,48.49173],[16.88993,48.49149],[16.89001,48.49112],[16.89013,48.49087],[16.89027,48.49061],[16.89044,48.49038],[16.89062,48.4902],[16.89074,48.49011],[16.89107,48.48986],[16.89137,48.48967],[16.89163,48.48951],[16.89189,48.48938],[16.89462,48.4881],[16.89523,48.48778],[16.89538,48.48767],[16.89563,48.48746],[16.89585,48.48722],[16.89601,48.487],[16.89607,48.48687],[16.8962,48.48651],[16.89624,48.48626],[16.89623,48.48601],[16.89619,48.48576],[16.89612,48.48545],[16.89602,48.48517],[16.89591,48.48493],[16.89577,48.48469],[16.89562,48.48445],[16.8954,48.48417],[16.89517,48.48391],[16.89493,48.48369],[16.89449,48.48333],[16.89397,48.48303],[16.89371,48.48289],[16.89337,48.48275],[16.89282,48.48256],[16.89207,48.48229],[16.89168,48.48214],[16.8914,48.48201],[16.89125,48.48194],[16.89093,48.48173],[16.89082,48.48164],[16.89062,48.48141],[16.89044,48.48117],[16.89029,48.48089],[16.89018,48.48062],[16.89008,48.48028],[16.89001,48.47995],[16.88996,48.47947],[16.88996,48.47911],[16.88999,48.47876],[16.89004,48.47843],[16.89023,48.47772],[16.89029,48.47744],[16.89032,48.47718],[16.89028,48.4769],[16.89024,48.47677],[16.89014,48.47656],[16.88998,48.47636],[16.88978,48.47618],[16.88965,48.47609],[16.88938,48.47594],[16.88907,48.47582],[16.88889,48.47577],[16.88853,48.47569],[16.88817,48.47565],[16.8878,48.47563],[16.88763,48.47563],[16.88725,48.47567],[16.88691,48.47572],[16.88656,48.47581],[16.8861,48.47596],[16.8858,48.47608],[16.88547,48.47623],[16.88517,48.47638],[16.88486,48.47656],[16.88451,48.47678],[16.88373,48.47731],[16.88344,48.47747],[16.88316,48.47761],[16.88302,48.47767],[16.88271,48.47776],[16.88255,48.4778],[16.8822,48.47785],[16.88184,48.47786],[16.88148,48.4778],[16.88124,48.47773],[16.88107,48.47768],[16.88088,48.47759],[16.8806,48.4774],[16.88034,48.47718],[16.88015,48.47696],[16.87992,48.47667],[16.87971,48.47635],[16.87918,48.4754],[16.87889,48.47496],[16.87871,48.47471],[16.8785,48.47446],[16.87815,48.47407],[16.8779,48.47382],[16.87766,48.47358],[16.87709,48.47307],[16.87664,48.47261],[16.87639,48.47231],[16.87618,48.47197],[16.87602,48.47163],[16.87579,48.47092],[16.87546,48.46985],[16.87533,48.46951],[16.87519,48.46921],[16.875,48.46888],[16.87477,48.46853],[16.87447,48.46815],[16.87432,48.46797],[16.87407,48.4677],[16.87382,48.46746],[16.87353,48.46722],[16.8732,48.46701],[16.87304,48.46693],[16.8727,48.46676],[16.87233,48.46663],[16.87192,48.46651],[16.87147,48.46641],[16.87122,48.46637],[16.87077,48.46631],[16.87034,48.46627],[16.86995,48.46625],[16.8695,48.46625],[16.86814,48.46625],[16.86772,48.46622],[16.8673,48.4662],[16.86689,48.46615],[16.86651,48.46609],[16.86621,48.46603],[16.86586,48.46594],[16.86545,48.4658],[16.8651,48.46563],[16.86481,48.46546],[16.8645,48.46525],[16.86429,48.46507],[16.8641,48.46485],[16.86391,48.46458],[16.86377,48.4643],[16.86363,48.46396],[16.86336,48.4633],[16.86318,48.46291],[16.863,48.4626],[16.86284,48.46237],[16.86237,48.46179],[16.86203,48.46145],[16.86168,48.46115],[16.8609,48.46054],[16.86015,48.46001],[16.85968,48.45963],[16.85947,48.45937],[16.85936,48.45912],[16.85933,48.45882],[16.85937,48.45854],[16.85947,48.45826],[16.85965,48.45796],[16.8599,48.45773],[16.86021,48.45753],[16.86039,48.45743],[16.86084,48.45725],[16.86133,48.45707],[16.8623,48.45673],[16.86267,48.45658],[16.86309,48.45637],[16.86349,48.45612],[16.8637,48.4559],[16.86387,48.45566],[16.86402,48.45538],[16.86413,48.45498],[16.86414,48.45471],[16.8641,48.45446],[16.86402,48.45422],[16.86387,48.45395],[16.86368,48.45365],[16.86342,48.45334],[16.86311,48.45304],[16.86275,48.45271],[16.86224,48.45234],[16.86188,48.45213],[16.86149,48.45195],[16.86078,48.45164],[16.86028,48.45147],[16.85964,48.45129],[16.85922,48.45119],[16.85877,48.45114],[16.85835,48.45112],[16.85785,48.45111],[16.85741,48.45112],[16.85531,48.45128],[16.85423,48.45133],[16.85375,48.45133],[16.85352,48.45131],[16.85312,48.45126],[16.85268,48.45117],[16.85228,48.45104],[16.85195,48.45088],[16.85143,48.45058],[16.85108,48.45034],[16.85075,48.45006],[16.85045,48.44977],[16.85021,48.44948],[16.85,48.44916],[16.84982,48.44884],[16.84965,48.44849],[16.84953,48.44819],[16.84945,48.44793],[16.84942,48.44763],[16.84945,48.44732],[16.84956,48.44698],[16.84973,48.44666],[16.84996,48.44636],[16.85052,48.44568],[16.85071,48.44542],[16.85082,48.44518],[16.8509,48.44488],[16.85092,48.44457],[16.85081,48.44314],[16.8508,48.44282],[16.85081,48.44249],[16.851,48.4398],[16.85115,48.43855],[16.85129,48.43687],[16.8514,48.43598],[16.8515,48.43545],[16.85166,48.43495],[16.8519,48.43443],[16.8522,48.43383],[16.85264,48.43301],[16.85307,48.43226],[16.85427,48.43042],[16.85642,48.42704],[16.85742,48.42565],[16.85794,48.42497],[16.85852,48.42426],[16.85881,48.42391],[16.85912,48.42358],[16.85941,48.42331],[16.85975,48.42302],[16.86014,48.42273],[16.86056,48.42246],[16.86111,48.42215],[16.86163,48.42188],[16.86241,48.42144],[16.86274,48.4212],[16.8629,48.42106],[16.86315,48.42081],[16.86336,48.42055],[16.86352,48.42026],[16.86361,48.41998],[16.86364,48.41966],[16.86362,48.41936],[16.86352,48.41899],[16.86337,48.4187],[16.86317,48.41843],[16.86305,48.4183],[16.86279,48.41805],[16.86248,48.41782],[16.86213,48.41757],[16.86173,48.41732],[16.86127,48.41707],[16.86036,48.41661],[16.85937,48.41616],[16.85851,48.41581],[16.85741,48.41539],[16.85653,48.41502],[16.85558,48.41456],[16.85473,48.41411],[16.85392,48.41364],[16.85312,48.41312],[16.85255,48.41268],[16.85233,48.4125],[16.85181,48.41202],[16.85129,48.41141],[16.85103,48.41106],[16.85083,48.41074],[16.85065,48.41039],[16.8505,48.41003],[16.85039,48.4097],[16.8503,48.40934],[16.85024,48.40899],[16.85021,48.40865],[16.85022,48.40833],[16.85025,48.40801],[16.85029,48.40771],[16.85036,48.40736],[16.85045,48.40699],[16.85067,48.40626],[16.85089,48.40565],[16.85118,48.40499],[16.85154,48.40426],[16.85197,48.40351],[16.85238,48.40292],[16.85285,48.40227],[16.85337,48.4016],[16.85444,48.40022],[16.85492,48.39953],[16.85511,48.39921],[16.85528,48.39887],[16.85541,48.39857],[16.8555,48.39831],[16.8557,48.39753],[16.85583,48.39693],[16.85587,48.39666],[16.8559,48.39624],[16.85588,48.39594],[16.85583,48.39558],[16.85575,48.39529],[16.85562,48.39502],[16.85547,48.39478],[16.85519,48.3944],[16.85498,48.39415],[16.85473,48.39388],[16.85427,48.39348],[16.85361,48.39301],[16.85324,48.39279],[16.85175,48.39193],[16.85142,48.39168],[16.85113,48.39143],[16.8509,48.39118],[16.8507,48.39093],[16.85055,48.39067],[16.85045,48.39039],[16.85035,48.38951],[16.85029,48.38874],[16.8503,48.38816],[16.85036,48.38749],[16.85043,48.38687],[16.85054,48.38629],[16.85069,48.38565],[16.85085,48.38501],[16.85089,48.38473],[16.8509,48.38442],[16.85086,48.38407],[16.85077,48.38376],[16.85063,48.38348],[16.85044,48.38319],[16.85033,48.38305],[16.85007,48.38283],[16.8498,48.38263],[16.84964,48.38255],[16.84931,48.3824],[16.84892,48.38227],[16.84851,48.38215],[16.84808,48.38208],[16.84743,48.38199],[16.84674,48.38192],[16.84614,48.38184],[16.84568,48.38179],[16.84534,48.38177],[16.845,48.38178],[16.84459,48.3818],[16.84421,48.38185],[16.84389,48.38191],[16.84358,48.382],[16.84326,48.38211],[16.84164,48.38295],[16.84116,48.38318],[16.84074,48.38336],[16.84042,48.38349],[16.84007,48.3836],[16.8399,48.38367],[16.83952,48.38376],[16.83912,48.38384],[16.83871,48.38388],[16.83833,48.38391],[16.8381,48.38392],[16.83753,48.38392],[16.83718,48.3839],[16.83667,48.38385],[16.83629,48.38377],[16.83594,48.38367],[16.83559,48.38356],[16.83491,48.38328],[16.83462,48.38311],[16.8342,48.38275],[16.83395,48.38249],[16.83374,48.3822],[16.8335,48.38179],[16.83337,48.38155],[16.83331,48.38139],[16.83324,48.38114],[16.83319,48.38086],[16.83318,48.38054],[16.83322,48.38022],[16.8333,48.37991],[16.83343,48.37962],[16.83359,48.37934],[16.83379,48.37907],[16.8343,48.37845],[16.83724,48.37525],[16.83752,48.37498],[16.83785,48.37472],[16.83818,48.37449],[16.83856,48.37425],[16.83895,48.37401],[16.8393,48.3738],[16.8396,48.37357],[16.83991,48.37333],[16.84022,48.37306],[16.8405,48.37277],[16.84072,48.37251],[16.84089,48.37226],[16.84096,48.37212],[16.84114,48.37171],[16.84128,48.37127],[16.84132,48.37099],[16.84134,48.37066],[16.84132,48.37035],[16.84128,48.37004],[16.8412,48.36974],[16.84112,48.36946],[16.84092,48.36897],[16.84058,48.36833],[16.84027,48.36765],[16.84003,48.3673],[16.83983,48.36696],[16.83945,48.36629],[16.83933,48.36599],[16.83925,48.36577],[16.83918,48.36549],[16.83916,48.36518],[16.8392,48.36464],[16.83927,48.36435],[16.83939,48.36401],[16.83954,48.36367],[16.8397,48.36332],[16.84021,48.36243],[16.8405,48.36186],[16.84072,48.36156],[16.84129,48.36093],[16.84161,48.36063],[16.84189,48.36039],[16.84205,48.36028],[16.84231,48.36001],[16.84244,48.35988],[16.84267,48.35959],[16.84286,48.35932],[16.84302,48.35903],[16.84309,48.35888],[16.84321,48.35858],[16.84327,48.35829],[16.8433,48.35803],[16.8433,48.35778],[16.84324,48.35743],[16.84315,48.35716],[16.84304,48.35687],[16.84268,48.35603],[16.84249,48.35547],[16.84239,48.35517],[16.84233,48.35488],[16.84229,48.35455],[16.84228,48.3542],[16.84229,48.35384],[16.84235,48.3535],[16.84243,48.35314],[16.8427,48.3524],[16.843,48.35172],[16.84318,48.3514],[16.84343,48.35109],[16.8437,48.3508],[16.84405,48.3505],[16.84444,48.35023],[16.8449,48.34995],[16.84529,48.34975],[16.84579,48.34952],[16.84717,48.34892],[16.84756,48.34876],[16.848,48.34861],[16.84899,48.34833],[16.84969,48.34817],[16.8502,48.34809],[16.85078,48.348],[16.8514,48.34794],[16.85202,48.34789],[16.85265,48.34785],[16.85328,48.34784],[16.85387,48.34786],[16.85443,48.34791],[16.85493,48.34797],[16.85545,48.34808],[16.85569,48.34814],[16.85619,48.34829],[16.8568,48.34849],[16.85726,48.34868],[16.85807,48.34899],[16.85848,48.34911],[16.85896,48.34921],[16.85919,48.34925],[16.85941,48.34927],[16.85969,48.3493],[16.85991,48.34931],[16.86032,48.34932],[16.86074,48.34929],[16.86098,48.34926],[16.86141,48.34918],[16.86186,48.34907],[16.86224,48.34894],[16.86308,48.34863],[16.86353,48.34848],[16.864,48.34834],[16.86441,48.34823],[16.86483,48.34813],[16.86531,48.34804],[16.86584,48.34796],[16.86633,48.34791],[16.86682,48.34789],[16.86728,48.34788],[16.86797,48.34794],[16.86842,48.34801],[16.86889,48.34812],[16.86933,48.34826],[16.86981,48.34843],[16.87056,48.34877],[16.87093,48.34889],[16.87137,48.34897],[16.8716,48.34899],[16.87202,48.349],[16.87252,48.34895],[16.87297,48.34885],[16.87343,48.34867],[16.87363,48.34857],[16.87401,48.34833],[16.87429,48.34808],[16.87456,48.3478],[16.87469,48.34765],[16.8749,48.34736],[16.87507,48.34706],[16.87521,48.34679],[16.87531,48.34652],[16.87534,48.3462],[16.87532,48.34592],[16.87529,48.34579],[16.87519,48.34552],[16.87504,48.34525],[16.87487,48.34501],[16.87464,48.34477],[16.87437,48.34454],[16.87409,48.34434],[16.8738,48.34416],[16.87348,48.34399],[16.87272,48.34363],[16.87193,48.34328],[16.87164,48.34316],[16.87138,48.34304],[16.87113,48.3429],[16.87069,48.34262],[16.87045,48.34247],[16.87022,48.34228],[16.87012,48.34219],[16.86993,48.34198],[16.86969,48.34164],[16.86958,48.34142],[16.86948,48.34117],[16.86943,48.34092],[16.86941,48.34067],[16.86941,48.34054],[16.86946,48.34029],[16.86954,48.34004],[16.86969,48.33975],[16.86985,48.33949],[16.87006,48.33923],[16.87018,48.3391],[16.87045,48.33885],[16.87073,48.33862],[16.87101,48.33839],[16.87132,48.33817],[16.87165,48.33796],[16.87235,48.33755],[16.87268,48.33738],[16.87284,48.3373],[16.87321,48.33715],[16.8736,48.33701],[16.87398,48.3369],[16.87436,48.3368],[16.87479,48.33672],[16.87521,48.33666],[16.87586,48.3366],[16.87781,48.3365],[16.87826,48.33648],[16.87868,48.33644],[16.87966,48.33632],[16.88074,48.33613],[16.88156,48.33594],[16.88193,48.33583],[16.88271,48.33558],[16.88338,48.33532],[16.88402,48.33503],[16.88464,48.33472],[16.88536,48.33432],[16.88606,48.33388],[16.88635,48.33368],[16.887,48.33321],[16.8876,48.33276],[16.88792,48.33255],[16.88824,48.33236],[16.88859,48.33219],[16.88878,48.33211],[16.88916,48.33197],[16.88958,48.33185],[16.89007,48.33176],[16.89058,48.3317],[16.89109,48.33167],[16.8916,48.33167],[16.89241,48.33171],[16.89291,48.33171],[16.89337,48.33169],[16.89379,48.33163],[16.89428,48.33152],[16.89451,48.33145],[16.89492,48.33128],[16.89529,48.33108],[16.89545,48.33098],[16.89573,48.33077],[16.89599,48.33054],[16.89627,48.33028],[16.89682,48.3298],[16.89712,48.3296],[16.89743,48.32941],[16.89776,48.32924],[16.89859,48.32888],[16.89946,48.32853],[16.89991,48.32837],[16.90084,48.32807],[16.90188,48.32774],[16.90355,48.32739],[16.9045,48.32721],[16.90735,48.32673],[16.90772,48.32663],[16.90809,48.32648],[16.90825,48.32639],[16.90854,48.32619],[16.90878,48.32596],[16.90897,48.3257],[16.90904,48.32558],[16.90916,48.32532],[16.90924,48.32505],[16.90928,48.32476],[16.90927,48.32446],[16.90922,48.32414],[16.90917,48.32387],[16.90906,48.32358],[16.90879,48.32306],[16.90873,48.32295],[16.90824,48.32249],[16.90763,48.32197],[16.90706,48.32147],[16.90678,48.3212],[16.90618,48.32047],[16.90564,48.3198],[16.90524,48.31935],[16.905,48.31909],[16.90475,48.31885],[16.90446,48.31862],[16.9042,48.31845],[16.90393,48.31827],[16.90362,48.31809],[16.90327,48.31791],[16.9029,48.31776],[16.90242,48.31757],[16.9021,48.31745],[16.90047,48.31697],[16.89991,48.31679],[16.8992,48.31652],[16.89844,48.3162],[16.89809,48.31601],[16.89771,48.31578],[16.89736,48.31553],[16.89697,48.31526],[16.89653,48.31491],[16.89619,48.31457],[16.89588,48.31424],[16.89563,48.3139],[16.89539,48.31355],[16.89517,48.31319],[16.89497,48.31279],[16.89483,48.31245],[16.89477,48.3123],[16.89467,48.31196],[16.89459,48.31161],[16.89454,48.31125],[16.89455,48.31089],[16.89459,48.31056],[16.89465,48.31022],[16.89476,48.30983],[16.89491,48.30948],[16.8951,48.30914],[16.89526,48.30889],[16.89547,48.30859],[16.89597,48.30803],[16.89661,48.30738],[16.8972,48.30676],[16.8977,48.30615],[16.8982,48.30538],[16.89852,48.30477],[16.8989,48.30393],[16.89919,48.30309],[16.89935,48.30242],[16.89946,48.30178],[16.89954,48.30109],[16.89967,48.30019],[16.89977,48.29965],[16.89988,48.29927],[16.89994,48.2991],[16.90008,48.2988],[16.90032,48.29839],[16.90061,48.298],[16.90088,48.29767],[16.9012,48.29737],[16.90151,48.29712],[16.9019,48.29685],[16.90279,48.29635],[16.90361,48.29591],[16.90394,48.29571],[16.90407,48.29563],[16.90437,48.29542],[16.90468,48.29518],[16.90499,48.29492],[16.90526,48.29465],[16.90551,48.29438],[16.90574,48.29409],[16.90591,48.29379],[16.90616,48.29323],[16.90624,48.29294],[16.9063,48.2926],[16.90636,48.29215],[16.90646,48.29087],[16.90651,48.29053],[16.90662,48.29017],[16.90675,48.28982],[16.90687,48.28953],[16.90704,48.28919],[16.90721,48.2889],[16.90743,48.2886],[16.90765,48.28829],[16.90815,48.2877],[16.90861,48.28722],[16.90924,48.28662],[16.90976,48.28618],[16.91118,48.28498],[16.91153,48.28467],[16.9121,48.28411],[16.91267,48.28347],[16.9131,48.2829],[16.91338,48.28247],[16.91363,48.28208],[16.91386,48.28167],[16.91404,48.28142],[16.91431,48.28115],[16.91463,48.28088],[16.91495,48.28065],[16.91525,48.28049],[16.91697,48.27971],[16.91743,48.27947],[16.91783,48.27924],[16.91859,48.27873],[16.91898,48.27841],[16.91925,48.27813],[16.91948,48.27785],[16.91977,48.2774],[16.92,48.27692],[16.92012,48.27656],[16.92019,48.27621],[16.92021,48.27588],[16.9202,48.2757],[16.92015,48.27541],[16.92004,48.27498],[16.9199,48.27453],[16.91986,48.27421],[16.91988,48.27406],[16.92006,48.27377],[16.92032,48.27352],[16.92061,48.27327],[16.9209,48.27307],[16.92118,48.27289],[16.92148,48.27272],[16.92192,48.27249],[16.92251,48.27221],[16.92308,48.27197],[16.92357,48.27178],[16.92397,48.27166],[16.92436,48.27155],[16.92463,48.27148],[16.9249,48.27143],[16.92535,48.27136],[16.92598,48.27128],[16.92751,48.27115],[16.92822,48.27109],[16.92976,48.27096],[16.93053,48.27092],[16.93118,48.2709],[16.93161,48.27091],[16.93324,48.27103],[16.93396,48.27109],[16.93466,48.27113],[16.9352,48.27115],[16.93589,48.27114],[16.93649,48.27112],[16.93688,48.27108],[16.9376,48.27098],[16.93872,48.27083],[16.93923,48.27078],[16.93983,48.27074],[16.94029,48.27072],[16.9412,48.27074],[16.94238,48.2708],[16.94342,48.2708],[16.94383,48.27079],[16.94418,48.27077],[16.9446,48.27072],[16.94517,48.27063],[16.94557,48.27054],[16.94618,48.27036],[16.94655,48.27023],[16.9469,48.2701],[16.94725,48.26994],[16.94772,48.26972],[16.94801,48.26956],[16.9483,48.26939],[16.94885,48.26901],[16.94945,48.26848],[16.94991,48.26799],[16.95111,48.26657],[16.95138,48.26631],[16.95172,48.26605],[16.95206,48.26583],[16.95244,48.26562],[16.95283,48.26545],[16.95333,48.26527],[16.95383,48.26512],[16.9553,48.26476],[16.95582,48.26459],[16.95648,48.26429],[16.95672,48.26412],[16.95695,48.26393],[16.95706,48.26382],[16.9572,48.26361],[16.9573,48.26339],[16.95732,48.26302],[16.95724,48.26279],[16.9569,48.26227],[16.95671,48.26198],[16.95624,48.26144],[16.95602,48.26118],[16.95567,48.26073],[16.95537,48.26044],[16.95505,48.26016],[16.95368,48.25898],[16.95313,48.25853],[16.95275,48.25823],[16.95239,48.25793],[16.95211,48.25768],[16.95198,48.25755],[16.95177,48.25728],[16.95158,48.25697],[16.95143,48.25666],[16.9512,48.25606],[16.95093,48.25531],[16.95066,48.25449],[16.9505,48.25409],[16.9501,48.25317],[16.94992,48.2527],[16.94978,48.25225],[16.94969,48.25179],[16.94966,48.25124],[16.94969,48.25086],[16.94979,48.25003],[16.94982,48.24965],[16.94982,48.24928],[16.94975,48.24876],[16.94966,48.24838],[16.94946,48.24785],[16.94923,48.24738],[16.94898,48.24697],[16.94872,48.24648],[16.94852,48.24599],[16.94845,48.24547],[16.94836,48.24427],[16.94826,48.24391],[16.9481,48.24357],[16.94782,48.24318],[16.94702,48.24223],[16.9468,48.24188],[16.94671,48.24167],[16.94664,48.24126],[16.94606,48.23711],[16.94604,48.23666],[16.94607,48.2362],[16.94612,48.23588],[16.94628,48.23535],[16.94644,48.23495],[16.94676,48.23435],[16.94708,48.23388],[16.94743,48.23343],[16.94784,48.23296],[16.94841,48.23241],[16.94903,48.23189],[16.94963,48.23146],[16.95035,48.23101],[16.95095,48.23067],[16.95353,48.22935],[16.95421,48.22896],[16.95501,48.22846],[16.95583,48.22789],[16.95671,48.22722],[16.95754,48.2265],[16.95793,48.22613],[16.95878,48.22525],[16.95939,48.22457],[16.95981,48.22405],[16.96046,48.2232],[16.96094,48.22246],[16.96136,48.2217],[16.96177,48.22083],[16.96205,48.2199],[16.96214,48.21953],[16.96218,48.21901],[16.96218,48.2183],[16.96196,48.21624],[16.96193,48.21537],[16.96212,48.21445],[16.96228,48.21398],[16.96246,48.21357],[16.96273,48.21306],[16.9631,48.21254],[16.96354,48.21204],[16.96447,48.21112],[16.96478,48.21079],[16.96505,48.21046],[16.96522,48.21023],[16.96547,48.20978],[16.96563,48.20946],[16.96585,48.20885],[16.96644,48.20674],[16.96665,48.20616],[16.96705,48.20527],[16.96726,48.20489],[16.9675,48.20447],[16.96779,48.20403],[16.96814,48.2036],[16.96917,48.20252],[16.9695,48.20211],[16.96979,48.20169],[16.97,48.20128],[16.97019,48.20085],[16.97086,48.1985],[16.97139,48.19676],[16.97159,48.19626],[16.97183,48.19577],[16.9721,48.19531],[16.97237,48.19491],[16.9728,48.19437],[16.97496,48.19194],[16.97546,48.19135],[16.97574,48.19094],[16.97608,48.19034],[16.97616,48.19012],[16.97628,48.18984],[16.97644,48.18937],[16.97658,48.1886],[16.9766,48.18803],[16.97655,48.18736],[16.97649,48.18684],[16.97648,48.18645],[16.97654,48.1857],[16.97664,48.18512],[16.97678,48.18465],[16.97696,48.18414],[16.97715,48.18371],[16.97727,48.18339],[16.97738,48.18286],[16.97743,48.18241],[16.97743,48.18197],[16.97739,48.18148],[16.97726,48.18106],[16.97707,48.18057],[16.97644,48.1795],[16.97611,48.17882],[16.97587,48.17822],[16.97568,48.17758],[16.97548,48.17661],[16.97544,48.1759],[16.97545,48.17532],[16.97549,48.17492],[16.9756,48.17453],[16.97622,48.17178],[16.98193,48.16934],[16.98223,48.16921],[16.98274,48.16898],[16.9832,48.16875],[16.98364,48.16852],[16.98411,48.16825],[16.98445,48.16805],[16.98481,48.16782],[16.98514,48.1676],[16.98546,48.16738],[16.99123,48.16313],[16.9917,48.16279],[16.99223,48.16242],[16.9927,48.16211],[16.99316,48.16182],[16.99364,48.16152],[16.99411,48.16124],[16.99461,48.16096],[16.99509,48.16069],[16.99559,48.16042],[16.99611,48.16015],[16.99683,48.1598],[16.99757,48.15945],[16.99832,48.15911],[16.9991,48.15879],[17.01161,48.1538],[17.012,48.15363],[17.01242,48.15343],[17.01279,48.15324],[17.01314,48.15304],[17.01347,48.15283],[17.01379,48.15261],[17.01409,48.1524],[17.01436,48.15218],[17.01698,48.14996],[17.01735,48.14963],[17.01767,48.14932],[17.01794,48.14905],[17.01819,48.14878],[17.01843,48.14851],[17.01865,48.14824],[17.01888,48.14795],[17.02034,48.14601],[17.02055,48.14575],[17.02077,48.14549],[17.02096,48.14528],[17.02114,48.14509],[17.02151,48.14471],[17.02189,48.14437],[17.02231,48.14401],[17.02259,48.14379],[17.02287,48.14357],[17.02316,48.14336],[17.02348,48.14315],[17.02379,48.14294],[17.02411,48.14274],[17.02446,48.14254],[17.02481,48.14234],[17.02516,48.14216],[17.02551,48.14198],[17.02587,48.14181],[17.02623,48.14165],[17.02659,48.14149],[17.02698,48.14134],[17.02738,48.14119],[17.02775,48.14105],[17.02836,48.14085],[17.02894,48.14068],[17.02955,48.14052],[17.03018,48.14037],[17.03081,48.14023],[17.03147,48.14011],[17.0321,48.14001],[17.03275,48.13993],[17.03341,48.13986],[17.03404,48.13982],[17.03471,48.13978],[17.03506,48.13977],[17.03539,48.13976],[17.03607,48.13977],[17.03672,48.13978],[17.0374,48.13982],[17.03805,48.13987],[17.03872,48.13994],[17.03907,48.13999],[17.0394,48.14003],[17.04004,48.14014],[17.04036,48.1402],[17.04071,48.14026],[17.04107,48.14034],[17.05478,48.14335],[17.0554,48.14348],[17.05598,48.14358],[17.05656,48.14368],[17.05719,48.14377],[17.05735,48.1418],[17.05736,48.14178],[17.05875,48.14152],[17.05944,48.14123],[17.05955,48.14088],[17.05935,48.14036],[17.05967,48.14026],[17.06013,48.13997],[17.06053,48.1395],[17.06093,48.13894],[17.06126,48.13822],[17.06136,48.13783],[17.06162,48.13692],[17.06167,48.13628],[17.06163,48.136],[17.06036,48.13577],[17.06014,48.13576],[17.06142,48.13347],[17.06193,48.13343],[17.06206,48.13254],[17.06261,48.13178],[17.06369,48.13076],[17.06471,48.12995],[17.06556,48.12935],[17.06507,48.12913],[17.06464,48.12898],[17.06449,48.12891],[17.06433,48.12885],[17.06407,48.12875],[17.06415,48.12865],[17.0642,48.12856],[17.06424,48.12836],[17.06426,48.12819],[17.06429,48.12812],[17.06434,48.12807],[17.06439,48.12804],[17.06467,48.12801],[17.06492,48.12801],[17.06516,48.12797],[17.06524,48.12797],[17.06544,48.12802],[17.06573,48.12811],[17.0659,48.12813],[17.06605,48.12819],[17.06616,48.12821],[17.06628,48.1282],[17.06658,48.12802],[17.06667,48.12794],[17.06678,48.1279],[17.06691,48.12787],[17.06704,48.12778],[17.06722,48.12769],[17.0674,48.12761],[17.06762,48.12744],[17.06776,48.12727],[17.06775,48.1272],[17.06787,48.12705],[17.06785,48.12702],[17.06739,48.12676],[17.06721,48.12663],[17.06715,48.12653],[17.06713,48.12643],[17.06716,48.12635],[17.06727,48.12622],[17.06775,48.12596],[17.06782,48.12587],[17.06784,48.12578],[17.06782,48.12565],[17.06769,48.12543],[17.06765,48.12536],[17.06768,48.1253],[17.06777,48.12524],[17.0679,48.12516],[17.06831,48.1248],[17.06835,48.12478],[17.06869,48.12438],[17.06881,48.12422],[17.06884,48.12412],[17.0688,48.12394],[17.06868,48.12382],[17.06856,48.12375],[17.06838,48.12366],[17.06823,48.1236],[17.06796,48.12354],[17.06764,48.12351],[17.06752,48.12351],[17.06703,48.12366],[17.06679,48.1237],[17.06661,48.12368],[17.06626,48.12358],[17.06593,48.12343],[17.06578,48.12335],[17.06558,48.12329],[17.06537,48.12326],[17.0651,48.12324],[17.06491,48.12325],[17.06471,48.12332],[17.06442,48.12343],[17.06368,48.12351],[17.06344,48.12352],[17.0632,48.12351],[17.063,48.12346],[17.06271,48.12337],[17.06236,48.12324],[17.06224,48.12316],[17.06218,48.12303],[17.0624,48.12208],[17.06243,48.12201],[17.06262,48.12173],[17.06278,48.12149],[17.06315,48.12127],[17.06329,48.12115],[17.06342,48.12108],[17.06357,48.12101],[17.06358,48.1209],[17.06394,48.12091],[17.06404,48.12087],[17.06473,48.12044],[17.06479,48.12036],[17.06485,48.12031],[17.06528,48.12001],[17.06534,48.11995],[17.06559,48.11972],[17.06573,48.11958],[17.06585,48.11939],[17.0659,48.11928],[17.06596,48.11923],[17.0661,48.11914],[17.06621,48.119],[17.0666,48.11875],[17.06674,48.11868],[17.06681,48.11865],[17.06708,48.11853],[17.06758,48.11832],[17.0677,48.11829],[17.06796,48.11818],[17.06808,48.11803],[17.0681,48.11779],[17.06809,48.11756],[17.06814,48.11734],[17.06819,48.11708],[17.06813,48.1169],[17.06808,48.1168],[17.068,48.1167],[17.068,48.11665],[17.06804,48.11659],[17.06817,48.11645],[17.06824,48.11639],[17.06836,48.11635],[17.06844,48.1163],[17.06856,48.11617],[17.06863,48.11613],[17.06929,48.11592],[17.06945,48.11588],[17.06992,48.11571],[17.06998,48.11565],[17.07018,48.11552],[17.07031,48.11546],[17.07052,48.1154],[17.07069,48.11532],[17.07121,48.11519],[17.07145,48.11511],[17.07153,48.11508],[17.07161,48.11504],[17.07167,48.11502],[17.07193,48.11498],[17.07206,48.11494],[17.07215,48.11491],[17.07229,48.11484],[17.07277,48.11454],[17.07283,48.11452],[17.07302,48.1145],[17.0732,48.1145],[17.07358,48.11448],[17.07373,48.11448],[17.07385,48.11446],[17.07392,48.11448],[17.07401,48.11448],[17.07412,48.11448],[17.07428,48.11449],[17.0744,48.11451],[17.07458,48.11456],[17.07476,48.1146],[17.07503,48.11467],[17.07514,48.11469],[17.07541,48.11479],[17.07596,48.11493],[17.07621,48.11498],[17.07642,48.11505],[17.07652,48.11509],[17.07675,48.11511],[17.07706,48.11511],[17.07698,48.11501],[17.07696,48.11501],[17.07646,48.11445],[17.07576,48.11364],[17.07437,48.11204],[17.07433,48.11199],[17.07287,48.1103],[17.07593,48.10911],[17.07907,48.1079],[17.07858,48.10731],[17.07826,48.10693],[17.07741,48.10596],[17.08324,48.10257],[17.08333,48.10253],[17.08372,48.10301],[17.08393,48.10293],[17.08409,48.10288],[17.0853,48.10242],[17.08667,48.10191],[17.08784,48.10146],[17.08861,48.10118],[17.08976,48.10075],[17.09263,48.09968],[17.09271,48.09965],[17.0925,48.09948],[17.09237,48.0994],[17.09203,48.09921],[17.09118,48.09868],[17.09087,48.0985],[17.09034,48.09815],[17.08995,48.0979],[17.08956,48.09766],[17.08903,48.09736],[17.08851,48.09704],[17.08776,48.09656],[17.09139,48.093],[17.09314,48.09143],[17.09132,48.09057],[17.08963,48.09224],[17.07643,48.08621],[17.07456,48.08592],[17.07414,48.0852],[17.07392,48.08485],[17.07382,48.08465],[17.07395,48.08458],[17.07388,48.08445],[17.07367,48.0844],[17.07313,48.08338],[17.07479,48.0827],[17.07485,48.08265],[17.07173,48.08118],[17.07162,48.08106],[17.07169,48.08105],[17.07161,48.08096],[17.07155,48.08093],[17.07203,48.08073],[17.07248,48.08062],[17.073,48.08045],[17.07321,48.08037],[17.07456,48.07988],[17.07557,48.07949],[17.07668,48.07907],[17.0779,48.07861],[17.07891,48.07824],[17.07673,48.07582],[17.0755,48.07444],[17.07327,48.07172],[17.07223,48.07046],[17.07388,48.06988],[17.07556,48.0693],[17.08186,48.06708],[17.08479,48.06606],[17.08538,48.06585],[17.08679,48.06537],[17.08515,48.06445],[17.08034,48.06178],[17.07549,48.05907],[17.07339,48.05751],[17.0717,48.05625],[17.07016,48.05701],[17.06824,48.0554],[17.06892,48.05501],[17.06949,48.05475],[17.06986,48.05459],[17.07019,48.05445],[17.07058,48.05428],[17.07092,48.0541],[17.07128,48.05392],[17.07162,48.05377],[17.07207,48.0536],[17.07243,48.05347],[17.073,48.05322],[17.07356,48.05301],[17.07395,48.05288],[17.0742,48.05281],[17.07447,48.05276],[17.07552,48.05246],[17.07609,48.05231],[17.07676,48.05218],[17.07744,48.05207],[17.07812,48.05184],[17.07863,48.05165],[17.07889,48.05155],[17.07922,48.05143],[17.07953,48.05134],[17.07994,48.05124],[17.08106,48.051],[17.08213,48.05072],[17.08248,48.05064],[17.08352,48.05049],[17.08427,48.05039],[17.08445,48.0503],[17.08467,48.05008],[17.08491,48.04988],[17.08527,48.04963],[17.08551,48.04942],[17.08569,48.04929],[17.08645,48.04803],[17.0866,48.04775],[17.08669,48.04757],[17.08676,48.04738],[17.08684,48.0472],[17.08706,48.0468],[17.08725,48.04643],[17.08779,48.04568],[17.0875,48.0455],[17.08657,48.04485],[17.08583,48.04431],[17.08542,48.04398],[17.08516,48.04377],[17.08437,48.04305],[17.08426,48.04293],[17.08406,48.04276],[17.0839,48.04263],[17.08377,48.04253],[17.08353,48.04235],[17.08248,48.04162],[17.08197,48.04126],[17.08176,48.04112],[17.08118,48.04072],[17.08045,48.04026],[17.07884,48.03924],[17.07751,48.03838],[17.07709,48.03814],[17.07605,48.03751],[17.07574,48.03733],[17.07523,48.037],[17.07482,48.03673],[17.07452,48.03654],[17.07424,48.03635],[17.07507,48.03578],[17.07433,48.03533],[17.07312,48.03461],[17.07239,48.03419],[17.07094,48.03342],[17.07063,48.03326],[17.0703,48.0331],[17.06995,48.03294],[17.06914,48.03252],[17.0685,48.03217],[17.0683,48.03205],[17.06793,48.03182],[17.06764,48.03162],[17.06747,48.03148],[17.06741,48.03144],[17.06893,48.03087],[17.06919,48.03076],[17.06968,48.03054],[17.07563,48.02755],[17.07601,48.02734],[17.0768,48.02698],[17.07712,48.02682],[17.0779,48.02647],[17.07829,48.02634],[17.08034,48.02589],[17.08057,48.02578],[17.08117,48.02552],[17.08188,48.0252],[17.08333,48.02457],[17.08367,48.02442],[17.08432,48.0241],[17.08483,48.02385],[17.08596,48.02322],[17.08678,48.02275],[17.08708,48.02257],[17.08731,48.0224],[17.08816,48.02177],[17.08909,48.02094],[17.08932,48.02074],[17.08953,48.02053],[17.08959,48.02044],[17.08972,48.0201],[17.08986,48.01979],[17.09138,48.02067],[17.09451,48.0225],[17.09647,48.02359],[17.09925,48.02511],[17.10262,48.02696],[17.10379,48.02763],[17.10653,48.02926],[17.10792,48.03008],[17.11005,48.03123],[17.11201,48.03058],[17.11219,48.03048],[17.11262,48.03029],[17.11292,48.03017],[17.11306,48.03013],[17.11327,48.03008],[17.1139,48.02998],[17.11411,48.02994],[17.1143,48.02989],[17.11478,48.02972],[17.11501,48.02962],[17.11514,48.02956],[17.1153,48.02947],[17.1158,48.02913],[17.1161,48.02894],[17.11627,48.02885],[17.11706,48.02846],[17.11739,48.02825],[17.1178,48.02799],[17.11793,48.02789],[17.11825,48.02755],[17.11846,48.02733],[17.11858,48.02722],[17.11935,48.02661],[17.12015,48.02608],[17.12029,48.02598],[17.12053,48.02575],[17.12069,48.02556],[17.12082,48.02541],[17.12089,48.02529],[17.12101,48.02511],[17.1213,48.02479],[17.12184,48.02431],[17.12203,48.02417],[17.12229,48.024],[17.12255,48.02385],[17.12265,48.02381],[17.12312,48.02356],[17.12328,48.02345],[17.12343,48.02334],[17.12366,48.02315],[17.12394,48.02289],[17.12447,48.02244],[17.12455,48.02238],[17.12507,48.02203],[17.12526,48.02192],[17.12543,48.0218],[17.12595,48.02142],[17.12668,48.02096],[17.12672,48.02094],[17.13083,48.02298],[17.13093,48.023],[17.13119,48.023],[17.13146,48.02293],[17.13167,48.02287],[17.13211,48.0227],[17.13232,48.02261],[17.13301,48.02239],[17.13438,48.02266],[17.13516,48.02278],[17.13586,48.02287],[17.13623,48.02291],[17.13637,48.02292],[17.13649,48.02291],[17.13661,48.0229],[17.13679,48.02286],[17.1369,48.02282],[17.13729,48.02265],[17.13744,48.02258],[17.13845,48.0219],[17.13875,48.02169],[17.13891,48.02159],[17.13933,48.02127],[17.14004,48.02072],[17.14046,48.02048],[17.14082,48.0203],[17.14102,48.02022],[17.1415,48.01999],[17.14181,48.01981],[17.14231,48.01954],[17.14236,48.01953],[17.14384,48.02021],[17.14391,48.02008],[17.14406,48.01987],[17.14442,48.01939],[17.14469,48.01908],[17.14497,48.01877],[17.1451,48.01862],[17.14527,48.01838],[17.14581,48.01776],[17.14596,48.01761],[17.14626,48.01731],[17.14673,48.01679],[17.14688,48.01663],[17.14701,48.01648],[17.14715,48.01633],[17.14741,48.01601],[17.14784,48.01556],[17.14811,48.01525],[17.14827,48.01507],[17.14837,48.01496],[17.14877,48.01465],[17.14886,48.01458],[17.14896,48.01451],[17.14933,48.01425],[17.1495,48.01411],[17.15007,48.01357],[17.15021,48.01346],[17.15044,48.01332],[17.15084,48.01302],[17.151,48.01292],[17.15118,48.0128],[17.15138,48.01268],[17.15184,48.0124],[17.15194,48.01235],[17.15236,48.01212],[17.15316,48.01165],[17.15334,48.01155],[17.15355,48.01142],[17.1538,48.01135],[17.154,48.01122],[17.15423,48.01106],[17.15457,48.01083],[17.15493,48.01056],[17.15563,48.01009],[17.15566,48.01008],[17.15645,48.00957],[17.15671,48.00937],[17.15715,48.00909],[17.15757,48.00879],[17.15866,48.00803],[17.15906,48.00777],[17.15991,48.0072],[17.16022,48.00701],[17.16045,48.00688],[17.16071,48.00672],[17.16077,48.00666],[17.16074,48.00662],[17.16064,48.00654],[17.15975,48.00595],[17.15937,48.00567],[17.15874,48.00526],[17.15835,48.00503],[17.15809,48.00486],[17.15695,48.00405],[17.15676,48.00402],[17.15653,48.00398],[17.15254,48.00247],[17.14757,48.00047],[17.14444,47.999],[17.13957,47.99641],[17.13766,47.99561],[17.13419,47.994],[17.13504,47.99334],[17.13137,47.99083],[17.12463,47.98727],[17.12221,47.98627],[17.12205,47.98621],[17.12003,47.98538],[17.11985,47.98532],[17.11879,47.98479],[17.11807,47.98439],[17.11734,47.98391],[17.11665,47.98341],[17.11617,47.98296],[17.11537,47.98214],[17.11422,47.98103],[17.11323,47.98028],[17.11191,47.97948],[17.10999,47.97844],[17.10874,47.97774],[17.10815,47.97752],[17.10511,47.9759],[17.10311,47.97494],[17.09466,47.97087],[17.09558,47.96984],[17.0966,47.96866],[17.09966,47.96719],[17.10265,47.96644],[17.10443,47.96592],[17.10659,47.96474],[17.10821,47.96347],[17.11049,47.96401],[17.11198,47.96355],[17.11382,47.96264],[17.11439,47.96216],[17.1156,47.96163],[17.11699,47.9609],[17.11654,47.96031],[17.11604,47.95977],[17.1149,47.95914],[17.11413,47.95879],[17.11348,47.95801],[17.11302,47.95749],[17.11273,47.95699],[17.11246,47.95649],[17.11091,47.95525],[17.10995,47.95437],[17.10903,47.95292],[17.10855,47.95132],[17.10781,47.94953],[17.10641,47.94805],[17.10389,47.94611],[17.1028,47.94521],[17.10239,47.94475],[17.10221,47.94453],[17.10199,47.94425],[17.10122,47.94307],[17.10108,47.94284],[17.10102,47.94272],[17.10064,47.9421],[17.10057,47.94201],[17.10035,47.94184],[17.09995,47.9415],[17.09945,47.94112],[17.09885,47.9407],[17.09841,47.94036],[17.09757,47.93981],[17.09732,47.93969],[17.0971,47.93961],[17.09648,47.9394],[17.09531,47.9384],[17.09404,47.93725],[17.09235,47.93576],[17.09135,47.93495],[17.09124,47.93483],[17.09115,47.93473],[17.09097,47.9345],[17.0909,47.9344],[17.09316,47.93375],[17.09577,47.93298],[17.09754,47.93248],[17.09987,47.93181],[17.10231,47.93109],[17.10353,47.93067],[17.10504,47.93014],[17.10609,47.92977],[17.10764,47.92921],[17.11024,47.92825],[17.11269,47.92736],[17.11186,47.92603],[17.11094,47.92456],[17.11005,47.9231],[17.1091,47.92159],[17.10699,47.91815],[17.1061,47.91672],[17.10591,47.9164],[17.1056,47.91591],[17.10362,47.91269],[17.10327,47.91212],[17.10292,47.91158],[17.10239,47.91072],[17.10274,47.91046],[17.09981,47.9086],[17.09837,47.90764],[17.09852,47.90755],[17.09736,47.90682],[17.09629,47.90613],[17.09731,47.90531],[17.0956,47.9043],[17.09747,47.9035],[17.10077,47.90102],[17.10417,47.89926],[17.09972,47.89344],[17.09861,47.892],[17.09749,47.89053],[17.09405,47.88604],[17.09299,47.88466],[17.09179,47.88308],[17.08851,47.87879],[17.08743,47.87739],[17.08518,47.87444],[17.08044,47.87446],[17.0778,47.87755],[17.07358,47.87647],[17.07352,47.87646],[17.07092,47.87584],[17.06865,47.87527],[17.06673,47.87476],[17.06458,47.87425],[17.06269,47.87374],[17.0627,47.87372],[17.05586,47.87283],[17.0511,47.87222],[17.04871,47.87191],[17.0496,47.87007],[17.04732,47.8693],[17.0425,47.86765],[17.04004,47.86682],[17.03782,47.86787],[17.03762,47.86793],[17.03744,47.86794],[17.03728,47.86794],[17.03714,47.86793],[17.02887,47.86771],[17.02415,47.86804],[17.02176,47.86821],[17.01942,47.86837],[17.01902,47.86823],[17.01776,47.86841],[17.0165,47.86743],[17.01622,47.86748],[17.01438,47.8645],[17.0147,47.86443],[17.01157,47.86014],[17.01142,47.85995],[17.00995,47.85835],[17.00997,47.85832],[17.01091,47.85762],[17.0112,47.8574],[17.01271,47.85669],[17.01789,47.85419],[17.02374,47.85137],[17.02552,47.85051],[17.02776,47.84943],[17.02971,47.84849],[17.03185,47.84747],[17.03379,47.84654],[17.04144,47.84287],[17.04384,47.84171],[17.04376,47.84165],[17.05155,47.83791],[17.05028,47.83661],[17.04904,47.83537],[17.0466,47.83289],[17.04972,47.83123],[17.04691,47.82835],[17.05218,47.82623],[17.0589,47.82353],[17.06084,47.82275],[17.05969,47.82008],[17.05983,47.81996],[17.06019,47.81969],[17.06035,47.81955],[17.06112,47.81885],[17.06142,47.81855],[17.06188,47.81811],[17.0622,47.81782],[17.06286,47.81728],[17.06337,47.81686],[17.06426,47.81619],[17.06473,47.81586],[17.06492,47.81573],[17.06528,47.81547],[17.06546,47.81533],[17.06629,47.81473],[17.06719,47.81406],[17.0679,47.81352],[17.06835,47.81319],[17.0692,47.81249],[17.06936,47.81235],[17.0697,47.81207],[17.07002,47.81182],[17.07139,47.81075],[17.07246,47.80994],[17.07263,47.8098],[17.07298,47.80953],[17.07345,47.80914],[17.07361,47.809],[17.07392,47.8087],[17.07407,47.80856],[17.07433,47.80835],[17.07445,47.80827],[17.0718,47.80821],[17.06763,47.80572],[17.0653,47.80432],[17.06337,47.80314],[17.06136,47.80195],[17.05698,47.7995],[17.05537,47.7986],[17.05357,47.79756],[17.05191,47.79531],[17.05096,47.79399],[17.05241,47.79261],[17.05435,47.79067],[17.05717,47.78739],[17.0582,47.78617],[17.05934,47.78249],[17.06034,47.77926],[17.06083,47.77771],[17.06084,47.77765],[17.06245,47.77772],[17.0638,47.77782],[17.06382,47.77778],[17.066,47.77079],[17.06699,47.76751],[17.06717,47.76689],[17.06562,47.76688],[17.06563,47.7663],[17.06589,47.7663],[17.06595,47.76589],[17.06733,47.76095],[17.06841,47.75712],[17.06971,47.75729],[17.06985,47.75605],[17.0701,47.75566],[17.07037,47.75401],[17.07076,47.74996],[17.07083,47.74638],[17.07088,47.74418],[17.07081,47.74414],[17.07082,47.74333],[17.07089,47.74328],[17.07099,47.73894],[17.07042,47.73421],[17.07071,47.73179],[17.07042,47.72905],[17.07035,47.72901],[17.07027,47.72821],[17.07033,47.72816],[17.07042,47.72796],[17.07409,47.7233],[17.07424,47.72313],[17.07458,47.72301],[17.07774,47.72052],[17.07932,47.71927],[17.08645,47.71356],[17.08819,47.71216],[17.0894,47.71119],[17.09123,47.70971],[17.09308,47.70825],[17.07135,47.70666],[17.04042,47.70437],[17.00746,47.69928],[16.97644,47.69449],[16.97492,47.69433],[16.95933,47.69271],[16.95925,47.69266],[16.91276,47.68779],[16.91254,47.68769],[16.88292,47.68824],[16.88292,47.6882],[16.87515,47.68835],[16.8731,47.68935],[16.87163,47.69011],[16.87109,47.69585],[16.87043,47.70325],[16.87004,47.70767],[16.8697,47.71159],[16.86951,47.71357],[16.86936,47.71521],[16.86925,47.71655],[16.86882,47.72134],[16.86868,47.72139],[16.8669,47.72164],[16.86569,47.72022],[16.86481,47.71922],[16.86441,47.71882],[16.86186,47.71659],[16.86056,47.71548],[16.859,47.7143],[16.85745,47.71316],[16.85661,47.71252],[16.85578,47.71128],[16.85552,47.71107],[16.85087,47.70945],[16.84859,47.70864],[16.84355,47.70673],[16.84106,47.7058],[16.83906,47.70458],[16.83851,47.70348],[16.83768,47.70175],[16.83689,47.7001],[16.83609,47.69847],[16.83528,47.69679],[16.83279,47.69159],[16.83233,47.69039],[16.83228,47.6902],[16.83213,47.68865],[16.8321,47.68815],[16.82833,47.68274],[16.74903,47.68143],[16.72151,47.72261],[16.72094,47.73533],[16.70779,47.73675],[16.68095,47.73957],[16.68095,47.73959],[16.67155,47.74043],[16.67155,47.74045],[16.66569,47.74168],[16.66335,47.7422],[16.66329,47.74221],[16.66196,47.74246],[16.66095,47.74264],[16.6606,47.74272],[16.66024,47.74281],[16.65977,47.74294],[16.65952,47.74299],[16.65927,47.74305],[16.65865,47.74318],[16.65815,47.74327],[16.65794,47.74294],[16.65768,47.74256],[16.65747,47.74209],[16.65718,47.74156],[16.65698,47.74158],[16.65602,47.74166],[16.65465,47.74222],[16.65277,47.74339],[16.65049,47.74424],[16.64805,47.74482],[16.64521,47.74562],[16.64447,47.74605],[16.64307,47.74663],[16.64211,47.74716],[16.64098,47.74773],[16.63971,47.74828],[16.63912,47.7489],[16.63855,47.74961],[16.63843,47.75026],[16.63874,47.7512],[16.63898,47.75178],[16.63898,47.75207],[16.639,47.75278],[16.63875,47.75356],[16.63837,47.75456],[16.6381,47.755],[16.63767,47.75557],[16.63736,47.75603],[16.63685,47.7564],[16.63607,47.75693],[16.63527,47.75721],[16.63485,47.7575],[16.63454,47.75776],[16.63441,47.75816],[16.63442,47.75872],[16.6343,47.75901],[16.63426,47.75905],[16.63392,47.75908],[16.63243,47.75893],[16.63054,47.75846],[16.63027,47.75836],[16.62794,47.75707],[16.62717,47.75696],[16.62548,47.75693],[16.62275,47.75717],[16.62213,47.75724],[16.62015,47.75767],[16.61903,47.75823],[16.61737,47.75903],[16.61541,47.75965],[16.61388,47.75994],[16.61229,47.76024],[16.61124,47.76027],[16.61094,47.76027],[16.61077,47.76028],[16.61069,47.76028],[16.61024,47.76034],[16.61004,47.76036],[16.60961,47.76038],[16.60946,47.76038],[16.60925,47.76038],[16.60909,47.76036],[16.6088,47.7603],[16.60828,47.76015],[16.60756,47.75991],[16.60727,47.7598],[16.60703,47.75971],[16.60624,47.75935],[16.60492,47.75875],[16.60445,47.75856],[16.6022,47.75809],[16.59877,47.75613],[16.59845,47.75635],[16.59799,47.75663],[16.59753,47.75691],[16.59719,47.75712],[16.59655,47.75746],[16.5961,47.75776],[16.59549,47.758],[16.59504,47.75822],[16.59486,47.7583],[16.59449,47.75844],[16.59411,47.75858],[16.59326,47.75887],[16.59253,47.7591],[16.59221,47.75892],[16.59085,47.75788],[16.59068,47.75777],[16.5905,47.75767],[16.59037,47.7576],[16.58894,47.75696],[16.58896,47.75694],[16.58803,47.75545],[16.58305,47.75502],[16.57765,47.7539],[16.57518,47.75338],[16.57037,47.75239],[16.56646,47.75159],[16.56218,47.75157],[16.55569,47.75157],[16.54798,47.75155],[16.54738,47.75098],[16.54703,47.751],[16.54723,47.75041],[16.54763,47.74931],[16.54596,47.74933],[16.54609,47.74901],[16.54646,47.7482],[16.54679,47.74753],[16.54672,47.7475],[16.54742,47.74685],[16.54822,47.74612],[16.54827,47.74595],[16.54738,47.74569],[16.54738,47.74564],[16.54706,47.74556],[16.54708,47.7454],[16.5466,47.74529],[16.54788,47.74399],[16.54878,47.74318],[16.5475,47.74259],[16.54574,47.74176],[16.54493,47.74135],[16.54479,47.74147],[16.54461,47.74168],[16.54452,47.7418],[16.54442,47.7419],[16.54424,47.74219],[16.5442,47.74226],[16.54415,47.74238],[16.54412,47.74247],[16.5441,47.7426],[16.54391,47.74259],[16.54344,47.74241],[16.54277,47.74239],[16.54272,47.74235],[16.54237,47.74218],[16.54017,47.7412],[16.53989,47.74108],[16.5395,47.74091],[16.53927,47.7408],[16.53898,47.74063],[16.53879,47.74052],[16.53829,47.74027],[16.53813,47.74021],[16.53757,47.74],[16.53782,47.73959],[16.53791,47.73939],[16.53805,47.73915],[16.53829,47.73886],[16.53884,47.73831],[16.53818,47.73788],[16.53646,47.73664],[16.53805,47.73534],[16.54016,47.73358],[16.54277,47.73131],[16.54285,47.73121],[16.54306,47.73103],[16.54324,47.73085],[16.5437,47.73041],[16.54388,47.73026],[16.54439,47.72984],[16.54529,47.72906],[16.54554,47.72885],[16.54581,47.7286],[16.54611,47.72835],[16.54651,47.72799],[16.54746,47.72715],[16.54778,47.72688],[16.54793,47.72675],[16.54795,47.72674],[16.5482,47.72647],[16.54829,47.72639],[16.54847,47.72626],[16.54877,47.72603],[16.54914,47.72568],[16.54946,47.72534],[16.54968,47.72507],[16.54969,47.72504],[16.55042,47.72419],[16.55069,47.72386],[16.55083,47.72373],[16.551,47.7236],[16.55117,47.72348],[16.55125,47.72341],[16.55152,47.72316],[16.55223,47.72252],[16.5512,47.72194],[16.54871,47.72035],[16.54776,47.7197],[16.54583,47.71817],[16.54461,47.71706],[16.54425,47.71662],[16.54377,47.71614],[16.54339,47.71569],[16.54252,47.71483],[16.5415,47.7138],[16.54131,47.71365],[16.54134,47.71357],[16.54143,47.71349],[16.54174,47.71325],[16.5422,47.71295],[16.54167,47.71255],[16.54159,47.7125],[16.54111,47.71217],[16.54045,47.71184],[16.53878,47.71184],[16.53802,47.71183],[16.53766,47.71181],[16.5365,47.71162],[16.53547,47.71142],[16.53482,47.71111],[16.53472,47.71118],[16.53429,47.7106],[16.53404,47.71065],[16.53366,47.71074],[16.53362,47.71074],[16.53333,47.71075],[16.53184,47.71079],[16.53094,47.71079],[16.53065,47.71079],[16.53007,47.71071],[16.5292,47.71052],[16.52875,47.71045],[16.5281,47.71037],[16.52756,47.71036],[16.52743,47.71036],[16.52603,47.71047],[16.52546,47.71053],[16.5249,47.71062],[16.52439,47.7107],[16.52354,47.71088],[16.52269,47.71113],[16.52236,47.71126],[16.52198,47.71144],[16.52143,47.71173],[16.52115,47.71189],[16.52095,47.71205],[16.52064,47.71226],[16.52062,47.71227],[16.52006,47.71149],[16.51952,47.71071],[16.51898,47.70993],[16.51807,47.7086],[16.51786,47.70831],[16.51739,47.70758],[16.51707,47.70711],[16.51692,47.70692],[16.51572,47.70724],[16.51418,47.70765],[16.51355,47.70722],[16.51281,47.70676],[16.5127,47.70668],[16.51261,47.70669],[16.51186,47.70684],[16.51159,47.70689],[16.5112,47.70698],[16.51097,47.70701],[16.51099,47.70698],[16.51098,47.70693],[16.51093,47.7068],[16.51089,47.70675],[16.51087,47.70672],[16.51089,47.70668],[16.51091,47.70664],[16.51091,47.70652],[16.51089,47.70649],[16.51084,47.70644],[16.51081,47.70643],[16.51077,47.70641],[16.51072,47.70639],[16.51067,47.70628],[16.51056,47.70613],[16.51052,47.7061],[16.51045,47.7061],[16.51042,47.70606],[16.51035,47.706],[16.51027,47.70595],[16.51013,47.7059],[16.51006,47.70588],[16.51,47.70584],[16.50997,47.70582],[16.50991,47.70576],[16.50987,47.70573],[16.5098,47.70566],[16.50976,47.70564],[16.50973,47.70562],[16.50962,47.70555],[16.50959,47.70553],[16.50951,47.70548],[16.5095,47.70547],[16.50951,47.70546],[16.50952,47.70545],[16.50953,47.70543],[16.50952,47.70542],[16.50945,47.70541],[16.50923,47.70541],[16.50921,47.7054],[16.50905,47.70538],[16.50901,47.70539],[16.50898,47.70538],[16.50892,47.70537],[16.50881,47.7053],[16.50879,47.70527],[16.50873,47.70524],[16.50863,47.70522],[16.50851,47.70514],[16.50841,47.70511],[16.50827,47.70508],[16.50825,47.70506],[16.50822,47.70504],[16.50817,47.70497],[16.50812,47.70494],[16.5081,47.70492],[16.50811,47.70486],[16.50806,47.70481],[16.50794,47.70479],[16.50779,47.70481],[16.50771,47.70483],[16.50765,47.70484],[16.50751,47.70483],[16.5074,47.70483],[16.5073,47.70478],[16.50716,47.70467],[16.50708,47.70455],[16.50705,47.70454],[16.50695,47.70455],[16.50692,47.70453],[16.50694,47.70448],[16.50695,47.70447],[16.50695,47.70442],[16.50676,47.70436],[16.5067,47.70436],[16.5065,47.7043],[16.50647,47.70433],[16.50638,47.70433],[16.50634,47.70435],[16.50606,47.70443],[16.50591,47.7045],[16.50585,47.70447],[16.50571,47.70444],[16.50559,47.70444],[16.50549,47.7044],[16.50531,47.70443],[16.50523,47.70442],[16.5052,47.70441],[16.50515,47.70438],[16.50512,47.70437],[16.50509,47.70434],[16.50546,47.7039],[16.50461,47.70358],[16.50432,47.70353],[16.50409,47.7035],[16.50399,47.70351],[16.50365,47.70352],[16.50353,47.70352],[16.50318,47.7036],[16.50292,47.70372],[16.50289,47.70375],[16.50259,47.70386],[16.50248,47.70387],[16.50181,47.70392],[16.50139,47.70412],[16.50082,47.70439],[16.50071,47.70462],[16.50068,47.70469],[16.50058,47.7047],[16.50055,47.70471],[16.50053,47.70472],[16.50053,47.70472],[16.50052,47.70472],[16.50049,47.70472],[16.50045,47.70472],[16.50041,47.70471],[16.50031,47.70473],[16.50029,47.70473],[16.50025,47.70471],[16.50021,47.70472],[16.50016,47.70475],[16.5,47.70475],[16.49988,47.70474],[16.49985,47.70472],[16.49984,47.70471],[16.4998,47.70468],[16.49974,47.70466],[16.49972,47.70464],[16.49966,47.70458],[16.49966,47.70456],[16.49962,47.70453],[16.49958,47.70449],[16.49955,47.70444],[16.49952,47.70441],[16.49952,47.70438],[16.49954,47.70435],[16.49954,47.70432],[16.4995,47.70431],[16.49949,47.70429],[16.49946,47.70425],[16.49941,47.70417],[16.49937,47.70418],[16.49935,47.70417],[16.49925,47.70413],[16.49921,47.70411],[16.49918,47.7041],[16.49912,47.70408],[16.49911,47.70407],[16.4991,47.70402],[16.49909,47.70402],[16.49905,47.70399],[16.49894,47.70395],[16.49886,47.7039],[16.49876,47.70386],[16.49848,47.70377],[16.49845,47.70374],[16.4984,47.7037],[16.49827,47.70367],[16.49822,47.70362],[16.49817,47.7036],[16.4981,47.70356],[16.49802,47.70353],[16.498,47.70353],[16.49799,47.70351],[16.49798,47.70349],[16.4979,47.70348],[16.49774,47.7034],[16.4977,47.70337],[16.49768,47.70334],[16.49764,47.70331],[16.49761,47.7033],[16.49752,47.70325],[16.49751,47.70324],[16.49751,47.70321],[16.49752,47.70315],[16.49741,47.70304],[16.4974,47.70299],[16.49734,47.70289],[16.49732,47.7028],[16.49733,47.70279],[16.49727,47.70273],[16.49727,47.70265],[16.49728,47.70264],[16.49729,47.70261],[16.49728,47.7026],[16.49725,47.7025],[16.49723,47.70246],[16.49724,47.70239],[16.49725,47.70237],[16.49723,47.70234],[16.49721,47.7023],[16.49721,47.70227],[16.49719,47.70224],[16.49719,47.70217],[16.49718,47.70209],[16.49717,47.70206],[16.49716,47.70201],[16.49717,47.70197],[16.49717,47.70193],[16.49722,47.70183],[16.49725,47.70175],[16.49723,47.70169],[16.49729,47.70162],[16.49697,47.70166],[16.49668,47.70177],[16.49637,47.70155],[16.49618,47.70129],[16.49614,47.70121],[16.49569,47.70056],[16.49565,47.70043],[16.49531,47.70013],[16.49517,47.70002],[16.495,47.69988],[16.49482,47.69962],[16.49481,47.69944],[16.49485,47.6994],[16.49478,47.69935],[16.49473,47.69934],[16.49467,47.69931],[16.49467,47.6993],[16.49457,47.69925],[16.49449,47.69919],[16.49445,47.69918],[16.49444,47.69917],[16.49441,47.69918],[16.49438,47.69917],[16.49439,47.69916],[16.49434,47.69914],[16.49434,47.69913],[16.49433,47.69912],[16.4943,47.69909],[16.49423,47.69904],[16.49398,47.69892],[16.4939,47.69889],[16.49384,47.69882],[16.49374,47.69874],[16.49371,47.69871],[16.49361,47.69868],[16.4935,47.69865],[16.49347,47.69862],[16.49338,47.69857],[16.49328,47.69857],[16.49321,47.69854],[16.4932,47.69852],[16.49312,47.6985],[16.49307,47.6985],[16.49295,47.69851],[16.49273,47.6986],[16.49267,47.69861],[16.49261,47.69865],[16.49257,47.69865],[16.49245,47.69862],[16.49239,47.69859],[16.49223,47.69859],[16.49217,47.69857],[16.49203,47.69851],[16.49192,47.6985],[16.49187,47.69849],[16.49185,47.69847],[16.4918,47.69846],[16.49164,47.69844],[16.4916,47.69843],[16.49154,47.69838],[16.49149,47.69838],[16.49145,47.69836],[16.49141,47.69832],[16.49134,47.69829],[16.49128,47.69832],[16.49118,47.69832],[16.49112,47.69833],[16.49102,47.69835],[16.49093,47.69836],[16.49089,47.69836],[16.49079,47.69837],[16.49075,47.69836],[16.49069,47.69834],[16.49055,47.69824],[16.4905,47.69826],[16.49047,47.69831],[16.49034,47.69836],[16.49032,47.69835],[16.49035,47.69826],[16.49039,47.69824],[16.49041,47.69823],[16.49041,47.69821],[16.49034,47.69819],[16.49026,47.69816],[16.49017,47.69816],[16.49011,47.69811],[16.49005,47.6981],[16.48998,47.69812],[16.48985,47.69814],[16.48933,47.69809],[16.48926,47.69809],[16.48913,47.69803],[16.48906,47.69803],[16.48894,47.69804],[16.48891,47.69808],[16.48884,47.69808],[16.48876,47.69807],[16.48871,47.69805],[16.48854,47.6981],[16.48841,47.69809],[16.48834,47.69808],[16.48821,47.69807],[16.48812,47.69804],[16.48807,47.698],[16.48797,47.69797],[16.48786,47.69798],[16.48774,47.69799],[16.48766,47.69802],[16.48753,47.69802],[16.48743,47.698],[16.48729,47.69804],[16.48722,47.69805],[16.48714,47.69801],[16.48698,47.69791],[16.48676,47.69773],[16.48665,47.69762],[16.48657,47.69757],[16.4864,47.69745],[16.48631,47.69736],[16.48626,47.69728],[16.48621,47.69714],[16.48608,47.69695],[16.48602,47.69684],[16.48599,47.69677],[16.48598,47.69673],[16.48598,47.69662],[16.4858,47.69645],[16.48568,47.69642],[16.48561,47.69638],[16.48553,47.69633],[16.4855,47.69631],[16.48545,47.69627],[16.48532,47.69621],[16.48531,47.69621],[16.48524,47.69616],[16.48519,47.69615],[16.48501,47.69606],[16.48496,47.69602],[16.48486,47.69595],[16.48471,47.69588],[16.48464,47.69577],[16.48467,47.69573],[16.48468,47.69568],[16.48458,47.6956],[16.48457,47.69557],[16.48455,47.69553],[16.4845,47.69541],[16.4845,47.69536],[16.48441,47.69511],[16.48437,47.69507],[16.48439,47.69503],[16.48436,47.69498],[16.4845,47.6947],[16.48463,47.69449],[16.48463,47.69444],[16.4847,47.6944],[16.48472,47.69436],[16.4847,47.69433],[16.48477,47.69419],[16.4848,47.69414],[16.48482,47.6941],[16.48486,47.69409],[16.48494,47.69407],[16.48507,47.69406],[16.48513,47.69402],[16.48506,47.69393],[16.48509,47.69386],[16.48515,47.69381],[16.4852,47.69375],[16.48522,47.69375],[16.48532,47.69377],[16.48539,47.69378],[16.48542,47.69376],[16.48542,47.69369],[16.48544,47.69366],[16.48552,47.69359],[16.48549,47.69357],[16.48544,47.69349],[16.48544,47.69345],[16.48547,47.69343],[16.48554,47.69342],[16.48557,47.69339],[16.48556,47.69335],[16.48564,47.6933],[16.48571,47.69329],[16.48569,47.69324],[16.48573,47.69319],[16.48575,47.69319],[16.4858,47.6932],[16.48583,47.69317],[16.48585,47.69314],[16.48584,47.69306],[16.4858,47.69302],[16.4858,47.69301],[16.48581,47.69299],[16.48604,47.69279],[16.48606,47.69278],[16.48606,47.69274],[16.48596,47.69268],[16.48594,47.69267],[16.48587,47.69263],[16.48583,47.69259],[16.48576,47.69255],[16.48575,47.6925],[16.48573,47.69246],[16.48569,47.69245],[16.4856,47.69236],[16.48557,47.69231],[16.48555,47.69229],[16.48552,47.69228],[16.48545,47.69223],[16.48537,47.69218],[16.48533,47.69215],[16.4853,47.6921],[16.48523,47.69204],[16.48519,47.69201],[16.48515,47.692],[16.48511,47.692],[16.48506,47.69197],[16.48493,47.69194],[16.48493,47.69191],[16.48492,47.69189],[16.48496,47.69187],[16.48497,47.69185],[16.48492,47.69184],[16.48491,47.69183],[16.48487,47.69183],[16.48482,47.69183],[16.48481,47.69182],[16.48477,47.69182],[16.48476,47.69179],[16.48477,47.69173],[16.48477,47.6917],[16.48477,47.69169],[16.48478,47.69167],[16.48473,47.69166],[16.4847,47.69167],[16.48466,47.69166],[16.48468,47.69164],[16.48467,47.69163],[16.48464,47.69162],[16.48461,47.69162],[16.48453,47.69165],[16.48451,47.69159],[16.48453,47.69156],[16.48456,47.69155],[16.48457,47.6915],[16.4846,47.69151],[16.48461,47.69149],[16.48459,47.69147],[16.48459,47.69145],[16.48458,47.69143],[16.48453,47.69142],[16.48452,47.69145],[16.4845,47.69147],[16.48441,47.6915],[16.48438,47.6915],[16.48438,47.69148],[16.48436,47.69146],[16.48433,47.69145],[16.48431,47.69143],[16.48432,47.69141],[16.48426,47.69138],[16.48422,47.69139],[16.4842,47.69139],[16.48417,47.69135],[16.48413,47.69135],[16.48412,47.69134],[16.4841,47.69133],[16.48403,47.69132],[16.484,47.69133],[16.48397,47.69135],[16.48393,47.69135],[16.48392,47.69133],[16.48388,47.69131],[16.48385,47.6913],[16.48381,47.69124],[16.48374,47.69117],[16.48372,47.69117],[16.48369,47.69115],[16.48367,47.69115],[16.48364,47.69113],[16.48362,47.69112],[16.4836,47.69111],[16.4836,47.69108],[16.48359,47.69106],[16.48356,47.69105],[16.4835,47.69106],[16.4835,47.69104],[16.48348,47.69103],[16.48344,47.69103],[16.4834,47.69104],[16.48335,47.69103],[16.48334,47.69104],[16.4833,47.69103],[16.48327,47.69103],[16.48319,47.69102],[16.48317,47.691],[16.48313,47.69095],[16.48308,47.69094],[16.48305,47.69095],[16.48301,47.69095],[16.48298,47.69094],[16.48298,47.69092],[16.48295,47.69091],[16.48292,47.6909],[16.4828,47.69089],[16.48277,47.69091],[16.48271,47.69089],[16.4827,47.69088],[16.48268,47.69087],[16.48265,47.69091],[16.48262,47.69091],[16.4826,47.6909],[16.4826,47.69088],[16.48251,47.69086],[16.48244,47.69087],[16.48242,47.69088],[16.48237,47.69087],[16.48234,47.69087],[16.48233,47.69088],[16.48229,47.69089],[16.48229,47.6909],[16.48224,47.69093],[16.4822,47.69093],[16.48214,47.69092],[16.48205,47.69087],[16.48201,47.69089],[16.48198,47.69088],[16.48196,47.69086],[16.48196,47.69083],[16.48192,47.6908],[16.48191,47.69078],[16.4819,47.69077],[16.48192,47.69075],[16.48192,47.69073],[16.48187,47.6907],[16.48188,47.69068],[16.48187,47.69067],[16.48182,47.69066],[16.48181,47.69064],[16.48175,47.69059],[16.48169,47.69055],[16.48164,47.69051],[16.48151,47.69051],[16.48148,47.69049],[16.48137,47.69046],[16.48133,47.69051],[16.48126,47.69051],[16.48124,47.69049],[16.48119,47.69049],[16.48117,47.69046],[16.48117,47.69044],[16.48108,47.69041],[16.48104,47.69041],[16.48102,47.69042],[16.48092,47.69044],[16.48089,47.69044],[16.48087,47.69041],[16.4809,47.69036],[16.48094,47.69032],[16.48096,47.69028],[16.48093,47.69028],[16.48089,47.69029],[16.48086,47.69028],[16.48084,47.69028],[16.48082,47.69028],[16.48079,47.69025],[16.48076,47.69025],[16.48076,47.69026],[16.48062,47.69029],[16.48061,47.6903],[16.48056,47.69031],[16.48045,47.6903],[16.48043,47.69029],[16.48032,47.69028],[16.48031,47.69031],[16.48031,47.69035],[16.48024,47.69034],[16.48023,47.69032],[16.4802,47.69029],[16.48017,47.69029],[16.48013,47.69032],[16.48005,47.69032],[16.47992,47.69028],[16.47982,47.69026],[16.47977,47.69026],[16.47967,47.69023],[16.47954,47.69022],[16.47942,47.69023],[16.47938,47.69022],[16.47933,47.69024],[16.47926,47.69031],[16.47918,47.69036],[16.47911,47.69036],[16.47907,47.69032],[16.47901,47.69033],[16.47895,47.69038],[16.47889,47.69038],[16.47882,47.69043],[16.47879,47.69041],[16.47872,47.69039],[16.47864,47.69033],[16.47843,47.69032],[16.47833,47.69038],[16.47828,47.69039],[16.47805,47.69038],[16.47792,47.69046],[16.47781,47.6905],[16.47774,47.69054],[16.47767,47.69057],[16.47767,47.69055],[16.47761,47.69055],[16.47754,47.69057],[16.47749,47.6906],[16.47749,47.69066],[16.47739,47.69064],[16.47734,47.69065],[16.47731,47.6907],[16.47728,47.69071],[16.47729,47.69073],[16.47723,47.69075],[16.47719,47.69076],[16.47703,47.6907],[16.47698,47.69071],[16.47693,47.69068],[16.47693,47.69064],[16.47689,47.69059],[16.47679,47.69061],[16.47671,47.69053],[16.47668,47.69049],[16.47662,47.69046],[16.47658,47.6904],[16.47656,47.6904],[16.47654,47.69041],[16.47647,47.69041],[16.47641,47.69039],[16.4763,47.69038],[16.47621,47.69032],[16.47618,47.69028],[16.47601,47.69011],[16.47597,47.69005],[16.47596,47.68999],[16.47591,47.6899],[16.47587,47.68986],[16.47574,47.6896],[16.47569,47.68955],[16.47565,47.68943],[16.47564,47.68936],[16.47557,47.68926],[16.47554,47.68918],[16.47558,47.68872],[16.47558,47.68866],[16.4756,47.68865],[16.47563,47.68857],[16.47568,47.68848],[16.47573,47.68836],[16.47575,47.68826],[16.47575,47.68824],[16.47571,47.68821],[16.47569,47.68814],[16.47568,47.68806],[16.47569,47.68805],[16.47573,47.68802],[16.47575,47.68799],[16.4758,47.68788],[16.47583,47.68785],[16.47587,47.68781],[16.47586,47.68778],[16.4759,47.68771],[16.47596,47.68755],[16.47592,47.68754],[16.47593,47.68751],[16.47607,47.68743],[16.47611,47.6873],[16.47612,47.68725],[16.47614,47.68722],[16.47612,47.68716],[16.47609,47.68715],[16.47606,47.68714],[16.47603,47.68711],[16.47597,47.68708],[16.47599,47.68678],[16.47592,47.68655],[16.4759,47.68648],[16.4759,47.6864],[16.47585,47.68623],[16.47576,47.68609],[16.47567,47.68592],[16.4756,47.68572],[16.47548,47.68555],[16.47539,47.68541],[16.47533,47.68508],[16.47538,47.68471],[16.47525,47.68468],[16.47517,47.68457],[16.47513,47.68456],[16.47512,47.68454],[16.47509,47.68451],[16.47508,47.68447],[16.47505,47.68443],[16.47506,47.68439],[16.47503,47.68436],[16.47501,47.68427],[16.47502,47.68424],[16.47498,47.68421],[16.47498,47.68415],[16.47496,47.68407],[16.47498,47.68401],[16.47502,47.68391],[16.47517,47.68376],[16.47529,47.68365],[16.47541,47.68352],[16.47551,47.68319],[16.47547,47.68296],[16.47533,47.68297],[16.47528,47.68294],[16.47525,47.68271],[16.47527,47.6827],[16.47518,47.68245],[16.47518,47.68242],[16.4751,47.68229],[16.47484,47.6823],[16.4749,47.68191],[16.47491,47.68164],[16.47487,47.68153],[16.47478,47.68134],[16.47471,47.68126],[16.47406,47.68126],[16.47387,47.68128],[16.4737,47.68128],[16.47363,47.68129],[16.47348,47.68129],[16.4734,47.68128],[16.4733,47.68128],[16.47325,47.68126],[16.47293,47.68134],[16.47284,47.68138],[16.47271,47.68142],[16.47248,47.68189],[16.4724,47.68201],[16.47228,47.68204],[16.47219,47.68217],[16.47207,47.6823],[16.47202,47.68232],[16.472,47.68231],[16.472,47.68225],[16.47174,47.68217],[16.47164,47.68236],[16.47159,47.6824],[16.47151,47.6824],[16.47133,47.68237],[16.47125,47.68234],[16.47122,47.68234],[16.47116,47.68232],[16.47111,47.68235],[16.47103,47.68238],[16.47091,47.68241],[16.47077,47.6824],[16.47075,47.68238],[16.47074,47.68237],[16.47068,47.68235],[16.47059,47.68236],[16.47049,47.68235],[16.47042,47.68237],[16.47036,47.68237],[16.47029,47.68231],[16.47028,47.68228],[16.4703,47.68225],[16.47028,47.68211],[16.47026,47.68209],[16.4701,47.68204],[16.47006,47.68204],[16.46999,47.68204],[16.46986,47.68196],[16.46985,47.68196],[16.46979,47.68189],[16.46978,47.68181],[16.46981,47.68159],[16.46983,47.68158],[16.46976,47.68128],[16.46969,47.68126],[16.46965,47.68118],[16.46882,47.68123],[16.46804,47.68119],[16.46766,47.68133],[16.4675,47.68137],[16.46722,47.68135],[16.46717,47.68134],[16.46704,47.68129],[16.46683,47.6812],[16.46651,47.68098],[16.46628,47.68084],[16.4662,47.68093],[16.46605,47.6811],[16.46608,47.68113],[16.46608,47.68129],[16.46616,47.68156],[16.46608,47.68167],[16.46575,47.68186],[16.46542,47.682],[16.46543,47.68204],[16.46516,47.6821],[16.46499,47.68214],[16.46492,47.68231],[16.46464,47.6822],[16.4642,47.68222],[16.46367,47.6823],[16.46367,47.68232],[16.46362,47.68231],[16.46355,47.68232],[16.46346,47.68235],[16.46341,47.6824],[16.46338,47.68241],[16.46329,47.68243],[16.46321,47.68247],[16.46319,47.68249],[16.46315,47.68252],[16.46305,47.68252],[16.46298,47.68253],[16.46293,47.68254],[16.46287,47.68255],[16.46282,47.68254],[16.46274,47.68257],[16.4627,47.68256],[16.46266,47.68259],[16.46261,47.68258],[16.46259,47.68261],[16.46256,47.68262],[16.4625,47.68262],[16.46247,47.68259],[16.46241,47.6826],[16.46237,47.68262],[16.46219,47.68267],[16.46211,47.68267],[16.46206,47.68266],[16.46199,47.68269],[16.46193,47.6827],[16.46182,47.68281],[16.46178,47.68287],[16.46177,47.68288],[16.4617,47.6829],[16.46166,47.68293],[16.46157,47.68295],[16.46156,47.68297],[16.46154,47.68299],[16.46148,47.68305],[16.46147,47.68308],[16.46139,47.68313],[16.46135,47.68317],[16.46131,47.68319],[16.4613,47.68321],[16.46126,47.68322],[16.46123,47.68324],[16.46122,47.68327],[16.46116,47.68328],[16.4611,47.68331],[16.46099,47.68336],[16.46097,47.68339],[16.46086,47.68341],[16.46082,47.68343],[16.46081,47.68346],[16.46073,47.68351],[16.46069,47.68351],[16.46063,47.68355],[16.46049,47.68357],[16.4605,47.68359],[16.46044,47.68368],[16.46039,47.68372],[16.46031,47.6838],[16.46028,47.6838],[16.46026,47.68383],[16.46015,47.68387],[16.46016,47.68391],[16.45997,47.68413],[16.45995,47.68419],[16.4598,47.68454],[16.45967,47.68484],[16.45935,47.68558],[16.45864,47.68712],[16.45825,47.68794],[16.45808,47.68828],[16.45769,47.68911],[16.45698,47.69061],[16.45659,47.69139],[16.45612,47.69238],[16.45497,47.69473],[16.45449,47.69573],[16.45411,47.69649],[16.45399,47.69684],[16.45388,47.69683],[16.45375,47.69684],[16.45362,47.69683],[16.45347,47.69683],[16.45326,47.6968],[16.45322,47.69683],[16.45302,47.69684],[16.45296,47.69685],[16.45279,47.69684],[16.45259,47.69681],[16.45253,47.6968],[16.45234,47.69684],[16.45201,47.69678],[16.45173,47.69677],[16.45162,47.69667],[16.45145,47.69662],[16.45141,47.69651],[16.45137,47.69648],[16.45127,47.69646],[16.45111,47.69646],[16.45109,47.69645],[16.45105,47.69645],[16.4509,47.69638],[16.45085,47.69634],[16.45072,47.69628],[16.45033,47.69641],[16.45023,47.69638],[16.45013,47.6964],[16.45,47.69638],[16.44999,47.69641],[16.44995,47.69642],[16.44985,47.69642],[16.44973,47.69639],[16.4496,47.69639],[16.4495,47.69641],[16.44929,47.69651],[16.44916,47.6965],[16.44911,47.69649],[16.4491,47.69647],[16.44901,47.69644],[16.44881,47.69646],[16.44881,47.69652],[16.44876,47.69651],[16.44865,47.69651],[16.44854,47.69649],[16.44846,47.69648],[16.44838,47.6965],[16.44824,47.69655],[16.44809,47.69652],[16.44793,47.6965],[16.44733,47.69631],[16.44752,47.6959],[16.44744,47.69558],[16.44736,47.69528],[16.44738,47.69506],[16.44745,47.69487],[16.44751,47.69451],[16.44755,47.69406],[16.44753,47.69407],[16.44754,47.69388],[16.44756,47.6935],[16.44761,47.69332],[16.44767,47.69323],[16.44775,47.69315],[16.44778,47.6931],[16.44785,47.69294],[16.44786,47.69288],[16.44782,47.69282],[16.44776,47.69246],[16.4477,47.69211],[16.4476,47.69167],[16.44745,47.69142],[16.44737,47.69135],[16.44722,47.69117],[16.44708,47.69089],[16.44702,47.69072],[16.44697,47.69064],[16.4467,47.69047],[16.44651,47.69032],[16.44632,47.69013],[16.44613,47.68986],[16.44602,47.68974],[16.44597,47.68963],[16.44593,47.68944],[16.44592,47.68925],[16.44586,47.68874],[16.44589,47.68847],[16.44587,47.68823],[16.44589,47.6881],[16.44595,47.68787],[16.44598,47.6878],[16.446,47.6877],[16.44599,47.68756],[16.44599,47.68701],[16.44599,47.68686],[16.44604,47.68657],[16.44601,47.6863],[16.44601,47.68612],[16.44599,47.68597],[16.44594,47.68582],[16.44581,47.68559],[16.44564,47.68533],[16.44559,47.68523],[16.44548,47.68497],[16.44543,47.68481],[16.44541,47.68444],[16.4453,47.68409],[16.44528,47.68381],[16.44519,47.68367],[16.44494,47.68335],[16.44485,47.68322],[16.44473,47.68308],[16.44455,47.68291],[16.44438,47.68266],[16.44434,47.6825],[16.44426,47.68236],[16.44419,47.68223],[16.44404,47.68204],[16.44387,47.68173],[16.4438,47.68154],[16.44378,47.68129],[16.44383,47.68113],[16.44385,47.68102],[16.44386,47.68079],[16.44385,47.68068],[16.44384,47.68064],[16.44379,47.6805],[16.44359,47.6802],[16.44346,47.67995],[16.44325,47.67971],[16.44314,47.67956],[16.44308,47.6794],[16.44285,47.67893],[16.44282,47.6784],[16.44275,47.67805],[16.44262,47.6778],[16.44254,47.67751],[16.44251,47.67736],[16.44249,47.67719],[16.44249,47.67706],[16.44252,47.67695],[16.44256,47.67685],[16.44264,47.6767],[16.4427,47.67654],[16.44273,47.6762],[16.44278,47.67603],[16.44298,47.6756],[16.44305,47.67548],[16.44323,47.67525],[16.44332,47.67511],[16.44336,47.67503],[16.44339,47.67482],[16.44337,47.67455],[16.44337,47.67443],[16.4434,47.67428],[16.44331,47.6741],[16.44314,47.67393],[16.4429,47.67377],[16.44256,47.67362],[16.44216,47.67339],[16.44204,47.67333],[16.44182,47.67318],[16.44174,47.67316],[16.4406,47.67264],[16.44024,47.67255],[16.4401,47.67252],[16.43995,47.67251],[16.43961,47.67236],[16.43934,47.67225],[16.4387,47.6719],[16.43845,47.67168],[16.43826,47.6716],[16.43814,47.67153],[16.43803,47.67149],[16.43791,47.67143],[16.43773,47.67139],[16.43764,47.67137],[16.43752,47.6713],[16.43733,47.67122],[16.43711,47.67116],[16.43691,47.67107],[16.43657,47.67093],[16.43636,47.67087],[16.43593,47.6707],[16.43548,47.67049],[16.43512,47.67031],[16.43473,47.67021],[16.43444,47.67017],[16.43432,47.67015],[16.43421,47.67012],[16.43304,47.66967],[16.43266,47.66951],[16.43242,47.66946],[16.43214,47.66939],[16.43136,47.6693],[16.43093,47.6692],[16.4304,47.669],[16.43007,47.66884],[16.42987,47.66873],[16.42951,47.66863],[16.4294,47.66861],[16.42898,47.66868],[16.42839,47.66867],[16.42825,47.66869],[16.42782,47.66859],[16.42725,47.66843],[16.42698,47.66831],[16.42663,47.66822],[16.42648,47.66814],[16.42639,47.66811],[16.42619,47.66805],[16.42605,47.66803],[16.42595,47.66798],[16.42569,47.66793],[16.42556,47.66788],[16.42536,47.66779],[16.42505,47.66763],[16.425,47.66762],[16.42475,47.66742],[16.4244,47.66719],[16.42419,47.66706],[16.42405,47.66702],[16.42387,47.66698],[16.42365,47.66685],[16.42351,47.66675],[16.42348,47.66671],[16.42337,47.66659],[16.42316,47.66639],[16.42311,47.66636],[16.42255,47.66604],[16.42245,47.66599],[16.42236,47.66595],[16.42226,47.66588],[16.42219,47.66584],[16.4221,47.66575],[16.42189,47.66552],[16.42178,47.66543],[16.42154,47.6653],[16.4217,47.66505],[16.42185,47.6647],[16.42229,47.66409],[16.42353,47.66313],[16.42371,47.66301],[16.42427,47.66267],[16.42475,47.66239],[16.42552,47.66203],[16.42604,47.66177],[16.42626,47.66164],[16.4272,47.66116],[16.42797,47.66079],[16.42931,47.66048],[16.42965,47.66049],[16.43004,47.66046],[16.43082,47.66012],[16.43138,47.65997],[16.43165,47.65986],[16.43166,47.65987],[16.43191,47.6599],[16.43246,47.65998],[16.43282,47.65995],[16.43308,47.6599],[16.43372,47.65965],[16.43444,47.65932],[16.43455,47.65926],[16.43497,47.65891],[16.43589,47.65849],[16.4368,47.65798],[16.43781,47.65745],[16.43811,47.65728],[16.43919,47.6569],[16.43985,47.6567],[16.44108,47.65664],[16.44158,47.65668],[16.44209,47.65665],[16.44259,47.65665],[16.44326,47.65667],[16.44421,47.65659],[16.44431,47.65656],[16.44533,47.65639],[16.446,47.65637],[16.44728,47.65645],[16.448,47.65634],[16.44848,47.65628],[16.44941,47.65602],[16.45024,47.65579],[16.45033,47.65579],[16.45094,47.65582],[16.45144,47.65572],[16.45199,47.65537],[16.45246,47.65514],[16.45298,47.65473],[16.45323,47.65459],[16.45398,47.65423],[16.45439,47.65399],[16.45493,47.65365],[16.45523,47.6536],[16.45575,47.65358],[16.45652,47.65376],[16.4571,47.65378],[16.45761,47.65365],[16.45823,47.65367],[16.45856,47.65366],[16.45906,47.65354],[16.46002,47.65317],[16.4606,47.65281],[16.46097,47.65257],[16.46131,47.65224],[16.46164,47.65189],[16.46194,47.65159],[16.46223,47.65141],[16.46265,47.6513],[16.46318,47.65135],[16.46349,47.65137],[16.46373,47.65141],[16.46421,47.65144],[16.4648,47.65146],[16.46512,47.65147],[16.46548,47.65147],[16.46557,47.6515],[16.46595,47.65157],[16.46642,47.65161],[16.46671,47.65162],[16.46702,47.65166],[16.46751,47.6517],[16.46842,47.65172],[16.46948,47.65157],[16.47039,47.65156],[16.47109,47.65146],[16.47164,47.65145],[16.47219,47.65127],[16.47239,47.65113],[16.47283,47.65086],[16.47449,47.65034],[16.47503,47.6502],[16.47567,47.6503],[16.47592,47.65031],[16.47611,47.6503],[16.47629,47.65028],[16.47675,47.65009],[16.47761,47.64998],[16.47805,47.65004],[16.47916,47.65011],[16.47929,47.6501],[16.47999,47.64989],[16.48054,47.64967],[16.48062,47.64945],[16.48125,47.64871],[16.48194,47.64829],[16.48263,47.64793],[16.48281,47.64734],[16.48289,47.64683],[16.4829,47.64624],[16.48319,47.64564],[16.48349,47.64543],[16.48459,47.64493],[16.48512,47.64457],[16.48532,47.64416],[16.48558,47.64392],[16.48577,47.64368],[16.4859,47.64346],[16.48609,47.64332],[16.48634,47.64308],[16.48644,47.64285],[16.48657,47.64267],[16.48681,47.6424],[16.48695,47.64223],[16.48732,47.64175],[16.48823,47.64162],[16.4891,47.64147],[16.48982,47.64141],[16.49064,47.64155],[16.49118,47.64163],[16.49166,47.64196],[16.49223,47.64225],[16.49263,47.64226],[16.49311,47.6421],[16.49352,47.64186],[16.49379,47.64172],[16.49392,47.6416],[16.49405,47.64139],[16.49411,47.64115],[16.49446,47.64089],[16.49536,47.64047],[16.49583,47.64037],[16.4962,47.63971],[16.49626,47.63966],[16.49652,47.63949],[16.49693,47.63934],[16.49719,47.63933],[16.49772,47.63934],[16.49785,47.63935],[16.49793,47.63937],[16.49847,47.6394],[16.49906,47.63935],[16.49982,47.63934],[16.50015,47.63936],[16.50089,47.6396],[16.50107,47.63968],[16.50123,47.63979],[16.50159,47.63995],[16.50213,47.64004],[16.50244,47.64006],[16.50281,47.63994],[16.50371,47.63965],[16.50412,47.63942],[16.50476,47.63919],[16.50518,47.63906],[16.50546,47.63889],[16.50565,47.6388],[16.50611,47.63846],[16.50626,47.63843],[16.50649,47.6384],[16.50674,47.6385],[16.50685,47.6388],[16.50703,47.63911],[16.50719,47.63929],[16.50726,47.63954],[16.50751,47.64008],[16.50843,47.64075],[16.50877,47.64107],[16.50917,47.64131],[16.50969,47.64146],[16.5101,47.64158],[16.51071,47.64176],[16.51117,47.64213],[16.51164,47.64241],[16.51203,47.64264],[16.51241,47.64317],[16.51291,47.64362],[16.51327,47.64391],[16.51367,47.64434],[16.51375,47.64475],[16.5137,47.64489],[16.51339,47.64553],[16.5134,47.6458],[16.51329,47.64605],[16.51372,47.64611],[16.51414,47.64614],[16.51444,47.64614],[16.51464,47.64608],[16.51525,47.64574],[16.51551,47.6456],[16.51599,47.64545],[16.5164,47.64538],[16.5169,47.64514],[16.5169,47.64497],[16.51721,47.64472],[16.51752,47.6445],[16.51806,47.64424],[16.51869,47.64399],[16.519,47.64384],[16.51921,47.64365],[16.51953,47.64341],[16.51989,47.64339],[16.52041,47.64318],[16.52071,47.64301],[16.52103,47.64294],[16.52143,47.64276],[16.52169,47.64277],[16.52185,47.64263],[16.52211,47.6426],[16.52235,47.6423],[16.5227,47.64216],[16.52272,47.64187],[16.52279,47.64162],[16.5229,47.64149],[16.52301,47.64134],[16.52315,47.64121],[16.52338,47.64128],[16.52365,47.6416],[16.52382,47.64191],[16.52448,47.64188],[16.5249,47.64185],[16.52573,47.64192],[16.52595,47.64197],[16.52619,47.64198],[16.52656,47.64191],[16.52691,47.64181],[16.52768,47.64172],[16.52827,47.6416],[16.52882,47.64147],[16.52979,47.64108],[16.53003,47.641],[16.5303,47.64083],[16.53082,47.64056],[16.53121,47.64043],[16.53148,47.64032],[16.53207,47.64012],[16.53271,47.63987],[16.53303,47.63978],[16.53332,47.63957],[16.53341,47.63954],[16.53362,47.63939],[16.53381,47.6392],[16.53414,47.63891],[16.53435,47.63889],[16.5347,47.63876],[16.53513,47.63852],[16.53549,47.63823],[16.53578,47.63812],[16.53616,47.63802],[16.53737,47.63795],[16.5378,47.63797],[16.53827,47.63784],[16.53847,47.63775],[16.53859,47.63757],[16.53897,47.63699],[16.5394,47.6367],[16.53968,47.6366],[16.54008,47.6365],[16.54061,47.63646],[16.54095,47.63635],[16.54123,47.63629],[16.54219,47.63582],[16.54233,47.6358],[16.54266,47.63579],[16.54341,47.63559],[16.54359,47.63547],[16.54457,47.63499],[16.5449,47.63487],[16.54518,47.63471],[16.54549,47.63463],[16.54648,47.63428],[16.54677,47.63415],[16.54722,47.634],[16.54747,47.63397],[16.54777,47.63387],[16.54851,47.63368],[16.54881,47.63359],[16.54933,47.63326],[16.55015,47.63285],[16.55053,47.63272],[16.55093,47.63262],[16.55114,47.63252],[16.55143,47.63234],[16.55157,47.63225],[16.55165,47.63217],[16.55188,47.63193],[16.552,47.63182],[16.55206,47.63175],[16.55211,47.63164],[16.55219,47.63153],[16.55249,47.63114],[16.55265,47.6308],[16.5531,47.63026],[16.55372,47.62985],[16.55392,47.62978],[16.55415,47.62973],[16.55435,47.62968],[16.55463,47.6296],[16.55506,47.6295],[16.55553,47.62936],[16.55584,47.62928],[16.55611,47.62918],[16.5562,47.62913],[16.55653,47.62894],[16.55672,47.62886],[16.55682,47.62879],[16.5571,47.62854],[16.55743,47.62833],[16.5576,47.62819],[16.55787,47.62799],[16.55801,47.6279],[16.5582,47.62778],[16.55836,47.62763],[16.55936,47.6273],[16.55952,47.62725],[16.55984,47.62712],[16.5601,47.62703],[16.56015,47.627],[16.56023,47.62691],[16.56063,47.62643],[16.56083,47.62623],[16.56142,47.62566],[16.56179,47.62521],[16.56199,47.62506],[16.56225,47.62488],[16.56243,47.62481],[16.56265,47.62475],[16.563,47.62466],[16.56317,47.62464],[16.56327,47.62461],[16.56349,47.62461],[16.56401,47.62458],[16.56439,47.62454],[16.56453,47.62453],[16.5649,47.62446],[16.56526,47.62436],[16.56581,47.62418],[16.56595,47.62411],[16.56623,47.62391],[16.56656,47.6238],[16.56675,47.62375],[16.56746,47.62353],[16.56766,47.62344],[16.56799,47.62327],[16.56817,47.62316],[16.56826,47.62306],[16.56852,47.62274],[16.5686,47.62266],[16.56914,47.62226],[16.5697,47.62174],[16.57006,47.62152],[16.57016,47.62145],[16.57025,47.62137],[16.57045,47.6212],[16.57069,47.62097],[16.57082,47.62087],[16.57101,47.62068],[16.57152,47.62034],[16.57181,47.62019],[16.57203,47.62011],[16.5722,47.62003],[16.57245,47.61988],[16.57253,47.61985],[16.573,47.61977],[16.57308,47.61979],[16.57321,47.61982],[16.57334,47.61988],[16.57337,47.61985],[16.57345,47.61983],[16.57352,47.61979],[16.57365,47.61974],[16.57397,47.61965],[16.57425,47.61957],[16.57438,47.61954],[16.57512,47.61942],[16.57542,47.61938],[16.57562,47.61936],[16.57588,47.61933],[16.57623,47.61929],[16.57653,47.61925],[16.57697,47.61918],[16.57712,47.61914],[16.57731,47.61915],[16.57755,47.61916],[16.57785,47.61916],[16.57801,47.61915],[16.57853,47.61907],[16.57874,47.61905],[16.57977,47.61905],[16.57986,47.61902],[16.58051,47.61894],[16.58142,47.61881],[16.58205,47.61873],[16.58236,47.61867],[16.5827,47.61858],[16.58292,47.61849],[16.58359,47.61827],[16.58387,47.61813],[16.58503,47.61792],[16.58672,47.61769],[16.58817,47.61752],[16.58858,47.61748],[16.5894,47.61742],[16.58976,47.61741],[16.59025,47.61746],[16.59165,47.61764],[16.59296,47.61782],[16.59327,47.61785],[16.59356,47.6179],[16.5942,47.61806],[16.59465,47.61815],[16.59564,47.61836],[16.59668,47.6185],[16.59721,47.61857],[16.59745,47.61863],[16.59769,47.61871],[16.59792,47.61881],[16.59811,47.61894],[16.59832,47.61909],[16.59857,47.61922],[16.59881,47.61934],[16.59986,47.61975],[16.60036,47.61978],[16.60086,47.61976],[16.60107,47.61967],[16.60119,47.6197],[16.60245,47.62022],[16.6042,47.62107],[16.60427,47.62108],[16.60641,47.62129],[16.60853,47.62163],[16.61082,47.62201],[16.61214,47.62225],[16.61228,47.6223],[16.61253,47.62237],[16.61278,47.62243],[16.61317,47.62255],[16.61328,47.62255],[16.61345,47.62262],[16.61361,47.62269],[16.61649,47.62437],[16.61754,47.625],[16.61812,47.62534],[16.61883,47.62578],[16.61968,47.6259],[16.62101,47.62605],[16.62142,47.62611],[16.62179,47.62619],[16.62228,47.62626],[16.62358,47.62651],[16.62377,47.62655],[16.62399,47.6266],[16.62472,47.62674],[16.62499,47.6268],[16.62511,47.62681],[16.62528,47.62684],[16.62546,47.62694],[16.6257,47.6271],[16.62584,47.62718],[16.62619,47.62725],[16.62632,47.62725],[16.6265,47.62729],[16.62676,47.62735],[16.62691,47.62741],[16.62729,47.62761],[16.62766,47.62778],[16.62774,47.62781],[16.62801,47.62787],[16.6283,47.6279],[16.62893,47.62803],[16.62922,47.62806],[16.62957,47.62809],[16.62972,47.6281],[16.6298,47.62811],[16.63048,47.62811],[16.63072,47.62812],[16.63156,47.62818],[16.63188,47.62816],[16.63215,47.62813],[16.63241,47.62808],[16.63266,47.62802],[16.6328,47.62798],[16.63288,47.62796],[16.63314,47.62792],[16.63327,47.62791],[16.63357,47.62792],[16.63369,47.62791],[16.63396,47.62787],[16.63442,47.62786],[16.63482,47.62785],[16.635,47.62783],[16.63531,47.62777],[16.6357,47.62766],[16.63609,47.62751],[16.63632,47.62742],[16.63652,47.6273],[16.63671,47.62717],[16.63695,47.62705],[16.63762,47.62675],[16.63782,47.62669],[16.6381,47.62661],[16.63831,47.62655],[16.63882,47.62646],[16.63907,47.62639],[16.63923,47.62637],[16.63958,47.62628],[16.63984,47.62624],[16.64036,47.62615],[16.64048,47.62615],[16.64061,47.62611],[16.64087,47.62605],[16.64113,47.62602],[16.64124,47.62601],[16.64149,47.62594],[16.64198,47.62579],[16.64229,47.62572],[16.64295,47.62551],[16.64324,47.62541],[16.64342,47.62534],[16.64391,47.62519],[16.64431,47.62506],[16.64455,47.62499],[16.64479,47.62491],[16.64529,47.62479],[16.64555,47.62474],[16.64567,47.6247],[16.64592,47.62464],[16.64609,47.62461],[16.64638,47.62452],[16.64661,47.62443],[16.64682,47.62432],[16.64704,47.62422],[16.64734,47.6241],[16.64758,47.62403],[16.64846,47.62382],[16.64882,47.6237],[16.64991,47.62341],[16.65016,47.62331],[16.65038,47.6232],[16.65072,47.62307],[16.65085,47.62302],[16.65095,47.62301],[16.65135,47.62293],[16.65161,47.62289],[16.65175,47.62288],[16.65186,47.62288],[16.65208,47.62291],[16.65248,47.62262],[16.65282,47.62234],[16.65293,47.62224],[16.65298,47.62203],[16.65299,47.62189],[16.653,47.62171],[16.65303,47.62162],[16.65308,47.62154],[16.65313,47.62136],[16.65316,47.62117],[16.65325,47.62091],[16.6533,47.62073],[16.65334,47.62047],[16.65341,47.6202],[16.65642,47.61521],[16.65727,47.61276],[16.65745,47.61221],[16.65889,47.60801],[16.65902,47.60766],[16.65938,47.60661],[16.65954,47.60611],[16.65963,47.60608],[16.66121,47.60561],[16.66146,47.60555],[16.66172,47.60549],[16.6619,47.60546],[16.6621,47.60544],[16.66237,47.60543],[16.66264,47.60543],[16.6637,47.60541],[16.66567,47.60544],[16.66754,47.60552],[16.66859,47.60556],[16.66884,47.60557],[16.66911,47.6056],[16.66963,47.60566],[16.66989,47.6057],[16.67015,47.60575],[16.67036,47.60582],[16.6706,47.60591],[16.67105,47.60612],[16.67117,47.60617],[16.67129,47.6062],[16.67145,47.60623],[16.67154,47.60624],[16.67164,47.60619],[16.6731,47.60501],[16.67312,47.60497],[16.67314,47.60495],[16.67306,47.60489],[16.67277,47.6046],[16.67273,47.60453],[16.67258,47.60443],[16.67252,47.60437],[16.67241,47.60431],[16.67228,47.60415],[16.67219,47.60408],[16.67196,47.6039],[16.67189,47.60382],[16.67179,47.60375],[16.67149,47.60347],[16.67139,47.6034],[16.67134,47.60332],[16.67121,47.60322],[16.67095,47.6029],[16.67085,47.60281],[16.67068,47.60256],[16.67064,47.60251],[16.67055,47.60245],[16.6705,47.60239],[16.67047,47.60232],[16.67055,47.60228],[16.67056,47.60225],[16.67119,47.60182],[16.6712,47.6018],[16.67104,47.60165],[16.67091,47.60149],[16.67079,47.60133],[16.67069,47.60116],[16.67062,47.60099],[16.67054,47.60076],[16.67034,47.60063],[16.66971,47.6003],[16.66928,47.60009],[16.66908,47.59997],[16.66898,47.59991],[16.66881,47.59976],[16.66872,47.5997],[16.66868,47.59967],[16.66853,47.59963],[16.66848,47.59963],[16.66832,47.59952],[16.66813,47.59939],[16.66796,47.59925],[16.6678,47.59911],[16.66749,47.59881],[16.66733,47.59867],[16.66705,47.59847],[16.66696,47.5984],[16.66689,47.59833],[16.66678,47.59816],[16.66674,47.59807],[16.6667,47.59793],[16.6667,47.59792],[16.66668,47.5979],[16.66665,47.59789],[16.66654,47.59788],[16.66644,47.59788],[16.6664,47.59787],[16.66638,47.59776],[16.66639,47.59767],[16.66644,47.59758],[16.66652,47.59749],[16.66659,47.5974],[16.66663,47.59731],[16.6666,47.59713],[16.66664,47.59704],[16.66658,47.59695],[16.6666,47.59685],[16.66655,47.59674],[16.66644,47.59668],[16.66639,47.5966],[16.66641,47.5965],[16.66641,47.59641],[16.66639,47.59632],[16.66642,47.59623],[16.66662,47.59601],[16.66675,47.59591],[16.66689,47.59586],[16.66705,47.59583],[16.66722,47.59569],[16.66724,47.59559],[16.66725,47.59549],[16.6673,47.5954],[16.66737,47.59532],[16.66742,47.59524],[16.66747,47.59515],[16.66769,47.59489],[16.66797,47.59458],[16.66803,47.5945],[16.66809,47.59442],[16.66816,47.59435],[16.66822,47.59427],[16.66833,47.5941],[16.66838,47.59402],[16.66845,47.59394],[16.66852,47.59386],[16.66858,47.59378],[16.66869,47.59362],[16.66876,47.59354],[16.66887,47.59338],[16.66897,47.59331],[16.66906,47.59324],[16.66915,47.59318],[16.66923,47.59311],[16.66944,47.59287],[16.66948,47.59281],[16.66952,47.5928],[16.66956,47.59278],[16.66958,47.59272],[16.66957,47.59267],[16.66967,47.59248],[16.66971,47.59243],[16.66978,47.59229],[16.66984,47.5922],[16.66987,47.59211],[16.66988,47.59193],[16.6699,47.59187],[16.66991,47.59184],[16.66993,47.59175],[16.67007,47.59141],[16.67021,47.59115],[16.67025,47.59107],[16.67027,47.59098],[16.67035,47.59073],[16.67053,47.59039],[16.6707,47.59005],[16.67115,47.58921],[16.67127,47.58901],[16.67149,47.58868],[16.67171,47.58832],[16.67171,47.58831],[16.67229,47.58745],[16.67217,47.58741],[16.67227,47.58728],[16.67235,47.58712],[16.67243,47.58698],[16.67252,47.58684],[16.67302,47.58622],[16.67325,47.5859],[16.67369,47.58524],[16.67387,47.58489],[16.67412,47.58437],[16.67429,47.58403],[16.67451,47.58351],[16.67464,47.58327],[16.67496,47.58266],[16.67507,47.58256],[16.67508,47.58254],[16.6751,47.58251],[16.67525,47.58206],[16.67515,47.58106],[16.67524,47.58037],[16.67513,47.5788],[16.67455,47.57795],[16.6742,47.57713],[16.67387,47.57667],[16.67311,47.57599],[16.67198,47.57541],[16.67128,47.57517],[16.67118,47.57477],[16.67122,47.57438],[16.6711,47.57403],[16.67122,47.57326],[16.67145,47.57278],[16.67144,47.57237],[16.67126,47.57183],[16.67128,47.5716],[16.6712,47.57147],[16.67107,47.57133],[16.6708,47.57121],[16.67069,47.57116],[16.67044,47.5711],[16.67032,47.57105],[16.66989,47.57085],[16.66979,47.5708],[16.66957,47.57068],[16.66937,47.57057],[16.66927,47.57051],[16.66903,47.57038],[16.66891,47.57036],[16.66853,47.57027],[16.66845,47.57022],[16.66832,47.57019],[16.66822,47.57013],[16.66813,47.57006],[16.66808,47.57002],[16.66796,47.56986],[16.66789,47.56978],[16.6678,47.56971],[16.66767,47.56965],[16.66725,47.56954],[16.66713,47.56952],[16.66687,47.56948],[16.66674,47.56945],[16.66649,47.56937],[16.66636,47.56934],[16.66633,47.56933],[16.66623,47.56932],[16.66609,47.56932],[16.66582,47.56933],[16.66571,47.56934],[16.66556,47.56935],[16.66529,47.56937],[16.66516,47.56938],[16.66503,47.56941],[16.6649,47.56942],[16.66477,47.56943],[16.66466,47.56943],[16.66439,47.56941],[16.66421,47.56939],[16.66412,47.56937],[16.66398,47.56926],[16.66383,47.5691],[16.66376,47.56903],[16.66366,47.56896],[16.66339,47.56881],[16.66325,47.56874],[16.66315,47.5687],[16.66312,47.56852],[16.66312,47.56843],[16.66314,47.56834],[16.66319,47.56826],[16.66338,47.56802],[16.66342,47.56793],[16.66345,47.56784],[16.66353,47.56776],[16.66377,47.56764],[16.66397,47.56753],[16.66411,47.56746],[16.66421,47.56737],[16.66428,47.56729],[16.66433,47.5672],[16.66438,47.56703],[16.66441,47.56687],[16.66442,47.56678],[16.66444,47.5666],[16.66444,47.56651],[16.66445,47.56643],[16.6645,47.56635],[16.66456,47.56626],[16.66466,47.56617],[16.66476,47.5661],[16.66485,47.56604],[16.66498,47.56598],[16.66514,47.56592],[16.66539,47.56586],[16.66564,47.56573],[16.66604,47.56549],[16.66623,47.56537],[16.66702,47.56489],[16.66715,47.56483],[16.66726,47.56479],[16.66753,47.56477],[16.66766,47.56475],[16.66792,47.5647],[16.66804,47.56466],[16.66814,47.5646],[16.66819,47.56457],[16.66836,47.56427],[16.66851,47.56409],[16.66863,47.56391],[16.66872,47.56374],[16.66874,47.56366],[16.66872,47.5635],[16.66859,47.56316],[16.66859,47.56307],[16.66859,47.56289],[16.66862,47.56278],[16.66868,47.56264],[16.66876,47.56255],[16.66888,47.56239],[16.66907,47.56226],[16.6694,47.5621],[16.6696,47.56195],[16.66973,47.5618],[16.66985,47.56165],[16.67,47.56142],[16.67004,47.56135],[16.67016,47.56098],[16.67023,47.56073],[16.67034,47.5606],[16.67046,47.5605],[16.67066,47.5604],[16.67092,47.56021],[16.67111,47.56012],[16.6718,47.55987],[16.67215,47.55976],[16.67259,47.55968],[16.67329,47.55959],[16.67376,47.55966],[16.67382,47.55968],[16.67506,47.55997],[16.67615,47.56032],[16.67655,47.56052],[16.67693,47.56076],[16.67732,47.56092],[16.6779,47.56106],[16.67905,47.561],[16.67904,47.56098],[16.67931,47.56095],[16.67957,47.5609],[16.67979,47.56089],[16.68085,47.561],[16.68137,47.56108],[16.6819,47.56113],[16.68242,47.56118],[16.68295,47.5612],[16.684,47.56131],[16.68372,47.56075],[16.68469,47.56067],[16.68597,47.56061],[16.68632,47.56068],[16.68684,47.56038],[16.68757,47.5601],[16.68889,47.55949],[16.69099,47.55791],[16.69076,47.55775],[16.69058,47.55658],[16.69004,47.55555],[16.69136,47.55414],[16.69169,47.55336],[16.69323,47.55242],[16.6939,47.5516],[16.69469,47.54974],[16.69514,47.54911],[16.69658,47.54755],[16.69699,47.54708],[16.69817,47.54564],[16.70023,47.54609],[16.701,47.54631],[16.70194,47.54596],[16.70261,47.54557],[16.70351,47.54571],[16.70414,47.54574],[16.7043,47.54497],[16.70451,47.5445],[16.70554,47.54277],[16.70587,47.54239],[16.70667,47.54246],[16.70788,47.5427],[16.70869,47.54303],[16.70932,47.54324],[16.70948,47.54303],[16.71019,47.54325],[16.71054,47.54325],[16.71124,47.54309],[16.71145,47.5428],[16.71186,47.54228],[16.71232,47.54181],[16.71308,47.54113],[16.71359,47.54074],[16.71398,47.54047],[16.71453,47.53993],[16.7145,47.53964],[16.71437,47.53938],[16.71356,47.53884],[16.71229,47.53796],[16.71106,47.53766],[16.71075,47.53758],[16.70973,47.53752],[16.70958,47.53675],[16.70903,47.53658],[16.70825,47.53601],[16.70715,47.53539],[16.70517,47.5343],[16.70345,47.53336],[16.70317,47.53323],[16.70317,47.53305],[16.70322,47.53293],[16.70378,47.53187],[16.70404,47.53131],[16.70421,47.53079],[16.70416,47.5298],[16.70425,47.52915],[16.70416,47.52891],[16.70415,47.52829],[16.70449,47.52762],[16.70493,47.52686],[16.7053,47.52629],[16.70533,47.52601],[16.70527,47.52506],[16.70523,47.52435],[16.7056,47.52319],[16.7055,47.52292],[16.70548,47.52289],[16.70459,47.52255],[16.70438,47.52244],[16.70418,47.52232],[16.704,47.52219],[16.70374,47.52206],[16.70323,47.52181],[16.703,47.52168],[16.70282,47.52162],[16.70267,47.52153],[16.70251,47.52146],[16.7023,47.52139],[16.70204,47.52135],[16.7017,47.52132],[16.70154,47.5213],[16.70137,47.52123],[16.70115,47.52113],[16.70084,47.52104],[16.7007,47.52096],[16.69921,47.5201],[16.69752,47.51927],[16.69569,47.51823],[16.6956,47.51818],[16.69543,47.51804],[16.69527,47.5179],[16.69506,47.5177],[16.69493,47.51762],[16.69486,47.51754],[16.69485,47.51751],[16.69484,47.51733],[16.6949,47.51661],[16.69493,47.51643],[16.69495,47.51625],[16.69496,47.51589],[16.69493,47.51568],[16.69486,47.51551],[16.69476,47.51534],[16.69455,47.51508],[16.69441,47.51493],[16.69426,47.51478],[16.69403,47.5146],[16.69386,47.51446],[16.69353,47.51418],[16.69302,47.51377],[16.69286,47.51362],[16.69245,47.51339],[16.69236,47.51332],[16.69224,47.51316],[16.69216,47.51299],[16.6921,47.5129],[16.69203,47.51283],[16.69191,47.51274],[16.69184,47.5127],[16.69162,47.51258],[16.69143,47.51245],[16.69128,47.5123],[16.69119,47.5122],[16.6911,47.51204],[16.691,47.51187],[16.6909,47.5117],[16.69083,47.51153],[16.69076,47.51138],[16.6907,47.51123],[16.69061,47.51106],[16.69058,47.51101],[16.69044,47.51086],[16.69024,47.51073],[16.69008,47.51059],[16.68988,47.51047],[16.68981,47.51042],[16.6887,47.50997],[16.68809,47.50974],[16.68764,47.50956],[16.68717,47.50939],[16.68694,47.50929],[16.68674,47.50918],[16.68663,47.50912],[16.68651,47.50911],[16.68625,47.50911],[16.68598,47.50911],[16.6851,47.50908],[16.68362,47.50856],[16.68202,47.50802],[16.68046,47.50734],[16.68009,47.50718],[16.67909,47.50693],[16.67787,47.50662],[16.67655,47.50661],[16.67624,47.5066],[16.67552,47.50636],[16.67475,47.5061],[16.67409,47.5058],[16.67337,47.50547],[16.67212,47.50505],[16.67186,47.50497],[16.67033,47.50442],[16.67002,47.50428],[16.66989,47.50421],[16.66974,47.50409],[16.66957,47.50395],[16.66939,47.50382],[16.66894,47.50354],[16.66864,47.50384],[16.66848,47.50398],[16.66817,47.50428],[16.66771,47.5047],[16.66722,47.50513],[16.66704,47.50526],[16.66691,47.50538],[16.66675,47.50553],[16.66661,47.50568],[16.66646,47.50582],[16.66632,47.50598],[16.66617,47.50613],[16.66601,47.50627],[16.66586,47.50643],[16.66581,47.50643],[16.66572,47.50639],[16.66556,47.50636],[16.66553,47.50641],[16.66551,47.50649],[16.66548,47.50653],[16.66537,47.50657],[16.66536,47.50665],[16.66539,47.50679],[16.66542,47.50686],[16.66542,47.50688],[16.6651,47.50717],[16.66495,47.50732],[16.66466,47.50748],[16.66445,47.50759],[16.66411,47.5078],[16.66396,47.50794],[16.66379,47.50808],[16.6636,47.50822],[16.66355,47.50832],[16.66352,47.50839],[16.66351,47.50845],[16.66344,47.50854],[16.66339,47.50857],[16.66299,47.50876],[16.66247,47.50903],[16.66091,47.50823],[16.65998,47.50773],[16.65927,47.50733],[16.65793,47.50646],[16.65727,47.50581],[16.65715,47.5057],[16.65704,47.50556],[16.6565,47.50508],[16.65635,47.50489],[16.6561,47.50447],[16.65556,47.50398],[16.65523,47.50337],[16.65495,47.50279],[16.65475,47.50222],[16.65423,47.50137],[16.65391,47.50106],[16.65369,47.50091],[16.65308,47.50061],[16.65234,47.50034],[16.65276,47.49921],[16.6528,47.49908],[16.65304,47.49852],[16.65304,47.49851],[16.65309,47.49846],[16.65347,47.49786],[16.65353,47.49778],[16.65376,47.49734],[16.65397,47.4969],[16.65433,47.49625],[16.65519,47.49495],[16.65567,47.49412],[16.65654,47.49261],[16.657,47.49184],[16.65735,47.49131],[16.65816,47.49018],[16.65934,47.4889],[16.65984,47.48808],[16.66089,47.48673],[16.66155,47.48575],[16.66168,47.48485],[16.6623,47.4833],[16.66309,47.48243],[16.66373,47.48169],[16.66612,47.48147],[16.6672,47.48036],[16.66818,47.47928],[16.66879,47.47825],[16.66951,47.47705],[16.67003,47.47575],[16.67049,47.47426],[16.66978,47.47317],[16.66902,47.47279],[16.66749,47.47194],[16.66633,47.47046],[16.66518,47.469],[16.66432,47.46782],[16.664,47.4674],[16.66315,47.46681],[16.66244,47.46633],[16.6624,47.4658],[16.66208,47.46511],[16.66193,47.46483],[16.66144,47.46428],[16.66102,47.46381],[16.66113,47.46364],[16.66109,47.46359],[16.66121,47.4635],[16.66129,47.46343],[16.66131,47.46339],[16.66134,47.46333],[16.66132,47.46325],[16.6613,47.46319],[16.66129,47.46313],[16.66133,47.46307],[16.66144,47.46303],[16.66162,47.46293],[16.66169,47.46291],[16.66166,47.46284],[16.66178,47.46277],[16.66029,47.46251],[16.65993,47.46181],[16.65985,47.46163],[16.65975,47.46141],[16.65971,47.46113],[16.65972,47.46089],[16.65975,47.46068],[16.65984,47.46051],[16.65991,47.46043],[16.66014,47.46011],[16.66022,47.46002],[16.6603,47.45993],[16.66042,47.45985],[16.66053,47.45973],[16.66055,47.4597],[16.66065,47.45924],[16.66063,47.45917],[16.66069,47.45906],[16.66073,47.45889],[16.66073,47.45878],[16.66076,47.45871],[16.66081,47.45839],[16.66076,47.45786],[16.66089,47.45714],[16.66106,47.45704],[16.66119,47.45696],[16.66129,47.45693],[16.66137,47.45691],[16.66144,47.45687],[16.66147,47.45683],[16.6616,47.45655],[16.66172,47.4564],[16.66185,47.45611],[16.66202,47.4557],[16.66121,47.4553],[16.66055,47.45493],[16.66002,47.45467],[16.65983,47.45456],[16.65976,47.45451],[16.65934,47.45432],[16.65901,47.45423],[16.65832,47.45393],[16.65777,47.45372],[16.6574,47.45359],[16.65631,47.45333],[16.65575,47.4532],[16.65531,47.45312],[16.65517,47.45309],[16.65367,47.45278],[16.65332,47.45267],[16.65254,47.4524],[16.65123,47.45192],[16.65042,47.45172],[16.6502,47.45166],[16.64992,47.45158],[16.64944,47.45143],[16.6491,47.45131],[16.64912,47.45129],[16.64919,47.4512],[16.64936,47.45105],[16.64969,47.45078],[16.64984,47.45066],[16.64996,47.4506],[16.65047,47.45023],[16.65043,47.45008],[16.65099,47.44951],[16.6516,47.44894],[16.65123,47.44881],[16.65109,47.44878],[16.65101,47.44876],[16.65074,47.44868],[16.65059,47.44862],[16.65038,47.44852],[16.65024,47.44845],[16.65,47.44838],[16.64983,47.44831],[16.64941,47.44814],[16.64921,47.44808],[16.64907,47.44803],[16.64867,47.44787],[16.64823,47.44765],[16.64749,47.44732],[16.64683,47.44701],[16.64669,47.44696],[16.64651,47.44688],[16.6461,47.44677],[16.64622,47.44661],[16.64585,47.4465],[16.64552,47.44642],[16.64514,47.44635],[16.64486,47.44628],[16.64456,47.44621],[16.64428,47.44613],[16.64389,47.446],[16.64388,47.44601],[16.64366,47.44598],[16.64231,47.44584],[16.64183,47.44576],[16.6411,47.44564],[16.64058,47.44555],[16.6398,47.44563],[16.63917,47.44574],[16.63869,47.44575],[16.63781,47.44589],[16.63742,47.44588],[16.63711,47.44588],[16.63655,47.44584],[16.63632,47.44584],[16.63517,47.44545],[16.63463,47.4452],[16.63441,47.44511],[16.63378,47.44478],[16.63339,47.4446],[16.6332,47.44447],[16.63303,47.44433],[16.63244,47.44391],[16.63198,47.44369],[16.63131,47.44354],[16.63102,47.44345],[16.63021,47.44308],[16.62946,47.44282],[16.62879,47.44268],[16.62848,47.4425],[16.62754,47.44211],[16.62722,47.44189],[16.62684,47.44165],[16.62676,47.4415],[16.62676,47.44144],[16.62662,47.44091],[16.62622,47.44016],[16.62595,47.43965],[16.62594,47.43961],[16.62558,47.43932],[16.6255,47.43923],[16.62525,47.4389],[16.62507,47.43868],[16.62498,47.43854],[16.62481,47.43822],[16.62453,47.43779],[16.62442,47.43752],[16.62427,47.43737],[16.6242,47.4373],[16.62378,47.43712],[16.62316,47.43683],[16.62303,47.43678],[16.62251,47.43634],[16.62246,47.43629],[16.6224,47.43612],[16.62241,47.43587],[16.62236,47.43574],[16.62215,47.43531],[16.62212,47.43519],[16.62212,47.43506],[16.62215,47.43468],[16.62197,47.43424],[16.62184,47.43385],[16.62154,47.43333],[16.6213,47.43287],[16.62121,47.43266],[16.62107,47.43225],[16.62079,47.43165],[16.62077,47.43125],[16.62076,47.43123],[16.62044,47.4309],[16.62037,47.43075],[16.62,47.43082],[16.61964,47.43088],[16.61933,47.43089],[16.61919,47.43088],[16.61893,47.43084],[16.61857,47.43081],[16.61805,47.43085],[16.61776,47.43085],[16.61738,47.43105],[16.61695,47.43134],[16.61694,47.43135],[16.61698,47.43152],[16.617,47.43151],[16.61714,47.43154],[16.61725,47.43159],[16.6173,47.43168],[16.6173,47.43174],[16.61723,47.43182],[16.61704,47.43198],[16.61702,47.43198],[16.61704,47.43227],[16.61667,47.43229],[16.61648,47.43228],[16.61618,47.43228],[16.61606,47.43226],[16.61589,47.43224],[16.61574,47.43228],[16.61568,47.4323],[16.61537,47.43242],[16.61532,47.4324],[16.61525,47.43226],[16.61524,47.43219],[16.61524,47.43209],[16.61522,47.432],[16.61519,47.43193],[16.61519,47.43192],[16.61516,47.43184],[16.61514,47.4318],[16.61512,47.43174],[16.61516,47.43162],[16.61514,47.43154],[16.61509,47.43146],[16.61499,47.43137],[16.61494,47.43139],[16.61481,47.43139],[16.61462,47.43138],[16.61456,47.43136],[16.61448,47.43131],[16.61445,47.43128],[16.61444,47.43124],[16.61445,47.43121],[16.61449,47.43115],[16.61454,47.43109],[16.61473,47.43092],[16.61475,47.43087],[16.61478,47.43075],[16.61474,47.43066],[16.6146,47.43058],[16.61441,47.43066],[16.61422,47.4307],[16.61406,47.4307],[16.61387,47.43058],[16.61376,47.43046],[16.61365,47.43015],[16.61365,47.43014],[16.61366,47.43007],[16.6136,47.43011],[16.61327,47.43028],[16.6131,47.43031],[16.61309,47.43033],[16.61306,47.43033],[16.613,47.43032],[16.6129,47.43029],[16.61288,47.43025],[16.61247,47.4301],[16.61235,47.43016],[16.61213,47.43026],[16.61205,47.43033],[16.61199,47.4305],[16.61194,47.43068],[16.61189,47.43095],[16.61186,47.43119],[16.61185,47.43143],[16.61185,47.43159],[16.61181,47.43163],[16.61174,47.43159],[16.61165,47.43153],[16.61153,47.43148],[16.61081,47.43124],[16.61067,47.43119],[16.61057,47.43115],[16.61031,47.43089],[16.61015,47.43062],[16.60998,47.43053],[16.60988,47.43043],[16.60974,47.43031],[16.6096,47.43019],[16.60965,47.43015],[16.6097,47.43009],[16.60972,47.42999],[16.60963,47.42993],[16.60958,47.42989],[16.60948,47.42973],[16.60939,47.42972],[16.60931,47.42973],[16.60917,47.42973],[16.60916,47.4297],[16.60917,47.42967],[16.60919,47.42957],[16.6091,47.42949],[16.60902,47.42947],[16.60897,47.42945],[16.60866,47.42932],[16.60858,47.42931],[16.60854,47.42932],[16.6084,47.42939],[16.60812,47.42924],[16.608,47.42918],[16.60793,47.42917],[16.6078,47.42926],[16.60764,47.42953],[16.60761,47.42957],[16.60752,47.42966],[16.60734,47.42972],[16.60717,47.42975],[16.60703,47.42974],[16.60707,47.42962],[16.60696,47.42958],[16.6069,47.42956],[16.60676,47.42951],[16.6067,47.42948],[16.6066,47.42945],[16.60656,47.4293],[16.60658,47.42922],[16.60668,47.42903],[16.60599,47.42875],[16.60598,47.42869],[16.60596,47.42854],[16.60598,47.42841],[16.606,47.42837],[16.606,47.42826],[16.60605,47.42818],[16.60609,47.42807],[16.60599,47.428],[16.60587,47.42793],[16.60578,47.42787],[16.6057,47.42783],[16.60561,47.42779],[16.60536,47.42773],[16.60521,47.42768],[16.60521,47.42764],[16.60523,47.4276],[16.60532,47.42757],[16.6055,47.42762],[16.60563,47.42761],[16.60569,47.42758],[16.60571,47.42757],[16.60569,47.42753],[16.60564,47.42748],[16.60561,47.42742],[16.60572,47.42738],[16.6062,47.42732],[16.60628,47.42723],[16.60626,47.42721],[16.60614,47.42714],[16.60613,47.4271],[16.60621,47.42706],[16.60629,47.42701],[16.60631,47.42697],[16.60623,47.42694],[16.60611,47.42694],[16.60603,47.42697],[16.60573,47.42698],[16.60563,47.42703],[16.60554,47.42706],[16.60551,47.42702],[16.60544,47.4269],[16.60544,47.42686],[16.60549,47.42673],[16.6055,47.42665],[16.60543,47.42657],[16.60527,47.4265],[16.60508,47.4264],[16.60491,47.42634],[16.60486,47.42627],[16.60469,47.42613],[16.60451,47.42609],[16.60441,47.42601],[16.60433,47.42592],[16.60425,47.42594],[16.60412,47.42594],[16.60403,47.42594],[16.60393,47.42593],[16.60391,47.42585],[16.60399,47.42573],[16.604,47.42571],[16.60383,47.42553],[16.60366,47.42549],[16.60353,47.42557],[16.60348,47.42558],[16.60314,47.42542],[16.60266,47.42538],[16.60266,47.4254],[16.6026,47.42549],[16.60256,47.42553],[16.6025,47.42551],[16.60244,47.42549],[16.60239,47.42543],[16.60233,47.42539],[16.60224,47.42534],[16.60175,47.42542],[16.6015,47.42542],[16.60149,47.42545],[16.60126,47.42577],[16.60112,47.42581],[16.60118,47.42568],[16.60108,47.42562],[16.60103,47.42553],[16.60095,47.42549],[16.60101,47.42545],[16.60105,47.42537],[16.60065,47.42519],[16.60055,47.42526],[16.60052,47.42528],[16.60031,47.42554],[16.59991,47.42547],[16.60006,47.42533],[16.60017,47.42524],[16.5998,47.42501],[16.59984,47.42495],[16.5999,47.42489],[16.60008,47.42467],[16.59973,47.42437],[16.59981,47.42431],[16.59972,47.42426],[16.59964,47.42423],[16.5996,47.4242],[16.59942,47.42414],[16.59938,47.42411],[16.59912,47.42414],[16.59904,47.42412],[16.59891,47.42411],[16.59885,47.42411],[16.59875,47.42409],[16.59866,47.42406],[16.59858,47.42403],[16.59852,47.42406],[16.59847,47.42412],[16.59824,47.42404],[16.5981,47.42397],[16.5978,47.42383],[16.59773,47.42379],[16.5976,47.42372],[16.59744,47.42384],[16.5973,47.42379],[16.59722,47.42376],[16.59716,47.42377],[16.59684,47.42404],[16.59657,47.42381],[16.59655,47.42363],[16.59683,47.42354],[16.59701,47.42291],[16.59699,47.42287],[16.59682,47.42275],[16.59682,47.42273],[16.59681,47.42266],[16.59669,47.42264],[16.5966,47.4227],[16.59642,47.42271],[16.59611,47.42267],[16.59608,47.4228],[16.59606,47.42285],[16.59604,47.42295],[16.59603,47.42301],[16.59591,47.42319],[16.59587,47.42322],[16.59571,47.42324],[16.5954,47.4232],[16.59518,47.4231],[16.59527,47.42307],[16.59538,47.42305],[16.59546,47.42303],[16.59556,47.42289],[16.59539,47.42276],[16.59527,47.42263],[16.59508,47.42253],[16.59495,47.42262],[16.59491,47.42268],[16.59495,47.42281],[16.595,47.42286],[16.59494,47.42296],[16.59476,47.4231],[16.59466,47.42311],[16.59448,47.42309],[16.59429,47.42301],[16.59428,47.42293],[16.59431,47.42288],[16.59452,47.42264],[16.59457,47.4226],[16.59463,47.42256],[16.59471,47.42247],[16.59467,47.42244],[16.59454,47.42241],[16.59427,47.42243],[16.59417,47.42246],[16.59401,47.42236],[16.594,47.42235],[16.5938,47.42226],[16.59378,47.42213],[16.59361,47.42218],[16.59354,47.42224],[16.59348,47.42232],[16.5933,47.42236],[16.59308,47.4224],[16.59269,47.42251],[16.59257,47.42252],[16.59232,47.42252],[16.59221,47.42255],[16.59213,47.42263],[16.592,47.42273],[16.59195,47.42272],[16.59172,47.42263],[16.59167,47.42262],[16.5915,47.42269],[16.59143,47.42275],[16.59134,47.42285],[16.59125,47.42288],[16.59116,47.42288],[16.591,47.4229],[16.59088,47.42293],[16.59064,47.42289],[16.59022,47.42282],[16.59006,47.42281],[16.58981,47.42263],[16.58969,47.42263],[16.58954,47.42264],[16.58942,47.42266],[16.58934,47.42267],[16.5892,47.42266],[16.58887,47.42258],[16.58877,47.42261],[16.58857,47.42269],[16.58848,47.42273],[16.58835,47.42275],[16.58817,47.4227],[16.58809,47.4227],[16.5879,47.42278],[16.58786,47.42271],[16.58764,47.42222],[16.58738,47.4217],[16.58762,47.42177],[16.58769,47.42164],[16.58766,47.42144],[16.58764,47.42135],[16.58855,47.42124],[16.58968,47.42117],[16.59134,47.42144],[16.5914,47.42079],[16.59041,47.42065],[16.5899,47.42076],[16.58848,47.4208],[16.58869,47.42003],[16.58889,47.41938],[16.58798,47.41914],[16.58741,47.41901],[16.58705,47.41892],[16.58658,47.41903],[16.58653,47.41918],[16.58657,47.41942],[16.58645,47.41965],[16.58518,47.41959],[16.58465,47.41984],[16.5842,47.41992],[16.58397,47.41997],[16.58387,47.42],[16.58376,47.41999],[16.58299,47.41957],[16.58253,47.41985],[16.58234,47.41976],[16.58211,47.41971],[16.58179,47.41967],[16.58167,47.41958],[16.58154,47.41951],[16.58119,47.41935],[16.58103,47.41929],[16.58051,47.41897],[16.57984,47.41855],[16.57967,47.4184],[16.57944,47.41816],[16.57928,47.41787],[16.57983,47.41753],[16.58116,47.41683],[16.58128,47.41675],[16.58138,47.41666],[16.58199,47.41676],[16.58261,47.41682],[16.58273,47.41678],[16.58266,47.41622],[16.5826,47.41595],[16.58253,47.41576],[16.5825,47.41562],[16.58235,47.41527],[16.58221,47.41506],[16.5821,47.41496],[16.58162,47.41472],[16.58163,47.4147],[16.58117,47.41445],[16.58061,47.41418],[16.58031,47.41408],[16.57998,47.41398],[16.57921,47.41384],[16.57881,47.41379],[16.57783,47.41345],[16.5773,47.41325],[16.57693,47.41304],[16.57657,47.41293],[16.57597,47.41265],[16.57557,47.41255],[16.57558,47.41254],[16.57523,47.41239],[16.57511,47.41235],[16.57505,47.41218],[16.57502,47.41192],[16.57502,47.4117],[16.575,47.41138],[16.57531,47.41097],[16.57538,47.41086],[16.57557,47.41068],[16.57599,47.41031],[16.57616,47.41017],[16.57634,47.40992],[16.57695,47.40975],[16.5771,47.40974],[16.57742,47.40951],[16.57723,47.40931],[16.5772,47.40921],[16.57711,47.40916],[16.57658,47.40865],[16.57653,47.40834],[16.57632,47.40794],[16.57578,47.40709],[16.57575,47.40636],[16.57519,47.40617],[16.57475,47.40605],[16.57441,47.40593],[16.57398,47.40582],[16.57241,47.40584],[16.57212,47.40579],[16.57212,47.40577],[16.57149,47.40582],[16.57105,47.40589],[16.57076,47.40596],[16.57068,47.40598],[16.57057,47.40603],[16.57015,47.40622],[16.56992,47.40628],[16.56954,47.40634],[16.5692,47.40632],[16.56902,47.40629],[16.56849,47.40614],[16.56754,47.40607],[16.56697,47.406],[16.56672,47.40596],[16.56634,47.40595],[16.56618,47.40596],[16.56559,47.40609],[16.56529,47.40614],[16.56436,47.40612],[16.56357,47.40629],[16.56322,47.40635],[16.5627,47.40646],[16.56213,47.40659],[16.56182,47.40665],[16.56148,47.4067],[16.56129,47.40673],[16.56108,47.40679],[16.56035,47.40695],[16.56015,47.40699],[16.55956,47.40698],[16.55872,47.4069],[16.55843,47.40684],[16.55768,47.40665],[16.55687,47.40652],[16.5566,47.40651],[16.55617,47.40655],[16.55579,47.40655],[16.55551,47.40658],[16.55494,47.40659],[16.55452,47.40656],[16.5539,47.40647],[16.55288,47.40619],[16.55209,47.40594],[16.55172,47.40582],[16.55125,47.40562],[16.55103,47.40547],[16.55059,47.40549],[16.5504,47.40547],[16.54986,47.40549],[16.54955,47.40553],[16.54845,47.40559],[16.54801,47.40567],[16.54781,47.40569],[16.5463,47.40561],[16.54595,47.40565],[16.54589,47.40567],[16.54501,47.40597],[16.54424,47.40663],[16.5437,47.40699],[16.54329,47.4072],[16.54315,47.40734],[16.54293,47.40748],[16.54281,47.40758],[16.54275,47.40767],[16.54272,47.40783],[16.54252,47.40822],[16.54218,47.40866],[16.5419,47.40882],[16.54057,47.40967],[16.54012,47.40996],[16.53996,47.41006],[16.53895,47.40997],[16.53862,47.40993],[16.53809,47.40992],[16.53777,47.40986],[16.53747,47.40977],[16.53725,47.40964],[16.5371,47.40954],[16.53668,47.40937],[16.53657,47.40934],[16.5361,47.40923],[16.53577,47.40917],[16.53567,47.40913],[16.53557,47.40911],[16.53543,47.40913],[16.53528,47.40925],[16.53492,47.40931],[16.53441,47.40966],[16.53394,47.40986],[16.53274,47.41015],[16.53235,47.4102],[16.53218,47.41026],[16.53188,47.41037],[16.53028,47.4102],[16.53015,47.41],[16.53008,47.40992],[16.52995,47.40985],[16.52934,47.40972],[16.52903,47.40962],[16.52829,47.40944],[16.52799,47.4093],[16.52793,47.40925],[16.52791,47.40914],[16.52781,47.40906],[16.5278,47.40904],[16.52735,47.40877],[16.52703,47.40864],[16.52689,47.40863],[16.5265,47.40889],[16.5263,47.40917],[16.52557,47.41004],[16.52518,47.41031],[16.52502,47.41038],[16.52436,47.4104],[16.52376,47.41041],[16.52333,47.41037],[16.52255,47.4102],[16.52213,47.41015],[16.52119,47.41011],[16.52065,47.41014],[16.52028,47.41008],[16.51971,47.40999],[16.51903,47.40995],[16.51878,47.40993],[16.51816,47.41],[16.5179,47.41008],[16.51732,47.41045],[16.51691,47.41059],[16.51658,47.40944],[16.51571,47.40895],[16.51524,47.40848],[16.51507,47.40832],[16.51478,47.40781],[16.51474,47.40736],[16.51463,47.40694],[16.51447,47.4064],[16.51426,47.40575],[16.5138,47.4055],[16.5137,47.40524],[16.51369,47.40523],[16.51287,47.40538],[16.51274,47.40539],[16.51261,47.40543],[16.51235,47.40547],[16.51219,47.40548],[16.51203,47.40552],[16.5113,47.40573],[16.51109,47.40578],[16.51088,47.40585],[16.51075,47.4059],[16.51068,47.40587],[16.50971,47.40595],[16.50886,47.4058],[16.50823,47.40552],[16.50786,47.40502],[16.50786,47.40408],[16.50784,47.40398],[16.50787,47.40376],[16.50801,47.40364],[16.50802,47.40359],[16.50802,47.40351],[16.50799,47.40341],[16.50798,47.40336],[16.50801,47.40324],[16.50806,47.40312],[16.50815,47.40282],[16.50817,47.40279],[16.50836,47.4026],[16.50846,47.40251],[16.50848,47.40247],[16.50852,47.40235],[16.50867,47.40218],[16.50871,47.40214],[16.50893,47.402],[16.50903,47.40194],[16.50922,47.40182],[16.50937,47.40176],[16.5094,47.40175],[16.50943,47.40171],[16.5095,47.40159],[16.50972,47.40142],[16.5098,47.40137],[16.50999,47.40127],[16.51003,47.40122],[16.51005,47.40115],[16.51011,47.40107],[16.51015,47.40103],[16.5102,47.40095],[16.51018,47.4009],[16.51021,47.40084],[16.51033,47.40074],[16.51036,47.4007],[16.51036,47.40065],[16.51033,47.40061],[16.51033,47.4005],[16.51038,47.40043],[16.51046,47.40036],[16.51046,47.40033],[16.51044,47.40028],[16.5104,47.40024],[16.51037,47.4002],[16.51039,47.40014],[16.5104,47.40006],[16.51039,47.40004],[16.51035,47.39998],[16.51034,47.39993],[16.51038,47.39983],[16.51039,47.39979],[16.51037,47.39974],[16.51032,47.39966],[16.51028,47.3995],[16.51026,47.39936],[16.51028,47.39932],[16.51029,47.39927],[16.51025,47.39914],[16.51024,47.39905],[16.51025,47.39895],[16.51027,47.39891],[16.51027,47.39886],[16.51025,47.39874],[16.51024,47.39868],[16.51025,47.39858],[16.51026,47.39849],[16.51022,47.39832],[16.51021,47.39824],[16.51022,47.39806],[16.51024,47.39802],[16.51024,47.39797],[16.51022,47.3979],[16.51014,47.39736],[16.5101,47.39729],[16.51006,47.39716],[16.51005,47.39708],[16.51006,47.397],[16.51006,47.39685],[16.51007,47.39674],[16.51004,47.39663],[16.50997,47.39653],[16.5099,47.39647],[16.50984,47.39643],[16.50976,47.39638],[16.50922,47.39612],[16.50876,47.39596],[16.50842,47.39585],[16.50824,47.39577],[16.50793,47.3956],[16.50752,47.39545],[16.50741,47.39541],[16.50729,47.39538],[16.50694,47.3953],[16.50624,47.39487],[16.50586,47.39451],[16.50528,47.39425],[16.5047,47.39388],[16.50433,47.3936],[16.5036,47.39323],[16.50355,47.3932],[16.50268,47.39326],[16.50225,47.3929],[16.50185,47.39243],[16.50149,47.39207],[16.50108,47.39173],[16.5007,47.39133],[16.50045,47.39111],[16.49995,47.39098],[16.4989,47.39064],[16.49874,47.39058],[16.49847,47.39029],[16.49833,47.39024],[16.49822,47.39015],[16.49788,47.38997],[16.49749,47.38972],[16.49719,47.38958],[16.49679,47.38929],[16.49658,47.38904],[16.49652,47.38992],[16.49656,47.39037],[16.49654,47.3909],[16.49654,47.3918],[16.49654,47.39329],[16.49646,47.39406],[16.49649,47.3944],[16.49648,47.39508],[16.49649,47.39561],[16.49656,47.3963],[16.49628,47.39638],[16.49606,47.39647],[16.49543,47.39633],[16.49489,47.39624],[16.49468,47.39615],[16.49452,47.39606],[16.49396,47.3959],[16.494,47.39514],[16.49381,47.39476],[16.49343,47.39465],[16.4932,47.39429],[16.49309,47.39415],[16.49296,47.39419],[16.49271,47.3942],[16.4923,47.39434],[16.49221,47.39432],[16.49177,47.39452],[16.4914,47.39465],[16.49095,47.39481],[16.49063,47.39494],[16.49049,47.39488],[16.49038,47.39484],[16.49026,47.39479],[16.49013,47.39476],[16.49001,47.39472],[16.4899,47.39467],[16.48979,47.39461],[16.4893,47.3945],[16.48882,47.39449],[16.48858,47.39453],[16.48804,47.39464],[16.48819,47.395],[16.48857,47.39544],[16.48859,47.39552],[16.48855,47.39601],[16.48853,47.39681],[16.48807,47.39695],[16.48768,47.39763],[16.4879,47.39833],[16.48824,47.39857],[16.4887,47.39917],[16.48918,47.39948],[16.48967,47.39975],[16.48939,47.39969],[16.48901,47.39948],[16.48857,47.3992],[16.48841,47.39929],[16.48836,47.39928],[16.48834,47.39924],[16.48829,47.39923],[16.48828,47.39916],[16.48827,47.39913],[16.48815,47.39905],[16.48806,47.39902],[16.48801,47.399],[16.48798,47.39899],[16.48789,47.39895],[16.48784,47.39891],[16.4878,47.39885],[16.4877,47.39878],[16.48757,47.39873],[16.48743,47.39865],[16.48741,47.39863],[16.48736,47.3986],[16.48736,47.39859],[16.48727,47.39857],[16.48713,47.3985],[16.48702,47.39843],[16.48693,47.39838],[16.48691,47.39839],[16.48679,47.39833],[16.48666,47.39831],[16.48654,47.39826],[16.48645,47.39822],[16.48641,47.3982],[16.4863,47.39814],[16.48612,47.39805],[16.48607,47.39801],[16.48609,47.39791],[16.48595,47.39788],[16.48568,47.39788],[16.4856,47.39786],[16.48543,47.39771],[16.4852,47.39765],[16.48502,47.3976],[16.48497,47.39755],[16.48494,47.3975],[16.48477,47.39743],[16.48461,47.39733],[16.48439,47.39723],[16.48437,47.39724],[16.48413,47.39756],[16.48384,47.39794],[16.4841,47.39809],[16.48505,47.39876],[16.48422,47.39919],[16.48369,47.3994],[16.48371,47.39954],[16.48383,47.39975],[16.48399,47.39998],[16.48379,47.40002],[16.48386,47.4004],[16.48396,47.40072],[16.48415,47.40097],[16.48433,47.40111],[16.48451,47.40139],[16.48463,47.40153],[16.48495,47.40199],[16.485,47.40215],[16.48506,47.40226],[16.48527,47.4024],[16.48557,47.4027],[16.48561,47.40286],[16.48582,47.40299],[16.48635,47.40316],[16.48639,47.40323],[16.48652,47.40335],[16.48659,47.40346],[16.48673,47.40345],[16.48679,47.40339],[16.4869,47.40336],[16.48713,47.40324],[16.48732,47.40355],[16.48717,47.40366],[16.48723,47.40382],[16.48724,47.40388],[16.48734,47.40397],[16.48763,47.4042],[16.48771,47.4043],[16.48775,47.40443],[16.48798,47.40452],[16.48807,47.40463],[16.48863,47.40486],[16.48942,47.40509],[16.48964,47.40513],[16.48997,47.4054],[16.4903,47.40557],[16.49069,47.40568],[16.49065,47.40571],[16.49033,47.40577],[16.49007,47.40583],[16.48993,47.4059],[16.48984,47.40596],[16.48964,47.40613],[16.48938,47.40634],[16.48887,47.40637],[16.48826,47.40632],[16.48805,47.40617],[16.48775,47.40606],[16.48757,47.40605],[16.48716,47.40615],[16.48701,47.40633],[16.48703,47.40641],[16.4871,47.40655],[16.48721,47.40675],[16.48731,47.40689],[16.48739,47.40695],[16.48749,47.40708],[16.48775,47.40719],[16.48737,47.40743],[16.48668,47.40782],[16.48591,47.40814],[16.48509,47.40854],[16.48534,47.4089],[16.4852,47.40893],[16.48514,47.40892],[16.48493,47.40898],[16.4848,47.40895],[16.48475,47.40895],[16.48452,47.409],[16.48423,47.40904],[16.48391,47.40909],[16.48378,47.40909],[16.48319,47.40915],[16.48286,47.4092],[16.48228,47.40926],[16.48213,47.40928],[16.48123,47.40937],[16.48097,47.40938],[16.48086,47.40938],[16.48047,47.40941],[16.48,47.40943],[16.47987,47.40942],[16.47967,47.40939],[16.47927,47.40928],[16.47907,47.40924],[16.47894,47.40922],[16.47846,47.40914],[16.47836,47.40912],[16.47823,47.40912],[16.47815,47.40912],[16.47811,47.40912],[16.47758,47.4091],[16.47742,47.40907],[16.47732,47.40906],[16.47721,47.40904],[16.47672,47.40898],[16.47614,47.40889],[16.47597,47.40887],[16.47549,47.40888],[16.47538,47.40888],[16.47511,47.40892],[16.47495,47.40895],[16.4748,47.40897],[16.47454,47.409],[16.47369,47.40922],[16.47367,47.40924],[16.47335,47.40934],[16.47318,47.40941],[16.47309,47.40947],[16.47296,47.40952],[16.47292,47.40955],[16.47289,47.40965],[16.47289,47.40971],[16.47298,47.40979],[16.47295,47.40986],[16.47277,47.40984],[16.47263,47.4098],[16.47236,47.40978],[16.47227,47.4098],[16.47221,47.40981],[16.47192,47.40992],[16.4718,47.41004],[16.47154,47.41012],[16.4714,47.41012],[16.47119,47.41016],[16.47103,47.41036],[16.47105,47.41044],[16.47068,47.41045],[16.47054,47.4105],[16.46991,47.41051],[16.46974,47.41052],[16.46942,47.41049],[16.46904,47.41051],[16.46854,47.41059],[16.46848,47.41065],[16.46851,47.41082],[16.46828,47.41088],[16.46793,47.41091],[16.46758,47.41097],[16.46704,47.41119],[16.46644,47.41128],[16.46603,47.4114],[16.46606,47.41166],[16.46572,47.4118],[16.46555,47.41185],[16.46535,47.41192],[16.46474,47.41215],[16.46464,47.41223],[16.46459,47.4123],[16.46453,47.41246],[16.46454,47.4125],[16.46449,47.41264],[16.46445,47.41271],[16.4644,47.41276],[16.46395,47.41264],[16.46368,47.41266],[16.46362,47.41268],[16.46344,47.4127],[16.46327,47.41274],[16.46314,47.41284],[16.46303,47.41285],[16.46294,47.41283],[16.4628,47.41276],[16.46267,47.41268],[16.46254,47.41259],[16.4623,47.41257],[16.46206,47.41251],[16.46158,47.41248],[16.46146,47.41243],[16.4613,47.41239],[16.46104,47.41238],[16.46071,47.41244],[16.46035,47.41249],[16.46003,47.41258],[16.45979,47.41268],[16.45947,47.41285],[16.45931,47.41289],[16.45895,47.41294],[16.45864,47.413],[16.45816,47.41305],[16.4571,47.41296],[16.45653,47.41278],[16.45629,47.41274],[16.45602,47.41264],[16.45571,47.4125],[16.45541,47.41229],[16.45508,47.41194],[16.45428,47.41161],[16.4542,47.41153],[16.45352,47.41087],[16.45295,47.41077],[16.4526,47.41072],[16.45198,47.41068],[16.45155,47.41062],[16.45113,47.41056],[16.45088,47.41046],[16.45026,47.4103],[16.44982,47.4102],[16.44947,47.41008],[16.44917,47.40988],[16.44898,47.40963],[16.44871,47.40942],[16.44809,47.40909],[16.44775,47.40894],[16.44747,47.40886],[16.44748,47.40881],[16.44686,47.40858],[16.44695,47.40837],[16.44686,47.40832],[16.44666,47.40827],[16.4464,47.40823],[16.44625,47.40821],[16.44644,47.40809],[16.44622,47.40791],[16.44613,47.40787],[16.44605,47.40775],[16.44579,47.40716],[16.44546,47.40722],[16.44544,47.40713],[16.44543,47.40704],[16.44544,47.40695],[16.44542,47.40673],[16.44546,47.40665],[16.44544,47.40665],[16.44549,47.40648],[16.44556,47.4063],[16.44571,47.40577],[16.44588,47.40527],[16.44595,47.4051],[16.44601,47.40492],[16.44604,47.40474],[16.44617,47.40439],[16.44628,47.40408],[16.44638,47.40373],[16.44641,47.40355],[16.44639,47.40336],[16.44636,47.40327],[16.44625,47.40311],[16.44612,47.40295],[16.44607,47.40287],[16.44605,47.40278],[16.44612,47.40259],[16.44616,47.40249],[16.44616,47.40245],[16.44613,47.40235],[16.44609,47.40229],[16.44603,47.4022],[16.44601,47.40211],[16.446,47.40202],[16.44602,47.40175],[16.44605,47.40166],[16.44606,47.40159],[16.44609,47.4015],[16.44612,47.40141],[16.44612,47.40131],[16.4461,47.4012],[16.44608,47.40118],[16.44621,47.40107],[16.44629,47.4009],[16.44635,47.40072],[16.4464,47.40063],[16.44651,47.40055],[16.44659,47.40049],[16.44672,47.40033],[16.44671,47.40024],[16.44667,47.4002],[16.4468,47.40004],[16.44692,47.40001],[16.44701,47.39994],[16.44731,47.39963],[16.44762,47.39928],[16.44749,47.39871],[16.44754,47.39836],[16.44747,47.39823],[16.44767,47.39802],[16.4475,47.39785],[16.44814,47.39693],[16.44858,47.39626],[16.44878,47.39579],[16.44945,47.39494],[16.44949,47.39469],[16.44969,47.39442],[16.44983,47.3943],[16.44991,47.39422],[16.44992,47.39418],[16.45011,47.39395],[16.45026,47.39366],[16.45055,47.39321],[16.45066,47.39295],[16.45111,47.39246],[16.45124,47.39228],[16.45163,47.392],[16.45186,47.39198],[16.45211,47.39196],[16.45213,47.39168],[16.45255,47.3913],[16.45265,47.39113],[16.45275,47.39099],[16.45316,47.3907],[16.45361,47.39036],[16.45392,47.39007],[16.45422,47.38974],[16.45429,47.38975],[16.45431,47.38964],[16.45409,47.38941],[16.45476,47.38898],[16.45491,47.38881],[16.4554,47.38877],[16.45546,47.38873],[16.4555,47.38862],[16.45549,47.38852],[16.45547,47.38834],[16.45546,47.38815],[16.45537,47.38798],[16.45532,47.38783],[16.4551,47.38767],[16.45511,47.38766],[16.45514,47.38759],[16.45516,47.38753],[16.45523,47.38743],[16.45525,47.38739],[16.45526,47.38728],[16.45526,47.38722],[16.45522,47.38719],[16.45521,47.38715],[16.45522,47.38705],[16.45527,47.38701],[16.45533,47.38699],[16.45541,47.38698],[16.45547,47.38702],[16.4555,47.38701],[16.45554,47.38698],[16.45565,47.38693],[16.45565,47.38686],[16.45571,47.3868],[16.45578,47.3868],[16.45585,47.38677],[16.45595,47.38668],[16.45605,47.38661],[16.45612,47.3866],[16.45616,47.38656],[16.45618,47.38651],[16.45617,47.38643],[16.45615,47.38636],[16.45615,47.38631],[16.4562,47.38628],[16.45626,47.38626],[16.45635,47.38625],[16.45643,47.38622],[16.45654,47.38619],[16.45661,47.38612],[16.45671,47.38605],[16.45677,47.38603],[16.457,47.38598],[16.45707,47.38595],[16.4571,47.38589],[16.4572,47.38584],[16.45721,47.3858],[16.45716,47.38577],[16.45716,47.38573],[16.45717,47.38573],[16.45717,47.38568],[16.45715,47.38563],[16.45715,47.38561],[16.45716,47.38557],[16.45726,47.38553],[16.4573,47.38547],[16.45736,47.38533],[16.45741,47.38526],[16.45744,47.3852],[16.45748,47.38518],[16.45754,47.38516],[16.45758,47.38514],[16.45757,47.3851],[16.4576,47.38504],[16.45758,47.385],[16.45754,47.38496],[16.45753,47.38492],[16.45755,47.3849],[16.45769,47.38486],[16.45785,47.38484],[16.4579,47.38483],[16.45791,47.38484],[16.45796,47.38492],[16.45808,47.38493],[16.45811,47.3849],[16.45814,47.38487],[16.45815,47.38481],[16.45818,47.38477],[16.45825,47.3847],[16.45827,47.38469],[16.45835,47.38468],[16.4584,47.3847],[16.45843,47.38469],[16.45858,47.38461],[16.45871,47.38459],[16.45883,47.38457],[16.45889,47.38457],[16.45897,47.38457],[16.45922,47.38451],[16.45932,47.38448],[16.45941,47.38447],[16.4595,47.38449],[16.45962,47.38449],[16.4597,47.38447],[16.45974,47.38442],[16.45983,47.38441],[16.45993,47.38443],[16.45998,47.38442],[16.46003,47.38437],[16.46005,47.38433],[16.4601,47.38429],[16.46021,47.38427],[16.46033,47.38427],[16.46034,47.38426],[16.46036,47.38418],[16.46043,47.38414],[16.46053,47.3841],[16.46059,47.38409],[16.46066,47.38408],[16.46079,47.38408],[16.46086,47.38407],[16.46094,47.38403],[16.46105,47.38403],[16.46117,47.38401],[16.46125,47.38398],[16.46136,47.38391],[16.46133,47.38386],[16.46134,47.38381],[16.4614,47.38375],[16.46141,47.38372],[16.46136,47.38357],[16.46139,47.38348],[16.46136,47.38344],[16.46133,47.38337],[16.46136,47.3833],[16.46131,47.38326],[16.46124,47.38326],[16.46041,47.38321],[16.45968,47.38323],[16.45832,47.38327],[16.45729,47.38341],[16.45649,47.38367],[16.45596,47.3838],[16.45575,47.38385],[16.4557,47.38389],[16.45548,47.38377],[16.45528,47.38371],[16.45517,47.38371],[16.4551,47.38369],[16.45507,47.38365],[16.45496,47.38354],[16.45484,47.38349],[16.4547,47.38345],[16.45468,47.38341],[16.45466,47.3833],[16.45464,47.38325],[16.4546,47.38321],[16.45457,47.38313],[16.45456,47.38308],[16.45447,47.38301],[16.45442,47.38298],[16.45429,47.38295],[16.45418,47.38291],[16.4541,47.38291],[16.45403,47.3829],[16.45397,47.38279],[16.45392,47.38276],[16.45381,47.38271],[16.45374,47.38271],[16.45372,47.3827],[16.45371,47.38265],[16.45368,47.3826],[16.45362,47.38258],[16.45356,47.38256],[16.45335,47.38251],[16.45325,47.38246],[16.45321,47.38237],[16.45313,47.38229],[16.45311,47.3822],[16.45312,47.38201],[16.45312,47.38197],[16.45309,47.38193],[16.45304,47.38189],[16.45291,47.38175],[16.45285,47.38167],[16.45276,47.3816],[16.45254,47.3815],[16.45244,47.38144],[16.45239,47.38141],[16.45235,47.38138],[16.45233,47.38132],[16.45229,47.38128],[16.45218,47.38123],[16.45213,47.3812],[16.45209,47.38117],[16.45205,47.38113],[16.45206,47.38108],[16.45206,47.38104],[16.45199,47.38095],[16.45198,47.38077],[16.45201,47.38064],[16.45202,47.38059],[16.45198,47.3805],[16.45195,47.38046],[16.45187,47.38044],[16.45172,47.38042],[16.45172,47.38037],[16.45174,47.38026],[16.45173,47.38022],[16.45177,47.38016],[16.45175,47.38012],[16.45166,47.38009],[16.45165,47.38],[16.4516,47.37991],[16.45157,47.37982],[16.45146,47.37976],[16.45141,47.37972],[16.45142,47.37967],[16.4515,47.37946],[16.45148,47.37939],[16.45148,47.37931],[16.45144,47.37927],[16.45139,47.37923],[16.45138,47.37914],[16.4514,47.37895],[16.45134,47.37878],[16.45124,47.37869],[16.45118,47.37865],[16.45117,47.3786],[16.45132,47.37842],[16.4513,47.37833],[16.4513,47.37825],[16.45133,47.3782],[16.45129,47.37815],[16.45117,47.37805],[16.45123,47.37802],[16.45127,47.37798],[16.45127,47.37793],[16.45125,47.37787],[16.45116,47.37782],[16.45118,47.37774],[16.45127,47.37766],[16.45138,47.37758],[16.4514,47.37756],[16.45142,47.37744],[16.45146,47.37741],[16.45148,47.37736],[16.45148,47.37732],[16.45151,47.37729],[16.45157,47.37728],[16.45168,47.37723],[16.4517,47.37719],[16.4518,47.37712],[16.45183,47.37708],[16.45182,47.37701],[16.45184,47.37697],[16.45184,47.3769],[16.45195,47.37672],[16.45201,47.3767],[16.45207,47.37671],[16.45221,47.37667],[16.45231,47.3765],[16.45236,47.37647],[16.45237,47.37642],[16.45239,47.37633],[16.45241,47.37629],[16.45247,47.37626],[16.4525,47.37617],[16.45248,47.37612],[16.45249,47.37607],[16.45258,47.37592],[16.45264,47.37585],[16.4527,47.37576],[16.45278,47.37569],[16.4529,47.37565],[16.45296,47.37562],[16.45304,47.37561],[16.45305,47.37556],[16.45306,47.3755],[16.45314,47.37543],[16.45319,47.37534],[16.45329,47.37528],[16.45343,47.37524],[16.4536,47.37518],[16.45373,47.37515],[16.45381,47.37511],[16.45383,47.37496],[16.45391,47.37489],[16.45398,47.37481],[16.45406,47.37481],[16.45417,47.37482],[16.45432,47.3748],[16.45445,47.37476],[16.45456,47.3747],[16.45463,47.37462],[16.45471,47.37449],[16.45475,47.37445],[16.45484,47.37439],[16.45504,47.37439],[16.45511,47.37431],[16.45521,47.37423],[16.45533,47.37406],[16.45536,47.37397],[16.45538,47.37387],[16.4555,47.37381],[16.45552,47.37371],[16.45551,47.37359],[16.45553,47.37354],[16.45554,47.37354],[16.45558,47.37353],[16.45581,47.37356],[16.45586,47.37353],[16.45595,47.37346],[16.45599,47.37342],[16.45596,47.37337],[16.45596,47.37333],[16.45599,47.37318],[16.45598,47.37313],[16.45613,47.37307],[16.45616,47.37303],[16.45618,47.37299],[16.45631,47.37288],[16.45636,47.37281],[16.45633,47.37276],[16.45633,47.37271],[16.45636,47.37267],[16.45642,47.37264],[16.45642,47.37254],[16.45645,47.3725],[16.45651,47.37247],[16.45653,47.37238],[16.45659,47.3723],[16.45672,47.37223],[16.45671,47.37213],[16.45667,47.37204],[16.45664,47.37201],[16.45654,47.37196],[16.45656,47.37191],[16.45668,47.37186],[16.45673,47.3718],[16.45671,47.37171],[16.45674,47.37166],[16.45672,47.37153],[16.45675,47.37144],[16.45675,47.37135],[16.45673,47.37127],[16.45681,47.3712],[16.45682,47.37111],[16.45686,47.37102],[16.45679,47.37097],[16.45677,47.37091],[16.45679,47.37082],[16.45674,47.37072],[16.4568,47.37066],[16.45682,47.37053],[16.45686,47.37044],[16.45688,47.37039],[16.45682,47.37026],[16.45679,47.37017],[16.4567,47.37008],[16.45667,47.37],[16.45678,47.3699],[16.4568,47.36981],[16.45679,47.36972],[16.45682,47.36963],[16.45676,47.36954],[16.45677,47.36945],[16.45679,47.36936],[16.45685,47.36926],[16.45688,47.36917],[16.45687,47.36908],[16.45683,47.36903],[16.45683,47.36898],[16.45677,47.36893],[16.4568,47.36885],[16.45674,47.36879],[16.45667,47.3687],[16.45668,47.36861],[16.45671,47.36852],[16.45674,47.36834],[16.45672,47.36829],[16.45672,47.36825],[16.45676,47.36821],[16.45681,47.36817],[16.45683,47.36809],[16.45685,47.36782],[16.45688,47.36772],[16.4569,47.36759],[16.45685,47.36749],[16.4569,47.36741],[16.45694,47.36732],[16.45697,47.36728],[16.457,47.36723],[16.45699,47.36717],[16.45683,47.36671],[16.45664,47.36639],[16.45651,47.36619],[16.45594,47.36522],[16.4556,47.36469],[16.45557,47.36463],[16.45502,47.36416],[16.45501,47.36405],[16.45497,47.36397],[16.45488,47.3638],[16.45481,47.36372],[16.4547,47.36366],[16.4545,47.36353],[16.45426,47.36336],[16.45424,47.36333],[16.45425,47.36322],[16.45424,47.36315],[16.45405,47.36301],[16.45395,47.36294],[16.45384,47.36289],[16.45375,47.36282],[16.45367,47.36275],[16.45361,47.36267],[16.45353,47.36259],[16.45343,47.36254],[16.45319,47.36239],[16.45305,47.36229],[16.45302,47.36225],[16.45298,47.36215],[16.4529,47.36208],[16.45281,47.36202],[16.45269,47.36191],[16.45262,47.36183],[16.45254,47.36176],[16.45244,47.36169],[16.45224,47.3616],[16.45213,47.36154],[16.45202,47.36149],[16.4518,47.3614],[16.45169,47.36135],[16.45159,47.36129],[16.4512,47.36112],[16.45117,47.36108],[16.45116,47.3605],[16.45138,47.35981],[16.45155,47.3591],[16.45165,47.35892],[16.45176,47.35858],[16.45182,47.35832],[16.45224,47.35782],[16.45234,47.3571],[16.45212,47.3571],[16.45199,47.35708],[16.45185,47.3571],[16.45173,47.35712],[16.4516,47.35714],[16.45147,47.35716],[16.45134,47.35717],[16.45095,47.35723],[16.45081,47.35723],[16.45055,47.35724],[16.45041,47.35723],[16.45028,47.35725],[16.45015,47.35727],[16.44976,47.3573],[16.4495,47.35734],[16.44932,47.35738],[16.44919,47.3574],[16.44892,47.35742],[16.44879,47.35743],[16.44853,47.35747],[16.44828,47.35752],[16.44777,47.35761],[16.44765,47.35762],[16.44721,47.3576],[16.44708,47.35758],[16.44679,47.35755],[16.44655,47.35752],[16.44643,47.3575],[16.44642,47.35748],[16.44617,47.35735],[16.44606,47.35731],[16.44571,47.35718],[16.44547,47.3571],[16.44535,47.35706],[16.44513,47.35696],[16.44492,47.35684],[16.4443,47.35651],[16.44431,47.35649],[16.4435,47.35618],[16.44285,47.35609],[16.44205,47.35599],[16.44205,47.35597],[16.44165,47.35592],[16.44141,47.35596],[16.44099,47.35591],[16.44061,47.35585],[16.44035,47.35582],[16.44022,47.3558],[16.4401,47.35577],[16.43973,47.35578],[16.43959,47.35577],[16.43933,47.35574],[16.4392,47.35572],[16.43902,47.35565],[16.43877,47.35559],[16.43864,47.35556],[16.43837,47.35555],[16.43824,47.35554],[16.43811,47.35552],[16.43798,47.3555],[16.43761,47.3554],[16.43736,47.35537],[16.43721,47.35531],[16.43699,47.35521],[16.43654,47.35502],[16.4361,47.35482],[16.43598,47.35478],[16.43586,47.35474],[16.43525,47.35448],[16.43502,47.35439],[16.43477,47.35432],[16.43457,47.35422],[16.43445,47.35411],[16.43438,47.35402],[16.43432,47.3539],[16.43427,47.35377],[16.43405,47.35333],[16.43376,47.35292],[16.43375,47.3529],[16.43372,47.35283],[16.434,47.35273],[16.4341,47.3527],[16.4345,47.35253],[16.4346,47.35248],[16.43468,47.35242],[16.4348,47.35233],[16.43496,47.35224],[16.43506,47.35215],[16.43542,47.35192],[16.43556,47.35182],[16.4357,47.35174],[16.4358,47.35167],[16.4359,47.35161],[16.43624,47.35136],[16.4366,47.3511],[16.43699,47.35084],[16.43716,47.35067],[16.43735,47.35049],[16.43748,47.35034],[16.43752,47.35031],[16.4376,47.35024],[16.43766,47.35018],[16.43771,47.35014],[16.43779,47.35011],[16.43783,47.35009],[16.4379,47.35006],[16.43797,47.35002],[16.438,47.35],[16.43803,47.34994],[16.43806,47.34989],[16.43823,47.34975],[16.43831,47.3497],[16.43841,47.3496],[16.43844,47.34956],[16.43856,47.34947],[16.43869,47.3494],[16.43877,47.34935],[16.43885,47.34932],[16.43897,47.34921],[16.43907,47.34917],[16.43922,47.34913],[16.43935,47.34908],[16.43949,47.349],[16.43956,47.34895],[16.43961,47.34893],[16.43969,47.34891],[16.43985,47.34879],[16.44005,47.3487],[16.44019,47.34858],[16.44026,47.34853],[16.44043,47.34846],[16.44051,47.34845],[16.44061,47.34839],[16.44077,47.34832],[16.44085,47.34827],[16.44095,47.34822],[16.44106,47.34813],[16.44118,47.34809],[16.44124,47.34806],[16.44128,47.34804],[16.44143,47.34797],[16.44162,47.34788],[16.44185,47.34775],[16.44192,47.34772],[16.44202,47.3477],[16.44257,47.34746],[16.44265,47.34742],[16.4429,47.34733],[16.44303,47.34726],[16.44318,47.34717],[16.44323,47.34711],[16.44335,47.34705],[16.44342,47.34699],[16.44384,47.34674],[16.44413,47.34665],[16.44442,47.34653],[16.44459,47.34642],[16.44466,47.34632],[16.44468,47.34627],[16.44471,47.34621],[16.44474,47.34611],[16.4449,47.34588],[16.44496,47.34582],[16.445,47.34575],[16.44508,47.34565],[16.4451,47.34561],[16.44521,47.34548],[16.44523,47.34545],[16.44526,47.3454],[16.4453,47.34537],[16.44535,47.34529],[16.44542,47.34521],[16.44546,47.34512],[16.44551,47.34505],[16.44556,47.34493],[16.4456,47.34488],[16.44562,47.34481],[16.44565,47.34476],[16.44566,47.34471],[16.44571,47.34461],[16.44574,47.34452],[16.44574,47.34436],[16.44576,47.34427],[16.44576,47.34416],[16.44577,47.34393],[16.44578,47.34384],[16.44581,47.34378],[16.44575,47.34356],[16.44572,47.34334],[16.44572,47.34325],[16.44575,47.34317],[16.44579,47.34302],[16.44586,47.34286],[16.44592,47.34273],[16.44593,47.34258],[16.44595,47.34252],[16.44599,47.34247],[16.446,47.34242],[16.44606,47.34237],[16.44609,47.34233],[16.44615,47.34221],[16.44617,47.34219],[16.44626,47.34209],[16.44634,47.342],[16.44639,47.34189],[16.4465,47.34167],[16.44663,47.34156],[16.44671,47.34149],[16.44688,47.34133],[16.4471,47.34111],[16.44722,47.34083],[16.44741,47.34045],[16.44759,47.34019],[16.44769,47.34],[16.44788,47.33984],[16.44795,47.33979],[16.4483,47.33956],[16.44846,47.33947],[16.44883,47.33928],[16.44908,47.33915],[16.44941,47.339],[16.44958,47.33893],[16.45009,47.33876],[16.45023,47.33873],[16.4505,47.3387],[16.45075,47.33869],[16.4509,47.3387],[16.45144,47.33875],[16.45167,47.3388],[16.4519,47.33883],[16.45202,47.33884],[16.45209,47.33886],[16.45228,47.33888],[16.45235,47.3389],[16.45259,47.33894],[16.45283,47.33897],[16.45301,47.33898],[16.4535,47.33899],[16.45374,47.33898],[16.45394,47.33899],[16.45415,47.339],[16.45494,47.3391],[16.45541,47.33916],[16.45572,47.3392],[16.45606,47.33922],[16.45612,47.33924],[16.45642,47.33927],[16.4566,47.33928],[16.45676,47.33928],[16.45696,47.33926],[16.4571,47.33925],[16.45721,47.33923],[16.45743,47.33917],[16.45778,47.33903],[16.45826,47.33888],[16.45836,47.33883],[16.45847,47.33877],[16.45859,47.33872],[16.45883,47.33864],[16.45896,47.33857],[16.45915,47.33845],[16.45929,47.33837],[16.45939,47.33829],[16.4595,47.33822],[16.45956,47.33818],[16.45971,47.3381],[16.45978,47.33805],[16.45984,47.33798],[16.4599,47.33783],[16.45997,47.33773],[16.46002,47.33767],[16.46011,47.3376],[16.46035,47.3375],[16.4606,47.33736],[16.46068,47.33727],[16.46073,47.33721],[16.461,47.3369],[16.46108,47.33683],[16.46111,47.3368],[16.46142,47.3366],[16.4615,47.33656],[16.46164,47.33649],[16.46173,47.33646],[16.46192,47.33642],[16.46207,47.3364],[16.46245,47.33627],[16.46255,47.33621],[16.4628,47.33605],[16.46289,47.33599],[16.46291,47.33596],[16.46301,47.33581],[16.46311,47.33554],[16.46317,47.33526],[16.4632,47.33517],[16.46327,47.33505],[16.46354,47.33482],[16.46362,47.33475],[16.4637,47.33466],[16.46396,47.33443],[16.46404,47.33436],[16.46412,47.33428],[16.46428,47.3341],[16.46454,47.33386],[16.46457,47.3338],[16.4646,47.33377],[16.4647,47.33353],[16.46472,47.33344],[16.46471,47.33336],[16.46472,47.33331],[16.46476,47.33317],[16.46476,47.33312],[16.46474,47.33305],[16.46463,47.33288],[16.46457,47.33282],[16.46447,47.33276],[16.46438,47.33269],[16.46428,47.33257],[16.46408,47.33241],[16.46406,47.33237],[16.46399,47.33223],[16.46387,47.33214],[16.46377,47.33209],[16.46371,47.33207],[16.46347,47.33204],[16.46337,47.33203],[16.46332,47.332],[16.46324,47.3319],[16.46314,47.3317],[16.46311,47.33164],[16.4631,47.33161],[16.46313,47.33146],[16.46316,47.33136],[16.46317,47.33125],[16.46317,47.33114],[16.46319,47.33103],[16.46321,47.33101],[16.4633,47.33092],[16.46342,47.33083],[16.46363,47.33079],[16.46381,47.33078],[16.46387,47.33075],[16.46389,47.33074],[16.46393,47.33067],[16.46394,47.33061],[16.46397,47.33057],[16.46401,47.33042],[16.46405,47.33024],[16.46405,47.33011],[16.46403,47.33004],[16.46405,47.32989],[16.46403,47.32976],[16.46408,47.32955],[16.4641,47.32945],[16.46412,47.32937],[16.46421,47.32926],[16.46426,47.32914],[16.46432,47.32906],[16.46438,47.32901],[16.46441,47.32896],[16.46444,47.32892],[16.46454,47.32887],[16.46476,47.3287],[16.46484,47.32866],[16.46495,47.32859],[16.46503,47.32856],[16.4653,47.32842],[16.46541,47.32836],[16.46546,47.32829],[16.46548,47.32805],[16.4655,47.328],[16.46552,47.32795],[16.46588,47.3277],[16.46595,47.32764],[16.46604,47.32753],[16.46608,47.32748],[16.46613,47.32744],[16.46622,47.32735],[16.46625,47.32731],[16.46639,47.32723],[16.46658,47.32716],[16.46664,47.32713],[16.46671,47.32709],[16.46673,47.32705],[16.46676,47.32705],[16.46679,47.32704],[16.46689,47.32696],[16.46695,47.32684],[16.46761,47.32579],[16.4678,47.32584],[16.46784,47.32576],[16.46797,47.32565],[16.46807,47.3256],[16.46826,47.32542],[16.46832,47.3254],[16.46835,47.32534],[16.46847,47.32529],[16.46851,47.32523],[16.46865,47.32495],[16.46866,47.32488],[16.46876,47.32459],[16.46885,47.32451],[16.46887,47.32441],[16.46891,47.32432],[16.46889,47.32418],[16.46895,47.32406],[16.46895,47.324],[16.46902,47.32385],[16.46899,47.32376],[16.46902,47.32359],[16.46903,47.32348],[16.46902,47.32338],[16.46906,47.32314],[16.4691,47.32304],[16.4691,47.32296],[16.46919,47.32275],[16.46933,47.32248],[16.46938,47.32231],[16.46936,47.32215],[16.46932,47.32192],[16.46933,47.32188],[16.46927,47.32179],[16.46923,47.32169],[16.46915,47.32164],[16.46908,47.32158],[16.46901,47.32143],[16.46901,47.3214],[16.46904,47.32139],[16.46904,47.32133],[16.46901,47.32128],[16.46905,47.32122],[16.46907,47.32109],[16.46912,47.32102],[16.46909,47.32097],[16.46913,47.32092],[16.46914,47.32086],[16.46919,47.32074],[16.46927,47.32063],[16.46939,47.32038],[16.46937,47.32033],[16.4693,47.32022],[16.4693,47.32014],[16.46926,47.31988],[16.46928,47.3198],[16.46926,47.31976],[16.46922,47.31968],[16.46925,47.31962],[16.46918,47.31939],[16.46915,47.31936],[16.46916,47.31915],[16.46915,47.31894],[16.4692,47.31886],[16.46921,47.31878],[16.46921,47.31869],[16.46923,47.31868],[16.4694,47.31833],[16.46945,47.31822],[16.46966,47.31786],[16.46972,47.31776],[16.47016,47.31714],[16.4702,47.31707],[16.4702,47.31699],[16.47024,47.31689],[16.47076,47.31633],[16.4711,47.31598],[16.47204,47.31503],[16.47235,47.31472],[16.47295,47.31406],[16.47367,47.31335],[16.47437,47.3127],[16.4748,47.31215],[16.4749,47.31164],[16.47486,47.31139],[16.47486,47.31128],[16.4749,47.31078],[16.47501,47.31049],[16.47543,47.30927],[16.47562,47.30881],[16.47607,47.3077],[16.47663,47.30648],[16.47675,47.30616],[16.47696,47.30567],[16.47748,47.30452],[16.47782,47.30376],[16.47824,47.30286],[16.47861,47.30202],[16.47886,47.30149],[16.47894,47.30138],[16.47957,47.30055],[16.48002,47.29995],[16.48018,47.2998],[16.48039,47.29965],[16.48054,47.2995],[16.48126,47.29853],[16.48139,47.29835],[16.48152,47.29817],[16.48164,47.29799],[16.48171,47.29787],[16.48177,47.29774],[16.4818,47.2976],[16.48181,47.29742],[16.48181,47.29732],[16.48182,47.29722],[16.48182,47.29684],[16.48188,47.29532],[16.4819,47.29512],[16.48204,47.29431],[16.48211,47.29412],[16.48248,47.29329],[16.48266,47.29276],[16.48273,47.29275],[16.48267,47.2925],[16.48254,47.29203],[16.48232,47.29183],[16.48206,47.29171],[16.48198,47.29159],[16.48199,47.29143],[16.48228,47.29098],[16.48254,47.29061],[16.48252,47.2906],[16.48259,47.29055],[16.48291,47.29013],[16.48316,47.28984],[16.48323,47.28977],[16.48349,47.28946],[16.48367,47.28924],[16.48373,47.28912],[16.48371,47.28886],[16.48366,47.2886],[16.48366,47.28836],[16.48367,47.28828],[16.48372,47.28793],[16.48377,47.28771],[16.48385,47.2875],[16.484,47.28727],[16.48417,47.28706],[16.48439,47.28683],[16.48478,47.28652],[16.4849,47.2864],[16.48661,47.28454],[16.48674,47.2844],[16.4873,47.28401],[16.48744,47.28384],[16.4875,47.28369],[16.4875,47.28366],[16.48749,47.28353],[16.48736,47.28312],[16.48738,47.28291],[16.48745,47.28271],[16.48756,47.28247],[16.48774,47.28216],[16.4879,47.28191],[16.48796,47.28182],[16.48821,47.2816],[16.48847,47.28144],[16.4885,47.28142],[16.48871,47.2812],[16.48922,47.28064],[16.48936,47.28047],[16.48942,47.28031],[16.48943,47.28028],[16.48929,47.28023],[16.48718,47.27943],[16.48719,47.27938],[16.48722,47.27913],[16.48644,47.27886],[16.48577,47.27861],[16.48553,47.27887],[16.48508,47.27868],[16.48462,47.27848],[16.48442,47.27838],[16.48414,47.27822],[16.48392,47.2781],[16.48394,47.27797],[16.48386,47.27792],[16.4837,47.27787],[16.48349,47.27782],[16.48333,47.2778],[16.48311,47.27777],[16.48303,47.27776],[16.48291,47.27777],[16.48276,47.27778],[16.48262,47.27782],[16.48245,47.2779],[16.48233,47.27798],[16.48215,47.27814],[16.48196,47.27834],[16.48182,47.2785],[16.48175,47.27845],[16.48113,47.27809],[16.48097,47.27798],[16.48069,47.27824],[16.48034,47.27807],[16.48023,47.27807],[16.48013,47.27808],[16.48005,47.27811],[16.48,47.27814],[16.47994,47.27819],[16.47988,47.27826],[16.47964,47.27819],[16.47967,47.27803],[16.47945,47.278],[16.47928,47.2776],[16.47912,47.27728],[16.47903,47.27715],[16.47896,47.27705],[16.4788,47.27685],[16.47877,47.27682],[16.47871,47.2768],[16.47856,47.27663],[16.47847,47.27652],[16.47834,47.27629],[16.4782,47.27608],[16.47812,47.27592],[16.47813,47.27582],[16.47815,47.27577],[16.47821,47.27568],[16.47829,47.27553],[16.47823,47.27532],[16.47815,47.2751],[16.4777,47.2742],[16.47762,47.27375],[16.47745,47.27278],[16.47733,47.2723],[16.47749,47.27123],[16.47761,47.27012],[16.47771,47.26959],[16.47768,47.26931],[16.47773,47.26903],[16.47784,47.26818],[16.47784,47.26769],[16.4779,47.26692],[16.47799,47.26627],[16.47801,47.26597],[16.47811,47.26502],[16.47815,47.26502],[16.47824,47.26406],[16.47831,47.2635],[16.47837,47.26349],[16.4783,47.26314],[16.47829,47.26313],[16.47831,47.26308],[16.47842,47.26295],[16.47853,47.26292],[16.47857,47.26295],[16.47859,47.26297],[16.47864,47.26295],[16.47875,47.26286],[16.47884,47.26284],[16.47892,47.26279],[16.47906,47.26274],[16.47912,47.26268],[16.4792,47.26266],[16.47926,47.26266],[16.47942,47.26262],[16.47947,47.26259],[16.47972,47.26261],[16.47991,47.2626],[16.47995,47.26257],[16.47969,47.26239],[16.47963,47.26233],[16.47943,47.26213],[16.47909,47.26172],[16.47786,47.26057],[16.47579,47.25912],[16.47371,47.25834],[16.47328,47.25809],[16.47289,47.2578],[16.47255,47.25757],[16.47187,47.25723],[16.47166,47.2571],[16.47161,47.25706],[16.47154,47.25698],[16.47141,47.25682],[16.47122,47.25661],[16.47079,47.25623],[16.47056,47.25608],[16.47049,47.25607],[16.47013,47.25576],[16.46982,47.25553],[16.46934,47.25513],[16.46926,47.25514],[16.469,47.25519],[16.46773,47.25364],[16.46713,47.25289],[16.46711,47.25288],[16.46697,47.25305],[16.46673,47.2533],[16.46664,47.25336],[16.4659,47.25397],[16.46582,47.25404],[16.46573,47.25412],[16.46451,47.25455],[16.46359,47.25483],[16.46277,47.25511],[16.46242,47.25523],[16.46223,47.25532],[16.46195,47.25546],[16.46175,47.25557],[16.46108,47.25602],[16.46105,47.256],[16.45485,47.25369],[16.4509,47.25354],[16.44891,47.25345],[16.44658,47.25337],[16.4478,47.2517],[16.44868,47.25047],[16.4485,47.25048],[16.44636,47.25061],[16.44475,47.25071],[16.44239,47.25085],[16.44225,47.25088],[16.44085,47.25115],[16.4386,47.2516],[16.43445,47.25241],[16.43179,47.25295],[16.43088,47.25114],[16.43048,47.25035],[16.43286,47.24999],[16.43536,47.24961],[16.43888,47.24909],[16.44171,47.24862],[16.44177,47.2486],[16.44164,47.24841],[16.44157,47.2483],[16.44148,47.24813],[16.44145,47.24801],[16.44135,47.24762],[16.44129,47.2473],[16.44126,47.24699],[16.44124,47.24646],[16.44124,47.24628],[16.44125,47.24624],[16.44125,47.24617],[16.44127,47.2459],[16.4413,47.24575],[16.44139,47.24535],[16.44146,47.245],[16.44158,47.24441],[16.44172,47.24379],[16.44196,47.24271],[16.44204,47.24232],[16.44211,47.24205],[16.44222,47.24169],[16.44255,47.2408],[16.44248,47.24079],[16.44236,47.2388],[16.44235,47.2387],[16.44243,47.23763],[16.44259,47.23588],[16.44275,47.23374],[16.44271,47.23374],[16.44267,47.23374],[16.44262,47.23374],[16.44143,47.23369],[16.4414,47.23368],[16.44136,47.23361],[16.44134,47.23354],[16.44132,47.2335],[16.44128,47.23338],[16.44125,47.23328],[16.44124,47.23321],[16.44124,47.23316],[16.44119,47.23313],[16.4411,47.23311],[16.44107,47.23309],[16.44105,47.23306],[16.44105,47.23299],[16.44106,47.2329],[16.44107,47.23285],[16.44112,47.23267],[16.44116,47.23253],[16.44118,47.23252],[16.44107,47.23246],[16.44109,47.23242],[16.44109,47.2323],[16.44113,47.23225],[16.44118,47.23216],[16.44126,47.23208],[16.44124,47.23206],[16.44106,47.23204],[16.44086,47.23202],[16.44083,47.23201],[16.44076,47.23198],[16.44074,47.23197],[16.44073,47.23196],[16.44072,47.23193],[16.44071,47.23188],[16.4407,47.23176],[16.44071,47.2317],[16.44074,47.2316],[16.44087,47.23128],[16.44091,47.23099],[16.44092,47.23094],[16.44115,47.23056],[16.44121,47.23047],[16.44122,47.23046],[16.44123,47.23043],[16.44122,47.23041],[16.44072,47.23034],[16.44069,47.23032],[16.44066,47.23032],[16.44049,47.2303],[16.44035,47.23027],[16.44015,47.23027],[16.44001,47.23027],[16.43987,47.23027],[16.43963,47.23024],[16.43948,47.23021],[16.43935,47.23018],[16.43921,47.23016],[16.43905,47.23015],[16.43897,47.23013],[16.43859,47.23006],[16.4385,47.23004],[16.4384,47.23002],[16.4383,47.23001],[16.43821,47.23],[16.43819,47.22998],[16.43816,47.2299],[16.43815,47.22981],[16.43816,47.22961],[16.43816,47.22943],[16.43815,47.2293],[16.43813,47.22917],[16.43812,47.22897],[16.43817,47.22861],[16.43817,47.22861],[16.43817,47.22847],[16.43817,47.22813],[16.43818,47.22733],[16.43817,47.22728],[16.43818,47.22718],[16.43819,47.22654],[16.43819,47.22647],[16.43817,47.22641],[16.43818,47.22613],[16.43829,47.22613],[16.43828,47.22578],[16.43821,47.22577],[16.43819,47.22574],[16.43821,47.2257],[16.4382,47.22563],[16.43817,47.22554],[16.43813,47.22545],[16.43786,47.22521],[16.43782,47.22505],[16.43783,47.22492],[16.43784,47.2247],[16.4379,47.2244],[16.43794,47.22421],[16.43795,47.22413],[16.43794,47.22409],[16.43793,47.22407],[16.43792,47.22404],[16.43787,47.22392],[16.43785,47.22372],[16.43785,47.22366],[16.43784,47.22359],[16.43778,47.22342],[16.43775,47.22335],[16.4376,47.22311],[16.43757,47.22305],[16.43751,47.22305],[16.43737,47.22305],[16.43686,47.22306],[16.43675,47.22308],[16.43669,47.22307],[16.43669,47.22288],[16.43668,47.22279],[16.43669,47.22263],[16.43671,47.22256],[16.43674,47.22248],[16.43681,47.22235],[16.43687,47.22225],[16.43712,47.22204],[16.43716,47.22199],[16.43721,47.22196],[16.43723,47.22193],[16.43729,47.22189],[16.43738,47.22181],[16.43742,47.22177],[16.43745,47.22173],[16.43747,47.22165],[16.43756,47.22145],[16.43757,47.2214],[16.43757,47.22139],[16.4376,47.22122],[16.43763,47.22115],[16.43766,47.22106],[16.43769,47.22098],[16.43771,47.22094],[16.43773,47.22093],[16.43775,47.22088],[16.43777,47.22081],[16.43779,47.22075],[16.43787,47.22065],[16.4379,47.2206],[16.43792,47.22055],[16.43857,47.21956],[16.43859,47.21951],[16.43864,47.21944],[16.43877,47.21925],[16.43884,47.21914],[16.4389,47.21902],[16.43897,47.21887],[16.43903,47.21876],[16.43905,47.2187],[16.43909,47.21864],[16.43913,47.21855],[16.43924,47.21836],[16.43924,47.21836],[16.43919,47.21835],[16.4392,47.2183],[16.43925,47.21831],[16.43932,47.21789],[16.43899,47.21766],[16.43897,47.21759],[16.43892,47.21749],[16.43888,47.21743],[16.4388,47.21735],[16.43873,47.21726],[16.4387,47.21719],[16.43868,47.2172],[16.43843,47.21721],[16.43834,47.21705],[16.43831,47.21702],[16.43824,47.21697],[16.43814,47.21691],[16.438,47.21682],[16.4379,47.21681],[16.43781,47.21679],[16.43776,47.21677],[16.43773,47.21675],[16.43767,47.21668],[16.43759,47.21662],[16.43722,47.21665],[16.43716,47.21652],[16.437,47.21653],[16.43684,47.21653],[16.43669,47.21653],[16.4364,47.21651],[16.4358,47.21644],[16.43553,47.21641],[16.4355,47.21639],[16.43542,47.21625],[16.43528,47.21606],[16.43523,47.21597],[16.43509,47.2157],[16.43506,47.21562],[16.43504,47.21552],[16.43501,47.21548],[16.43501,47.21539],[16.43503,47.21529],[16.43507,47.21514],[16.4351,47.21509],[16.43513,47.21497],[16.43516,47.21485],[16.43516,47.21465],[16.43516,47.21439],[16.43517,47.21433],[16.43517,47.21427],[16.43519,47.2141],[16.43519,47.21391],[16.43519,47.21383],[16.43519,47.21371],[16.43517,47.21361],[16.43514,47.21346],[16.43514,47.21339],[16.43515,47.21333],[16.43517,47.21327],[16.4352,47.2132],[16.43523,47.21312],[16.43524,47.21303],[16.43527,47.21295],[16.4353,47.21283],[16.4353,47.2122],[16.43588,47.21194],[16.4361,47.21183],[16.43619,47.2115],[16.43618,47.21106],[16.43654,47.2108],[16.43666,47.21067],[16.43669,47.21047],[16.43665,47.21027],[16.4366,47.20995],[16.4355,47.20988],[16.43493,47.20984],[16.43435,47.21003],[16.43352,47.21004],[16.43314,47.21006],[16.43276,47.21007],[16.43267,47.21003],[16.43257,47.20997],[16.43252,47.20999],[16.43246,47.21003],[16.43242,47.21005],[16.43239,47.21008],[16.43236,47.2101],[16.43223,47.21013],[16.43209,47.2102],[16.43191,47.21023],[16.43181,47.21025],[16.43171,47.21025],[16.43161,47.21026],[16.43142,47.21025],[16.43129,47.21026],[16.43115,47.21025],[16.43108,47.21026],[16.43102,47.21024],[16.43097,47.21025],[16.43071,47.21024],[16.43064,47.21024],[16.43047,47.2102],[16.43022,47.21016],[16.43002,47.21013],[16.42986,47.21012],[16.42968,47.21011],[16.42933,47.21014],[16.42925,47.21015],[16.4292,47.21015],[16.42906,47.21017],[16.42884,47.21017],[16.4287,47.21017],[16.4286,47.21015],[16.42846,47.21014],[16.42839,47.21011],[16.42832,47.2101],[16.42816,47.21005],[16.42812,47.21004],[16.42806,47.21],[16.42796,47.20998],[16.42786,47.20992],[16.42776,47.20989],[16.42765,47.20979],[16.42759,47.20975],[16.42747,47.2097],[16.42738,47.20968],[16.42716,47.20956],[16.42708,47.20955],[16.42704,47.20953],[16.42694,47.2095],[16.42684,47.20945],[16.42673,47.20939],[16.4266,47.20934],[16.42647,47.20927],[16.42638,47.20924],[16.42631,47.20917],[16.42623,47.20914],[16.4262,47.20909],[16.42608,47.20914],[16.426,47.20911],[16.4259,47.20904],[16.42573,47.2089],[16.42561,47.20885],[16.42556,47.20881],[16.42548,47.20874],[16.42541,47.20864],[16.42534,47.20858],[16.42526,47.20847],[16.42513,47.20834],[16.42506,47.20828],[16.42498,47.20823],[16.42496,47.20821],[16.42489,47.20817],[16.42472,47.20804],[16.42464,47.20799],[16.42459,47.20794],[16.42456,47.20792],[16.42435,47.20782],[16.42424,47.20782],[16.42412,47.20781],[16.42394,47.20781],[16.42395,47.20776],[16.4239,47.20778],[16.42381,47.20778],[16.42376,47.20778],[16.42374,47.20778],[16.4237,47.20778],[16.42365,47.20778],[16.4236,47.20776],[16.42358,47.20777],[16.42354,47.20777],[16.42351,47.20776],[16.42337,47.20773],[16.42336,47.20775],[16.42334,47.20777],[16.42323,47.20777],[16.42313,47.20778],[16.42302,47.2078],[16.42269,47.20786],[16.42262,47.20788],[16.42252,47.2079],[16.42242,47.20794],[16.42227,47.20801],[16.42204,47.2078],[16.42193,47.20786],[16.42184,47.20794],[16.42178,47.20802],[16.42179,47.20818],[16.42177,47.20826],[16.42195,47.2083],[16.42195,47.20838],[16.42198,47.20863],[16.42199,47.20876],[16.42201,47.20884],[16.42204,47.2089],[16.42202,47.20899],[16.42196,47.20907],[16.42192,47.20916],[16.42187,47.20922],[16.42181,47.20929],[16.42176,47.20937],[16.42172,47.20944],[16.42173,47.20948],[16.42166,47.20952],[16.42157,47.20951],[16.42155,47.20958],[16.42153,47.20969],[16.42154,47.20984],[16.42147,47.20998],[16.42143,47.21001],[16.42141,47.21008],[16.42138,47.21012],[16.42131,47.21027],[16.42126,47.2103],[16.42121,47.21035],[16.42117,47.21041],[16.42114,47.21042],[16.42111,47.21045],[16.4211,47.2105],[16.42092,47.21061],[16.42101,47.21069],[16.42103,47.21071],[16.42098,47.21074],[16.42086,47.21077],[16.4208,47.21079],[16.42069,47.21086],[16.42062,47.2109],[16.42034,47.21099],[16.42029,47.21103],[16.42017,47.21105],[16.42008,47.21107],[16.41999,47.2111],[16.41992,47.21111],[16.41974,47.21109],[16.41955,47.21107],[16.41942,47.21104],[16.41929,47.21097],[16.41914,47.21084],[16.41906,47.21074],[16.41899,47.21069],[16.41895,47.21062],[16.41891,47.21054],[16.41886,47.2104],[16.41882,47.21031],[16.41874,47.21008],[16.41871,47.20996],[16.41869,47.20984],[16.41868,47.20972],[16.41868,47.20968],[16.41866,47.20965],[16.41863,47.20954],[16.41867,47.20941],[16.41867,47.20932],[16.41863,47.20913],[16.41856,47.20892],[16.41862,47.2089],[16.41855,47.20873],[16.41851,47.20862],[16.41836,47.20828],[16.41832,47.20822],[16.41824,47.20811],[16.41808,47.20789],[16.41803,47.20781],[16.418,47.20773],[16.41794,47.20764],[16.41789,47.20757],[16.41777,47.2074],[16.41784,47.20738],[16.4179,47.20733],[16.41779,47.20724],[16.41773,47.20715],[16.41776,47.20705],[16.41774,47.20695],[16.41766,47.20683],[16.41745,47.20666],[16.41734,47.20653],[16.41729,47.20648],[16.4172,47.20637],[16.4171,47.20622],[16.41709,47.20618],[16.41707,47.20603],[16.41705,47.20595],[16.41704,47.20595],[16.41698,47.20587],[16.41698,47.20565],[16.41697,47.20551],[16.41694,47.20542],[16.4169,47.20534],[16.4171,47.20524],[16.41714,47.2052],[16.41717,47.20518],[16.41722,47.20516],[16.41731,47.20515],[16.41736,47.20515],[16.4174,47.20499],[16.41748,47.20485],[16.41748,47.20482],[16.41753,47.20482],[16.4176,47.2048],[16.41768,47.20479],[16.41772,47.20478],[16.4178,47.20477],[16.41787,47.20475],[16.41795,47.20471],[16.41805,47.20463],[16.41806,47.20459],[16.41813,47.20445],[16.41814,47.2044],[16.41817,47.20441],[16.41812,47.20439],[16.41811,47.20435],[16.41811,47.20432],[16.41812,47.20428],[16.41817,47.20425],[16.41817,47.2042],[16.41816,47.2041],[16.41819,47.20407],[16.41821,47.20402],[16.41822,47.20389],[16.41825,47.20385],[16.41827,47.20378],[16.41825,47.20373],[16.41824,47.20369],[16.41825,47.20361],[16.41827,47.20354],[16.41831,47.20351],[16.41832,47.20348],[16.41828,47.20342],[16.41829,47.20337],[16.41833,47.20333],[16.41833,47.2032],[16.41835,47.20313],[16.41834,47.20309],[16.41832,47.20304],[16.41835,47.20299],[16.41833,47.20292],[16.41838,47.20285],[16.41834,47.20272],[16.41835,47.20267],[16.41835,47.20264],[16.41832,47.2026],[16.41832,47.20254],[16.41836,47.20248],[16.41832,47.20245],[16.4183,47.20239],[16.41832,47.20232],[16.41843,47.20219],[16.41845,47.20214],[16.41844,47.20207],[16.41847,47.20198],[16.41851,47.20194],[16.41856,47.20192],[16.41859,47.2019],[16.41858,47.20183],[16.41861,47.20182],[16.41864,47.20178],[16.41865,47.20175],[16.41863,47.20173],[16.41863,47.20169],[16.41865,47.20167],[16.41869,47.20165],[16.41871,47.20164],[16.41872,47.20161],[16.4187,47.20158],[16.4187,47.20155],[16.41872,47.20151],[16.4187,47.20148],[16.41872,47.20144],[16.41877,47.20136],[16.41887,47.20132],[16.41891,47.20128],[16.41895,47.20123],[16.41904,47.20119],[16.41907,47.20116],[16.41911,47.20115],[16.41913,47.20113],[16.41915,47.20108],[16.41918,47.20104],[16.41922,47.20102],[16.41927,47.20102],[16.41929,47.20098],[16.41937,47.20091],[16.41958,47.20056],[16.41978,47.20024],[16.41985,47.2001],[16.42003,47.19976],[16.42019,47.19951],[16.42047,47.19889],[16.4205,47.19883],[16.42052,47.19878],[16.42074,47.19831],[16.4209,47.19806],[16.42103,47.19777],[16.42107,47.19768],[16.4212,47.1973],[16.42125,47.19728],[16.42115,47.19717],[16.4211,47.19712],[16.42086,47.19685],[16.42076,47.19674],[16.42074,47.1967],[16.42037,47.19597],[16.41999,47.19553],[16.4199,47.19547],[16.4198,47.19541],[16.41974,47.19539],[16.4197,47.19537],[16.41967,47.19536],[16.41968,47.19524],[16.41951,47.19494],[16.41949,47.19492],[16.41968,47.19479],[16.41989,47.19467],[16.42006,47.19458],[16.42011,47.19456],[16.42012,47.19454],[16.42027,47.19445],[16.42039,47.19435],[16.4205,47.19421],[16.42061,47.1941],[16.42064,47.19403],[16.4207,47.19397],[16.42088,47.19375],[16.42103,47.19361],[16.42126,47.19333],[16.42138,47.1932],[16.42147,47.19309],[16.4215,47.19307],[16.42155,47.19301],[16.42159,47.19295],[16.42159,47.1929],[16.42166,47.19285],[16.42167,47.19282],[16.42174,47.19276],[16.42176,47.19272],[16.4218,47.19267],[16.42184,47.19259],[16.42188,47.19252],[16.42196,47.19235],[16.422,47.19229],[16.42204,47.19224],[16.42243,47.19192],[16.42256,47.19183],[16.42277,47.19165],[16.42282,47.19161],[16.42291,47.19152],[16.42293,47.19149],[16.42301,47.19134],[16.42304,47.1913],[16.42309,47.19125],[16.42312,47.19119],[16.42318,47.19109],[16.42322,47.191],[16.42328,47.19093],[16.42336,47.1908],[16.42339,47.19075],[16.42345,47.19066],[16.4235,47.19059],[16.42357,47.19045],[16.42363,47.1904],[16.42364,47.19039],[16.42364,47.19034],[16.42369,47.19024],[16.42378,47.19014],[16.42385,47.19009],[16.42389,47.19003],[16.42391,47.19001],[16.42399,47.18996],[16.42403,47.18989],[16.42404,47.18985],[16.42409,47.18979],[16.42417,47.18975],[16.4242,47.18972],[16.42427,47.18964],[16.42436,47.1895],[16.42443,47.1894],[16.42455,47.18932],[16.42458,47.18928],[16.42458,47.18925],[16.42467,47.18916],[16.42469,47.18914],[16.42477,47.18908],[16.4248,47.18904],[16.42482,47.18901],[16.42486,47.18897],[16.42488,47.18894],[16.42492,47.18891],[16.42495,47.1889],[16.42499,47.18889],[16.42502,47.18882],[16.42509,47.18871],[16.4251,47.18864],[16.42508,47.18855],[16.4251,47.18849],[16.42512,47.18844],[16.42515,47.18834],[16.42517,47.1883],[16.42523,47.18824],[16.42534,47.1881],[16.42545,47.188],[16.42554,47.1879],[16.42563,47.18782],[16.42569,47.18778],[16.42566,47.18769],[16.4257,47.18765],[16.42578,47.18758],[16.42585,47.18755],[16.42593,47.18746],[16.42602,47.18738],[16.42602,47.1873],[16.42601,47.18724],[16.42607,47.18714],[16.42611,47.18709],[16.42615,47.18704],[16.42626,47.18694],[16.42631,47.1869],[16.42641,47.18684],[16.42648,47.18676],[16.42652,47.18668],[16.42658,47.18663],[16.42666,47.18653],[16.42676,47.18644],[16.4268,47.18639],[16.42699,47.18623],[16.42701,47.18622],[16.42709,47.18614],[16.42713,47.18609],[16.42718,47.18604],[16.42721,47.186],[16.42724,47.18592],[16.4273,47.18584],[16.42734,47.18582],[16.42739,47.18578],[16.42742,47.18575],[16.42738,47.18571],[16.42739,47.18565],[16.42741,47.18558],[16.42747,47.18554],[16.42752,47.18551],[16.42759,47.18549],[16.42767,47.18543],[16.42774,47.18539],[16.42786,47.18537],[16.42793,47.18532],[16.42799,47.18523],[16.42799,47.1852],[16.42803,47.18518],[16.42816,47.18508],[16.4282,47.18504],[16.42855,47.185],[16.42858,47.18498],[16.4287,47.18499],[16.42873,47.18497],[16.42879,47.18496],[16.42881,47.18488],[16.42888,47.18486],[16.42893,47.18481],[16.42905,47.18478],[16.42911,47.18474],[16.42917,47.1847],[16.42927,47.18468],[16.42932,47.18469],[16.42943,47.18469],[16.4295,47.18466],[16.42971,47.18461],[16.43011,47.18466],[16.4303,47.18466],[16.43049,47.18469],[16.43057,47.18477],[16.43065,47.18487],[16.43076,47.18489],[16.43088,47.18491],[16.43103,47.18488],[16.43133,47.18487],[16.43158,47.18484],[16.43171,47.18481],[16.43189,47.18473],[16.43202,47.1847],[16.43212,47.18468],[16.43221,47.18466],[16.43235,47.18465],[16.43246,47.18463],[16.43254,47.18459],[16.43266,47.18456],[16.43275,47.18455],[16.43306,47.18453],[16.43322,47.18453],[16.43338,47.18455],[16.43352,47.18458],[16.43364,47.18459],[16.43385,47.18459],[16.43401,47.18459],[16.43415,47.1846],[16.43465,47.18466],[16.43484,47.18467],[16.4351,47.18471],[16.43527,47.18473],[16.43604,47.18482],[16.43767,47.18496],[16.43812,47.18501],[16.43877,47.18505],[16.43935,47.18505],[16.43993,47.18508],[16.44107,47.18514],[16.44124,47.18516],[16.44149,47.18522],[16.4417,47.18527],[16.44185,47.18534],[16.44227,47.18553],[16.44234,47.18558],[16.44243,47.18567],[16.44276,47.18591],[16.44312,47.1861],[16.44326,47.18616],[16.44353,47.18625],[16.44379,47.18634],[16.44432,47.18653],[16.44456,47.18661],[16.44474,47.1867],[16.44505,47.18684],[16.44531,47.18693],[16.44547,47.18699],[16.44564,47.18703],[16.44613,47.18719],[16.4463,47.18724],[16.44675,47.18733],[16.44741,47.1875],[16.44805,47.18763],[16.44866,47.18779],[16.44883,47.18783],[16.44906,47.1879],[16.44919,47.18793],[16.44926,47.18794],[16.44944,47.18797],[16.44967,47.18805],[16.44975,47.18807],[16.44987,47.18808],[16.44996,47.18806],[16.45046,47.18822],[16.45074,47.18829],[16.45078,47.18826],[16.45083,47.18818],[16.45083,47.18805],[16.45084,47.18793],[16.45084,47.18787],[16.45084,47.18772],[16.45088,47.18762],[16.45087,47.18762],[16.45097,47.18748],[16.451,47.18739],[16.45108,47.1874],[16.45143,47.18745],[16.45166,47.18759],[16.45179,47.1877],[16.45226,47.18792],[16.45226,47.18792],[16.45242,47.18783],[16.45248,47.18786],[16.45257,47.18791],[16.4527,47.18801],[16.45291,47.18806],[16.45319,47.18811],[16.45325,47.18812],[16.45332,47.18813],[16.4534,47.18811],[16.45349,47.18809],[16.45432,47.18799],[16.45441,47.18792],[16.45462,47.1877],[16.45478,47.18756],[16.4549,47.18739],[16.45492,47.18737],[16.45488,47.18732],[16.45485,47.18729],[16.45461,47.1871],[16.45442,47.18697],[16.45427,47.18688],[16.45413,47.18679],[16.45355,47.18647],[16.45331,47.18635],[16.4531,47.18626],[16.45346,47.1861],[16.45363,47.18593],[16.4537,47.18559],[16.45369,47.18522],[16.4537,47.18489],[16.45374,47.18463],[16.45374,47.1844],[16.45383,47.18407],[16.45403,47.18364],[16.45416,47.18346],[16.45447,47.18309],[16.45475,47.1827],[16.45486,47.18233],[16.45515,47.18185],[16.45541,47.18128],[16.45573,47.1809],[16.45597,47.18057],[16.45615,47.18038],[16.45624,47.17999],[16.45647,47.17958],[16.45661,47.17935],[16.45674,47.17894],[16.45684,47.1785],[16.45692,47.17828],[16.45705,47.17783],[16.4572,47.17735],[16.45731,47.17697],[16.45736,47.17677],[16.45746,47.17679],[16.45787,47.17687],[16.45809,47.17679],[16.4582,47.17675],[16.45829,47.17671],[16.45894,47.17647],[16.45932,47.17654],[16.4594,47.17639],[16.45945,47.17627],[16.45954,47.17601],[16.45953,47.17601],[16.45966,47.17564],[16.45994,47.17491],[16.46001,47.17478],[16.4602,47.17449],[16.46033,47.17429],[16.46039,47.17418],[16.46052,47.1739],[16.46063,47.17369],[16.46064,47.17364],[16.46069,47.17357],[16.46078,47.17344],[16.46096,47.17312],[16.46102,47.17291],[16.46147,47.17199],[16.4615,47.17191],[16.46153,47.17192],[16.46226,47.17065],[16.46227,47.17062],[16.46245,47.17068],[16.46285,47.17083],[16.46296,47.17086],[16.46334,47.17094],[16.46336,47.17092],[16.46341,47.17081],[16.46373,47.16981],[16.46394,47.16929],[16.46426,47.16856],[16.46431,47.16841],[16.46434,47.1682],[16.46423,47.16818],[16.46102,47.16749],[16.46097,47.16749],[16.46096,47.16741],[16.46075,47.1671],[16.46063,47.16686],[16.46062,47.16652],[16.461,47.16604],[16.46116,47.16555],[16.46111,47.16533],[16.46095,47.16494],[16.46082,47.16455],[16.46076,47.16421],[16.46076,47.16382],[16.46092,47.16333],[16.46133,47.16309],[16.46179,47.16286],[16.46201,47.16267],[16.46219,47.16237],[16.46222,47.162],[16.4623,47.16163],[16.46237,47.16147],[16.46025,47.16101],[16.46023,47.16092],[16.46016,47.16047],[16.46019,47.16036],[16.46056,47.15922],[16.46062,47.15908],[16.46009,47.1589],[16.45821,47.15828],[16.45819,47.15822],[16.45818,47.15815],[16.45812,47.15794],[16.45812,47.15788],[16.45815,47.15773],[16.45817,47.15754],[16.45823,47.15741],[16.45824,47.15731],[16.45824,47.15725],[16.45545,47.15751],[16.45312,47.15771],[16.45204,47.15505],[16.4519,47.15458],[16.4519,47.15455],[16.45188,47.15414],[16.45185,47.15346],[16.45192,47.15341],[16.45153,47.15312],[16.45133,47.15296],[16.45133,47.1529],[16.45116,47.15276],[16.45103,47.15266],[16.45087,47.15251],[16.45079,47.15245],[16.45066,47.15238],[16.4505,47.15232],[16.4498,47.15219],[16.44947,47.1521],[16.44917,47.15196],[16.44909,47.15191],[16.44906,47.15188],[16.44967,47.14913],[16.44968,47.14906],[16.44968,47.14902],[16.4497,47.14903],[16.45019,47.14675],[16.4502,47.1467],[16.45025,47.14661],[16.45028,47.14644],[16.4503,47.14638],[16.4503,47.14635],[16.45028,47.14632],[16.45025,47.14628],[16.45017,47.14622],[16.4501,47.14608],[16.45012,47.14593],[16.45008,47.14585],[16.45005,47.14578],[16.44984,47.14566],[16.44982,47.14564],[16.44982,47.14559],[16.44983,47.14554],[16.44988,47.14547],[16.44992,47.14544],[16.45014,47.14534],[16.45026,47.1453],[16.45043,47.14525],[16.45049,47.14526],[16.45066,47.14522],[16.45084,47.14515],[16.45088,47.14512],[16.45108,47.14499],[16.45113,47.14489],[16.45117,47.14486],[16.45126,47.14481],[16.45128,47.14482],[16.45261,47.14524],[16.45419,47.14251],[16.4543,47.14231],[16.4562,47.14245],[16.4563,47.14246],[16.45636,47.14245],[16.45707,47.14258],[16.45777,47.14271],[16.45811,47.14277],[16.45831,47.14283],[16.45899,47.14305],[16.45903,47.14305],[16.45904,47.14303],[16.45911,47.14229],[16.45916,47.14195],[16.45966,47.14196],[16.4602,47.14199],[16.46088,47.14202],[16.46123,47.14207],[16.46182,47.14215],[16.46255,47.14225],[16.46442,47.14252],[16.46457,47.14253],[16.46508,47.1426],[16.46567,47.1427],[16.46621,47.14278],[16.46647,47.14281],[16.46696,47.14283],[16.46755,47.14291],[16.46764,47.14291],[16.46769,47.1429],[16.46778,47.14287],[16.4679,47.14282],[16.46803,47.14278],[16.46825,47.14273],[16.46832,47.14272],[16.4685,47.14273],[16.46871,47.14275],[16.4692,47.14283],[16.46952,47.14289],[16.46996,47.14298],[16.46998,47.14299],[16.47066,47.14314],[16.47104,47.1432],[16.47122,47.14324],[16.47129,47.14326],[16.47137,47.14329],[16.47149,47.14334],[16.47173,47.14341],[16.47198,47.14347],[16.47334,47.14378],[16.47378,47.14387],[16.47499,47.14411],[16.47505,47.14413],[16.4753,47.14419],[16.4755,47.14424],[16.47643,47.14447],[16.47672,47.14454],[16.47701,47.14463],[16.47739,47.14476],[16.4777,47.14487],[16.47796,47.14497],[16.47831,47.14512],[16.47866,47.14528],[16.47907,47.14549],[16.47982,47.14588],[16.48065,47.14611],[16.48083,47.14619],[16.48305,47.14697],[16.48534,47.14778],[16.48805,47.14853],[16.49047,47.14886],[16.49327,47.14898],[16.49575,47.14924],[16.49856,47.14915],[16.50002,47.14916],[16.50107,47.14918],[16.50269,47.14923],[16.50328,47.14923],[16.50382,47.14927],[16.50596,47.14947],[16.50598,47.14947],[16.506,47.14946],[16.50639,47.14949],[16.50758,47.14953],[16.50902,47.14956],[16.50963,47.14955],[16.51153,47.14954],[16.51431,47.14947],[16.51677,47.14933],[16.51706,47.14892],[16.51761,47.14827],[16.51895,47.14672],[16.5196,47.14588],[16.51981,47.14551],[16.52015,47.14462],[16.52105,47.14323],[16.52126,47.1428],[16.52209,47.14149],[16.52265,47.14],[16.52376,47.1391],[16.52657,47.13688],[16.52878,47.13732],[16.52891,47.13558],[16.52914,47.13169],[16.52924,47.12966],[16.52933,47.12724],[16.52831,47.12709],[16.52726,47.12691],[16.52569,47.12663],[16.52342,47.12646],[16.52205,47.1263],[16.52059,47.12598],[16.5195,47.12568],[16.51875,47.12549],[16.51777,47.1252],[16.51549,47.1247],[16.5095,47.12392],[16.50721,47.12395],[16.50561,47.12375],[16.50316,47.12364],[16.50097,47.12364],[16.50001,47.12343],[16.49987,47.12341],[16.5,47.12147],[16.50024,47.11776],[16.50072,47.11021],[16.49728,47.10993],[16.49283,47.10958],[16.48288,47.10876],[16.48358,47.10649],[16.48437,47.10388],[16.48477,47.10261],[16.48154,47.10207],[16.47992,47.10179],[16.47768,47.10142],[16.47768,47.10153],[16.47765,47.10158],[16.47754,47.10179],[16.47746,47.10193],[16.47712,47.10238],[16.477,47.10253],[16.4769,47.10264],[16.47666,47.10288],[16.4765,47.10302],[16.47631,47.10322],[16.47626,47.10329],[16.47611,47.1036],[16.47611,47.10362],[16.47599,47.10378],[16.47581,47.10413],[16.47572,47.10429],[16.47564,47.1044],[16.47555,47.10451],[16.47547,47.1046],[16.47539,47.10474],[16.47529,47.10486],[16.47515,47.10499],[16.47501,47.10508],[16.47488,47.10515],[16.47477,47.10521],[16.47466,47.10516],[16.47173,47.10206],[16.47193,47.10175],[16.47212,47.1015],[16.47226,47.10122],[16.47255,47.10082],[16.47258,47.10083],[16.4726,47.10074],[16.4726,47.10067],[16.47263,47.10056],[16.47056,47.10014],[16.47046,47.10011],[16.46832,47.09969],[16.46461,47.09895],[16.46636,47.09575],[16.46471,47.09532],[16.4634,47.095],[16.46333,47.09497],[16.46348,47.09487],[16.46367,47.09472],[16.46371,47.09467],[16.46384,47.09434],[16.46391,47.09411],[16.46398,47.09398],[16.46402,47.09393],[16.46415,47.09372],[16.46436,47.09341],[16.46458,47.09304],[16.46466,47.09293],[16.46487,47.09273],[16.46495,47.09262],[16.46501,47.09263],[16.4652,47.09222],[16.46546,47.09214],[16.46601,47.09175],[16.46606,47.09168],[16.46609,47.09161],[16.46622,47.09147],[16.46628,47.09136],[16.46645,47.09111],[16.46647,47.09083],[16.46649,47.09064],[16.46648,47.09046],[16.46643,47.09035],[16.46639,47.09022],[16.46635,47.09011],[16.46625,47.08996],[16.46618,47.08988],[16.46598,47.08931],[16.46638,47.08929],[16.46649,47.08938],[16.46671,47.08939],[16.46715,47.08933],[16.46729,47.08937],[16.46755,47.08937],[16.46763,47.0894],[16.46778,47.08951],[16.46794,47.08952],[16.46804,47.08959],[16.46802,47.08967],[16.46803,47.08972],[16.46835,47.08974],[16.46843,47.0897],[16.46851,47.08948],[16.46846,47.0892],[16.46847,47.08904],[16.46845,47.08896],[16.46836,47.08875],[16.46836,47.08858],[16.46836,47.08842],[16.46836,47.08827],[16.46845,47.08817],[16.46858,47.08813],[16.46876,47.08807],[16.46899,47.08789],[16.46903,47.0877],[16.46922,47.08768],[16.47006,47.08738],[16.47023,47.08733],[16.47051,47.08723],[16.47064,47.08689],[16.47076,47.0868],[16.47087,47.0868],[16.47102,47.08681],[16.47129,47.08686],[16.47227,47.08722],[16.47234,47.08718],[16.47246,47.08717],[16.47261,47.08718],[16.47272,47.08714],[16.47283,47.08709],[16.47288,47.08705],[16.47298,47.08692],[16.4733,47.08667],[16.47341,47.08655],[16.47351,47.08625],[16.47371,47.08607],[16.4738,47.08598],[16.47393,47.08582],[16.47401,47.08575],[16.47424,47.08557],[16.47473,47.08532],[16.47356,47.08194],[16.47376,47.08192],[16.47389,47.08198],[16.47401,47.08196],[16.47398,47.0818],[16.47394,47.08172],[16.47363,47.08123],[16.47353,47.08113],[16.47329,47.08113],[16.47279,47.08114],[16.47268,47.08117],[16.47258,47.08123],[16.47255,47.0813],[16.47255,47.08135],[16.47266,47.08146],[16.47266,47.08157],[16.47257,47.08161],[16.47247,47.0816],[16.47204,47.08146],[16.47199,47.0814],[16.47203,47.08134],[16.47217,47.08123],[16.47233,47.0812],[16.47231,47.08115],[16.47227,47.08109],[16.47219,47.08102],[16.4721,47.08101],[16.47196,47.08105],[16.47183,47.08103],[16.47183,47.08095],[16.47197,47.08072],[16.47193,47.08069],[16.47182,47.0807],[16.47178,47.08066],[16.47177,47.08061],[16.47181,47.0803],[16.47181,47.08024],[16.4718,47.08015],[16.47176,47.08003],[16.47175,47.08003],[16.47168,47.07995],[16.47161,47.07988],[16.47141,47.07962],[16.47102,47.07864],[16.47084,47.0782],[16.47084,47.07768],[16.47085,47.07742],[16.471,47.07705],[16.471,47.07691],[16.47115,47.07685],[16.47143,47.07686],[16.47149,47.07663],[16.47153,47.07663],[16.47162,47.07662],[16.47168,47.07661],[16.47173,47.07659],[16.47183,47.07652],[16.47189,47.07644],[16.47195,47.07633],[16.47201,47.07625],[16.47216,47.07609],[16.47219,47.07604],[16.47221,47.07599],[16.47221,47.07594],[16.47218,47.07582],[16.47219,47.07576],[16.47222,47.07567],[16.47224,47.07555],[16.47231,47.07538],[16.47244,47.07522],[16.47244,47.07515],[16.47241,47.07505],[16.47243,47.07484],[16.47251,47.07462],[16.47264,47.07443],[16.47271,47.07418],[16.47274,47.07405],[16.47291,47.07358],[16.47306,47.0736],[16.47384,47.07387],[16.4741,47.07396],[16.47455,47.07404],[16.47479,47.07411],[16.47597,47.07409],[16.47621,47.07411],[16.47643,47.07411],[16.47658,47.07412],[16.47664,47.07415],[16.47673,47.07423],[16.47739,47.07429],[16.47764,47.07433],[16.47899,47.07457],[16.48109,47.07491],[16.48136,47.07493],[16.48203,47.07497],[16.48247,47.07503],[16.48249,47.07502],[16.4827,47.07487],[16.48337,47.07425],[16.48265,47.07409],[16.48273,47.0739],[16.48262,47.07387],[16.48269,47.07363],[16.48274,47.07348],[16.48277,47.07332],[16.48281,47.07304],[16.48284,47.07292],[16.48293,47.07257],[16.48258,47.07251],[16.4827,47.07216],[16.48274,47.07206],[16.48342,47.07225],[16.48359,47.07229],[16.48389,47.07236],[16.48406,47.07215],[16.48422,47.07194],[16.48432,47.07179],[16.48372,47.07161],[16.48397,47.07128],[16.48435,47.07062],[16.48468,47.07002],[16.48627,47.07037],[16.48704,47.06889],[16.48728,47.06886],[16.48729,47.06884],[16.48737,47.06884],[16.48742,47.06887],[16.48752,47.06893],[16.48769,47.06905],[16.48791,47.06915],[16.48814,47.06926],[16.48823,47.06933],[16.48833,47.06939],[16.4887,47.06954],[16.48912,47.06968],[16.48922,47.06973],[16.48941,47.06981],[16.48964,47.06991],[16.48976,47.06999],[16.48987,47.07004],[16.49007,47.07011],[16.49027,47.07019],[16.49047,47.07026],[16.49082,47.07041],[16.4909,47.07045],[16.4911,47.07052],[16.49111,47.07051],[16.49129,47.07052],[16.4916,47.07061],[16.49206,47.07014],[16.49405,47.07058],[16.49417,47.07049],[16.49437,47.07015],[16.49458,47.0702],[16.49486,47.07028],[16.49531,47.0704],[16.4958,47.07052],[16.49595,47.07025],[16.49655,47.07042],[16.49714,47.07003],[16.49798,47.07015],[16.49834,47.0702],[16.49839,47.07018],[16.49886,47.06997],[16.49916,47.06987],[16.50018,47.0697],[16.50073,47.06946],[16.50124,47.06924],[16.50191,47.06893],[16.50308,47.06825],[16.5049,47.06785],[16.50633,47.06747],[16.50785,47.06696],[16.50866,47.0667],[16.51006,47.06628],[16.51075,47.06591],[16.51116,47.06568],[16.51243,47.0651],[16.5127,47.06495],[16.51276,47.06489],[16.51423,47.06408],[16.51573,47.06354],[16.51686,47.063],[16.51813,47.0626],[16.51932,47.0621],[16.52048,47.06154],[16.52056,47.06048],[16.52061,47.05945],[16.52059,47.05774],[16.52092,47.05696],[16.52022,47.05651],[16.52058,47.05619],[16.51989,47.05595],[16.51942,47.0558],[16.51864,47.05546],[16.51829,47.05534],[16.51791,47.05524],[16.51756,47.05513],[16.51689,47.05491],[16.51648,47.05476],[16.51565,47.05439],[16.51539,47.05424],[16.51509,47.05407],[16.51506,47.05404],[16.51425,47.05365],[16.51406,47.05349],[16.51303,47.0525],[16.51234,47.05193],[16.51215,47.05179],[16.51197,47.0517],[16.51141,47.05146],[16.51045,47.05099],[16.50969,47.05061],[16.50881,47.05035],[16.50801,47.05008],[16.50737,47.04987],[16.50692,47.04973],[16.50667,47.04955],[16.50655,47.04964],[16.50512,47.05001],[16.50512,47.05],[16.50447,47.05009],[16.50412,47.05015],[16.50388,47.05018],[16.5037,47.05019],[16.50353,47.05033],[16.50347,47.05038],[16.50332,47.05056],[16.50293,47.05062],[16.50271,47.05065],[16.50194,47.0507],[16.50151,47.05071],[16.50128,47.05072],[16.50093,47.05072],[16.50086,47.05071],[16.50083,47.0507],[16.5005,47.05041],[16.50047,47.05035],[16.50047,47.05032],[16.50054,47.04997],[16.5005,47.04996],[16.4992,47.04914],[16.49888,47.04895],[16.49872,47.04887],[16.49845,47.04873],[16.49827,47.04866],[16.49803,47.04856],[16.49778,47.04848],[16.49751,47.04854],[16.49728,47.0486],[16.49707,47.04863],[16.49684,47.04868],[16.49652,47.04877],[16.49605,47.04892],[16.49577,47.04898],[16.49557,47.04901],[16.49527,47.04909],[16.49519,47.0491],[16.49504,47.04913],[16.49486,47.04917],[16.49479,47.04918],[16.4947,47.04917],[16.49461,47.04915],[16.49448,47.04906],[16.49357,47.0491],[16.49362,47.04848],[16.49275,47.04831],[16.49266,47.04829],[16.49213,47.04825],[16.4919,47.04823],[16.49163,47.04815],[16.49153,47.04812],[16.49128,47.04812],[16.49083,47.04801],[16.49013,47.04789],[16.49014,47.04781],[16.48965,47.04777],[16.48855,47.04765],[16.48852,47.04781],[16.48833,47.04777],[16.4878,47.04766],[16.48754,47.04759],[16.48729,47.0475],[16.48705,47.0474],[16.48693,47.04735],[16.48652,47.0472],[16.48635,47.04715],[16.48607,47.04708],[16.48604,47.04725],[16.48544,47.04717],[16.48439,47.04698],[16.48412,47.0479],[16.48283,47.04769],[16.48209,47.04758],[16.48167,47.04752],[16.48129,47.04747],[16.48104,47.04744],[16.48063,47.04741],[16.48049,47.04735],[16.47938,47.04729],[16.47896,47.04726],[16.47895,47.04722],[16.47585,47.04684],[16.47579,47.04682],[16.47419,47.04615],[16.4741,47.0462],[16.47391,47.04618],[16.47379,47.04626],[16.47367,47.0463],[16.47363,47.04628],[16.47349,47.0462],[16.47338,47.04615],[16.47309,47.04607],[16.47304,47.04603],[16.47299,47.04596],[16.47297,47.0459],[16.47295,47.0458],[16.47297,47.04573],[16.47309,47.04557],[16.47301,47.04548],[16.47291,47.04539],[16.47275,47.04529],[16.47263,47.04524],[16.47244,47.04517],[16.47227,47.04513],[16.47179,47.04503],[16.47171,47.04503],[16.47131,47.04503],[16.47125,47.04495],[16.47121,47.04481],[16.47117,47.04477],[16.47098,47.04467],[16.47095,47.0446],[16.47093,47.0444],[16.47096,47.04424],[16.47095,47.04417],[16.46988,47.04398],[16.46868,47.04337],[16.46868,47.04325],[16.46758,47.04303],[16.46741,47.04298],[16.4673,47.04309],[16.46719,47.04318],[16.46708,47.04326],[16.46695,47.04335],[16.46689,47.04346],[16.46682,47.04356],[16.46669,47.04348],[16.46634,47.04346],[16.46626,47.04347],[16.46612,47.04372],[16.46582,47.04391],[16.46525,47.04328],[16.46129,47.04331],[16.46139,47.04308],[16.46101,47.04295],[16.46078,47.0429],[16.45934,47.04284],[16.45885,47.04279],[16.45854,47.04266],[16.45833,47.0425],[16.45758,47.04178],[16.4566,47.04091],[16.4565,47.04066],[16.45626,47.04027],[16.45622,47.04026],[16.45594,47.04024],[16.45567,47.04019],[16.45544,47.04018],[16.45493,47.04024],[16.45402,47.04021],[16.45312,47.04018],[16.45248,47.04013],[16.45144,47.0401],[16.45125,47.04009],[16.45031,47.03996],[16.4502,47.03995],[16.44982,47.03983],[16.44958,47.03979],[16.44927,47.03974],[16.44877,47.0397],[16.44864,47.03968],[16.44801,47.03955],[16.44693,47.03928],[16.44667,47.03919],[16.44645,47.03912],[16.4458,47.03896],[16.44572,47.03894],[16.44568,47.03891],[16.44568,47.03888],[16.44515,47.03875],[16.4447,47.03861],[16.44453,47.03854],[16.44418,47.0384],[16.44367,47.03823],[16.44339,47.03807],[16.44326,47.03797],[16.4431,47.03783],[16.44299,47.03775],[16.44291,47.0377],[16.44266,47.03759],[16.44259,47.03756],[16.44243,47.03751],[16.4417,47.03722],[16.44113,47.03686],[16.44094,47.03673],[16.44068,47.03652],[16.44055,47.03637],[16.44028,47.03601],[16.44018,47.0359],[16.44045,47.03577],[16.44212,47.03513],[16.44325,47.03473],[16.44407,47.03445],[16.44405,47.03441],[16.44151,47.0323],[16.44147,47.03228],[16.4412,47.03208],[16.44108,47.03198],[16.44095,47.03181],[16.44085,47.03171],[16.44066,47.03156],[16.44045,47.03131],[16.44039,47.03122],[16.44032,47.0311],[16.44028,47.03106],[16.44018,47.03097],[16.43982,47.03068],[16.43959,47.03045],[16.43914,47.03003],[16.43889,47.02971],[16.44097,47.02828],[16.44511,47.02541],[16.44778,47.02267],[16.44796,47.02278],[16.44814,47.0229],[16.44846,47.02313],[16.44888,47.02345],[16.44924,47.02374],[16.44934,47.02382],[16.45,47.02443],[16.45001,47.02445],[16.45011,47.02454],[16.45027,47.02465],[16.45061,47.02489],[16.45092,47.0251],[16.45117,47.02525],[16.45141,47.02539],[16.45195,47.02565],[16.45216,47.02575],[16.45243,47.02588],[16.45263,47.026],[16.45286,47.02613],[16.45327,47.0264],[16.45355,47.02659],[16.45369,47.02669],[16.4544,47.02717],[16.45571,47.02802],[16.456,47.02822],[16.4574,47.0293],[16.45767,47.02949],[16.45801,47.02972],[16.45809,47.02979],[16.45813,47.02989],[16.45815,47.02989],[16.45817,47.0299],[16.45845,47.03006],[16.45906,47.03046],[16.45929,47.0306],[16.45953,47.03071],[16.45998,47.03088],[16.46004,47.03083],[16.46006,47.03084],[16.46074,47.03116],[16.46118,47.03136],[16.46152,47.0315],[16.46188,47.03165],[16.46219,47.03176],[16.46242,47.03185],[16.46277,47.03196],[16.46285,47.03198],[16.46312,47.03214],[16.46339,47.03223],[16.46364,47.03225],[16.46373,47.03216],[16.46417,47.03152],[16.46426,47.03152],[16.46427,47.03151],[16.4644,47.03134],[16.4647,47.03101],[16.46482,47.03085],[16.46488,47.03075],[16.46492,47.03064],[16.46494,47.03056],[16.46504,47.03048],[16.4653,47.03067],[16.46561,47.03085],[16.46586,47.031],[16.4662,47.03116],[16.46635,47.03102],[16.46647,47.0308],[16.46663,47.03054],[16.46668,47.03048],[16.46682,47.03036],[16.46715,47.0301],[16.46724,47.03004],[16.46752,47.02977],[16.46757,47.02976],[16.46764,47.02968],[16.4677,47.02965],[16.46783,47.02964],[16.46806,47.02962],[16.46821,47.02949],[16.46834,47.02941],[16.46841,47.02938],[16.46848,47.02938],[16.46852,47.02931],[16.46866,47.02919],[16.46889,47.02904],[16.46897,47.02909],[16.46917,47.02908],[16.46939,47.029],[16.46975,47.02878],[16.46979,47.02871],[16.46997,47.02859],[16.47008,47.0285],[16.47015,47.02848],[16.47014,47.02842],[16.47037,47.02822],[16.47049,47.02812],[16.47051,47.02804],[16.47113,47.02822],[16.47143,47.02829],[16.47222,47.02831],[16.4751,47.02729],[16.4777,47.02134],[16.48184,47.0226],[16.48219,47.02267],[16.48194,47.02247],[16.48196,47.02235],[16.482,47.02231],[16.48211,47.02211],[16.48217,47.02194],[16.48211,47.02175],[16.48214,47.02168],[16.48221,47.02154],[16.48228,47.02147],[16.48235,47.02137],[16.48236,47.0212],[16.48249,47.02097],[16.48251,47.02094],[16.48273,47.02079],[16.48283,47.0207],[16.48301,47.02056],[16.48316,47.02046],[16.48337,47.02036],[16.48345,47.02029],[16.48369,47.02008],[16.4838,47.01994],[16.48383,47.01979],[16.48383,47.01978],[16.48382,47.01974],[16.48368,47.01955],[16.48366,47.01949],[16.48363,47.0194],[16.48359,47.0192],[16.48358,47.01916],[16.48354,47.0191],[16.48349,47.01897],[16.48349,47.01881],[16.48351,47.01866],[16.48359,47.01822],[16.48365,47.01803],[16.48393,47.01783],[16.48412,47.01775],[16.48426,47.01765],[16.48436,47.01753],[16.48453,47.01746],[16.48456,47.01744],[16.48474,47.01745],[16.48491,47.01746],[16.48504,47.01739],[16.48513,47.01732],[16.48543,47.01704],[16.48554,47.01698],[16.48561,47.01695],[16.48576,47.0169],[16.48587,47.01687],[16.48601,47.01679],[16.48605,47.01674],[16.48619,47.01667],[16.48628,47.01665],[16.48636,47.0166],[16.48641,47.01657],[16.48635,47.01638],[16.48639,47.01628],[16.48649,47.0161],[16.48656,47.01603],[16.4867,47.01591],[16.48672,47.01588],[16.48674,47.01573],[16.48672,47.01566],[16.48663,47.01545],[16.48666,47.01534],[16.48669,47.01527],[16.48672,47.01522],[16.48689,47.01506],[16.48695,47.01501],[16.48703,47.01495],[16.48713,47.01489],[16.48721,47.01484],[16.48739,47.01475],[16.48748,47.01472],[16.48763,47.0147],[16.48776,47.0147],[16.48788,47.0147],[16.48803,47.01473],[16.48823,47.01471],[16.48848,47.01463],[16.4885,47.01461],[16.48854,47.01454],[16.48863,47.01432],[16.48865,47.01424],[16.48868,47.01414],[16.48869,47.01407],[16.48871,47.01401],[16.48876,47.01382],[16.48876,47.01374],[16.48877,47.01366],[16.48879,47.01345],[16.48885,47.01334],[16.48888,47.0133],[16.4891,47.01312],[16.4892,47.01308],[16.48932,47.01293],[16.48942,47.01286],[16.48962,47.0127],[16.48982,47.01262],[16.48988,47.01259],[16.48995,47.01253],[16.49014,47.01241],[16.49017,47.01242],[16.49022,47.01239],[16.49036,47.01237],[16.49052,47.01239],[16.49063,47.01241],[16.49074,47.01242],[16.49087,47.01242],[16.49102,47.01242],[16.49113,47.01238],[16.49124,47.01233],[16.49132,47.01222],[16.4914,47.01203],[16.49143,47.01188],[16.49145,47.0118],[16.49151,47.01172],[16.49158,47.01162],[16.49159,47.01159],[16.49165,47.0115],[16.49168,47.01142],[16.49174,47.01132],[16.49192,47.01114],[16.49195,47.01106],[16.492,47.011],[16.49213,47.01088],[16.49229,47.01063],[16.49233,47.01053],[16.49242,47.01031],[16.4925,47.01019],[16.49253,47.01017],[16.49257,47.01014],[16.49265,47.0101],[16.49277,47.01008],[16.49297,47.01011],[16.49308,47.01013],[16.49322,47.01017],[16.49354,47.01014],[16.49364,47.01012],[16.49391,47.01011],[16.49411,47.01014],[16.49429,47.01014],[16.49446,47.01013],[16.49466,47.01011],[16.49493,47.01013],[16.4954,47.01023],[16.49589,47.0102],[16.49611,47.0102],[16.49623,47.01017],[16.49636,47.01015],[16.49654,47.0101],[16.49669,47.01004],[16.4968,47.00999],[16.49693,47.00992],[16.49707,47.00978],[16.49734,47.00963],[16.49741,47.0096],[16.49754,47.00957],[16.49834,47.00936],[16.49849,47.00928],[16.49886,47.00911],[16.49908,47.00902],[16.49944,47.00886],[16.49965,47.00878],[16.49974,47.00874],[16.50016,47.00867],[16.50033,47.00859],[16.50055,47.00846],[16.5006,47.00844],[16.50072,47.00841],[16.50083,47.00839],[16.5011,47.00832],[16.50136,47.00821],[16.50146,47.00815],[16.50157,47.00808],[16.5016,47.00805],[16.50168,47.00801],[16.50188,47.00795],[16.50217,47.00785],[16.50229,47.00779],[16.50244,47.00771],[16.5025,47.00768],[16.50286,47.00754],[16.50321,47.00741],[16.50335,47.00735],[16.50359,47.0073],[16.50364,47.00728],[16.50381,47.00718],[16.50391,47.00713],[16.50408,47.00706],[16.50424,47.00699],[16.50442,47.00685],[16.50454,47.00677],[16.50465,47.00672],[16.5048,47.00668],[16.50512,47.00651],[16.5052,47.00644],[16.5053,47.00633],[16.50544,47.00615],[16.50548,47.00611],[16.50556,47.00605],[16.50565,47.00599],[16.50571,47.00597],[16.50582,47.00593],[16.50593,47.00588],[16.50609,47.00574],[16.5063,47.00553],[16.50647,47.00538],[16.50656,47.00534],[16.50662,47.00528],[16.5069,47.00505],[16.5071,47.00483],[16.50715,47.00471],[16.50723,47.00466],[16.50736,47.00463],[16.50744,47.00458],[16.50753,47.00455],[16.50759,47.0045],[16.50762,47.00444],[16.50766,47.00432],[16.50772,47.00424],[16.50779,47.00418],[16.50789,47.00411],[16.50798,47.00406],[16.50817,47.00392],[16.50831,47.00384],[16.50868,47.00361],[16.50885,47.00359],[16.50927,47.00363],[16.50957,47.00359],[16.50981,47.00358],[16.50995,47.00361],[16.51027,47.00362],[16.51052,47.00365],[16.51062,47.00367],[16.51077,47.00368],[16.5109,47.00367],[16.51098,47.00365],[16.51123,47.00361],[16.51143,47.00359],[16.51159,47.0035],[16.51163,47.00347],[16.51171,47.00341],[16.51179,47.00337],[16.51187,47.00335],[16.51195,47.00335],[16.51206,47.00338],[16.51217,47.00343],[16.51223,47.00346],[16.51236,47.0035],[16.51233,47.00157],[16.5119,47.0016],[16.51155,47.00163],[16.51155,47.0009],[16.51003,47.00042],[16.50991,47.0004],[16.50971,47.00041],[16.50962,47.00042],[16.50955,47.00049],[16.50939,47.00057],[16.50934,47.0006],[16.50922,47.00064],[16.50907,47.00072],[16.50894,47.00079],[16.50885,47.00078],[16.50873,47.00079],[16.50864,47.00085],[16.50863,47.00088],[16.50864,47.00095],[16.50867,47.00102],[16.50846,47.00117],[16.50828,47.00127],[16.50824,47.00128],[16.50815,47.0013],[16.50791,47.00132],[16.50775,47.00126],[16.50772,47.00124],[16.50771,47.00119],[16.50777,47.00105],[16.50777,47.00103],[16.50771,47.00096],[16.50755,47.00087],[16.50735,47.00088],[16.50725,47.00096],[16.50725,47.001],[16.50706,47.00102],[16.50702,47.00096],[16.50692,47.00078],[16.5068,47.00067],[16.50674,47.00066],[16.50666,47.00067],[16.50657,47.00075],[16.50657,47.00084],[16.50659,47.00088],[16.50663,47.00094],[16.50672,47.001],[16.50681,47.00104],[16.50684,47.00109],[16.50686,47.00115],[16.50686,47.00121],[16.50677,47.00134],[16.50673,47.00139],[16.50668,47.00142],[16.5065,47.00151],[16.50632,47.00156],[16.50602,47.00158],[16.50586,47.0015],[16.50583,47.00147],[16.50582,47.00141],[16.50583,47.00123],[16.50593,47.001],[16.50589,47.00092],[16.50587,47.0006],[16.50586,47.00043],[16.50579,47.00037],[16.5057,47.00034],[16.50565,47.00032],[16.50555,47.00034],[16.50546,47.00039],[16.50533,47.00045],[16.50525,47.00049],[16.50515,47.00058],[16.50509,47.00061],[16.50504,47.00062],[16.50505,47.00072],[16.50508,47.00077],[16.50507,47.00085],[16.50509,47.00106],[16.50505,47.0012],[16.50483,47.00149],[16.50467,47.00158],[16.50448,47.00167],[16.5042,47.00177],[16.5041,47.00178],[16.50399,47.00175],[16.50394,47.00172],[16.50392,47.00168],[16.50396,47.00156],[16.50398,47.00141],[16.50398,47.00117],[16.50397,47.00111],[16.50396,47.00105],[16.50392,47.00099],[16.50384,47.00091],[16.5038,47.00088],[16.50374,47.00086],[16.50366,47.00086],[16.50356,47.00087],[16.50349,47.00092],[16.50342,47.00104],[16.50334,47.0011],[16.50318,47.00121],[16.50315,47.00128],[16.50302,47.00138],[16.50286,47.00143],[16.50281,47.00143],[16.5027,47.00141],[16.50262,47.00136],[16.50259,47.00132],[16.50258,47.00121],[16.50255,47.00112],[16.50249,47.00104],[16.50233,47.00088],[16.50228,47.00078],[16.50229,47.00058],[16.50236,47.00022],[16.50237,47.0002],[16.5024,47.00009],[16.50226,46.99998],[16.50218,46.99992],[16.50212,46.9998],[16.50209,46.99978],[16.50207,46.99973],[16.50192,46.99961],[16.50188,46.99957],[16.50155,46.99934],[16.50152,46.99932],[16.50145,46.99929],[16.50129,46.99928],[16.50086,46.99928],[16.50061,46.99925],[16.50048,46.99919],[16.49997,46.9989],[16.4998,46.99879],[16.4995,46.99868],[16.49927,46.99868],[16.49913,46.99871],[16.49893,46.99874],[16.49869,46.99874],[16.49864,46.99873],[16.49832,46.99863],[16.49818,46.99858],[16.4981,46.99854],[16.49751,46.99834],[16.49703,46.99821],[16.49701,46.9982],[16.49693,46.99821],[16.49676,46.99824],[16.49641,46.99834],[16.49635,46.99835],[16.49596,46.99852],[16.49585,46.99855],[16.49565,46.99859],[16.49558,46.99859],[16.49531,46.9986],[16.49519,46.99861],[16.49504,46.99863],[16.49492,46.99862],[16.49467,46.99867],[16.49459,46.99867],[16.4945,46.99868],[16.49446,46.99869],[16.49426,46.9988],[16.49409,46.99883],[16.49392,46.99889],[16.4937,46.999],[16.49362,46.99905],[16.4936,46.99911],[16.49361,46.99917],[16.49376,46.9994],[16.4938,46.99944],[16.49382,46.99952],[16.4938,46.99972],[16.49377,46.99978],[16.49365,46.99988],[16.49352,46.99992],[16.49335,46.99996],[16.49309,46.99997],[16.49292,46.99995],[16.4928,46.99991],[16.49259,46.99982],[16.49242,46.99976],[16.49218,46.99962],[16.49192,46.99955],[16.49171,46.99954],[16.49165,46.99955],[16.49151,46.99957],[16.4911,46.99978],[16.49097,46.99988],[16.49078,46.99999],[16.49061,47.00004],[16.49045,47.0001],[16.49016,47.00017],[16.48993,47.00021],[16.48979,47.00028],[16.48956,47.00038],[16.48941,47.00041],[16.48928,47.0004],[16.48918,47.00039],[16.48906,47.00029],[16.48905,47.00021],[16.48905,47.00016],[16.48925,46.99998],[16.48936,46.99993],[16.48946,46.99984],[16.48961,46.99974],[16.48977,46.9996],[16.48985,46.99952],[16.48981,46.99945],[16.48982,46.99942],[16.48976,46.99936],[16.48975,46.9993],[16.48964,46.99923],[16.48952,46.9992],[16.48938,46.99918],[16.48896,46.99906],[16.48883,46.99902],[16.48867,46.99894],[16.48855,46.9988],[16.48849,46.99865],[16.48848,46.99856],[16.48844,46.99843],[16.48843,46.99831],[16.48845,46.99819],[16.48852,46.99806],[16.48867,46.99777],[16.48873,46.99768],[16.48875,46.99764],[16.48881,46.99758],[16.48883,46.99738],[16.48882,46.99737],[16.48877,46.99733],[16.48874,46.99732],[16.48865,46.99732],[16.48858,46.99733],[16.48825,46.99741],[16.48789,46.99744],[16.48767,46.99743],[16.48743,46.99735],[16.4873,46.99727],[16.48723,46.99721],[16.48716,46.99713],[16.48714,46.99702],[16.48716,46.99694],[16.48715,46.99682],[16.48718,46.99669],[16.48716,46.99659],[16.48705,46.99635],[16.487,46.99626],[16.48694,46.99599],[16.48689,46.99584],[16.48686,46.99579],[16.48679,46.99572],[16.4867,46.99568],[16.4866,46.99561],[16.48645,46.99553],[16.48635,46.99547],[16.48628,46.99541],[16.48618,46.99535],[16.48582,46.99517],[16.48564,46.99511],[16.48549,46.99504],[16.48525,46.99494],[16.48511,46.99488],[16.48494,46.99483],[16.4848,46.9948],[16.4844,46.99466],[16.48423,46.99457],[16.48394,46.99441],[16.48385,46.99437],[16.48367,46.99426],[16.48356,46.99425],[16.48345,46.99422],[16.483,46.99425],[16.48291,46.99425],[16.48274,46.99424],[16.48259,46.99421],[16.48247,46.99417],[16.48223,46.99412],[16.48217,46.99411],[16.4821,46.99412],[16.48192,46.99419],[16.48192,46.99427],[16.48187,46.9944],[16.48182,46.99461],[16.48176,46.99468],[16.48171,46.99472],[16.48156,46.9948],[16.48145,46.99485],[16.48118,46.99498],[16.48106,46.99502],[16.48094,46.99502],[16.48083,46.99499],[16.48076,46.99494],[16.4805,46.99476],[16.48035,46.99458],[16.48031,46.99455],[16.48028,46.99446],[16.48025,46.99443],[16.4802,46.99433],[16.48015,46.99421],[16.48007,46.99413],[16.48003,46.99412],[16.47978,46.99398],[16.47951,46.99386],[16.47937,46.99383],[16.47922,46.99382],[16.47885,46.99389],[16.4788,46.99392],[16.47879,46.99397],[16.47881,46.99402],[16.47887,46.99409],[16.47894,46.99413],[16.47907,46.99423],[16.47911,46.99425],[16.4791,46.9943],[16.47906,46.99435],[16.47902,46.99437],[16.47893,46.99436],[16.47876,46.99433],[16.47864,46.9943],[16.47856,46.99428],[16.47828,46.9943],[16.4782,46.99433],[16.47798,46.99442],[16.47794,46.99447],[16.47794,46.99452],[16.47799,46.99459],[16.47814,46.99468],[16.47838,46.99477],[16.47852,46.99486],[16.47859,46.99491],[16.47872,46.99507],[16.47874,46.99514],[16.47872,46.9952],[16.47864,46.99529],[16.47855,46.99534],[16.47844,46.99533],[16.47831,46.99529],[16.47819,46.99524],[16.47809,46.99518],[16.47803,46.99513],[16.47791,46.99508],[16.47787,46.99507],[16.47773,46.99509],[16.47743,46.99516],[16.47737,46.99517],[16.47729,46.99518],[16.47707,46.99523],[16.4769,46.9953],[16.47658,46.99539],[16.47641,46.99541],[16.47633,46.99543],[16.47622,46.99545],[16.476,46.99552],[16.47591,46.99555],[16.47584,46.99559],[16.47565,46.99571],[16.47544,46.99583],[16.47524,46.99592],[16.47516,46.99595],[16.47501,46.99599],[16.4747,46.99604],[16.47455,46.99609],[16.47432,46.99609],[16.47424,46.9961],[16.47407,46.99629],[16.47406,46.99638],[16.47405,46.99644],[16.474,46.99654],[16.47389,46.99668],[16.47387,46.99673],[16.47385,46.99686],[16.47386,46.99691],[16.47393,46.99696],[16.47404,46.99703],[16.47417,46.99715],[16.47417,46.99722],[16.47397,46.99734],[16.47384,46.99739],[16.47378,46.99739],[16.47362,46.99735],[16.47349,46.9973],[16.47295,46.99712],[16.47268,46.99705],[16.47251,46.99703],[16.47231,46.997],[16.472,46.99701],[16.47194,46.99701],[16.47189,46.99704],[16.4718,46.99723],[16.47143,46.99769],[16.47138,46.99772],[16.47124,46.99775],[16.47107,46.99778],[16.47089,46.99784],[16.47076,46.99785],[16.47071,46.99785],[16.47067,46.99783],[16.47065,46.99781],[16.47053,46.99759],[16.47047,46.99751],[16.47048,46.99744],[16.47035,46.99732],[16.47015,46.99722],[16.47009,46.9972],[16.47003,46.99721],[16.46994,46.99725],[16.4699,46.99729],[16.46986,46.99736],[16.46981,46.99754],[16.46975,46.99762],[16.46969,46.99768],[16.46959,46.99773],[16.46938,46.9979],[16.46927,46.99794],[16.46911,46.99799],[16.46904,46.998],[16.46898,46.99799],[16.4687,46.99794],[16.46832,46.99778],[16.46795,46.99766],[16.46781,46.99769],[16.46769,46.99773],[16.4676,46.99777],[16.46739,46.99797],[16.46728,46.99804],[16.4672,46.99806],[16.4671,46.99809],[16.46676,46.99826],[16.46657,46.99832],[16.46611,46.99833],[16.46602,46.99832],[16.46593,46.99829],[16.46588,46.99828],[16.46585,46.99824],[16.46582,46.99815],[16.466,46.99775],[16.46603,46.99762],[16.46606,46.99746],[16.46605,46.99731],[16.46604,46.99725],[16.46599,46.99719],[16.46595,46.99718],[16.46585,46.99719],[16.46576,46.99721],[16.4657,46.99723],[16.46566,46.99728],[16.46559,46.99743],[16.46553,46.99749],[16.46535,46.99759],[16.46527,46.99762],[16.46506,46.99766],[16.46478,46.99771],[16.46462,46.99773],[16.46456,46.99774],[16.46452,46.99774],[16.46446,46.99771],[16.46439,46.99761],[16.46431,46.99748],[16.46409,46.99725],[16.4639,46.99713],[16.46385,46.9971],[16.46376,46.99707],[16.46371,46.99708],[16.46355,46.99716],[16.46352,46.99719],[16.46346,46.9973],[16.4634,46.99739],[16.46334,46.9974],[16.46325,46.99736],[16.46318,46.99728],[16.46308,46.99732],[16.46297,46.99739],[16.46293,46.99742],[16.46284,46.99764],[16.46283,46.99771],[16.46283,46.9978],[16.46284,46.99792],[16.46277,46.99813],[16.46273,46.99823],[16.46264,46.99831],[16.46258,46.99837],[16.46234,46.99842],[16.46222,46.99845],[16.46202,46.99853],[16.46197,46.99855],[16.46185,46.99855],[16.46176,46.99853],[16.46168,46.99856],[16.46163,46.99862],[16.4616,46.99875],[16.46159,46.99883],[16.46157,46.99891],[16.46166,46.99908],[16.46179,46.99928],[16.46181,46.99937],[16.46182,46.99946],[16.46184,46.99956],[16.46179,46.99983],[16.46172,46.99988],[16.46166,46.99988],[16.46157,46.99991],[16.46154,46.99995],[16.46157,47.0],[16.46153,47.00006],[16.46144,47.00012],[16.46137,47.00013],[16.46104,47.00014],[16.46091,47.00015],[16.46035,47.00018],[16.46019,47.00025],[16.46012,47.0003],[16.46008,47.00037],[16.4601,47.00042],[16.46018,47.00049],[16.46027,47.00062],[16.46025,47.00092],[16.46019,47.00101],[16.46009,47.0011],[16.46009,47.00117],[16.46011,47.00121],[16.46026,47.00131],[16.46039,47.00137],[16.46043,47.00143],[16.46041,47.00149],[16.46037,47.00152],[16.46028,47.00152],[16.46014,47.00148],[16.46008,47.0015],[16.46003,47.00154],[16.46001,47.00158],[16.46003,47.00161],[16.46002,47.00162],[16.46004,47.00169],[16.46004,47.00172],[16.46002,47.00174],[16.45997,47.00175],[16.45985,47.00175],[16.45975,47.00176],[16.45959,47.00183],[16.45943,47.00187],[16.45939,47.00181],[16.45938,47.00149],[16.45943,47.0014],[16.45953,47.00126],[16.45956,47.00114],[16.45954,47.00102],[16.45949,47.00093],[16.4594,47.00084],[16.45919,47.00059],[16.45871,47.00068],[16.45863,47.00069],[16.45859,47.00071],[16.45858,47.00074],[16.45858,47.00114],[16.45848,47.00131],[16.45826,47.00139],[16.45818,47.0014],[16.45807,47.0014],[16.458,47.00139],[16.45774,47.00134],[16.45757,47.00126],[16.4575,47.00123],[16.45747,47.0012],[16.45741,47.0012],[16.4573,47.0012],[16.4565,47.00108],[16.45638,47.00109],[16.45636,47.0011],[16.4563,47.00115],[16.45629,47.00117],[16.45632,47.00132],[16.45629,47.00169],[16.45627,47.00179],[16.45623,47.00189],[16.45617,47.00195],[16.45609,47.002],[16.45599,47.00204],[16.45583,47.00209],[16.45569,47.00213],[16.45541,47.00217],[16.45527,47.00219],[16.45489,47.00226],[16.45479,47.00229],[16.45452,47.00237],[16.4544,47.00242],[16.45422,47.00252],[16.45417,47.00263],[16.45424,47.00275],[16.45452,47.00318],[16.45455,47.00327],[16.45455,47.00335],[16.45452,47.00338],[16.45438,47.00336],[16.4543,47.00333],[16.45403,47.00328],[16.45385,47.00322],[16.45375,47.0032],[16.45365,47.00321],[16.45347,47.0032],[16.45335,47.0032],[16.45301,47.00316],[16.45265,47.00316],[16.4526,47.00319],[16.45246,47.00323],[16.45239,47.0033],[16.45236,47.00337],[16.45234,47.00362],[16.4525,47.00385],[16.45251,47.00393],[16.45247,47.00397],[16.45229,47.00409],[16.45197,47.00417],[16.45174,47.00415],[16.45169,47.00417],[16.45163,47.00423],[16.45155,47.00428],[16.4515,47.00429],[16.45145,47.00427],[16.4513,47.00417],[16.4513,47.00407],[16.45134,47.00394],[16.45139,47.00364],[16.45138,47.0035],[16.45134,47.00344],[16.45128,47.0034],[16.45118,47.00339],[16.45109,47.00341],[16.45099,47.00346],[16.45076,47.00359],[16.45057,47.0037],[16.45039,47.00377],[16.45011,47.00387],[16.44999,47.00386],[16.44991,47.00383],[16.44972,47.00372],[16.44965,47.0037],[16.44959,47.00371],[16.44941,47.00376],[16.44931,47.00374],[16.44926,47.00368],[16.44918,47.00352],[16.44902,47.00337],[16.4489,47.0033],[16.44883,47.00326],[16.44873,47.00324],[16.44864,47.00326],[16.44829,47.00339],[16.44811,47.00354],[16.44785,47.00364],[16.44779,47.00363],[16.44765,47.00356],[16.44744,47.00343],[16.44724,47.00333],[16.44705,47.00325],[16.44681,47.00321],[16.44656,47.00316],[16.44658,47.00314],[16.44609,47.00255],[16.44607,47.00234],[16.44619,47.00217],[16.44619,47.00168],[16.44622,47.00135],[16.44629,47.0012],[16.44644,47.001],[16.44642,47.00091],[16.44642,47.00085],[16.44643,47.0008],[16.44656,47.00045],[16.44657,47.00023],[16.44699,46.99932],[16.44653,46.99618],[16.44641,46.99579],[16.44616,46.99509],[16.44585,46.99418],[16.44556,46.99338],[16.44548,46.99321],[16.44356,46.99318],[16.44355,46.99323],[16.44334,46.99331],[16.44309,46.99336],[16.44258,46.99334],[16.44209,46.9934],[16.44129,46.99329],[16.44023,46.99319],[16.43915,46.99305],[16.43819,46.99317],[16.43706,46.99336],[16.43613,46.99341],[16.43507,46.9934],[16.43459,46.99331],[16.43388,46.99307],[16.43367,46.993],[16.43349,46.99295],[16.43305,46.99277],[16.43294,46.99274],[16.4326,46.99269],[16.43235,46.99267],[16.43216,46.99268],[16.43197,46.99273],[16.43143,46.99283],[16.43113,46.99286],[16.43087,46.99288],[16.43045,46.9929],[16.42994,46.99292],[16.429,46.99304],[16.42838,46.99305],[16.42798,46.9931],[16.42747,46.99314],[16.42689,46.99323],[16.42664,46.99331],[16.4259,46.99368],[16.42553,46.99399],[16.42527,46.99422],[16.42456,46.99461],[16.42449,46.99464],[16.42252,46.99479],[16.42223,46.99493],[16.42195,46.99507],[16.4218,46.99522],[16.42147,46.99544],[16.42121,46.99563],[16.42101,46.99579],[16.42072,46.99591],[16.42051,46.99601],[16.41986,46.99626],[16.41958,46.99651],[16.41945,46.99665],[16.41918,46.99687],[16.41896,46.99713],[16.41882,46.99744],[16.41876,46.99783],[16.41871,46.99806],[16.41846,46.99847],[16.41832,46.99878],[16.41814,46.99904],[16.4177,46.9996],[16.41766,46.99976],[16.4177,46.99997],[16.41769,47.00033],[16.41765,47.0005],[16.41758,47.00065],[16.41748,47.00076],[16.41736,47.00091],[16.41729,47.00104],[16.41719,47.00118],[16.41712,47.0013],[16.41704,47.00139],[16.41683,47.00156],[16.41667,47.00168],[16.41631,47.00183],[16.41603,47.002],[16.41594,47.00207],[16.41579,47.00231],[16.41568,47.00242],[16.41559,47.00248],[16.41506,47.00277],[16.41498,47.00283],[16.41483,47.00296],[16.41447,47.00333],[16.41437,47.0035],[16.4141,47.00384],[16.41368,47.0041],[16.41295,47.0046],[16.41262,47.00474],[16.41177,47.00447],[16.41138,47.00425],[16.41079,47.00399],[16.41029,47.00402],[16.40975,47.00408],[16.40919,47.00411],[16.40873,47.0041],[16.40763,47.00396],[16.40729,47.00401],[16.40711,47.00402],[16.40665,47.00417],[16.40613,47.00425],[16.40567,47.00424],[16.40536,47.00422],[16.40508,47.00423],[16.40451,47.00422],[16.40427,47.00421],[16.40408,47.0042],[16.40364,47.00415],[16.40338,47.0041],[16.40319,47.00406],[16.40292,47.00399],[16.40263,47.0039],[16.4024,47.00381],[16.40235,47.00378],[16.40229,47.00377],[16.40201,47.00385],[16.40191,47.0039],[16.40181,47.00383],[16.4017,47.00377],[16.4016,47.00374],[16.40155,47.00373],[16.40152,47.00372],[16.40149,47.00369],[16.40068,47.00347],[16.40005,47.00333],[16.39994,47.0036],[16.39991,47.00374],[16.39992,47.00394],[16.39976,47.00393],[16.39965,47.00397],[16.39949,47.00388],[16.39927,47.00381],[16.39899,47.00374],[16.39872,47.00373],[16.39848,47.00367],[16.39826,47.00364],[16.39825,47.00366],[16.39761,47.00345],[16.39749,47.00343],[16.39734,47.00341],[16.39723,47.0034],[16.39707,47.00342],[16.39685,47.0034],[16.39659,47.00339],[16.39647,47.0034],[16.39621,47.00344],[16.39607,47.00348],[16.39592,47.00351],[16.3958,47.00353],[16.39567,47.00353],[16.39555,47.00354],[16.39534,47.00357],[16.39521,47.00357],[16.39481,47.00346],[16.39346,47.00333],[16.39307,47.00325],[16.39279,47.00321],[16.39257,47.00316],[16.39176,47.00295],[16.39169,47.00292],[16.39156,47.00282],[16.3914,47.00272],[16.39127,47.00266],[16.3912,47.0026],[16.39101,47.00246],[16.39085,47.00231],[16.39069,47.00221],[16.39053,47.00212],[16.39039,47.00207],[16.39013,47.00195],[16.38996,47.00185],[16.38977,47.00172],[16.38957,47.0016],[16.38932,47.0015],[16.38894,47.00141],[16.38876,47.00138],[16.38844,47.00133],[16.38825,47.00129],[16.38802,47.00126],[16.38776,47.00119],[16.38759,47.00109],[16.38739,47.00095],[16.38725,47.00086],[16.38718,47.0008],[16.38694,47.00063],[16.38678,47.00053],[16.38619,47.00029],[16.38581,47.00018],[16.38565,47.00011],[16.38541,47.0],[16.38538,46.99994],[16.38521,46.99998],[16.38439,46.99956],[16.38372,46.99926],[16.38356,46.99905],[16.38309,46.99879],[16.38228,46.99907],[16.38167,46.99928],[16.38105,46.99925],[16.38031,46.99896],[16.37988,46.99875],[16.37968,46.99919],[16.37941,46.99932],[16.37885,46.99938],[16.37816,46.99966],[16.37813,46.99974],[16.3781,46.9998],[16.37803,46.99985],[16.37739,46.99998],[16.37702,47.00007],[16.3768,47.00012],[16.37661,47.00012],[16.37643,47.00012],[16.37628,47.00009],[16.37615,47.00005],[16.37593,46.99997],[16.37532,46.99965],[16.37513,46.99954],[16.3746,46.99921],[16.37451,46.99906],[16.37434,46.99888],[16.37407,46.99863],[16.37376,46.9985],[16.37325,46.99843],[16.37286,46.9984],[16.3728,46.99843],[16.37279,46.99847],[16.3727,46.99851],[16.37261,46.99846],[16.37251,46.99848],[16.3726,46.99855],[16.37265,46.99859],[16.3726,46.99869],[16.37256,46.99869],[16.37253,46.9986],[16.37242,46.99863],[16.3723,46.99862],[16.37238,46.9987],[16.37247,46.99871],[16.37244,46.9988],[16.3723,46.99878],[16.37232,46.99885],[16.3723,46.99892],[16.37213,46.99887],[16.37203,46.99887],[16.37197,46.99891],[16.37202,46.99898],[16.3723,46.99904],[16.3723,46.99915],[16.37224,46.9992],[16.37213,46.99909],[16.37208,46.99914],[16.37202,46.99919],[16.37195,46.9993],[16.37175,46.99946],[16.37171,46.99951],[16.37161,46.99955],[16.37165,46.99961],[16.3716,46.99962],[16.37153,46.99971],[16.37149,46.99974],[16.37143,46.99975],[16.37133,46.99984],[16.3714,46.99996],[16.37136,47.00001],[16.37131,47.00004],[16.37122,47.0001],[16.37124,47.00014],[16.37115,47.0002],[16.37117,47.00032],[16.37095,47.00042],[16.37093,47.0005],[16.3708,47.00048],[16.37082,47.00055],[16.37076,47.00062],[16.37074,47.00074],[16.37062,47.00077],[16.37061,47.00079],[16.37053,47.00081],[16.37045,47.0009],[16.37046,47.00092],[16.37033,47.00094],[16.37034,47.00103],[16.37024,47.00112],[16.37026,47.00123],[16.37021,47.0013],[16.37023,47.00135],[16.3702,47.0014],[16.37016,47.00143],[16.37019,47.00158],[16.3702,47.00166],[16.3701,47.00172],[16.37002,47.00183],[16.3699,47.00185],[16.36979,47.00194],[16.36988,47.00198],[16.36994,47.00195],[16.36996,47.00201],[16.36993,47.00205],[16.36987,47.00207],[16.36988,47.00211],[16.3697,47.00224],[16.36972,47.00225],[16.36964,47.00228],[16.36962,47.00235],[16.36947,47.00234],[16.36955,47.0024],[16.36953,47.00245],[16.36933,47.00254],[16.36932,47.0026],[16.36932,47.00264],[16.36922,47.00268],[16.36921,47.00274],[16.36928,47.00279],[16.36923,47.00283],[16.36913,47.00278],[16.36914,47.00283],[16.36906,47.00287],[16.36912,47.00291],[16.36911,47.00292],[16.36906,47.00295],[16.36905,47.00297],[16.369,47.00299],[16.36898,47.00304],[16.3689,47.00308],[16.3689,47.00313],[16.36886,47.00316],[16.36881,47.00323],[16.36884,47.00324],[16.36879,47.00327],[16.36874,47.00331],[16.36876,47.00334],[16.36874,47.00337],[16.36865,47.00337],[16.36867,47.00341],[16.36861,47.00342],[16.36859,47.00348],[16.36853,47.0035],[16.36852,47.00353],[16.36853,47.00357],[16.3684,47.00368],[16.36829,47.0037],[16.36834,47.00375],[16.36829,47.00378],[16.36826,47.00381],[16.36821,47.00381],[16.36823,47.00387],[16.36821,47.00392],[16.36815,47.00397],[16.36815,47.00401],[16.36811,47.00403],[16.36809,47.00408],[16.36809,47.00412],[16.36805,47.00413],[16.36801,47.00414],[16.36792,47.00412],[16.36787,47.00416],[16.36775,47.00424],[16.36773,47.00431],[16.3678,47.00427],[16.36781,47.00429],[16.36781,47.00433],[16.36785,47.00436],[16.36784,47.00437],[16.36795,47.00442],[16.36789,47.00449],[16.36794,47.0045],[16.36795,47.00456],[16.36801,47.00461],[16.36809,47.00462],[16.3681,47.00464],[16.3681,47.00471],[16.36814,47.00477],[16.36815,47.00486],[16.36811,47.00494],[16.36809,47.005],[16.36803,47.00507],[16.36788,47.00521],[16.36784,47.00525],[16.36774,47.00539],[16.36772,47.00545],[16.36771,47.00552],[16.36765,47.00561],[16.36764,47.00573],[16.3676,47.00583],[16.36759,47.00592],[16.36756,47.00599],[16.3675,47.00602],[16.36741,47.00611],[16.36737,47.00616],[16.36732,47.0062],[16.36727,47.00627],[16.36703,47.00636],[16.36681,47.00633],[16.36665,47.00639],[16.36661,47.00643],[16.36654,47.00645],[16.36641,47.0065],[16.36632,47.00653],[16.3662,47.00661],[16.36605,47.0066],[16.36596,47.0066],[16.36582,47.00668],[16.36575,47.00669],[16.36569,47.00669],[16.36566,47.00671],[16.36555,47.00673],[16.36547,47.00679],[16.36537,47.00682],[16.36533,47.00686],[16.36528,47.00688],[16.36505,47.00711],[16.36484,47.00708],[16.36473,47.00712],[16.36467,47.00722],[16.3647,47.00729],[16.36471,47.0073],[16.36472,47.00733],[16.36471,47.00734],[16.36466,47.00736],[16.36462,47.00738],[16.36456,47.00739],[16.36453,47.00738],[16.36449,47.00736],[16.36442,47.0074],[16.36411,47.00739],[16.36402,47.00733],[16.36397,47.00732],[16.36393,47.00731],[16.3639,47.00728],[16.36378,47.00723],[16.36367,47.00721],[16.3636,47.00722],[16.36356,47.00718],[16.3635,47.00713],[16.36341,47.00707],[16.36328,47.00703],[16.36322,47.00702],[16.36316,47.00701],[16.36312,47.007],[16.36305,47.007],[16.36299,47.007],[16.36293,47.00699],[16.36288,47.00699],[16.36282,47.00701],[16.36278,47.00701],[16.36272,47.00706],[16.36267,47.00709],[16.3626,47.00713],[16.36257,47.00713],[16.36254,47.00715],[16.3625,47.00716],[16.36189,47.00692],[16.36108,47.00663],[16.36103,47.00652],[16.36103,47.00641],[16.361,47.00634],[16.36104,47.00625],[16.36102,47.00616],[16.36093,47.00591],[16.36088,47.00582],[16.36067,47.00567],[16.36049,47.00561],[16.36032,47.00557],[16.3601,47.00555],[16.35963,47.00556],[16.35947,47.00569],[16.35934,47.00578],[16.35924,47.00583],[16.35915,47.00587],[16.35882,47.00596],[16.35875,47.00599],[16.3586,47.00609],[16.35841,47.00619],[16.35828,47.00624],[16.35813,47.00631],[16.35799,47.00633],[16.35778,47.0064],[16.35731,47.00662],[16.35707,47.00671],[16.35686,47.00681],[16.35661,47.00693],[16.35648,47.00701],[16.35632,47.00712],[16.35606,47.00733],[16.3559,47.00743],[16.35585,47.00746],[16.35564,47.00755],[16.35514,47.00765],[16.35502,47.00769],[16.35467,47.00781],[16.3541,47.00791],[16.35382,47.00797],[16.35374,47.008],[16.35369,47.00802],[16.35349,47.00812],[16.35327,47.00828],[16.35284,47.00851],[16.35265,47.00863],[16.35227,47.00892],[16.35165,47.00934],[16.35127,47.00959],[16.35116,47.00964],[16.35081,47.00985],[16.35065,47.01003],[16.35056,47.01016],[16.35043,47.0103],[16.34984,47.0104],[16.34965,47.01028],[16.34903,47.00995],[16.34876,47.00983],[16.34839,47.00967],[16.34829,47.00962],[16.34825,47.00958],[16.34835,47.00931],[16.34841,47.00904],[16.34839,47.00884],[16.34835,47.00877],[16.34829,47.0087],[16.34821,47.00859],[16.34814,47.00847],[16.34805,47.00818],[16.348,47.00803],[16.34794,47.00776],[16.3479,47.00765],[16.34778,47.00747],[16.34763,47.00734],[16.3475,47.00722],[16.34735,47.00711],[16.34722,47.00706],[16.34702,47.00695],[16.34663,47.00678],[16.34652,47.00672],[16.34636,47.00659],[16.34603,47.0063],[16.34594,47.0062],[16.34582,47.00609],[16.34573,47.00597],[16.34536,47.00544],[16.34529,47.00536],[16.3452,47.00527],[16.34498,47.00508],[16.34463,47.00473],[16.34431,47.00433],[16.34392,47.00402],[16.34385,47.00394],[16.34394,47.00375],[16.34391,47.00373],[16.34397,47.00366],[16.34407,47.00329],[16.3442,47.00308],[16.34438,47.00291],[16.3445,47.00278],[16.34465,47.00267],[16.34489,47.00256],[16.34494,47.00254],[16.345,47.00246],[16.34538,47.00218],[16.34532,47.00214],[16.34518,47.00203],[16.34489,47.00185],[16.34476,47.00173],[16.34459,47.0016],[16.34458,47.00156],[16.34458,47.00153],[16.34502,47.00125],[16.34485,47.00111],[16.34449,47.00082],[16.34441,47.00073],[16.34425,47.00056],[16.34359,46.9997],[16.34294,46.99909],[16.34284,46.99904],[16.34309,46.99883],[16.34335,46.99864],[16.3436,46.99844],[16.34386,46.99828],[16.34412,46.99809],[16.34388,46.99793],[16.34383,46.99787],[16.3438,46.99783],[16.34375,46.99758],[16.34372,46.99752],[16.34362,46.99742],[16.34349,46.99726],[16.34349,46.99711],[16.34346,46.99689],[16.34338,46.99675],[16.34336,46.99669],[16.34256,46.99657],[16.34212,46.99641],[16.34175,46.99616],[16.34171,46.99625],[16.34165,46.99628],[16.3416,46.99631],[16.34153,46.99638],[16.34154,46.99641],[16.34121,46.99646],[16.34114,46.99645],[16.3408,46.99649],[16.34023,46.99664],[16.34013,46.99665],[16.33972,46.99668],[16.33945,46.99669],[16.33797,46.99712],[16.33632,46.9977],[16.33602,46.99779],[16.33567,46.99791],[16.33435,46.99843],[16.33364,46.99882],[16.33349,46.99891],[16.33282,46.99935],[16.33211,46.99957],[16.33093,46.99977],[16.33007,46.99993],[16.32901,47.00013],[16.32762,47.00054],[16.32712,47.00077],[16.32659,47.00105],[16.32565,47.00174],[16.32557,47.00179],[16.32475,47.00219],[16.32419,47.0024],[16.32398,47.00244],[16.32337,47.00249],[16.32247,47.00256],[16.32202,47.00244],[16.32194,47.0024],[16.3216,47.00229],[16.3214,47.00224],[16.32117,47.00215],[16.32093,47.00207],[16.32076,47.002],[16.32062,47.00195],[16.32035,47.0018],[16.31988,47.00162],[16.31972,47.00154],[16.31937,47.00141],[16.31904,47.00126],[16.31884,47.00112],[16.31869,47.00103],[16.31857,47.00099],[16.31841,47.00096],[16.31828,47.00091],[16.318,47.00084],[16.3179,47.00082],[16.31766,47.00076],[16.31751,47.00074],[16.31735,47.00068],[16.31722,47.00064],[16.31715,47.0006],[16.31684,47.00055],[16.31666,47.00052],[16.31655,47.00051],[16.31631,47.00047],[16.31601,47.00036],[16.31588,47.00033],[16.31573,47.00031],[16.31535,47.0003],[16.31495,47.00031],[16.31469,47.00033],[16.31435,47.00032],[16.31431,47.00032],[16.31383,47.00027],[16.31331,47.00019],[16.31303,47.00014],[16.31287,47.0001],[16.31258,47.00001],[16.31227,46.99993],[16.31192,46.99983],[16.3117,46.99977],[16.31143,46.99966],[16.31132,46.99961],[16.31106,46.99943],[16.31089,46.9993],[16.31079,46.99923],[16.3107,46.99921],[16.31058,46.99918],[16.31056,46.99918],[16.31021,46.99915],[16.31009,46.99914],[16.30989,46.99913],[16.30956,46.99908],[16.30875,46.99903],[16.30832,46.99898],[16.30818,46.99897],[16.30788,46.99899],[16.30738,46.99902],[16.30732,46.99904],[16.30714,46.99903],[16.307,46.99902],[16.30675,46.99897],[16.3066,46.99895],[16.30631,46.99893],[16.30608,46.99891],[16.30586,46.99885],[16.30515,46.99865],[16.30502,46.99861],[16.30478,46.99853],[16.30461,46.99846],[16.30452,46.99841],[16.30446,46.99832],[16.3042,46.99829],[16.30407,46.99827],[16.3038,46.99827],[16.30337,46.99828],[16.30285,46.99835],[16.30273,46.99838],[16.30257,46.99841],[16.30227,46.99843],[16.30199,46.99872],[16.30168,46.99901],[16.30166,46.999],[16.30148,46.99913],[16.30126,46.99923],[16.30097,46.99938],[16.30099,46.99939],[16.3005,46.99958],[16.3002,46.9998],[16.30019,46.99979],[16.29986,47.00004],[16.29962,47.00032],[16.29944,47.00052],[16.29931,47.00061],[16.29891,47.00099],[16.29862,47.00129],[16.29857,47.00139],[16.29852,47.00159],[16.2985,47.00173],[16.29852,47.00192],[16.29839,47.00222],[16.29838,47.00233],[16.29838,47.00241],[16.2984,47.00252],[16.29842,47.00259],[16.29843,47.00268],[16.29845,47.00331],[16.29846,47.00373],[16.29846,47.00381],[16.29849,47.00415],[16.29851,47.00417],[16.29849,47.00427],[16.29844,47.0044],[16.29846,47.00443],[16.29845,47.00457],[16.29847,47.00462],[16.29859,47.00472],[16.29883,47.00487],[16.29895,47.00491],[16.29938,47.00501],[16.29924,47.00519],[16.29911,47.0053],[16.299,47.00542],[16.2988,47.00564],[16.29872,47.00584],[16.29874,47.00607],[16.29944,47.0084],[16.29938,47.00848],[16.29861,47.0095],[16.29741,47.01007],[16.29674,47.01038],[16.29541,47.01185],[16.29491,47.01245],[16.29443,47.01259],[16.2944,47.01262],[16.29418,47.01264],[16.294,47.01268],[16.2938,47.01273],[16.29354,47.0128],[16.29347,47.01281],[16.29337,47.0128],[16.29325,47.01275],[16.29311,47.01276],[16.29275,47.01313],[16.29259,47.01395],[16.29142,47.01399],[16.29107,47.01401],[16.29061,47.01404],[16.29044,47.01398],[16.29009,47.01396],[16.28978,47.01379],[16.28964,47.01362],[16.2893,47.01342],[16.28921,47.01336],[16.28891,47.0131],[16.28891,47.01304],[16.28874,47.01267],[16.28868,47.01255],[16.28863,47.01248],[16.28853,47.01237],[16.28843,47.01227],[16.28826,47.01215],[16.28796,47.01189],[16.28778,47.01171],[16.28768,47.01162],[16.28725,47.01132],[16.28715,47.01127],[16.28679,47.01083],[16.28673,47.01074],[16.28663,47.01057],[16.28654,47.0104],[16.28646,47.01018],[16.28637,47.00982],[16.28635,47.00973],[16.28627,47.00953],[16.28614,47.00922],[16.286,47.00889],[16.28586,47.00863],[16.28575,47.00843],[16.28548,47.00798],[16.28519,47.00753],[16.285,47.00729],[16.28487,47.00708],[16.2847,47.00684],[16.28448,47.00656],[16.2844,47.00647],[16.2843,47.00637],[16.28396,47.00609],[16.28392,47.00604],[16.28384,47.00593],[16.28384,47.00592],[16.2838,47.00588],[16.28364,47.00559],[16.28353,47.00539],[16.28341,47.00523],[16.28312,47.00485],[16.28279,47.00437],[16.2827,47.00422],[16.28267,47.00415],[16.28266,47.0041],[16.28266,47.00383],[16.28264,47.0035],[16.28262,47.00335],[16.28261,47.00329],[16.28253,47.00291],[16.28251,47.0028],[16.28249,47.00257],[16.28254,47.00202],[16.28254,47.00194],[16.28253,47.00182],[16.28252,47.00175],[16.2825,47.00168],[16.2825,47.00166],[16.28248,47.00159],[16.28237,47.00126],[16.28233,47.00116],[16.28224,47.00099],[16.28221,47.00096],[16.28215,47.00089],[16.28211,47.00078],[16.28202,47.0006],[16.28194,47.00038],[16.28189,47.00027],[16.28183,46.99993],[16.28183,46.99984],[16.28185,46.9997],[16.28188,46.99952],[16.28189,46.99932],[16.2819,46.99918],[16.28195,46.99894],[16.28215,46.99876],[16.28234,46.99857],[16.28256,46.99832],[16.28273,46.9981],[16.28284,46.99798],[16.28301,46.99779],[16.28314,46.9977],[16.2834,46.99755],[16.28346,46.99751],[16.28329,46.99718],[16.28309,46.99685],[16.28302,46.99672],[16.2829,46.99644],[16.28286,46.99635],[16.28274,46.9961],[16.28262,46.99582],[16.28246,46.99549],[16.28157,46.99347],[16.28107,46.99223],[16.28088,46.99181],[16.28058,46.99116],[16.28049,46.99094],[16.2804,46.99068],[16.28024,46.99035],[16.28009,46.98997],[16.27997,46.98977],[16.27954,46.98917],[16.27911,46.98874],[16.27844,46.98821],[16.27707,46.98777],[16.27695,46.9873],[16.27688,46.98691],[16.2767,46.98615],[16.27654,46.98563],[16.27635,46.98522],[16.27629,46.98508],[16.27618,46.98488],[16.27608,46.98474],[16.2759,46.9844],[16.27585,46.98427],[16.2758,46.98412],[16.27579,46.98405],[16.27575,46.98383],[16.27572,46.98356],[16.27571,46.98338],[16.27569,46.98308],[16.27568,46.98272],[16.2757,46.98229],[16.2758,46.98121],[16.27582,46.98103],[16.27591,46.98068],[16.27599,46.98043],[16.27634,46.97908],[16.27639,46.97891],[16.27644,46.97868],[16.27644,46.97867],[16.2765,46.97846],[16.27653,46.97836],[16.27655,46.97832],[16.27658,46.97822],[16.27654,46.97807],[16.27654,46.97798],[16.27655,46.97793],[16.27656,46.9778],[16.27661,46.97765],[16.27662,46.97753],[16.27663,46.97749],[16.27659,46.97735],[16.27659,46.97724],[16.27658,46.97719],[16.27655,46.97711],[16.27655,46.97705],[16.27656,46.97693],[16.27659,46.97679],[16.27658,46.9766],[16.27655,46.97638],[16.27654,46.97618],[16.27662,46.97598],[16.27675,46.9758],[16.27684,46.97561],[16.27694,46.97539],[16.27705,46.97536],[16.27711,46.9752],[16.27714,46.97492],[16.27698,46.97454],[16.27689,46.97429],[16.27684,46.9742],[16.27677,46.97391],[16.27681,46.97359],[16.27688,46.97318],[16.27689,46.97287],[16.27687,46.9724],[16.27689,46.97235],[16.2769,46.97196],[16.27706,46.97157],[16.27724,46.97127],[16.27745,46.9706],[16.27747,46.97019],[16.27752,46.96881],[16.27752,46.96868],[16.2775,46.96832],[16.27742,46.96729],[16.27733,46.96693],[16.27723,46.96636],[16.27715,46.96617],[16.27717,46.96617],[16.27706,46.96585],[16.277,46.96564],[16.27668,46.96431],[16.27658,46.9638],[16.27655,46.96361],[16.27651,46.96329],[16.27644,46.96264],[16.27641,46.96263],[16.27642,46.96267],[16.27558,46.96235],[16.27437,46.96189],[16.27288,46.96193],[16.27236,46.96193],[16.2722,46.9622],[16.27212,46.96228],[16.27201,46.96236],[16.26984,46.96142],[16.26932,46.96119],[16.26885,46.96146],[16.26839,46.96172],[16.26792,46.96197],[16.26743,46.96219],[16.26693,46.96241],[16.26639,46.96263],[16.26587,46.96282],[16.26534,46.96301],[16.2648,46.96318],[16.26425,46.96334],[16.2637,46.96348],[16.26313,46.96361],[16.26256,46.96373],[16.26198,46.96383],[16.2614,46.96392],[16.26031,46.96406],[16.25983,46.96413],[16.25935,46.96422],[16.2592,46.96393],[16.2579,46.96388],[16.25659,46.96378],[16.25532,46.96421],[16.25473,46.9639],[16.24964,46.9613],[16.24945,46.96131],[16.24749,46.95974],[16.24528,46.95798],[16.24281,46.95604],[16.24278,46.956],[16.24277,46.95597],[16.2428,46.95592],[16.24374,46.95439],[16.2442,46.95368],[16.2451,46.95226],[16.2451,46.9521],[16.24599,46.95073],[16.24619,46.9504],[16.24649,46.94995],[16.24706,46.94908],[16.24703,46.94908],[16.24696,46.94917],[16.24687,46.94926],[16.24671,46.94937],[16.24669,46.94945],[16.24654,46.94954],[16.24639,46.94956],[16.24623,46.94957],[16.24599,46.94956],[16.24574,46.94953],[16.24556,46.94946],[16.24537,46.94936],[16.24535,46.94935],[16.24515,46.9492],[16.245,46.94906],[16.24498,46.94893],[16.24497,46.9487],[16.24496,46.94864],[16.24506,46.94854],[16.24515,46.94846],[16.24536,46.94824],[16.24542,46.9481],[16.24545,46.94784],[16.24545,46.94767],[16.24549,46.94739],[16.24568,46.94708],[16.24572,46.94694],[16.2457,46.94679],[16.24566,46.94673],[16.24553,46.94665],[16.24509,46.94644],[16.24483,46.94631],[16.24477,46.94625],[16.24469,46.94623],[16.24445,46.94614],[16.24436,46.94612],[16.24428,46.94613],[16.24422,46.94612],[16.24368,46.9463],[16.24322,46.94643],[16.24314,46.94644],[16.24245,46.94647],[16.24239,46.94646],[16.24225,46.94649],[16.24211,46.9465],[16.24199,46.9465],[16.24174,46.94654],[16.24147,46.9466],[16.24129,46.94665],[16.24066,46.94685],[16.24022,46.94704],[16.23976,46.9472],[16.23968,46.94722],[16.2396,46.94724],[16.23933,46.94727],[16.2392,46.94727],[16.23918,46.94727],[16.23896,46.94724],[16.23857,46.94717],[16.23822,46.94708],[16.23803,46.94705],[16.23783,46.947],[16.23763,46.94694],[16.23756,46.94687],[16.23753,46.94686],[16.23746,46.94665],[16.23746,46.94643],[16.23736,46.94618],[16.23731,46.94609],[16.23716,46.9459],[16.23699,46.94577],[16.2369,46.94571],[16.23679,46.94566],[16.23653,46.94558],[16.23633,46.94555],[16.23609,46.94553],[16.23586,46.94556],[16.2357,46.94557],[16.23551,46.94556],[16.23532,46.94553],[16.2352,46.94551],[16.23503,46.94548],[16.23479,46.94541],[16.23452,46.9453],[16.23437,46.94525],[16.23426,46.94518],[16.23407,46.94507],[16.23392,46.94496],[16.23378,46.94478],[16.23369,46.94462],[16.2336,46.9444],[16.23355,46.94418],[16.23349,46.94406],[16.23345,46.94397],[16.23337,46.94387],[16.23332,46.9437],[16.23338,46.94351],[16.23342,46.94343],[16.23346,46.94332],[16.23345,46.94327],[16.23346,46.9431],[16.23349,46.943],[16.23342,46.94253],[16.2332,46.9422],[16.23308,46.94211],[16.23297,46.94206],[16.23274,46.94197],[16.2327,46.94194],[16.23251,46.94191],[16.23245,46.94191],[16.23236,46.94191],[16.23225,46.94198],[16.23215,46.94221],[16.23217,46.94248],[16.23212,46.94268],[16.23199,46.94275],[16.23172,46.94282],[16.23141,46.94288],[16.2313,46.9429],[16.23122,46.94294],[16.23088,46.94297],[16.23062,46.94297],[16.23053,46.94294],[16.23031,46.94289],[16.23024,46.94284],[16.2291,46.94304],[16.2289,46.94307],[16.22877,46.94309],[16.22865,46.94312],[16.22838,46.94317],[16.22834,46.94298],[16.22832,46.9428],[16.22833,46.94262],[16.22834,46.94254],[16.22837,46.94242],[16.22849,46.94214],[16.22855,46.94203],[16.22862,46.94192],[16.2288,46.94169],[16.22892,46.94156],[16.22904,46.94146],[16.22907,46.94144],[16.2291,46.94139],[16.2291,46.94133],[16.22884,46.94137],[16.22858,46.9414],[16.22839,46.94141],[16.22757,46.94147],[16.22728,46.94149],[16.2272,46.94149],[16.22715,46.94148],[16.2271,46.94146],[16.22703,46.94144],[16.22698,46.94141],[16.22694,46.94137],[16.22691,46.94131],[16.22689,46.94126],[16.22687,46.94121],[16.22688,46.94116],[16.22693,46.94107],[16.22699,46.94101],[16.22711,46.9409],[16.22718,46.94085],[16.22711,46.94077],[16.22712,46.94076],[16.22698,46.94062],[16.22684,46.94053],[16.22659,46.94039],[16.22645,46.94024],[16.22642,46.94022],[16.22627,46.94015],[16.22623,46.94015],[16.22584,46.94001],[16.22509,46.93983],[16.2249,46.94009],[16.22477,46.94014],[16.2246,46.94016],[16.22432,46.94019],[16.22421,46.9402],[16.22409,46.94023],[16.22383,46.93996],[16.22376,46.93986],[16.22373,46.93977],[16.22371,46.93957],[16.22361,46.93956],[16.2235,46.93952],[16.22331,46.93942],[16.22322,46.93936],[16.22315,46.93929],[16.22312,46.93925],[16.22293,46.93893],[16.22274,46.93863],[16.22276,46.93858],[16.22274,46.93856],[16.22275,46.93849],[16.22285,46.93839],[16.22297,46.93823],[16.22313,46.9379],[16.2231,46.93751],[16.22293,46.93719],[16.22277,46.93699],[16.22228,46.93654],[16.22214,46.93633],[16.22215,46.9362],[16.22225,46.9361],[16.22232,46.9359],[16.22226,46.93577],[16.2222,46.9357],[16.22215,46.93564],[16.22205,46.9356],[16.22201,46.9356],[16.22186,46.93555],[16.22176,46.93557],[16.22159,46.93559],[16.22151,46.93557],[16.22122,46.93565],[16.22097,46.9357],[16.22089,46.93571],[16.22065,46.93576],[16.22033,46.93578],[16.22023,46.93578],[16.22012,46.93579],[16.21997,46.93579],[16.21982,46.93581],[16.21923,46.93586],[16.21905,46.9359],[16.21884,46.93591],[16.21868,46.93593],[16.21838,46.93598],[16.21804,46.93602],[16.2178,46.93604],[16.21746,46.93612],[16.21758,46.93628],[16.21761,46.93639],[16.21764,46.93639],[16.21772,46.9364],[16.21777,46.93642],[16.21782,46.93644],[16.21784,46.93648],[16.21781,46.93663],[16.21779,46.93667],[16.21773,46.93671],[16.21763,46.93671],[16.21758,46.93673],[16.21752,46.93681],[16.21754,46.93699],[16.21761,46.9372],[16.21762,46.9373],[16.21767,46.93736],[16.21783,46.93743],[16.21795,46.93746],[16.21811,46.9375],[16.2182,46.93752],[16.21814,46.93765],[16.21812,46.93779],[16.21814,46.93787],[16.21825,46.93806],[16.21826,46.93812],[16.21823,46.9382],[16.21811,46.93839],[16.21799,46.93863],[16.21796,46.93886],[16.218,46.93903],[16.21802,46.93905],[16.21809,46.93919],[16.21819,46.93939],[16.2182,46.93945],[16.21822,46.93967],[16.21821,46.9398],[16.21823,46.93987],[16.21823,46.93998],[16.21809,46.94027],[16.21803,46.94044],[16.21794,46.94062],[16.21783,46.94075],[16.21766,46.94086],[16.21759,46.94088],[16.21752,46.9409],[16.21735,46.9409],[16.21731,46.94089],[16.21721,46.94085],[16.21708,46.94059],[16.21703,46.94041],[16.21702,46.94019],[16.21702,46.94009],[16.21709,46.93975],[16.21708,46.93972],[16.21661,46.93916],[16.21652,46.93911],[16.21645,46.93909],[16.21638,46.93908],[16.21618,46.93907],[16.2161,46.93908],[16.21591,46.93912],[16.21565,46.93923],[16.21558,46.93927],[16.21547,46.93939],[16.21533,46.93954],[16.21524,46.93962],[16.21518,46.93968],[16.21512,46.93977],[16.2151,46.93982],[16.21511,46.93987],[16.21507,46.93993],[16.21503,46.93996],[16.21498,46.94007],[16.21489,46.94017],[16.21473,46.94038],[16.21471,46.94035],[16.21464,46.9403],[16.21456,46.9402],[16.21446,46.94011],[16.21432,46.94004],[16.21419,46.93994],[16.21407,46.93981],[16.21397,46.93975],[16.21377,46.93975],[16.21377,46.93976],[16.21377,46.93982],[16.21374,46.93988],[16.21375,46.93992],[16.21375,46.93999],[16.21378,46.94007],[16.2139,46.94027],[16.21394,46.94046],[16.21386,46.94067],[16.21385,46.94066],[16.21361,46.94064],[16.21344,46.94061],[16.21321,46.94055],[16.21224,46.94019],[16.21204,46.94017],[16.21177,46.94026],[16.21158,46.9404],[16.21151,46.94053],[16.2115,46.94055],[16.21149,46.94065],[16.21152,46.94082],[16.21154,46.94093],[16.21161,46.94113],[16.21113,46.94124],[16.21099,46.94127],[16.21088,46.94131],[16.2107,46.94138],[16.21071,46.94141],[16.21081,46.94158],[16.21087,46.94166],[16.21094,46.94174],[16.21102,46.94181],[16.21089,46.94194],[16.21073,46.94209],[16.21049,46.94227],[16.21038,46.94236],[16.21029,46.94242],[16.21017,46.94247],[16.21003,46.9425],[16.2099,46.94241],[16.20973,46.94232],[16.20955,46.94224],[16.20931,46.94217],[16.20936,46.94192],[16.20938,46.94185],[16.20947,46.94162],[16.20952,46.94153],[16.20952,46.94147],[16.20957,46.94144],[16.20961,46.9414],[16.20967,46.94141],[16.2099,46.94134],[16.21,46.9413],[16.21007,46.94127],[16.2102,46.94119],[16.21028,46.94117],[16.21038,46.94112],[16.21045,46.94108],[16.21054,46.94101],[16.21057,46.94095],[16.21062,46.94088],[16.21063,46.94071],[16.21062,46.9406],[16.2106,46.94052],[16.21057,46.94048],[16.21056,46.94044],[16.21051,46.94037],[16.21037,46.94026],[16.21031,46.94024],[16.21027,46.94024],[16.21018,46.94021],[16.21017,46.9403],[16.2101,46.9404],[16.21006,46.94048],[16.20994,46.94044],[16.20938,46.94021],[16.20947,46.94007],[16.2094,46.94003],[16.20932,46.93996],[16.20926,46.93989],[16.20921,46.93985],[16.20901,46.93975],[16.20894,46.93972],[16.20888,46.93971],[16.20875,46.93965],[16.20869,46.93958],[16.20853,46.93945],[16.20845,46.93939],[16.20841,46.93931],[16.20837,46.93919],[16.20825,46.939],[16.20821,46.93897],[16.20817,46.93893],[16.20775,46.93887],[16.20768,46.93887],[16.20754,46.93889],[16.20742,46.93895],[16.20725,46.93902],[16.20717,46.93907],[16.20703,46.93923],[16.20697,46.93931],[16.2069,46.93939],[16.20687,46.93947],[16.20677,46.93961],[16.20671,46.93966],[16.2065,46.9398],[16.20643,46.93989],[16.20629,46.94001],[16.2063,46.94002],[16.20636,46.94003],[16.20654,46.9401],[16.20658,46.94013],[16.20663,46.94023],[16.20678,46.9403],[16.20686,46.94037],[16.20689,46.94045],[16.20689,46.94054],[16.20686,46.94064],[16.20686,46.94074],[16.20684,46.94084],[16.20683,46.94102],[16.20679,46.94117],[16.20671,46.94131],[16.20668,46.94145],[16.20659,46.9415],[16.2063,46.94138],[16.2061,46.94133],[16.20596,46.9413],[16.20587,46.94131],[16.20583,46.94131],[16.20572,46.94139],[16.20568,46.94146],[16.20564,46.94149],[16.2063,46.94205],[16.20626,46.9421],[16.20593,46.94255],[16.20354,46.94225],[16.20371,46.94203],[16.20362,46.94195],[16.20337,46.94214],[16.20319,46.9422],[16.20311,46.94219],[16.20174,46.94202],[16.1999,46.9418],[16.19981,46.94172],[16.19972,46.94158],[16.19958,46.94126],[16.19954,46.9412],[16.19949,46.94116],[16.19939,46.94109],[16.19927,46.94098],[16.19926,46.94094],[16.19931,46.94087],[16.19931,46.94079],[16.19925,46.9406],[16.19923,46.94047],[16.19895,46.94022],[16.19883,46.94021],[16.19864,46.9403],[16.19846,46.94034],[16.19816,46.94042],[16.19782,46.9404],[16.19774,46.94032],[16.19764,46.94017],[16.19754,46.93996],[16.19768,46.93974],[16.19773,46.9396],[16.19778,46.93948],[16.19772,46.93941],[16.19766,46.93928],[16.19759,46.93916],[16.19751,46.93906],[16.19731,46.93908],[16.19695,46.93909],[16.19686,46.93907],[16.19665,46.93909],[16.19656,46.93911],[16.19633,46.93916],[16.19621,46.93916],[16.19612,46.93915],[16.19609,46.93915],[16.19595,46.9391],[16.19577,46.93898],[16.19567,46.93884],[16.19563,46.93877],[16.19558,46.9387],[16.19549,46.9386],[16.19541,46.93854],[16.19539,46.93852],[16.19524,46.93835],[16.19521,46.93833],[16.19513,46.93826],[16.19499,46.93809],[16.19486,46.93798],[16.19479,46.93791],[16.1947,46.93785],[16.19531,46.93767],[16.19504,46.93742],[16.19458,46.937],[16.19439,46.93684],[16.1941,46.93655],[16.19405,46.93651],[16.19397,46.93636],[16.19383,46.93613],[16.1938,46.93604],[16.19377,46.93601],[16.1937,46.93595],[16.19361,46.93588],[16.19354,46.93584],[16.19348,46.93577],[16.19343,46.93574],[16.19339,46.9357],[16.19336,46.93565],[16.19346,46.93559],[16.1936,46.93552],[16.19366,46.93548],[16.19367,46.93542],[16.19367,46.93535],[16.19364,46.93521],[16.19357,46.93503],[16.19349,46.93479],[16.19345,46.93464],[16.19344,46.93452],[16.19346,46.93444],[16.19351,46.93435],[16.19357,46.93422],[16.19358,46.93415],[16.19357,46.9341],[16.19353,46.93395],[16.19337,46.93343],[16.19328,46.93318],[16.19323,46.93308],[16.19285,46.93272],[16.19271,46.93258],[16.19263,46.93247],[16.19261,46.93242],[16.19259,46.93216],[16.19259,46.93193],[16.19264,46.93179],[16.19265,46.93169],[16.19262,46.93153],[16.1926,46.93145],[16.19252,46.93135],[16.19223,46.93106],[16.19218,46.93099],[16.19202,46.93081],[16.19192,46.93066],[16.19179,46.93039],[16.19176,46.93027],[16.19174,46.93026],[16.1917,46.93024],[16.19139,46.93019],[16.19098,46.93012],[16.19053,46.93002],[16.19055,46.92985],[16.19057,46.92979],[16.19056,46.92973],[16.19046,46.92954],[16.19034,46.92952],[16.19034,46.92951],[16.1903,46.9295],[16.19026,46.92944],[16.19023,46.92932],[16.19024,46.92928],[16.19022,46.92916],[16.19023,46.92907],[16.19019,46.92891],[16.19016,46.92881],[16.19015,46.92874],[16.19012,46.92866],[16.19013,46.92857],[16.19009,46.92817],[16.19006,46.9281],[16.19014,46.92789],[16.19031,46.92778],[16.19032,46.92773],[16.18992,46.92765],[16.18974,46.92763],[16.18976,46.9275],[16.1897,46.92742],[16.18965,46.92732],[16.18957,46.92722],[16.1896,46.92701],[16.18962,46.92684],[16.18964,46.92675],[16.1896,46.92661],[16.18909,46.92615],[16.18912,46.92596],[16.18887,46.92575],[16.18861,46.92564],[16.18863,46.92545],[16.18855,46.92522],[16.18852,46.92495],[16.1885,46.92486],[16.18852,46.92486],[16.18844,46.92449],[16.18834,46.92417],[16.1882,46.92373],[16.18788,46.92338],[16.18776,46.92323],[16.18769,46.92307],[16.18768,46.92298],[16.1877,46.92283],[16.18768,46.9227],[16.18769,46.9223],[16.18743,46.92226],[16.1872,46.92203],[16.18669,46.92173],[16.18694,46.92139],[16.18689,46.92104],[16.18666,46.92075],[16.18628,46.92045],[16.18611,46.92039],[16.18586,46.92019],[16.18552,46.92001],[16.18528,46.91984],[16.18507,46.91956],[16.18494,46.91937],[16.18474,46.91916],[16.18464,46.91905],[16.1843,46.9188],[16.18394,46.9185],[16.18368,46.91779],[16.18353,46.91734],[16.18345,46.91724],[16.18332,46.91705],[16.18313,46.91683],[16.18288,46.9165],[16.18268,46.91618],[16.18239,46.91569],[16.18215,46.91534],[16.18191,46.91504],[16.18178,46.91495],[16.18174,46.91489],[16.18168,46.91482],[16.18164,46.91477],[16.18156,46.91414],[16.18152,46.91387],[16.18134,46.91354],[16.18098,46.91309],[16.18046,46.91246],[16.18046,46.91207],[16.18051,46.9117],[16.18039,46.91121],[16.18033,46.91089],[16.18029,46.91044],[16.18029,46.91031],[16.18025,46.90997],[16.18017,46.9097],[16.18011,46.90951],[16.17996,46.90922],[16.17989,46.90909],[16.17988,46.90905],[16.17977,46.90876],[16.17964,46.90853],[16.17947,46.90825],[16.17939,46.90818],[16.1793,46.90807],[16.17926,46.90795],[16.17916,46.90775],[16.17913,46.90762],[16.17906,46.90741],[16.17905,46.90732],[16.17913,46.90705],[16.17916,46.90683],[16.17925,46.90667],[16.17922,46.90664],[16.17872,46.90652],[16.17865,46.90647],[16.17857,46.90642],[16.1785,46.90636],[16.17842,46.90628],[16.17833,46.90622],[16.1782,46.90619],[16.17806,46.90612],[16.17792,46.90603],[16.17783,46.90599],[16.1773,46.90586],[16.17686,46.9058],[16.17571,46.90544],[16.17537,46.90578],[16.1747,46.90598],[16.17447,46.906],[16.17435,46.906],[16.17426,46.90602],[16.17414,46.9059],[16.17397,46.90589],[16.17397,46.90591],[16.17392,46.90588],[16.17393,46.90587],[16.17394,46.90583],[16.17385,46.90575],[16.17373,46.90574],[16.17368,46.90568],[16.17354,46.90567],[16.17347,46.90558],[16.17334,46.90554],[16.1733,46.90546],[16.1732,46.90544],[16.17323,46.90538],[16.17303,46.90539],[16.17297,46.90535],[16.17297,46.90539],[16.17288,46.90535],[16.17272,46.90521],[16.17272,46.90517],[16.17266,46.90513],[16.17265,46.9051],[16.17263,46.90508],[16.1726,46.90509],[16.17256,46.90502],[16.17249,46.90499],[16.17249,46.90496],[16.17246,46.90494],[16.17241,46.9049],[16.17238,46.90486],[16.17238,46.90483],[16.17229,46.90477],[16.17217,46.90476],[16.17209,46.9047],[16.17198,46.90465],[16.17187,46.90446],[16.17172,46.90428],[16.17159,46.90414],[16.1716,46.90407],[16.17164,46.90407],[16.17161,46.90399],[16.17151,46.90385],[16.17147,46.90378],[16.17144,46.90367],[16.1714,46.90365],[16.17138,46.90359],[16.17129,46.90355],[16.17119,46.90347],[16.17105,46.90349],[16.17096,46.90347],[16.17083,46.90346],[16.17082,46.90344],[16.17065,46.90351],[16.1706,46.90348],[16.17039,46.90345],[16.17019,46.90347],[16.17016,46.90345],[16.17004,46.90343],[16.17,46.90345],[16.17,46.90348],[16.16972,46.90373],[16.16927,46.90394],[16.16874,46.90428],[16.16844,46.90392],[16.16833,46.90381],[16.16824,46.90371],[16.16819,46.90367],[16.16804,46.90356],[16.16789,46.90341],[16.16772,46.90319],[16.1671,46.90337],[16.16669,46.9035],[16.16646,46.90362],[16.1662,46.90387],[16.16582,46.90417],[16.1654,46.90435],[16.16502,46.90444],[16.16473,46.90454],[16.16455,46.9046],[16.16427,46.90472],[16.16419,46.90474],[16.16392,46.90474],[16.16356,46.90476],[16.16326,46.9048],[16.16305,46.90487],[16.163,46.90488],[16.16289,46.90479],[16.16288,46.90474],[16.16299,46.90459],[16.16282,46.90458],[16.16266,46.90461],[16.16263,46.90452],[16.16248,46.90443],[16.1626,46.9044],[16.16259,46.90432],[16.16255,46.90427],[16.16261,46.90417],[16.16261,46.90403],[16.1625,46.90399],[16.16251,46.90393],[16.16247,46.90373],[16.16244,46.90367],[16.16247,46.90362],[16.16238,46.90352],[16.16233,46.90347],[16.16222,46.90342],[16.16217,46.90331],[16.16203,46.90331],[16.16205,46.90319],[16.16215,46.90309],[16.16211,46.90307],[16.16213,46.90296],[16.16221,46.9029],[16.16221,46.90284],[16.16215,46.9028],[16.16214,46.90275],[16.16209,46.90273],[16.16215,46.90268],[16.16208,46.90263],[16.16209,46.90256],[16.16206,46.90253],[16.16204,46.90241],[16.16205,46.90238],[16.16208,46.90227],[16.16199,46.90221],[16.16188,46.90224],[16.1617,46.90215],[16.16161,46.90215],[16.16156,46.90218],[16.16155,46.90207],[16.16142,46.9021],[16.16125,46.90201],[16.16127,46.90196],[16.16122,46.90192],[16.16111,46.90197],[16.16098,46.90195],[16.16097,46.9019],[16.16062,46.90197],[16.16053,46.90192],[16.16044,46.90198],[16.16024,46.90189],[16.16024,46.90171],[16.16017,46.9016],[16.16012,46.90158],[16.16012,46.90155],[16.16,46.9015],[16.16,46.90145],[16.15987,46.90139],[16.15978,46.90126],[16.15944,46.90084],[16.15942,46.9008],[16.15941,46.90076],[16.15934,46.90067],[16.15931,46.90064],[16.15914,46.9006],[16.15911,46.90054],[16.15907,46.90056],[16.15898,46.90047],[16.15902,46.90033],[16.159,46.9003],[16.15878,46.90003],[16.15888,46.89994],[16.15876,46.89985],[16.1588,46.89977],[16.15879,46.89972],[16.15875,46.89971],[16.15874,46.89952],[16.15882,46.89939],[16.15873,46.89919],[16.15876,46.89909],[16.15877,46.89903],[16.15873,46.89891],[16.15855,46.89889],[16.15843,46.89881],[16.15843,46.89878],[16.15838,46.8987],[16.15831,46.89867],[16.15838,46.89861],[16.15829,46.89858],[16.15825,46.89845],[16.15826,46.89841],[16.15835,46.89834],[16.15823,46.89825],[16.15821,46.89822],[16.15822,46.89813],[16.15817,46.89804],[16.15821,46.89799],[16.15829,46.89797],[16.15828,46.8979],[16.15821,46.8979],[16.15811,46.89788],[16.15816,46.89776],[16.15813,46.89766],[16.15824,46.89762],[16.15831,46.89757],[16.1582,46.89742],[16.15831,46.89734],[16.15848,46.89732],[16.15848,46.89729],[16.15836,46.89722],[16.15833,46.89721],[16.15825,46.89717],[16.15813,46.89715],[16.15806,46.89713],[16.158,46.89707],[16.15791,46.89694],[16.15777,46.89682],[16.15756,46.89677],[16.15734,46.89674],[16.1571,46.89669],[16.15673,46.8966],[16.15609,46.89646],[16.15584,46.8964],[16.15544,46.89639],[16.15519,46.89643],[16.15472,46.89646],[16.15428,46.89642],[16.15371,46.89649],[16.15336,46.8964],[16.15338,46.89631],[16.15348,46.89618],[16.15341,46.8961],[16.15352,46.89592],[16.15346,46.89582],[16.15351,46.89576],[16.15353,46.89571],[16.15353,46.89567],[16.15364,46.89559],[16.15361,46.89558],[16.15366,46.89541],[16.15369,46.89539],[16.15369,46.8953],[16.1536,46.89515],[16.15374,46.89506],[16.15371,46.89499],[16.15375,46.89496],[16.15375,46.89487],[16.15386,46.89466],[16.15384,46.89464],[16.15373,46.89459],[16.15384,46.89454],[16.1539,46.89453],[16.15391,46.89445],[16.15378,46.89439],[16.15384,46.89418],[16.15396,46.89403],[16.15396,46.89389],[16.15392,46.89374],[16.15398,46.89366],[16.15383,46.89365],[16.15368,46.89365],[16.15333,46.89363],[16.15297,46.89357],[16.15269,46.89349],[16.15219,46.89347],[16.15175,46.89348],[16.1517,46.89348],[16.15141,46.89349],[16.15091,46.89341],[16.15077,46.89336],[16.15044,46.89323],[16.14989,46.89319],[16.14934,46.89309],[16.14871,46.89306],[16.14875,46.89289],[16.14872,46.89286],[16.14865,46.89277],[16.14868,46.89266],[16.14855,46.89225],[16.14848,46.89221],[16.14856,46.892],[16.14853,46.89185],[16.14852,46.89169],[16.14854,46.89163],[16.14849,46.89151],[16.14854,46.89132],[16.14847,46.89076],[16.14845,46.89068],[16.14847,46.89053],[16.1485,46.8903],[16.14843,46.89013],[16.14841,46.89009],[16.14829,46.88993],[16.14824,46.88987],[16.14799,46.88946],[16.14791,46.88934],[16.14781,46.88914],[16.14764,46.8889],[16.14746,46.88864],[16.14722,46.8884],[16.14708,46.88832],[16.14705,46.88828],[16.1469,46.88818],[16.14671,46.88804],[16.14664,46.888],[16.14661,46.88796],[16.14658,46.88794],[16.14647,46.88783],[16.14638,46.8876],[16.14629,46.88746],[16.14615,46.88729],[16.14593,46.88707],[16.14586,46.88698],[16.1458,46.88695],[16.14564,46.88684],[16.14562,46.88681],[16.14566,46.88675],[16.14553,46.88671],[16.1455,46.88662],[16.14549,46.88662],[16.14534,46.88652],[16.14533,46.88648],[16.14535,46.88645],[16.14532,46.88641],[16.14528,46.88638],[16.14526,46.88632],[16.1452,46.88609],[16.14515,46.88605],[16.14448,46.88591],[16.1436,46.88547],[16.14345,46.8854],[16.1429,46.88527],[16.14229,46.88505],[16.14191,46.88521],[16.14177,46.88528],[16.14137,46.88542],[16.14127,46.88542],[16.14096,46.88548],[16.14064,46.8855],[16.1403,46.88555],[16.13996,46.88565],[16.13978,46.88565],[16.13959,46.8856],[16.13924,46.88544],[16.13899,46.88534],[16.13891,46.88529],[16.13875,46.88516],[16.1383,46.88432],[16.13824,46.8842],[16.13815,46.884],[16.13794,46.88361],[16.13792,46.88343],[16.13787,46.88326],[16.13775,46.88297],[16.13773,46.8829],[16.13775,46.8827],[16.13776,46.88252],[16.13774,46.88232],[16.13771,46.88219],[16.13766,46.88203],[16.13755,46.88192],[16.13748,46.88186],[16.13727,46.88169],[16.13711,46.88147],[16.13684,46.88127],[16.13673,46.88114],[16.13675,46.88112],[16.13668,46.88103],[16.13657,46.88087],[16.13652,46.88076],[16.1365,46.88064],[16.1365,46.88057],[16.13651,46.8805],[16.13656,46.88035],[16.13661,46.88019],[16.1366,46.88008],[16.13657,46.87999],[16.13654,46.87994],[16.1363,46.87971],[16.13615,46.87961],[16.13604,46.87954],[16.1358,46.87942],[16.13566,46.87925],[16.13558,46.8792],[16.13533,46.87907],[16.13514,46.87899],[16.13491,46.8788],[16.13483,46.87871],[16.13477,46.87863],[16.13464,46.87851],[16.13429,46.87817],[16.13419,46.87812],[16.1341,46.87804],[16.13398,46.87788],[16.13391,46.87768],[16.13388,46.87754],[16.13386,46.87707],[16.13389,46.8769],[16.13387,46.87666],[16.13386,46.8765],[16.13385,46.87639],[16.13379,46.8763],[16.13339,46.87596],[16.1332,46.87577],[16.13296,46.87561],[16.13284,46.87555],[16.13244,46.87546],[16.13234,46.87543],[16.132,46.87528],[16.13191,46.87525],[16.13182,46.87523],[16.13163,46.87521],[16.13147,46.87521],[16.13065,46.87517],[16.13021,46.87515],[16.12981,46.875],[16.12974,46.87499],[16.12923,46.8748],[16.12906,46.87467],[16.12896,46.8745],[16.12853,46.87425],[16.12789,46.87402],[16.12783,46.87398],[16.12776,46.87392],[16.12751,46.8738],[16.12732,46.87368],[16.12714,46.87355],[16.12699,46.87346],[16.12689,46.8734],[16.12665,46.8733],[16.12656,46.87327],[16.12648,46.87325],[16.1264,46.87324],[16.12635,46.87324],[16.12623,46.87325],[16.12605,46.87328],[16.1259,46.87328],[16.12574,46.87328],[16.1256,46.87327],[16.12539,46.87328],[16.12502,46.87329],[16.12492,46.8733],[16.12488,46.87321],[16.12485,46.87317],[16.12465,46.87285],[16.12452,46.87256],[16.1244,46.87228],[16.12416,46.87203],[16.12398,46.87185],[16.12373,46.87186],[16.1237,46.87197],[16.12248,46.87244],[16.12182,46.87258],[16.12088,46.87237],[16.11997,46.87195],[16.11923,46.87186],[16.11872,46.87191],[16.11847,46.87158],[16.11792,46.87122],[16.11744,46.87077],[16.11696,46.87067],[16.11642,46.87056],[16.11604,46.87046],[16.1155,46.87031],[16.11385,46.86906],[16.1133,46.86914],[16.11219,46.8693],[16.11178,46.86923],[16.11139,46.86921],[16.11106,46.86911],[16.11082,46.86901],[16.11061,46.86892],[16.11036,46.86884],[16.11028,46.86881],[16.11022,46.86877],[16.11005,46.86863],[16.11,46.86858],[16.10988,46.86845],[16.10973,46.86826],[16.10938,46.86802],[16.10926,46.86795],[16.10917,46.86789],[16.10909,46.86782],[16.10886,46.8675],[16.10863,46.86721],[16.10832,46.86698],[16.10818,46.86696],[16.10804,46.86693],[16.10783,46.86685],[16.10772,46.86679],[16.10769,46.86676],[16.10738,46.86644],[16.10718,46.86619],[16.10716,46.86616],[16.10714,46.86609],[16.107,46.8657],[16.10694,46.8655],[16.10688,46.86537],[16.10682,46.86527],[16.10674,46.86521],[16.1065,46.86508],[16.10623,46.86494],[16.1059,46.8648],[16.10572,46.86472],[16.10546,46.86464],[16.10532,46.86459],[16.10514,46.86453],[16.10487,46.86438],[16.1047,46.8643],[16.10456,46.86423],[16.10443,46.8642],[16.10406,46.86415],[16.10354,46.86402],[16.10341,46.86397],[16.10331,46.86392],[16.10322,46.86386],[16.10311,46.86378],[16.10298,46.8637],[16.10271,46.86358],[16.10258,46.86352],[16.10233,46.86336],[16.10218,46.86326],[16.1021,46.86318],[16.10199,46.86311],[16.10189,46.86306],[16.1018,46.86302],[16.10139,46.86289],[16.10129,46.86285],[16.10121,46.8628],[16.10104,46.86268],[16.10081,46.86245],[16.10075,46.86235],[16.10055,46.86185],[16.10048,46.86147],[16.10045,46.86145],[16.10041,46.8614],[16.10037,46.86131],[16.10027,46.86112],[16.10011,46.86085],[16.10002,46.86075],[16.09996,46.8607],[16.09979,46.86064],[16.0995,46.86054],[16.09941,46.8605],[16.09928,46.86043],[16.09919,46.86038],[16.0991,46.86036],[16.09892,46.86035],[16.09858,46.86035],[16.0985,46.86036],[16.09824,46.86046],[16.09807,46.86055],[16.09805,46.86056],[16.09793,46.86068],[16.09781,46.86082],[16.09763,46.86111],[16.09752,46.8613],[16.09735,46.8616],[16.09712,46.86198],[16.09707,46.86211],[16.09701,46.86232],[16.09693,46.86249],[16.09678,46.86273],[16.09668,46.86297],[16.09645,46.86345],[16.09642,46.86359],[16.09629,46.86386],[16.09617,46.86399],[16.09593,46.86413],[16.09579,46.86419],[16.09563,46.86423],[16.09506,46.86443],[16.09469,46.86451],[16.09436,46.86459],[16.09425,46.86461],[16.09409,46.86461],[16.09366,46.86456],[16.09328,46.86451],[16.09328,46.86456],[16.0929,46.8646],[16.09284,46.86455],[16.09276,46.86457],[16.09271,46.86457],[16.09264,46.86456],[16.09248,46.86453],[16.09228,46.86452],[16.09216,46.86453],[16.09211,46.86453],[16.09196,46.86457],[16.09192,46.86458],[16.09141,46.86426],[16.09063,46.86392],[16.09014,46.86368],[16.08969,46.86329],[16.08962,46.8632],[16.08953,46.8631],[16.08943,46.86294],[16.08929,46.86225],[16.08926,46.86219],[16.08912,46.86199],[16.08872,46.86143],[16.08849,46.86102],[16.08823,46.86063],[16.08815,46.86049],[16.08808,46.86031],[16.08805,46.8602],[16.08808,46.85983],[16.08807,46.85976],[16.08789,46.85946],[16.08782,46.85937],[16.08768,46.85926],[16.08743,46.85909],[16.08728,46.85902],[16.08717,46.85899],[16.08701,46.85891],[16.08698,46.85889],[16.08696,46.85886],[16.08652,46.8585],[16.08623,46.85819],[16.08619,46.8581],[16.08612,46.85795],[16.08601,46.85777],[16.08574,46.85752],[16.08568,46.85749],[16.08545,46.85736],[16.08525,46.85721],[16.08467,46.85687],[16.08466,46.85686],[16.08437,46.85663],[16.08422,46.85649],[16.0841,46.8564],[16.08389,46.85618],[16.08364,46.85609],[16.08335,46.85599],[16.08299,46.85599],[16.08256,46.856],[16.08245,46.85601],[16.08231,46.85601],[16.08221,46.85599],[16.08202,46.85593],[16.08195,46.8559],[16.08186,46.85584],[16.0817,46.8557],[16.08159,46.85554],[16.0814,46.85537],[16.08138,46.85538],[16.08132,46.85529],[16.08126,46.8552],[16.08125,46.85517],[16.08126,46.8551],[16.0812,46.85504],[16.08117,46.855],[16.08107,46.85484],[16.08105,46.8548],[16.08094,46.85434],[16.08092,46.85426],[16.0809,46.85424],[16.08086,46.85416],[16.08048,46.85389],[16.08027,46.85375],[16.08012,46.85362],[16.07992,46.85346],[16.07981,46.85336],[16.07971,46.85322],[16.07967,46.85312],[16.07962,46.85304],[16.07957,46.85299],[16.07931,46.85274],[16.0791,46.85265],[16.07897,46.8526],[16.0789,46.85262],[16.07882,46.85264],[16.0787,46.85271],[16.07861,46.85276],[16.07849,46.8528],[16.07798,46.85292],[16.07785,46.85292],[16.0777,46.85292],[16.07756,46.85289],[16.07754,46.85293],[16.07716,46.85298],[16.07685,46.85314],[16.07651,46.8532],[16.07649,46.85318],[16.07643,46.85319],[16.07626,46.85322],[16.07618,46.85322],[16.07604,46.8532],[16.07595,46.85317],[16.07577,46.8531],[16.07556,46.853],[16.0751,46.85283],[16.0749,46.85276],[16.07477,46.85275],[16.07462,46.85276],[16.07446,46.8528],[16.07427,46.85287],[16.07404,46.85293],[16.07384,46.85296],[16.07352,46.853],[16.07233,46.85303],[16.07221,46.85304],[16.07197,46.85308],[16.07159,46.85309],[16.07146,46.85307],[16.07097,46.8528],[16.07089,46.8527],[16.07074,46.85244],[16.07065,46.8522],[16.07061,46.85214],[16.07047,46.852],[16.07023,46.85168],[16.07002,46.85143],[16.06999,46.85135],[16.06993,46.85117],[16.06969,46.85098],[16.06951,46.85088],[16.06938,46.85084],[16.06921,46.85078],[16.06913,46.85073],[16.06895,46.8506],[16.06885,46.85055],[16.06817,46.85029],[16.06795,46.85018],[16.0678,46.85011],[16.06768,46.85008],[16.0673,46.85005],[16.06691,46.85],[16.06679,46.84999],[16.06619,46.84998],[16.06595,46.84995],[16.06563,46.84987],[16.0657,46.84963],[16.06576,46.84951],[16.06586,46.8492],[16.06595,46.84892],[16.06601,46.84863],[16.06612,46.84848],[16.06614,46.84844],[16.06619,46.84815],[16.0662,46.84793],[16.06614,46.84758],[16.06603,46.84729],[16.06596,46.84715],[16.06593,46.84704],[16.0659,46.84704],[16.06585,46.84681],[16.06586,46.8467],[16.06588,46.84662],[16.06592,46.84655],[16.06599,46.84624],[16.06596,46.84605],[16.06588,46.84599],[16.06578,46.84585],[16.06564,46.84572],[16.06482,46.84515],[16.06458,46.84495],[16.06448,46.84481],[16.06451,46.84467],[16.06439,46.84461],[16.06385,46.84459],[16.06378,46.8446],[16.06357,46.84425],[16.06341,46.84402],[16.06328,46.84385],[16.06314,46.84371],[16.06303,46.84362],[16.06289,46.84352],[16.06267,46.84338],[16.06238,46.84321],[16.06215,46.84308],[16.06183,46.8429],[16.06165,46.84279],[16.06156,46.84273],[16.06137,46.84255],[16.06068,46.84167],[16.06019,46.84106],[16.06017,46.84085],[16.06015,46.84077],[16.06005,46.8405],[16.06001,46.84038],[16.05996,46.84025],[16.05996,46.84013],[16.05988,46.83993],[16.05977,46.83979],[16.05942,46.83939],[16.05924,46.83928],[16.05906,46.83907],[16.05897,46.83899],[16.05888,46.83896],[16.05868,46.83889],[16.05843,46.83868],[16.05838,46.83865],[16.05833,46.83868],[16.05778,46.83887],[16.05763,46.8389],[16.05727,46.83911],[16.05586,46.83987],[16.05507,46.8403],[16.05469,46.84051],[16.05463,46.84054],[16.05463,46.8405],[16.05458,46.84045],[16.05457,46.84035],[16.05448,46.84031],[16.05441,46.84031],[16.05428,46.84034],[16.05406,46.84018],[16.05404,46.84012],[16.05348,46.83982],[16.05345,46.83977],[16.05325,46.83961],[16.05312,46.83953],[16.05306,46.83944],[16.05282,46.83924],[16.05282,46.83917],[16.05266,46.83887],[16.05255,46.8388],[16.05232,46.83875],[16.05208,46.83864],[16.05212,46.83852],[16.05199,46.83841],[16.05195,46.83832],[16.05197,46.83824],[16.05173,46.83809],[16.05168,46.83806],[16.05165,46.83801],[16.05169,46.83794],[16.05141,46.83781],[16.05122,46.83738],[16.05126,46.83728],[16.05125,46.83726],[16.05121,46.83724],[16.0511,46.83728],[16.05106,46.83728],[16.05102,46.83745],[16.05103,46.83757],[16.05095,46.83759],[16.05088,46.83763],[16.05085,46.83763],[16.05011,46.83771],[16.04939,46.83807],[16.04867,46.83867],[16.04825,46.839],[16.04792,46.83907],[16.04724,46.8389],[16.04678,46.83894],[16.04617,46.83923],[16.04597,46.83905],[16.04526,46.83913],[16.04503,46.83914],[16.04492,46.8393],[16.04487,46.83935],[16.04464,46.83974],[16.04449,46.84037],[16.0439,46.84067],[16.04381,46.84067],[16.04377,46.84075],[16.04372,46.84074],[16.04366,46.8408],[16.04337,46.8408],[16.04324,46.84075],[16.04296,46.84076],[16.0429,46.8407],[16.04232,46.84054],[16.04183,46.84029],[16.0415,46.84008],[16.04139,46.84003],[16.04127,46.84],[16.04121,46.84003],[16.04118,46.84004],[16.041,46.84001],[16.04109,46.83985],[16.041,46.83979],[16.04095,46.83964],[16.04077,46.83963],[16.04091,46.83938],[16.04097,46.83918],[16.04094,46.83915],[16.04082,46.8391],[16.04082,46.83909],[16.04095,46.83894],[16.04063,46.83886],[16.04058,46.83876],[16.04064,46.83866],[16.04064,46.83854],[16.04056,46.83848],[16.04054,46.83848],[16.04036,46.83846],[16.04032,46.83841],[16.04042,46.8383],[16.04046,46.83824],[16.0404,46.8382],[16.04033,46.83818],[16.04016,46.83811],[16.04024,46.83801],[16.04024,46.83783],[16.04016,46.8378],[16.04012,46.83778],[16.04002,46.83769],[16.04,46.83759],[16.04004,46.83751],[16.04012,46.83745],[16.04009,46.83739],[16.04003,46.83699],[16.04004,46.83676],[16.03999,46.83666],[16.03995,46.83661],[16.0399,46.83651],[16.03997,46.8363],[16.03987,46.83618],[16.03993,46.83612],[16.03921,46.83589],[16.03875,46.83602],[16.0384,46.83596],[16.03798,46.83562],[16.03733,46.83525],[16.03694,46.83502],[16.0365,46.83486],[16.03606,46.83484],[16.03541,46.83499],[16.03514,46.83491],[16.0351,46.83464],[16.035,46.83446],[16.03502,46.83444],[16.0351,46.83436],[16.03525,46.83412],[16.03533,46.83407],[16.03473,46.83383],[16.03442,46.83366],[16.03402,46.83351],[16.03373,46.83335],[16.03318,46.83307],[16.03285,46.83294],[16.03254,46.83277],[16.03238,46.8327],[16.03235,46.83291],[16.03236,46.8331],[16.0324,46.83328],[16.03227,46.83347],[16.03218,46.83387],[16.03219,46.83404],[16.03225,46.8344],[16.03223,46.83486],[16.03273,46.83502],[16.03279,46.83501],[16.03284,46.83504],[16.03294,46.83504],[16.03346,46.83516],[16.03363,46.83524],[16.03373,46.83531],[16.03386,46.83546],[16.0338,46.8355],[16.03364,46.83557],[16.03357,46.83563],[16.03348,46.83574],[16.03331,46.83584],[16.03323,46.83594],[16.03313,46.83602],[16.03303,46.83606],[16.03293,46.83614],[16.03266,46.8363],[16.03252,46.8365],[16.03248,46.83658],[16.03223,46.83691],[16.03198,46.83716],[16.03227,46.83733],[16.03196,46.83757],[16.03176,46.83799],[16.03176,46.83806],[16.03169,46.83825],[16.03138,46.83859],[16.03115,46.8388],[16.03088,46.839],[16.03069,46.83922],[16.03043,46.83942],[16.03027,46.83959],[16.02988,46.83994],[16.02957,46.84018],[16.02945,46.8403],[16.02911,46.8404],[16.02832,46.84076],[16.02811,46.8409],[16.02734,46.84112],[16.0273,46.84108],[16.02736,46.84088],[16.02737,46.84073],[16.02743,46.84056],[16.02736,46.8404],[16.02723,46.84036],[16.02714,46.8403],[16.02698,46.84011],[16.02692,46.8401],[16.02687,46.84016],[16.02676,46.84015],[16.02673,46.8401],[16.02661,46.84009],[16.0264,46.84001],[16.02635,46.83997],[16.02615,46.83996],[16.0261,46.84002],[16.02603,46.84003],[16.02597,46.83996],[16.02581,46.8399],[16.02562,46.84],[16.02556,46.83998],[16.02543,46.83996],[16.02535,46.8399],[16.02521,46.83992],[16.02511,46.83992],[16.02493,46.83996],[16.02481,46.83994],[16.02467,46.83994],[16.02458,46.83992],[16.02448,46.83997],[16.02443,46.83996],[16.02426,46.83999],[16.02422,46.83997],[16.02419,46.83993],[16.02409,46.83988],[16.02408,46.83982],[16.02416,46.8398],[16.02417,46.83974],[16.02409,46.83969],[16.02404,46.83959],[16.02397,46.83959],[16.02381,46.83966],[16.02369,46.83963],[16.02365,46.83957],[16.02359,46.83957],[16.02362,46.8395],[16.02361,46.83946],[16.02372,46.83931],[16.02369,46.83926],[16.0236,46.83919],[16.02358,46.83914],[16.02359,46.83904],[16.02346,46.83897],[16.02344,46.83897],[16.02342,46.83892],[16.02343,46.83879],[16.02337,46.8387],[16.02328,46.83863],[16.02316,46.83859],[16.02304,46.83856],[16.02289,46.83857],[16.02278,46.83846],[16.02276,46.83846],[16.02269,46.8385],[16.02269,46.83852],[16.02273,46.83855],[16.02273,46.83857],[16.02267,46.83859],[16.02255,46.83861],[16.02234,46.8385],[16.02222,46.83848],[16.02205,46.83851],[16.02196,46.83843],[16.02194,46.83843],[16.02188,46.83847],[16.0218,46.83849],[16.02167,46.83856],[16.02159,46.83853],[16.02158,46.83847],[16.02152,46.83844],[16.02148,46.83837],[16.02156,46.83829],[16.02153,46.83827],[16.0214,46.83825],[16.02124,46.83816],[16.02116,46.83816],[16.02109,46.83819],[16.02098,46.8382],[16.02093,46.83829],[16.02081,46.8383],[16.02072,46.83829],[16.02064,46.83826],[16.02059,46.8382],[16.02059,46.83811],[16.02053,46.83804],[16.02048,46.838],[16.02045,46.8379],[16.02041,46.83788],[16.02041,46.83779],[16.02034,46.83775],[16.02027,46.83772],[16.02025,46.83765],[16.02022,46.83763],[16.02015,46.8376],[16.02016,46.83757],[16.02025,46.83753],[16.02031,46.83744],[16.02029,46.83741],[16.02008,46.83737],[16.02002,46.83738],[16.01999,46.83737],[16.01995,46.83735],[16.01986,46.83727],[16.01985,46.83724],[16.01975,46.83716],[16.01959,46.83698],[16.01956,46.83695],[16.01943,46.83691],[16.01935,46.83685],[16.01921,46.8368],[16.01908,46.83687],[16.01896,46.83687],[16.01878,46.83686],[16.01863,46.83683],[16.0185,46.83677],[16.01838,46.83675],[16.01839,46.83672],[16.01861,46.83654],[16.01832,46.83633],[16.01812,46.83631],[16.0178,46.83635],[16.01707,46.83634],[16.0166,46.83618],[16.01621,46.83606],[16.01615,46.83605],[16.01574,46.83607],[16.01541,46.83627],[16.01522,46.83627],[16.01446,46.83611],[16.01439,46.83614],[16.01395,46.83608],[16.01352,46.83588],[16.01314,46.83554],[16.01247,46.83501],[16.01204,46.83482],[16.01196,46.8348],[16.0119,46.83474],[16.01177,46.8347],[16.01171,46.83473],[16.01166,46.8347],[16.01156,46.83471],[16.01148,46.83466],[16.01141,46.83465],[16.01134,46.83461],[16.01122,46.83458],[16.01105,46.83449],[16.01079,46.83427],[16.01071,46.83405],[16.01071,46.83397],[16.01059,46.83387],[16.01053,46.83374],[16.01047,46.83369],[16.01037,46.83354],[16.01027,46.8334],[16.01014,46.83323],[16.01004,46.83313],[16.00998,46.83305],[16.00993,46.83289],[16.00984,46.8328],[16.00973,46.83276],[16.00959,46.83265],[16.00934,46.83241],[16.00925,46.83235],[16.00916,46.8322],[16.00907,46.83212],[16.00904,46.83207],[16.00895,46.83201],[16.00887,46.83192],[16.00884,46.83187],[16.00875,46.83183],[16.00867,46.83175],[16.00862,46.83171],[16.00857,46.83171],[16.00852,46.83173],[16.00833,46.83176],[16.00795,46.8316],[16.008,46.83159],[16.00815,46.83145],[16.00795,46.83117],[16.00809,46.8311],[16.00793,46.83081],[16.00798,46.83073],[16.00768,46.83067],[16.00766,46.83063],[16.00742,46.83073],[16.00725,46.83077],[16.00706,46.8308],[16.00659,46.83084],[16.00632,46.83085],[16.00616,46.83089],[16.00597,46.83094],[16.00584,46.83099],[16.00571,46.83103],[16.00525,46.83113],[16.00512,46.83119],[16.00492,46.83125],[16.00469,46.83132],[16.0046,46.83133],[16.00426,46.83125],[16.00359,46.83125],[16.0033,46.83123],[16.0032,46.83128],[16.00243,46.83128],[16.00195,46.83139],[16.00149,46.83152],[16.00067,46.83192],[16.00017,46.83228],[15.99961,46.83263],[15.99943,46.83276],[15.99913,46.83308],[15.99863,46.83361],[15.9986,46.83364],[15.99853,46.83373],[15.99824,46.83405],[15.99811,46.83417],[15.99778,46.8345],[15.99753,46.83469],[15.99741,46.83482],[15.99723,46.83488],[15.99675,46.83501],[15.99655,46.83518],[15.99622,46.8354],[15.99611,46.83537],[15.99548,46.83489],[15.99522,46.83484],[15.99511,46.83486],[15.99447,46.83478],[15.9944,46.83474],[15.99434,46.83459],[15.99381,46.83409],[15.99355,46.83379],[15.99334,46.83356],[15.99312,46.83339],[15.99287,46.83329],[15.99245,46.83327],[15.99223,46.83322],[15.99193,46.83317],[15.99116,46.83292],[15.99102,46.83282],[15.99106,46.83271],[15.99107,46.83265],[15.99107,46.83245],[15.99108,46.83241],[15.99108,46.83239],[15.99103,46.83232],[15.99098,46.83218],[15.99095,46.83212],[15.99086,46.83199],[15.99071,46.83185],[15.9906,46.83171],[15.99049,46.83161],[15.99023,46.83143],[15.9901,46.8313],[15.99,46.83117],[15.98982,46.83101],[15.98933,46.83068],[15.98907,46.83047],[15.98963,46.82947],[15.98939,46.82928],[15.9892,46.82916],[15.98851,46.82882],[15.98817,46.82868],[15.98805,46.82863],[15.98772,46.82849],[15.98749,46.82835],[15.98738,46.82825],[15.98719,46.82826],[15.9871,46.82819],[15.98669,46.82794],[15.98647,46.82776],[15.98625,46.82755],[15.98609,46.82742],[15.98591,46.82743],[15.98558,46.82734],[15.98537,46.8273],[15.9854,46.82725],[15.98541,46.82719],[15.98544,46.82714],[15.98547,46.82706],[15.98553,46.82703],[15.98565,46.82702],[15.98576,46.82699],[15.98586,46.82693],[15.98594,46.82687],[15.98596,46.82683],[15.98587,46.82676],[15.9858,46.82657],[15.9862,46.82663],[15.98625,46.82652],[15.98632,46.82641],[15.98644,46.82627],[15.98653,46.82611],[15.98655,46.826],[15.98652,46.8259],[15.98639,46.82584],[15.98654,46.82545],[15.98672,46.82504],[15.98685,46.82495],[15.98706,46.82486],[15.98698,46.82468],[15.98691,46.82449],[15.98696,46.82442],[15.98701,46.8242],[15.98703,46.82391],[15.98712,46.82351],[15.98742,46.82276],[15.9874,46.82262],[15.98724,46.82218],[15.98719,46.82198],[15.98718,46.82178],[15.9873,46.8215],[15.98759,46.82125],[15.98743,46.82109],[15.98731,46.82093],[15.9875,46.82036],[15.98777,46.82016],[15.98805,46.82006],[15.98816,46.82004],[15.98814,46.8197],[15.98797,46.8196],[15.98819,46.81941],[15.98833,46.81927],[15.98836,46.81924],[15.98865,46.81918],[15.98885,46.81916],[15.98916,46.8191],[15.98922,46.81907],[15.98934,46.81906],[15.98937,46.81909],[15.98946,46.81908],[15.98957,46.81905],[15.98964,46.81901],[15.98969,46.81895],[15.9897,46.81889],[15.98994,46.81889],[15.9906,46.81851],[15.99083,46.81819],[15.99096,46.81813],[15.99122,46.81806],[15.99188,46.8173],[15.99204,46.81711],[15.99176,46.81679],[15.99191,46.81671],[15.99204,46.8166],[15.99216,46.81647],[15.99226,46.81632],[15.99239,46.81617],[15.99247,46.8161],[15.99257,46.81603],[15.99292,46.81584],[15.99303,46.81574],[15.9931,46.81558],[15.99313,46.81547],[15.99319,46.81537],[15.99329,46.8153],[15.99341,46.81523],[15.99353,46.81518],[15.99367,46.81509],[15.99376,46.81499],[15.99382,46.81488],[15.9939,46.81478],[15.994,46.81471],[15.99421,46.81462],[15.99437,46.81452],[15.99446,46.81441],[15.99452,46.81428],[15.99458,46.81418],[15.99466,46.81411],[15.9948,46.81401],[15.99501,46.81387],[15.99514,46.81375],[15.99523,46.81362],[15.9953,46.81348],[15.99539,46.81336],[15.99548,46.81327],[15.99579,46.81304],[15.99611,46.8128],[15.99626,46.81266],[15.99645,46.81247],[15.99678,46.81207],[15.99694,46.81194],[15.99716,46.81178],[15.99733,46.81163],[15.99751,46.81142],[15.99764,46.81124],[15.9978,46.81097],[15.99791,46.81074],[15.99804,46.81037],[15.99809,46.81014],[15.99813,46.8098],[15.99814,46.80946],[15.99811,46.80922],[15.99803,46.80882],[15.99798,46.80863],[15.99786,46.8084],[15.99773,46.80821],[15.9976,46.80805],[15.99743,46.80788],[15.99724,46.80774],[15.99704,46.80761],[15.99681,46.80749],[15.9959,46.80707],[15.99574,46.80696],[15.99564,46.80688],[15.99557,46.8068],[15.9955,46.8067],[15.99544,46.80658],[15.99518,46.80595],[15.9951,46.80578],[15.99501,46.80566],[15.9949,46.80556],[15.99478,46.80547],[15.99454,46.80535],[15.99434,46.80526],[15.99416,46.80517],[15.99398,46.80508],[15.99378,46.80496],[15.99364,46.80486],[15.99345,46.80472],[15.99328,46.80458],[15.99312,46.80444],[15.99297,46.80427],[15.99285,46.80413],[15.99275,46.80399],[15.99267,46.80386],[15.99257,46.80368],[15.99249,46.8035],[15.99241,46.80329],[15.99236,46.80308],[15.99233,46.80285],[15.99232,46.80252],[15.99232,46.80243],[15.99233,46.80222],[15.99234,46.8021],[15.99237,46.80197],[15.99245,46.80168],[15.99277,46.80086],[15.99285,46.8006],[15.99289,46.8004],[15.99291,46.80023],[15.99292,46.80001],[15.99291,46.79956],[15.99289,46.79939],[15.99282,46.7992],[15.99272,46.79901],[15.99264,46.79883],[15.99259,46.79868],[15.99257,46.79853],[15.99257,46.79841],[15.99256,46.79828],[15.99258,46.79815],[15.99262,46.79801],[15.99267,46.79788],[15.99273,46.79775],[15.99285,46.79758],[15.99332,46.79695],[15.99341,46.7968],[15.99348,46.79664],[15.99351,46.79651],[15.99354,46.79635],[15.99353,46.79619],[15.99351,46.79603],[15.99342,46.79575],[15.9934,46.7956],[15.99341,46.79549],[15.99345,46.79538],[15.99349,46.7953],[15.99366,46.79503],[15.99375,46.79488],[15.99383,46.79471],[15.99389,46.79456],[15.99395,46.79438],[15.99399,46.79424],[15.99402,46.79407],[15.99404,46.79389],[15.99405,46.79369],[15.99404,46.79348],[15.9934,46.78902],[15.99331,46.78853],[15.99319,46.78809],[15.99305,46.78768],[15.99235,46.78569],[15.99184,46.78425],[15.99169,46.78391],[15.99156,46.78362],[15.99124,46.78307],[15.99107,46.78281],[15.9907,46.78228],[15.99063,46.78219],[15.99053,46.78205],[15.98968,46.78083],[15.98961,46.78068],[15.98955,46.78053],[15.98954,46.78036],[15.98955,46.78024],[15.98958,46.78013],[15.98962,46.78001],[15.98971,46.77987],[15.98983,46.77969],[15.98991,46.77955],[15.98997,46.77941],[15.99002,46.77924],[15.99005,46.77903],[15.99007,46.77887],[15.99006,46.77873],[15.99001,46.77858],[15.98993,46.77844],[15.9898,46.7783],[15.98955,46.77805],[15.98929,46.77776],[15.98918,46.77761],[15.98908,46.77746],[15.98897,46.77726],[15.98887,46.77702],[15.98879,46.77679],[15.98874,46.7766],[15.98871,46.77636],[15.9887,46.77603],[15.98874,46.7757],[15.98882,46.77541],[15.98893,46.77513],[15.98908,46.77484],[15.98928,46.77456],[15.98978,46.77394],[15.98996,46.77364],[15.99007,46.77343],[15.99015,46.77322],[15.9902,46.77306],[15.99024,46.77289],[15.99027,46.77273],[15.99029,46.77251],[15.99029,46.77237],[15.99028,46.77216],[15.99025,46.77195],[15.99021,46.77176],[15.99016,46.77158],[15.99009,46.77141],[15.99,46.77123],[15.98982,46.7709],[15.98972,46.77076],[15.98961,46.77061],[15.98946,46.77044],[15.98928,46.77027],[15.98911,46.77011],[15.98895,46.76994],[15.98883,46.76977],[15.98876,46.76961],[15.98872,46.76944],[15.98871,46.76929],[15.98873,46.76911],[15.98877,46.76897],[15.98882,46.76883],[15.98891,46.76871],[15.98904,46.76854],[15.98917,46.76836],[15.98925,46.7682],[15.9893,46.76806],[15.98933,46.7679],[15.98933,46.76774],[15.98929,46.76756],[15.98915,46.76719],[15.98912,46.76706],[15.98908,46.76685],[15.98907,46.76665],[15.98912,46.76547],[15.98917,46.76452],[15.98919,46.7638],[15.98916,46.7635],[15.98911,46.76327],[15.98901,46.76301],[15.98887,46.76276],[15.9884,46.76213],[15.98829,46.76191],[15.98823,46.76164],[15.98821,46.76142],[15.98824,46.76117],[15.98834,46.76089],[15.98963,46.75856],[15.98973,46.7583],[15.98977,46.75804],[15.98976,46.75778],[15.98968,46.7575],[15.98958,46.75728],[15.98947,46.75706],[15.98925,46.75668],[15.98902,46.75631],[15.98875,46.75594],[15.98847,46.75558],[15.98816,46.75525],[15.98785,46.75493],[15.98751,46.75462],[15.98715,46.75431],[15.98677,46.75402],[15.98511,46.75277],[15.98496,46.75265],[15.98487,46.75253],[15.98481,46.75242],[15.98477,46.75231],[15.98475,46.7522],[15.98475,46.75208],[15.98479,46.75195],[15.98484,46.75182],[15.98494,46.75169],[15.98499,46.75163],[15.98506,46.75157],[15.98524,46.75145],[15.98559,46.75128],[15.98577,46.75118],[15.98594,46.75107],[15.98607,46.75097],[15.98618,46.75087],[15.98629,46.75075],[15.98638,46.75065],[15.98644,46.75057],[15.98654,46.75038],[15.98666,46.7501],[15.98695,46.74937],[15.98705,46.7491],[15.98712,46.74882],[15.98713,46.74869],[15.98715,46.74855],[15.98715,46.7484],[15.98714,46.74826],[15.98713,46.74814],[15.98702,46.74758],[15.98702,46.74746],[15.98701,46.74719],[15.98703,46.74705],[15.98706,46.74687],[15.9871,46.7467],[15.98715,46.74654],[15.98726,46.7463],[15.98738,46.74608],[15.98766,46.74571],[15.98839,46.74489],[15.98851,46.74474],[15.9886,46.74459],[15.98865,46.74451],[15.98873,46.74431],[15.98876,46.74418],[15.98879,46.74405],[15.98879,46.74391],[15.98879,46.74379],[15.98877,46.74367],[15.98873,46.74354],[15.98867,46.74337],[15.98844,46.74278],[15.98833,46.74246],[15.9882,46.74195],[15.98811,46.74144],[15.98808,46.74116],[15.98808,46.74102],[15.9881,46.74093],[15.98812,46.74087],[15.98815,46.74078],[15.98821,46.74067],[15.98829,46.74056],[15.98843,46.74042],[15.9885,46.74036],[15.98863,46.74028],[15.98896,46.7401],[15.98909,46.74003],[15.98921,46.73995],[15.98932,46.73987],[15.98942,46.73976],[15.9895,46.73964],[15.98957,46.73947],[15.98961,46.73913],[15.98965,46.73899],[15.98972,46.73884],[15.98984,46.73868],[15.98999,46.73854],[15.99018,46.73842],[15.99028,46.73836],[15.99041,46.7383],[15.99082,46.73816],[15.99099,46.73809],[15.99118,46.73799],[15.99134,46.73788],[15.99151,46.73773],[15.99163,46.73759],[15.99171,46.73748],[15.99177,46.73734],[15.99181,46.73723],[15.99184,46.7371],[15.99184,46.73697],[15.99183,46.73684],[15.99175,46.73626],[15.99174,46.73607],[15.99173,46.73585],[15.99174,46.7357],[15.99177,46.73552],[15.99181,46.73528],[15.99185,46.73513],[15.9919,46.73498],[15.99197,46.7348],[15.99207,46.73459],[15.99226,46.73426],[15.99248,46.73393],[15.99263,46.73359],[15.99269,46.73335],[15.99273,46.73302],[15.99275,46.73266],[15.99278,46.73246],[15.99283,46.73228],[15.99302,46.73178],[15.99306,46.73164],[15.99314,46.73146],[15.99321,46.73134],[15.99329,46.73119],[15.99344,46.731],[15.99354,46.73088],[15.99372,46.73072],[15.99384,46.73062],[15.99401,46.73048],[15.99417,46.73039],[15.99434,46.73031],[15.99455,46.73025],[15.99473,46.73022],[15.99494,46.73021],[15.99521,46.73021],[15.99542,46.73019],[15.99561,46.73015],[15.99576,46.7301],[15.99585,46.73006],[15.99597,46.73],[15.9961,46.72992],[15.99624,46.7298],[15.99677,46.72931],[15.99714,46.72898],[15.99735,46.7288],[15.99799,46.7283],[15.99813,46.72819],[15.99836,46.72801],[15.99857,46.72779],[15.99872,46.72762],[15.9988,46.72751],[15.99891,46.72734],[15.999,46.72715],[15.99909,46.72692],[15.99919,46.72657],[15.9993,46.72628],[15.99941,46.72609],[15.99954,46.7259],[15.99963,46.72578],[15.99974,46.72565],[15.99992,46.72548],[16.00005,46.72537],[16.00032,46.72518],[16.00059,46.72502],[16.0008,46.72491],[16.00096,46.72484],[16.00147,46.72464],[16.00177,46.7245],[16.00201,46.72437],[16.00226,46.7242],[16.00262,46.72392],[16.00338,46.72331],[16.00351,46.72319],[16.0036,46.72307],[16.00364,46.723],[16.00369,46.72286],[16.0037,46.72271],[16.00369,46.7226],[16.00366,46.72248],[16.00362,46.72239],[16.00187,46.71965],[16.00181,46.71954],[16.00176,46.71944],[16.00175,46.71931],[16.00177,46.71919],[16.00179,46.71912],[16.00183,46.71905],[16.00188,46.71898],[16.00197,46.71889],[16.0021,46.7188],[16.00221,46.71875],[16.00233,46.7187],[16.00274,46.71862],[16.00295,46.71856],[16.00311,46.71847],[16.00325,46.71836],[16.00336,46.71822],[16.00342,46.71805],[16.00342,46.7179],[16.00339,46.71769],[16.00338,46.71756],[16.0034,46.71744],[16.00344,46.71734],[16.00351,46.71724],[16.00359,46.71715],[16.0037,46.71707],[16.00399,46.71694],[16.0044,46.71681],[16.00481,46.71669],[16.00525,46.71657],[16.00577,46.71644],[16.00616,46.71636],[16.00658,46.71628],[16.00716,46.71619],[16.00778,46.71611],[16.00796,46.71609],[16.00811,46.71608],[16.00828,46.71608],[16.00844,46.71609],[16.00859,46.71611],[16.00873,46.71615],[16.00885,46.7162],[16.00982,46.71664],[16.01101,46.71721],[16.01157,46.71746],[16.01168,46.7175],[16.01184,46.71754],[16.01207,46.71755],[16.01224,46.71754],[16.01244,46.7175],[16.01256,46.71746],[16.01267,46.7174],[16.01279,46.71733],[16.01294,46.71721],[16.01307,46.71713],[16.01322,46.71707],[16.01336,46.71702],[16.01352,46.71699],[16.01369,46.71696],[16.01383,46.71695],[16.01392,46.71696],[16.01399,46.71696],[16.01407,46.71695],[16.01425,46.71691],[16.0144,46.71687],[16.01451,46.71683],[16.01469,46.71674],[16.01502,46.71655],[16.01522,46.71648],[16.01549,46.7164],[16.0157,46.71635],[16.01584,46.71633],[16.01603,46.71628],[16.01615,46.71624],[16.0163,46.71618],[16.01643,46.71612],[16.01663,46.716],[16.01675,46.71591],[16.01681,46.71587],[16.01694,46.71573],[16.01732,46.71533],[16.01895,46.71358],[16.01923,46.71328],[16.01938,46.71309],[16.01955,46.71286],[16.01992,46.71225],[16.02,46.71213],[16.0201,46.712],[16.02039,46.7116],[16.02058,46.71136],[16.02064,46.71129],[16.02072,46.71121],[16.02083,46.71111],[16.0209,46.71106],[16.02096,46.71102],[16.02104,46.71098],[16.02113,46.71094],[16.02128,46.71089],[16.02137,46.71086],[16.02147,46.71084],[16.02157,46.71083],[16.02167,46.71082],[16.02178,46.71082],[16.02197,46.71083],[16.02237,46.71089],[16.02378,46.7111],[16.02424,46.71117],[16.02442,46.71121],[16.02482,46.71129],[16.02505,46.71136],[16.02623,46.71171],[16.02777,46.71217],[16.02792,46.71222],[16.02799,46.71223],[16.02807,46.71225],[16.02814,46.71226],[16.02823,46.71227],[16.0284,46.71226],[16.02847,46.71226],[16.02857,46.71223],[16.02872,46.71218],[16.02926,46.71199],[16.02945,46.7119],[16.02954,46.71186],[16.02963,46.71181],[16.02969,46.71177],[16.02973,46.71172],[16.02978,46.71166],[16.02982,46.7116],[16.02984,46.71155],[16.02987,46.71143],[16.02988,46.71136],[16.02987,46.71129],[16.02986,46.71124],[16.02983,46.71116],[16.02979,46.71109],[16.02974,46.71102],[16.02966,46.71094],[16.02956,46.71088],[16.02912,46.71061],[16.02905,46.71057],[16.02898,46.71052],[16.0289,46.71042],[16.02885,46.71034],[16.02881,46.71026],[16.02826,46.70891],[16.02819,46.70868],[16.02795,46.70722],[16.02791,46.70704],[16.02769,46.70656],[16.02734,46.7058],[16.02731,46.70571],[16.02729,46.70564],[16.02728,46.70556],[16.0273,46.7055],[16.02732,46.70542],[16.02738,46.70529],[16.02745,46.70518],[16.0275,46.70513],[16.02753,46.7051],[16.02761,46.70505],[16.02766,46.70502],[16.0278,46.70496],[16.02852,46.70473],[16.02865,46.70468],[16.02877,46.70464],[16.02887,46.70459],[16.02897,46.70453],[16.02907,46.70448],[16.02914,46.70443],[16.0292,46.70439],[16.02927,46.70433],[16.02931,46.70428],[16.02938,46.70419],[16.02944,46.70406],[16.02947,46.70396],[16.02963,46.70334],[16.02972,46.70297],[16.02974,46.70284],[16.02974,46.70277],[16.02974,46.70271],[16.02973,46.70265],[16.02971,46.7026],[16.02967,46.70252],[16.02962,46.70244],[16.02955,46.70236],[16.02896,46.70171],[16.0289,46.70164],[16.02886,46.70158],[16.02882,46.70152],[16.02876,46.70135],[16.02873,46.70124],[16.02872,46.70115],[16.02872,46.70109],[16.02873,46.70102],[16.02875,46.70098],[16.0288,46.70085],[16.02888,46.70072],[16.02895,46.70063],[16.02901,46.70056],[16.02907,46.70051],[16.02922,46.7004],[16.03052,46.69961],[16.03087,46.6994],[16.03118,46.69922],[16.03245,46.69858],[16.03283,46.69837],[16.03416,46.69756],[16.03427,46.69748],[16.03434,46.69742],[16.03442,46.69734],[16.03446,46.69728],[16.0345,46.69719],[16.03454,46.69711],[16.03455,46.69703],[16.03456,46.69677],[16.03457,46.6967],[16.03458,46.69664],[16.03462,46.69654],[16.03465,46.6965],[16.0347,46.69642],[16.03475,46.69637],[16.03485,46.69628],[16.03493,46.69623],[16.03619,46.69544],[16.03628,46.69538],[16.03643,46.69525],[16.03657,46.69512],[16.03664,46.69503],[16.03673,46.69492],[16.03703,46.69445],[16.03716,46.69427],[16.03731,46.6941],[16.0377,46.69369],[16.0378,46.69358],[16.03786,46.6935],[16.0379,46.69343],[16.03798,46.69329],[16.03827,46.69268],[16.03837,46.69249],[16.0385,46.6923],[16.0393,46.69121],[16.03945,46.69098],[16.0396,46.69073],[16.03968,46.69057],[16.03982,46.69027],[16.04011,46.68945],[16.04014,46.68927],[16.04017,46.68894],[16.04018,46.68867],[16.0402,46.6886],[16.04021,46.68854],[16.04032,46.6883],[16.0404,46.68821],[16.04047,46.68813],[16.04056,46.68806],[16.04067,46.688],[16.04095,46.68785],[16.04106,46.68777],[16.04114,46.68772],[16.04122,46.68765],[16.04129,46.68758],[16.04134,46.68751],[16.04141,46.68741],[16.04156,46.68716],[16.04164,46.68703],[16.04174,46.68692],[16.04225,46.68641],[16.04234,46.68629],[16.04244,46.68612],[16.04248,46.68599],[16.0425,46.68588],[16.04251,46.6858],[16.04251,46.68572],[16.0425,46.68565],[16.04247,46.68554],[16.04199,46.68419],[16.0419,46.68385],[16.04184,46.68357],[16.04177,46.68334],[16.04169,46.68311],[16.04154,46.68276],[16.04148,46.68259],[16.04143,46.68242],[16.0414,46.68224],[16.04139,46.68207],[16.04138,46.6818],[16.04135,46.6815],[16.04123,46.68122],[16.04107,46.68089],[16.04104,46.68082],[16.04102,46.68074],[16.04101,46.68066],[16.04101,46.68058],[16.04105,46.68036],[16.04105,46.68016],[16.04104,46.68007],[16.04102,46.67996],[16.04086,46.67945],[16.0408,46.67927],[16.04069,46.67901],[16.04022,46.67805],[16.03988,46.67737],[16.03975,46.67708],[16.03968,46.67692],[16.03963,46.67673],[16.03958,46.67653],[16.03955,46.67638],[16.03951,46.67605],[16.03949,46.67586],[16.03949,46.67567],[16.03949,46.67552],[16.03949,46.67512],[16.03948,46.67495],[16.03944,46.67451],[16.03935,46.67401],[16.03919,46.67341],[16.03915,46.67324],[16.03913,46.67308],[16.03903,46.67234],[16.03903,46.67212],[16.03904,46.67201],[16.03909,46.67182],[16.03914,46.67166],[16.03919,46.67153],[16.03928,46.67137],[16.0397,46.67077],[16.04026,46.66999],[16.04049,46.66966],[16.04055,46.66954],[16.04062,46.66944],[16.04066,46.66932],[16.0407,46.6692],[16.04075,46.66898],[16.04077,46.6688],[16.04076,46.66854],[16.04073,46.66838],[16.0407,46.66824],[16.04006,46.66655],[16.03994,46.6662],[16.03987,46.66592],[16.03983,46.66572],[16.0398,46.66549],[16.03979,46.66522],[16.03981,46.66497],[16.03988,46.66427],[16.03994,46.66376],[16.03996,46.66363],[16.0401,46.66313],[16.04014,46.66292],[16.04015,46.66268],[16.04011,46.66151],[16.04013,46.66133],[16.04002,46.66105],[16.03949,46.65961],[16.03875,46.65773],[16.03824,46.65654],[16.03809,46.65614],[16.03792,46.65623],[16.03751,46.65644],[16.03711,46.65665],[16.03669,46.65683],[16.03512,46.65736],[16.03455,46.65755],[16.03401,46.65772],[16.0319,46.65835],[16.03112,46.65859],[16.03034,46.65884],[16.0288,46.65939],[16.02803,46.65968],[16.02745,46.6599],[16.02693,46.66012],[16.02645,46.66037],[16.02593,46.66067],[16.02541,46.661],[16.0249,46.66128],[16.02446,46.6615],[16.024,46.66172],[16.02351,46.66192],[16.02305,46.66208],[16.0225,46.66226],[16.02201,46.6624],[16.02141,46.66254],[16.02078,46.66263],[16.0202,46.6627],[16.01959,46.66275],[16.01894,46.66278],[16.01836,46.66278],[16.01777,46.66279],[16.01718,46.66282],[16.01666,46.66287],[16.01615,46.66293],[16.01562,46.66303],[16.01496,46.66316],[16.01441,46.66331],[16.01332,46.66368],[16.01284,46.66385],[16.01234,46.66407],[16.01198,46.66423],[16.01161,46.66444],[16.01124,46.66464],[16.01081,46.66488],[16.0104,46.66514],[16.01003,46.66539],[16.00966,46.66566],[16.00926,46.66597],[16.00864,46.66651],[16.00818,46.66698],[16.0077,46.66753],[16.00728,46.66807],[16.00691,46.66862],[16.00654,46.66929],[16.00627,46.66992],[16.00606,46.67055],[16.00588,46.67112],[16.00554,46.67227],[16.00516,46.67352],[16.00496,46.67412],[16.00473,46.67465],[16.00447,46.67513],[16.00422,46.67557],[16.00389,46.67609],[16.00356,46.67655],[16.00288,46.67734],[16.00252,46.67771],[16.00176,46.67844],[16.00124,46.67885],[16.0008,46.67917],[16.00039,46.67945],[15.99996,46.67974],[15.99927,46.68012],[15.99893,46.6803],[15.99862,46.68046],[15.99836,46.68058],[15.99793,46.68076],[15.99752,46.68092],[15.99718,46.68106],[15.9967,46.68122],[15.9962,46.68138],[15.99575,46.68152],[15.99464,46.68185],[15.99377,46.68208],[15.99257,46.68239],[15.98973,46.68312],[15.98923,46.68327],[15.98773,46.6836],[15.98725,46.68372],[15.98628,46.68401],[15.98585,46.68413],[15.98559,46.68419],[15.98499,46.68434],[15.98464,46.68441],[15.98426,46.68449],[15.98363,46.68461],[15.98235,46.68477],[15.98137,46.68488],[15.97968,46.68508],[15.97653,46.68543],[15.97501,46.6856],[15.9717,46.68597],[15.97065,46.68608],[15.96862,46.68633],[15.96761,46.68645],[15.96554,46.68667],[15.96471,46.68673],[15.96379,46.68679],[15.96189,46.6869],[15.96097,46.68694],[15.96009,46.68699],[15.95821,46.68712],[15.95737,46.68719],[15.95579,46.68734],[15.95501,46.68743],[15.95433,46.68752],[15.9537,46.68761],[15.95302,46.68772],[15.95237,46.68781],[15.95119,46.68798],[15.95057,46.6881],[15.94996,46.68823],[15.94893,46.68849],[15.94841,46.68864],[15.9479,46.68879],[15.9474,46.68895],[15.94691,46.68911],[15.94526,46.68972],[15.94472,46.68993],[15.94429,46.6901],[15.94308,46.69062],[15.94239,46.69096],[15.94195,46.6912],[15.94155,46.69143],[15.94077,46.69191],[15.94001,46.69239],[15.93943,46.69278],[15.939,46.69307],[15.93853,46.69338],[15.93807,46.69371],[15.93762,46.69402],[15.93674,46.69464],[15.93631,46.69494],[15.9359,46.69523],[15.93548,46.69553],[15.93446,46.69625],[15.93319,46.69716],[15.93203,46.69797],[15.93158,46.69829],[15.93051,46.69904],[15.9278,46.70096],[15.92735,46.70126],[15.92695,46.70154],[15.92553,46.7025],[15.92269,46.70446],[15.92183,46.70505],[15.92111,46.70554],[15.92073,46.70578],[15.92039,46.706],[15.91999,46.70624],[15.91928,46.70665],[15.91852,46.70709],[15.91812,46.70731],[15.91739,46.7077],[15.91656,46.7081],[15.91554,46.70854],[15.91446,46.709],[15.91392,46.70922],[15.9134,46.70942],[15.91288,46.70962],[15.91168,46.71005],[15.91107,46.71026],[15.90987,46.71064],[15.90868,46.711],[15.90815,46.71115],[15.90759,46.7113],[15.90707,46.71144],[15.90656,46.71157],[15.9055,46.71181],[15.90499,46.71193],[15.90419,46.71209],[15.90268,46.71236],[15.90146,46.71255],[15.90084,46.71263],[15.89978,46.71277],[15.89922,46.71286],[15.89659,46.71321],[15.8955,46.71337],[15.89444,46.71358],[15.89331,46.71384],[15.89282,46.71397],[15.89182,46.7143],[15.89131,46.71449],[15.89079,46.7147],[15.88965,46.71519],[15.88851,46.71569],[15.88802,46.71591],[15.88756,46.7161],[15.88704,46.71633],[15.88653,46.71655],[15.88609,46.71674],[15.88559,46.71694],[15.88502,46.71718],[15.88445,46.7174],[15.88335,46.7178],[15.88233,46.71815],[15.8808,46.71866],[15.88029,46.71882],[15.87967,46.719],[15.87919,46.71914],[15.8787,46.71928],[15.87782,46.71951],[15.87743,46.71961],[15.87715,46.71967],[15.87611,46.71994],[15.87481,46.72022],[15.87378,46.72044],[15.87299,46.72059],[15.87209,46.72076],[15.87131,46.7209],[15.87046,46.72105],[15.86965,46.72117],[15.86807,46.7214],[15.86727,46.72151],[15.86647,46.72161],[15.86555,46.72173],[15.86435,46.72188],[15.86304,46.722],[15.8623,46.72206],[15.8611,46.72214],[15.85992,46.7222],[15.85881,46.72225],[15.8577,46.72229],[15.85614,46.72232],[15.85297,46.72234],[15.85057,46.72234],[15.84882,46.72234],[15.84723,46.72233],[15.84578,46.72234],[15.8446,46.72233],[15.8434,46.72235],[15.84229,46.72237],[15.84076,46.72238],[15.8397,46.72238],[15.83841,46.72237],[15.83718,46.72233],[15.83601,46.72227],[15.83488,46.72219],[15.83264,46.72197],[15.83046,46.72165],[15.82942,46.72147],[15.82637,46.72092],[15.82377,46.72044],[15.82233,46.72019],[15.82161,46.72006],[15.82072,46.71988],[15.81858,46.71944],[15.81771,46.71924],[15.81672,46.71903],[15.81477,46.71862],[15.81204,46.718],[15.81102,46.71775],[15.81006,46.71753],[15.80908,46.7173],[15.80826,46.71712],[15.8072,46.71685],[15.80603,46.71658],[15.80509,46.71634],[15.80385,46.71604],[15.80291,46.7158],[15.80192,46.7155],[15.8007,46.71513],[15.80028,46.71499],[15.79936,46.71467],[15.79867,46.71441],[15.79823,46.71423],[15.79778,46.71404],[15.79734,46.71385],[15.79701,46.7137],[15.79604,46.71323],[15.79541,46.7129],[15.79482,46.71257],[15.7944,46.71232],[15.79357,46.71184],[15.79253,46.71124],[15.79161,46.71069],[15.7911,46.71038],[15.7907,46.7101],[15.79023,46.70977],[15.78994,46.70957],[15.78959,46.70931],[15.78922,46.70905],[15.78883,46.7088],[15.78837,46.70849],[15.78795,46.70823],[15.78762,46.70805],[15.78705,46.70774],[15.78659,46.70753],[15.78608,46.70732],[15.78581,46.70722],[15.78535,46.70704],[15.78529,46.70701],[15.78488,46.70678],[15.78399,46.70638],[15.78314,46.70603],[15.78213,46.7056],[15.78155,46.70534],[15.78075,46.70497],[15.78003,46.70464],[15.77927,46.70429],[15.77757,46.70348],[15.77704,46.70321],[15.7767,46.70301],[15.77617,46.70266],[15.77583,46.70242],[15.77503,46.702],[15.77412,46.70156],[15.77366,46.70134],[15.7733,46.70117],[15.77254,46.70055],[15.77187,46.70013],[15.77139,46.69985],[15.7711,46.69971],[15.77053,46.69947],[15.76995,46.69929],[15.76924,46.69911],[15.76895,46.69906],[15.76847,46.69902],[15.76797,46.69899],[15.76742,46.69898],[15.76679,46.69898],[15.76643,46.69899],[15.76577,46.69906],[15.76546,46.6991],[15.76509,46.69915],[15.76415,46.69928],[15.76382,46.69931],[15.76343,46.69934],[15.76305,46.69937],[15.76253,46.69937],[15.76202,46.69935],[15.76103,46.69926],[15.76048,46.69918],[15.76002,46.69909],[15.75938,46.69893],[15.75858,46.69872],[15.75813,46.69858],[15.7575,46.69839],[15.75673,46.69819],[15.75617,46.69807],[15.75567,46.69799],[15.75519,46.69793],[15.75485,46.6979],[15.75428,46.69789],[15.75378,46.6979],[15.75331,46.69791],[15.75293,46.69793],[15.75243,46.69797],[15.75194,46.69802],[15.7515,46.69808],[15.74988,46.69832],[15.7493,46.69841],[15.74881,46.69851],[15.74831,46.69862],[15.74782,46.69875],[15.74733,46.69891],[15.7463,46.69922],[15.74528,46.6995],[15.74476,46.69962],[15.74426,46.69973],[15.74365,46.69983],[15.74318,46.69989],[15.74268,46.69992],[15.74207,46.69996],[15.74154,46.69997],[15.7408,46.69999],[15.74022,46.69999],[15.73934,46.69993],[15.7389,46.69989],[15.73838,46.69983],[15.73787,46.69974],[15.737,46.69956],[15.7365,46.69944],[15.73601,46.6993],[15.73511,46.69906],[15.7345,46.69889],[15.73391,46.69873],[15.73296,46.69847],[15.73203,46.69818],[15.73141,46.698],[15.73047,46.69771],[15.72923,46.69735],[15.72881,46.69725],[15.72801,46.69699],[15.72762,46.69685],[15.72726,46.69672],[15.7266,46.69648],[15.72571,46.69617],[15.725,46.69603],[15.72409,46.69589],[15.72307,46.69581],[15.72237,46.69581],[15.72156,46.69583],[15.72081,46.6959],[15.71995,46.69602],[15.71906,46.6962],[15.71841,46.69634],[15.71736,46.69656],[15.71661,46.69673],[15.71567,46.69692],[15.71502,46.69702],[15.71443,46.69709],[15.71377,46.69713],[15.71317,46.69714],[15.71277,46.69715],[15.71192,46.69725],[15.71145,46.69732],[15.70976,46.69761],[15.70893,46.69774],[15.70804,46.69787],[15.70724,46.69797],[15.70631,46.69808],[15.70574,46.69813],[15.70456,46.69823],[15.70394,46.69827],[15.70336,46.69828],[15.70152,46.69826],[15.70086,46.69825],[15.70004,46.69823],[15.69925,46.69827],[15.69842,46.69834],[15.69779,46.69843],[15.697,46.69856],[15.69623,46.69872],[15.69578,46.69882],[15.69483,46.69908],[15.69411,46.69933],[15.69353,46.69961],[15.693,46.69986],[15.69251,46.7001],[15.69195,46.70041],[15.69077,46.70108],[15.68921,46.7019],[15.68869,46.70219],[15.6879,46.70262],[15.68727,46.70293],[15.68655,46.70326],[15.68605,46.7035],[15.68558,46.70372],[15.6844,46.70423],[15.68385,46.70446],[15.68322,46.70471],[15.68236,46.70503],[15.68181,46.70523],[15.68071,46.7056],[15.67999,46.70586],[15.67881,46.7062],[15.67825,46.70635],[15.67707,46.70662],[15.67632,46.70673],[15.67547,46.70684],[15.67485,46.70691],[15.67392,46.70699],[15.67317,46.70702],[15.67305,46.70703],[15.6727,46.70703],[15.67181,46.70702],[15.67148,46.70701],[15.67071,46.70697],[15.67016,46.70692],[15.66834,46.70671],[15.6675,46.70659],[15.66677,46.70651],[15.66621,46.70645],[15.66524,46.70639],[15.66417,46.70637],[15.66354,46.70641],[15.66224,46.70647],[15.66164,46.70647],[15.66074,46.70649],[15.66028,46.70649],[15.65828,46.7065],[15.65764,46.70649],[15.65685,46.70645],[15.65588,46.70639],[15.65504,46.70632],[15.65394,46.70623],[15.65331,46.70615],[15.65284,46.7061],[15.65227,46.70603],[15.6516,46.70595],[15.65073,46.70587],[15.64997,46.70576],[15.6498,46.70505],[15.64985,46.70499],[15.6499,46.70488],[15.64993,46.70481],[15.64994,46.70474],[15.64998,46.70468],[15.65001,46.70457],[15.65006,46.70448],[15.65011,46.70441],[15.65021,46.70431],[15.65026,46.70424],[15.65033,46.70407],[15.6504,46.704],[15.65043,46.70395],[15.65062,46.70376],[15.65065,46.70371],[15.65071,46.7036],[15.65075,46.70346],[15.65075,46.7034],[15.65075,46.70337],[15.65075,46.70327],[15.65084,46.70319],[15.65085,46.70312],[15.6509,46.70306],[15.65099,46.70286],[15.65114,46.70261],[15.65157,46.70206],[15.65178,46.70173],[15.65178,46.70171],[15.65182,46.70161],[15.65189,46.70154],[15.65199,46.70142],[15.65206,46.70137],[15.65222,46.70129],[15.65258,46.70099],[15.65292,46.70079],[15.65311,46.70065],[15.65343,46.70047],[15.65352,46.70041],[15.6536,46.70032],[15.65367,46.70019],[15.65373,46.70005],[15.65375,46.69996],[15.65375,46.69991],[15.65378,46.69984],[15.65388,46.69975],[15.65397,46.69965],[15.65403,46.69958],[15.65409,46.69945],[15.65407,46.69892],[15.65402,46.69852],[15.6541,46.69795],[15.65411,46.69789],[15.65412,46.69784],[15.65412,46.69773],[15.65432,46.69718],[15.65434,46.6971],[15.65435,46.69698],[15.65435,46.69693],[15.65433,46.69684],[15.65421,46.69639],[15.65419,46.69618],[15.6542,46.69597],[15.65424,46.69582],[15.65424,46.69568],[15.65424,46.69512],[15.65418,46.69495],[15.65414,46.69486],[15.65411,46.69476],[15.65409,46.69466],[15.65411,46.69449],[15.65409,46.69422],[15.65408,46.69417],[15.654,46.69396],[15.65399,46.69388],[15.654,46.69374],[15.65403,46.69367],[15.65404,46.69356],[15.65403,46.69318],[15.65399,46.69292],[15.65397,46.69277],[15.65365,46.6921],[15.65324,46.69171],[15.653,46.69156],[15.65267,46.69117],[15.65201,46.6912],[15.65163,46.69116],[15.65115,46.69126],[15.65087,46.69125],[15.65045,46.69133],[15.64988,46.6916],[15.64944,46.6919],[15.64936,46.69177],[15.64932,46.69175],[15.64922,46.69172],[15.64905,46.69166],[15.64894,46.69163],[15.64861,46.69157],[15.64852,46.69156],[15.64845,46.69157],[15.64829,46.69161],[15.64818,46.69166],[15.648,46.69169],[15.64773,46.69172],[15.6475,46.6917],[15.64724,46.69166],[15.64718,46.69164],[15.64712,46.6916],[15.64705,46.69152],[15.64704,46.69148],[15.64704,46.69139],[15.64711,46.69122],[15.64709,46.69116],[15.64708,46.69113],[15.64696,46.69111],[15.64673,46.69109],[15.64478,46.69079],[15.64452,46.69071],[15.6444,46.69067],[15.64427,46.69062],[15.6441,46.69056],[15.64397,46.69049],[15.64364,46.6903],[15.64327,46.69017],[15.64321,46.69021],[15.64313,46.69028],[15.64308,46.69036],[15.64305,46.69045],[15.64301,46.69072],[15.64298,46.6908],[15.64295,46.69089],[15.6429,46.69097],[15.64279,46.69113],[15.64266,46.69129],[15.64258,46.69136],[15.6425,46.69143],[15.6424,46.69149],[15.6422,46.69161],[15.64189,46.69177],[15.64179,46.69183],[15.64169,46.69189],[15.6416,46.69195],[15.64152,46.69202],[15.64145,46.6921],[15.64138,46.69218],[15.64133,46.69226],[15.64127,46.69234],[15.64123,46.69242],[15.64076,46.69216],[15.64043,46.69203],[15.64036,46.69201],[15.64022,46.69198],[15.63909,46.6916],[15.63871,46.69142],[15.63815,46.69106],[15.63781,46.69083],[15.63729,46.69051],[15.63669,46.69026],[15.63637,46.6899],[15.63631,46.68981],[15.63621,46.68969],[15.63614,46.68956],[15.63607,46.68946],[15.63593,46.68938],[15.63579,46.6893],[15.63574,46.68925],[15.63567,46.68916],[15.63557,46.68908],[15.63537,46.689],[15.63526,46.6889],[15.63519,46.6888],[15.63502,46.68869],[15.63485,46.68862],[15.63468,46.68852],[15.63451,46.68843],[15.63441,46.68835],[15.6342,46.68811],[15.63415,46.68802],[15.63415,46.68795],[15.63412,46.68785],[15.6341,46.68773],[15.63407,46.68729],[15.63401,46.68672],[15.63401,46.68666],[15.63411,46.68645],[15.63416,46.68621],[15.63414,46.68611],[15.6341,46.68604],[15.63402,46.68594],[15.63391,46.68577],[15.63382,46.68572],[15.63352,46.68566],[15.63336,46.68559],[15.63325,46.68554],[15.63323,46.68543],[15.63318,46.68533],[15.63293,46.68522],[15.63273,46.68512],[15.63257,46.68497],[15.63239,46.68484],[15.63223,46.68469],[15.63217,46.68458],[15.63214,46.68443],[15.63211,46.68434],[15.63213,46.68433],[15.63236,46.68408],[15.63256,46.68376],[15.63283,46.68327],[15.6329,46.68308],[15.63282,46.68307],[15.63283,46.68299],[15.63273,46.68271],[15.63271,46.6826],[15.63271,46.68254],[15.63275,46.68246],[15.63296,46.68224],[15.63302,46.6821],[15.63305,46.68199],[15.63309,46.68178],[15.63311,46.68171],[15.63318,46.68163],[15.63337,46.68145],[15.63358,46.68127],[15.63403,46.68121],[15.63403,46.68119],[15.63373,46.6812],[15.63359,46.68122],[15.63346,46.68126],[15.63337,46.6813],[15.63327,46.68134],[15.63284,46.68147],[15.63269,46.6815],[15.63261,46.68149],[15.6322,46.68136],[15.63195,46.68131],[15.63149,46.68121],[15.63117,46.68111],[15.63103,46.68106],[15.63094,46.681],[15.63082,46.68085],[15.63079,46.68082],[15.63068,46.68076],[15.63059,46.68072],[15.63013,46.68064],[15.62992,46.68065],[15.62979,46.68063],[15.62994,46.68021],[15.62998,46.68004],[15.62957,46.68008],[15.62915,46.68021],[15.62795,46.68026],[15.6258,46.67981],[15.62495,46.67968],[15.6245,46.67965],[15.62366,46.6796],[15.62328,46.67958],[15.62297,46.67957],[15.62292,46.67965],[15.62285,46.67977],[15.62282,46.67992],[15.62277,46.68004],[15.6226,46.6802],[15.62238,46.68036],[15.62222,46.6805],[15.62214,46.68055],[15.62199,46.68062],[15.62176,46.68071],[15.62174,46.68069],[15.62159,46.68057],[15.62121,46.68054],[15.62083,46.67998],[15.62079,46.67993],[15.62036,46.67989],[15.61989,46.67982],[15.6196,46.67999],[15.61896,46.6804],[15.61805,46.68078],[15.61772,46.68087],[15.61722,46.68096],[15.61682,46.68143],[15.61648,46.68173],[15.616,46.68212],[15.61592,46.68204],[15.6154,46.68232],[15.61525,46.68241],[15.61521,46.68243],[15.61518,46.68241],[15.61483,46.68221],[15.61461,46.68216],[15.61446,46.68218],[15.61371,46.68222],[15.61343,46.68242],[15.61334,46.68251],[15.61326,46.68268],[15.61322,46.68298],[15.61326,46.6832],[15.61321,46.68342],[15.613,46.68338],[15.61262,46.68328],[15.61165,46.68305],[15.61193,46.68275],[15.61142,46.68209],[15.61094,46.6825],[15.61083,46.68235],[15.6106,46.68207],[15.61042,46.68222],[15.61018,46.68256],[15.61002,46.6828],[15.60984,46.6829],[15.60958,46.68302],[15.60896,46.68289],[15.60872,46.6828],[15.60853,46.68268],[15.60824,46.68252],[15.60806,46.68242],[15.60769,46.68227],[15.60749,46.68217],[15.60721,46.68201],[15.60701,46.68189],[15.60679,46.68182],[15.6064,46.68164],[15.60595,46.68152],[15.60535,46.68114],[15.60528,46.68122],[15.60525,46.68133],[15.60511,46.68141],[15.60499,46.6815],[15.60486,46.6816],[15.60466,46.68181],[15.60463,46.68193],[15.60465,46.68201],[15.60463,46.68216],[15.60447,46.68234],[15.60447,46.68245],[15.6045,46.6825],[15.60467,46.68252],[15.60468,46.68254],[15.60468,46.6826],[15.60455,46.68299],[15.60448,46.68298],[15.60439,46.68305],[15.60429,46.68311],[15.60422,46.68317],[15.60412,46.68318],[15.60399,46.6836],[15.60393,46.68386],[15.60396,46.68386],[15.60408,46.68388],[15.60478,46.68417],[15.60427,46.68472],[15.60446,46.68484],[15.60499,46.68513],[15.60538,46.68532],[15.60553,46.68539],[15.60561,46.68544],[15.60561,46.68577],[15.60554,46.68595],[15.60551,46.68609],[15.60534,46.68639],[15.6052,46.68649],[15.60505,46.68664],[15.60519,46.68674],[15.60554,46.68709],[15.60583,46.68701],[15.60603,46.68692],[15.60619,46.68688],[15.60639,46.68684],[15.60667,46.68647],[15.60682,46.68658],[15.60755,46.68703],[15.60796,46.68723],[15.60829,46.68745],[15.60853,46.68764],[15.60855,46.68767],[15.60847,46.68769],[15.60818,46.68782],[15.60806,46.68788],[15.60795,46.68791],[15.60788,46.68796],[15.60763,46.68802],[15.60743,46.68809],[15.60726,46.68812],[15.60704,46.68818],[15.60684,46.6882],[15.60665,46.68819],[15.60648,46.68815],[15.60636,46.68811],[15.60622,46.68811],[15.60606,46.68812],[15.60568,46.68817],[15.60513,46.6881],[15.60496,46.6881],[15.60481,46.68811],[15.60445,46.6881],[15.60437,46.6881],[15.60402,46.68816],[15.60363,46.68833],[15.60328,46.68846],[15.60313,46.68853],[15.60307,46.68858],[15.60301,46.68865],[15.60279,46.68895],[15.6027,46.68903],[15.60213,46.68948],[15.60196,46.68957],[15.60183,46.68961],[15.60174,46.68964],[15.60162,46.68965],[15.60132,46.68972],[15.60088,46.68984],[15.60064,46.6899],[15.60049,46.68996],[15.60019,46.69004],[15.60004,46.69007],[15.59967,46.69012],[15.59939,46.69013],[15.59929,46.69013],[15.599,46.69015],[15.59866,46.69014],[15.59849,46.69013],[15.59841,46.69016],[15.59827,46.69018],[15.59791,46.69026],[15.59767,46.6903],[15.59753,46.69035],[15.59722,46.69038],[15.59698,46.69039],[15.59656,46.69034],[15.59614,46.69021],[15.5959,46.69018],[15.59551,46.6901],[15.59512,46.69001],[15.59495,46.68995],[15.59485,46.68989],[15.59475,46.68981],[15.59459,46.68956],[15.59424,46.68924],[15.59417,46.68915],[15.59413,46.6891],[15.59407,46.68903],[15.59396,46.68892],[15.59362,46.68873],[15.59324,46.68858],[15.59316,46.68854],[15.59311,46.6885],[15.5928,46.68821],[15.59255,46.68803],[15.59246,46.68796],[15.59239,46.68791],[15.59224,46.68783],[15.59213,46.68776],[15.59201,46.68766],[15.59194,46.68758],[15.5919,46.6875],[15.59187,46.68729],[15.59187,46.68725],[15.59182,46.68718],[15.59174,46.6871],[15.59165,46.68702],[15.59155,46.68694],[15.59146,46.68683],[15.59131,46.68663],[15.59124,46.68653],[15.59114,46.68642],[15.59108,46.68635],[15.59104,46.68632],[15.59099,46.6863],[15.59092,46.68628],[15.59073,46.68622],[15.59062,46.68616],[15.5905,46.68611],[15.59045,46.6861],[15.5903,46.68609],[15.59007,46.68609],[15.58992,46.68608],[15.59041,46.68573],[15.59046,46.68551],[15.59054,46.68523],[15.59058,46.68512],[15.59057,46.68495],[15.59069,46.68447],[15.59071,46.68427],[15.59064,46.68404],[15.59054,46.68374],[15.59038,46.68347],[15.59003,46.68328],[15.58974,46.68324],[15.58926,46.68325],[15.58901,46.68329],[15.58871,46.68344],[15.58859,46.68352],[15.58836,46.68359],[15.58806,46.68363],[15.5878,46.6836],[15.58751,46.68365],[15.58742,46.68379],[15.58729,46.68398],[15.58678,46.68427],[15.58633,46.68426],[15.58564,46.6841],[15.58567,46.68396],[15.58569,46.68376],[15.58563,46.68348],[15.5852,46.68341],[15.58476,46.68332],[15.58427,46.68321],[15.58307,46.68249],[15.58233,46.68195],[15.58162,46.68221],[15.58142,46.68229],[15.58141,46.6823],[15.58164,46.68238],[15.58172,46.68241],[15.58179,46.68247],[15.58181,46.68252],[15.58182,46.68258],[15.58055,46.68296],[15.57972,46.68319],[15.57949,46.68327],[15.57925,46.68332],[15.57911,46.68334],[15.57884,46.68334],[15.57846,46.68329],[15.57825,46.68326],[15.57804,46.68322],[15.57779,46.6832],[15.57768,46.68319],[15.5776,46.68317],[15.57742,46.6831],[15.57742,46.68306],[15.57736,46.68289],[15.57736,46.68281],[15.57784,46.68176],[15.57795,46.68133],[15.57804,46.68109],[15.57808,46.68094],[15.57808,46.68092],[15.57804,46.68093],[15.57789,46.68094],[15.57785,46.68095],[15.57785,46.68096],[15.5778,46.68095],[15.57767,46.68098],[15.57765,46.68098],[15.5776,46.681],[15.57757,46.681],[15.57755,46.68101],[15.5775,46.68101],[15.57735,46.68097],[15.57728,46.68094],[15.57724,46.68091],[15.57721,46.68091],[15.57714,46.68087],[15.57706,46.68087],[15.57688,46.68084],[15.57641,46.68085],[15.57575,46.6808],[15.57556,46.68101],[15.57543,46.68106],[15.57523,46.68119],[15.57503,46.68129],[15.57489,46.68138],[15.5747,46.68148],[15.57466,46.68143],[15.57445,46.68115],[15.57436,46.68105],[15.57427,46.68091],[15.574,46.68067],[15.57349,46.68031],[15.57326,46.68002],[15.57316,46.68009],[15.57247,46.68048],[15.5722,46.68051],[15.57207,46.68054],[15.57171,46.68056],[15.57127,46.68064],[15.57103,46.68072],[15.57071,46.68077],[15.57051,46.6808],[15.57033,46.68083],[15.57025,46.68086],[15.57014,46.68091],[15.57007,46.6808],[15.56967,46.68018],[15.56953,46.67993],[15.56937,46.68015],[15.56903,46.68024],[15.56878,46.68021],[15.56842,46.68026],[15.56812,46.6803],[15.56819,46.68016],[15.56825,46.68001],[15.56832,46.67983],[15.56825,46.67937],[15.56821,46.67895],[15.56826,46.67874],[15.56822,46.67844],[15.56812,46.67819],[15.56808,46.678],[15.56804,46.67795],[15.56805,46.67791],[15.56801,46.67787],[15.568,46.67785],[15.56796,46.67783],[15.56789,46.67774],[15.56783,46.67773],[15.56779,46.67769],[15.56778,46.67767],[15.56763,46.6776],[15.5676,46.67756],[15.56761,46.67754],[15.56758,46.67744],[15.56758,46.67736],[15.56766,46.6772],[15.56767,46.67717],[15.56766,46.6771],[15.56764,46.67708],[15.56764,46.67692],[15.56756,46.67686],[15.56751,46.67676],[15.56752,46.67674],[15.56752,46.67665],[15.56759,46.67645],[15.56762,46.67633],[15.56764,46.67632],[15.56764,46.67629],[15.56767,46.67624],[15.56765,46.67621],[15.56765,46.67613],[15.56762,46.6761],[15.56762,46.67607],[15.56764,46.67605],[15.56762,46.67601],[15.56762,46.67596],[15.5676,46.67594],[15.5676,46.6759],[15.56758,46.67588],[15.56752,46.67556],[15.56747,46.67544],[15.56745,46.6754],[15.56739,46.67533],[15.56734,46.67535],[15.56726,46.67534],[15.56709,46.67534],[15.56697,46.67536],[15.56688,46.6754],[15.56682,46.67544],[15.56668,46.67548],[15.56662,46.67553],[15.56658,46.67555],[15.56653,46.67556],[15.56649,46.67556],[15.56617,46.67557],[15.56611,46.6756],[15.56602,46.6756],[15.56597,46.67558],[15.56592,46.67559],[15.56587,46.67558],[15.56573,46.67562],[15.56561,46.67567],[15.56556,46.67568],[15.56539,46.67567],[15.56528,46.67568],[15.56513,46.67573],[15.56511,46.67574],[15.56506,46.67576],[15.56487,46.67576],[15.56484,46.67577],[15.56481,46.67579],[15.56478,46.67576],[15.56468,46.67573],[15.56445,46.67567],[15.56417,46.67562],[15.56398,46.67558],[15.56393,46.67556],[15.5639,46.67554],[15.56386,46.6755],[15.56385,46.67547],[15.56382,46.67548],[15.56379,46.67549],[15.56373,46.67546],[15.56367,46.67546],[15.56361,46.67543],[15.56357,46.6754],[15.5635,46.67539],[15.56344,46.67536],[15.56342,46.67536],[15.56339,46.67535],[15.56337,46.67531],[15.56331,46.6753],[15.56327,46.67528],[15.56322,46.67527],[15.56318,46.67528],[15.56314,46.67527],[15.5631,46.67521],[15.56311,46.67519],[15.56307,46.67517],[15.56305,46.67518],[15.56303,46.67517],[15.56294,46.67517],[15.56295,46.67515],[15.56293,46.67514],[15.56291,46.67515],[15.56289,46.67515],[15.56289,46.67514],[15.56289,46.67509],[15.56287,46.67508],[15.56283,46.67509],[15.56277,46.67507],[15.56274,46.67505],[15.56274,46.67502],[15.56273,46.67501],[15.5627,46.67499],[15.56266,46.675],[15.56254,46.67494],[15.56251,46.67491],[15.56252,46.67487],[15.5625,46.67485],[15.56248,46.67485],[15.56248,46.67482],[15.56251,46.67478],[15.56251,46.67476],[15.56253,46.67475],[15.56246,46.67468],[15.5624,46.67468],[15.56239,46.67468],[15.56235,46.67466],[15.56238,46.67465],[15.5624,46.67462],[15.56236,46.6746],[15.56233,46.6746],[15.56233,46.67462],[15.56231,46.67465],[15.56226,46.67467],[15.56219,46.67466],[15.56216,46.67466],[15.56213,46.67464],[15.56208,46.67459],[15.56202,46.67458],[15.56202,46.67455],[15.56199,46.67454],[15.56197,46.6745],[15.56195,46.67449],[15.56194,46.67446],[15.56193,46.67445],[15.56191,46.67445],[15.56189,46.67444],[15.56186,46.67443],[15.56187,46.67441],[15.56186,46.67439],[15.56183,46.67439],[15.56178,46.67437],[15.56177,46.67434],[15.56172,46.6743],[15.56165,46.67425],[15.56155,46.67422],[15.56148,46.67419],[15.56144,46.67418],[15.56136,46.67419],[15.56132,46.67421],[15.56131,46.6742],[15.56129,46.67415],[15.56121,46.67409],[15.56117,46.67409],[15.56115,46.67408],[15.5611,46.67402],[15.56107,46.67401],[15.56103,46.67401],[15.56092,46.67398],[15.56088,46.67395],[15.56087,46.67394],[15.56086,46.67391],[15.56084,46.6739],[15.5608,46.67387],[15.56071,46.67382],[15.56064,46.67381],[15.56059,46.67379],[15.56054,46.67375],[15.56046,46.67374],[15.56044,46.6737],[15.56036,46.67368],[15.56032,46.67366],[15.56026,46.67364],[15.56026,46.67361],[15.56024,46.67359],[15.56018,46.6736],[15.56009,46.67358],[15.56002,46.67358],[15.55994,46.67354],[15.55995,46.67344],[15.55991,46.67325],[15.55989,46.6731],[15.55981,46.67289],[15.55963,46.67264],[15.55944,46.67233],[15.55939,46.67218],[15.55932,46.67188],[15.55929,46.67166],[15.55926,46.67148],[15.55919,46.6713],[15.55919,46.67116],[15.5592,46.6711],[15.55912,46.6711],[15.55891,46.67106],[15.55889,46.67105],[15.55875,46.67103],[15.5585,46.67101],[15.55841,46.67101],[15.55834,46.67102],[15.55794,46.67099],[15.55762,46.67107],[15.55734,46.67113],[15.55717,46.67118],[15.55708,46.67122],[15.55703,46.67125],[15.55697,46.6713],[15.55678,46.67139],[15.55628,46.67161],[15.55581,46.67176],[15.55565,46.67182],[15.55549,46.67186],[15.55471,46.67209],[15.55477,46.67223],[15.55426,46.67226],[15.55378,46.67234],[15.55351,46.67245],[15.55323,46.67256],[15.55309,46.67238],[15.5536,46.67221],[15.55353,46.67209],[15.55321,46.67154],[15.55306,46.67122],[15.55304,46.67119],[15.55292,46.67124],[15.55289,46.67125],[15.55282,46.67127],[15.55279,46.67126],[15.55277,46.67129],[15.55273,46.67131],[15.55265,46.67137],[15.55252,46.67144],[15.55248,46.67145],[15.55239,46.6715],[15.55234,46.67155],[15.55232,46.6716],[15.55227,46.67165],[15.55213,46.67183],[15.55122,46.67206],[15.55101,46.67211],[15.55091,46.67213],[15.55103,46.67259],[15.55056,46.67247],[15.55029,46.67236],[15.54988,46.67223],[15.54925,46.67199],[15.54897,46.67159],[15.54893,46.67155],[15.54888,46.67149],[15.54877,46.67142],[15.5487,46.6714],[15.54865,46.67137],[15.54859,46.67131],[15.54847,46.67125],[15.54846,46.67122],[15.54844,46.67121],[15.54838,46.67117],[15.5483,46.67113],[15.54815,46.67097],[15.54805,46.67091],[15.54797,46.67085],[15.54789,46.67084],[15.54785,46.67078],[15.54781,46.67071],[15.54779,46.67069],[15.54778,46.67065],[15.54774,46.6706],[15.54764,46.67044],[15.54758,46.67039],[15.54753,46.67019],[15.5475,46.67015],[15.5475,46.6701],[15.54743,46.67003],[15.54732,46.66987],[15.54732,46.66975],[15.54735,46.66956],[15.54735,46.66948],[15.54727,46.6694],[15.5472,46.66927],[15.54714,46.66931],[15.54712,46.66935],[15.54705,46.66938],[15.54699,46.66942],[15.54693,46.66948],[15.54687,46.6695],[15.54686,46.66955],[15.54676,46.66961],[15.54679,46.66971],[15.54673,46.6698],[15.54667,46.66992],[15.54664,46.67001],[15.54656,46.67007],[15.54643,46.67009],[15.54634,46.67012],[15.54627,46.67015],[15.54545,46.66991],[15.54487,46.66975],[15.54461,46.66969],[15.54415,46.66952],[15.54369,46.66929],[15.54393,46.66902],[15.544,46.66891],[15.54403,46.66874],[15.544,46.66851],[15.54405,46.66842],[15.54412,46.66834],[15.5442,46.66828],[15.54429,46.66822],[15.54435,46.6682],[15.54449,46.66817],[15.54477,46.66809],[15.54564,46.6678],[15.54584,46.66771],[15.54614,46.66754],[15.54653,46.66724],[15.54663,46.66713],[15.54682,46.66688],[15.54683,46.66678],[15.54646,46.6667],[15.54601,46.66625],[15.5459,46.66604],[15.54591,46.6659],[15.54609,46.66529],[15.54611,46.66508],[15.54603,46.66474],[15.54629,46.6646],[15.54651,46.6648],[15.54679,46.66489],[15.54798,46.66489],[15.54792,46.66464],[15.54788,46.66438],[15.54789,46.66409],[15.54799,46.66379],[15.54807,46.66345],[15.54816,46.66282],[15.5481,46.66252],[15.5481,46.66234],[15.54812,46.66212],[15.54828,46.66161],[15.54836,46.6612],[15.54855,46.65998],[15.5486,46.6597],[15.54865,46.6595],[15.54869,46.65922],[15.54867,46.65916],[15.5486,46.65912],[15.54858,46.65909],[15.54856,46.65903],[15.54851,46.65895],[15.54851,46.65885],[15.54854,46.65882],[15.54856,46.65881],[15.54866,46.65872],[15.54871,46.65871],[15.54879,46.65863],[15.54888,46.65861],[15.54904,46.6585],[15.54933,46.65827],[15.54937,46.65817],[15.54942,46.65812],[15.5495,46.658],[15.54954,46.65786],[15.54964,46.65775],[15.54977,46.65754],[15.54984,46.65746],[15.55014,46.65698],[15.55015,46.65681],[15.55034,46.65681],[15.55037,46.6568],[15.55035,46.65678],[15.55035,46.65674],[15.5505,46.65653],[15.5505,46.6565],[15.55057,46.65644],[15.55058,46.6564],[15.5506,46.65631],[15.55048,46.65628],[15.55046,46.65625],[15.55046,46.65624],[15.55042,46.65619],[15.55043,46.65617],[15.55044,46.65615],[15.55062,46.65608],[15.55063,46.65603],[15.55061,46.656],[15.55053,46.65599],[15.55038,46.65587],[15.55037,46.65581],[15.55037,46.65578],[15.55043,46.65573],[15.55047,46.6557],[15.55058,46.65568],[15.55065,46.6557],[15.55072,46.65569],[15.55094,46.65553],[15.55107,46.65537],[15.55108,46.65532],[15.55114,46.65526],[15.55123,46.65517],[15.55127,46.65515],[15.55132,46.65515],[15.55155,46.65518],[15.55167,46.65513],[15.55169,46.65506],[15.55161,46.65492],[15.55174,46.65477],[15.55175,46.65469],[15.5517,46.65466],[15.55167,46.65465],[15.55167,46.65463],[15.55159,46.65455],[15.5516,46.65451],[15.55166,46.65446],[15.5518,46.65446],[15.55186,46.65436],[15.55183,46.65435],[15.55182,46.65409],[15.55193,46.65406],[15.55187,46.65399],[15.55187,46.65396],[15.55197,46.65386],[15.55202,46.6538],[15.55215,46.65378],[15.55225,46.6537],[15.55234,46.65367],[15.55238,46.65363],[15.55242,46.65362],[15.55257,46.65355],[15.55258,46.65352],[15.55251,46.65345],[15.55251,46.65342],[15.55254,46.65339],[15.55256,46.65338],[15.55274,46.65334],[15.55273,46.65326],[15.55275,46.65325],[15.55291,46.65319],[15.55293,46.65316],[15.55291,46.65314],[15.55301,46.65302],[15.55299,46.65287],[15.55297,46.65284],[15.55299,46.65274],[15.55298,46.65272],[15.55301,46.65257],[15.55304,46.65251],[15.55298,46.65238],[15.55288,46.65227],[15.55283,46.65224],[15.5528,46.65218],[15.55283,46.65211],[15.55283,46.6521],[15.55296,46.65208],[15.55299,46.6521],[15.55308,46.6521],[15.55311,46.65209],[15.55306,46.65195],[15.55309,46.65174],[15.55309,46.65158],[15.553,46.65152],[15.55301,46.6515],[15.55302,46.65148],[15.55306,46.65146],[15.55323,46.65142],[15.55329,46.65143],[15.55338,46.65148],[15.55347,46.65147],[15.55349,46.65144],[15.55352,46.65141],[15.55353,46.65137],[15.55346,46.65114],[15.55335,46.65097],[15.55329,46.6509],[15.55321,46.6508],[15.55318,46.65069],[15.55305,46.65057],[15.55305,46.65055],[15.55317,46.65035],[15.5532,46.65026],[15.55321,46.65016],[15.55311,46.65005],[15.55297,46.65001],[15.55292,46.65],[15.55293,46.64994],[15.55294,46.64991],[15.55296,46.64979],[15.55296,46.64967],[15.55298,46.64967],[15.553,46.64962],[15.55295,46.6496],[15.55283,46.64952],[15.5528,46.64945],[15.55281,46.6494],[15.55293,46.64941],[15.55294,46.64936],[15.55286,46.64929],[15.55276,46.64924],[15.55274,46.6492],[15.55281,46.64909],[15.55282,46.64906],[15.55275,46.64901],[15.55271,46.64899],[15.5527,46.64897],[15.55265,46.64891],[15.55269,46.64882],[15.55268,46.6488],[15.5524,46.6488],[15.55238,46.6488],[15.55234,46.6487],[15.55222,46.64863],[15.55203,46.64854],[15.55193,46.64847],[15.55184,46.64832],[15.55178,46.64818],[15.55165,46.64795],[15.5516,46.64786],[15.55147,46.64769],[15.55138,46.64769],[15.5512,46.64777],[15.55105,46.6478],[15.55093,46.64783],[15.55074,46.64787],[15.55025,46.64794],[15.54994,46.64801],[15.54956,46.64812],[15.54955,46.6481],[15.54924,46.64818],[15.54888,46.64825],[15.54831,46.64836],[15.54777,46.64851],[15.5468,46.64874],[15.54668,46.64855],[15.54653,46.64823],[15.54635,46.64774],[15.54606,46.64727],[15.54594,46.64715],[15.54584,46.64713],[15.54576,46.64708],[15.5456,46.64692],[15.54554,46.64685],[15.54554,46.64683],[15.54548,46.64677],[15.54499,46.64661],[15.54472,46.64638],[15.54432,46.64623],[15.54387,46.64608],[15.54402,46.64598],[15.54444,46.64585],[15.54448,46.64582],[15.54439,46.6457],[15.54473,46.64552],[15.54468,46.64545],[15.54457,46.64524],[15.54447,46.64498],[15.5445,46.6447],[15.5445,46.64458],[15.54455,46.6444],[15.54471,46.64422],[15.54486,46.64407],[15.54483,46.64405],[15.54473,46.644],[15.54432,46.64387],[15.54443,46.64356],[15.54452,46.6435],[15.5447,46.64345],[15.54489,46.64338],[15.54497,46.64329],[15.54516,46.64301],[15.54517,46.64298],[15.54516,46.64296],[15.54525,46.64289],[15.54535,46.64287],[15.54553,46.64289],[15.54572,46.64289],[15.54563,46.64243],[15.54621,46.64262],[15.54654,46.64272],[15.54672,46.64273],[15.54684,46.64277],[15.54698,46.64281],[15.54723,46.64206],[15.54704,46.642],[15.54701,46.64199],[15.54704,46.64193],[15.5471,46.64187],[15.54714,46.64186],[15.54723,46.64184],[15.54737,46.6418],[15.54747,46.64177],[15.54755,46.64174],[15.54766,46.64171],[15.54777,46.64166],[15.54794,46.64158],[15.54817,46.64145],[15.54824,46.64142],[15.54834,46.64141],[15.5485,46.64142],[15.54867,46.64144],[15.54867,46.64143],[15.54892,46.64136],[15.54914,46.64115],[15.54913,46.64104],[15.54928,46.64097],[15.54973,46.64077],[15.55042,46.64051],[15.5511,46.64027],[15.55104,46.64021],[15.55104,46.64017],[15.55094,46.64005],[15.55079,46.63991],[15.55056,46.63987],[15.55047,46.63983],[15.55045,46.63978],[15.5504,46.63975],[15.55035,46.63966],[15.55031,46.63952],[15.55023,46.63939],[15.55002,46.63912],[15.54991,46.63874],[15.54984,46.63848],[15.54926,46.63862],[15.54892,46.63826],[15.54838,46.63764],[15.5482,46.63769],[15.54767,46.63728],[15.54745,46.63735],[15.54742,46.63735],[15.54735,46.63729],[15.54729,46.63726],[15.54717,46.63718],[15.5471,46.63715],[15.54692,46.63711],[15.54669,46.63707],[15.54631,46.63708],[15.54612,46.63705],[15.54605,46.63703],[15.54607,46.6368],[15.5461,46.63644],[15.54588,46.63609],[15.545,46.6348],[15.54505,46.6345],[15.54502,46.6343],[15.54546,46.63387],[15.5457,46.63355],[15.54558,46.63315],[15.54486,46.63299],[15.54436,46.6327],[15.54353,46.63222],[15.5432,46.63136],[15.54318,46.63133],[15.54315,46.63126],[15.54296,46.63102],[15.54291,46.63092],[15.54289,46.63083],[15.5428,46.63054],[15.54245,46.62995],[15.54235,46.62998],[15.54216,46.6301],[15.54214,46.6302],[15.54217,46.63035],[15.54216,46.63045],[15.54212,46.63051],[15.54195,46.63075],[15.54196,46.63102],[15.54195,46.63108],[15.54191,46.63114],[15.54181,46.63119],[15.54184,46.63138],[15.54183,46.63146],[15.54181,46.63158],[15.54175,46.63175],[15.54172,46.63188],[15.54145,46.63206],[15.54142,46.63213],[15.54149,46.63223],[15.54153,46.63224],[15.54165,46.63237],[15.54167,46.63245],[15.54165,46.6325],[15.54118,46.63264],[15.54115,46.63271],[15.54119,46.63286],[15.54125,46.63299],[15.54128,46.63309],[15.54116,46.63324],[15.54082,46.63339],[15.54079,46.63345],[15.54072,46.63363],[15.54068,46.63384],[15.54057,46.63386],[15.54023,46.63378],[15.54007,46.63381],[15.53996,46.63385],[15.53977,46.63393],[15.5396,46.63405],[15.53948,46.63414],[15.53929,46.63417],[15.53898,46.6342],[15.53882,46.63429],[15.53878,46.63428],[15.53853,46.63415],[15.5383,46.63413],[15.53823,46.63409],[15.53807,46.63398],[15.53803,46.63396],[15.53797,46.63395],[15.53781,46.63408],[15.53777,46.63409],[15.53772,46.63406],[15.53755,46.63392],[15.53737,46.63374],[15.53728,46.63377],[15.53711,46.63391],[15.53702,46.63381],[15.53703,46.63367],[15.53695,46.6336],[15.53677,46.63352],[15.53668,46.63349],[15.5364,46.63343],[15.53628,46.63346],[15.53623,46.63345],[15.53613,46.63341],[15.53607,46.63337],[15.53596,46.63325],[15.5357,46.63294],[15.5356,46.6329],[15.53551,46.63283],[15.5355,46.63275],[15.53539,46.63262],[15.53532,46.63258],[15.5352,46.63246],[15.5351,46.63241],[15.53496,46.63239],[15.53483,46.6323],[15.53467,46.63222],[15.53455,46.63214],[15.5344,46.63213],[15.53423,46.63223],[15.53413,46.63226],[15.5341,46.63227],[15.53405,46.63226],[15.53402,46.63223],[15.53391,46.63214],[15.53388,46.63206],[15.53387,46.63197],[15.53393,46.63169],[15.53397,46.63162],[15.53398,46.63153],[15.53388,46.63135],[15.53386,46.63133],[15.5337,46.63125],[15.53354,46.63119],[15.53308,46.63113],[15.53279,46.63111],[15.53251,46.63107],[15.53243,46.63108],[15.53227,46.63111],[15.53216,46.63108],[15.53208,46.63104],[15.53198,46.631],[15.53191,46.63099],[15.53171,46.63092],[15.53151,46.63081],[15.53128,46.63059],[15.53119,46.63053],[15.53109,46.63041],[15.53107,46.63037],[15.53098,46.6303],[15.53077,46.6302],[15.53044,46.63019],[15.53041,46.63018],[15.53029,46.63012],[15.53015,46.62998],[15.53012,46.62986],[15.53005,46.62978],[15.53003,46.6297],[15.53011,46.62919],[15.53025,46.62895],[15.53022,46.62885],[15.53002,46.6288],[15.52996,46.62877],[15.52991,46.62872],[15.52972,46.62859],[15.52963,46.62837],[15.52959,46.62831],[15.52955,46.6283],[15.52908,46.62814],[15.52891,46.62801],[15.52885,46.62799],[15.52868,46.62798],[15.52846,46.62809],[15.52831,46.62806],[15.52814,46.62793],[15.52781,46.62756],[15.52762,46.62751],[15.5274,46.62742],[15.52712,46.62737],[15.52703,46.62731],[15.52659,46.62691],[15.52638,46.62681],[15.52622,46.62669],[15.52608,46.62666],[15.52585,46.62671],[15.52564,46.62664],[15.52553,46.62652],[15.52546,46.62631],[15.52537,46.62615],[15.52531,46.6261],[15.52512,46.62601],[15.52496,46.62586],[15.52463,46.62572],[15.52447,46.62559],[15.52442,46.62551],[15.52437,46.62528],[15.5243,46.62518],[15.52424,46.62503],[15.52423,46.62491],[15.52408,46.62487],[15.52381,46.62458],[15.52384,46.62445],[15.52377,46.62443],[15.52341,46.62447],[15.5233,46.62442],[15.52328,46.62435],[15.52342,46.6243],[15.52343,46.62427],[15.52339,46.62419],[15.52336,46.62408],[15.52337,46.62401],[15.52329,46.62384],[15.52325,46.6238],[15.52326,46.62376],[15.52318,46.62366],[15.52312,46.62359],[15.52308,46.62347],[15.52303,46.62344],[15.52291,46.62323],[15.52293,46.62317],[15.52287,46.62307],[15.52277,46.62302],[15.52263,46.62286],[15.52245,46.62276],[15.52233,46.6227],[15.52206,46.62261],[15.52191,46.62256],[15.52167,46.62243],[15.52152,46.6224],[15.52127,46.6223],[15.52116,46.62208],[15.52108,46.62202],[15.52098,46.62197],[15.52085,46.62196],[15.52064,46.62197],[15.5206,46.62195],[15.52059,46.62192],[15.52048,46.62176],[15.52033,46.62166],[15.5202,46.62158],[15.52013,46.62155],[15.51993,46.6215],[15.51967,46.62148],[15.51934,46.62141],[15.51919,46.62141],[15.51883,46.62135],[15.51867,46.62156],[15.51854,46.62166],[15.51844,46.62172],[15.51839,46.62174],[15.5182,46.62176],[15.51806,46.62183],[15.51796,46.62191],[15.51789,46.62199],[15.51788,46.6221],[15.51779,46.62217],[15.5177,46.62228],[15.51757,46.62238],[15.51748,46.62243],[15.51745,46.62247],[15.51732,46.62254],[15.51728,46.62255],[15.5172,46.62263],[15.51699,46.62272],[15.51678,46.62272],[15.51654,46.62269],[15.51642,46.62272],[15.51637,46.62277],[15.51623,46.62282],[15.51617,46.62287],[15.51612,46.62296],[15.51603,46.62304],[15.51597,46.62306],[15.51591,46.6231],[15.51582,46.62323],[15.51574,46.62328],[15.51556,46.62335],[15.51547,46.62338],[15.51521,46.62314],[15.51479,46.62293],[15.51435,46.62275],[15.51412,46.62266],[15.5136,46.62221],[15.51329,46.62213],[15.51242,46.62218],[15.51242,46.62216],[15.51222,46.62199],[15.51203,46.62189],[15.5118,46.62181],[15.51178,46.62169],[15.51191,46.62159],[15.51136,46.62111],[15.51103,46.62066],[15.51087,46.62055],[15.51068,46.62065],[15.51008,46.62012],[15.51059,46.61988],[15.51071,46.61978],[15.51111,46.61951],[15.51143,46.61919],[15.51136,46.61884],[15.51164,46.61877],[15.51134,46.6183],[15.51123,46.61783],[15.51129,46.61776],[15.5113,46.61773],[15.51135,46.61771],[15.5114,46.61767],[15.51141,46.61762],[15.51146,46.61758],[15.5115,46.61756],[15.51154,46.61756],[15.51165,46.61753],[15.51167,46.6175],[15.51167,46.61747],[15.51169,46.61745],[15.51173,46.61744],[15.51185,46.61731],[15.51186,46.61725],[15.51185,46.61719],[15.51188,46.61715],[15.51188,46.61712],[15.5119,46.61709],[15.5119,46.61692],[15.51181,46.61661],[15.51117,46.61638],[15.5109,46.61632],[15.51069,46.61623],[15.51045,46.61587],[15.51041,46.61588],[15.51039,46.61593],[15.51033,46.61599],[15.51028,46.61603],[15.50999,46.61614],[15.50986,46.61617],[15.50961,46.61617],[15.50885,46.61623],[15.50852,46.61611],[15.50833,46.61611],[15.50824,46.61613],[15.50814,46.61613],[15.50805,46.61611],[15.50796,46.61607],[15.50764,46.61588],[15.50754,46.61583],[15.50746,46.61581],[15.50667,46.61567],[15.50655,46.61567],[15.50647,46.61569],[15.50632,46.61577],[15.50593,46.61587],[15.50535,46.61604],[15.50521,46.61606],[15.50509,46.61607],[15.50489,46.61607],[15.50468,46.61604],[15.50454,46.61601],[15.50442,46.61597],[15.50428,46.6158],[15.50409,46.61563],[15.50401,46.61557],[15.50382,46.61546],[15.50371,46.61536],[15.50365,46.61524],[15.50364,46.61518],[15.50364,46.61511],[15.50366,46.61502],[15.50369,46.61496],[15.50378,46.61477],[15.50396,46.61452],[15.50404,46.61437],[15.50405,46.61429],[15.50374,46.61424],[15.5034,46.61417],[15.50314,46.61411],[15.50286,46.61408],[15.50247,46.61399],[15.50233,46.61392],[15.50227,46.61391],[15.50222,46.61396],[15.50212,46.61404],[15.50203,46.61406],[15.50197,46.61409],[15.50189,46.61416],[15.50185,46.61417],[15.50181,46.6142],[15.50157,46.6143],[15.50152,46.61435],[15.50141,46.61439],[15.50134,46.61441],[15.50127,46.61443],[15.50124,46.61446],[15.50098,46.61455],[15.50087,46.61457],[15.50059,46.61465],[15.50054,46.61465],[15.50036,46.61471],[15.50035,46.61483],[15.5003,46.6149],[15.50029,46.61492],[15.50028,46.61496],[15.50032,46.615],[15.50033,46.61504],[15.50031,46.61516],[15.50032,46.61518],[15.50036,46.61524],[15.50037,46.61528],[15.50037,46.61532],[15.50034,46.6154],[15.5003,46.61548],[15.50027,46.6155],[15.50026,46.61557],[15.50028,46.61563],[15.50032,46.6157],[15.50029,46.61576],[15.50028,46.61583],[15.50027,46.61593],[15.50021,46.61604],[15.50016,46.61611],[15.5001,46.61616],[15.50005,46.61619],[15.50006,46.61622],[15.50007,46.61624],[15.50011,46.61625],[15.50019,46.6163],[15.50016,46.61632],[15.49993,46.61641],[15.49991,46.61641],[15.4999,46.61649],[15.49992,46.61656],[15.49996,46.61666],[15.50006,46.61677],[15.50022,46.61691],[15.50033,46.61702],[15.50039,46.61709],[15.50056,46.61738],[15.50062,46.61748],[15.50064,46.61756],[15.50064,46.61757],[15.5006,46.61763],[15.50055,46.61766],[15.50002,46.61797],[15.49961,46.61818],[15.49942,46.61822],[15.4991,46.61831],[15.49902,46.61835],[15.49885,46.61837],[15.49881,46.61838],[15.49841,46.61857],[15.49832,46.6186],[15.4982,46.61865],[15.49812,46.61866],[15.49789,46.61863],[15.49778,46.61862],[15.49775,46.61862],[15.49771,46.61861],[15.49762,46.61857],[15.49755,46.61855],[15.49748,46.61856],[15.49739,46.61859],[15.4973,46.61861],[15.49721,46.61861],[15.49713,46.61863],[15.49683,46.61862],[15.49673,46.61863],[15.49669,46.61864],[15.49663,46.61867],[15.49657,46.61869],[15.49656,46.6187],[15.49658,46.61883],[15.49657,46.61884],[15.49655,46.61885],[15.49651,46.61884],[15.49647,46.61883],[15.49642,46.61883],[15.49637,46.61884],[15.49632,46.61883],[15.49625,46.61879],[15.49622,46.61877],[15.49617,46.61877],[15.49615,46.61877],[15.49614,46.61879],[15.49613,46.6188],[15.49607,46.61882],[15.49602,46.61882],[15.49597,46.61881],[15.49591,46.61878],[15.49582,46.61876],[15.49576,46.61873],[15.49575,46.61872],[15.49575,46.61869],[15.49573,46.61868],[15.4956,46.61866],[15.49554,46.61866],[15.49542,46.6187],[15.4954,46.61872],[15.4954,46.61876],[15.49541,46.61877],[15.4954,46.61879],[15.49531,46.61882],[15.4953,46.61884],[15.49536,46.6189],[15.49537,46.61893],[15.49533,46.61897],[15.49524,46.61899],[15.49511,46.61901],[15.49508,46.61902],[15.49501,46.61901],[15.49495,46.61903],[15.49487,46.61907],[15.49464,46.61912],[15.4946,46.61915],[15.49441,46.61923],[15.49435,46.61923],[15.49433,46.61924],[15.49432,46.61927],[15.49431,46.61937],[15.49428,46.61941],[15.4942,46.61946],[15.4941,46.61961],[15.49406,46.61963],[15.49403,46.61961],[15.49402,46.61959],[15.49397,46.61957],[15.49394,46.61958],[15.49389,46.61961],[15.49385,46.61959],[15.49379,46.61961],[15.49374,46.61964],[15.49365,46.6197],[15.49363,46.61976],[15.49359,46.61978],[15.49358,46.61982],[15.49358,46.61986],[15.49357,46.61992],[15.49355,46.61995],[15.49349,46.61998],[15.4934,46.62002],[15.49314,46.62016],[15.49292,46.6203],[15.49269,46.62035],[15.49259,46.62035],[15.49253,46.62036],[15.49246,46.62039],[15.49239,46.62038],[15.49229,46.62036],[15.49221,46.62035],[15.49213,46.62036],[15.49196,46.62044],[15.49191,46.62044],[15.49188,46.62041],[15.49179,46.62041],[15.49177,46.62042],[15.49166,46.62047],[15.49158,46.62046],[15.49146,46.62048],[15.4914,46.62048],[15.4912,46.62042],[15.49117,46.6204],[15.49111,46.6204],[15.49103,46.62047],[15.49097,46.62047],[15.49091,46.62045],[15.49086,46.62043],[15.49085,46.62042],[15.49085,46.62038],[15.49082,46.62037],[15.49076,46.62036],[15.49054,46.62038],[15.49038,46.62039],[15.49026,46.62043],[15.49013,46.62042],[15.49005,46.62038],[15.48995,46.62037],[15.48993,46.62037],[15.48986,46.62042],[15.48973,46.62046],[15.48958,46.62045],[15.48949,46.62048],[15.48939,46.62054],[15.4893,46.62058],[15.48918,46.62059],[15.48904,46.62064],[15.48888,46.62068],[15.48874,46.62067],[15.48867,46.62067],[15.48857,46.62064],[15.4885,46.62065],[15.48843,46.6207],[15.48838,46.6207],[15.48831,46.62068],[15.48827,46.62065],[15.48823,46.62066],[15.4882,46.62069],[15.48819,46.62072],[15.48817,46.62069],[15.48788,46.62027],[15.48786,46.62023],[15.48769,46.62016],[15.48761,46.62006],[15.48744,46.61995],[15.4874,46.6199],[15.48735,46.6199],[15.48724,46.61987],[15.48713,46.61977],[15.48704,46.61977],[15.48695,46.61981],[15.48689,46.6198],[15.48678,46.61975],[15.4867,46.61974],[15.48662,46.6198],[15.48656,46.6198],[15.48642,46.61977],[15.48635,46.61973],[15.48627,46.61969],[15.48623,46.61959],[15.48615,46.61956],[15.48606,46.61956],[15.48593,46.61944],[15.48593,46.6194],[15.48589,46.61938],[15.48581,46.61944],[15.48566,46.61943],[15.48561,46.61944],[15.48556,46.6195],[15.48547,46.61952],[15.48516,46.61953],[15.48499,46.6195],[15.48488,46.6194],[15.48483,46.61939],[15.48471,46.61941],[15.48465,46.6194],[15.4846,46.61938],[15.4846,46.61934],[15.48449,46.61929],[15.48438,46.61924],[15.48429,46.61919],[15.48428,46.61914],[15.48422,46.6191],[15.4842,46.61906],[15.48401,46.619],[15.48396,46.61897],[15.48391,46.61894],[15.48389,46.61891],[15.4837,46.61878],[15.48368,46.61861],[15.48363,46.61852],[15.48355,46.61847],[15.48353,46.61842],[15.48357,46.61837],[15.48355,46.61834],[15.4835,46.61833],[15.48344,46.6182],[15.48331,46.61812],[15.48323,46.61804],[15.48319,46.61797],[15.48326,46.61784],[15.48326,46.61778],[15.48319,46.6177],[15.48312,46.6176],[15.48309,46.61753],[15.48303,46.61742],[15.48306,46.61734],[15.48305,46.61721],[15.48298,46.61714],[15.48301,46.61707],[15.48301,46.61689],[15.48285,46.61681],[15.48283,46.61677],[15.48287,46.61673],[15.48277,46.61658],[15.48261,46.61646],[15.48245,46.61633],[15.48239,46.61624],[15.48232,46.6162],[15.48228,46.61616],[15.48223,46.61601],[15.48214,46.61593],[15.48204,46.61582],[15.48199,46.61581],[15.48187,46.61566],[15.48174,46.61556],[15.48166,46.61554],[15.48157,46.61547],[15.48146,46.61541],[15.48118,46.61531],[15.48113,46.61521],[15.48083,46.61508],[15.48075,46.61501],[15.48056,46.61489],[15.48049,46.61487],[15.48033,46.61477],[15.48026,46.61475],[15.48023,46.61469],[15.4802,46.61467],[15.48016,46.61457],[15.4801,46.61452],[15.47999,46.61448],[15.47985,46.61444],[15.47981,46.61441],[15.4798,46.61436],[15.4798,46.61422],[15.47975,46.61416],[15.47967,46.61406],[15.47964,46.61398],[15.47969,46.6139],[15.47967,46.61387],[15.47962,46.61384],[15.47953,46.61377],[15.47944,46.61372],[15.47933,46.61369],[15.47922,46.61366],[15.47915,46.61358],[15.47907,46.61356],[15.47898,46.61348],[15.47877,46.61344],[15.47871,46.61339],[15.47854,46.61328],[15.47846,46.61319],[15.47843,46.61317],[15.47835,46.61316],[15.47822,46.61309],[15.47818,46.61306],[15.47793,46.613],[15.47771,46.61293],[15.47764,46.61288],[15.47762,46.61285],[15.47715,46.61274],[15.47674,46.61261],[15.47654,46.61253],[15.47623,46.61243],[15.47612,46.61241],[15.47574,46.61227],[15.47546,46.61225],[15.47503,46.61213],[15.47496,46.61211],[15.47475,46.61205],[15.4747,46.61214],[15.47466,46.61226],[15.47459,46.61232],[15.47438,46.61237],[15.47424,46.61239],[15.4742,46.6124],[15.47411,46.61235],[15.47388,46.61225],[15.47351,46.61208],[15.47305,46.61199],[15.47284,46.612],[15.47259,46.61206],[15.47247,46.6121],[15.47217,46.61221],[15.47196,46.61225],[15.47185,46.61231],[15.47182,46.61235],[15.47173,46.61241],[15.47154,46.6125],[15.47134,46.61259],[15.47132,46.61262],[15.47123,46.6127],[15.47117,46.61278],[15.47102,46.61301],[15.47098,46.61305],[15.47077,46.61319],[15.47064,46.61324],[15.47024,46.61332],[15.47011,46.61336],[15.47005,46.61334],[15.46963,46.61311],[15.46942,46.61298],[15.46922,46.6129],[15.46913,46.61285],[15.46889,46.61301],[15.46856,46.61326],[15.46823,46.61355],[15.46769,46.61393],[15.46647,46.61437],[15.46567,46.61442],[15.46476,46.61458],[15.46431,46.61459],[15.4639,46.61459],[15.46377,46.61475],[15.46354,46.615],[15.46309,46.61485],[15.46301,46.61523],[15.46235,46.61524],[15.4621,46.61525],[15.46251,46.61565],[15.4625,46.61593],[15.46236,46.61663],[15.46234,46.61712],[15.46217,46.61786],[15.46247,46.61818],[15.46275,46.61869],[15.46283,46.61899],[15.46343,46.61926],[15.46385,46.61958],[15.46365,46.62043],[15.46369,46.62098],[15.46398,46.62165],[15.46403,46.6221],[15.46371,46.6228],[15.46366,46.62302],[15.4635,46.62301],[15.46339,46.62345],[15.46313,46.62401],[15.46278,46.62444],[15.46231,46.62506],[15.46214,46.62595],[15.46105,46.62616],[15.46095,46.62601],[15.46038,46.62612],[15.45991,46.62609],[15.45967,46.62618],[15.45943,46.62646],[15.45979,46.62666],[15.45931,46.62733],[15.45886,46.62774],[15.4576,46.62817],[15.45718,46.62925],[15.45656,46.62937],[15.45608,46.62952],[15.45523,46.62987],[15.45507,46.63012],[15.45527,46.63042],[15.45548,46.63066],[15.45589,46.63128],[15.45586,46.63156],[15.45551,46.632],[15.45527,46.63233],[15.45514,46.63286],[15.45524,46.63328],[15.45534,46.63365],[15.45538,46.63399],[15.45549,46.63444],[15.45583,46.6347],[15.45604,46.63497],[15.45597,46.63591],[15.45621,46.63613],[15.4563,46.63654],[15.45596,46.63727],[15.45584,46.63755],[15.45578,46.63767],[15.45638,46.63809],[15.45678,46.6386],[15.45686,46.63898],[15.45592,46.63915],[15.45546,46.63978],[15.45492,46.6399],[15.45422,46.64004],[15.45392,46.63996],[15.45323,46.64015],[15.45276,46.64047],[15.45208,46.64085],[15.45163,46.64102],[15.45069,46.64175],[15.45051,46.64167],[15.45022,46.64186],[15.44964,46.64234],[15.44864,46.64215],[15.44809,46.642],[15.4476,46.64164],[15.44693,46.64146],[15.4463,46.6413],[15.44581,46.6412],[15.44512,46.64095],[15.44426,46.64073],[15.44355,46.64059],[15.44326,46.64067],[15.44292,46.64053],[15.44255,46.64039],[15.44219,46.64012],[15.44206,46.64022],[15.44181,46.6399],[15.44127,46.63997],[15.44054,46.64003],[15.43981,46.63991],[15.43936,46.63986],[15.43932,46.64007],[15.43863,46.64043],[15.43817,46.64049],[15.43756,46.6407],[15.43691,46.64106],[15.43619,46.64152],[15.43579,46.6419],[15.43563,46.64192],[15.43475,46.64212],[15.43366,46.64243],[15.43354,46.64279],[15.43297,46.64322],[15.43285,46.64336],[15.43262,46.6437],[15.43237,46.64387],[15.43218,46.64424],[15.43192,46.64481],[15.43169,46.64524],[15.43128,46.64571],[15.43105,46.64574],[15.431,46.64586],[15.43112,46.64589],[15.43061,46.64639],[15.4304,46.64655],[15.43018,46.64665],[15.42935,46.6468],[15.42908,46.64699],[15.42837,46.64712],[15.42782,46.64702],[15.4265,46.64717],[15.42516,46.64734],[15.42375,46.6475],[15.42371,46.64733],[15.42288,46.64711],[15.42281,46.64723],[15.42268,46.64735],[15.42205,46.64728],[15.42172,46.64723],[15.42158,46.64759],[15.42144,46.64825],[15.42164,46.64893],[15.42188,46.64951],[15.42174,46.64998],[15.42213,46.65003],[15.42271,46.65029],[15.42316,46.65085],[15.42316,46.65127],[15.42287,46.65168],[15.42307,46.65222],[15.42332,46.65269],[15.42171,46.65327],[15.4216,46.65367],[15.42111,46.65454],[15.42038,46.6549],[15.41994,46.65498],[15.41872,46.65494],[15.41765,46.65491],[15.41687,46.65478],[15.41585,46.65509],[15.41454,46.65543],[15.41408,46.65554],[15.41342,46.65551],[15.41301,46.65539],[15.41279,46.65522],[15.41266,46.65509],[15.41218,46.65488],[15.41182,46.65489],[15.41121,46.65486],[15.40973,46.65478],[15.40873,46.65447],[15.40829,46.65448],[15.40778,46.6546],[15.40669,46.65455],[15.40567,46.65447],[15.40566,46.65432],[15.40538,46.65416],[15.4052,46.65433],[15.40469,46.65419],[15.40428,46.65399],[15.40327,46.65392],[15.40272,46.65379],[15.40203,46.65356],[15.40143,46.65337],[15.40079,46.65331],[15.39952,46.65341],[15.39851,46.65335],[15.39813,46.65328],[15.39715,46.65298],[15.39679,46.65286],[15.3964,46.65287],[15.39535,46.65249],[15.3948,46.65227],[15.39446,46.65204],[15.39434,46.65191],[15.39378,46.65207],[15.3932,46.65211],[15.39263,46.65209],[15.39228,46.65214],[15.39189,46.65218],[15.39103,46.6522],[15.38966,46.65264],[15.38897,46.65293],[15.38849,46.65295],[15.38818,46.65272],[15.38759,46.65253],[15.38623,46.65221],[15.38569,46.65204],[15.38532,46.65202],[15.38508,46.65199],[15.38451,46.65187],[15.38403,46.65162],[15.38344,46.65151],[15.38288,46.65163],[15.38256,46.65168],[15.38216,46.65189],[15.38156,46.65219],[15.38109,46.65229],[15.38057,46.65229],[15.3794,46.65197],[15.37889,46.65188],[15.37776,46.65191],[15.3773,46.65189],[15.37591,46.65189],[15.37555,46.65169],[15.37493,46.65124],[15.37489,46.65077],[15.37474,46.6506],[15.37436,46.65047],[15.37315,46.65028],[15.3723,46.64974],[15.37156,46.6498],[15.37085,46.64981],[15.37012,46.64989],[15.36893,46.65062],[15.36876,46.65095],[15.36814,46.6513],[15.36693,46.65137],[15.3655,46.65119],[15.36494,46.65099],[15.36404,46.65113],[15.36351,46.65114],[15.36256,46.65111],[15.3611,46.65127],[15.35987,46.65134],[15.35913,46.65133],[15.35787,46.65135],[15.35726,46.65144],[15.35691,46.65147],[15.35624,46.65142],[15.35572,46.65145],[15.35572,46.65174],[15.35566,46.65203],[15.35557,46.65234],[15.3555,46.65266],[15.35548,46.65288],[15.35542,46.65326],[15.35538,46.65364],[15.35504,46.65419],[15.35474,46.6545],[15.35438,46.65461],[15.35374,46.65499],[15.35351,46.655],[15.35324,46.65482],[15.35289,46.65471],[15.35232,46.65474],[15.35172,46.65471],[15.35093,46.65465],[15.35036,46.65451],[15.3497,46.65427],[15.3487,46.65386],[15.34848,46.65386],[15.34798,46.65375],[15.34768,46.65366],[15.34717,46.65342],[15.34698,46.65307],[15.34649,46.65254],[15.3459,46.65234],[15.34535,46.65212],[15.34469,46.65158],[15.3442,46.65137],[15.34412,46.65128],[15.34428,46.65122],[15.3442,46.65084],[15.34372,46.65091],[15.34293,46.65103],[15.34259,46.65105],[15.34182,46.65098],[15.34114,46.65087],[15.34051,46.65101],[15.34044,46.65156],[15.34,46.65159],[15.33946,46.6518],[15.33928,46.65225],[15.33853,46.65276],[15.33817,46.65289],[15.33778,46.65317],[15.33662,46.65291],[15.33574,46.65322],[15.33548,46.65318],[15.33425,46.65308],[15.33414,46.65309],[15.33403,46.6531],[15.33395,46.65312],[15.33385,46.65315],[15.33265,46.65258],[15.33187,46.65236],[15.3313,46.65237],[15.3309,46.65255],[15.33048,46.6527],[15.32989,46.65295],[15.32843,46.65324],[15.328,46.65321],[15.32748,46.65304],[15.32706,46.65275],[15.32663,46.65226],[15.32572,46.65175],[15.32541,46.6515],[15.32437,46.65085],[15.32374,46.65041],[15.32435,46.64986],[15.32353,46.64964],[15.32241,46.64924],[15.32223,46.64906],[15.322,46.64885],[15.32164,46.64864],[15.32192,46.64822],[15.32166,46.64803],[15.32126,46.64808],[15.32066,46.64789],[15.31944,46.64785],[15.31867,46.64785],[15.31836,46.64801],[15.31682,46.64859],[15.31588,46.64892],[15.31554,46.64908],[15.31522,46.64967],[15.31465,46.65024],[15.31382,46.65076],[15.3133,46.65121],[15.31262,46.65147],[15.31132,46.65214],[15.31045,46.65239],[15.3095,46.6525],[15.30897,46.65243],[15.30866,46.65241],[15.30825,46.65242],[15.30798,46.65244],[15.30745,46.6526],[15.30683,46.65277],[15.30592,46.65297],[15.30516,46.65304],[15.30468,46.65302],[15.30369,46.65301],[15.30263,46.65315],[15.30214,46.65319],[15.30158,46.65325],[15.30111,46.65323],[15.30014,46.65311],[15.29975,46.65302],[15.29939,46.65296],[15.29942,46.65287],[15.29846,46.65289],[15.29732,46.65272],[15.29666,46.65267],[15.29628,46.65256],[15.29532,46.65265],[15.2948,46.65265],[15.29402,46.65249],[15.29375,46.65232],[15.29344,46.65221],[15.29303,46.65184],[15.2924,46.65142],[15.2921,46.65115],[15.29165,46.65074],[15.29147,46.65049],[15.29052,46.64996],[15.28954,46.64945],[15.28901,46.64937],[15.28856,46.64901],[15.28749,46.64897],[15.28585,46.64855],[15.28554,46.64842],[15.28409,46.64795],[15.28384,46.64776],[15.28355,46.64733],[15.28293,46.64648],[15.28272,46.64614],[15.28264,46.64568],[15.28224,46.64522],[15.28148,46.645],[15.28025,46.6448],[15.27966,46.64467],[15.27943,46.64457],[15.27909,46.64437],[15.27832,46.64398],[15.27738,46.64362],[15.27681,46.64357],[15.27652,46.64364],[15.27613,46.64379],[15.27552,46.64399],[15.27417,46.64412],[15.27295,46.64418],[15.27236,46.64412],[15.27138,46.64388],[15.27038,46.64392],[15.26959,46.64421],[15.26903,46.64449],[15.26785,46.64474],[15.26696,46.64476],[15.26661,46.64464],[15.26532,46.64458],[15.26458,46.64447],[15.26391,46.64449],[15.26335,46.64463],[15.26253,46.64472],[15.26199,46.64464],[15.26108,46.64442],[15.26043,46.64423],[15.25973,46.64405],[15.25925,46.64399],[15.25899,46.64399],[15.25756,46.64354],[15.2567,46.64318],[15.25618,46.64301],[15.25554,46.64275],[15.25487,46.6426],[15.25437,46.64246],[15.25378,46.6423],[15.25347,46.6421],[15.25291,46.64218],[15.25178,46.64211],[15.25081,46.64212],[15.24976,46.64211],[15.24894,46.64206],[15.24818,46.6419],[15.2474,46.64172],[15.24701,46.64177],[15.24526,46.64177],[15.24426,46.6418],[15.244,46.64177],[15.24359,46.64153],[15.24309,46.64107],[15.24245,46.64058],[15.24186,46.64024],[15.24135,46.64007],[15.24107,46.64006],[15.24042,46.64],[15.23981,46.63991],[15.23938,46.63987],[15.23864,46.63979],[15.23813,46.63976],[15.2376,46.63974],[15.23747,46.63971],[15.23704,46.63965],[15.2367,46.63954],[15.23657,46.63952],[15.23644,46.63952],[15.2359,46.63939],[15.2356,46.63946],[15.23543,46.63967],[15.23503,46.63983],[15.23458,46.63999],[15.23401,46.64028],[15.23365,46.64042],[15.23284,46.64067],[15.23208,46.64097],[15.2314,46.64126],[15.23061,46.64154],[15.23001,46.64171],[15.22943,46.64192],[15.22887,46.64202],[15.22824,46.64221],[15.22775,46.64233],[15.22724,46.64245],[15.22682,46.64261],[15.22642,46.64277],[15.22609,46.64293],[15.22585,46.64301],[15.22507,46.64316],[15.22462,46.64335],[15.22429,46.64344],[15.22376,46.64335],[15.22318,46.6433],[15.22278,46.64322],[15.22203,46.64304],[15.22175,46.643],[15.22108,46.64275],[15.22077,46.64268],[15.22051,46.64258],[15.22008,46.64246],[15.21951,46.64239],[15.21908,46.64237],[15.2191,46.64234],[15.21902,46.64233],[15.21829,46.6422],[15.2182,46.6422],[15.21813,46.6422],[15.21806,46.64221],[15.21797,46.64225],[15.2179,46.64229],[15.21779,46.64237],[15.21761,46.64253],[15.21751,46.6426],[15.21735,46.64269],[15.21716,46.64276],[15.21702,46.64284],[15.21663,46.64309],[15.21653,46.64313],[15.21643,46.64317],[15.21631,46.6432],[15.2161,46.64323],[15.21586,46.64325],[15.21543,46.6433],[15.21519,46.64334],[15.21501,46.64338],[15.21476,46.64344],[15.21451,46.64352],[15.21435,46.64358],[15.21417,46.64365],[15.21394,46.64372],[15.21379,46.64378],[15.21373,46.6438],[15.21359,46.6438],[15.21346,46.64377],[15.21329,46.64373],[15.21312,46.64367],[15.21281,46.64362],[15.21273,46.64361],[15.2126,46.64362],[15.21248,46.64363],[15.21232,46.64367],[15.21202,46.64371],[15.21193,46.64371],[15.21174,46.64372],[15.21165,46.64372],[15.21121,46.64379],[15.21087,46.64382],[15.21053,46.64386],[15.21029,46.64391],[15.21022,46.64391],[15.20977,46.64391],[15.20962,46.64393],[15.20904,46.64395],[15.20876,46.64401],[15.20857,46.6441],[15.20799,46.64432],[15.20776,46.64444],[15.20765,46.6445],[15.20753,46.64455],[15.20732,46.64463],[15.20713,46.64468],[15.20707,46.6447],[15.20673,46.64487],[15.20657,46.64504],[15.20649,46.6451],[15.20643,46.64512],[15.20616,46.64521],[15.20587,46.64525],[15.20576,46.64526],[15.20561,46.64527],[15.20544,46.64523],[15.20537,46.64519],[15.20525,46.6452],[15.20502,46.64527],[15.20488,46.64529],[15.20477,46.64532],[15.20459,46.64533],[15.2042,46.64536],[15.204,46.64539],[15.20391,46.64541],[15.20374,46.64542],[15.2036,46.64542],[15.20351,46.6454],[15.20332,46.64536],[15.2031,46.64528],[15.20284,46.64517],[15.20268,46.64511],[15.2024,46.64503],[15.20199,46.64495],[15.20189,46.64494],[15.20169,46.64495],[15.20156,46.64497],[15.20139,46.64502],[15.20075,46.64527],[15.20026,46.64543],[15.20025,46.64541],[15.19952,46.64561],[15.19923,46.64567],[15.19849,46.64573],[15.19808,46.64573],[15.19791,46.64574],[15.19761,46.64574],[15.19743,46.64574],[15.19736,46.64574],[15.19686,46.64592],[15.19673,46.64605],[15.19658,46.64614],[15.19604,46.64633],[15.19555,46.64656],[15.19512,46.64675],[15.19485,46.64717],[15.19423,46.64756],[15.19375,46.64784],[15.19225,46.64842],[15.19225,46.64845],[15.19193,46.64861],[15.19181,46.6488],[15.19153,46.64946],[15.19143,46.64964],[15.19141,46.64978],[15.19155,46.65028],[15.19164,46.65072],[15.19082,46.65112],[15.19056,46.65136],[15.19024,46.65174],[15.18985,46.6521],[15.18961,46.6524],[15.18935,46.65278],[15.18847,46.65286],[15.18846,46.65282],[15.18837,46.65286],[15.18828,46.6529],[15.18813,46.65302],[15.18793,46.6531],[15.18722,46.65333],[15.18693,46.65344],[15.18673,46.6535],[15.1864,46.65362],[15.18628,46.65369],[15.18623,46.65373],[15.18619,46.65379],[15.18618,46.65378],[15.18585,46.65395],[15.18587,46.65396],[15.18562,46.65416],[15.18561,46.65417],[15.18548,46.65426],[15.18504,46.65452],[15.1849,46.65461],[15.1847,46.65473],[15.18421,46.65497],[15.1838,46.6552],[15.18362,46.65531],[15.18351,46.65538],[15.18317,46.65567],[15.18303,46.65578],[15.18265,46.65603],[15.18227,46.65615],[15.18217,46.65616],[15.18173,46.65626],[15.18159,46.65628],[15.18141,46.6563],[15.18113,46.65627],[15.18078,46.65621],[15.18043,46.65614],[15.17981,46.65596],[15.17951,46.65587],[15.17946,46.65581],[15.17936,46.65571],[15.17927,46.65564],[15.17893,46.65543],[15.17887,46.65542],[15.17884,46.65542],[15.17884,46.65544],[15.17884,46.65559],[15.17883,46.65562],[15.17877,46.65566],[15.17874,46.65568],[15.17866,46.65569],[15.17856,46.65568],[15.17841,46.65561],[15.17816,46.6555],[15.17785,46.65538],[15.17762,46.65531],[15.17746,46.65528],[15.17676,46.65524],[15.17654,46.65524],[15.17618,46.65516],[15.17594,46.65517],[15.17567,46.65518],[15.17547,46.65522],[15.17508,46.65538],[15.17491,46.65547],[15.17468,46.65555],[15.1744,46.65529],[15.17383,46.65477],[15.17366,46.65462],[15.17353,46.65451],[15.17321,46.65423],[15.17321,46.65421],[15.17266,46.65424],[15.17227,46.65435],[15.17168,46.65432],[15.17125,46.65421],[15.17074,46.65397],[15.1704,46.65409],[15.17004,46.65403],[15.16989,46.654],[15.16975,46.65402],[15.16967,46.65396],[15.16955,46.6539],[15.16937,46.65384],[15.16894,46.65389],[15.16866,46.65398],[15.16839,46.65398],[15.16759,46.65406],[15.16748,46.6541],[15.16706,46.65407],[15.16696,46.65411],[15.16671,46.65418],[15.16655,46.65431],[15.16622,46.65465],[15.16618,46.65471],[15.16582,46.65496],[15.1657,46.65508],[15.16562,46.65531],[15.16562,46.6554],[15.16558,46.65569],[15.16541,46.6559],[15.165,46.65647],[15.16492,46.65688],[15.16475,46.6571],[15.16454,46.6573],[15.16427,46.65733],[15.16419,46.65735],[15.16413,46.65734],[15.16398,46.65736],[15.16394,46.65737],[15.16394,46.65742],[15.16384,46.65745],[15.1637,46.65745],[15.16348,46.65755],[15.16348,46.65756],[15.16317,46.65758],[15.16305,46.65762],[15.16288,46.65769],[15.16237,46.65778],[15.16218,46.65775],[15.16191,46.65765],[15.16163,46.65747],[15.16082,46.65728],[15.16025,46.65712],[15.15999,46.65706],[15.1597,46.6569],[15.1592,46.65673],[15.15857,46.65632],[15.15794,46.65644],[15.15758,46.65638],[15.15696,46.65618],[15.15649,46.65599],[15.1561,46.65584],[15.15594,46.65566],[15.15585,46.6557],[15.15576,46.65571],[15.15559,46.65578],[15.1554,46.65579],[15.15526,46.65577],[15.15508,46.65582],[15.15498,46.65586],[15.15495,46.65586],[15.15478,46.65595],[15.15467,46.65611],[15.15457,46.65617],[15.15451,46.65619],[15.15447,46.65623],[15.15443,46.6563],[15.15436,46.6564],[15.15437,46.65647],[15.15433,46.65649],[15.15431,46.65652],[15.15428,46.65666],[15.15419,46.65676],[15.1542,46.65677],[15.1542,46.65681],[15.15421,46.65686],[15.15416,46.65685],[15.15411,46.65683],[15.15395,46.65695],[15.15404,46.65699],[15.15397,46.65712],[15.15392,46.65716],[15.15371,46.65724],[15.15355,46.65739],[15.15355,46.65742],[15.15338,46.65761],[15.15317,46.65766],[15.15313,46.65769],[15.15293,46.6578],[15.15297,46.65783],[15.15301,46.6579],[15.1527,46.65813],[15.15265,46.65819],[15.15263,46.65824],[15.1525,46.65827],[15.15245,46.65827],[15.15236,46.65833],[15.15228,46.65834],[15.15201,46.6583],[15.15186,46.65833],[15.15176,46.65837],[15.15171,46.65838],[15.15166,46.65837],[15.15151,46.6583],[15.15142,46.65836],[15.15129,46.65839],[15.1512,46.65838],[15.151,46.65839],[15.15066,46.65837],[15.15047,46.65831],[15.1504,46.65831],[15.15033,46.65832],[15.15022,46.65839],[15.15004,46.65842],[15.14978,46.65855],[15.14974,46.65857],[15.14969,46.65857],[15.14961,46.65857],[15.14954,46.65862],[15.1495,46.65866],[15.14933,46.6588],[15.14918,46.65886],[15.14899,46.65888],[15.14879,46.65898],[15.14862,46.65904],[15.14838,46.65917],[15.14815,46.65925],[15.14793,46.65925],[15.14778,46.65927],[15.14757,46.65928],[15.14747,46.65932],[15.14737,46.65934],[15.14724,46.65944],[15.14711,46.65945],[15.14704,46.65947],[15.14689,46.65942],[15.14682,46.65939],[15.14651,46.65946],[15.14642,46.65945],[15.14636,46.65953],[15.14629,46.65954],[15.14619,46.65954],[15.14604,46.65959],[15.146,46.65962],[15.14594,46.65961],[15.14589,46.65958],[15.14571,46.65965],[15.14553,46.65971],[15.14544,46.65978],[15.14543,46.65981],[15.14535,46.65984],[15.1453,46.65981],[15.14492,46.65975],[15.14487,46.65976],[15.14472,46.65973],[15.14428,46.6596],[15.1442,46.6596],[15.14414,46.65955],[15.14389,46.65947],[15.1437,46.65944],[15.14356,46.65942],[15.14321,46.65942],[15.14292,46.65892],[15.14283,46.65851],[15.1426,46.65798],[15.14242,46.65774],[15.1423,46.65756],[15.14221,46.65717],[15.14194,46.65708],[15.14159,46.65695],[15.14087,46.65666],[15.14042,46.65646],[15.14019,46.65639],[15.14008,46.65653],[15.13998,46.65664],[15.13992,46.65669],[15.13984,46.65673],[15.13963,46.65679],[15.13953,46.65683],[15.1392,46.65698],[15.13896,46.65717],[15.13888,46.65725],[15.13885,46.65725],[15.13793,46.65726],[15.13792,46.65754],[15.13785,46.65777],[15.13716,46.65766],[15.13679,46.65757],[15.13623,46.65741],[15.13604,46.6573],[15.13555,46.65704],[15.13527,46.6571],[15.13498,46.65696],[15.13446,46.65681],[15.13405,46.65655],[15.13392,46.65639],[15.13379,46.65626],[15.1338,46.65551],[15.13354,46.65515],[15.13348,46.65493],[15.13338,46.65462],[15.1333,46.65458],[15.13327,46.65438],[15.13336,46.65415],[15.13333,46.65412],[15.13326,46.65403],[15.13322,46.65389],[15.13312,46.65383],[15.133,46.65378],[15.13291,46.65373],[15.13287,46.65369],[15.13285,46.65364],[15.13279,46.65361],[15.13274,46.65352],[15.13263,46.65349],[15.13257,46.65346],[15.13249,46.65346],[15.13229,46.65341],[15.13225,46.65339],[15.13219,46.65329],[15.13213,46.65325],[15.13207,46.6532],[15.13199,46.653],[15.13203,46.65291],[15.13206,46.65282],[15.13206,46.65274],[15.13208,46.65269],[15.13212,46.6526],[15.13227,46.65244],[15.13229,46.65235],[15.13224,46.65229],[15.13224,46.65219],[15.13227,46.65207],[15.13226,46.65198],[15.13221,46.65191],[15.13217,46.65183],[15.13207,46.65166],[15.1319,46.65157],[15.13182,46.65149],[15.13172,46.65139],[15.1317,46.65135],[15.13162,46.65129],[15.13159,46.65124],[15.13154,46.65122],[15.13155,46.65113],[15.1315,46.651],[15.13138,46.65087],[15.13137,46.65083],[15.13126,46.65073],[15.13121,46.65065],[15.13119,46.6506],[15.13115,46.65056],[15.13097,46.65055],[15.13081,46.65052],[15.13076,46.65049],[15.13072,46.65048],[15.13069,46.65042],[15.13066,46.65038],[15.13055,46.65035],[15.13044,46.6503],[15.13025,46.65033],[15.13018,46.65031],[15.13009,46.65031],[15.12998,46.65028],[15.12989,46.65028],[15.12979,46.65025],[15.12969,46.65016],[15.12962,46.65015],[15.12948,46.65012],[15.12914,46.65011],[15.12901,46.65006],[15.12872,46.65002],[15.12857,46.65001],[15.12826,46.65009],[15.12806,46.65022],[15.12794,46.65035],[15.12784,46.65051],[15.12779,46.65062],[15.12764,46.65069],[15.12763,46.65069],[15.12736,46.65055],[15.12709,46.65051],[15.12696,46.65053],[15.12676,46.65064],[15.12657,46.65073],[15.12646,46.6508],[15.12638,46.65086],[15.12634,46.65099],[15.12634,46.651],[15.12641,46.65135],[15.12645,46.65149],[15.12656,46.65166],[15.12644,46.65182],[15.12628,46.65206],[15.12608,46.65231],[15.12614,46.65236],[15.12619,46.65241],[15.12623,46.65247],[15.12623,46.65251],[15.12628,46.65257],[15.12632,46.65261],[15.12633,46.65264],[15.12638,46.65279],[15.1264,46.65284],[15.12639,46.65287],[15.12642,46.65292],[15.12644,46.653],[15.12635,46.65301],[15.12574,46.65319],[15.12545,46.65337],[15.12491,46.65375],[15.12476,46.654],[15.12469,46.65404],[15.12459,46.65402],[15.12454,46.65402],[15.12447,46.65405],[15.12435,46.65412],[15.12427,46.65413],[15.12421,46.65412],[15.12369,46.65417],[15.12343,46.65429],[15.12341,46.65428],[15.12302,46.65429],[15.12281,46.65425],[15.12233,46.65432],[15.12159,46.65434],[15.12132,46.65452],[15.12131,46.65471],[15.12122,46.65497],[15.12132,46.65534],[15.12156,46.65555],[15.12184,46.65581],[15.12183,46.65582],[15.12157,46.65596],[15.12154,46.65599],[15.12149,46.65592],[15.12135,46.65588],[15.1212,46.65583],[15.12114,46.65578],[15.12104,46.65574],[15.12097,46.65574],[15.12093,46.65573],[15.12083,46.65566],[15.12078,46.65557],[15.12072,46.65545],[15.12058,46.65533],[15.12053,46.65526],[15.12046,46.65521],[15.1204,46.65516],[15.1203,46.65506],[15.12025,46.65501],[15.12018,46.65497],[15.12012,46.65494],[15.12004,46.65483],[15.12003,46.65478],[15.11986,46.6546],[15.11985,46.65458],[15.11987,46.65451],[15.11987,46.65444],[15.11991,46.65434],[15.11996,46.65427],[15.11986,46.6542],[15.11985,46.65413],[15.11972,46.65403],[15.11963,46.65395],[15.1195,46.65387],[15.1194,46.65385],[15.11931,46.65386],[15.11913,46.65375],[15.11899,46.65375],[15.11893,46.65376],[15.11885,46.65379],[15.11869,46.65378],[15.11881,46.65386],[15.11889,46.65404],[15.11885,46.65416],[15.11887,46.6542],[15.11886,46.65423],[15.11874,46.65434],[15.1187,46.65434],[15.11858,46.6544],[15.11847,46.65443],[15.1181,46.65453],[15.11778,46.65459],[15.11765,46.65461],[15.11753,46.65464],[15.11739,46.65467],[15.11711,46.65468],[15.11698,46.65465],[15.11676,46.6547],[15.11675,46.65472],[15.11666,46.65472],[15.11649,46.65477],[15.11633,46.65481],[15.11621,46.65487],[15.11597,46.65496],[15.11587,46.65503],[15.11576,46.65507],[15.11567,46.65514],[15.11556,46.65527],[15.1155,46.65537],[15.11543,46.65545],[15.11541,46.6555],[15.11528,46.65562],[15.11523,46.65569],[15.11489,46.65587],[15.11476,46.65592],[15.11469,46.65597],[15.11468,46.65604],[15.11469,46.65611],[15.11475,46.65619],[15.11487,46.65627],[15.11497,46.65632],[15.11535,46.65642],[15.11565,46.65648],[15.116,46.65656],[15.11615,46.6566],[15.11629,46.65663],[15.11642,46.65672],[15.11641,46.6568],[15.11628,46.65692],[15.11618,46.65698],[15.116,46.65707],[15.11577,46.65714],[15.11543,46.65722],[15.11526,46.6573],[15.11512,46.65734],[15.1149,46.65741],[15.11477,46.65751],[15.11462,46.6576],[15.11448,46.65772],[15.11429,46.6578],[15.11409,46.65787],[15.11357,46.658],[15.1134,46.65806],[15.11332,46.65808],[15.11326,46.6581],[15.1132,46.65814],[15.11313,46.65821],[15.11308,46.65828],[15.11295,46.65839],[15.11284,46.65849],[15.11273,46.65862],[15.1126,46.65869],[15.1125,46.65872],[15.11232,46.65877],[15.11221,46.65881],[15.11217,46.65881],[15.112,46.65887],[15.11192,46.65891],[15.1117,46.65901],[15.11159,46.65908],[15.11141,46.65919],[15.1111,46.65944],[15.11108,46.65945],[15.11097,46.65951],[15.11086,46.65956],[15.11064,46.65967],[15.11022,46.65971],[15.11014,46.65966],[15.11002,46.65965],[15.10975,46.65958],[15.10954,46.65957],[15.10941,46.65954],[15.10923,46.65948],[15.10915,46.65946],[15.10905,46.65942],[15.10902,46.65943],[15.10889,46.65945],[15.10881,46.65951],[15.10865,46.65966],[15.10856,46.65973],[15.10843,46.65979],[15.10837,46.65984],[15.10828,46.65981],[15.10825,46.65979],[15.10815,46.6598],[15.1081,46.6598],[15.10801,46.65973],[15.1078,46.65969],[15.10762,46.65971],[15.1075,46.65969],[15.10741,46.65965],[15.10729,46.65962],[15.10723,46.65957],[15.10718,46.65951],[15.10715,46.65946],[15.10713,46.65939],[15.10712,46.65929],[15.10711,46.65925],[15.10709,46.65924],[15.10702,46.65919],[15.10702,46.65916],[15.10696,46.65912],[15.10684,46.65897],[15.10676,46.65886],[15.1067,46.65872],[15.10659,46.65865],[15.10646,46.6585],[15.1064,46.65848],[15.10629,46.65844],[15.10625,46.65843],[15.1062,46.65844],[15.10606,46.65836],[15.106,46.65832],[15.10582,46.65833],[15.10573,46.65828],[15.10572,46.65826],[15.10572,46.65823],[15.10564,46.6582],[15.1055,46.65816],[15.10531,46.65809],[15.10523,46.65804],[15.10513,46.658],[15.10511,46.65801],[15.10503,46.65791],[15.10496,46.65789],[15.10488,46.65787],[15.10476,46.65783],[15.10454,46.65773],[15.10446,46.65771],[15.10441,46.65764],[15.10437,46.65762],[15.10418,46.65758],[15.10416,46.65756],[15.10405,46.65748],[15.10398,46.65747],[15.10393,46.65744],[15.10387,46.65739],[15.10382,46.65735],[15.10358,46.65727],[15.10356,46.65724],[15.10347,46.65723],[15.10328,46.65711],[15.1032,46.65707],[15.10317,46.65702],[15.10299,46.6569],[15.1029,46.65683],[15.10278,46.65676],[15.10264,46.65674],[15.10247,46.65669],[15.10237,46.65665],[15.1023,46.65663],[15.10217,46.65657],[15.10193,46.65648],[15.1019,46.65646],[15.10184,46.65645],[15.1018,46.65645],[15.10175,46.65643],[15.10143,46.6564],[15.10122,46.65634],[15.10108,46.65634],[15.10093,46.65629],[15.10081,46.65621],[15.10063,46.65613],[15.10063,46.65611],[15.1005,46.65606],[15.10042,46.65605],[15.10039,46.65605],[15.10035,46.65601],[15.10031,46.65597],[15.1003,46.65592],[15.10024,46.65578],[15.10023,46.65571],[15.10019,46.65561],[15.10017,46.65557],[15.10017,46.65551],[15.1001,46.65545],[15.10009,46.65542],[15.1001,46.65539],[15.10008,46.65536],[15.10007,46.65535],[15.10007,46.65529],[15.10007,46.65524],[15.10009,46.65519],[15.10013,46.65513],[15.10016,46.65504],[15.10015,46.65499],[15.10017,46.6548],[15.10013,46.65476],[15.09998,46.65467],[15.09993,46.65463],[15.09979,46.65455],[15.0997,46.65449],[15.09963,46.65447],[15.09954,46.6544],[15.09954,46.65436],[15.09952,46.65429],[15.09947,46.65424],[15.0994,46.65418],[15.09935,46.65411],[15.09934,46.65405],[15.09927,46.65398],[15.09922,46.65391],[15.09912,46.65385],[15.0991,46.65379],[15.09906,46.65371],[15.09903,46.65362],[15.099,46.65359],[15.09896,46.65351],[15.09892,46.65348],[15.09889,46.65349],[15.09886,46.65347],[15.09884,46.65344],[15.09879,46.65343],[15.09875,46.65341],[15.09865,46.65337],[15.09836,46.65335],[15.09829,46.65331],[15.09815,46.65324],[15.09804,46.65322],[15.09792,46.65318],[15.09775,46.65317],[15.09767,46.65317],[15.09763,46.65316],[15.09761,46.65314],[15.09758,46.65309],[15.09754,46.65294],[15.09749,46.65293],[15.09744,46.65289],[15.09731,46.65289],[15.09718,46.65288],[15.09705,46.65288],[15.09692,46.65286],[15.09683,46.65289],[15.09677,46.65289],[15.09623,46.65289],[15.09582,46.65289],[15.09578,46.6529],[15.09564,46.65293],[15.0952,46.65297],[15.09514,46.65302],[15.09504,46.65303],[15.09482,46.65302],[15.0947,46.65304],[15.09461,46.65302],[15.09444,46.65302],[15.09434,46.653],[15.09388,46.65302],[15.09337,46.65299],[15.0928,46.65289],[15.09257,46.65295],[15.09215,46.65284],[15.09216,46.65284],[15.09158,46.65259],[15.09102,46.65265],[15.09099,46.65265],[15.09059,46.65257],[15.08998,46.65242],[15.08959,46.65236],[15.08893,46.65229],[15.08859,46.65218],[15.08792,46.65199],[15.08836,46.65194],[15.08883,46.65174],[15.08905,46.6514],[15.08863,46.65108],[15.08832,46.65076],[15.08799,46.65052],[15.08748,46.65022],[15.08693,46.64983],[15.08627,46.64931],[15.08582,46.64897],[15.0851,46.64831],[15.08496,46.64801],[15.08485,46.64773],[15.08467,46.64749],[15.08442,46.64711],[15.08412,46.64677],[15.08393,46.64653],[15.08366,46.64628],[15.08331,46.64598],[15.08275,46.64557],[15.0824,46.64515],[15.08161,46.64548],[15.08068,46.64594],[15.08058,46.64634],[15.08057,46.64634],[15.07978,46.64677],[15.07876,46.64744],[15.07814,46.6478],[15.07793,46.64789],[15.07782,46.64795],[15.07759,46.64805],[15.07736,46.64823],[15.0768,46.64857],[15.07637,46.64889],[15.07581,46.64909],[15.07545,46.64927],[15.07474,46.64956],[15.0748,46.64977],[15.07447,46.64985],[15.07364,46.64982],[15.07293,46.65009],[15.07263,46.65014],[15.07214,46.64999],[15.07134,46.64992],[15.07134,46.64985],[15.07065,46.6499],[15.06967,46.65027],[15.06936,46.65042],[15.069,46.65058],[15.06843,46.6508],[15.06775,46.65117],[15.06702,46.65143],[15.06634,46.65153],[15.06561,46.65167],[15.06511,46.65206],[15.06481,46.65182],[15.06397,46.65192],[15.0631,46.65188],[15.06222,46.65187],[15.06176,46.65189],[15.06109,46.65195],[15.06044,46.65201],[15.0591,46.65216],[15.05824,46.65215],[15.0579,46.6521],[15.0575,46.65204],[15.05665,46.6518],[15.05594,46.65178],[15.05538,46.65167],[15.05438,46.65156],[15.05372,46.65154],[15.05325,46.65155],[15.05249,46.65161],[15.05206,46.6516],[15.0516,46.65158],[15.05141,46.65161],[15.05056,46.65163],[15.04993,46.6517],[15.04965,46.65174],[15.04952,46.65177],[15.04894,46.65183],[15.04848,46.65186],[15.0478,46.65177],[15.04701,46.65168],[15.0457,46.65163],[15.04514,46.65192],[15.04401,46.65211],[15.04364,46.65208],[15.04328,46.65202],[15.04259,46.65186],[15.04221,46.65181],[15.04167,46.65175],[15.04104,46.65177],[15.04077,46.65155],[15.04046,46.65126],[15.04013,46.65096],[15.03985,46.65054],[15.03957,46.6504],[15.03861,46.65006],[15.03697,46.64941],[15.03587,46.64942],[15.03402,46.64893],[15.03293,46.64814],[15.03211,46.64751],[15.03121,46.64684],[15.03006,46.64517],[15.02964,46.64494],[15.02927,46.64479],[15.02851,46.64456],[15.02701,46.64411],[15.0261,46.64382],[15.02547,46.6436],[15.02504,46.64348],[15.02408,46.64319],[15.02357,46.643],[15.02317,46.64287],[15.02248,46.64264],[15.02155,46.64234],[15.02062,46.64223],[15.01946,46.64187],[15.01899,46.64171],[15.01809,46.64143],[15.01652,46.64093],[15.01617,46.64083],[15.01599,46.64047],[15.01557,46.64014],[15.01531,46.63982],[15.01523,46.63961],[15.01521,46.63939],[15.01517,46.63923],[15.0152,46.63894],[15.01518,46.6389],[15.01503,46.63876],[15.0147,46.63856],[15.01443,46.63855],[15.01418,46.6385],[15.01393,46.63849],[15.01371,46.63822],[15.01349,46.63799],[15.01321,46.6377],[15.01304,46.63742],[15.01305,46.63725],[15.01308,46.63703],[15.01307,46.63697],[15.01277,46.63674],[15.01255,46.63659],[15.01231,46.63632],[15.01232,46.63625],[15.01215,46.63609],[15.01187,46.63562],[15.01194,46.63539],[15.01185,46.63517],[15.01183,46.63509],[15.01184,46.63495],[15.01181,46.63482],[15.01173,46.63472],[15.01168,46.63468],[15.0115,46.63458],[15.01135,46.63454],[15.0113,46.63449],[15.01118,46.63442],[15.01082,46.63423],[15.01069,46.63418],[15.01055,46.63408],[15.01048,46.63404],[15.01013,46.63382],[15.0096,46.63364],[15.00946,46.63364],[15.00939,46.63364],[15.00905,46.63369],[15.00897,46.63369],[15.00872,46.6336],[15.00855,46.6336],[15.00819,46.63347],[15.00804,46.63351],[15.00797,46.63347],[15.00787,46.63342],[15.00782,46.63331],[15.00773,46.63324],[15.00769,46.63319],[15.00766,46.63295],[15.00739,46.6329],[15.00726,46.63277],[15.00725,46.63268],[15.00706,46.63262],[15.00694,46.6324],[15.00695,46.63232],[15.0067,46.63215],[15.0064,46.63209],[15.0064,46.63184],[15.00628,46.63172],[15.00633,46.63157],[15.00636,46.63151],[15.00635,46.63144],[15.00631,46.63139],[15.00634,46.63118],[15.0064,46.63109],[15.00645,46.63098],[15.00641,46.63083],[15.00607,46.63061],[15.00595,46.63052],[15.0058,46.63037],[15.00568,46.63027],[15.0056,46.63019],[15.00544,46.63009],[15.00519,46.62995],[15.00518,46.62987],[15.00502,46.62963],[15.00493,46.62946],[15.00462,46.62935],[15.00453,46.62919],[15.00449,46.62901],[15.00434,46.62884],[15.00408,46.62877],[15.004,46.62875],[15.00367,46.62858],[15.00318,46.62837],[15.00248,46.62796],[15.00249,46.62791],[15.00241,46.62782],[15.00213,46.62769],[15.00194,46.62758],[15.00187,46.62741],[15.0017,46.62726],[15.00164,46.62719],[15.00162,46.62715],[15.00163,46.62708],[15.00155,46.627],[15.00125,46.6269],[15.00071,46.62673],[15.00043,46.62661],[15.00041,46.62649],[15.00047,46.62636],[15.00041,46.62626],[15.0001,46.62602],[14.99991,46.62585],[14.99985,46.62568],[14.99981,46.62563],[14.99983,46.62555],[14.99967,46.62545],[14.99962,46.62536],[14.99926,46.62507],[14.99917,46.62497],[14.99909,46.62491],[14.99895,46.62475],[14.99885,46.62449],[14.99877,46.62435],[14.99869,46.62408],[14.99858,46.62396],[14.99832,46.62381],[14.9981,46.62366],[14.99787,46.62357],[14.99748,46.6235],[14.99724,46.62341],[14.99712,46.62331],[14.99709,46.62324],[14.99695,46.62318],[14.99685,46.62305],[14.99659,46.62293],[14.99653,46.62288],[14.99652,46.62279],[14.99617,46.62239],[14.99605,46.62235],[14.9958,46.62232],[14.99574,46.62213],[14.99572,46.62209],[14.99564,46.62203],[14.99546,46.62196],[14.99534,46.62194],[14.99526,46.62179],[14.99531,46.62165],[14.99517,46.62155],[14.99511,46.62144],[14.99506,46.62138],[14.995,46.62134],[14.99482,46.62133],[14.99465,46.62125],[14.99464,46.62116],[14.99478,46.62107],[14.995,46.61992],[14.99496,46.61972],[14.99475,46.61936],[14.99484,46.61928],[14.99499,46.61924],[14.99502,46.61923],[14.99503,46.61918],[14.99478,46.61901],[14.99471,46.61882],[14.99471,46.61871],[14.99467,46.61862],[14.99453,46.61845],[14.99457,46.61832],[14.99453,46.61822],[14.99453,46.61806],[14.9944,46.61799],[14.9944,46.61777],[14.99444,46.61772],[14.99456,46.61768],[14.99472,46.61764],[14.99474,46.61753],[14.9949,46.61739],[14.99498,46.61721],[14.99501,46.61713],[14.99509,46.617],[14.99517,46.61694],[14.99525,46.61685],[14.9953,46.61682],[14.99532,46.61674],[14.99541,46.61667],[14.99561,46.6166],[14.99572,46.61651],[14.9958,46.61646],[14.99588,46.6164],[14.99594,46.61638],[14.99617,46.61607],[14.99618,46.61586],[14.99616,46.6158],[14.99606,46.61568],[14.99602,46.61561],[14.99603,46.61532],[14.99601,46.61527],[14.99588,46.61522],[14.99581,46.61505],[14.9957,46.61497],[14.99563,46.6149],[14.99562,46.61474],[14.9955,46.61457],[14.99549,46.61449],[14.99533,46.61435],[14.99517,46.61427],[14.99508,46.61413],[14.99501,46.61399],[14.99499,46.61388],[14.99495,46.61384],[14.99472,46.61381],[14.99447,46.6138],[14.99432,46.61374],[14.99416,46.61375],[14.99387,46.6136],[14.99393,46.6134],[14.99388,46.61332],[14.99368,46.61328],[14.99347,46.61325],[14.99334,46.61315],[14.9932,46.61298],[14.99296,46.61287],[14.99281,46.61273],[14.99277,46.61267],[14.99273,46.61254],[14.99275,46.61231],[14.99262,46.61224],[14.99256,46.61221],[14.99253,46.61218],[14.99249,46.6121],[14.99244,46.61204],[14.99239,46.61192],[14.99225,46.61185],[14.99212,46.61181],[14.992,46.61182],[14.99185,46.61181],[14.9917,46.61167],[14.99154,46.6116],[14.99151,46.61156],[14.99152,46.61144],[14.99153,46.61138],[14.99152,46.61131],[14.99137,46.61125],[14.99117,46.61123],[14.99106,46.61113],[14.99102,46.61104],[14.99082,46.61082],[14.99071,46.61073],[14.99065,46.61069],[14.99052,46.61059],[14.99026,46.61054],[14.99019,46.61054],[14.99014,46.61048],[14.99004,46.61033],[14.98999,46.61032],[14.98993,46.61023],[14.98987,46.61019],[14.98973,46.61014],[14.98966,46.6101],[14.98959,46.61007],[14.98936,46.61011],[14.98922,46.61011],[14.98913,46.61008],[14.98891,46.61009],[14.98883,46.61008],[14.98871,46.61001],[14.98868,46.60992],[14.9887,46.60969],[14.98866,46.60966],[14.98861,46.60962],[14.98862,46.60954],[14.98833,46.60947],[14.98817,46.60942],[14.98798,46.60941],[14.98786,46.60938],[14.98765,46.6091],[14.98762,46.60901],[14.9874,46.60874],[14.98734,46.6087],[14.987,46.60862],[14.98692,46.60855],[14.98672,46.60847],[14.98669,46.60841],[14.9866,46.60834],[14.98657,46.60821],[14.98651,46.60819],[14.98642,46.60812],[14.98642,46.60798],[14.9865,46.60787],[14.98657,46.60783],[14.98659,46.60781],[14.98657,46.60774],[14.9866,46.60766],[14.98666,46.60757],[14.98665,46.60752],[14.9866,46.60747],[14.98649,46.60741],[14.98646,46.60729],[14.98646,46.6072],[14.9866,46.60709],[14.98678,46.60688],[14.98672,46.60673],[14.98691,46.60658],[14.98692,46.60647],[14.98697,46.6064],[14.98696,46.60633],[14.98675,46.60618],[14.98656,46.60595],[14.98644,46.60588],[14.98626,46.6058],[14.98626,46.60579],[14.98633,46.6057],[14.98629,46.60561],[14.9863,46.60559],[14.9864,46.60553],[14.9864,46.60548],[14.98636,46.60545],[14.98633,46.60544],[14.9863,46.60543],[14.98624,46.60538],[14.98625,46.6051],[14.98614,46.605],[14.98601,46.60494],[14.98589,46.60493],[14.98567,46.60495],[14.98539,46.60494],[14.98532,46.60492],[14.98528,46.60488],[14.9852,46.60484],[14.98509,46.60477],[14.98492,46.60459],[14.98485,46.60458],[14.98471,46.60442],[14.98477,46.60429],[14.98487,46.6042],[14.98489,46.60412],[14.98486,46.60405],[14.98479,46.60395],[14.98459,46.60364],[14.98449,46.60365],[14.98429,46.60359],[14.98393,46.60337],[14.98382,46.60336],[14.98371,46.60333],[14.98357,46.60323],[14.98349,46.60311],[14.98343,46.60307],[14.98324,46.60304],[14.98314,46.60297],[14.98308,46.60295],[14.98297,46.60298],[14.98285,46.60296],[14.98283,46.60295],[14.98278,46.6028],[14.98274,46.60262],[14.98253,46.60255],[14.98238,46.60243],[14.98221,46.60237],[14.98203,46.60234],[14.98194,46.60237],[14.98167,46.60242],[14.98161,46.60241],[14.98141,46.60233],[14.98137,46.60228],[14.98115,46.60222],[14.9811,46.60218],[14.98103,46.60216],[14.98098,46.60214],[14.98084,46.60211],[14.98081,46.60211],[14.98077,46.6021],[14.98072,46.60208],[14.98071,46.60205],[14.9807,46.60199],[14.98067,46.60194],[14.98045,46.60185],[14.98033,46.60181],[14.9802,46.6018],[14.97937,46.6014],[14.97928,46.60159],[14.9792,46.60172],[14.97908,46.60207],[14.97894,46.6023],[14.97855,46.60273],[14.97821,46.60306],[14.97778,46.60337],[14.97747,46.60374],[14.97713,46.60406],[14.97687,46.60433],[14.9766,46.60494],[14.9763,46.60558],[14.97604,46.60594],[14.97585,46.6063],[14.97569,46.60668],[14.97539,46.60722],[14.97525,46.60754],[14.97497,46.60803],[14.97475,46.60857],[14.97464,46.60893],[14.97456,46.60945],[14.97449,46.61015],[14.97442,46.61041],[14.97432,46.61147],[14.97431,46.61171],[14.9742,46.61257],[14.97411,46.61394],[14.97415,46.61445],[14.97415,46.61531],[14.97408,46.61583],[14.97401,46.61656],[14.97384,46.61726],[14.9736,46.61801],[14.97339,46.61861],[14.97318,46.61911],[14.97296,46.6195],[14.97274,46.62],[14.97234,46.62072],[14.97217,46.62114],[14.97213,46.62142],[14.97187,46.6221],[14.97167,46.62264],[14.97156,46.62301],[14.97153,46.62315],[14.97106,46.62387],[14.97077,46.62429],[14.97025,46.62492],[14.97011,46.62506],[14.96989,46.62531],[14.96953,46.62568],[14.96929,46.62589],[14.96919,46.62601],[14.96864,46.62646],[14.96827,46.62671],[14.96801,46.62696],[14.96775,46.6272],[14.96772,46.62726],[14.96765,46.62735],[14.96711,46.6278],[14.96618,46.62826],[14.96523,46.62869],[14.96432,46.62906],[14.96334,46.62946],[14.96255,46.62975],[14.96171,46.63008],[14.96123,46.63029],[14.96024,46.63078],[14.9601,46.63083],[14.95962,46.63101],[14.95916,46.63121],[14.95879,46.63137],[14.95871,46.63143],[14.95832,46.63158],[14.95753,46.63193],[14.95715,46.63209],[14.95682,46.63221],[14.95664,46.63233],[14.95635,46.63243],[14.95612,46.63255],[14.95599,46.63257],[14.95567,46.63273],[14.95525,46.63223],[14.9542,46.63096],[14.95345,46.63029],[14.95305,46.62999],[14.95251,46.62966],[14.95214,46.62981],[14.95182,46.62998],[14.95123,46.62956],[14.95062,46.62907],[14.95125,46.62866],[14.95093,46.62839],[14.94995,46.62766],[14.94887,46.62684],[14.94757,46.62595],[14.94782,46.62576],[14.94657,46.62492],[14.94415,46.62334],[14.94389,46.62354],[14.94335,46.62319],[14.94377,46.62294],[14.94329,46.62262],[14.94246,46.62202],[14.94203,46.62175],[14.94182,46.62163],[14.94152,46.62141],[14.9418,46.62132],[14.94212,46.62125],[14.94199,46.62099],[14.94179,46.62076],[14.94109,46.62031],[14.94066,46.61999],[14.93993,46.61958],[14.93981,46.61965],[14.93895,46.6199],[14.93877,46.62],[14.93848,46.62008],[14.93834,46.62013],[14.93813,46.62022],[14.93791,46.62031],[14.93698,46.62018],[14.93661,46.61995],[14.9364,46.61977],[14.93644,46.61976],[14.93639,46.61967],[14.93615,46.61937],[14.9358,46.61911],[14.93556,46.61873],[14.93538,46.61857],[14.93512,46.61822],[14.93495,46.61809],[14.93465,46.61783],[14.93443,46.61765],[14.93417,46.61746],[14.93393,46.61723],[14.9339,46.61723],[14.93359,46.61662],[14.93357,46.61633],[14.93322,46.61632],[14.93257,46.6162],[14.93206,46.61603],[14.93181,46.61587],[14.93152,46.61556],[14.93128,46.61538],[14.93125,46.61533],[14.9311,46.61532],[14.93062,46.61578],[14.93034,46.61621],[14.93019,46.61653],[14.93011,46.61656],[14.92978,46.61688],[14.92953,46.61716],[14.92913,46.61782],[14.92871,46.61822],[14.92876,46.6184],[14.92875,46.61847],[14.92868,46.61861],[14.92863,46.61879],[14.92859,46.61887],[14.92829,46.61919],[14.92794,46.61931],[14.92762,46.61942],[14.92752,46.61945],[14.92703,46.61942],[14.92637,46.61989],[14.92606,46.62003],[14.92574,46.6201],[14.9255,46.62017],[14.92535,46.62015],[14.92524,46.62024],[14.92464,46.62039],[14.92414,46.62036],[14.92392,46.62042],[14.92375,46.6205],[14.92366,46.62051],[14.92352,46.62061],[14.92343,46.62068],[14.92324,46.62077],[14.92288,46.62088],[14.92283,46.62082],[14.92285,46.62058],[14.92293,46.62053],[14.92289,46.62041],[14.92296,46.62019],[14.92285,46.6201],[14.92284,46.61999],[14.92277,46.61995],[14.92259,46.6197],[14.92225,46.61944],[14.92213,46.61942],[14.9221,46.61933],[14.92201,46.61927],[14.92202,46.6191],[14.92194,46.61899],[14.92188,46.61896],[14.92179,46.61882],[14.92159,46.61866],[14.9214,46.6186],[14.92134,46.61857],[14.92117,46.61844],[14.92119,46.61827],[14.92113,46.61818],[14.92107,46.61812],[14.9209,46.61799],[14.92088,46.61786],[14.92083,46.61778],[14.92084,46.61772],[14.92064,46.61749],[14.92061,46.61742],[14.92057,46.61737],[14.92061,46.61715],[14.92054,46.617],[14.92058,46.61671],[14.92048,46.6165],[14.92048,46.61645],[14.92042,46.61625],[14.92054,46.61621],[14.92061,46.61616],[14.92077,46.61595],[14.92097,46.61583],[14.92103,46.61575],[14.92111,46.6157],[14.92109,46.61565],[14.92114,46.61558],[14.92117,46.61555],[14.9212,46.61544],[14.92118,46.61538],[14.92134,46.61514],[14.92131,46.61501],[14.92128,46.61494],[14.92135,46.6148],[14.92133,46.61478],[14.92155,46.6143],[14.9216,46.61406],[14.92156,46.61376],[14.92148,46.61333],[14.92149,46.61329],[14.92161,46.61251],[14.92199,46.61196],[14.92244,46.61128],[14.92263,46.611],[14.92254,46.6107],[14.9225,46.6105],[14.92245,46.61033],[14.92243,46.61005],[14.92245,46.60973],[14.92246,46.60969],[14.92249,46.60947],[14.92247,46.60927],[14.92228,46.60895],[14.92221,46.60877],[14.92219,46.60866],[14.92219,46.60851],[14.92218,46.60842],[14.92215,46.60833],[14.92214,46.60818],[14.92208,46.60797],[14.92208,46.60788],[14.92204,46.60759],[14.92192,46.60724],[14.92174,46.60677],[14.92176,46.60663],[14.92207,46.60641],[14.92232,46.60609],[14.92254,46.60574],[14.92273,46.6054],[14.923,46.60489],[14.92362,46.60474],[14.92335,46.60376],[14.92318,46.60338],[14.92304,46.60325],[14.92264,46.60308],[14.92223,46.60293],[14.92204,46.60285],[14.92173,46.60283],[14.92122,46.60266],[14.92059,46.60241],[14.92001,46.60228],[14.91956,46.60208],[14.9189,46.60191],[14.91869,46.60216],[14.91854,46.60241],[14.91838,46.60261],[14.91808,46.60305],[14.9179,46.60327],[14.91781,46.60348],[14.91758,46.60375],[14.91729,46.60402],[14.91707,46.60425],[14.91692,46.60451],[14.91676,46.60483],[14.91663,46.60508],[14.9164,46.60524],[14.91601,46.60558],[14.91559,46.60588],[14.91549,46.60592],[14.91537,46.60597],[14.91502,46.60603],[14.91484,46.6061],[14.9147,46.6061],[14.91462,46.60611],[14.9145,46.60612],[14.91431,46.60613],[14.91417,46.60614],[14.91401,46.60623],[14.91394,46.60629],[14.91381,46.60634],[14.91366,46.60636],[14.91366,46.60629],[14.91368,46.60623],[14.91366,46.60612],[14.91368,46.60603],[14.91369,46.60592],[14.91366,46.60584],[14.91364,46.60579],[14.91361,46.60568],[14.91366,46.60541],[14.91368,46.60534],[14.91372,46.60531],[14.91374,46.60527],[14.91378,46.60523],[14.9138,46.60516],[14.91381,46.60505],[14.91383,46.60502],[14.91381,46.60492],[14.91374,46.60484],[14.91362,46.60462],[14.91355,46.60451],[14.91355,46.60445],[14.91353,46.60442],[14.91352,46.60438],[14.91352,46.60426],[14.91325,46.60438],[14.91299,46.60438],[14.91269,46.60434],[14.91217,46.60418],[14.91181,46.60409],[14.91141,46.60404],[14.91115,46.60409],[14.91085,46.60419],[14.91058,46.60443],[14.91028,46.60463],[14.90991,46.60482],[14.90955,46.60499],[14.90856,46.60513],[14.90755,46.60513],[14.90708,46.60509],[14.90605,46.60525],[14.90575,46.60525],[14.90519,46.60516],[14.90449,46.60488],[14.90448,46.60494],[14.90455,46.60512],[14.9047,46.60539],[14.9047,46.60554],[14.90467,46.60566],[14.90468,46.6057],[14.90475,46.60579],[14.90475,46.6058],[14.9048,46.6059],[14.90463,46.6064],[14.90437,46.60661],[14.90425,46.60679],[14.90413,46.60716],[14.90385,46.60746],[14.90364,46.60762],[14.9035,46.60781],[14.90336,46.60775],[14.90292,46.60766],[14.90266,46.60771],[14.90231,46.60787],[14.9021,46.60797],[14.90204,46.60797],[14.90185,46.60826],[14.90153,46.60869],[14.90133,46.60899],[14.90102,46.60918],[14.9006,46.60937],[14.9002,46.60953],[14.90021,46.60983],[14.90029,46.61014],[14.9003,46.61017],[14.90058,46.61042],[14.90079,46.61059],[14.90103,46.61075],[14.90104,46.61095],[14.90101,46.61112],[14.90104,46.61128],[14.90099,46.61137],[14.90097,46.6115],[14.90094,46.61163],[14.9009,46.61169],[14.90089,46.61187],[14.9009,46.61196],[14.90093,46.612],[14.90093,46.61203],[14.90083,46.61201],[14.90082,46.61199],[14.90079,46.61196],[14.90067,46.61197],[14.9006,46.61197],[14.9005,46.61199],[14.90045,46.61194],[14.90044,46.61193],[14.90034,46.61194],[14.90017,46.6119],[14.9001,46.61187],[14.89996,46.61187],[14.8999,46.61188],[14.89972,46.61182],[14.89964,46.61176],[14.89941,46.61172],[14.8993,46.61161],[14.89924,46.61159],[14.89921,46.61155],[14.89914,46.61153],[14.89913,46.61149],[14.89903,46.61145],[14.89894,46.61138],[14.89886,46.61135],[14.89882,46.61131],[14.89877,46.61129],[14.89869,46.61129],[14.89856,46.61123],[14.89848,46.61122],[14.89844,46.61118],[14.8983,46.61111],[14.89823,46.61107],[14.89817,46.61099],[14.89807,46.61095],[14.89805,46.61093],[14.89779,46.61075],[14.89775,46.61072],[14.89756,46.61069],[14.89753,46.61064],[14.89742,46.6106],[14.89727,46.61051],[14.8972,46.61042],[14.89714,46.61039],[14.89711,46.61035],[14.89708,46.61034],[14.89695,46.61022],[14.8969,46.6102],[14.89674,46.61018],[14.89669,46.61017],[14.89664,46.61016],[14.89657,46.61017],[14.89652,46.61015],[14.89634,46.61016],[14.89621,46.61018],[14.89606,46.61023],[14.89602,46.61028],[14.89593,46.61031],[14.89584,46.61035],[14.89568,46.61041],[14.89466,46.61066],[14.8942,46.61075],[14.89324,46.61117],[14.89308,46.61121],[14.89272,46.61138],[14.89224,46.61154],[14.89165,46.61161],[14.89081,46.61192],[14.89052,46.61197],[14.89033,46.61213],[14.8903,46.61217],[14.88995,46.61248],[14.88983,46.61267],[14.88955,46.61252],[14.88914,46.61252],[14.8888,46.61253],[14.8882,46.61265],[14.88741,46.61273],[14.88689,46.61276],[14.88662,46.61274],[14.88638,46.6127],[14.88598,46.61262],[14.88518,46.6125],[14.88454,46.61216],[14.8844,46.61176],[14.88384,46.61167],[14.88374,46.61166],[14.88363,46.61166],[14.88353,46.61165],[14.88318,46.61162],[14.88296,46.6116],[14.88263,46.6116],[14.88251,46.61158],[14.88198,46.61146],[14.88161,46.61139],[14.8815,46.61135],[14.88138,46.61132],[14.88119,46.6113],[14.8809,46.61126],[14.88071,46.61127],[14.88055,46.61127],[14.88028,46.61125],[14.88014,46.61126],[14.87973,46.61126],[14.87967,46.61125],[14.87983,46.61118],[14.87998,46.61109],[14.88021,46.61092],[14.88034,46.61087],[14.88043,46.6107],[14.88043,46.61022],[14.88029,46.60979],[14.87994,46.60922],[14.87987,46.60917],[14.87972,46.60917],[14.8795,46.6091],[14.87922,46.60897],[14.87908,46.60884],[14.87903,46.60849],[14.87867,46.6083],[14.87808,46.60825],[14.87771,46.60815],[14.87695,46.60837],[14.87677,46.6083],[14.87645,46.60828],[14.87594,46.60824],[14.87568,46.6083],[14.87552,46.6083],[14.87539,46.60827],[14.87529,46.60825],[14.87499,46.60831],[14.87482,46.6083],[14.8747,46.60834],[14.87457,46.60835],[14.87414,46.6084],[14.87356,46.60822],[14.87343,46.6081],[14.87339,46.60799],[14.87337,46.6079],[14.87335,46.60771],[14.87299,46.60753],[14.87287,46.60753],[14.87255,46.60766],[14.87223,46.60773],[14.872,46.60769],[14.87179,46.60757],[14.8715,46.6075],[14.87114,46.60736],[14.87046,46.60726],[14.8704,46.60723],[14.87028,46.60713],[14.87022,46.6071],[14.87009,46.607],[14.86996,46.60689],[14.8698,46.60669],[14.86974,46.60649],[14.86917,46.60611],[14.86875,46.60577],[14.86866,46.60563],[14.86832,46.60547],[14.86788,46.60505],[14.8677,46.60491],[14.86732,46.60472],[14.86706,46.6044],[14.86711,46.60422],[14.86709,46.60409],[14.86707,46.60387],[14.86693,46.60371],[14.86678,46.60365],[14.86669,46.60343],[14.86656,46.60331],[14.86655,46.60299],[14.86676,46.60282],[14.86689,46.60264],[14.8668,46.60244],[14.86654,46.60232],[14.86645,46.60222],[14.86646,46.60209],[14.86652,46.60193],[14.8665,46.60174],[14.86657,46.60144],[14.86663,46.60118],[14.86651,46.60064],[14.86655,46.60048],[14.8666,46.60037],[14.86672,46.60032],[14.8668,46.60012],[14.8671,46.59997],[14.86717,46.59971],[14.86754,46.59954],[14.86758,46.59941],[14.86755,46.59935],[14.8675,46.59914],[14.86743,46.59871],[14.86737,46.59864],[14.86731,46.59851],[14.86706,46.59834],[14.86702,46.59824],[14.86703,46.59818],[14.86702,46.59812],[14.86686,46.59796],[14.8668,46.59793],[14.86673,46.59775],[14.8667,46.59766],[14.8667,46.59758],[14.86678,46.59754],[14.86689,46.59742],[14.8668,46.59716],[14.86672,46.59706],[14.86657,46.59671],[14.86637,46.59646],[14.86629,46.59643],[14.86623,46.59633],[14.86622,46.59627],[14.86619,46.5962],[14.86608,46.59612],[14.86605,46.59604],[14.86598,46.59598],[14.86588,46.59576],[14.86568,46.59563],[14.86559,46.59551],[14.86553,46.59549],[14.86546,46.59531],[14.86543,46.59526],[14.86528,46.59514],[14.86529,46.59503],[14.86524,46.595],[14.86514,46.595],[14.86492,46.59484],[14.86486,46.59478],[14.86485,46.59468],[14.86494,46.59451],[14.8649,46.59448],[14.86493,46.59435],[14.86487,46.59427],[14.86484,46.59418],[14.86474,46.59405],[14.86476,46.59398],[14.86484,46.59392],[14.86467,46.59372],[14.86467,46.59366],[14.86475,46.59362],[14.86483,46.59357],[14.8648,46.59332],[14.86476,46.5933],[14.8647,46.59333],[14.86465,46.5934],[14.86436,46.59342],[14.86421,46.59352],[14.86375,46.59363],[14.86335,46.59367],[14.86322,46.59364],[14.86312,46.5936],[14.86287,46.59365],[14.86276,46.59363],[14.86248,46.59371],[14.86228,46.59368],[14.86215,46.59372],[14.86189,46.59377],[14.86176,46.59377],[14.86158,46.59383],[14.86149,46.5939],[14.86139,46.59386],[14.86115,46.59373],[14.86093,46.59368],[14.86068,46.59371],[14.86053,46.59369],[14.86015,46.59357],[14.85972,46.59351],[14.85946,46.59342],[14.85917,46.59334],[14.85844,46.59317],[14.85824,46.59315],[14.85798,46.59308],[14.85756,46.59285],[14.8572,46.59261],[14.85687,46.59236],[14.85655,46.59216],[14.85673,46.59206],[14.85693,46.59189],[14.85704,46.59174],[14.8571,46.59163],[14.85712,46.59153],[14.85709,46.59133],[14.85692,46.59095],[14.8568,46.59054],[14.85673,46.59038],[14.85672,46.59033],[14.85672,46.59028],[14.85669,46.59014],[14.85667,46.58999],[14.85663,46.58981],[14.85662,46.58963],[14.85665,46.58938],[14.85665,46.58926],[14.85654,46.58891],[14.85651,46.5888],[14.85645,46.58868],[14.8564,46.58862],[14.85624,46.58847],[14.85604,46.58829],[14.85597,46.58812],[14.85596,46.58803],[14.85589,46.58786],[14.85592,46.58777],[14.85591,46.58748],[14.85593,46.58718],[14.85585,46.5868],[14.85618,46.58675],[14.85588,46.58636],[14.85577,46.58621],[14.85537,46.58582],[14.85521,46.58555],[14.85511,46.58533],[14.85503,46.58535],[14.8548,46.58506],[14.85471,46.58486],[14.85454,46.58471],[14.85422,46.58454],[14.85386,46.58437],[14.85353,46.58403],[14.85322,46.5836],[14.85287,46.58326],[14.85215,46.58254],[14.85189,46.5821],[14.85183,46.58174],[14.85198,46.58103],[14.85204,46.58064],[14.85126,46.58052],[14.85053,46.58044],[14.85048,46.58044],[14.84982,46.58038],[14.84958,46.58039],[14.84955,46.58026],[14.84936,46.58018],[14.84836,46.57987],[14.84817,46.57983],[14.848,46.57961],[14.8477,46.57941],[14.84737,46.57933],[14.84691,46.57906],[14.84648,46.57872],[14.84613,46.57865],[14.84613,46.57863],[14.84608,46.57853],[14.8457,46.5783],[14.84566,46.57825],[14.84539,46.57804],[14.84514,46.57784],[14.84508,46.57781],[14.845,46.57778],[14.84475,46.5777],[14.84469,46.57765],[14.84463,46.57763],[14.84456,46.57763],[14.84415,46.57732],[14.84395,46.57721],[14.84381,46.57711],[14.84377,46.57707],[14.84372,46.57699],[14.84371,46.57692],[14.84373,46.5769],[14.84374,46.57686],[14.84369,46.5768],[14.84371,46.57675],[14.84379,46.57667],[14.84379,46.5766],[14.8438,46.5765],[14.84367,46.57643],[14.84368,46.57632],[14.84377,46.5762],[14.84373,46.57615],[14.84384,46.57609],[14.84388,46.57592],[14.84387,46.57583],[14.84381,46.57575],[14.84373,46.57567],[14.84364,46.57564],[14.84363,46.57561],[14.84355,46.57557],[14.84347,46.57559],[14.84342,46.57553],[14.84311,46.57536],[14.84305,46.57533],[14.84298,46.57524],[14.84296,46.57519],[14.84287,46.57508],[14.84273,46.57484],[14.84268,46.57482],[14.84262,46.5748],[14.84253,46.57471],[14.84244,46.57462],[14.84236,46.57448],[14.84232,46.57442],[14.842,46.57413],[14.84171,46.5738],[14.84137,46.57349],[14.84133,46.57346],[14.84122,46.57342],[14.84092,46.57322],[14.84087,46.57321],[14.84069,46.5731],[14.84026,46.57277],[14.84021,46.57253],[14.84001,46.5723],[14.84009,46.57211],[14.8398,46.57186],[14.83965,46.57178],[14.8396,46.57171],[14.83961,46.5715],[14.83968,46.5714],[14.83986,46.57129],[14.83953,46.5708],[14.83942,46.57068],[14.83934,46.57067],[14.83932,46.57068],[14.83906,46.57048],[14.8387,46.57004],[14.83855,46.56978],[14.83841,46.56969],[14.83801,46.56908],[14.83798,46.56889],[14.83792,46.568],[14.83885,46.5677],[14.8389,46.56743],[14.83918,46.56738],[14.83937,46.56732],[14.83956,46.56703],[14.83977,46.56684],[14.83995,46.5667],[14.83993,46.56664],[14.83991,46.56636],[14.84011,46.56629],[14.84026,46.56625],[14.84016,46.5659],[14.83959,46.56575],[14.8388,46.56618],[14.83848,46.56634],[14.83787,46.56636],[14.8363,46.56574],[14.83579,46.56537],[14.83551,46.56506],[14.83496,46.56398],[14.83462,46.56355],[14.83451,46.56322],[14.83463,46.56292],[14.83497,46.56269],[14.83623,46.56165],[14.83645,46.56146],[14.83664,46.56135],[14.83683,46.56129],[14.837,46.56123],[14.83722,46.56118],[14.83751,46.56081],[14.83778,46.55979],[14.83782,46.5597],[14.83748,46.55951],[14.8381,46.55866],[14.83802,46.55808],[14.83786,46.55784],[14.83746,46.55759],[14.83739,46.55714],[14.83697,46.55634],[14.83681,46.55606],[14.8367,46.55584],[14.83664,46.55577],[14.83651,46.55573],[14.83645,46.55567],[14.83626,46.55557],[14.83626,46.55553],[14.83618,46.55544],[14.83608,46.55537],[14.83607,46.55533],[14.83589,46.55515],[14.83583,46.55506],[14.8357,46.55503],[14.8356,46.55483],[14.83535,46.55448],[14.83521,46.55433],[14.83512,46.55421],[14.83506,46.55405],[14.83482,46.554],[14.8348,46.55396],[14.83475,46.55393],[14.83468,46.55384],[14.83439,46.55371],[14.83434,46.55363],[14.83426,46.55331],[14.83439,46.55302],[14.83455,46.55261],[14.83459,46.55226],[14.83425,46.55219],[14.83388,46.55214],[14.83359,46.55205],[14.83331,46.55183],[14.83311,46.55155],[14.83309,46.55141],[14.83198,46.55118],[14.83203,46.55108],[14.8321,46.55093],[14.83214,46.55066],[14.83212,46.55011],[14.8321,46.54997],[14.83221,46.54943],[14.83233,46.54868],[14.8323,46.54854],[14.83226,46.54848],[14.83217,46.5484],[14.83198,46.54848],[14.83195,46.54846],[14.83201,46.54832],[14.83133,46.54794],[14.8308,46.54801],[14.8305,46.54804],[14.83011,46.5481],[14.83045,46.5485],[14.83013,46.54855],[14.82911,46.5486],[14.82865,46.54823],[14.82792,46.54792],[14.82768,46.54784],[14.82753,46.54783],[14.82704,46.5479],[14.82634,46.54806],[14.82607,46.54806],[14.82608,46.54794],[14.82609,46.54763],[14.82606,46.54737],[14.82562,46.54695],[14.82525,46.54668],[14.82531,46.54645],[14.82535,46.5461],[14.82551,46.54587],[14.82554,46.54575],[14.82491,46.54571],[14.82482,46.54577],[14.8244,46.54584],[14.82392,46.54592],[14.82305,46.54592],[14.82307,46.54568],[14.82318,46.54505],[14.82312,46.54483],[14.82288,46.5446],[14.82296,46.54429],[14.82297,46.54397],[14.82295,46.54362],[14.82302,46.54324],[14.82346,46.54302],[14.82376,46.54303],[14.824,46.54299],[14.82407,46.54297],[14.82419,46.54286],[14.82478,46.54292],[14.82545,46.54295],[14.82604,46.54286],[14.82615,46.54284],[14.82627,46.54279],[14.82636,46.54272],[14.82655,46.54271],[14.82679,46.54259],[14.82721,46.54242],[14.82756,46.5423],[14.82773,46.54226],[14.82797,46.54213],[14.82812,46.54208],[14.82828,46.54199],[14.82859,46.54183],[14.82871,46.54151],[14.82886,46.54127],[14.82921,46.54088],[14.82968,46.54064],[14.83036,46.53984],[14.83073,46.53968],[14.83105,46.53955],[14.83124,46.53947],[14.8313,46.5394],[14.8314,46.53935],[14.83162,46.53935],[14.83186,46.53931],[14.83176,46.53922],[14.8317,46.53906],[14.83158,46.53895],[14.83137,46.53877],[14.83102,46.53853],[14.83087,46.53849],[14.83055,46.53848],[14.83042,46.53851],[14.83019,46.5385],[14.82993,46.53856],[14.82986,46.53856],[14.8295,46.53838],[14.82911,46.53826],[14.82863,46.53795],[14.82814,46.53776],[14.82776,46.53747],[14.82737,46.53728],[14.82715,46.53719],[14.82656,46.53674],[14.82636,46.5364],[14.82611,46.53618],[14.82567,46.53602],[14.82529,46.536],[14.82497,46.53596],[14.82444,46.53591],[14.82384,46.53617],[14.82347,46.53635],[14.82331,46.53619],[14.82328,46.53605],[14.82315,46.53575],[14.82294,46.53559],[14.82278,46.53519],[14.8228,46.53476],[14.82276,46.53465],[14.82275,46.53454],[14.82279,46.53451],[14.82287,46.53439],[14.82292,46.53432],[14.82296,46.53412],[14.82296,46.53403],[14.82297,46.53392],[14.82292,46.53375],[14.82278,46.53355],[14.82276,46.53344],[14.82274,46.53339],[14.82267,46.5333],[14.82265,46.53325],[14.82265,46.53323],[14.82265,46.53318],[14.82263,46.53282],[14.82263,46.5326],[14.82264,46.53248],[14.82268,46.53233],[14.8227,46.53227],[14.82276,46.53215],[14.82284,46.53203],[14.82296,46.53188],[14.82299,46.53184],[14.82303,46.53174],[14.82322,46.53143],[14.82358,46.53112],[14.8237,46.53096],[14.82389,46.53058],[14.8239,46.53057],[14.82424,46.53041],[14.82517,46.53002],[14.82517,46.52997],[14.8252,46.5299],[14.82517,46.52974],[14.825,46.52964],[14.82481,46.52956],[14.82449,46.52918],[14.82439,46.52901],[14.82396,46.52892],[14.82375,46.52881],[14.82364,46.52868],[14.82338,46.52837],[14.82321,46.52802],[14.82275,46.52751],[14.82254,46.52726],[14.8225,46.52712],[14.82247,46.52685],[14.82234,46.52659],[14.82238,46.52614],[14.82245,46.52596],[14.82243,46.52556],[14.82226,46.5251],[14.82216,46.52481],[14.82203,46.52458],[14.82178,46.52434],[14.82157,46.52423],[14.82137,46.52416],[14.82122,46.52405],[14.82113,46.52391],[14.82036,46.52344],[14.82008,46.52329],[14.81947,46.52299],[14.81893,46.52272],[14.81836,46.52258],[14.81803,46.52244],[14.81779,46.52226],[14.81764,46.52206],[14.81758,46.52196],[14.81755,46.52168],[14.81758,46.52133],[14.81774,46.5206],[14.81805,46.52021],[14.81813,46.52014],[14.81879,46.5197],[14.8191,46.51952],[14.81931,46.5195],[14.81916,46.51939],[14.81885,46.51914],[14.81859,46.51885],[14.81846,46.51831],[14.81827,46.51789],[14.81846,46.51756],[14.81812,46.51732],[14.81824,46.51688],[14.81838,46.51646],[14.81856,46.51607],[14.81849,46.51592],[14.8185,46.51568],[14.81824,46.51537],[14.81831,46.51516],[14.81848,46.51487],[14.81867,46.51443],[14.81874,46.51405],[14.81915,46.51341],[14.81905,46.51294],[14.81897,46.51243],[14.81898,46.51205],[14.81905,46.51148],[14.81924,46.51106],[14.81906,46.51076],[14.8189,46.51063],[14.819,46.51018],[14.81867,46.5096],[14.81862,46.50939],[14.81732,46.5091],[14.81684,46.50912],[14.81653,46.50899],[14.81639,46.5088],[14.81462,46.50817],[14.81375,46.50817],[14.81283,46.5084],[14.81211,46.50827],[14.81191,46.50819],[14.81181,46.50807],[14.81172,46.50788],[14.81139,46.50777],[14.8112,46.50775],[14.81076,46.50783],[14.81043,46.50788],[14.81033,46.50785],[14.80971,46.50772],[14.8091,46.50779],[14.80888,46.50774],[14.8085,46.50779],[14.80681,46.50772],[14.80654,46.50771],[14.80632,46.50765],[14.80602,46.50758],[14.80531,46.50712],[14.80315,46.50623],[14.80227,46.50591],[14.80175,46.5056],[14.80148,46.50533],[14.80055,46.50505],[14.79939,46.50455],[14.79882,46.50414],[14.79782,46.504],[14.79714,46.50385],[14.79639,46.50382],[14.79577,46.50376],[14.79525,46.50363],[14.79455,46.50354],[14.7937,46.50321],[14.79322,46.50289],[14.79218,46.50232],[14.79129,46.50206],[14.79081,46.50155],[14.79008,46.5014],[14.78896,46.50075],[14.78828,46.50064],[14.78774,46.50051],[14.7873,46.50026],[14.78666,46.50018],[14.78603,46.49996],[14.78549,46.49949],[14.78439,46.49949],[14.78409,46.49968],[14.78342,46.50026],[14.78307,46.50104],[14.7825,46.50114],[14.78198,46.50113],[14.78159,46.50102],[14.78094,46.50144],[14.78057,46.50126],[14.78024,46.50089],[14.78001,46.50031],[14.77979,46.50041],[14.77911,46.50145],[14.77825,46.50231],[14.77783,46.50258],[14.7774,46.50306],[14.77706,46.50376],[14.77683,46.5046],[14.7752,46.50446],[14.77393,46.50416],[14.77363,46.50399],[14.77298,46.50389],[14.77237,46.50402],[14.77176,46.50419],[14.77151,46.50423],[14.77008,46.50441],[14.7689,46.50458],[14.76692,46.50448],[14.76539,46.50435],[14.76414,46.5042],[14.76335,46.50409],[14.76306,46.50393],[14.76287,46.50399],[14.76264,46.50395],[14.76253,46.50404],[14.76214,46.50396],[14.7614,46.50401],[14.76106,46.50437],[14.76065,46.50441],[14.76003,46.50453],[14.75954,46.5044],[14.75909,46.50444],[14.75905,46.50434],[14.75882,46.5041],[14.75717,46.50301],[14.75632,46.50252],[14.75547,46.50188],[14.75367,46.50102],[14.75303,46.50074],[14.7526,46.50047],[14.7507,46.49934],[14.74961,46.49855],[14.74899,46.49808],[14.74834,46.4976],[14.74784,46.49815],[14.74757,46.49849],[14.7474,46.49873],[14.74721,46.49904],[14.74711,46.49928],[14.74719,46.49962],[14.74721,46.50048],[14.74729,46.50078],[14.74694,46.50083],[14.74652,46.50091],[14.74613,46.50107],[14.74607,46.50185],[14.74594,46.50213],[14.74551,46.50269],[14.74513,46.50324],[14.74459,46.50333],[14.74374,46.50349],[14.74346,46.50366],[14.74282,46.50409],[14.74161,46.50488],[14.74129,46.5052],[14.74079,46.50502],[14.74001,46.50471],[14.73947,46.50419],[14.73904,46.50388],[14.73802,46.50337],[14.73769,46.50311],[14.73758,46.50271],[14.73736,46.50234],[14.73716,46.50208],[14.73683,46.50177],[14.73692,46.50146],[14.73692,46.50095],[14.73667,46.50051],[14.73647,46.4998],[14.73629,46.4991],[14.73592,46.49864],[14.7355,46.498],[14.73516,46.49751],[14.73466,46.49696],[14.73436,46.49665],[14.73407,46.49623],[14.73311,46.49567],[14.73276,46.49536],[14.73249,46.495],[14.73162,46.49438],[14.73101,46.49391],[14.73084,46.49367],[14.73059,46.49319],[14.73062,46.49296],[14.73086,46.49281],[14.73058,46.49239],[14.73024,46.49218],[14.72997,46.49202],[14.72986,46.49196],[14.7298,46.49187],[14.7298,46.49177],[14.72976,46.49168],[14.72967,46.49163],[14.7295,46.4915],[14.7292,46.49137],[14.72904,46.49138],[14.72897,46.49135],[14.72862,46.49101],[14.72852,46.49066],[14.72846,46.49056],[14.72843,46.49045],[14.72843,46.49037],[14.72842,46.49032],[14.72825,46.49043],[14.72818,46.49049],[14.72813,46.49057],[14.7279,46.49106],[14.72789,46.49115],[14.72791,46.49121],[14.72804,46.49156],[14.72806,46.49188],[14.72812,46.49207],[14.72813,46.49211],[14.72811,46.49224],[14.72807,46.49231],[14.72772,46.49278],[14.72763,46.49286],[14.72744,46.49296],[14.72731,46.49307],[14.72699,46.49327],[14.72559,46.49391],[14.72533,46.4942],[14.72498,46.49446],[14.72458,46.49519],[14.72403,46.49572],[14.7239,46.49595],[14.7238,46.49607],[14.72369,46.49623],[14.7233,46.4968],[14.72325,46.49683],[14.72304,46.49709],[14.72295,46.49716],[14.72247,46.49774],[14.72226,46.49788],[14.72196,46.49805],[14.72197,46.49812],[14.72187,46.49823],[14.72135,46.49826],[14.72124,46.49825],[14.72056,46.49839],[14.72043,46.49836],[14.71977,46.49861],[14.71973,46.49861],[14.71956,46.49882],[14.71929,46.49879],[14.7188,46.49885],[14.71839,46.49878],[14.71811,46.499],[14.71773,46.49919],[14.71743,46.49918],[14.71696,46.49936],[14.71651,46.49945],[14.71585,46.49962],[14.71546,46.49976],[14.71477,46.49995],[14.71454,46.4993],[14.71437,46.4988],[14.71413,46.49789],[14.71403,46.49745],[14.71388,46.49693],[14.71377,46.49656],[14.71364,46.49612],[14.71348,46.49563],[14.71338,46.49528],[14.71328,46.49492],[14.71271,46.49454],[14.7123,46.49404],[14.71183,46.49343],[14.71146,46.49304],[14.71111,46.49285],[14.71059,46.49265],[14.71127,46.49219],[14.71155,46.49193],[14.71169,46.49167],[14.71178,46.49133],[14.71172,46.49065],[14.71166,46.49009],[14.71172,46.48938],[14.71157,46.48863],[14.71137,46.48774],[14.71129,46.48725],[14.71097,46.48643],[14.71082,46.48603],[14.71063,46.48576],[14.71059,46.48558],[14.71062,46.48536],[14.71037,46.48486],[14.70999,46.48442],[14.70981,46.48406],[14.70981,46.48374],[14.70964,46.48332],[14.70959,46.48291],[14.70948,46.48225],[14.70948,46.48203],[14.70941,46.48185],[14.70937,46.48156],[14.70925,46.48126],[14.70918,46.48095],[14.70923,46.48086],[14.70885,46.48069],[14.70836,46.48063],[14.70782,46.48063],[14.70735,46.48054],[14.70669,46.4804],[14.70599,46.4803],[14.70568,46.48027],[14.70517,46.48023],[14.70487,46.4802],[14.70449,46.48016],[14.70402,46.48019],[14.70324,46.4803],[14.70293,46.48032],[14.70263,46.4803],[14.70249,46.48037],[14.70238,46.4804],[14.70212,46.48042],[14.70217,46.4802],[14.70217,46.47998],[14.70195,46.4793],[14.70181,46.47903],[14.70154,46.47856],[14.70138,46.47815],[14.70105,46.4778],[14.70055,46.47738],[14.70026,46.47709],[14.7,46.47674],[14.69977,46.4763],[14.6997,46.47622],[14.69941,46.47611],[14.69924,46.47604],[14.69895,46.47582],[14.69881,46.47562],[14.69855,46.47537],[14.69821,46.475],[14.69789,46.47464],[14.69757,46.47447],[14.69771,46.47429],[14.69797,46.47392],[14.69824,46.47361],[14.69869,46.47315],[14.69914,46.47262],[14.6996,46.47222],[14.69974,46.47216],[14.69994,46.47213],[14.70058,46.4721],[14.7008,46.47202],[14.70115,46.47162],[14.70131,46.47135],[14.70151,46.47105],[14.70153,46.47092],[14.70151,46.47079],[14.70137,46.47058],[14.70118,46.4703],[14.70104,46.47001],[14.70098,46.46979],[14.70105,46.46944],[14.70108,46.46921],[14.70121,46.46882],[14.70144,46.46842],[14.7016,46.46817],[14.70212,46.46759],[14.70238,46.46731],[14.70224,46.46695],[14.70158,46.46664],[14.7012,46.46644],[14.70095,46.4662],[14.70088,46.46597],[14.70088,46.46581],[14.70094,46.46564],[14.70104,46.46551],[14.70066,46.46519],[14.7004,46.46502],[14.70012,46.46476],[14.69985,46.4645],[14.69974,46.46436],[14.69961,46.46416],[14.69954,46.46403],[14.69939,46.46369],[14.69927,46.46364],[14.69913,46.4636],[14.69899,46.46366],[14.69858,46.46392],[14.69844,46.464],[14.69833,46.46416],[14.69814,46.46433],[14.69786,46.46444],[14.69758,46.46449],[14.69718,46.46446],[14.69678,46.46446],[14.69647,46.46447],[14.69608,46.46443],[14.69558,46.4643],[14.69528,46.46415],[14.69463,46.46387],[14.6945,46.46384],[14.69422,46.46382],[14.69376,46.46384],[14.69332,46.46383],[14.69299,46.46381],[14.69268,46.46385],[14.69215,46.46402],[14.69166,46.46412],[14.69104,46.4642],[14.69035,46.46427],[14.68989,46.46432],[14.68935,46.46442],[14.68875,46.46462],[14.68801,46.4649],[14.68739,46.46512],[14.68657,46.46545],[14.68603,46.46573],[14.68562,46.46596],[14.68514,46.46627],[14.68462,46.46664],[14.68421,46.46692],[14.68389,46.46725],[14.68321,46.4679],[14.68298,46.46765],[14.6828,46.46751],[14.68258,46.46734],[14.6822,46.46706],[14.68175,46.46666],[14.68146,46.46642],[14.68116,46.46614],[14.68066,46.46562],[14.68047,46.4654],[14.68032,46.46517],[14.68005,46.46481],[14.6798,46.46444],[14.67968,46.46427],[14.67951,46.464],[14.67932,46.4638],[14.67907,46.46334],[14.67894,46.46309],[14.67863,46.46271],[14.6783,46.46254],[14.67829,46.4625],[14.67802,46.46249],[14.67782,46.46245],[14.67721,46.46232],[14.67688,46.46233],[14.67674,46.46229],[14.67591,46.46188],[14.67569,46.46185],[14.6757,46.46159],[14.67575,46.46147],[14.67603,46.46108],[14.67623,46.4607],[14.67631,46.46047],[14.6768,46.46013],[14.67688,46.46],[14.67716,46.45984],[14.67752,46.45949],[14.67778,46.45923],[14.67817,46.45889],[14.67872,46.45844],[14.67901,46.45819],[14.67924,46.45799],[14.6793,46.45782],[14.67913,46.45771],[14.67887,46.4576],[14.67871,46.45729],[14.67808,46.45691],[14.67771,46.45639],[14.67786,46.456],[14.67769,46.45572],[14.6773,46.45552],[14.67698,46.45521],[14.67667,46.455],[14.67615,46.45424],[14.6763,46.45368],[14.67507,46.45184],[14.67494,46.45087],[14.67479,46.45068],[14.67197,46.45081],[14.67118,46.45097],[14.67102,46.45107],[14.67065,46.45064],[14.66996,46.45065],[14.6685,46.45004],[14.66733,46.44987],[14.66706,46.45],[14.66662,46.44996],[14.66574,46.44948],[14.66499,46.44892],[14.66468,46.44868],[14.66431,46.44808],[14.66401,46.44753],[14.66369,46.44691],[14.6634,46.44643],[14.66318,46.4462],[14.66295,46.44606],[14.66269,46.44607],[14.66205,46.44579],[14.66151,46.44541],[14.66125,46.44522],[14.66101,46.44502],[14.66057,46.4448],[14.65966,46.4445],[14.65918,46.44445],[14.65876,46.44441],[14.65855,46.44462],[14.65813,46.44459],[14.6574,46.44448],[14.65673,46.44449],[14.65615,46.44439],[14.65594,46.44438],[14.65557,46.44427],[14.65532,46.44422],[14.65442,46.44455],[14.65379,46.44475],[14.65348,46.44485],[14.65302,46.44486],[14.65238,46.44499],[14.65166,46.44482],[14.65103,46.44475],[14.65041,46.44463],[14.64965,46.44447],[14.64911,46.44432],[14.64829,46.44426],[14.64772,46.44418],[14.64712,46.444],[14.64678,46.44381],[14.64654,46.44367],[14.6461,46.4436],[14.6452,46.44353],[14.64435,46.44337],[14.64393,46.44298],[14.64396,46.44283],[14.64354,46.44279],[14.643,46.4428],[14.64257,46.44287],[14.64208,46.44294],[14.64161,46.44294],[14.64086,46.44301],[14.64053,46.4429],[14.63954,46.44246],[14.63885,46.44211],[14.63886,46.44209],[14.63821,46.4418],[14.63759,46.44161],[14.63715,46.44132],[14.63709,46.44114],[14.63652,46.44101],[14.636,46.44085],[14.63546,46.44066],[14.63489,46.44054],[14.63353,46.44018],[14.63311,46.44002],[14.63225,46.43967],[14.63146,46.43948],[14.63096,46.43948],[14.63036,46.43951],[14.62985,46.43951],[14.62937,46.43947],[14.62897,46.4394],[14.62842,46.43932],[14.62834,46.4393],[14.62774,46.43925],[14.6268,46.43945],[14.62604,46.43936],[14.62573,46.43933],[14.62467,46.43928],[14.62359,46.43893],[14.62301,46.43882],[14.62218,46.43869],[14.62107,46.43883],[14.62037,46.43885],[14.61979,46.43888],[14.61898,46.43897],[14.61823,46.43895],[14.61782,46.43894],[14.61782,46.43916],[14.61717,46.4393],[14.61656,46.43925],[14.61629,46.43958],[14.61608,46.43968],[14.6159,46.43972],[14.6154,46.43994],[14.6144,46.43984],[14.61399,46.43982],[14.61365,46.43978],[14.61309,46.43979],[14.61257,46.43973],[14.61255,46.43967],[14.61187,46.43967],[14.61137,46.43957],[14.61081,46.43953],[14.60959,46.43947],[14.60931,46.43944],[14.60835,46.43928],[14.60756,46.43912],[14.60745,46.43908],[14.60646,46.43868],[14.60582,46.43835],[14.60574,46.4383],[14.6052,46.43791],[14.60489,46.43761],[14.6048,46.43738],[14.6047,46.43694],[14.60406,46.43689],[14.60403,46.4369],[14.60366,46.43696],[14.60295,46.4368],[14.60229,46.43691],[14.60112,46.43685],[14.60075,46.43684],[14.60011,46.43693],[14.5996,46.43691],[14.59926,46.43674],[14.59822,46.4369],[14.59767,46.43675],[14.59678,46.43674],[14.59632,46.43684],[14.59597,46.43682],[14.5961,46.43641],[14.59615,46.43616],[14.59614,46.43596],[14.59619,46.43584],[14.59632,46.43534],[14.5964,46.43453],[14.59634,46.43411],[14.59628,46.43402],[14.59586,46.43359],[14.59541,46.43322],[14.59479,46.43292],[14.59415,46.43273],[14.59391,46.43259],[14.5935,46.43224],[14.59335,46.43216],[14.59316,46.43208],[14.59301,46.432],[14.59294,46.43193],[14.5928,46.43184],[14.59223,46.43156],[14.59184,46.43131],[14.59163,46.43124],[14.59156,46.43125],[14.59115,46.43107],[14.59071,46.43095],[14.59053,46.4309],[14.5904,46.43083],[14.59027,46.43079],[14.58989,46.43078],[14.58976,46.43065],[14.58899,46.43046],[14.58887,46.43037],[14.58872,46.43032],[14.58816,46.43028],[14.58773,46.43036],[14.58728,46.43029],[14.58664,46.42995],[14.58643,46.42975],[14.58633,46.42958],[14.58636,46.42929],[14.58669,46.42831],[14.58671,46.42811],[14.58668,46.42796],[14.58645,46.4277],[14.5863,46.42729],[14.58618,46.42716],[14.58592,46.42679],[14.5857,46.42612],[14.58546,46.42568],[14.58523,46.42515],[14.5852,46.42512],[14.58488,46.42464],[14.58455,46.42427],[14.58442,46.42407],[14.58435,46.42382],[14.58434,46.42359],[14.58427,46.42338],[14.58422,46.42304],[14.58419,46.42228],[14.58418,46.42198],[14.58427,46.4216],[14.58431,46.42145],[14.58431,46.42122],[14.58421,46.42077],[14.58414,46.42059],[14.58409,46.42037],[14.58403,46.42005],[14.58399,46.41988],[14.58388,46.41959],[14.58386,46.41928],[14.5838,46.41904],[14.58374,46.41886],[14.5836,46.41857],[14.58338,46.41845],[14.58329,46.41833],[14.58317,46.41827],[14.58295,46.41819],[14.58278,46.41816],[14.58254,46.41814],[14.58249,46.41769],[14.58274,46.41666],[14.58327,46.41586],[14.5839,46.4158],[14.58417,46.4156],[14.58483,46.41528],[14.58584,46.41505],[14.58623,46.41496],[14.58731,46.41475],[14.588,46.4148],[14.58865,46.41439],[14.5885,46.41391],[14.58849,46.41324],[14.58839,46.41244],[14.58847,46.41205],[14.58844,46.4119],[14.58849,46.41173],[14.58842,46.41137],[14.58889,46.41056],[14.58911,46.41054],[14.58909,46.41041],[14.58938,46.41027],[14.58921,46.40999],[14.58939,46.4096],[14.58894,46.40937],[14.5887,46.40892],[14.58845,46.4081],[14.58839,46.40741],[14.58846,46.40707],[14.58832,46.40636],[14.58832,46.40565],[14.5881,46.40543],[14.58771,46.40523],[14.58724,46.4047],[14.58679,46.40432],[14.58657,46.40421],[14.58678,46.40361],[14.58688,46.40268],[14.58678,46.40198],[14.58679,46.40147],[14.58683,46.4014],[14.58689,46.40134],[14.58692,46.40129],[14.58697,46.40117],[14.58703,46.40101],[14.58721,46.40073],[14.58721,46.40056],[14.58724,46.40043],[14.58718,46.40028],[14.58709,46.40017],[14.58696,46.40008],[14.58695,46.39992],[14.58693,46.39978],[14.58693,46.39964],[14.58696,46.39952],[14.58699,46.39943],[14.587,46.39937],[14.58698,46.39923],[14.58704,46.39896],[14.58709,46.39879],[14.58717,46.3986],[14.58717,46.39852],[14.58713,46.39845],[14.58712,46.39827],[14.587,46.3982],[14.58689,46.39809],[14.5867,46.39793],[14.58668,46.39786],[14.5867,46.39781],[14.58677,46.39773],[14.58681,46.39766],[14.58685,46.39755],[14.58687,46.39748],[14.58689,46.39741],[14.58699,46.39735],[14.58709,46.39724],[14.58717,46.39718],[14.58735,46.397],[14.58738,46.39694],[14.58735,46.3969],[14.5871,46.39672],[14.58735,46.3966],[14.5875,46.3965],[14.5876,46.3964],[14.58758,46.39605],[14.58759,46.39596],[14.58754,46.39581],[14.58747,46.3955],[14.58741,46.39535],[14.58726,46.39518],[14.58696,46.39507],[14.58685,46.39479],[14.58664,46.39458],[14.58648,46.39433],[14.5864,46.39422],[14.58629,46.39406],[14.58617,46.39384],[14.58617,46.39373],[14.58619,46.39364],[14.58619,46.39354],[14.58618,46.39347],[14.58602,46.39334],[14.58596,46.39323],[14.58578,46.39307],[14.58565,46.39286],[14.58569,46.39283],[14.5857,46.39277],[14.58572,46.39269],[14.58579,46.39268],[14.58582,46.39267],[14.5859,46.39262],[14.58592,46.39257],[14.58593,46.39253],[14.58595,46.39251],[14.58599,46.39248],[14.586,46.39244],[14.58606,46.39234],[14.58612,46.39232],[14.58614,46.39226],[14.58609,46.39222],[14.58604,46.3922],[14.58596,46.39214],[14.58586,46.3921],[14.58587,46.39204],[14.58593,46.39191],[14.58592,46.39185],[14.58588,46.39179],[14.58585,46.39174],[14.58578,46.39172],[14.58571,46.39172],[14.58564,46.39166],[14.58559,46.39163],[14.58552,46.39156],[14.5855,46.39153],[14.58545,46.39146],[14.58543,46.39141],[14.58545,46.39138],[14.58544,46.39132],[14.58538,46.39128],[14.58531,46.39121],[14.58531,46.39118],[14.58528,46.39118],[14.58524,46.39116],[14.58521,46.39112],[14.58508,46.391],[14.585,46.39095],[14.58498,46.3909],[14.58488,46.39077],[14.58484,46.39073],[14.5848,46.39066],[14.58472,46.3906],[14.5847,46.39057],[14.58464,46.39056],[14.58461,46.39053],[14.58465,46.39036],[14.58466,46.39027],[14.58464,46.3902],[14.58459,46.39018],[14.58444,46.39006],[14.58437,46.39003],[14.58431,46.39],[14.58421,46.38996],[14.58411,46.38987],[14.58409,46.38981],[14.58394,46.38953],[14.58398,46.38927],[14.58396,46.38918],[14.58402,46.38911],[14.58406,46.38902],[14.58406,46.38888],[14.58405,46.3888],[14.58401,46.38874],[14.58395,46.38872],[14.58388,46.38868],[14.58391,46.38857],[14.58391,46.38854],[14.58397,46.38839],[14.5838,46.38835],[14.58369,46.38835],[14.58368,46.38831],[14.58364,46.38825],[14.58357,46.38822],[14.58353,46.38818],[14.5835,46.38814],[14.58346,46.38804],[14.58343,46.38801],[14.58333,46.388],[14.58326,46.38798],[14.5832,46.38795],[14.58316,46.38791],[14.58314,46.38789],[14.58312,46.38783],[14.58308,46.38781],[14.58295,46.38779],[14.5829,46.38776],[14.58289,46.38768],[14.58288,46.38764],[14.58283,46.38759],[14.58278,46.38757],[14.58278,46.38752],[14.58271,46.38746],[14.58268,46.38741],[14.58269,46.38732],[14.58266,46.38727],[14.58259,46.38725],[14.58246,46.38721],[14.58243,46.38718],[14.5824,46.38715],[14.58239,46.38712],[14.58241,46.38707],[14.58243,46.38703],[14.58245,46.387],[14.58244,46.38696],[14.58242,46.38693],[14.58236,46.38691],[14.58224,46.3869],[14.58221,46.38688],[14.58217,46.38684],[14.58212,46.38681],[14.58207,46.38682],[14.58199,46.38679],[14.58191,46.38677],[14.58185,46.38676],[14.58173,46.38666],[14.58172,46.38664],[14.58169,46.38662],[14.58164,46.38659],[14.58148,46.38656],[14.58145,46.38653],[14.58142,46.38646],[14.5814,46.38643],[14.58136,46.38642],[14.58131,46.38643],[14.58127,46.38644],[14.58124,46.38645],[14.5812,46.38639],[14.58111,46.38637],[14.58107,46.38636],[14.58099,46.38632],[14.58085,46.38629],[14.5808,46.38626],[14.58065,46.3862],[14.58054,46.38614],[14.58047,46.3861],[14.58039,46.38609],[14.5803,46.38601],[14.58021,46.38593],[14.58019,46.38583],[14.58017,46.3858],[14.58012,46.38578],[14.58009,46.38576],[14.58002,46.38578],[14.57998,46.38573],[14.57989,46.38556],[14.57986,46.38553],[14.57974,46.38548],[14.57971,46.38545],[14.5797,46.38541],[14.57971,46.38536],[14.5797,46.38531],[14.57965,46.38527],[14.57964,46.38524],[14.57959,46.38521],[14.57957,46.38519],[14.57953,46.38519],[14.57944,46.38518],[14.57942,46.38517],[14.57939,46.38513],[14.57938,46.3851],[14.5794,46.38505],[14.57925,46.38489],[14.57921,46.38485],[14.57917,46.38484],[14.57915,46.38478],[14.57912,46.38475],[14.5791,46.38466],[14.57907,46.38464],[14.57905,46.38461],[14.57903,46.38457],[14.57889,46.38441],[14.57882,46.38434],[14.57876,46.38425],[14.57872,46.38419],[14.5787,46.38416],[14.57865,46.3841],[14.57869,46.38396],[14.57866,46.38371],[14.57861,46.38358],[14.57849,46.3834],[14.57848,46.38336],[14.57851,46.38333],[14.57854,46.38331],[14.57853,46.38328],[14.5785,46.38327],[14.57854,46.38321],[14.57862,46.38313],[14.57869,46.3831],[14.57876,46.38307],[14.57888,46.38304],[14.57901,46.38298],[14.57905,46.38296],[14.57908,46.38293],[14.57912,46.38289],[14.57915,46.38283],[14.57918,46.3828],[14.57921,46.38278],[14.57939,46.38274],[14.57946,46.38269],[14.57948,46.38268],[14.57951,46.3827],[14.57955,46.38269],[14.5796,46.3827],[14.57961,46.38269],[14.57964,46.38271],[14.57967,46.38272],[14.57972,46.38272],[14.57978,46.3827],[14.57991,46.38266],[14.58,46.38265],[14.58021,46.3826],[14.58029,46.38257],[14.58063,46.38246],[14.58086,46.3824],[14.58092,46.38238],[14.58097,46.38238],[14.58101,46.38236],[14.58102,46.38236],[14.58102,46.38235],[14.58107,46.38234],[14.58111,46.38233],[14.58121,46.38227],[14.58123,46.38223],[14.58129,46.38219],[14.58136,46.3822],[14.58141,46.38219],[14.58148,46.38219],[14.58157,46.38218],[14.58159,46.38216],[14.58163,46.38212],[14.58163,46.38209],[14.5816,46.38202],[14.5816,46.38199],[14.5816,46.38198],[14.58164,46.38196],[14.58164,46.38192],[14.58167,46.38187],[14.58166,46.3817],[14.58168,46.38166],[14.58166,46.38161],[14.58162,46.38155],[14.58158,46.38152],[14.58156,46.38148],[14.58154,46.38143],[14.58148,46.38135],[14.58147,46.3813],[14.58139,46.38126],[14.58137,46.38123],[14.58137,46.38115],[14.58136,46.3811],[14.58134,46.38107],[14.5813,46.38104],[14.58127,46.38103],[14.58123,46.38102],[14.58118,46.38098],[14.58115,46.38097],[14.58112,46.38094],[14.58111,46.38091],[14.58111,46.38088],[14.58113,46.38085],[14.58114,46.38082],[14.58118,46.38078],[14.58118,46.38075],[14.58114,46.38071],[14.58114,46.3807],[14.58115,46.38067],[14.58116,46.38063],[14.58102,46.38052],[14.58098,46.3805],[14.58095,46.38047],[14.58086,46.38041],[14.58076,46.3804],[14.58062,46.3803],[14.58063,46.38022],[14.58064,46.38019],[14.58062,46.38014],[14.58059,46.3801],[14.58053,46.38007],[14.5805,46.38003],[14.5805,46.37999],[14.58048,46.37992],[14.58044,46.37987],[14.58041,46.37976],[14.5804,46.37971],[14.58038,46.37956],[14.58036,46.37951],[14.58033,46.37947],[14.58026,46.37944],[14.58012,46.3794],[14.58001,46.37935],[14.57979,46.3792],[14.57973,46.37918],[14.57966,46.37908],[14.57963,46.37906],[14.57954,46.37902],[14.57943,46.37903],[14.57935,46.379],[14.57931,46.37899],[14.57928,46.379],[14.57918,46.379],[14.57913,46.37896],[14.57911,46.37892],[14.57907,46.3789],[14.57904,46.37886],[14.579,46.37887],[14.57896,46.37885],[14.57893,46.37881],[14.5789,46.37877],[14.57888,46.37874],[14.57887,46.37869],[14.57892,46.37866],[14.57893,46.37864],[14.57894,46.37861],[14.57892,46.3785],[14.57887,46.37845],[14.57886,46.37839],[14.57883,46.37836],[14.57882,46.37834],[14.57885,46.37829],[14.57887,46.37828],[14.57887,46.37819],[14.57886,46.37814],[14.57886,46.37808],[14.57883,46.37803],[14.5788,46.37794],[14.57882,46.3779],[14.57876,46.37785],[14.57875,46.37782],[14.57878,46.37777],[14.57875,46.37771],[14.57872,46.37761],[14.5787,46.37758],[14.57866,46.37755],[14.57861,46.37753],[14.57856,46.37751],[14.57853,46.37748],[14.57852,46.37744],[14.57854,46.37739],[14.57853,46.37736],[14.57848,46.37736],[14.57842,46.37733],[14.57838,46.3773],[14.57833,46.3772],[14.57832,46.37717],[14.5782,46.37715],[14.5782,46.37711],[14.57818,46.37706],[14.57815,46.37704],[14.57806,46.37702],[14.578,46.37699],[14.57796,46.37695],[14.57785,46.37694],[14.57779,46.37687],[14.57747,46.37681],[14.57737,46.3768],[14.5773,46.3768],[14.57724,46.3768],[14.57701,46.3767],[14.57694,46.37667],[14.57689,46.37662],[14.57686,46.37657],[14.57682,46.37653],[14.57674,46.37649],[14.57667,46.37646],[14.57665,46.37645],[14.5766,46.37638],[14.57654,46.37634],[14.57636,46.37629],[14.57631,46.37623],[14.57628,46.37617],[14.57617,46.37615],[14.57613,46.37613],[14.57604,46.37614],[14.57592,46.37608],[14.57583,46.37603],[14.57568,46.37598],[14.57556,46.37599],[14.5754,46.376],[14.57535,46.37597],[14.57519,46.37591],[14.57506,46.37588],[14.57499,46.37586],[14.5749,46.37587],[14.57483,46.37582],[14.5747,46.37583],[14.57458,46.3758],[14.57446,46.37583],[14.57435,46.3759],[14.57433,46.37596],[14.57431,46.37602],[14.57419,46.37598],[14.57413,46.37595],[14.57399,46.37595],[14.5739,46.37594],[14.57386,46.37593],[14.57382,46.37588],[14.57372,46.37589],[14.57362,46.37586],[14.57349,46.37574],[14.57344,46.37567],[14.57337,46.37567],[14.57331,46.37564],[14.57319,46.37561],[14.5731,46.37556],[14.57307,46.37553],[14.57303,46.37551],[14.57296,46.3755],[14.57291,46.37548],[14.57289,46.37548],[14.57279,46.37552],[14.5727,46.37554],[14.57267,46.37554],[14.57263,46.37556],[14.57245,46.37558],[14.57238,46.37561],[14.57229,46.37563],[14.57221,46.37564],[14.57216,46.37572],[14.57208,46.37572],[14.57199,46.37575],[14.57191,46.37576],[14.5718,46.37576],[14.57173,46.37575],[14.57163,46.37575],[14.57157,46.37571],[14.57144,46.37565],[14.57136,46.37563],[14.5713,46.3756],[14.57126,46.37561],[14.57121,46.37561],[14.57111,46.37556],[14.57102,46.37555],[14.57096,46.37552],[14.5709,46.37552],[14.57081,46.37554],[14.57069,46.37553],[14.57062,46.37554],[14.57059,46.37552],[14.57055,46.37554],[14.57044,46.37553],[14.57038,46.37552],[14.57025,46.37551],[14.57022,46.37552],[14.5702,46.37557],[14.57016,46.37559],[14.57008,46.37561],[14.57,46.37563],[14.56994,46.37565],[14.56991,46.37568],[14.56987,46.37568],[14.56983,46.3757],[14.56977,46.37575],[14.56975,46.37581],[14.56968,46.37576],[14.56962,46.37575],[14.56955,46.37574],[14.56945,46.3757],[14.56939,46.3757],[14.56928,46.37573],[14.56926,46.37571],[14.56922,46.37573],[14.56913,46.37576],[14.56908,46.37577],[14.56903,46.37579],[14.56893,46.37576],[14.56892,46.37573],[14.56887,46.3757],[14.56884,46.37568],[14.5688,46.37561],[14.56875,46.37556],[14.56869,46.37555],[14.56862,46.37555],[14.56854,46.37553],[14.56848,46.37554],[14.56839,46.37555],[14.56832,46.37552],[14.56827,46.3755],[14.56818,46.37547],[14.56812,46.37546],[14.56798,46.37541],[14.5679,46.37538],[14.56788,46.37535],[14.56784,46.37532],[14.5677,46.37528],[14.56764,46.37525],[14.56758,46.37522],[14.5674,46.37515],[14.56733,46.37513],[14.56711,46.37513],[14.56702,46.37513],[14.56691,46.37511],[14.56683,46.3751],[14.56673,46.37512],[14.56667,46.37512],[14.56659,46.37511],[14.56648,46.37508],[14.56638,46.37506],[14.5663,46.37503],[14.5662,46.37503],[14.56615,46.37503],[14.56608,46.37499],[14.56607,46.37495],[14.56602,46.3749],[14.566,46.37487],[14.56592,46.37482],[14.56585,46.37481],[14.5658,46.37482],[14.56551,46.37476],[14.56538,46.37467],[14.56538,46.3746],[14.56537,46.37453],[14.56536,46.37438],[14.56537,46.37434],[14.56535,46.37429],[14.56525,46.3742],[14.56522,46.37416],[14.5652,46.3741],[14.56516,46.37404],[14.56508,46.37394],[14.56507,46.37381],[14.56505,46.37369],[14.56505,46.37365],[14.56509,46.37353],[14.56513,46.37346],[14.56516,46.37338],[14.5652,46.37332],[14.56522,46.37327],[14.56522,46.37319],[14.56519,46.37308],[14.56511,46.37295],[14.56518,46.37246],[14.5646,46.3724],[14.56455,46.37241],[14.5645,46.37241],[14.56448,46.3724],[14.5644,46.37241],[14.56438,46.37242],[14.56434,46.37243],[14.56426,46.37239],[14.56418,46.37233],[14.56413,46.37231],[14.56407,46.37231],[14.56392,46.37234],[14.56386,46.37236],[14.56379,46.37232],[14.56369,46.37232],[14.56363,46.37232],[14.5636,46.37231],[14.56355,46.37233],[14.56347,46.37231],[14.56339,46.37235],[14.56332,46.3724],[14.56334,46.37242],[14.56331,46.37244],[14.56326,46.37246],[14.56312,46.37247],[14.56306,46.37246],[14.56297,46.3725],[14.56287,46.37255],[14.56286,46.3726],[14.56282,46.37269],[14.56278,46.37275],[14.56275,46.37276],[14.56274,46.37279],[14.56271,46.3728],[14.56268,46.37288],[14.56265,46.37288],[14.56262,46.37287],[14.56257,46.37287],[14.56252,46.37291],[14.56253,46.37294],[14.56249,46.37299],[14.5624,46.37302],[14.56237,46.37302],[14.56235,46.37302],[14.56231,46.37305],[14.56221,46.3731],[14.56217,46.37313],[14.56199,46.37329],[14.56191,46.37328],[14.56186,46.37329],[14.56174,46.37329],[14.56168,46.37331],[14.56162,46.37332],[14.56154,46.3734],[14.56145,46.3735],[14.56139,46.37355],[14.56135,46.37361],[14.56129,46.37367],[14.56128,46.37378],[14.56117,46.37384],[14.56119,46.37386],[14.56118,46.37392],[14.56114,46.37397],[14.56109,46.374],[14.56106,46.37404],[14.56105,46.37409],[14.56105,46.37413],[14.56108,46.37423],[14.56107,46.37433],[14.56106,46.37438],[14.56101,46.37443],[14.56095,46.37464],[14.56088,46.37462],[14.56083,46.37459],[14.56079,46.37458],[14.56072,46.37455],[14.56045,46.37453],[14.56034,46.3745],[14.56024,46.37449],[14.56016,46.37449],[14.56005,46.37454],[14.55998,46.37457],[14.55992,46.37461],[14.55987,46.37466],[14.55984,46.37472],[14.5598,46.37479],[14.5597,46.37493],[14.55964,46.37499],[14.55952,46.37508],[14.55941,46.37505],[14.55931,46.37506],[14.5592,46.37507],[14.55911,46.37508],[14.55906,46.37512],[14.55907,46.37515],[14.55903,46.37517],[14.55901,46.37514],[14.55896,46.37512],[14.55887,46.37516],[14.55883,46.37521],[14.5588,46.37521],[14.55879,46.37517],[14.55875,46.37516],[14.55871,46.37511],[14.55868,46.37511],[14.55865,46.37514],[14.5586,46.37515],[14.55856,46.37516],[14.55848,46.37516],[14.55843,46.37515],[14.55838,46.37516],[14.55832,46.37518],[14.55825,46.37526],[14.55828,46.37529],[14.55827,46.37531],[14.55826,46.37534],[14.55825,46.37538],[14.55822,46.37544],[14.55823,46.37546],[14.55821,46.37548],[14.55818,46.37551],[14.55812,46.37555],[14.55811,46.37565],[14.55809,46.37569],[14.55804,46.37571],[14.55798,46.3758],[14.55795,46.37589],[14.55791,46.37593],[14.5579,46.37601],[14.55787,46.37607],[14.55776,46.37613],[14.5577,46.37616],[14.55762,46.37618],[14.55758,46.37621],[14.55754,46.37631],[14.55755,46.37634],[14.55752,46.37641],[14.55745,46.37646],[14.5574,46.37644],[14.55737,46.37641],[14.5573,46.3764],[14.55729,46.37641],[14.55733,46.37646],[14.55732,46.37646],[14.55716,46.37645],[14.55712,46.37646],[14.55709,46.37648],[14.55701,46.37652],[14.55698,46.37652],[14.55698,46.37653],[14.55694,46.37653],[14.5569,46.3765],[14.55686,46.3765],[14.55687,46.37653],[14.55688,46.37659],[14.55689,46.37665],[14.55684,46.37674],[14.55682,46.37683],[14.55677,46.37685],[14.55677,46.37692],[14.55677,46.37696],[14.55686,46.377],[14.55691,46.37706],[14.55698,46.37711],[14.55715,46.37722],[14.55727,46.37729],[14.55732,46.37735],[14.5573,46.37739],[14.55731,46.37747],[14.5573,46.3775],[14.55732,46.3776],[14.55727,46.37765],[14.55721,46.3777],[14.55701,46.3778],[14.55693,46.37786],[14.5569,46.37792],[14.55681,46.37797],[14.55681,46.378],[14.55675,46.37806],[14.55662,46.37819],[14.55654,46.37827],[14.55645,46.37833],[14.5564,46.37837],[14.5563,46.37845],[14.55622,46.37848],[14.55619,46.3785],[14.55617,46.37851],[14.55612,46.37854],[14.55601,46.37857],[14.55594,46.3786],[14.5559,46.37866],[14.5559,46.3787],[14.55594,46.37876],[14.55598,46.37885],[14.55596,46.37899],[14.55597,46.37903],[14.556,46.3791],[14.55598,46.3792],[14.55596,46.37924],[14.55594,46.37932],[14.55596,46.37938],[14.55607,46.37939],[14.55624,46.37945],[14.55643,46.37955],[14.55649,46.37961],[14.55647,46.37971],[14.55646,46.37982],[14.55652,46.37991],[14.55652,46.38005],[14.55657,46.38009],[14.55659,46.38015],[14.55664,46.38025],[14.55662,46.38041],[14.55664,46.38052],[14.55664,46.38067],[14.55665,46.38071],[14.55666,46.38077],[14.55666,46.38081],[14.55668,46.38084],[14.5567,46.38089],[14.55674,46.38095],[14.55666,46.38108],[14.5567,46.38115],[14.55671,46.38125],[14.55672,46.38133],[14.55671,46.38142],[14.55668,46.38148],[14.55677,46.38151],[14.55683,46.38157],[14.55683,46.3816],[14.55677,46.3817],[14.55669,46.38177],[14.55664,46.38188],[14.5566,46.38194],[14.5566,46.38208],[14.55656,46.38218],[14.55654,46.38223],[14.5565,46.38225],[14.55647,46.38226],[14.55643,46.38227],[14.5564,46.38232],[14.5564,46.38241],[14.55638,46.38245],[14.55638,46.38258],[14.55632,46.38262],[14.55629,46.38268],[14.55617,46.38284],[14.55608,46.38297],[14.556,46.38314],[14.55598,46.38322],[14.55603,46.38329],[14.55621,46.38329],[14.5563,46.3833],[14.55644,46.38334],[14.55646,46.38344],[14.55649,46.38348],[14.55657,46.38353],[14.55673,46.38365],[14.55682,46.38371],[14.55685,46.38378],[14.55689,46.38385],[14.55681,46.38395],[14.55658,46.38413],[14.55655,46.3842],[14.5566,46.38441],[14.55657,46.38452],[14.5566,46.3846],[14.55665,46.38468],[14.55673,46.38476],[14.55678,46.38487],[14.55677,46.38501],[14.55671,46.38509],[14.55673,46.38513],[14.55682,46.38516],[14.55671,46.3853],[14.55662,46.38537],[14.55655,46.38548],[14.55643,46.38559],[14.55626,46.38557],[14.55606,46.38589],[14.55616,46.38611],[14.55585,46.38642],[14.55581,46.38644],[14.55551,46.38644],[14.55532,46.38662],[14.55526,46.38692],[14.55495,46.38723],[14.55496,46.38741],[14.55461,46.3878],[14.55446,46.38821],[14.55425,46.38867],[14.55428,46.38936],[14.55405,46.39012],[14.55388,46.39052],[14.5536,46.39072],[14.55357,46.39082],[14.55355,46.3911],[14.55369,46.39157],[14.55327,46.39222],[14.55305,46.3928],[14.55273,46.39318],[14.55213,46.39364],[14.55168,46.39429],[14.55145,46.39499],[14.55121,46.39528],[14.55068,46.39607],[14.55028,46.39655],[14.54948,46.39713],[14.549,46.39746],[14.5481,46.39791],[14.54746,46.39809],[14.54777,46.39863],[14.54791,46.39896],[14.54762,46.39911],[14.54742,46.39914],[14.54715,46.39936],[14.54682,46.39965],[14.54664,46.39993],[14.54655,46.40018],[14.54621,46.40046],[14.54599,46.40056],[14.54554,46.40072],[14.54535,46.40097],[14.54485,46.40137],[14.5447,46.40144],[14.54437,46.40173],[14.54404,46.40215],[14.54314,46.40294],[14.54214,46.40363],[14.5419,46.40418],[14.54178,46.40427],[14.54184,46.40436],[14.54165,46.40484],[14.54112,46.40561],[14.54098,46.40577],[14.54076,46.40603],[14.54049,46.40635],[14.54072,46.40658],[14.54098,46.40683],[14.54085,46.40729],[14.54083,46.40765],[14.54079,46.40798],[14.54076,46.4082],[14.54064,46.40883],[14.54046,46.4094],[14.54038,46.40969],[14.5402,46.40994],[14.54014,46.41023],[14.54015,46.41046],[14.54005,46.41116],[14.53988,46.41159],[14.53899,46.41237],[14.53876,46.41261],[14.53825,46.41296],[14.53773,46.41332],[14.53615,46.41425],[14.53515,46.41445],[14.53459,46.41441],[14.53374,46.41452],[14.53206,46.41461],[14.53194,46.41535],[14.53178,46.41553],[14.53108,46.41613],[14.53026,46.4168],[14.52977,46.41675],[14.52957,46.41706],[14.5296,46.41739],[14.52949,46.4176],[14.52914,46.41798],[14.52896,46.41794],[14.52831,46.41819],[14.52767,46.41867],[14.52739,46.41896],[14.5271,46.41908],[14.52702,46.41923],[14.52679,46.41957],[14.52673,46.41973],[14.52636,46.41994],[14.52565,46.42055],[14.52549,46.42078],[14.52523,46.42133],[14.52426,46.422],[14.52383,46.4223],[14.52338,46.42278],[14.52297,46.42302],[14.52243,46.42352],[14.52212,46.42382],[14.5218,46.42441],[14.52223,46.42463],[14.52227,46.4251],[14.52224,46.42535],[14.52208,46.42588],[14.52198,46.42632],[14.522,46.42685],[14.52176,46.42726],[14.52128,46.42709],[14.52098,46.42715],[14.52035,46.42701],[14.52006,46.42706],[14.51959,46.42687],[14.51937,46.42693],[14.5189,46.42668],[14.51768,46.42647],[14.51744,46.42651],[14.51723,46.42645],[14.51656,46.42618],[14.51547,46.42642],[14.51453,46.42642],[14.51365,46.42625],[14.51243,46.42627],[14.51131,46.42618],[14.51008,46.42595],[14.50956,46.42569],[14.50863,46.42551],[14.50829,46.42533],[14.50713,46.42483],[14.50621,46.42439],[14.50556,46.42422],[14.50537,46.42407],[14.50515,46.42374],[14.50468,46.42355],[14.50386,46.42327],[14.50319,46.42293],[14.50275,46.42223],[14.50267,46.42218],[14.50269,46.42117],[14.50272,46.42072],[14.50262,46.4203],[14.50192,46.42027],[14.5008,46.42013],[14.50012,46.42009],[14.49876,46.41962],[14.49754,46.41886],[14.49652,46.41796],[14.49581,46.41732],[14.49579,46.41727],[14.49539,46.41695],[14.49506,46.41653],[14.49442,46.41566],[14.49404,46.41527],[14.49407,46.41494],[14.49416,46.41466],[14.49394,46.4145],[14.49391,46.41436],[14.49378,46.41436],[14.49342,46.41401],[14.493,46.41377],[14.49266,46.41341],[14.49238,46.41317],[14.49221,46.41293],[14.4915,46.41322],[14.49029,46.41344],[14.48947,46.41372],[14.48903,46.41378],[14.48859,46.41389],[14.48815,46.4141],[14.48653,46.41462],[14.48572,46.41473],[14.48445,46.41544],[14.48393,46.41495],[14.48314,46.41477],[14.48239,46.4143],[14.48204,46.41416],[14.4819,46.41415],[14.48158,46.41385],[14.48071,46.41377],[14.48047,46.41366],[14.48018,46.41371],[14.4794,46.41342],[14.47881,46.4135],[14.47852,46.41372],[14.47832,46.41389],[14.47818,46.41452],[14.47834,46.41484],[14.47803,46.41536],[14.47806,46.41594],[14.47818,46.41613],[14.47793,46.417],[14.47803,46.41716],[14.47795,46.41743],[14.47808,46.41766],[14.47825,46.41769],[14.4779,46.41861],[14.47746,46.41883],[14.4772,46.41891],[14.47696,46.41927],[14.47674,46.41937],[14.47643,46.41981],[14.47594,46.4199],[14.4754,46.41963],[14.47374,46.41962],[14.47343,46.41967],[14.47321,46.41986],[14.4724,46.42026],[14.47177,46.42064],[14.47097,46.42082],[14.47001,46.42089],[14.46889,46.42098],[14.46893,46.42123],[14.46848,46.42117],[14.46781,46.42128],[14.46738,46.42157],[14.46743,46.42169],[14.46721,46.42187],[14.46675,46.42197],[14.46583,46.42191],[14.46507,46.42208],[14.4644,46.42204],[14.46381,46.42195],[14.46316,46.42181],[14.46241,46.42164],[14.46214,46.42171],[14.46102,46.42139],[14.45943,46.42128],[14.45882,46.42124],[14.45852,46.42123],[14.4581,46.42119],[14.45786,46.42107],[14.45744,46.42112],[14.45693,46.42118],[14.4565,46.42141],[14.45616,46.42141],[14.4557,46.42152],[14.45425,46.42147],[14.45328,46.42177],[14.45233,46.42219],[14.45211,46.42234],[14.45204,46.42235],[14.45184,46.42241],[14.4515,46.42247],[14.45071,46.42239],[14.45012,46.42226],[14.44867,46.42219],[14.44809,46.42189],[14.44755,46.42168],[14.44676,46.4216],[14.44567,46.42196],[14.44556,46.42216],[14.44523,46.42224],[14.44373,46.42257],[14.44349,46.42264],[14.44326,46.42288],[14.44263,46.42306],[14.44268,46.42331],[14.44234,46.42339],[14.44237,46.42367],[14.44226,46.42369],[14.44183,46.42382],[14.44187,46.424],[14.4417,46.42428],[14.44178,46.42447],[14.44156,46.42518],[14.44151,46.4253],[14.44145,46.42555],[14.44171,46.42612],[14.44183,46.42634],[14.44193,46.42662],[14.44203,46.4268],[14.4422,46.42738],[14.44225,46.42764],[14.44216,46.42768],[14.44204,46.42789],[14.44215,46.42807],[14.4418,46.42836],[14.44174,46.42849],[14.44167,46.42855],[14.44132,46.42849],[14.44063,46.42863],[14.4406,46.42881],[14.44043,46.42877],[14.44033,46.42884],[14.43976,46.42928],[14.43946,46.42954],[14.43921,46.42978],[14.43891,46.42992],[14.43868,46.43023],[14.4385,46.43031],[14.43805,46.43064],[14.43786,46.43067],[14.43773,46.43081],[14.43744,46.43079],[14.43722,46.43092],[14.43702,46.431],[14.43666,46.43096],[14.43635,46.43104],[14.43583,46.43097],[14.43513,46.4312],[14.43514,46.43137],[14.43495,46.43165],[14.43479,46.4317],[14.4345,46.43199],[14.43449,46.43211],[14.43415,46.43278],[14.43396,46.43306],[14.43312,46.43362],[14.43305,46.43378],[14.4328,46.43389],[14.43184,46.43406],[14.43133,46.43421],[14.43107,46.43461],[14.4304,46.43571],[14.43014,46.4361],[14.43019,46.43643],[14.43042,46.43665],[14.43018,46.4372],[14.43027,46.43731],[14.43077,46.43762],[14.43115,46.438],[14.43155,46.43825],[14.43164,46.4389],[14.43182,46.43914],[14.43213,46.43937],[14.43281,46.43951],[14.4332,46.43947],[14.43343,46.43967],[14.43419,46.4401],[14.43462,46.44011],[14.43501,46.44014],[14.43506,46.44016],[14.43515,46.44019],[14.43519,46.44019],[14.43534,46.44018],[14.43543,46.44017],[14.43551,46.44017],[14.43556,46.44017],[14.43561,46.44019],[14.43571,46.44024],[14.43583,46.44027],[14.43592,46.44026],[14.43599,46.44025],[14.43618,46.44016],[14.43633,46.44022],[14.43643,46.44026],[14.43653,46.44029],[14.43663,46.44032],[14.43673,46.44037],[14.43678,46.44041],[14.43682,46.44041],[14.43697,46.44045],[14.43702,46.44045],[14.43707,46.44046],[14.43712,46.44047],[14.43715,46.44051],[14.4372,46.44055],[14.43725,46.44057],[14.43726,46.4406],[14.43728,46.4406],[14.43756,46.44059],[14.43764,46.44061],[14.43784,46.44067],[14.43789,46.44066],[14.43803,46.44063],[14.43809,46.44062],[14.43815,46.44061],[14.43818,46.44062],[14.43822,46.44063],[14.43832,46.44064],[14.43835,46.44065],[14.4384,46.44067],[14.43845,46.44067],[14.4385,46.44068],[14.43853,46.4407],[14.43866,46.44075],[14.4387,46.44078],[14.43871,46.44081],[14.43874,46.44094],[14.43874,46.441],[14.43872,46.44101],[14.43872,46.44104],[14.43872,46.44113],[14.43872,46.44117],[14.43868,46.44121],[14.43866,46.44125],[14.43863,46.44141],[14.43861,46.44146],[14.43852,46.44148],[14.43841,46.44157],[14.4384,46.44161],[14.43838,46.44165],[14.43835,46.44169],[14.43836,46.44172],[14.43837,46.44175],[14.43836,46.44184],[14.43836,46.44186],[14.43831,46.44187],[14.43828,46.44189],[14.43826,46.44192],[14.43827,46.44202],[14.43828,46.44207],[14.43836,46.44217],[14.43842,46.44223],[14.43847,46.44228],[14.43849,46.4423],[14.43852,46.44233],[14.43849,46.44241],[14.43849,46.44247],[14.4385,46.44255],[14.43845,46.44255],[14.4384,46.44257],[14.43834,46.4426],[14.43832,46.44265],[14.43831,46.44267],[14.43834,46.44271],[14.43834,46.44276],[14.43835,46.44277],[14.43838,46.44277],[14.43838,46.44283],[14.43837,46.44287],[14.43837,46.4429],[14.43834,46.44295],[14.43829,46.44296],[14.43824,46.44298],[14.43818,46.44299],[14.43805,46.44303],[14.43797,46.44304],[14.43788,46.44299],[14.43778,46.44301],[14.43776,46.44302],[14.4377,46.44306],[14.43767,46.44308],[14.43765,46.44305],[14.43756,46.443],[14.43753,46.44295],[14.43748,46.44293],[14.43744,46.44291],[14.4374,46.44292],[14.43734,46.44297],[14.43732,46.44297],[14.43728,46.44299],[14.43722,46.44293],[14.43725,46.44284],[14.43726,46.4428],[14.43713,46.44272],[14.43707,46.44272],[14.437,46.44274],[14.43697,46.44277],[14.43693,46.44277],[14.4369,46.44278],[14.43688,46.4428],[14.43683,46.44281],[14.43683,46.44283],[14.43681,46.44284],[14.43678,46.44284],[14.43669,46.44278],[14.43665,46.44276],[14.4366,46.44276],[14.43653,46.44278],[14.43648,46.44276],[14.43644,46.44275],[14.43639,46.44275],[14.43638,46.44274],[14.43635,46.44272],[14.4363,46.44271],[14.43623,46.44271],[14.43617,46.44273],[14.43617,46.44279],[14.43612,46.44279],[14.43605,46.44277],[14.43602,46.44277],[14.43595,46.44282],[14.43589,46.44284],[14.43586,46.44285],[14.43583,46.44287],[14.43573,46.4429],[14.43568,46.44291],[14.43564,46.44291],[14.43557,46.44292],[14.43549,46.44288],[14.43536,46.44279],[14.43532,46.44276],[14.43524,46.44275],[14.43518,46.44272],[14.43512,46.44271],[14.43505,46.44271],[14.43499,46.44272],[14.43495,46.44272],[14.43493,46.44273],[14.4349,46.44275],[14.43484,46.44274],[14.43478,46.44276],[14.43473,46.44278],[14.4347,46.4428],[14.4347,46.44282],[14.43466,46.44284],[14.43459,46.44288],[14.43456,46.44291],[14.4345,46.44295],[14.43453,46.443],[14.43454,46.44303],[14.43455,46.44307],[14.43455,46.44315],[14.43456,46.44319],[14.43453,46.4432],[14.43448,46.44327],[14.43448,46.4433],[14.43445,46.44332],[14.43445,46.44336],[14.43441,46.44338],[14.43436,46.44346],[14.43433,46.44348],[14.43432,46.44359],[14.4343,46.4436],[14.4343,46.44362],[14.43428,46.44365],[14.43403,46.44368],[14.43399,46.44372],[14.43384,46.44377],[14.43381,46.44381],[14.43374,46.44384],[14.43366,46.44385],[14.43358,46.44389],[14.43355,46.44392],[14.43348,46.44395],[14.43344,46.44404],[14.43335,46.44404],[14.43324,46.44402],[14.43314,46.44402],[14.43303,46.444],[14.43296,46.44399],[14.43289,46.44399],[14.43288,46.44401],[14.43287,46.44401],[14.43286,46.44403],[14.43284,46.44403],[14.43278,46.44405],[14.43275,46.44419],[14.43233,46.44471],[14.43189,46.44518],[14.43149,46.44555],[14.43103,46.44585],[14.42995,46.44669],[14.42961,46.44704],[14.42956,46.44704],[14.42947,46.44703],[14.42944,46.44702],[14.4294,46.44701],[14.42935,46.447],[14.42929,46.44701],[14.42927,46.447],[14.42925,46.44697],[14.42923,46.44696],[14.42914,46.44693],[14.42913,46.44693],[14.42908,46.44694],[14.42905,46.44694],[14.429,46.44693],[14.4289,46.44692],[14.42885,46.44692],[14.42869,46.44687],[14.42862,46.44687],[14.4286,46.44686],[14.4286,46.44685],[14.42862,46.44682],[14.42862,46.44681],[14.42862,46.44677],[14.4286,46.44675],[14.42851,46.44676],[14.42849,46.44675],[14.42842,46.44674],[14.42829,46.44673],[14.42819,46.44669],[14.42817,46.44669],[14.42812,46.4467],[14.42799,46.44669],[14.42789,46.44668],[14.42783,46.44666],[14.4278,46.44662],[14.42777,46.44662],[14.42774,46.44662],[14.42771,46.44661],[14.42768,46.44659],[14.42767,46.44656],[14.42766,46.44655],[14.42764,46.44654],[14.42758,46.44654],[14.42756,46.44653],[14.42756,46.44651],[14.42753,46.4465],[14.42745,46.44651],[14.42744,46.44649],[14.42743,46.44646],[14.42744,46.44643],[14.42746,46.44642],[14.42745,46.44638],[14.42738,46.44636],[14.42735,46.44633],[14.42716,46.44633],[14.4271,46.44634],[14.42707,46.44635],[14.42706,46.44637],[14.42708,46.44643],[14.42706,46.44644],[14.42694,46.44644],[14.42683,46.44646],[14.42679,46.44645],[14.42674,46.44643],[14.42669,46.44642],[14.42664,46.44639],[14.42659,46.44638],[14.42648,46.44637],[14.42646,46.44635],[14.42642,46.44633],[14.42635,46.44629],[14.42622,46.4462],[14.42619,46.44619],[14.42616,46.44618],[14.42613,46.44615],[14.42612,46.44614],[14.42611,46.44607],[14.42608,46.44608],[14.42605,46.44608],[14.426,46.44607],[14.42595,46.44606],[14.42591,46.44599],[14.42589,46.44595],[14.42584,46.44593],[14.42579,46.4459],[14.42572,46.44588],[14.42565,46.44588],[14.42556,46.44589],[14.42551,46.44591],[14.4255,46.44591],[14.42548,46.44591],[14.42546,46.44591],[14.42544,46.44591],[14.4254,46.44592],[14.42536,46.44592],[14.42522,46.44587],[14.42519,46.44586],[14.42517,46.44584],[14.42516,46.44582],[14.42515,46.44576],[14.42515,46.44571],[14.42515,46.44569],[14.42514,46.44568],[14.42502,46.44567],[14.425,46.44565],[14.42498,46.44565],[14.42495,46.44564],[14.42492,46.44565],[14.42492,46.44566],[14.42488,46.44565],[14.42478,46.44565],[14.42475,46.44563],[14.42473,46.44564],[14.42468,46.44566],[14.42463,46.44567],[14.42461,46.44567],[14.42458,46.44569],[14.42456,46.44569],[14.42453,46.44569],[14.4245,46.44571],[14.42435,46.4457],[14.4243,46.44568],[14.42425,46.44567],[14.42427,46.44558],[14.42424,46.44556],[14.42419,46.44552],[14.42415,46.44551],[14.42405,46.44549],[14.42403,46.44547],[14.42399,46.44545],[14.42398,46.44545],[14.42395,46.44546],[14.42393,46.44547],[14.42385,46.44546],[14.4238,46.44546],[14.42378,46.44546],[14.42377,46.44546],[14.42373,46.44543],[14.42368,46.44543],[14.42362,46.44539],[14.42357,46.44537],[14.42353,46.44536],[14.42349,46.44536],[14.42347,46.44537],[14.42346,46.44538],[14.42343,46.44541],[14.42341,46.44542],[14.42338,46.44542],[14.42332,46.4454],[14.42323,46.44539],[14.42317,46.44544],[14.42312,46.44544],[14.42309,46.44543],[14.42304,46.44543],[14.42302,46.44543],[14.42294,46.44545],[14.42291,46.44546],[14.42289,46.44546],[14.42285,46.44545],[14.42279,46.44545],[14.42278,46.44546],[14.42277,46.44546],[14.42277,46.44549],[14.42273,46.44552],[14.42267,46.44551],[14.42256,46.44549],[14.42245,46.44551],[14.42241,46.44552],[14.42239,46.44552],[14.42237,46.44551],[14.42236,46.44551],[14.42234,46.44552],[14.42232,46.44552],[14.42222,46.44552],[14.4222,46.44552],[14.42216,46.44555],[14.42214,46.44556],[14.42211,46.44556],[14.42206,46.44555],[14.42203,46.44556],[14.42201,46.44557],[14.42195,46.44554],[14.42193,46.44554],[14.42192,46.44552],[14.42184,46.44548],[14.42182,46.44549],[14.42181,46.44551],[14.42179,46.44552],[14.42177,46.44553],[14.42174,46.44553],[14.4217,46.44553],[14.42169,46.44552],[14.42167,46.4455],[14.42165,46.4455],[14.4216,46.4455],[14.42159,46.44552],[14.42157,46.44554],[14.42155,46.44554],[14.42154,46.44555],[14.42149,46.44554],[14.42143,46.44556],[14.4214,46.44556],[14.42139,46.44557],[14.42136,46.44557],[14.42135,46.44558],[14.42131,46.44559],[14.42127,46.4456],[14.42124,46.4456],[14.42121,46.44561],[14.42101,46.44564],[14.421,46.44564],[14.42099,46.44568],[14.42091,46.44571],[14.42088,46.44573],[14.42088,46.44575],[14.4208,46.44576],[14.42073,46.44575],[14.42072,46.44575],[14.4207,46.44576],[14.42068,46.44576],[14.42065,46.44576],[14.42062,46.44576],[14.42059,46.44577],[14.42058,46.44575],[14.42055,46.44572],[14.42054,46.44572],[14.42053,46.44572],[14.42049,46.4457],[14.42046,46.44571],[14.42042,46.44571],[14.42038,46.44571],[14.42037,46.44571],[14.42033,46.44573],[14.42031,46.44573],[14.42022,46.44572],[14.42018,46.44571],[14.42016,46.44571],[14.42013,46.44567],[14.42008,46.44563],[14.41999,46.44562],[14.41997,46.44562],[14.41991,46.44562],[14.41983,46.44562],[14.41981,46.44562],[14.41979,46.44563],[14.41979,46.44564],[14.41979,46.44565],[14.41976,46.44567],[14.4197,46.44568],[14.41957,46.44568],[14.41955,46.44566],[14.41954,46.44566],[14.41947,46.44567],[14.41936,46.44566],[14.41929,46.44564],[14.41914,46.44563],[14.41907,46.44562],[14.41904,46.44562],[14.41902,46.44563],[14.41899,46.44562],[14.41895,46.44563],[14.41893,46.44563],[14.41892,46.44563],[14.41887,46.44562],[14.41876,46.44559],[14.41873,46.44559],[14.4187,46.44559],[14.41867,46.44558],[14.41861,46.44558],[14.41851,46.44561],[14.41848,46.4456],[14.41845,46.4456],[14.41835,46.44564],[14.41833,46.44565],[14.41828,46.44567],[14.41822,46.44566],[14.4182,46.44565],[14.41814,46.44565],[14.41809,46.4455],[14.41805,46.44568],[14.41802,46.44569],[14.41796,46.44574],[14.41793,46.44574],[14.41788,46.44574],[14.41786,46.44573],[14.4178,46.44569],[14.41779,46.44558],[14.41775,46.44559],[14.41772,46.44559],[14.4177,46.44559],[14.41767,46.4456],[14.41766,46.44559],[14.41765,46.44559],[14.41764,46.44561],[14.41763,46.44561],[14.41762,46.44561],[14.4176,46.44561],[14.41758,46.44559],[14.41756,46.44559],[14.41751,46.44558],[14.41749,46.44554],[14.41747,46.44552],[14.41745,46.44552],[14.41743,46.44554],[14.4174,46.44556],[14.41735,46.44555],[14.41732,46.44556],[14.41732,46.44554],[14.41731,46.4455],[14.41729,46.4455],[14.41727,46.44549],[14.41725,46.44549],[14.41721,46.44548],[14.41715,46.4455],[14.41713,46.4455],[14.41712,46.44551],[14.41713,46.44553],[14.41712,46.44555],[14.41711,46.44554],[14.41707,46.44554],[14.41703,46.44554],[14.41696,46.44553],[14.41693,46.44553],[14.41689,46.44554],[14.4168,46.44555],[14.41675,46.44553],[14.4167,46.44552],[14.41669,46.44552],[14.41667,46.44552],[14.41665,46.44553],[14.41665,46.44556],[14.41664,46.44556],[14.41661,46.44557],[14.41661,46.44559],[14.41653,46.44561],[14.41646,46.4456],[14.41646,46.44559],[14.41642,46.44559],[14.41637,46.44558],[14.41634,46.44558],[14.41628,46.44555],[14.41627,46.44554],[14.41626,46.44553],[14.41621,46.44553],[14.41617,46.4455],[14.41613,46.4455],[14.4161,46.4455],[14.41606,46.44553],[14.41602,46.44555],[14.41599,46.44555],[14.41596,46.44554],[14.41594,46.44554],[14.41593,46.44554],[14.41588,46.44554],[14.41585,46.44552],[14.41584,46.44552],[14.41583,46.44553],[14.41581,46.44553],[14.41575,46.44552],[14.41571,46.44549],[14.41568,46.4455],[14.41566,46.44551],[14.41562,46.44552],[14.41558,46.44553],[14.4155,46.44552],[14.41545,46.44551],[14.41544,46.44551],[14.41539,46.44554],[14.41537,46.44554],[14.41535,46.44555],[14.41531,46.44555],[14.41524,46.44554],[14.41522,46.44555],[14.41516,46.44557],[14.41515,46.44557],[14.41513,46.44556],[14.41511,46.44558],[14.41508,46.44557],[14.41503,46.44559],[14.41499,46.44559],[14.41498,46.4456],[14.41498,46.44562],[14.41496,46.44564],[14.41492,46.44566],[14.4149,46.44569],[14.41487,46.44572],[14.41482,46.44574],[14.41479,46.44574],[14.41471,46.44577],[14.41468,46.44577],[14.41464,46.44575],[14.41458,46.44575],[14.41457,46.44573],[14.41442,46.44575],[14.41437,46.44575],[14.41435,46.44575],[14.41432,46.44574],[14.41427,46.44574],[14.41424,46.44576],[14.4142,46.44576],[14.4142,46.44577],[14.41417,46.44578],[14.41414,46.44579],[14.41412,46.44578],[14.41408,46.44579],[14.41398,46.44578],[14.41396,46.44579],[14.41387,46.44579],[14.41385,46.44578],[14.4138,46.44578],[14.41373,46.44574],[14.41366,46.44571],[14.41364,46.44571],[14.41362,46.4457],[14.41359,46.44571],[14.41356,46.44571],[14.41352,46.44572],[14.41349,46.4457],[14.41348,46.44568],[14.41343,46.44568],[14.41342,46.44566],[14.4134,46.44565],[14.41336,46.44565],[14.41332,46.44564],[14.4133,46.44564],[14.41323,46.44561],[14.4132,46.4456],[14.41317,46.4456],[14.41315,46.44557],[14.41313,46.44556],[14.4131,46.44556],[14.41307,46.44557],[14.41303,46.44556],[14.41301,46.44557],[14.41299,46.44556],[14.41294,46.44555],[14.41292,46.44556],[14.41289,46.44556],[14.41287,46.44556],[14.41281,46.44555],[14.41278,46.44556],[14.41275,46.44558],[14.41273,46.44558],[14.41271,46.44558],[14.41266,46.44557],[14.41258,46.44558],[14.41251,46.44557],[14.41249,46.44556],[14.41247,46.44555],[14.4124,46.44556],[14.41237,46.44552],[14.41235,46.4455],[14.41235,46.44548],[14.41234,46.44546],[14.4123,46.44546],[14.41227,46.44549],[14.41224,46.44549],[14.41222,46.44548],[14.4122,46.44549],[14.41212,46.44552],[14.41208,46.44551],[14.41203,46.44554],[14.41198,46.44554],[14.41186,46.44552],[14.41184,46.44553],[14.41181,46.44553],[14.41179,46.44554],[14.41173,46.4456],[14.4117,46.44564],[14.41168,46.44566],[14.41168,46.44569],[14.41169,46.44572],[14.41175,46.44577],[14.41175,46.44579],[14.41176,46.44582],[14.41176,46.44586],[14.41176,46.44598],[14.41178,46.44604],[14.41179,46.44605],[14.41181,46.44609],[14.41179,46.4461],[14.41176,46.44614],[14.41175,46.44618],[14.41173,46.4462],[14.41169,46.4462],[14.41161,46.44622],[14.41155,46.44625],[14.41141,46.4463],[14.4114,46.4463],[14.41137,46.44629],[14.41135,46.44632],[14.41133,46.44633],[14.41133,46.44635],[14.41123,46.44638],[14.41121,46.44639],[14.41117,46.4464],[14.41109,46.44638],[14.41103,46.44639],[14.41101,46.44639],[14.41099,46.44641],[14.41098,46.44644],[14.41094,46.44644],[14.41093,46.44646],[14.41087,46.44646],[14.41083,46.44647],[14.41083,46.44648],[14.41075,46.44649],[14.41071,46.44648],[14.41065,46.44649],[14.41061,46.44649],[14.4106,46.44647],[14.41056,46.44646],[14.41054,46.44647],[14.41045,46.44646],[14.41034,46.44645],[14.41018,46.44645],[14.41005,46.44642],[14.40985,46.44641],[14.40975,46.44639],[14.40968,46.44638],[14.40958,46.44637],[14.40953,46.44631],[14.40951,46.44627],[14.40951,46.44624],[14.4095,46.4462],[14.40948,46.44618],[14.40948,46.44616],[14.40949,46.44614],[14.40949,46.44609],[14.40948,46.44607],[14.40945,46.44605],[14.4094,46.44604],[14.40939,46.44598],[14.40939,46.4458],[14.40939,46.44578],[14.40937,46.44574],[14.40935,46.44571],[14.40932,46.4457],[14.40927,46.44568],[14.40926,46.44566],[14.40923,46.44564],[14.40916,46.44561],[14.40914,46.44558],[14.40913,46.44555],[14.40909,46.44549],[14.40898,46.44545],[14.40888,46.44539],[14.40885,46.44537],[14.40883,46.44537],[14.40883,46.44538],[14.40877,46.44541],[14.40874,46.44542],[14.40865,46.44543],[14.40862,46.44543],[14.40859,46.44539],[14.40856,46.44537],[14.40854,46.44538],[14.40851,46.44538],[14.40846,46.4454],[14.40838,46.44541],[14.40825,46.44541],[14.40804,46.4454],[14.408,46.44539],[14.40796,46.44536],[14.40794,46.44533],[14.40791,46.44527],[14.40789,46.44526],[14.40787,46.44526],[14.40785,46.44528],[14.40784,46.44529],[14.40781,46.44528],[14.4078,46.44528],[14.40779,46.44525],[14.40777,46.44524],[14.40775,46.44523],[14.40773,46.44524],[14.40773,46.44526],[14.40772,46.44526],[14.4077,46.44528],[14.40767,46.44528],[14.40763,46.44524],[14.40758,46.44522],[14.40754,46.44522],[14.40742,46.44521],[14.40734,46.44519],[14.4073,46.44517],[14.40727,46.44514],[14.40723,46.44513],[14.40711,46.44514],[14.40706,46.44514],[14.40691,46.44514],[14.40686,46.44514],[14.40684,46.44511],[14.40678,46.44508],[14.40671,46.44509],[14.40656,46.44509],[14.40656,46.44507],[14.40655,46.44501],[14.40653,46.44501],[14.40653,46.445],[14.40646,46.44496],[14.40638,46.44494],[14.40633,46.44494],[14.40626,46.44494],[14.40621,46.44493],[14.40604,46.44495],[14.40599,46.44497],[14.40591,46.445],[14.40586,46.44501],[14.40581,46.44501],[14.40569,46.44497],[14.40563,46.44496],[14.40556,46.44495],[14.4055,46.44496],[14.40543,46.44496],[14.40536,46.44489],[14.4053,46.4449],[14.40516,46.44494],[14.40516,46.44489],[14.40515,46.44486],[14.40512,46.44481],[14.40509,46.44479],[14.40501,46.44479],[14.40494,46.44478],[14.40488,46.44476],[14.40484,46.44476],[14.40479,46.44478],[14.40475,46.44477],[14.40458,46.44471],[14.40454,46.44469],[14.40447,46.44466],[14.40442,46.44464],[14.40437,46.44462],[14.40426,46.44455],[14.40422,46.44455],[14.40408,46.44456],[14.40401,46.44457],[14.40391,46.44462],[14.40387,46.44465],[14.40381,46.44468],[14.40374,46.4447],[14.40368,46.44471],[14.40352,46.4447],[14.40344,46.4447],[14.40336,46.44471],[14.4033,46.44474],[14.4032,46.44477],[14.40305,46.44483],[14.40296,46.44486],[14.40291,46.44486],[14.40282,46.44486],[14.40267,46.44487],[14.40259,46.44485],[14.40254,46.44483],[14.40251,46.44481],[14.40247,46.44479],[14.40242,46.44478],[14.40237,46.44478],[14.40225,46.4448],[14.40221,46.44483],[14.40216,46.44485],[14.40207,46.44487],[14.40201,46.44487],[14.40184,46.44484],[14.40177,46.44484],[14.40169,46.44484],[14.40163,46.44486],[14.40156,46.44487],[14.4015,46.44486],[14.40142,46.44484],[14.40131,46.44481],[14.40122,46.44479],[14.40117,46.44475],[14.40105,46.44473],[14.40099,46.4447],[14.40096,46.44468],[14.40091,46.44466],[14.40086,46.44465],[14.40081,46.44463],[14.4008,46.44461],[14.40074,46.44458],[14.40071,46.44458],[14.40063,46.44459],[14.40058,46.44458],[14.40048,46.44457],[14.40037,46.44457],[14.40032,46.44458],[14.40025,46.44458],[14.4002,46.44459],[14.40017,46.44458],[14.40021,46.44451],[14.4002,46.44449],[14.40016,46.44446],[14.40004,46.44442],[14.39987,46.44442],[14.3998,46.4444],[14.39968,46.44437],[14.39962,46.44437],[14.39959,46.44436],[14.39944,46.44435],[14.39931,46.44433],[14.39925,46.44436],[14.3992,46.44437],[14.39913,46.44438],[14.39903,46.44439],[14.39895,46.44439],[14.3989,46.44438],[14.39886,46.44439],[14.39882,46.44441],[14.39864,46.44446],[14.39858,46.44446],[14.39848,46.44446],[14.39844,46.44447],[14.39817,46.44415],[14.39814,46.44414],[14.39805,46.44416],[14.39797,46.44416],[14.39789,46.44416],[14.39772,46.44414],[14.39764,46.44415],[14.39759,46.44414],[14.39755,46.44414],[14.39749,46.44413],[14.3974,46.44412],[14.39731,46.44411],[14.39725,46.4441],[14.39715,46.44407],[14.39708,46.44403],[14.39705,46.44401],[14.39702,46.44403],[14.39698,46.44402],[14.39692,46.44397],[14.39689,46.44399],[14.39678,46.44397],[14.39673,46.44398],[14.39668,46.44397],[14.39655,46.44396],[14.39655,46.44395],[14.39654,46.44393],[14.39651,46.44393],[14.39646,46.44395],[14.39639,46.44395],[14.39637,46.44394],[14.39635,46.44392],[14.39634,46.44389],[14.39634,46.44386],[14.39633,46.44385],[14.39613,46.44372],[14.3961,46.44371],[14.39607,46.44371],[14.39603,46.44366],[14.39599,46.4436],[14.39596,46.44357],[14.39591,46.44356],[14.39586,46.44353],[14.39583,46.44351],[14.39569,46.44342],[14.39567,46.44339],[14.39564,46.44332],[14.39563,46.44331],[14.3956,46.4433],[14.39553,46.44329],[14.39548,46.44331],[14.39545,46.4433],[14.3954,46.44332],[14.39537,46.44331],[14.39528,46.44333],[14.39523,46.44334],[14.39518,46.44333],[14.39517,46.44334],[14.39516,46.44337],[14.39506,46.44343],[14.39503,46.44343],[14.395,46.44341],[14.395,46.44338],[14.39493,46.44335],[14.3949,46.44334],[14.39486,46.44334],[14.39472,46.44334],[14.39469,46.44333],[14.39466,46.44333],[14.39461,46.44333],[14.39453,46.44333],[14.39445,46.4433],[14.3944,46.44328],[14.39438,46.44326],[14.39437,46.44325],[14.39438,46.44324],[14.39439,46.44323],[14.39438,46.44321],[14.39437,46.4432],[14.39428,46.44314],[14.39426,46.44312],[14.39425,46.44309],[14.39422,46.44307],[14.3942,46.44306],[14.39415,46.44306],[14.3941,46.44305],[14.39406,46.44305],[14.394,46.44307],[14.39397,46.44309],[14.39393,46.44309],[14.39387,46.44307],[14.39386,46.44306],[14.39385,46.44302],[14.39383,46.44299],[14.3938,46.44298],[14.39375,46.44297],[14.39367,46.44296],[14.39364,46.44294],[14.39361,46.44293],[14.39353,46.44292],[14.39349,46.44292],[14.39344,46.44288],[14.39341,46.44284],[14.39335,46.44282],[14.3932,46.4428],[14.39315,46.44279],[14.39302,46.44277],[14.39299,46.44277],[14.39294,46.44275],[14.39292,46.44274],[14.39287,46.44271],[14.39283,46.44268],[14.39275,46.44265],[14.39272,46.44263],[14.39267,46.44259],[14.39259,46.44254],[14.39256,46.44257],[14.39254,46.44258],[14.39242,46.44256],[14.39235,46.44249],[14.3923,46.44246],[14.39225,46.44245],[14.3922,46.44245],[14.39204,46.44249],[14.39192,46.44242],[14.39188,46.4424],[14.39183,46.44238],[14.3918,46.44237],[14.39169,46.44234],[14.39159,46.44229],[14.39152,46.44229],[14.39142,46.44224],[14.39127,46.44218],[14.39121,46.44216],[14.3911,46.44214],[14.39106,46.44212],[14.39093,46.44208],[14.39088,46.44208],[14.3908,46.4421],[14.39072,46.44208],[14.39067,46.44206],[14.39064,46.44204],[14.39058,46.44202],[14.39053,46.44201],[14.39037,46.44199],[14.3903,46.44198],[14.39022,46.44198],[14.39016,46.44198],[14.38996,46.44199],[14.3897,46.44201],[14.38957,46.44201],[14.38951,46.442],[14.38947,46.44199],[14.38942,46.44197],[14.38939,46.44194],[14.38934,46.44193],[14.38928,46.44189],[14.38917,46.44183],[14.38913,46.4418],[14.38904,46.44168],[14.38901,46.44165],[14.38892,46.44158],[14.38888,46.4415],[14.38885,46.44148],[14.3888,46.44141],[14.38876,46.44139],[14.38868,46.44138],[14.38864,46.44136],[14.38858,46.44135],[14.3885,46.44134],[14.38847,46.44133],[14.38844,46.44131],[14.38841,46.44128],[14.38829,46.4412],[14.38825,46.44118],[14.3882,46.44117],[14.38811,46.44114],[14.38806,46.44112],[14.38801,46.4411],[14.38798,46.44108],[14.38794,46.44105],[14.38783,46.44102],[14.38782,46.441],[14.38772,46.44097],[14.38769,46.44096],[14.38764,46.44096],[14.38759,46.44096],[14.38746,46.44095],[14.38734,46.44094],[14.38728,46.44092],[14.38724,46.4409],[14.38721,46.44088],[14.3872,46.44087],[14.3872,46.44084],[14.38721,46.44082],[14.38725,46.44079],[14.38725,46.44077],[14.38723,46.44075],[14.3872,46.44074],[14.38717,46.44074],[14.38714,46.44074],[14.38711,46.44075],[14.38706,46.44076],[14.38696,46.44076],[14.38689,46.44078],[14.38687,46.44077],[14.38682,46.44074],[14.3868,46.44072],[14.38675,46.44072],[14.3867,46.44072],[14.38669,46.44067],[14.38625,46.44018],[14.38619,46.44014],[14.3862,46.44012],[14.38608,46.44007],[14.38602,46.44006],[14.38598,46.44006],[14.38583,46.4401],[14.38578,46.4401],[14.38573,46.4401],[14.38562,46.44008],[14.38556,46.44008],[14.38551,46.44008],[14.38546,46.44009],[14.3854,46.44009],[14.38531,46.44007],[14.38527,46.44008],[14.38522,46.44009],[14.38501,46.44007],[14.38489,46.44007],[14.38482,46.44005],[14.38473,46.44005],[14.38467,46.44006],[14.38462,46.44008],[14.3846,46.4401],[14.38441,46.44008],[14.38431,46.44008],[14.38425,46.44008],[14.38418,46.44007],[14.38411,46.44005],[14.38405,46.44004],[14.38394,46.44004],[14.3839,46.44003],[14.38386,46.44001],[14.38381,46.43999],[14.38377,46.43996],[14.38363,46.43993],[14.38359,46.43991],[14.38355,46.43985],[14.38351,46.43984],[14.3834,46.43981],[14.38328,46.43981],[14.38309,46.43977],[14.38299,46.43975],[14.38292,46.43973],[14.38281,46.43968],[14.38275,46.43965],[14.38266,46.43957],[14.38259,46.43953],[14.38256,46.4395],[14.38253,46.43946],[14.38251,46.43942],[14.38242,46.43937],[14.38239,46.43934],[14.38229,46.43923],[14.38224,46.43918],[14.38219,46.43914],[14.38212,46.43913],[14.38206,46.43913],[14.38199,46.43914],[14.38178,46.43912],[14.38173,46.4391],[14.3817,46.4391],[14.38165,46.43909],[14.38158,46.4391],[14.38155,46.43909],[14.38149,46.43909],[14.38147,46.43909],[14.38146,46.43908],[14.38141,46.43907],[14.38138,46.43905],[14.38133,46.43904],[14.3813,46.43904],[14.38125,46.43905],[14.38116,46.43908],[14.38108,46.4391],[14.38103,46.43912],[14.38097,46.43913],[14.38095,46.43913],[14.38092,46.43913],[14.38088,46.43915],[14.38087,46.43916],[14.38078,46.43921],[14.38077,46.43921],[14.38073,46.43922],[14.38072,46.43923],[14.38065,46.43926],[14.38058,46.43932],[14.38058,46.43937],[14.38058,46.4394],[14.38052,46.43938],[14.38049,46.43938],[14.38045,46.43936],[14.3804,46.43936],[14.38036,46.43937],[14.38026,46.43931],[14.3802,46.43926],[14.38015,46.43925],[14.3801,46.43925],[14.38007,46.43925],[14.38001,46.43926],[14.37997,46.43927],[14.37989,46.43926],[14.37985,46.43926],[14.37983,46.43927],[14.37974,46.43925],[14.37972,46.43927],[14.37969,46.43927],[14.37966,46.43926],[14.37962,46.43924],[14.37955,46.43923],[14.3795,46.43923],[14.37948,46.43922],[14.37947,46.43922],[14.37944,46.43924],[14.3794,46.43926],[14.37935,46.43929],[14.37933,46.4393],[14.3793,46.4393],[14.37928,46.43929],[14.37926,46.43929],[14.37925,46.4393],[14.37922,46.43929],[14.37919,46.43928],[14.37917,46.43929],[14.37915,46.43928],[14.37909,46.43927],[14.37906,46.43926],[14.37905,46.43924],[14.37903,46.43924],[14.37902,46.43925],[14.37898,46.43927],[14.37895,46.43925],[14.37892,46.43926],[14.3789,46.43925],[14.37888,46.43923],[14.37885,46.43924],[14.37883,46.43923],[14.3788,46.43923],[14.37879,46.43921],[14.37876,46.43918],[14.37871,46.43917],[14.3787,46.43914],[14.37869,46.43913],[14.37868,46.43912],[14.37863,46.43913],[14.37862,46.43913],[14.37861,46.4391],[14.37857,46.43914],[14.37852,46.43916],[14.37842,46.43918],[14.37839,46.43918],[14.37837,46.43918],[14.37833,46.4392],[14.3783,46.43921],[14.37828,46.43922],[14.37825,46.43922],[14.37822,46.43921],[14.37816,46.43921],[14.3781,46.43921],[14.37807,46.4392],[14.37806,46.43921],[14.37804,46.43923],[14.37801,46.43923],[14.378,46.43925],[14.37798,46.43925],[14.37795,46.43927],[14.3779,46.43928],[14.37787,46.43928],[14.37783,46.43929],[14.3778,46.43931],[14.37774,46.43932],[14.37772,46.43933],[14.37768,46.43937],[14.37763,46.43938],[14.37761,46.43937],[14.37758,46.43939],[14.37756,46.4394],[14.3775,46.43938],[14.37746,46.43939],[14.37739,46.43945],[14.37732,46.43949],[14.37729,46.43949],[14.37727,46.43951],[14.37723,46.43951],[14.37715,46.43953],[14.37712,46.43953],[14.37708,46.43954],[14.37703,46.43955],[14.37694,46.43958],[14.37693,46.43956],[14.37691,46.43956],[14.37688,46.43955],[14.3768,46.43954],[14.37668,46.43958],[14.3766,46.43959],[14.37659,46.4396],[14.37655,46.43957],[14.37653,46.43957],[14.37651,46.43959],[14.37649,46.4396],[14.37648,46.43962],[14.37643,46.43963],[14.3764,46.43962],[14.37636,46.43964],[14.37636,46.43965],[14.37632,46.43965],[14.37631,46.43967],[14.3763,46.4397],[14.37636,46.43973],[14.37633,46.43975],[14.37629,46.43977],[14.37627,46.43974],[14.37624,46.43972],[14.3762,46.4397],[14.37616,46.43969],[14.37606,46.4397],[14.37603,46.43971],[14.37599,46.43971],[14.37594,46.43971],[14.37588,46.43971],[14.3758,46.4397],[14.37579,46.43968],[14.37579,46.43965],[14.37575,46.43964],[14.37572,46.43965],[14.37568,46.43965],[14.37565,46.43967],[14.37557,46.43967],[14.37552,46.43967],[14.37546,46.43969],[14.37543,46.43971],[14.37532,46.43965],[14.37521,46.43963],[14.37515,46.43961],[14.37505,46.43958],[14.37501,46.43957],[14.37495,46.43957],[14.37489,46.43956],[14.37484,46.43955],[14.37479,46.43954],[14.37467,46.43954],[14.37444,46.43956],[14.37435,46.43957],[14.3743,46.43959],[14.37417,46.43965],[14.37414,46.43966],[14.37411,46.43966],[14.37408,46.43964],[14.37404,46.43964],[14.37386,46.43964],[14.37372,46.43966],[14.37369,46.43958],[14.37366,46.43955],[14.37363,46.43954],[14.37334,46.4395],[14.37319,46.43947],[14.37314,46.43946],[14.37308,46.43946],[14.37296,46.43947],[14.37279,46.43949],[14.37252,46.43954],[14.37226,46.43959],[14.37218,46.4396],[14.37212,46.4396],[14.37205,46.43959],[14.372,46.43959],[14.37193,46.4396],[14.37185,46.43962],[14.37167,46.43967],[14.37145,46.4397],[14.37136,46.43973],[14.37126,46.43974],[14.37115,46.43978],[14.37109,46.43983],[14.37103,46.43983],[14.37088,46.43983],[14.37069,46.43982],[14.37061,46.43982],[14.37053,46.43983],[14.37044,46.43982],[14.37036,46.43983],[14.37023,46.43984],[14.37009,46.43984],[14.37002,46.43983],[14.36994,46.43982],[14.36958,46.4398],[14.36952,46.43979],[14.36946,46.43978],[14.36939,46.43977],[14.36908,46.43975],[14.36902,46.43975],[14.36893,46.43976],[14.36874,46.43979],[14.36858,46.43981],[14.36845,46.43983],[14.36837,46.43984],[14.36838,46.43975],[14.36837,46.43971],[14.36836,46.43967],[14.3683,46.43958],[14.36825,46.43954],[14.36813,46.43949],[14.36808,46.43946],[14.36798,46.43939],[14.36796,46.43937],[14.36797,46.43928],[14.36796,46.43925],[14.36789,46.43914],[14.36792,46.43904],[14.36792,46.43901],[14.36791,46.43897],[14.3679,46.43894],[14.36788,46.43891],[14.36783,46.43887],[14.3678,46.43883],[14.36775,46.4388],[14.36765,46.43874],[14.36762,46.43873],[14.36751,46.43874],[14.36745,46.43875],[14.36739,46.43875],[14.36723,46.43872],[14.36717,46.4387],[14.36712,46.43869],[14.36703,46.43869],[14.36697,46.43868],[14.36688,46.43863],[14.36674,46.43858],[14.36649,46.43856],[14.36633,46.43854],[14.36625,46.43853],[14.36614,46.43852],[14.36602,46.43855],[14.36598,46.43857],[14.36595,46.43858],[14.36588,46.43862],[14.36584,46.43869],[14.36579,46.43872],[14.36573,46.43873],[14.36567,46.43874],[14.36564,46.43871],[14.36558,46.43865],[14.3655,46.43859],[14.3654,46.43853],[14.36534,46.4385],[14.36528,46.43849],[14.36524,46.43847],[14.36522,46.43842],[14.36511,46.43829],[14.36506,46.43827],[14.36499,46.43826],[14.36482,46.43823],[14.36464,46.43822],[14.36446,46.43821],[14.36437,46.43822],[14.36422,46.43822],[14.36418,46.43822],[14.36411,46.43826],[14.36406,46.43828],[14.36397,46.43833],[14.36392,46.43834],[14.36387,46.43832],[14.36385,46.43833],[14.36384,46.43835],[14.36376,46.43841],[14.36366,46.43844],[14.36364,46.43844],[14.36355,46.43848],[14.36354,46.43849],[14.36353,46.43852],[14.3635,46.43855],[14.36341,46.43858],[14.36338,46.43857],[14.36334,46.43857],[14.3632,46.43861],[14.3631,46.43857],[14.36298,46.43856],[14.36286,46.43857],[14.36282,46.43855],[14.36274,46.43854],[14.36264,46.43851],[14.36257,46.43848],[14.36252,46.43847],[14.36239,46.43851],[14.36227,46.43851],[14.36223,46.4385],[14.36218,46.43848],[14.36213,46.43845],[14.36208,46.43845],[14.36197,46.43844],[14.36189,46.43845],[14.36184,46.43843],[14.36181,46.43839],[14.36173,46.43836],[14.36172,46.43833],[14.36169,46.43829],[14.36164,46.43827],[14.36159,46.43827],[14.36153,46.43829],[14.36146,46.43829],[14.36115,46.4383],[14.36099,46.43833],[14.36094,46.43837],[14.36092,46.43838],[14.36083,46.43838],[14.36078,46.4384],[14.36073,46.43843],[14.36065,46.43846],[14.36058,46.4385],[14.36053,46.43852],[14.36047,46.43851],[14.3603,46.43855],[14.36022,46.43857],[14.36018,46.43859],[14.36007,46.43861],[14.35991,46.43863],[14.35976,46.43863],[14.35971,46.43863],[14.35968,46.43863],[14.35961,46.43869],[14.35954,46.43868],[14.35948,46.43867],[14.35935,46.43865],[14.35917,46.43863],[14.3591,46.43862],[14.35899,46.4386],[14.3589,46.43861],[14.35871,46.43862],[14.35866,46.43862],[14.35861,46.43862],[14.35851,46.4386],[14.35846,46.4386],[14.35844,46.43862],[14.35839,46.43861],[14.35816,46.43859],[14.35809,46.43855],[14.35792,46.43854],[14.35791,46.43852],[14.35789,46.43851],[14.35785,46.43851],[14.35782,46.43852],[14.35771,46.43852],[14.35758,46.4385],[14.3575,46.4385],[14.35745,46.43852],[14.3574,46.43853],[14.35723,46.43856],[14.35712,46.43858],[14.35703,46.43859],[14.35694,46.43861],[14.35684,46.43864],[14.35661,46.4387],[14.35653,46.43874],[14.3565,46.43874],[14.35646,46.43874],[14.35642,46.43873],[14.35643,46.4387],[14.35644,46.43865],[14.35646,46.43863],[14.35646,46.43861],[14.35645,46.43858],[14.35644,46.43855],[14.35643,46.43853],[14.3564,46.43853],[14.35626,46.43858],[14.35616,46.43859],[14.35608,46.4386],[14.35605,46.4386],[14.35594,46.4386],[14.35589,46.4386],[14.35586,46.43859],[14.35577,46.4386],[14.35572,46.43861],[14.35568,46.43859],[14.35563,46.43855],[14.35561,46.43854],[14.35557,46.43852],[14.35551,46.43851],[14.35548,46.43849],[14.35546,46.43847],[14.3554,46.43847],[14.35536,46.43845],[14.35533,46.43843],[14.3553,46.43842],[14.35527,46.43841],[14.35524,46.43842],[14.35523,46.43838],[14.35522,46.43837],[14.3552,46.43834],[14.35518,46.43832],[14.35509,46.43827],[14.35508,46.43825],[14.35507,46.43821],[14.3551,46.43815],[14.3551,46.43814],[14.35509,46.43811],[14.3551,46.43806],[14.35513,46.43803],[14.35515,46.43802],[14.35517,46.43801],[14.35517,46.438],[14.35516,46.438],[14.35515,46.43798],[14.35515,46.43795],[14.35516,46.43793],[14.35514,46.43791],[14.35511,46.4379],[14.35511,46.43787],[14.35507,46.43785],[14.35504,46.43785],[14.355,46.43783],[14.35493,46.43784],[14.35488,46.43785],[14.35483,46.43787],[14.3548,46.43788],[14.35477,46.43791],[14.35476,46.43791],[14.35472,46.43789],[14.35466,46.43792],[14.35464,46.43793],[14.35463,46.43794],[14.35458,46.43796],[14.35452,46.43802],[14.3545,46.43802],[14.35447,46.43801],[14.35443,46.438],[14.35434,46.43799],[14.35426,46.43794],[14.3542,46.43793],[14.35415,46.4379],[14.35413,46.4379],[14.35398,46.43789],[14.3539,46.4379],[14.35371,46.43789],[14.35366,46.43788],[14.35361,46.43784],[14.35359,46.43781],[14.35357,46.4378],[14.3535,46.43777],[14.35343,46.43775],[14.35342,46.43774],[14.35335,46.43769],[14.35331,46.43767],[14.35328,46.43764],[14.35327,46.43763],[14.35322,46.43762],[14.35315,46.43763],[14.35313,46.43763],[14.35309,46.43762],[14.35301,46.43759],[14.35294,46.43758],[14.35286,46.43758],[14.35283,46.43758],[14.35276,46.43755],[14.35273,46.43753],[14.35256,46.43748],[14.35253,46.43746],[14.35248,46.43743],[14.35243,46.43742],[14.3524,46.43741],[14.3523,46.43738],[14.35224,46.43735],[14.35217,46.43733],[14.3521,46.43732],[14.35202,46.4373],[14.35187,46.43734],[14.35181,46.43736],[14.35175,46.43738],[14.35171,46.43739],[14.35157,46.4374],[14.35147,46.43742],[14.35137,46.43746],[14.35135,46.43746],[14.3513,46.43748],[14.35127,46.43748],[14.35125,46.43748],[14.35119,46.43747],[14.35113,46.4375],[14.35108,46.4375],[14.35104,46.43751],[14.351,46.43755],[14.35097,46.43758],[14.35094,46.43759],[14.35087,46.43759],[14.35083,46.4376],[14.3508,46.43761],[14.35077,46.43767],[14.35073,46.43768],[14.35069,46.43769],[14.35065,46.43769],[14.35056,46.43769],[14.35053,46.43769],[14.35046,46.43772],[14.3504,46.43774],[14.35035,46.43772],[14.35034,46.43769],[14.35031,46.43769],[14.35032,46.43764],[14.35028,46.43763],[14.35025,46.43759],[14.35025,46.43757],[14.35017,46.43753],[14.35015,46.43752],[14.35013,46.43752],[14.35012,46.43751],[14.35011,46.43747],[14.35008,46.43746],[14.35007,46.43742],[14.35004,46.43741],[14.35006,46.43737],[14.35005,46.43736],[14.35003,46.43735],[14.35003,46.43733],[14.35005,46.43731],[14.35005,46.43728],[14.35,46.43728],[14.34998,46.43727],[14.34998,46.43726],[14.34996,46.43726],[14.34996,46.43723],[14.34994,46.43722],[14.34992,46.43721],[14.34989,46.43721],[14.34985,46.43718],[14.34984,46.43718],[14.34981,46.43718],[14.34976,46.43718],[14.34967,46.43718],[14.3496,46.43715],[14.34955,46.43715],[14.3495,46.43716],[14.34946,46.43721],[14.34944,46.43719],[14.34941,46.43719],[14.34939,46.43718],[14.34932,46.43719],[14.34929,46.4372],[14.34927,46.43722],[14.34923,46.43721],[14.34914,46.43722],[14.34907,46.43722],[14.34901,46.43722],[14.34899,46.43724],[14.34892,46.43725],[14.34886,46.43724],[14.34877,46.43723],[14.3487,46.43723],[14.34863,46.43721],[14.34855,46.43719],[14.3485,46.43718],[14.34845,46.43718],[14.34837,46.43716],[14.34829,46.43716],[14.34823,46.43716],[14.3482,46.43715],[14.34817,46.43713],[14.34813,46.4371],[14.34808,46.43709],[14.34806,46.43704],[14.34802,46.43704],[14.34799,46.43703],[14.34787,46.43701],[14.34773,46.43698],[14.3477,46.43695],[14.34768,46.43694],[14.34752,46.4369],[14.34747,46.4369],[14.34737,46.4369],[14.34731,46.43692],[14.34725,46.43693],[14.34722,46.43692],[14.34719,46.43692],[14.34716,46.43692],[14.34712,46.43693],[14.34709,46.43694],[14.34704,46.43692],[14.347,46.43692],[14.3469,46.43693],[14.34684,46.43694],[14.34669,46.43699],[14.34653,46.437],[14.34644,46.43701],[14.34632,46.43703],[14.34628,46.43705],[14.34626,46.43703],[14.34623,46.43704],[14.34618,46.43701],[14.3461,46.43696],[14.34608,46.43695],[14.34605,46.43695],[14.34601,46.43695],[14.34594,46.43698],[14.34589,46.43698],[14.34585,46.43698],[14.34583,46.43697],[14.3458,46.43696],[14.34575,46.43696],[14.34568,46.43697],[14.34563,46.43696],[14.34558,46.43693],[14.34556,46.43693],[14.34543,46.43694],[14.34536,46.43696],[14.34533,46.43696],[14.34528,46.43696],[14.34517,46.43695],[14.34512,46.43697],[14.34497,46.437],[14.34487,46.43699],[14.34474,46.437],[14.34471,46.43701],[14.34468,46.43703],[14.34453,46.43715],[14.34448,46.4372],[14.34441,46.43725],[14.34437,46.43729],[14.34432,46.43732],[14.34429,46.43733],[14.34426,46.43733],[14.34422,46.43735],[14.34419,46.43736],[14.34416,46.43735],[14.34413,46.43736],[14.34411,46.43737],[14.34408,46.43736],[14.34404,46.43735],[14.34401,46.43733],[14.34392,46.43728],[14.34391,46.43726],[14.34386,46.43725],[14.3438,46.43725],[14.34377,46.43723],[14.34373,46.43722],[14.34368,46.43719],[14.34359,46.43719],[14.3435,46.43717],[14.34347,46.43718],[14.34346,46.43717],[14.3434,46.43718],[14.34337,46.43716],[14.34336,46.43715],[14.34336,46.43709],[14.34334,46.43705],[14.3433,46.43699],[14.34329,46.43695],[14.34331,46.43691],[14.3433,46.43685],[14.3433,46.43682],[14.34328,46.43678],[14.34329,46.43676],[14.34333,46.4367],[14.34334,46.43667],[14.34334,46.43665],[14.34331,46.43663],[14.3433,46.43662],[14.34328,46.4366],[14.34325,46.43658],[14.34323,46.43654],[14.34318,46.43655],[14.34313,46.43652],[14.3431,46.43651],[14.34298,46.43646],[14.34293,46.43645],[14.3429,46.43643],[14.34284,46.4364],[14.3428,46.43639],[14.34275,46.43639],[14.34273,46.43639],[14.34268,46.43638],[14.34265,46.43638],[14.34262,46.43636],[14.34261,46.43634],[14.34257,46.43633],[14.34253,46.43632],[14.34243,46.43627],[14.34241,46.43624],[14.34235,46.43615],[14.34233,46.43612],[14.3423,46.43609],[14.34223,46.43604],[14.34219,46.43602],[14.34215,46.43601],[14.34193,46.43598],[14.34183,46.43597],[14.34178,46.43597],[14.34174,46.43594],[14.34173,46.43592],[14.3417,46.4359],[14.34163,46.43585],[14.34161,46.43583],[14.3416,46.43577],[14.34158,46.43575],[14.34154,46.43574],[14.34149,46.43572],[14.34144,46.43568],[14.34137,46.43565],[14.34129,46.43559],[14.34127,46.43555],[14.34125,46.43553],[14.34122,46.43553],[14.34115,46.43549],[14.34111,46.43548],[14.34107,46.43549],[14.34105,46.43548],[14.34102,46.43546],[14.341,46.43544],[14.34106,46.4354],[14.34106,46.43536],[14.34106,46.43533],[14.34104,46.4353],[14.34104,46.43528],[14.34104,46.43525],[14.34101,46.43523],[14.34091,46.4352],[14.34086,46.43519],[14.34076,46.43516],[14.34071,46.43515],[14.34066,46.43513],[14.34062,46.43511],[14.34056,46.43508],[14.34039,46.43504],[14.34028,46.43504],[14.34021,46.43504],[14.34013,46.43504],[14.34005,46.43502],[14.34003,46.435],[14.33996,46.43501],[14.33994,46.43501],[14.33992,46.435],[14.3399,46.43499],[14.33983,46.43499],[14.3398,46.43497],[14.33973,46.43495],[14.33969,46.43495],[14.33967,46.43495],[14.33965,46.43497],[14.3396,46.43496],[14.33957,46.43496],[14.3395,46.43498],[14.33945,46.43497],[14.33939,46.43498],[14.33934,46.435],[14.33926,46.435],[14.33917,46.435],[14.33913,46.435],[14.3391,46.43501],[14.33907,46.43501],[14.33904,46.43499],[14.33899,46.43498],[14.33898,46.43498],[14.3389,46.435],[14.33886,46.435],[14.33881,46.43498],[14.33877,46.43498],[14.33875,46.43499],[14.33851,46.43499],[14.33836,46.43499],[14.33834,46.43498],[14.33831,46.43496],[14.33823,46.43494],[14.3382,46.43494],[14.33814,46.43498],[14.33813,46.435],[14.3381,46.435],[14.33805,46.43499],[14.33803,46.43498],[14.338,46.43498],[14.33791,46.43501],[14.3379,46.435],[14.33787,46.43498],[14.33785,46.43496],[14.33783,46.43492],[14.33779,46.4349],[14.33773,46.43487],[14.33764,46.43484],[14.33759,46.43484],[14.33749,46.43483],[14.33745,46.43482],[14.33743,46.43477],[14.3374,46.43476],[14.33738,46.43477],[14.33734,46.43475],[14.33732,46.43473],[14.33731,46.43467],[14.33734,46.4346],[14.33733,46.43455],[14.3373,46.43453],[14.3373,46.4345],[14.33728,46.43448],[14.33725,46.43447],[14.33723,46.43436],[14.33724,46.4343],[14.33724,46.43428],[14.33721,46.43426],[14.33715,46.43423],[14.33707,46.43422],[14.33702,46.43423],[14.33695,46.43421],[14.33679,46.43414],[14.33666,46.43412],[14.33662,46.43409],[14.33662,46.43402],[14.33658,46.43398],[14.33656,46.43395],[14.3365,46.4339],[14.33641,46.43386],[14.33636,46.4338],[14.3363,46.43378],[14.33628,46.43373],[14.33623,46.43371],[14.3362,46.4337],[14.33615,46.43369],[14.336,46.43363],[14.33594,46.43361],[14.33584,46.4336],[14.33581,46.43362],[14.33576,46.43364],[14.3357,46.43362],[14.33558,46.43357],[14.33555,46.43356],[14.33551,46.43356],[14.33542,46.43351],[14.33531,46.43346],[14.33521,46.43343],[14.33518,46.43339],[14.33512,46.43334],[14.33509,46.43332],[14.33499,46.43331],[14.33494,46.43331],[14.33489,46.4333],[14.33482,46.4333],[14.33479,46.4333],[14.33476,46.43327],[14.33474,46.43324],[14.33474,46.43317],[14.33471,46.43313],[14.33466,46.43306],[14.3346,46.43303],[14.33455,46.43292],[14.33451,46.43283],[14.3344,46.43278],[14.33436,46.43274],[14.33433,46.43273],[14.33432,46.43273],[14.33428,46.4327],[14.33423,46.4327],[14.3342,46.43267],[14.33408,46.43263],[14.33406,46.43261],[14.33403,46.43258],[14.33398,46.43255],[14.33391,46.43254],[14.33381,46.43251],[14.33365,46.43243],[14.33342,46.43244],[14.33337,46.43244],[14.33333,46.43243],[14.33325,46.43243],[14.33315,46.43243],[14.33304,46.43242],[14.33292,46.43238],[14.33283,46.43236],[14.33278,46.43235],[14.33274,46.43236],[14.3327,46.43237],[14.33257,46.43227],[14.33253,46.43222],[14.33246,46.43218],[14.33243,46.43213],[14.33233,46.43207],[14.3323,46.43201],[14.33227,46.43198],[14.33225,46.43194],[14.33219,46.43191],[14.33217,46.43191],[14.33214,46.43189],[14.33207,46.43189],[14.33196,46.43187],[14.33182,46.43185],[14.33172,46.43183],[14.33162,46.43183],[14.33155,46.43183],[14.33146,46.43184],[14.33138,46.43186],[14.33128,46.43188],[14.33115,46.4319],[14.331,46.43194],[14.33097,46.43194],[14.33091,46.43194],[14.3308,46.43192],[14.33077,46.43193],[14.33074,46.43193],[14.33065,46.4319],[14.33046,46.43187],[14.33043,46.43186],[14.33032,46.4318],[14.33023,46.43181],[14.33021,46.43179],[14.3302,46.43179],[14.3301,46.4318],[14.33005,46.43177],[14.33002,46.43176],[14.32998,46.43177],[14.32994,46.43177],[14.32984,46.43175],[14.32972,46.43173],[14.32967,46.43172],[14.32959,46.43172],[14.32953,46.4317],[14.32946,46.43168],[14.32943,46.43163],[14.3294,46.4316],[14.32938,46.43159],[14.32934,46.43158],[14.3292,46.43156],[14.32913,46.43155],[14.32908,46.43154],[14.32902,46.43152],[14.32892,46.43151],[14.32887,46.4315],[14.32882,46.43147],[14.3288,46.43146],[14.32877,46.43144],[14.32872,46.43144],[14.32866,46.43142],[14.32861,46.43141],[14.32856,46.43141],[14.32853,46.43139],[14.3285,46.43138],[14.32847,46.43137],[14.32846,46.43135],[14.32842,46.43132],[14.3284,46.43135],[14.32838,46.43137],[14.32834,46.43138],[14.32822,46.43137],[14.32814,46.43138],[14.3281,46.43137],[14.32805,46.43135],[14.32796,46.43136],[14.32789,46.43137],[14.32776,46.43134],[14.32774,46.43133],[14.3277,46.43129],[14.32768,46.43129],[14.32764,46.43129],[14.32762,46.43129],[14.32753,46.43124],[14.32747,46.4312],[14.32734,46.43115],[14.32727,46.43115],[14.32719,46.43113],[14.32716,46.43112],[14.32707,46.43111],[14.327,46.4311],[14.32692,46.43111],[14.32686,46.43112],[14.32678,46.43114],[14.32674,46.43112],[14.32656,46.43107],[14.32641,46.43104],[14.32635,46.43104],[14.32632,46.43103],[14.32628,46.43103],[14.32626,46.43102],[14.3262,46.43102],[14.32617,46.43101],[14.32602,46.43102],[14.32599,46.43104],[14.32596,46.43104],[14.32591,46.43107],[14.32589,46.43106],[14.32587,46.43105],[14.3258,46.43105],[14.32575,46.43107],[14.3257,46.4311],[14.3256,46.43112],[14.3256,46.43113],[14.32558,46.43114],[14.32556,46.43115],[14.32552,46.43111],[14.3255,46.4311],[14.32541,46.43108],[14.32533,46.43107],[14.32532,46.43105],[14.3253,46.43105],[14.32522,46.43103],[14.32514,46.43102],[14.32512,46.43103],[14.32509,46.43105],[14.32506,46.43105],[14.32497,46.43109],[14.32496,46.4311],[14.32493,46.43111],[14.32492,46.4311],[14.32488,46.4311],[14.32488,46.43108],[14.32487,46.43107],[14.32485,46.43106],[14.3248,46.43107],[14.32477,46.43105],[14.32474,46.43105],[14.32472,46.43107],[14.32468,46.43107],[14.32466,46.43109],[14.32461,46.43109],[14.32452,46.43112],[14.32446,46.43115],[14.32441,46.43115],[14.32437,46.43116],[14.32434,46.43118],[14.32428,46.43119],[14.32419,46.43119],[14.32418,46.43121],[14.32414,46.43124],[14.32404,46.43118],[14.32398,46.4312],[14.32394,46.43121],[14.32392,46.4312],[14.3239,46.43118],[14.32382,46.43117],[14.32382,46.43121],[14.32379,46.43121],[14.32377,46.43122],[14.32374,46.43123],[14.32373,46.43125],[14.32371,46.43127],[14.32367,46.43127],[14.32359,46.4313],[14.3234,46.43133],[14.32336,46.43136],[14.32331,46.43138],[14.32326,46.43138],[14.32327,46.43134],[14.32321,46.43133],[14.32318,46.43135],[14.32316,46.43135],[14.32315,46.43136],[14.32313,46.43138],[14.32311,46.43137],[14.32305,46.43137],[14.32303,46.43136],[14.32303,46.43133],[14.32296,46.43129],[14.32294,46.43129],[14.32292,46.4313],[14.32283,46.43134],[14.3228,46.43135],[14.32277,46.43135],[14.32273,46.43133],[14.32268,46.43132],[14.32266,46.43133],[14.32263,46.43133],[14.32261,46.43134],[14.32259,46.43131],[14.32257,46.43131],[14.32253,46.43131],[14.3225,46.43131],[14.32249,46.43127],[14.32248,46.43126],[14.32246,46.43126],[14.32244,46.43126],[14.32243,46.43124],[14.3224,46.43126],[14.32237,46.43127],[14.32232,46.43131],[14.32229,46.4313],[14.32227,46.4313],[14.32225,46.43132],[14.32222,46.43131],[14.32214,46.43131],[14.32211,46.43129],[14.3221,46.43127],[14.32209,46.43126],[14.32207,46.43123],[14.32205,46.43123],[14.32204,46.4312],[14.32201,46.43118],[14.32198,46.43118],[14.32195,46.43115],[14.3219,46.43118],[14.32186,46.43118],[14.32183,46.4312],[14.3218,46.43119],[14.32177,46.43121],[14.32176,46.43123],[14.32171,46.43125],[14.32169,46.43128],[14.32167,46.4313],[14.32167,46.43131],[14.32166,46.43132],[14.3216,46.43132],[14.32152,46.43132],[14.3215,46.4313],[14.32147,46.43129],[14.32144,46.43128],[14.32134,46.43127],[14.32126,46.43129],[14.32125,46.43131],[14.32119,46.43135],[14.32112,46.43137],[14.32109,46.43137],[14.32106,46.43137],[14.32103,46.43137],[14.32092,46.4314],[14.32084,46.43143],[14.32074,46.43146],[14.32066,46.4315],[14.32063,46.43151],[14.32061,46.43153],[14.3206,46.43154],[14.32058,46.43154],[14.32054,46.43153],[14.32052,46.43153],[14.32045,46.43154],[14.32038,46.43155],[14.32034,46.43154],[14.32032,46.43153],[14.32028,46.43151],[14.3202,46.43152],[14.32019,46.43151],[14.32016,46.43152],[14.3201,46.43153],[14.32007,46.43155],[14.32004,46.43155],[14.32001,46.43158],[14.31999,46.43157],[14.31997,46.43156],[14.31995,46.43156],[14.31994,46.43154],[14.31991,46.43153],[14.31982,46.43152],[14.31977,46.43152],[14.31976,46.43151],[14.31975,46.43151],[14.31973,46.43151],[14.31968,46.43149],[14.31962,46.43149],[14.31961,46.43148],[14.3196,46.43148],[14.31958,46.43149],[14.31954,46.43152],[14.31949,46.43153],[14.31942,46.43155],[14.31942,46.43153],[14.31939,46.43153],[14.31938,46.43152],[14.31928,46.43154],[14.31927,46.43154],[14.31922,46.43156],[14.31921,46.43152],[14.31922,46.43148],[14.31924,46.43145],[14.31926,46.43143],[14.31925,46.43142],[14.31913,46.43136],[14.31907,46.43133],[14.31903,46.43131],[14.31903,46.43121],[14.31899,46.43118],[14.31895,46.43111],[14.31894,46.43109],[14.31891,46.43108],[14.31887,46.43107],[14.3188,46.43106],[14.31876,46.43108],[14.31874,46.43105],[14.31871,46.43103],[14.31868,46.43102],[14.31864,46.43102],[14.3186,46.43101],[14.31855,46.431],[14.31846,46.43101],[14.3184,46.43101],[14.3183,46.43103],[14.31827,46.43104],[14.31822,46.43109],[14.31818,46.43115],[14.31816,46.43118],[14.31811,46.4312],[14.31805,46.43122],[14.31803,46.43122],[14.31797,46.4312],[14.31784,46.43121],[14.31777,46.43122],[14.31763,46.43125],[14.31759,46.43125],[14.31754,46.43124],[14.3175,46.43124],[14.31745,46.43126],[14.31739,46.43127],[14.31733,46.43128],[14.31728,46.43128],[14.31718,46.43134],[14.31715,46.43138],[14.31709,46.4314],[14.31698,46.43141],[14.31687,46.43141],[14.31681,46.43143],[14.31679,46.43147],[14.31676,46.4315],[14.31673,46.43152],[14.31666,46.43154],[14.31659,46.43153],[14.31655,46.43153],[14.31653,46.43153],[14.31648,46.43149],[14.31644,46.43147],[14.31639,46.43144],[14.31631,46.4314],[14.31624,46.43138],[14.31615,46.43135],[14.31605,46.43131],[14.3159,46.43127],[14.31586,46.43126],[14.31584,46.43123],[14.3158,46.43117],[14.31571,46.43114],[14.31555,46.43113],[14.31533,46.43111],[14.31519,46.4311],[14.31489,46.4311],[14.31474,46.43108],[14.31468,46.43106],[14.31464,46.43105],[14.31457,46.43106],[14.31441,46.43105],[14.31423,46.43105],[14.31416,46.43105],[14.31398,46.43104],[14.3139,46.43102],[14.31379,46.43101],[14.31372,46.43099],[14.31363,46.43098],[14.31356,46.43096],[14.3135,46.43097],[14.31326,46.43097],[14.31322,46.43098],[14.31319,46.431],[14.3131,46.431],[14.31304,46.43099],[14.31294,46.43097],[14.31278,46.43092],[14.31264,46.43086],[14.31248,46.43082],[14.31234,46.43081],[14.31228,46.43079],[14.31215,46.43078],[14.31212,46.43079],[14.31207,46.43077],[14.31199,46.43074],[14.31193,46.43067],[14.31186,46.43063],[14.31178,46.43061],[14.31163,46.43056],[14.31126,46.43044],[14.31114,46.43042],[14.31105,46.4304],[14.31069,46.43042],[14.31059,46.43045],[14.31021,46.43052],[14.3101,46.43054],[14.31003,46.43057],[14.30999,46.43057],[14.30985,46.43059],[14.30979,46.43062],[14.30964,46.43065],[14.30956,46.43068],[14.30944,46.43066],[14.30939,46.43065],[14.30933,46.43065],[14.30924,46.43067],[14.30919,46.4307],[14.30914,46.43069],[14.30909,46.4307],[14.30904,46.43071],[14.3089,46.43073],[14.30884,46.43073],[14.30868,46.43068],[14.30859,46.43067],[14.3085,46.43067],[14.30845,46.43067],[14.3083,46.43065],[14.30819,46.43065],[14.30815,46.43063],[14.30676,46.43184],[14.30621,46.43258],[14.30544,46.43338],[14.30513,46.43361],[14.30499,46.43374],[14.30481,46.43387],[14.3047,46.43395],[14.30458,46.43402],[14.30448,46.43409],[14.30438,46.43417],[14.30437,46.43423],[14.30437,46.43429],[14.30436,46.43436],[14.30429,46.43451],[14.30425,46.43455],[14.30414,46.43464],[14.30405,46.43469],[14.30395,46.43475],[14.30374,46.4349],[14.30364,46.43497],[14.30331,46.43519],[14.3032,46.43527],[14.30306,46.4354],[14.30301,46.43549],[14.30294,46.43558],[14.30287,46.43573],[14.30281,46.43579],[14.30278,46.43587],[14.30278,46.43594],[14.30275,46.43601],[14.30272,46.43605],[14.30265,46.43613],[14.30263,46.43616],[14.30267,46.4368],[14.30282,46.43743],[14.30279,46.43748],[14.30195,46.43787],[14.3019,46.4379],[14.3019,46.43793],[14.30186,46.43797],[14.30183,46.438],[14.30177,46.4381],[14.30175,46.43819],[14.30174,46.43822],[14.30172,46.43824],[14.30164,46.43829],[14.30157,46.43832],[14.30144,46.43835],[14.30136,46.43835],[14.30131,46.43835],[14.30117,46.43832],[14.30112,46.43832],[14.30109,46.4383],[14.30104,46.4383],[14.30099,46.4383],[14.30093,46.43832],[14.30063,46.43835],[14.30058,46.43837],[14.30052,46.43839],[14.30047,46.43841],[14.3004,46.43842],[14.30031,46.43842],[14.30018,46.43844],[14.30008,46.43844],[14.29999,46.43844],[14.29995,46.43844],[14.29995,46.43847],[14.29993,46.4385],[14.29988,46.43851],[14.29983,46.43851],[14.29975,46.43853],[14.29966,46.43856],[14.29957,46.43861],[14.29951,46.43866],[14.29935,46.43876],[14.29927,46.43881],[14.29923,46.43882],[14.29919,46.43886],[14.29917,46.43886],[14.29912,46.4389],[14.29906,46.43893],[14.29902,46.43898],[14.29892,46.43904],[14.29887,46.43911],[14.29879,46.43907],[14.2987,46.43905],[14.29861,46.43905],[14.29847,46.43906],[14.29841,46.43906],[14.29832,46.43906],[14.29816,46.43902],[14.2981,46.43902],[14.29794,46.43902],[14.29787,46.43904],[14.29781,46.43904],[14.29773,46.43901],[14.29764,46.43904],[14.29758,46.43906],[14.29753,46.43908],[14.29734,46.43917],[14.29729,46.43912],[14.29725,46.4391],[14.29719,46.43911],[14.29715,46.43909],[14.29709,46.43909],[14.29694,46.43907],[14.29688,46.43909],[14.29683,46.43912],[14.29679,46.43913],[14.29671,46.43916],[14.29663,46.4392],[14.29656,46.43923],[14.29652,46.43922],[14.29646,46.43919],[14.29639,46.43918],[14.29633,46.43919],[14.29624,46.43918],[14.29615,46.43915],[14.2961,46.43912],[14.29608,46.43912],[14.29605,46.43912],[14.29599,46.43914],[14.29578,46.43923],[14.29566,46.43929],[14.2956,46.43927],[14.2955,46.43932],[14.29544,46.43935],[14.29538,46.43934],[14.29531,46.43934],[14.29519,46.43937],[14.29515,46.43935],[14.29507,46.43932],[14.295,46.43932],[14.29492,46.43931],[14.29482,46.43933],[14.29472,46.43934],[14.29461,46.43936],[14.29453,46.43938],[14.29449,46.43937],[14.29442,46.43938],[14.29434,46.43939],[14.29426,46.43941],[14.29417,46.43946],[14.29416,46.43947],[14.29414,46.43951],[14.29399,46.43952],[14.2939,46.43954],[14.29377,46.43959],[14.29375,46.43962],[14.29364,46.43969],[14.2936,46.43973],[14.29353,46.43978],[14.2935,46.43983],[14.29345,46.43986],[14.29339,46.4399],[14.29331,46.43992],[14.29325,46.43994],[14.29317,46.43999],[14.29306,46.44006],[14.29295,46.4401],[14.29284,46.44015],[14.29265,46.44023],[14.29249,46.44032],[14.29231,46.44034],[14.29225,46.44035],[14.29215,46.44037],[14.29193,46.4404],[14.29185,46.44044],[14.29164,46.44053],[14.29151,46.44068],[14.2914,46.44074],[14.29136,46.44075],[14.29126,46.44077],[14.29115,46.44081],[14.29088,46.44095],[14.29075,46.441],[14.2907,46.44102],[14.29045,46.44108],[14.29016,46.44114],[14.29012,46.44116],[14.28978,46.4412],[14.28971,46.4412],[14.2896,46.4412],[14.28946,46.44124],[14.28937,46.44128],[14.2893,46.44129],[14.28914,46.4414],[14.28902,46.44149],[14.28898,46.44152],[14.28843,46.44163],[14.28823,46.44168],[14.28787,46.44181],[14.28767,46.4419],[14.28751,46.44196],[14.28746,46.44199],[14.28734,46.44213],[14.28728,46.44224],[14.2872,46.44232],[14.28708,46.44242],[14.28706,46.44246],[14.28696,46.44243],[14.28685,46.4424],[14.28674,46.44239],[14.28667,46.44239],[14.28659,46.44239],[14.28651,46.4424],[14.2864,46.4424],[14.28632,46.44239],[14.28629,46.44238],[14.2862,46.44235],[14.28608,46.44235],[14.28601,46.44235],[14.28594,46.44236],[14.28587,46.44237],[14.28576,46.44242],[14.28573,46.44242],[14.2857,46.44244],[14.28559,46.44249],[14.28553,46.44253],[14.28542,46.44261],[14.28537,46.44263],[14.28517,46.44271],[14.285,46.44275],[14.28476,46.443],[14.28426,46.44312],[14.2832,46.4435],[14.28314,46.44348],[14.28308,46.44347],[14.28295,46.44345],[14.28288,46.44344],[14.28282,46.44345],[14.28275,46.44347],[14.2827,46.44349],[14.28261,46.44346],[14.28254,46.44345],[14.28241,46.44341],[14.28229,46.4434],[14.28219,46.44338],[14.2821,46.4434],[14.28203,46.44338],[14.28199,46.44336],[14.28193,46.44329],[14.28191,46.44325],[14.2819,46.44318],[14.28189,46.44313],[14.28179,46.44296],[14.28174,46.44288],[14.2817,46.44284],[14.28149,46.44276],[14.28143,46.44273],[14.28135,46.44271],[14.28121,46.4427],[14.28109,46.44268],[14.28097,46.44268],[14.2808,46.44269],[14.28074,46.44273],[14.28048,46.44285],[14.28048,46.44286],[14.28034,46.44296],[14.2802,46.44296],[14.28011,46.44295],[14.28001,46.44292],[14.27981,46.44298],[14.27974,46.44301],[14.2797,46.44304],[14.27951,46.44302],[14.2794,46.44296],[14.27928,46.44291],[14.27911,46.44289],[14.27888,46.44291],[14.27851,46.44298],[14.27803,46.44286],[14.27747,46.44277],[14.27674,46.44246],[14.27589,46.44238],[14.27534,46.44249],[14.27488,46.44253],[14.27467,46.44247],[14.2744,46.44237],[14.27434,46.44234],[14.27428,46.4423],[14.27421,46.44224],[14.27387,46.44212],[14.27377,46.44208],[14.27367,46.44202],[14.27358,46.44205],[14.27354,46.44206],[14.27349,46.44203],[14.27346,46.44199],[14.27338,46.44196],[14.2733,46.44195],[14.27319,46.44195],[14.27312,46.44197],[14.27308,46.44197],[14.27303,46.44196],[14.27296,46.44193],[14.2729,46.44192],[14.27281,46.4419],[14.27267,46.4419],[14.27263,46.44189],[14.2726,46.44187],[14.27241,46.44182],[14.27231,46.44178],[14.2722,46.44175],[14.27215,46.44175],[14.27205,46.4417],[14.27197,46.44165],[14.27193,46.44169],[14.27188,46.44172],[14.27182,46.44172],[14.27176,46.4417],[14.27172,46.44166],[14.27164,46.44162],[14.27159,46.4416],[14.27152,46.44159],[14.2714,46.44152],[14.27138,46.44149],[14.27112,46.44131],[14.27101,46.44125],[14.27097,46.4412],[14.27088,46.44112],[14.27077,46.44107],[14.27071,46.44106],[14.27066,46.44106],[14.2706,46.44103],[14.27053,46.44101],[14.27045,46.441],[14.27037,46.44098],[14.2703,46.44095],[14.27024,46.44094],[14.27008,46.44095],[14.27001,46.44092],[14.26973,46.44093],[14.26953,46.4409],[14.26924,46.44089],[14.26922,46.44084],[14.26919,46.44082],[14.2691,46.44078],[14.26895,46.4407],[14.26888,46.44065],[14.26882,46.44059],[14.26867,46.44046],[14.26866,46.44041],[14.26862,46.44038],[14.26858,46.44035],[14.26856,46.4403],[14.26851,46.44019],[14.26848,46.44011],[14.26848,46.44007],[14.26846,46.44004],[14.26842,46.43997],[14.26842,46.43992],[14.26841,46.43988],[14.26836,46.43988],[14.26831,46.43986],[14.2683,46.43982],[14.26829,46.43978],[14.26824,46.43968],[14.26819,46.43961],[14.26818,46.43955],[14.26814,46.43952],[14.2681,46.43951],[14.26806,46.43945],[14.26804,46.43945],[14.26797,46.43943],[14.26786,46.43941],[14.26769,46.43941],[14.26755,46.43939],[14.26745,46.43937],[14.26729,46.43933],[14.26721,46.43932],[14.26712,46.43927],[14.2671,46.43927],[14.26704,46.43926],[14.26677,46.43916],[14.26633,46.43928],[14.26596,46.43928],[14.26586,46.4393],[14.26567,46.43922],[14.26564,46.43917],[14.26556,46.439],[14.26535,46.43889],[14.26533,46.43881],[14.26514,46.43869],[14.26492,46.43839],[14.2645,46.43827],[14.26414,46.43824],[14.26384,46.43831],[14.2636,46.43855],[14.26313,46.4388],[14.26291,46.43889],[14.26278,46.43902],[14.26255,46.43915],[14.26248,46.43914],[14.26233,46.43916],[14.26208,46.4392],[14.26171,46.43927],[14.26142,46.43929],[14.26106,46.43923],[14.26078,46.43913],[14.2606,46.43918],[14.26024,46.43919],[14.25996,46.4392],[14.2596,46.43914],[14.25944,46.43914],[14.25927,46.43919],[14.25919,46.43924],[14.25899,46.43922],[14.25881,46.43925],[14.25877,46.4392],[14.25864,46.43924],[14.25857,46.43926],[14.25823,46.43923],[14.25804,46.43925],[14.25796,46.43925],[14.25784,46.43927],[14.25776,46.43926],[14.25749,46.43925],[14.25724,46.43919],[14.25709,46.43909],[14.25701,46.43909],[14.25652,46.43903],[14.25645,46.43902],[14.25639,46.43893],[14.25617,46.4389],[14.25605,46.43883],[14.25606,46.43875],[14.25576,46.43845],[14.25572,46.43837],[14.25564,46.43814],[14.25557,46.43803],[14.2554,46.43782],[14.25525,46.43777],[14.25508,46.43759],[14.25483,46.43737],[14.25461,46.43723],[14.25457,46.43721],[14.25443,46.43718],[14.25427,46.43711],[14.25399,46.43697],[14.25363,46.43684],[14.25351,46.43676],[14.25313,46.43655],[14.25264,46.43635],[14.2524,46.43627],[14.25221,46.43622],[14.25195,46.43603],[14.25137,46.43602],[14.25109,46.43594],[14.25085,46.43593],[14.2507,46.43582],[14.25056,46.43563],[14.25053,46.43561],[14.2504,46.43556],[14.25034,46.43552],[14.25045,46.43552],[14.25049,46.43547],[14.25049,46.43546],[14.25049,46.43546],[14.25044,46.43544],[14.25042,46.4354],[14.25037,46.43539],[14.25034,46.43536],[14.25026,46.43532],[14.25027,46.43524],[14.25016,46.43517],[14.2501,46.43515],[14.25,46.43515],[14.24995,46.43518],[14.24995,46.43517],[14.24992,46.43514],[14.24989,46.43513],[14.24985,46.43513],[14.24979,46.43513],[14.24972,46.43511],[14.24964,46.43506],[14.24959,46.43504],[14.24953,46.43502],[14.2495,46.43498],[14.24951,46.43494],[14.24938,46.43488],[14.24924,46.43488],[14.24916,46.43485],[14.24905,46.43478],[14.24899,46.43476],[14.24899,46.43469],[14.24881,46.4346],[14.24872,46.43458],[14.24856,46.4345],[14.24849,46.43447],[14.24847,46.43447],[14.24843,46.43451],[14.24836,46.43458],[14.24833,46.43458],[14.24822,46.43462],[14.2481,46.43465],[14.24776,46.43464],[14.24766,46.43463],[14.2476,46.43457],[14.24752,46.43452],[14.24741,46.43451],[14.24725,46.43445],[14.24721,46.43442],[14.24716,46.43441],[14.24706,46.43441],[14.2468,46.43437],[14.24667,46.43435],[14.24625,46.43419],[14.24608,46.43417],[14.24587,46.43406],[14.24579,46.43406],[14.24575,46.43404],[14.24575,46.43395],[14.24571,46.4339],[14.2457,46.43389],[14.24558,46.43389],[14.24554,46.43391],[14.24548,46.43392],[14.24539,46.4339],[14.24536,46.43386],[14.2452,46.43376],[14.24504,46.43374],[14.2449,46.43375],[14.2448,46.43373],[14.24466,46.43377],[14.24458,46.43379],[14.24437,46.43379],[14.24431,46.43382],[14.24425,46.43379],[14.24421,46.43375],[14.24415,46.43374],[14.24404,46.43365],[14.24393,46.43366],[14.24392,46.43363],[14.24388,46.43361],[14.24377,46.43354],[14.24374,46.43353],[14.24368,46.43355],[14.24366,46.43352],[14.24364,46.4335],[14.24338,46.43346],[14.24337,46.43344],[14.24326,46.43339],[14.2432,46.43338],[14.24312,46.43339],[14.243,46.43343],[14.24295,46.43338],[14.2429,46.43337],[14.2428,46.43341],[14.24268,46.43342],[14.24263,46.4334],[14.24262,46.43339],[14.2426,46.43341],[14.2426,46.43343],[14.24246,46.43344],[14.24238,46.43346],[14.24219,46.43345],[14.2421,46.43343],[14.24196,46.43342],[14.24193,46.4334],[14.24187,46.43341],[14.24167,46.43342],[14.24156,46.43346],[14.24143,46.43346],[14.2414,46.43348],[14.2412,46.43351],[14.2411,46.43354],[14.24094,46.43347],[14.24091,46.43345],[14.24079,46.43345],[14.24053,46.4334],[14.24042,46.43337],[14.24017,46.43332],[14.24009,46.43328],[14.24,46.43328],[14.2399,46.43329],[14.23989,46.43326],[14.23981,46.43326],[14.23975,46.43326],[14.2398,46.4332],[14.2397,46.43315],[14.23964,46.43315],[14.2396,46.43314],[14.23959,46.43311],[14.23952,46.43301],[14.23945,46.43297],[14.23935,46.43296],[14.23918,46.43301],[14.2391,46.43296],[14.23902,46.43299],[14.23897,46.43305],[14.23892,46.43302],[14.23883,46.43304],[14.2388,46.43302],[14.23863,46.43307],[14.23856,46.43303],[14.23845,46.43301],[14.23842,46.43291],[14.23831,46.43285],[14.23815,46.43281],[14.23761,46.43248],[14.23735,46.43242],[14.23718,46.43222],[14.23677,46.43252],[14.23671,46.4326],[14.23645,46.43276],[14.23616,46.43296],[14.23602,46.43298],[14.23598,46.43297],[14.23585,46.43301],[14.2357,46.43302],[14.23558,46.43305],[14.23538,46.43305],[14.23528,46.43307],[14.23523,46.4331],[14.23516,46.43316],[14.23482,46.43322],[14.23479,46.43322],[14.23476,46.43327],[14.23475,46.43328],[14.23472,46.43329],[14.23467,46.43332],[14.23462,46.43333],[14.23455,46.43337],[14.23451,46.43336],[14.2344,46.43344],[14.23435,46.43343],[14.23435,46.43337],[14.23423,46.43338],[14.23419,46.43341],[14.23417,46.43343],[14.23403,46.43345],[14.23398,46.43349],[14.23383,46.43351],[14.2337,46.43351],[14.23371,46.43348],[14.23362,46.43347],[14.23358,46.43349],[14.23349,46.43348],[14.23343,46.43346],[14.23321,46.43346],[14.23315,46.43343],[14.2331,46.43343],[14.23306,46.43345],[14.23304,46.43345],[14.23302,46.43344],[14.233,46.43345],[14.23296,46.43346],[14.23295,46.4335],[14.23294,46.43351],[14.23291,46.4335],[14.23289,46.43348],[14.23283,46.43346],[14.23279,46.43342],[14.23275,46.43341],[14.23275,46.43343],[14.23276,46.43344],[14.23279,46.43346],[14.23279,46.43346],[14.23278,46.43347],[14.23275,46.43347],[14.23273,46.43346],[14.23273,46.43348],[14.23272,46.43349],[14.2327,46.4335],[14.23268,46.43349],[14.23266,46.43351],[14.23255,46.43351],[14.23253,46.43353],[14.23243,46.43352],[14.23239,46.4335],[14.23237,46.43352],[14.2323,46.43351],[14.23228,46.4335],[14.23224,46.4335],[14.23224,46.43353],[14.23213,46.43353],[14.23212,46.43358],[14.23208,46.43358],[14.23198,46.43353],[14.23193,46.43353],[14.23187,46.43363],[14.23178,46.43363],[14.23168,46.43366],[14.23163,46.43371],[14.23149,46.43371],[14.23139,46.43373],[14.23136,46.43377],[14.23131,46.43382],[14.23127,46.43382],[14.23119,46.4338],[14.23114,46.43379],[14.23107,46.43381],[14.23105,46.43383],[14.23092,46.43385],[14.23086,46.43386],[14.23086,46.4339],[14.23088,46.43392],[14.23083,46.43394],[14.23081,46.43393],[14.23068,46.43398],[14.23067,46.434],[14.23065,46.43406],[14.23065,46.43412],[14.23061,46.43414],[14.2306,46.43424],[14.23052,46.43423],[14.2305,46.43423],[14.23051,46.43426],[14.23044,46.43427],[14.23036,46.4343],[14.23032,46.43437],[14.23029,46.4344],[14.23026,46.43441],[14.2301,46.43452],[14.23011,46.43468],[14.22996,46.4347],[14.22985,46.43469],[14.2298,46.43473],[14.22957,46.43474],[14.22958,46.43479],[14.22935,46.43479],[14.22936,46.43497],[14.22926,46.43498],[14.22922,46.43501],[14.22917,46.43502],[14.22907,46.43502],[14.22905,46.43503],[14.22904,46.43509],[14.22899,46.43509],[14.22892,46.4351],[14.22888,46.43522],[14.2288,46.43514],[14.2287,46.43514],[14.2286,46.43519],[14.22857,46.43519],[14.22854,46.43519],[14.2285,46.43522],[14.22844,46.43526],[14.22834,46.4353],[14.22829,46.4353],[14.22824,46.43532],[14.22819,46.4353],[14.22816,46.43529],[14.22809,46.43532],[14.228,46.43547],[14.22798,46.43547],[14.22793,46.43551],[14.22781,46.43553],[14.22781,46.43555],[14.22776,46.43554],[14.22773,46.43553],[14.22765,46.43556],[14.22754,46.43556],[14.22751,46.43558],[14.22752,46.43561],[14.22756,46.43562],[14.22752,46.43568],[14.22749,46.43567],[14.22745,46.43566],[14.22743,46.43567],[14.22742,46.4357],[14.22735,46.43574],[14.2273,46.43575],[14.22728,46.43582],[14.22725,46.43583],[14.22724,46.43588],[14.22723,46.4359],[14.22718,46.4359],[14.22715,46.43588],[14.22711,46.43585],[14.22707,46.43585],[14.22704,46.43587],[14.22698,46.43588],[14.22695,46.43592],[14.22687,46.43598],[14.22685,46.43601],[14.22682,46.43604],[14.22681,46.43606],[14.22683,46.43612],[14.22677,46.43617],[14.22675,46.43618],[14.22672,46.43628],[14.22667,46.43628],[14.22663,46.43633],[14.22653,46.43635],[14.22643,46.43642],[14.22636,46.43646],[14.22635,46.43653],[14.22637,46.43656],[14.22637,46.43667],[14.22635,46.43667],[14.22631,46.43672],[14.2262,46.43673],[14.22615,46.43678],[14.22611,46.43679],[14.22607,46.43687],[14.22585,46.43704],[14.22587,46.43708],[14.22591,46.43712],[14.2259,46.43717],[14.22583,46.43723],[14.2258,46.43723],[14.22575,46.43725],[14.22573,46.4373],[14.22571,46.43734],[14.22572,46.43739],[14.22574,46.4375],[14.2257,46.43757],[14.22569,46.43761],[14.2256,46.43763],[14.22557,46.43766],[14.22555,46.4377],[14.2255,46.43775],[14.22545,46.43776],[14.22544,46.43778],[14.22532,46.43787],[14.22528,46.43788],[14.22523,46.43789],[14.22519,46.43791],[14.22518,46.43793],[14.22512,46.43794],[14.22505,46.43807],[14.22497,46.43811],[14.2249,46.43811],[14.22495,46.43813],[14.22496,46.43815],[14.22491,46.43822],[14.2249,46.43831],[14.22485,46.43832],[14.22476,46.4384],[14.22478,46.43842],[14.2248,46.43845],[14.2248,46.43847],[14.22478,46.43851],[14.22464,46.43859],[14.22461,46.43858],[14.22459,46.43862],[14.22456,46.43863],[14.22453,46.43863],[14.22449,46.43863],[14.22444,46.43865],[14.22439,46.43868],[14.22433,46.43875],[14.22435,46.43877],[14.22435,46.43879],[14.22441,46.43882],[14.22442,46.43884],[14.2244,46.43894],[14.22436,46.43903],[14.22422,46.43915],[14.22415,46.43918],[14.22415,46.43929],[14.22411,46.43931],[14.22408,46.43931],[14.22407,46.43933],[14.22401,46.43938],[14.22406,46.43942],[14.22402,46.4395],[14.22386,46.43961],[14.22379,46.43963],[14.22374,46.43969],[14.22368,46.43974],[14.22364,46.44014],[14.22382,46.44032],[14.22386,46.44036],[14.22383,46.44046],[14.22372,46.44056],[14.22358,46.44059],[14.22349,46.44063],[14.22344,46.44064],[14.22344,46.44068],[14.22342,46.44074],[14.22338,46.44078],[14.22331,46.44078],[14.22328,46.44081],[14.22328,46.44085],[14.22319,46.44093],[14.22313,46.44095],[14.22289,46.44095],[14.22287,46.44096],[14.22287,46.44097],[14.22277,46.441],[14.22266,46.44109],[14.22261,46.44112],[14.22255,46.44124],[14.22245,46.44135],[14.22237,46.44141],[14.22228,46.44143],[14.22225,46.44148],[14.22217,46.44146],[14.2221,46.44149],[14.22207,46.4415],[14.22206,46.44153],[14.22206,46.44159],[14.22198,46.44165],[14.22195,46.4417],[14.22199,46.44171],[14.22197,46.44177],[14.22196,46.44178],[14.22193,46.44183],[14.22192,46.44183],[14.22189,46.4418],[14.22185,46.44182],[14.2218,46.44182],[14.22177,46.44183],[14.22177,46.44185],[14.22177,46.44187],[14.22179,46.44188],[14.22178,46.44193],[14.22174,46.44197],[14.22165,46.44198],[14.2215,46.44194],[14.22147,46.44194],[14.22142,46.44198],[14.22137,46.44199],[14.22134,46.44194],[14.22127,46.44199],[14.22125,46.44201],[14.2212,46.44199],[14.22118,46.44199],[14.22116,46.44204],[14.22113,46.44204],[14.22104,46.44207],[14.22104,46.44209],[14.22095,46.44212],[14.2209,46.44216],[14.22072,46.44221],[14.2206,46.44228],[14.22058,46.44228],[14.22051,46.44227],[14.22042,46.44235],[14.22031,46.44234],[14.22029,46.44236],[14.22025,46.44237],[14.22018,46.44236],[14.2199,46.44243],[14.21986,46.44245],[14.21982,46.44246],[14.21969,46.4425],[14.21967,46.44256],[14.21962,46.44257],[14.21959,46.44259],[14.21959,46.44261],[14.21965,46.44264],[14.21967,46.44264],[14.21968,46.44266],[14.21958,46.44271],[14.21957,46.44278],[14.21954,46.4428],[14.21952,46.44283],[14.21953,46.44284],[14.21952,46.44285],[14.21954,46.44288],[14.21958,46.44291],[14.21949,46.44294],[14.21945,46.44299],[14.21947,46.44302],[14.21946,46.44306],[14.21948,46.44307],[14.21948,46.4431],[14.21941,46.44314],[14.21939,46.44315],[14.2194,46.44317],[14.21942,46.44317],[14.21944,46.44318],[14.21943,46.44319],[14.21937,46.4432],[14.21933,46.44323],[14.21929,46.44324],[14.2192,46.44324],[14.2192,46.44321],[14.21913,46.44319],[14.21908,46.44318],[14.21907,46.44317],[14.21908,46.44316],[14.21911,46.44315],[14.21911,46.44313],[14.21914,46.4431],[14.21919,46.44308],[14.21918,46.44304],[14.21915,46.44302],[14.21912,46.44296],[14.2191,46.44295],[14.21911,46.4429],[14.21915,46.44287],[14.21913,46.44283],[14.21908,46.44284],[14.21892,46.44292],[14.21889,46.4429],[14.21879,46.44291],[14.21875,46.44293],[14.21865,46.44294],[14.21864,46.44296],[14.21868,46.44297],[14.21866,46.44298],[14.21857,46.44302],[14.21854,46.443],[14.21851,46.44302],[14.21846,46.44302],[14.21836,46.443],[14.21834,46.44299],[14.21831,46.443],[14.21822,46.44302],[14.21821,46.44302],[14.21818,46.44299],[14.21813,46.44301],[14.21808,46.44299],[14.21796,46.44301],[14.21788,46.44297],[14.21787,46.44298],[14.21784,46.44301],[14.21776,46.44297],[14.21779,46.44292],[14.21769,46.44272],[14.21749,46.44264],[14.2174,46.44258],[14.21726,46.44255],[14.21716,46.44255],[14.21705,46.44256],[14.21701,46.44257],[14.2169,46.44266],[14.21684,46.44267],[14.21679,46.44271],[14.21665,46.44278],[14.21666,46.44284],[14.21666,46.44287],[14.21659,46.44287],[14.21654,46.44293],[14.2165,46.44296],[14.21645,46.44297],[14.21644,46.443],[14.21644,46.44302],[14.21634,46.44302],[14.2163,46.44301],[14.2162,46.44304],[14.21619,46.44306],[14.21612,46.44308],[14.21604,46.44308],[14.21589,46.44314],[14.21586,46.44316],[14.21581,46.44317],[14.21569,46.44315],[14.21567,46.44313],[14.21563,46.44313],[14.21558,46.4431],[14.21552,46.44312],[14.21548,46.44311],[14.21546,46.44313],[14.21535,46.44315],[14.21528,46.44311],[14.21522,46.44308],[14.21513,46.44302],[14.21499,46.44298],[14.21495,46.44296],[14.21492,46.44298],[14.2148,46.44303],[14.21476,46.44302],[14.21475,46.44271],[14.21474,46.44268],[14.21476,46.44265],[14.21474,46.44259],[14.21473,46.44256],[14.21469,46.44254],[14.21465,46.44246],[14.21465,46.44229],[14.21464,46.44228],[14.21448,46.44226],[14.21443,46.44226],[14.21437,46.44225],[14.21428,46.44227],[14.2142,46.44226],[14.21417,46.44228],[14.21414,46.44226],[14.21411,46.44225],[14.21402,46.4422],[14.21397,46.44214],[14.21393,46.44206],[14.2139,46.44202],[14.21383,46.44198],[14.21381,46.442],[14.21375,46.442],[14.2137,46.44198],[14.21359,46.44196],[14.21351,46.44195],[14.21342,46.44194],[14.21339,46.44191],[14.21334,46.4419],[14.21329,46.44187],[14.21327,46.44182],[14.21329,46.44177],[14.21329,46.44176],[14.21328,46.44159],[14.21329,46.44156],[14.21335,46.44149],[14.21337,46.44145],[14.21335,46.44138],[14.21332,46.44134],[14.21331,46.44132],[14.21325,46.44126],[14.2131,46.44109],[14.21305,46.44106],[14.21304,46.44103],[14.21297,46.44098],[14.21295,46.44098],[14.21294,46.44096],[14.21295,46.44092],[14.21292,46.44089],[14.21292,46.44086],[14.21293,46.44075],[14.21289,46.44072],[14.21275,46.44065],[14.21264,46.44062],[14.21261,46.44042],[14.21264,46.44038],[14.21264,46.44037],[14.21261,46.44036],[14.21255,46.44025],[14.21249,46.44022],[14.21252,46.44014],[14.21259,46.44],[14.21255,46.43995],[14.2125,46.43992],[14.21248,46.43991],[14.21243,46.43991],[14.21238,46.4399],[14.21233,46.43992],[14.21229,46.43993],[14.21226,46.43996],[14.21221,46.43996],[14.21212,46.43994],[14.21206,46.43995],[14.21197,46.43993],[14.2119,46.4399],[14.21185,46.43988],[14.21183,46.43983],[14.21175,46.4398],[14.21166,46.43984],[14.21155,46.43982],[14.21147,46.43983],[14.21144,46.43984],[14.21135,46.43984],[14.21131,46.43983],[14.21128,46.43982],[14.21124,46.4398],[14.21122,46.43978],[14.21113,46.43977],[14.2111,46.43975],[14.21111,46.43971],[14.2111,46.43969],[14.21107,46.43967],[14.21105,46.43968],[14.21098,46.43965],[14.21087,46.43959],[14.21084,46.43958],[14.21077,46.43959],[14.21068,46.43956],[14.2105,46.43956],[14.21036,46.43958],[14.21032,46.43959],[14.2102,46.43963],[14.21014,46.43967],[14.21007,46.43968],[14.21005,46.43972],[14.20994,46.43977],[14.20989,46.43975],[14.20983,46.43974],[14.20979,46.43974],[14.20972,46.43976],[14.20965,46.4398],[14.20961,46.43982],[14.20953,46.43986],[14.20946,46.43984],[14.20937,46.43984],[14.2092,46.4398],[14.20921,46.43977],[14.20918,46.43976],[14.20914,46.43976],[14.20913,46.4398],[14.20912,46.43982],[14.20906,46.43983],[14.20899,46.43982],[14.20899,46.4398],[14.20898,46.43979],[14.20877,46.4398],[14.20875,46.43975],[14.2087,46.43975],[14.20863,46.43969],[14.20861,46.43967],[14.20858,46.43958],[14.20857,46.43951],[14.20853,46.4395],[14.2084,46.43943],[14.20833,46.43943],[14.20827,46.4394],[14.20816,46.43937],[14.20807,46.43939],[14.20804,46.43942],[14.20795,46.43942],[14.20784,46.43938],[14.20785,46.43935],[14.20783,46.43934],[14.20771,46.43932],[14.20766,46.43932],[14.20748,46.43933],[14.20745,46.43938],[14.2073,46.43936],[14.20724,46.43937],[14.20722,46.4394],[14.2071,46.4394],[14.20699,46.43934],[14.2069,46.43934],[14.20676,46.43942],[14.20671,46.43947],[14.20663,46.43949],[14.20661,46.43952],[14.20654,46.43954],[14.20642,46.43952],[14.20637,46.43955],[14.20631,46.43955],[14.20627,46.43953],[14.20623,46.43955],[14.20616,46.43955],[14.20603,46.43953],[14.20596,46.43954],[14.20585,46.43954],[14.20564,46.43952],[14.20555,46.4395],[14.20522,46.43946],[14.20514,46.43949],[14.20503,46.43956],[14.20496,46.43965],[14.20492,46.4398],[14.20485,46.43983],[14.20473,46.43986],[14.20466,46.43986],[14.20463,46.43989],[14.20463,46.43993],[14.20461,46.43995],[14.20451,46.43994],[14.20441,46.43988],[14.2044,46.43981],[14.20429,46.43977],[14.20422,46.43977],[14.20412,46.43974],[14.20406,46.43976],[14.20389,46.43975],[14.20382,46.43976],[14.20378,46.43973],[14.20375,46.43973],[14.20372,46.43974],[14.20362,46.43984],[14.2036,46.43985],[14.20356,46.43982],[14.20353,46.43982],[14.20351,46.43982],[14.2035,46.43983],[14.20351,46.43986],[14.20342,46.43987],[14.20339,46.43988],[14.20337,46.4399],[14.20329,46.43991],[14.2033,46.43992],[14.20326,46.43993],[14.20325,46.43992],[14.20323,46.43992],[14.20322,46.43994],[14.20321,46.43995],[14.20315,46.43996],[14.20313,46.43998],[14.203,46.44003],[14.203,46.44004],[14.20298,46.44007],[14.20274,46.44012],[14.2027,46.44016],[14.20267,46.44015],[14.20256,46.44015],[14.20252,46.44011],[14.20249,46.44009],[14.20244,46.44012],[14.20243,46.44014],[14.2024,46.44013],[14.20235,46.44013],[14.20232,46.44013],[14.20222,46.44017],[14.20222,46.44023],[14.20219,46.44026],[14.20206,46.44032],[14.20206,46.44035],[14.20203,46.44035],[14.20195,46.44035],[14.20189,46.44042],[14.20188,46.44042],[14.20166,46.4405],[14.20162,46.44052],[14.20151,46.44054],[14.20146,46.44056],[14.20143,46.4406],[14.20143,46.44062],[14.20141,46.44062],[14.20139,46.44062],[14.20127,46.44067],[14.2012,46.44066],[14.20117,46.44067],[14.20104,46.44065],[14.20102,46.44066],[14.20099,46.44067],[14.20097,46.44067],[14.20095,46.44067],[14.20092,46.44065],[14.20079,46.44065],[14.20076,46.44062],[14.20073,46.44059],[14.2007,46.44059],[14.20068,46.44058],[14.20066,46.4406],[14.20066,46.44062],[14.2006,46.44067],[14.20057,46.44068],[14.20053,46.44068],[14.20028,46.44066],[14.20019,46.44067],[14.20011,46.44065],[14.20007,46.44066],[14.20004,46.44066],[14.19978,46.44062],[14.19965,46.44058],[14.19964,46.44055],[14.19954,46.44054],[14.19952,46.44052],[14.19945,46.44051],[14.19935,46.44058],[14.19932,46.44062],[14.19929,46.44065],[14.19926,46.44066],[14.19921,46.44065],[14.19915,46.44067],[14.19914,46.44069],[14.19909,46.4407],[14.19906,46.44072],[14.199,46.44073],[14.19898,46.44073],[14.19905,46.44076],[14.19905,46.44078],[14.19892,46.44085],[14.19879,46.44083],[14.19876,46.44082],[14.19872,46.4408],[14.19868,46.44079],[14.19866,46.4408],[14.19857,46.44076],[14.1985,46.44076],[14.19848,46.44075],[14.19848,46.44073],[14.19843,46.44074],[14.19836,46.44076],[14.19833,46.44079],[14.19823,46.44084],[14.19805,46.44089],[14.19802,46.4409],[14.19797,46.4409],[14.19796,46.44092],[14.19794,46.44097],[14.19788,46.44099],[14.19784,46.441],[14.19783,46.44104],[14.19782,46.44105],[14.19779,46.44105],[14.19773,46.44103],[14.19765,46.44117],[14.19743,46.44117],[14.19727,46.44128],[14.19664,46.44113],[14.19639,46.44117],[14.19578,46.44106],[14.19542,46.44118],[14.19529,46.44145],[14.19498,46.44163],[14.19497,46.4417],[14.19501,46.44172],[14.19495,46.44179],[14.19494,46.44181],[14.19494,46.44183],[14.19495,46.44186],[14.19493,46.4419],[14.19483,46.44201],[14.19484,46.44209],[14.19486,46.44214],[14.19474,46.4422],[14.19459,46.44212],[14.19456,46.44212],[14.19453,46.44214],[14.19451,46.44213],[14.19451,46.44211],[14.19445,46.44211],[14.19427,46.44213],[14.19413,46.44213],[14.19404,46.44212],[14.19403,46.4421],[14.19389,46.4421],[14.19384,46.44212],[14.19382,46.44212],[14.19379,46.44211],[14.19374,46.44211],[14.19369,46.44211],[14.19357,46.44213],[14.19349,46.44224],[14.19343,46.44223],[14.19338,46.44224],[14.19334,46.44224],[14.19331,46.44227],[14.19324,46.44226],[14.19318,46.44228],[14.19317,46.4423],[14.19311,46.44231],[14.19306,46.44235],[14.19297,46.44237],[14.19294,46.4424],[14.19282,46.44241],[14.19281,46.44243],[14.19272,46.44243],[14.19268,46.44244],[14.19264,46.44244],[14.1926,46.44243],[14.19254,46.44242],[14.19245,46.44242],[14.19232,46.44251],[14.19222,46.44251],[14.19191,46.4431],[14.1911,46.44393],[14.19103,46.44389],[14.19101,46.44362],[14.19104,46.44355],[14.19108,46.44351],[14.1911,46.44346],[14.19113,46.44341],[14.19115,46.44335],[14.19111,46.44325],[14.19116,46.44313],[14.19116,46.4431],[14.19114,46.44311],[14.19109,46.44309],[14.191,46.44302],[14.19101,46.44286],[14.19113,46.44284],[14.19113,46.44283],[14.19125,46.44281],[14.19128,46.44279],[14.19128,46.44273],[14.19125,46.44266],[14.19127,46.44259],[14.1912,46.44251],[14.19119,46.44246],[14.19121,46.44244],[14.19123,46.44244],[14.19125,46.44241],[14.19123,46.44234],[14.19124,46.44231],[14.19127,46.44224],[14.19129,46.44217],[14.19118,46.44213],[14.19101,46.44206],[14.19098,46.44202],[14.19096,46.442],[14.19089,46.44201],[14.19085,46.44199],[14.19078,46.44198],[14.19075,46.44196],[14.19066,46.44191],[14.19061,46.44179],[14.19052,46.44167],[14.19053,46.44163],[14.19051,46.44161],[14.19042,46.44155],[14.19038,46.44155],[14.19028,46.44153],[14.19012,46.44158],[14.18995,46.4416],[14.18986,46.44159],[14.18981,46.44155],[14.18974,46.44154],[14.18969,46.44154],[14.18958,46.44151],[14.18948,46.44145],[14.18935,46.44134],[14.18932,46.44127],[14.1893,46.44125],[14.18927,46.44118],[14.18926,46.4411],[14.18929,46.44105],[14.18929,46.44096],[14.18925,46.44092],[14.18926,46.44085],[14.18927,46.44083],[14.18931,46.4408],[14.18934,46.44071],[14.18933,46.44065],[14.18879,46.44032],[14.18854,46.44022],[14.18828,46.44036],[14.18818,46.44038],[14.18811,46.44037],[14.1881,46.44033],[14.18805,46.44028],[14.18798,46.44029],[14.18793,46.44029],[14.18785,46.44023],[14.18782,46.44023],[14.18778,46.44021],[14.18776,46.44018],[14.18775,46.44016],[14.18768,46.44016],[14.18763,46.44011],[14.18762,46.44008],[14.18756,46.44002],[14.18752,46.44002],[14.1875,46.44004],[14.18748,46.44004],[14.18742,46.43996],[14.18733,46.43991],[14.18729,46.4399],[14.18724,46.43986],[14.18719,46.43985],[14.18718,46.43984],[14.18718,46.43972],[14.18716,46.43966],[14.1871,46.4397],[14.18704,46.43971],[14.18703,46.43975],[14.18692,46.43974],[14.18691,46.43971],[14.18684,46.43968],[14.1868,46.43967],[14.18674,46.43964],[14.18669,46.43964],[14.18661,46.4396],[14.18652,46.43959],[14.18645,46.43955],[14.18642,46.43956],[14.18637,46.4396],[14.18627,46.43958],[14.1862,46.43954],[14.18612,46.43949],[14.18601,46.43946],[14.18596,46.43938],[14.1859,46.43938],[14.18586,46.43939],[14.18585,46.43937],[14.18578,46.43936],[14.18577,46.43933],[14.18564,46.43927],[14.18497,46.43911],[14.18489,46.43909],[14.18484,46.43903],[14.18465,46.4389],[14.18459,46.43888],[14.1846,46.43886],[14.18447,46.43879],[14.18448,46.43883],[14.18439,46.43881],[14.18435,46.43878],[14.1842,46.43879],[14.18411,46.43875],[14.18384,46.43855],[14.18377,46.43851],[14.18363,46.4385],[14.18358,46.43852],[14.18353,46.43851],[14.18354,46.43849],[14.1834,46.43842],[14.18321,46.43832],[14.18307,46.43822],[14.18295,46.43826],[14.18282,46.43825],[14.1828,46.43826],[14.18277,46.43825],[14.18275,46.43823],[14.1827,46.4382],[14.18256,46.43818],[14.18245,46.43825],[14.18241,46.43827],[14.18233,46.43832],[14.18232,46.43834],[14.18227,46.43835],[14.18213,46.43841],[14.18198,46.43849],[14.18195,46.43852],[14.18188,46.43853],[14.18186,46.43851],[14.18172,46.43851],[14.18168,46.4385],[14.18154,46.43854],[14.1815,46.43857],[14.18139,46.43852],[14.18117,46.43848],[14.18105,46.43847],[14.18093,46.43847],[14.1809,46.43846],[14.18084,46.43845],[14.18079,46.43842],[14.18062,46.43835],[14.18052,46.4383],[14.18051,46.43827],[14.18053,46.43814],[14.18045,46.4381],[14.18044,46.43807],[14.18043,46.43802],[14.18036,46.43799],[14.18032,46.43806],[14.18027,46.43807],[14.18023,46.43805],[14.18022,46.43803],[14.18023,46.43797],[14.18021,46.43795],[14.18018,46.43788],[14.18013,46.43786],[14.18011,46.43786],[14.18008,46.43786],[14.18006,46.43786],[14.18004,46.43782],[14.18,46.43783],[14.17998,46.43779],[14.17995,46.43778],[14.17993,46.43777],[14.1799,46.43773],[14.17987,46.43772],[14.17985,46.43771],[14.17983,46.43768],[14.17978,46.43767],[14.17975,46.43765],[14.17974,46.43764],[14.17974,46.43763],[14.17959,46.43758],[14.17946,46.43755],[14.17947,46.43754],[14.17949,46.43752],[14.17949,46.43749],[14.17949,46.43742],[14.17948,46.43739],[14.17944,46.43736],[14.17945,46.43733],[14.17943,46.43729],[14.17941,46.43727],[14.17937,46.43726],[14.17936,46.43724],[14.17932,46.43721],[14.17927,46.4372],[14.17914,46.4372],[14.17905,46.43722],[14.17902,46.43724],[14.17905,46.43718],[14.179,46.43711],[14.17899,46.43708],[14.17897,46.43704],[14.17896,46.43699],[14.17877,46.43692],[14.17866,46.43689],[14.17862,46.43691],[14.17859,46.43692],[14.17862,46.43689],[14.17853,46.4368],[14.17853,46.43672],[14.17855,46.4367],[14.17854,46.43665],[14.17851,46.43659],[14.17857,46.4365],[14.17853,46.43644],[14.17846,46.43641],[14.17845,46.43636],[14.17847,46.43634],[14.17841,46.4363],[14.17842,46.43611],[14.17833,46.43602],[14.17826,46.43599],[14.17817,46.43593],[14.17818,46.43591],[14.17817,46.43583],[14.17813,46.43577],[14.17804,46.43559],[14.17803,46.43544],[14.17805,46.43534],[14.178,46.43526],[14.17779,46.43516],[14.17766,46.43489],[14.17766,46.43477],[14.17746,46.4346],[14.17717,46.43431],[14.17664,46.43412],[14.17656,46.434],[14.17648,46.43396],[14.17645,46.434],[14.17637,46.43396],[14.17616,46.43396],[14.17612,46.43398],[14.1761,46.43403],[14.17606,46.43406],[14.17597,46.43405],[14.17593,46.43402],[14.17584,46.43401],[14.17579,46.43404],[14.17576,46.43401],[14.17571,46.434],[14.17569,46.43402],[14.1754,46.43401],[14.17529,46.43397],[14.17526,46.43398],[14.17518,46.43397],[14.17512,46.434],[14.17501,46.43393],[14.17488,46.43392],[14.17484,46.4339],[14.17459,46.43387],[14.17456,46.43388],[14.17451,46.4339],[14.17434,46.43389],[14.1743,46.43387],[14.17419,46.43387],[14.17413,46.43391],[14.17408,46.43396],[14.17399,46.434],[14.1739,46.43398],[14.17374,46.434],[14.17367,46.43397],[14.17347,46.43396],[14.17329,46.43399],[14.17301,46.43393],[14.1729,46.43392],[14.17282,46.43394],[14.17275,46.43398],[14.17266,46.43395],[14.17254,46.4339],[14.17223,46.43383],[14.17211,46.43381],[14.17192,46.43379],[14.17188,46.4338],[14.17181,46.43382],[14.17172,46.43383],[14.17154,46.4338],[14.17143,46.43378],[14.1704,46.43326],[14.17032,46.43325],[14.17018,46.43322],[14.17008,46.43321],[14.17003,46.43319],[14.16999,46.43322],[14.16997,46.43322],[14.16988,46.43321],[14.16987,46.4332],[14.16982,46.4332],[14.16978,46.43317],[14.16964,46.43315],[14.16958,46.43315],[14.16954,46.43313],[14.1695,46.43313],[14.16933,46.4332],[14.16924,46.4332],[14.16916,46.43314],[14.16896,46.43314],[14.16888,46.43315],[14.16882,46.43317],[14.16881,46.43318],[14.16871,46.43333],[14.16857,46.43333],[14.16856,46.43333],[14.16854,46.4333],[14.16843,46.43327],[14.16831,46.43327],[14.16822,46.43329],[14.16818,46.43331],[14.16817,46.43333],[14.16814,46.43342],[14.16809,46.43347],[14.16803,46.43349],[14.16796,46.43351],[14.16792,46.43352],[14.16783,46.43353],[14.16782,46.43354],[14.16769,46.43359],[14.16755,46.43362],[14.16744,46.43361],[14.16725,46.43355],[14.1672,46.43352],[14.16708,46.43349],[14.16699,46.43346],[14.16695,46.43345],[14.16683,46.43345],[14.16663,46.43339],[14.16648,46.43336],[14.16641,46.43336],[14.1663,46.43337],[14.16621,46.43337],[14.16616,46.43339],[14.16612,46.43342],[14.16596,46.43342],[14.16591,46.43344],[14.16583,46.43348],[14.16564,46.43348],[14.16527,46.43345],[14.16506,46.43345],[14.16499,46.43347],[14.16479,46.43345],[14.16474,46.43345],[14.16466,46.43347],[14.16444,46.43358],[14.16439,46.43358],[14.16433,46.43359],[14.1642,46.43357],[14.16397,46.43357],[14.16344,46.43358],[14.1633,46.43361],[14.16321,46.43361],[14.1631,46.43365],[14.16303,46.4337],[14.1629,46.43375],[14.16279,46.4338],[14.16268,46.43389],[14.16256,46.43396],[14.16247,46.43394],[14.16231,46.43394],[14.16228,46.43392],[14.16219,46.43391],[14.16214,46.43389],[14.16209,46.43388],[14.16189,46.43387],[14.16185,46.4339],[14.1618,46.43392],[14.16178,46.43397],[14.16173,46.43402],[14.16169,46.43401],[14.1616,46.434],[14.16159,46.43399],[14.16152,46.434],[14.16148,46.43402],[14.16149,46.43403],[14.16141,46.43406],[14.1614,46.43407],[14.16116,46.43411],[14.16111,46.43412],[14.16106,46.43411],[14.16093,46.4341],[14.16089,46.43409],[14.16079,46.43408],[14.16067,46.4341],[14.16063,46.43411],[14.16059,46.43412],[14.16033,46.43407],[14.16027,46.43416],[14.1602,46.43417],[14.16015,46.43419],[14.1601,46.43418],[14.15994,46.4342],[14.15985,46.43414],[14.15977,46.43415],[14.15972,46.43418],[14.15957,46.43424],[14.15948,46.43424],[14.15941,46.43425],[14.15936,46.43423],[14.15917,46.43425],[14.15901,46.4343],[14.15897,46.43433],[14.15889,46.43435],[14.15877,46.43439],[14.15869,46.43445],[14.15863,46.43447],[14.15844,46.43447],[14.15822,46.43449],[14.15817,46.43449],[14.15812,46.43458],[14.15803,46.43464],[14.15798,46.43465],[14.15791,46.4347],[14.15767,46.43468],[14.15758,46.43476],[14.15755,46.43486],[14.15751,46.43489],[14.15748,46.43493],[14.15732,46.43504],[14.15718,46.43513],[14.15711,46.43514],[14.15704,46.43512],[14.157,46.43509],[14.1569,46.43511],[14.15659,46.43513],[14.15641,46.43512],[14.15618,46.43524],[14.15604,46.4353],[14.1559,46.43532],[14.15576,46.43542],[14.15563,46.43546],[14.15533,46.43557],[14.15513,46.43562],[14.15507,46.43563],[14.15491,46.43567],[14.15464,46.43568],[14.15453,46.43582],[14.15446,46.43591],[14.15446,46.43596],[14.15429,46.4365],[14.15368,46.43679],[14.15339,46.43678],[14.15253,46.43731],[14.15245,46.43766],[14.15219,46.43817],[14.15222,46.43826],[14.15229,46.43835],[14.15236,46.43843],[14.15251,46.43859],[14.15248,46.43867],[14.15237,46.43872],[14.15221,46.43879],[14.15216,46.43884],[14.15215,46.43888],[14.15215,46.43891],[14.15219,46.43902],[14.1523,46.43904],[14.15232,46.43906],[14.15231,46.43908],[14.15222,46.43914],[14.15223,46.43932],[14.1522,46.43934],[14.15222,46.43945],[14.15223,46.43948],[14.15217,46.43957],[14.15215,46.43967],[14.1521,46.43975],[14.15209,46.43989],[14.15206,46.43995],[14.15207,46.4401],[14.15209,46.44018],[14.15206,46.44021],[14.15193,46.44026],[14.1519,46.4403],[14.15189,46.44033],[14.15177,46.44037],[14.1518,46.44049],[14.15183,46.44053],[14.15185,46.4406],[14.15181,46.44062],[14.15178,46.44073],[14.15176,46.4408],[14.15197,46.4408],[14.15215,46.44085],[14.15223,46.44088],[14.15219,46.44092],[14.15215,46.44109],[14.15205,46.4413],[14.15205,46.44141],[14.15208,46.44144],[14.152,46.44148],[14.15196,46.4415],[14.15192,46.4416],[14.1518,46.44179],[14.15168,46.44205],[14.15162,46.44229],[14.15124,46.44296],[14.15129,46.44302],[14.15118,46.44305],[14.15107,46.44309],[14.15101,46.4431],[14.15088,46.44308],[14.15086,46.44309],[14.15083,46.44308],[14.15079,46.44308],[14.15077,46.4431],[14.15072,46.44309],[14.15068,46.44305],[14.15063,46.44304],[14.15058,46.44304],[14.15048,46.44307],[14.15038,46.44306],[14.15035,46.44307],[14.15029,46.44305],[14.15011,46.44307],[14.15008,46.44306],[14.14984,46.44299],[14.14976,46.44297],[14.14941,46.44303],[14.14928,46.44297],[14.14915,46.44295],[14.14911,46.44296],[14.14905,46.443],[14.14893,46.44306],[14.14885,46.44308],[14.14868,46.44303],[14.14859,46.44307],[14.14853,46.4431],[14.14837,46.44311],[14.14825,46.44311],[14.14808,46.44323],[14.14801,46.44326],[14.14799,46.4433],[14.14806,46.44334],[14.14806,46.44338],[14.14799,46.44342],[14.14793,46.4435],[14.14772,46.44349],[14.14755,46.44351],[14.14748,46.44354],[14.1474,46.44356],[14.14738,46.44358],[14.14724,46.44363],[14.14716,46.44371],[14.1471,46.44375],[14.14701,46.44381],[14.14689,46.44397],[14.1468,46.444],[14.14669,46.44403],[14.14664,46.44405],[14.1462,46.44416],[14.14614,46.44426],[14.14611,46.44429],[14.14607,46.44437],[14.14602,46.44441],[14.14592,46.44444],[14.14585,46.44446],[14.14579,46.44448],[14.14577,46.44453],[14.14554,46.44463],[14.14554,46.44468],[14.1455,46.44474],[14.14538,46.44483],[14.14528,46.44488],[14.14519,46.44489],[14.14509,46.44491],[14.14503,46.44494],[14.14488,46.44495],[14.14471,46.445],[14.14458,46.44506],[14.14461,46.44512],[14.14452,46.44536],[14.1445,46.44544],[14.14449,46.44548],[14.14445,46.44552],[14.14444,46.44554],[14.14444,46.44557],[14.14444,46.44565],[14.14444,46.44569],[14.14437,46.44576],[14.14413,46.44578],[14.14399,46.44579],[14.14343,46.446],[14.14337,46.44601],[14.14322,46.44598],[14.1431,46.44594],[14.14303,46.44592],[14.143,46.44592],[14.14285,46.44593],[14.14268,46.44586],[14.1426,46.44593],[14.14253,46.44596],[14.14249,46.44599],[14.1424,46.44598],[14.14229,46.44602],[14.14216,46.44605],[14.14211,46.44607],[14.14207,46.44611],[14.14206,46.44617],[14.14201,46.44622],[14.14198,46.44621],[14.14193,46.44618],[14.14183,46.44622],[14.14175,46.44628],[14.14167,46.4464],[14.14165,46.44641],[14.14151,46.44647],[14.14142,46.44657],[14.14127,46.44663],[14.14119,46.44682],[14.14117,46.44691],[14.14113,46.44695],[14.14111,46.44702],[14.14098,46.44718],[14.14083,46.44732],[14.14085,46.44758],[14.14085,46.44761],[14.14089,46.44766],[14.14088,46.44772],[14.14079,46.44784],[14.14074,46.44794],[14.1406,46.44799],[14.1404,46.44817],[14.14034,46.44827],[14.14025,46.4483],[14.14007,46.44832],[14.13998,46.4483],[14.13983,46.44828],[14.13961,46.44823],[14.13955,46.44822],[14.1394,46.44826],[14.13925,46.44835],[14.13916,46.44845],[14.13912,46.44851],[14.13907,46.44856],[14.139,46.44848],[14.13891,46.44842],[14.13882,46.44839],[14.13863,46.44845],[14.1385,46.44845],[14.13834,46.44847],[14.13813,46.44856],[14.13804,46.44863],[14.13778,46.44884],[14.13773,46.44894],[14.13772,46.44897],[14.13768,46.44901],[14.13763,46.449],[14.13749,46.44905],[14.13745,46.44912],[14.13739,46.44913],[14.13732,46.44916],[14.1373,46.44918],[14.13728,46.44922],[14.1372,46.44935],[14.13706,46.44937],[14.13684,46.44938],[14.13671,46.44944],[14.13663,46.44957],[14.13656,46.44961],[14.13652,46.44968],[14.13648,46.44973],[14.13648,46.4498],[14.13639,46.44988],[14.13629,46.44994],[14.1362,46.45002],[14.13613,46.45003],[14.136,46.45009],[14.1359,46.45016],[14.13572,46.45044],[14.13557,46.45058],[14.13547,46.45065],[14.13535,46.45075],[14.13529,46.45079],[14.13519,46.45082],[14.13514,46.4509],[14.13508,46.45097],[14.13501,46.45099],[14.13502,46.45103],[14.13492,46.45112],[14.13491,46.45118],[14.13496,46.45125],[14.13505,46.45133],[14.13495,46.45146],[14.13496,46.45164],[14.13506,46.45177],[14.13505,46.45202],[14.1351,46.45213],[14.13513,46.45224],[14.13509,46.45233],[14.13507,46.45239],[14.13515,46.45246],[14.13527,46.4525],[14.13531,46.45257],[14.13546,46.45273],[14.13546,46.45278],[14.13564,46.45299],[14.13572,46.45307],[14.13576,46.4531],[14.13574,46.45314],[14.13574,46.45315],[14.1358,46.45317],[14.1358,46.45318],[14.13584,46.45319],[14.13585,46.45321],[14.13582,46.45323],[14.13583,46.45325],[14.13584,46.45329],[14.13585,46.45329],[14.1359,46.45329],[14.13593,46.45332],[14.13588,46.45339],[14.13589,46.45341],[14.13587,46.45344],[14.13581,46.4535],[14.13583,46.45352],[14.13581,46.45357],[14.13586,46.45364],[14.13587,46.4537],[14.13587,46.45373],[14.13592,46.45384],[14.13593,46.45394],[14.13596,46.45403],[14.13595,46.45412],[14.13595,46.45416],[14.13592,46.45423],[14.13592,46.45427],[14.13591,46.45431],[14.13584,46.45441],[14.13585,46.45443],[14.13575,46.45451],[14.13575,46.45453],[14.13572,46.45457],[14.13565,46.45463],[14.13567,46.45468],[14.13572,46.45474],[14.13573,46.45479],[14.13571,46.4549],[14.1358,46.45499],[14.13582,46.45503],[14.13586,46.45505],[14.13584,46.45508],[14.13588,46.45511],[14.13597,46.45513],[14.13598,46.45514],[14.13597,46.45518],[14.13591,46.45524],[14.13589,46.45528],[14.13589,46.45534],[14.13591,46.45537],[14.13587,46.45543],[14.13587,46.45546],[14.13583,46.45561],[14.1358,46.45572],[14.13569,46.45581],[14.13555,46.45589],[14.13549,46.4559],[14.13554,46.45599],[14.13559,46.45603],[14.13561,46.4561],[14.13564,46.45612],[14.13564,46.45616],[14.1355,46.45628],[14.13534,46.45634],[14.13536,46.4564],[14.13536,46.45656],[14.13537,46.45659],[14.13536,46.4567],[14.1354,46.45693],[14.13538,46.45694],[14.13538,46.457],[14.13539,46.45703],[14.13538,46.45706],[14.13535,46.45711],[14.13528,46.45716],[14.13528,46.4572],[14.13535,46.45724],[14.13538,46.45731],[14.13551,46.45751],[14.13554,46.45757],[14.13556,46.45762],[14.13553,46.45767],[14.13552,46.45773],[14.13545,46.45785],[14.13543,46.45789],[14.13541,46.45793],[14.13542,46.45805],[14.13539,46.45807],[14.13537,46.45812],[14.13538,46.45813],[14.13531,46.4583],[14.13527,46.45832],[14.13528,46.45834],[14.13525,46.45843],[14.1352,46.45845],[14.1352,46.45847],[14.13521,46.45849],[14.1352,46.45858],[14.13516,46.45859],[14.13515,46.45864],[14.1351,46.45871],[14.13463,46.45874],[14.13464,46.45879],[14.1346,46.45884],[14.1345,46.45898],[14.13445,46.45899],[14.13442,46.45901],[14.13434,46.45911],[14.13434,46.45914],[14.13435,46.45914],[14.13431,46.45919],[14.13434,46.45927],[14.1342,46.4593],[14.13414,46.4593],[14.13409,46.45933],[14.13407,46.45939],[14.1341,46.45943],[14.13409,46.45949],[14.13399,46.45957],[14.134,46.4596],[14.13403,46.45964],[14.13407,46.45967],[14.13407,46.45975],[14.13403,46.4598],[14.13407,46.45985],[14.13409,46.45989],[14.13404,46.45993],[14.13398,46.45997],[14.13387,46.46003],[14.13374,46.46013],[14.13373,46.46019],[14.13371,46.46022],[14.13368,46.46023],[14.13368,46.46028],[14.13364,46.46028],[14.13362,46.46029],[14.13362,46.46032],[14.13357,46.46036],[14.13354,46.46041],[14.13347,46.46046],[14.13347,46.46049],[14.1334,46.46054],[14.13339,46.46057],[14.13333,46.4606],[14.13328,46.46064],[14.13317,46.46069],[14.13304,46.46079],[14.13294,46.46093],[14.13293,46.46097],[14.13289,46.46097],[14.13285,46.461],[14.13276,46.46102],[14.13265,46.46106],[14.13259,46.4611],[14.13253,46.46116],[14.13251,46.46121],[14.13242,46.46125],[14.13227,46.4613],[14.13222,46.46128],[14.13212,46.46129],[14.13146,46.46158],[14.13093,46.46191],[14.13072,46.46216],[14.13046,46.46274],[14.13005,46.46315],[14.12993,46.4633],[14.12978,46.46335],[14.12971,46.46343],[14.1297,46.46348],[14.12966,46.46355],[14.12962,46.46356],[14.12949,46.46369],[14.12923,46.46401],[14.12921,46.46406],[14.12918,46.4641],[14.12911,46.46417],[14.12911,46.46423],[14.12908,46.46429],[14.12909,46.4644],[14.12899,46.46448],[14.12895,46.46454],[14.12891,46.46453],[14.12878,46.46464],[14.12871,46.46468],[14.12866,46.46471],[14.12859,46.46483],[14.1285,46.46493],[14.12843,46.46497],[14.12833,46.46507],[14.12834,46.46509],[14.1282,46.46525],[14.12837,46.46537],[14.1284,46.4654],[14.12851,46.46543],[14.12853,46.46539],[14.12861,46.46543],[14.12859,46.46546],[14.12869,46.46557],[14.12901,46.46568],[14.12907,46.46573],[14.12912,46.46583],[14.12917,46.46586],[14.12923,46.46587],[14.12927,46.46589],[14.12929,46.46592],[14.12928,46.46595],[14.12931,46.46598],[14.12931,46.46604],[14.12923,46.46613],[14.12934,46.46625],[14.12947,46.46643],[14.12904,46.46691],[14.12829,46.46772],[14.12577,46.47054],[14.1244,46.47201],[14.12395,46.47241],[14.12288,46.47284],[14.12254,46.47293],[14.12149,46.47327],[14.12037,46.47418],[14.12026,46.47451],[14.12015,46.475],[14.12046,46.47561],[14.12152,46.47661],[14.12054,46.47674],[14.11895,46.47694],[14.11861,46.47725],[14.11762,46.47733],[14.11647,46.47741],[14.11604,46.47739],[14.1156,46.47753],[14.11509,46.47788],[14.11469,46.47797],[14.11404,46.47813],[14.11358,46.47828],[14.11254,46.47863],[14.11143,46.47881],[14.11027,46.47905],[14.1091,46.4792],[14.10857,46.47907],[14.10708,46.47938],[14.10599,46.47971],[14.10566,46.47993],[14.10507,46.47995],[14.10462,46.47993],[14.10421,46.4798],[14.10321,46.47922],[14.10248,46.47891],[14.10233,46.47901],[14.10186,46.47894],[14.10173,46.47903],[14.1016,46.47908],[14.10141,46.47913],[14.10141,46.47917],[14.10138,46.4792],[14.10129,46.47926],[14.10105,46.47941],[14.1009,46.47948],[14.10086,46.47948],[14.10067,46.47955],[14.10063,46.47955],[14.10049,46.47962],[14.10031,46.47972],[14.09969,46.47988],[14.09927,46.48007],[14.09973,46.48107],[14.09995,46.48146],[14.09989,46.48156],[14.09988,46.48161],[14.09983,46.48169],[14.09975,46.48176],[14.09967,46.48185],[14.09962,46.48188],[14.09959,46.48193],[14.0994,46.48204],[14.09915,46.4822],[14.09897,46.48227],[14.0989,46.48233],[14.09881,46.48238],[14.09872,46.48245],[14.09867,46.48245],[14.09854,46.4825],[14.0985,46.48252],[14.09846,46.48253],[14.09839,46.48258],[14.09828,46.48255],[14.09814,46.48256],[14.09802,46.48258],[14.09791,46.48261],[14.09781,46.48266],[14.09773,46.48272],[14.09766,46.48278],[14.0966,46.48336],[14.0961,46.48358],[14.0954,46.48407],[14.09538,46.48412],[14.09536,46.48414],[14.09536,46.48422],[14.09527,46.48432],[14.09523,46.48437],[14.09506,46.48447],[14.09502,46.48451],[14.09491,46.48457],[14.09484,46.48457],[14.09478,46.4846],[14.09474,46.48463],[14.0947,46.48468],[14.09465,46.48478],[14.09465,46.48491],[14.09464,46.48494],[14.09462,46.48493],[14.09454,46.48488],[14.09443,46.48488],[14.09432,46.48496],[14.0943,46.48496],[14.09423,46.48501],[14.09421,46.485],[14.09418,46.48501],[14.09411,46.48504],[14.09409,46.48506],[14.09404,46.48506],[14.09402,46.48504],[14.09386,46.48504],[14.09378,46.48505],[14.09373,46.48509],[14.09363,46.48513],[14.09354,46.48515],[14.09336,46.48515],[14.09328,46.48516],[14.09321,46.48518],[14.09304,46.48527],[14.09303,46.4853],[14.09297,46.48534],[14.09283,46.48538],[14.09274,46.48538],[14.09258,46.48543],[14.09237,46.48544],[14.09215,46.48547],[14.09203,46.4855],[14.09197,46.48552],[14.09192,46.48551],[14.09188,46.48552],[14.09183,46.48554],[14.09178,46.48556],[14.09172,46.48561],[14.09162,46.48563],[14.09153,46.4857],[14.09141,46.48568],[14.09136,46.48564],[14.09127,46.48562],[14.09125,46.48562],[14.09117,46.48564],[14.09109,46.4856],[14.09088,46.48562],[14.09086,46.48561],[14.0907,46.48564],[14.09055,46.48563],[14.09051,46.48565],[14.09041,46.48562],[14.09029,46.4856],[14.09011,46.4855],[14.08997,46.48549],[14.08992,46.48546],[14.08987,46.48546],[14.08978,46.48548],[14.08971,46.48548],[14.08964,46.48548],[14.08959,46.48543],[14.08946,46.4854],[14.08921,46.48541],[14.08896,46.48544],[14.0888,46.48541],[14.08868,46.48538],[14.0885,46.4854],[14.08844,46.48539],[14.08837,46.48538],[14.08832,46.48536],[14.08826,46.48535],[14.08812,46.48543],[14.08814,46.48553],[14.08793,46.48565],[14.08785,46.48574],[14.08773,46.48581],[14.08764,46.48595],[14.08753,46.48599],[14.08744,46.48602],[14.08739,46.48608],[14.08738,46.48614],[14.08724,46.48621],[14.087,46.48629],[14.08697,46.48629],[14.08687,46.48636],[14.0868,46.48639],[14.08669,46.48638],[14.08663,46.48642],[14.08661,46.48644],[14.0865,46.48647],[14.08645,46.48648],[14.08635,46.48654],[14.08629,46.48656],[14.08617,46.4866],[14.08612,46.48663],[14.08606,46.48663],[14.08602,46.48664],[14.08581,46.48654],[14.08538,46.48642],[14.08528,46.48638],[14.08502,46.48632],[14.08489,46.48631],[14.08472,46.48627],[14.08454,46.48626],[14.08439,46.48623],[14.0843,46.48624],[14.08421,46.48621],[14.0841,46.48622],[14.084,46.48619],[14.08391,46.48616],[14.08388,46.48616],[14.08373,46.48614],[14.08353,46.48617],[14.08307,46.48625],[14.08266,46.48629],[14.08257,46.48633],[14.08247,46.48632],[14.08221,46.48635],[14.08207,46.48635],[14.08192,46.48638],[14.08177,46.48645],[14.08138,46.48648],[14.08133,46.4865],[14.08126,46.48655],[14.08106,46.48663],[14.08097,46.48665],[14.08087,46.48666],[14.08071,46.48668],[14.08046,46.48676],[14.08026,46.48682],[14.07941,46.48682],[14.07915,46.48673],[14.07855,46.48666],[14.07822,46.48659],[14.07797,46.48662],[14.07734,46.48668],[14.07708,46.4867],[14.07632,46.48685],[14.07489,46.48706],[14.07425,46.48708],[14.07401,46.48712],[14.07368,46.48724],[14.07316,46.48724],[14.07299,46.48727],[14.07251,46.48714],[14.07235,46.48713],[14.07215,46.4871],[14.07168,46.48709],[14.07125,46.48715],[14.07073,46.48721],[14.07048,46.48721],[14.06996,46.48733],[14.06969,46.48737],[14.06949,46.48742],[14.06935,46.48745],[14.06906,46.48764],[14.06892,46.48765],[14.06865,46.4877],[14.06817,46.48785],[14.06793,46.48804],[14.06705,46.48826],[14.06692,46.48848],[14.06647,46.48866],[14.06628,46.48882],[14.06626,46.48892],[14.06613,46.48898],[14.06604,46.48905],[14.06599,46.48907],[14.0658,46.48913],[14.06574,46.48919],[14.06562,46.48921],[14.06543,46.48935],[14.06532,46.48954],[14.06469,46.48948],[14.06463,46.48947],[14.06456,46.4895],[14.06435,46.48955],[14.06373,46.4896],[14.06362,46.4896],[14.06336,46.48964],[14.06302,46.48978],[14.06283,46.48977],[14.06274,46.48983],[14.06267,46.48993],[14.0626,46.48993],[14.06204,46.48986],[14.06163,46.48991],[14.06101,46.48983],[14.06088,46.48984],[14.05977,46.48987],[14.05901,46.48992],[14.05888,46.48995],[14.05876,46.48993],[14.0584,46.48997],[14.05829,46.49],[14.0581,46.49027],[14.058,46.49033],[14.05791,46.49043],[14.05786,46.49057],[14.05719,46.49074],[14.05692,46.49078],[14.05646,46.49091],[14.05625,46.49101],[14.05596,46.49099],[14.05581,46.49102],[14.05565,46.49105],[14.05539,46.49108],[14.05496,46.49122],[14.05463,46.49146],[14.05416,46.49141],[14.05404,46.49141],[14.05357,46.49151],[14.0531,46.49171],[14.05299,46.4918],[14.05278,46.49192],[14.05267,46.49199],[14.05262,46.49205],[14.05241,46.49212],[14.0522,46.49231],[14.05179,46.49257],[14.05171,46.49274],[14.05162,46.49307],[14.05135,46.49316],[14.05075,46.4932],[14.05008,46.49297],[14.04979,46.49272],[14.04795,46.49266],[14.04755,46.4926],[14.04668,46.49268],[14.04631,46.49262],[14.04622,46.49251],[14.04598,46.49253],[14.04507,46.49243],[14.04472,46.49245],[14.04412,46.49256],[14.0439,46.49252],[14.04257,46.49276],[14.04179,46.49287],[14.0412,46.49283],[14.04056,46.49303],[14.04007,46.49281],[14.03943,46.49267],[14.03841,46.49239],[14.03828,46.4922],[14.03763,46.492],[14.03724,46.49202],[14.0363,46.49169],[14.03597,46.4917],[14.03593,46.49153],[14.03577,46.49133],[14.03548,46.49103],[14.03501,46.49097],[14.03462,46.49104],[14.03437,46.49098],[14.03415,46.49079],[14.03376,46.4906],[14.0336,46.49045],[14.03325,46.4902],[14.0329,46.49005],[14.03262,46.48989],[14.03261,46.48979],[14.03248,46.48958],[14.03202,46.48938],[14.03188,46.48905],[14.03185,46.48884],[14.03186,46.48868],[14.03144,46.48823],[14.03142,46.48796],[14.03144,46.48756],[14.03127,46.48725],[14.03104,46.48686],[14.02997,46.48678],[14.02918,46.48677],[14.02905,46.48672],[14.02855,46.48669],[14.02784,46.4868],[14.02739,46.48611],[14.02732,46.48606],[14.02677,46.48596],[14.02602,46.48597],[14.02585,46.48584],[14.02578,46.48543],[14.02567,46.48527],[14.02538,46.48509],[14.02488,46.4851],[14.02487,46.48506],[14.02494,46.48501],[14.02499,46.48482],[14.02494,46.48459],[14.0248,46.48446],[14.02478,46.4839],[14.02473,46.48377],[14.02438,46.48338],[14.02262,46.48283],[14.02172,46.48217],[14.02143,46.48202],[14.02123,46.48182],[14.02092,46.48164],[14.01999,46.4815],[14.01967,46.48138],[14.01948,46.48141],[14.01906,46.48136],[14.01877,46.48138],[14.01829,46.48156],[14.01786,46.48164],[14.01764,46.48159],[14.01731,46.48165],[14.01724,46.48161],[14.01687,46.48162],[14.01678,46.48175],[14.01645,46.48179],[14.01623,46.48188],[14.01563,46.48194],[14.01551,46.48199],[14.01453,46.48215],[14.01409,46.48216],[14.01356,46.48209],[14.01334,46.48215],[14.01289,46.482],[14.01239,46.48207],[14.01226,46.48203],[14.01106,46.482],[14.01071,46.48195],[14.01022,46.48183],[14.0094,46.48157],[14.00851,46.48155],[14.008,46.48139],[14.00688,46.48135],[14.00649,46.48136],[14.00633,46.48147],[14.00556,46.48175],[14.00493,46.48212],[14.00405,46.48257],[14.0037,46.4827],[14.00339,46.48305],[14.00302,46.48329],[14.00288,46.48345],[14.00269,46.48354],[14.00219,46.48385],[14.00195,46.48418],[14.00175,46.48442],[14.00166,46.48444],[14.00105,46.48491],[14.00063,46.48507],[14.00015,46.48531],[13.9996,46.48582],[13.99953,46.48591],[13.99938,46.48595],[13.99924,46.48612],[13.99911,46.48623],[13.99897,46.4864],[13.99877,46.48653],[13.99818,46.48677],[13.99791,46.48697],[13.99766,46.48697],[13.99746,46.48696],[13.99677,46.48709],[13.99658,46.48711],[13.99647,46.48717],[13.99616,46.48723],[13.99579,46.48738],[13.99547,46.48745],[13.99503,46.48751],[13.99474,46.48761],[13.99407,46.48766],[13.9937,46.48765],[13.99346,46.48749],[13.99326,46.4874],[13.99297,46.48739],[13.99264,46.48733],[13.99245,46.48735],[13.99228,46.48742],[13.99213,46.48751],[13.99211,46.48752],[13.99187,46.48752],[13.99168,46.48756],[13.99087,46.48792],[13.99045,46.48804],[13.99006,46.48801],[13.98992,46.48818],[13.98953,46.48834],[13.98969,46.48882],[13.9896,46.48898],[13.9896,46.48914],[13.98951,46.48922],[13.98951,46.48948],[13.98934,46.48995],[13.98928,46.49008],[13.98922,46.49026],[13.98933,46.49048],[13.98923,46.49057],[13.98923,46.49083],[13.98938,46.49108],[13.98902,46.49153],[13.98883,46.49183],[13.98878,46.49216],[13.98882,46.49246],[13.98891,46.49261],[13.98876,46.4929],[13.98844,46.49283],[13.98836,46.49294],[13.98798,46.493],[13.98732,46.49306],[13.98698,46.49304],[13.98667,46.49313],[13.98622,46.49331],[13.98588,46.49334],[13.9849,46.49396],[13.98488,46.49401],[13.98459,46.49407],[13.98417,46.49436],[13.98341,46.49462],[13.98324,46.49466],[13.98312,46.49481],[13.98298,46.49508],[13.98291,46.49527],[13.98259,46.49536],[13.98222,46.49548],[13.98162,46.49559],[13.9809,46.49563],[13.98082,46.49562],[13.98057,46.49571],[13.98035,46.49579],[13.98027,46.49591],[13.98013,46.49599],[13.97989,46.49603],[13.97986,46.49607],[13.9795,46.49613],[13.97899,46.49634],[13.97816,46.49671],[13.97688,46.49748],[13.97644,46.49784],[13.97564,46.49827],[13.97544,46.49819],[13.97535,46.49816],[13.97516,46.49804],[13.97494,46.498],[13.97469,46.49793],[13.9745,46.49786],[13.97437,46.49749],[13.97365,46.49728],[13.97329,46.49708],[13.97276,46.49702],[13.97264,46.49693],[13.9722,46.49682],[13.9719,46.49679],[13.97134,46.49688],[13.97112,46.49685],[13.97089,46.49689],[13.97056,46.4969],[13.97052,46.49692],[13.97025,46.49697],[13.97002,46.49702],[13.9699,46.49702],[13.96983,46.49698],[13.96982,46.49687],[13.96965,46.49682],[13.96946,46.497],[13.96851,46.49748],[13.96764,46.49783],[13.96732,46.49786],[13.96663,46.49828],[13.96543,46.49899],[13.96461,46.49931],[13.96339,46.49998],[13.96296,46.50019],[13.96232,46.5006],[13.96203,46.50075],[13.9616,46.50074],[13.96125,46.50067],[13.96114,46.50072],[13.96105,46.50097],[13.96083,46.5012],[13.96051,46.50136],[13.96045,46.50161],[13.96035,46.50171],[13.96031,46.50201],[13.96005,46.50257],[13.95993,46.50263],[13.95981,46.50292],[13.95952,46.5031],[13.95948,46.50311],[13.95908,46.50321],[13.9589,46.50322],[13.95861,46.50335],[13.95854,46.50334],[13.95814,46.50348],[13.95805,46.50353],[13.95786,46.50365],[13.9576,46.50387],[13.95746,46.50412],[13.95729,46.50415],[13.95724,46.50422],[13.95686,46.50439],[13.95668,46.50444],[13.95664,46.50461],[13.95643,46.50465],[13.95629,46.50473],[13.95605,46.50477],[13.95559,46.5049],[13.9552,46.50491],[13.95517,46.50488],[13.95501,46.50481],[13.9545,46.50515],[13.95412,46.50545],[13.95388,46.50573],[13.95359,46.50587],[13.95327,46.50608],[13.95305,46.50623],[13.95253,46.5063],[13.95234,46.50645],[13.95242,46.50673],[13.9524,46.50684],[13.95253,46.50721],[13.95252,46.50736],[13.95216,46.50735],[13.95157,46.50745],[13.9508,46.50761],[13.95033,46.50753],[13.94993,46.50755],[13.94976,46.50772],[13.94943,46.5078],[13.94933,46.50783],[13.94921,46.50792],[13.94858,46.50805],[13.948,46.5085],[13.9475,46.50881],[13.9472,46.50902],[13.94661,46.5096],[13.94602,46.50956],[13.94589,46.50972],[13.94572,46.50979],[13.94552,46.50994],[13.9454,46.51008],[13.94517,46.51022],[13.94501,46.51021],[13.94489,46.51032],[13.94477,46.51036],[13.94441,46.51077],[13.94344,46.51122],[13.94332,46.51123],[13.94295,46.51148],[13.94282,46.51152],[13.94251,46.51147],[13.9422,46.5116],[13.94175,46.51149],[13.94151,46.51159],[13.9412,46.5115],[13.94108,46.51158],[13.94093,46.51164],[13.94068,46.51157],[13.94051,46.51155],[13.94029,46.51159],[13.93986,46.51157],[13.93977,46.51154],[13.9395,46.51148],[13.93928,46.5116],[13.93924,46.51161],[13.93901,46.51148],[13.93887,46.51148],[13.93875,46.51152],[13.93861,46.51156],[13.93846,46.51154],[13.93832,46.51161],[13.93808,46.51155],[13.93782,46.51176],[13.93757,46.51206],[13.93753,46.51223],[13.93726,46.51224],[13.93716,46.51234],[13.93687,46.51233],[13.93651,46.51244],[13.93633,46.51241],[13.93594,46.51245],[13.93579,46.5125],[13.93565,46.51249],[13.93555,46.51253],[13.93511,46.51278],[13.93465,46.5127],[13.93407,46.51283],[13.93384,46.51295],[13.93324,46.51314],[13.93297,46.51323],[13.93276,46.51334],[13.93242,46.51335],[13.93212,46.51342],[13.93119,46.51374],[13.93099,46.51369],[13.93076,46.51367],[13.93068,46.51368],[13.93017,46.51362],[13.93011,46.51368],[13.93,46.51361],[13.92974,46.51359],[13.92962,46.51372],[13.92927,46.51369],[13.92904,46.51375],[13.9289,46.51376],[13.92878,46.51376],[13.9286,46.51374],[13.92844,46.51377],[13.92827,46.51376],[13.92811,46.5138],[13.92802,46.5138],[13.92797,46.51387],[13.92785,46.51391],[13.92758,46.51396],[13.92734,46.51407],[13.92713,46.51431],[13.92712,46.51451],[13.92685,46.51484],[13.92644,46.51554],[13.92633,46.51575],[13.92605,46.51596],[13.92581,46.51634],[13.92563,46.51649],[13.92542,46.51678],[13.92541,46.51698],[13.92526,46.51711],[13.92502,46.51726],[13.92451,46.51755],[13.92424,46.51779],[13.92396,46.51798],[13.92382,46.51812],[13.92337,46.51835],[13.92315,46.51864],[13.92295,46.5187],[13.92286,46.5187],[13.92263,46.51874],[13.92172,46.51883],[13.92156,46.5189],[13.92153,46.51893],[13.92137,46.519],[13.92107,46.51902],[13.92091,46.5191],[13.92076,46.51911],[13.92052,46.5192],[13.92035,46.51919],[13.92019,46.51932],[13.91976,46.51956],[13.91948,46.51949],[13.91934,46.51948],[13.91916,46.51947],[13.91901,46.51956],[13.91896,46.51957],[13.91873,46.51957],[13.91848,46.51954],[13.91792,46.51957],[13.91773,46.51959],[13.91742,46.51952],[13.91718,46.5196],[13.91684,46.51977],[13.91653,46.51982],[13.91637,46.51982],[13.91564,46.52],[13.91543,46.5201],[13.91529,46.5202],[13.91518,46.5203],[13.91482,46.52041],[13.91438,46.52057],[13.91419,46.52057],[13.91379,46.52062],[13.9136,46.52075],[13.91335,46.52082],[13.91317,46.52085],[13.91297,46.52094],[13.91269,46.5209],[13.91251,46.52095],[13.91232,46.52108],[13.91205,46.52113],[13.91197,46.52114],[13.91168,46.52111],[13.91132,46.52108],[13.91127,46.52103],[13.91099,46.52096],[13.91086,46.52091],[13.91071,46.52083],[13.91067,46.52083],[13.91039,46.52059],[13.91027,46.52061],[13.91013,46.5207],[13.91007,46.52067],[13.90982,46.52067],[13.90961,46.52064],[13.90933,46.52067],[13.90928,46.52068],[13.90904,46.52064],[13.90883,46.52063],[13.9088,46.52054],[13.9087,46.5204],[13.90865,46.52035],[13.90853,46.52029],[13.90851,46.52018],[13.90845,46.5201],[13.90825,46.51999],[13.90819,46.52002],[13.90811,46.52],[13.90797,46.51994],[13.90794,46.51986],[13.90785,46.51979],[13.90755,46.51964],[13.90725,46.51953],[13.90719,46.51953],[13.90702,46.51943],[13.90678,46.51936],[13.90671,46.51933],[13.90666,46.51939],[13.90657,46.51941],[13.9065,46.51941],[13.90645,46.51945],[13.90626,46.51936],[13.90617,46.51937],[13.90607,46.51934],[13.90598,46.51932],[13.90576,46.51937],[13.90572,46.51932],[13.90552,46.51924],[13.90538,46.51924],[13.90531,46.51928],[13.90527,46.51925],[13.90512,46.51925],[13.90488,46.51909],[13.9047,46.51911],[13.90444,46.51902],[13.90435,46.51903],[13.90427,46.51899],[13.9042,46.51899],[13.90416,46.51895],[13.90403,46.51894],[13.90393,46.51889],[13.90391,46.51888],[13.90348,46.51893],[13.90331,46.519],[13.90323,46.51899],[13.90287,46.51905],[13.90284,46.51907],[13.90279,46.51909],[13.90238,46.5191],[13.90222,46.51906],[13.90208,46.51904],[13.9018,46.51913],[13.90151,46.51889],[13.90138,46.51884],[13.90121,46.51881],[13.9009,46.51888],[13.90072,46.51889],[13.90043,46.51903],[13.90044,46.51915],[13.90027,46.51915],[13.90012,46.51902],[13.89986,46.51906],[13.89972,46.51902],[13.89964,46.51901],[13.8993,46.51909],[13.89917,46.51906],[13.89909,46.51909],[13.89896,46.5191],[13.89887,46.51913],[13.89879,46.51923],[13.89839,46.51928],[13.89812,46.5192],[13.89781,46.51917],[13.89765,46.5191],[13.89741,46.51917],[13.89736,46.51915],[13.8972,46.51913],[13.89717,46.51917],[13.89699,46.51923],[13.89687,46.51923],[13.89674,46.51927],[13.89666,46.51926],[13.89628,46.51919],[13.89624,46.51922],[13.89604,46.51927],[13.89587,46.51928],[13.89565,46.51933],[13.89552,46.51946],[13.89543,46.51949],[13.89533,46.51968],[13.8952,46.51977],[13.89519,46.51982],[13.8952,46.51988],[13.89511,46.51991],[13.89506,46.51998],[13.895,46.51999],[13.89493,46.52007],[13.89482,46.52016],[13.89475,46.52016],[13.89472,46.52019],[13.89468,46.52018],[13.89457,46.52021],[13.89449,46.52021],[13.89431,46.52026],[13.89415,46.52037],[13.89416,46.52039],[13.89411,46.5204],[13.89403,46.52041],[13.89396,46.52044],[13.89394,46.52052],[13.89369,46.5205],[13.89305,46.52082],[13.89275,46.52106],[13.89237,46.52121],[13.89193,46.52113],[13.8917,46.5212],[13.89136,46.52121],[13.89125,46.52121],[13.89121,46.52119],[13.89103,46.52119],[13.89093,46.52116],[13.89082,46.52121],[13.89075,46.52117],[13.89063,46.52114],[13.89046,46.52109],[13.89036,46.521],[13.89026,46.52095],[13.89016,46.52095],[13.89012,46.52093],[13.89003,46.52096],[13.88988,46.52096],[13.88987,46.52093],[13.88975,46.52081],[13.8896,46.52076],[13.88941,46.52076],[13.88933,46.52075],[13.88917,46.52077],[13.88903,46.52074],[13.88878,46.5208],[13.88868,46.52078],[13.88857,46.5208],[13.88824,46.52092],[13.88819,46.52091],[13.88802,46.52096],[13.88789,46.52102],[13.88749,46.52097],[13.88729,46.52102],[13.88676,46.52114],[13.88625,46.52149],[13.88613,46.52147],[13.8859,46.52153],[13.88568,46.52163],[13.88561,46.5217],[13.88543,46.52169],[13.88529,46.52168],[13.88519,46.52165],[13.88513,46.52166],[13.88498,46.52171],[13.88485,46.52181],[13.88478,46.52182],[13.88462,46.52183],[13.88454,46.52184],[13.88441,46.5219],[13.88427,46.5219],[13.88407,46.522],[13.88393,46.52199],[13.88379,46.522],[13.88359,46.52204],[13.88347,46.52217],[13.88335,46.52219],[13.88331,46.52223],[13.88321,46.52229],[13.88297,46.52234],[13.88288,46.52245],[13.88267,46.52259],[13.88243,46.52257],[13.88198,46.52278],[13.88178,46.52266],[13.88144,46.52233],[13.88141,46.52186],[13.88126,46.52173],[13.88098,46.52167],[13.88105,46.52161],[13.8807,46.52104],[13.88042,46.52084],[13.88032,46.52065],[13.88034,46.52026],[13.87985,46.51974],[13.87937,46.51939],[13.87879,46.51913],[13.87808,46.51943],[13.87769,46.51938],[13.87715,46.5195],[13.87545,46.51886],[13.87503,46.51881],[13.87479,46.51872],[13.87458,46.51879],[13.87437,46.51875],[13.87406,46.51884],[13.87371,46.51897],[13.87336,46.51895],[13.87244,46.51917],[13.87201,46.51917],[13.87143,46.51921],[13.87116,46.51911],[13.87013,46.51879],[13.86997,46.51866],[13.86972,46.51862],[13.86916,46.51841],[13.8688,46.51826],[13.86856,46.51827],[13.86744,46.51801],[13.86704,46.51802],[13.86594,46.51749],[13.86589,46.51734],[13.86518,46.51699],[13.86453,46.51653],[13.86414,46.51624],[13.86396,46.51605],[13.86354,46.51595],[13.86322,46.51581],[13.86303,46.51547],[13.86237,46.51508],[13.86158,46.51507],[13.86147,46.51515],[13.86097,46.51516],[13.86088,46.5153],[13.86062,46.51536],[13.86031,46.51505],[13.8601,46.51495],[13.85981,46.51477],[13.85943,46.51461],[13.85916,46.51452],[13.85896,46.51451],[13.85871,46.51438],[13.85864,46.51426],[13.85845,46.51423],[13.85803,46.51411],[13.85704,46.51402],[13.85651,46.51398],[13.85627,46.51392],[13.85613,46.514],[13.85581,46.51402],[13.85548,46.51394],[13.85528,46.51387],[13.85515,46.51393],[13.8547,46.51397],[13.85422,46.51404],[13.85402,46.51404],[13.85392,46.51403],[13.8536,46.51412],[13.85345,46.51419],[13.85336,46.51431],[13.85204,46.51449],[13.85152,46.51444],[13.85137,46.51439],[13.85067,46.51438],[13.84965,46.51426],[13.84919,46.51431],[13.84847,46.51418],[13.8478,46.51426],[13.84737,46.5144],[13.84691,46.51446],[13.84631,46.51462],[13.84601,46.5146],[13.84533,46.51481],[13.84494,46.51497],[13.84448,46.51523],[13.84397,46.51543],[13.84287,46.51575],[13.84196,46.51596],[13.84146,46.51587],[13.84027,46.5157],[13.84005,46.51579],[13.83939,46.51597],[13.8388,46.51594],[13.83792,46.51603],[13.83772,46.51608],[13.83668,46.51642],[13.83626,46.51662],[13.83547,46.51698],[13.83511,46.51727],[13.83476,46.51766],[13.83429,46.51803],[13.83433,46.51843],[13.83341,46.5186],[13.83229,46.5187],[13.83129,46.51867],[13.83006,46.51821],[13.82957,46.51749],[13.8293,46.51729],[13.82861,46.51693],[13.82879,46.51606],[13.829,46.51562],[13.82919,46.51526],[13.82907,46.51507],[13.82881,46.51495],[13.82817,46.51448],[13.82762,46.51413],[13.82709,46.5136],[13.82604,46.51338],[13.82565,46.51325],[13.82528,46.51316],[13.82472,46.5131],[13.82416,46.51307],[13.82383,46.51301],[13.82301,46.513],[13.82247,46.51284],[13.82206,46.5127],[13.82178,46.51255],[13.82158,46.5123],[13.82124,46.51195],[13.8212,46.51184],[13.82104,46.51146],[13.82095,46.51118],[13.82092,46.51072],[13.82084,46.51052],[13.82058,46.51044],[13.81987,46.51029],[13.81882,46.51037],[13.81867,46.51032],[13.81802,46.51017],[13.81732,46.51011],[13.81723,46.50992],[13.81688,46.50965],[13.8165,46.50937],[13.81621,46.50896],[13.81626,46.50865],[13.81598,46.50851],[13.81601,46.50818],[13.81586,46.50804],[13.81533,46.50761],[13.81501,46.50739],[13.81425,46.50709],[13.81395,46.50701],[13.8137,46.5069],[13.81292,46.50677],[13.81252,46.50669],[13.81244,46.50646],[13.81219,46.50621],[13.81151,46.50603],[13.81077,46.50599],[13.8104,46.50606],[13.80963,46.50612],[13.80917,46.50618],[13.80853,46.50629],[13.8079,46.50637],[13.80715,46.50662],[13.80697,46.50673],[13.80653,46.50683],[13.80588,46.50701],[13.8056,46.50704],[13.80459,46.50701],[13.80411,46.50691],[13.80351,46.50674],[13.80251,46.50655],[13.80214,46.50652],[13.80184,46.50658],[13.8013,46.5066],[13.80017,46.50654],[13.79942,46.50646],[13.79895,46.50655],[13.79852,46.50645],[13.7983,46.50647],[13.79726,46.50615],[13.79691,46.50607],[13.79651,46.50585],[13.79625,46.50583],[13.79577,46.50558],[13.79523,46.5054],[13.79474,46.50532],[13.79445,46.50534],[13.79401,46.5055],[13.79371,46.50572],[13.79355,46.50605],[13.79316,46.50648],[13.79302,46.50692],[13.79289,46.50722],[13.79263,46.50747],[13.79235,46.50773],[13.79215,46.50778],[13.79198,46.50792],[13.7914,46.50789],[13.79087,46.50779],[13.79009,46.50763],[13.78974,46.50773],[13.78892,46.50813],[13.78853,46.50826],[13.78829,46.50838],[13.78786,46.50863],[13.78739,46.50887],[13.78698,46.50916],[13.78643,46.50968],[13.78629,46.50987],[13.78605,46.51011],[13.78538,46.51042],[13.78503,46.5107],[13.78448,46.51077],[13.78411,46.51101],[13.78368,46.51128],[13.7831,46.51135],[13.78244,46.51153],[13.78178,46.51168],[13.78148,46.51178],[13.78144,46.51178],[13.78085,46.51196],[13.78053,46.51203],[13.78015,46.51212],[13.78011,46.5123],[13.77992,46.51268],[13.77974,46.51293],[13.7797,46.51303],[13.77975,46.5138],[13.77967,46.51403],[13.7796,46.51421],[13.77964,46.51429],[13.77955,46.51446],[13.77947,46.5148],[13.77928,46.51508],[13.77917,46.51544],[13.77887,46.51572],[13.7787,46.51593],[13.77859,46.51616],[13.77863,46.51647],[13.77862,46.51661],[13.77872,46.51692],[13.77868,46.51714],[13.7785,46.51726],[13.77805,46.51739],[13.77758,46.51736],[13.77668,46.51736],[13.77636,46.51761],[13.77622,46.5175],[13.77589,46.51722],[13.77533,46.51673],[13.77504,46.51644],[13.77435,46.51601],[13.77365,46.51602],[13.77248,46.51607],[13.77194,46.51621],[13.77126,46.51636],[13.77096,46.51627],[13.77081,46.51607],[13.77058,46.51603],[13.77028,46.51611],[13.76983,46.51603],[13.76907,46.51583],[13.76837,46.51573],[13.76771,46.5156],[13.76754,46.51532],[13.76751,46.5151],[13.76696,46.51475],[13.76677,46.51466],[13.76634,46.5145],[13.76593,46.51461],[13.7654,46.51471],[13.76489,46.51487],[13.7644,46.51505],[13.76434,46.5151],[13.76426,46.51515],[13.76417,46.51518],[13.76399,46.51523],[13.76356,46.51538],[13.76302,46.51557],[13.76247,46.51578],[13.76219,46.51592],[13.76176,46.51604],[13.76166,46.51611],[13.76136,46.51622],[13.76069,46.51644],[13.7606,46.5165],[13.76008,46.51665],[13.75983,46.51674],[13.75955,46.51679],[13.75919,46.51675],[13.75879,46.51693],[13.75859,46.5171],[13.75851,46.51713],[13.75826,46.51714],[13.75808,46.51719],[13.75774,46.51737],[13.75744,46.51746],[13.75683,46.5175],[13.75676,46.51748],[13.75614,46.51764],[13.75583,46.5177],[13.75578,46.51773],[13.75526,46.51773],[13.75458,46.51795],[13.7541,46.51804],[13.7539,46.51803],[13.75269,46.51788],[13.75156,46.51774],[13.75054,46.51765],[13.74947,46.51751],[13.7488,46.51747],[13.74853,46.5174],[13.7484,46.51739],[13.74825,46.51731],[13.74782,46.51726],[13.74774,46.51722],[13.74755,46.51724],[13.74751,46.51727],[13.74731,46.51731],[13.74721,46.51736],[13.74672,46.51751],[13.74632,46.51756],[13.7461,46.51756],[13.74563,46.51748],[13.74552,46.5175],[13.74533,46.51746],[13.74516,46.51741],[13.74508,46.51733],[13.74449,46.51715],[13.74403,46.51718],[13.74389,46.51716],[13.74357,46.51707],[13.74303,46.51704],[13.7428,46.51702],[13.7426,46.51704],[13.74246,46.51704],[13.74211,46.51709],[13.74156,46.51709],[13.7414,46.51708],[13.74103,46.51699],[13.7409,46.51701],[13.74071,46.51704],[13.7406,46.51707],[13.74051,46.51708],[13.7402,46.51707],[13.74004,46.51702],[13.73993,46.517],[13.73981,46.51702],[13.73912,46.517],[13.73886,46.51704],[13.73838,46.51711],[13.73805,46.51709],[13.7374,46.51708],[13.73697,46.51731],[13.73655,46.51747],[13.73616,46.51765],[13.73584,46.51779],[13.73527,46.51802],[13.734,46.51825],[13.73351,46.51856],[13.73304,46.51897],[13.73275,46.51929],[13.73231,46.51954],[13.73151,46.51985],[13.73039,46.52014],[13.72939,46.5205],[13.72877,46.52085],[13.7279,46.52124],[13.72622,46.52201],[13.72623,46.52246],[13.72583,46.52315],[13.72529,46.52312],[13.72477,46.52317],[13.72452,46.52311],[13.72372,46.52308],[13.72283,46.52311],[13.7221,46.52326],[13.72146,46.52346],[13.72096,46.52321],[13.72067,46.52326],[13.72018,46.52305],[13.7187,46.5228],[13.71777,46.52262],[13.71728,46.52258],[13.71633,46.5228],[13.71535,46.52251],[13.71488,46.52254],[13.71455,46.52251],[13.71419,46.52269],[13.71409,46.523],[13.71369,46.52299],[13.71284,46.52269],[13.71207,46.52226],[13.71169,46.52216],[13.71171,46.52212],[13.71086,46.52158],[13.71042,46.52123],[13.70968,46.52129],[13.70853,46.52101],[13.70666,46.52111],[13.70533,46.52105],[13.70451,46.52134],[13.70451,46.52149],[13.70429,46.52159],[13.70367,46.52158],[13.70272,46.52192],[13.7026,46.52241],[13.70162,46.52245],[13.70028,46.52285],[13.69822,46.52327],[13.69662,46.52322],[13.69435,46.5226],[13.69399,46.52191],[13.69312,46.52154],[13.69184,46.5215],[13.69148,46.52115],[13.69115,46.52103],[13.68985,46.52151],[13.68038,46.52167],[13.67307,46.52313],[13.67117,46.5249],[13.6695,46.52507],[13.66894,46.52585],[13.66673,46.52679],[13.66272,46.52683],[13.66052,46.52745],[13.659,46.52769],[13.65861,46.52854],[13.65844,46.5293],[13.6445,46.53326],[13.643,46.53263],[13.64076,46.53477],[13.63804,46.53571],[13.62797,46.54135],[13.61056,46.54359],[13.60103,46.54315],[13.59737,46.54566],[13.59202,46.54614],[13.58715,46.54458],[13.58296,46.53972],[13.57628,46.53801],[13.56931,46.53963],[13.56924,46.54451],[13.56093,46.55191],[13.55735,46.55123],[13.54912,46.55309],[13.53924,46.5529],[13.53498,46.54967],[13.51997,46.5469],[13.51197,46.55216],[13.51154,46.55543],[13.50534,46.55591],[13.50422,46.56633],[13.49956,46.5659],[13.47836,46.5607],[13.47526,46.5576],[13.46213,46.55912],[13.45162,46.55924],[13.44275,46.55663],[13.43663,46.55925],[13.42723,46.55753],[13.4075,46.56151],[13.40694,46.5642],[13.4098,46.57206],[13.40086,46.5721],[13.38858,46.57667],[13.37227,46.57926],[13.36839,46.57377],[13.37089,46.56731],[13.37047,46.56698],[13.36198,46.56988],[13.3524,46.56654],[13.34471,46.56999],[13.33824,46.56367],[13.32769,46.55815],[13.32317,46.55451],[13.32059,46.55119],[13.31271,46.55362],[13.29755,46.56029],[13.28786,46.55918],[13.2855,46.55706],[13.26943,46.56125],[13.26098,46.55724],[13.25282,46.56049],[13.24204,46.55608],[13.23979,46.55171],[13.23253,46.55359],[13.23238,46.5589],[13.22654,46.56424],[13.21732,46.5705],[13.20909,46.56928],[13.20321,46.57226],[13.19467,46.57188],[13.17914,46.57779],[13.1789,46.57915],[13.17733,46.57961],[13.17707,46.58172],[13.17527,46.58185],[13.17446,46.58269],[13.17126,46.58352],[13.16868,46.58498],[13.16931,46.58604],[13.1684,46.58824],[13.16855,46.58892],[13.16546,46.58926],[13.16255,46.58818],[13.15984,46.58871],[13.15948,46.58858],[13.15686,46.5887],[13.1563,46.58902],[13.15313,46.58871],[13.15083,46.59001],[13.14989,46.58912],[13.14793,46.58858],[13.14783,46.58808],[13.14632,46.58709],[13.14381,46.58756],[13.14214,46.58979],[13.13802,46.5907],[13.13772,46.59126],[13.13476,46.59079],[13.13304,46.59172],[13.13042,46.59122],[13.13034,46.59076],[13.12826,46.5919],[13.12575,46.59095],[13.1242,46.59165],[13.12167,46.59178],[13.11768,46.59418],[13.11521,46.5941],[13.11489,46.59384],[13.11373,46.59395],[13.11281,46.59507],[13.10899,46.59607],[13.10826,46.59535],[13.10755,46.59551],[13.10613,46.59439],[13.1041,46.59529],[13.10266,46.59536],[13.09665,46.59729],[13.09223,46.60046],[13.09139,46.60032],[13.09019,46.60097],[13.08358,46.60204],[13.08221,46.6007],[13.08221,46.60054],[13.08212,46.60041],[13.0824,46.60014],[13.08234,46.59996],[13.0821,46.59996],[13.08182,46.60023],[13.08139,46.60014],[13.08056,46.59968],[13.08034,46.59968],[13.07893,46.59914],[13.0774,46.59965],[13.07504,46.5993],[13.07401,46.59957],[13.07249,46.59878],[13.07036,46.5997],[13.07006,46.59971],[13.06918,46.599],[13.0686,46.59893],[13.06665,46.59934],[13.06431,46.5997],[13.06365,46.59989],[13.06272,46.59974],[13.06242,46.59943],[13.06242,46.59924],[13.06176,46.59818],[13.06167,46.59763],[13.06131,46.59735],[13.0613,46.59716],[13.0598,46.59677],[13.05631,46.59739],[13.05609,46.59761],[13.05549,46.59734],[13.05162,46.59703],[13.04971,46.59585],[13.04642,46.59528],[13.04096,46.59725],[13.0276,46.5972],[13.0215,46.60221],[13.00739,46.59925],[12.99338,46.60173],[12.98137,46.60223],[12.97751,46.60067],[12.9667,46.60509],[12.95654,46.60651],[12.94884,46.60226],[12.94489,46.60358],[12.93404,46.6083],[12.93187,46.60992],[12.92424,46.60894],[12.91008,46.60965],[12.90504,46.60758],[12.89901,46.60972],[12.89625,46.60948],[12.88854,46.60669],[12.88209,46.60713],[12.87741,46.60919],[12.87302,46.60753],[12.86543,46.6099],[12.86086,46.60644],[12.84774,46.60542],[12.83364,46.61022],[12.83452,46.61432],[12.83361,46.62191],[12.83719,46.62747],[12.83099,46.629],[12.83129,46.63133],[12.82881,46.63118],[12.81904,46.62817],[12.81659,46.63144],[12.80405,46.63317],[12.79598,46.63868],[12.79543,46.64241],[12.78432,46.64499],[12.76253,46.64795],[12.75103,46.64539],[12.74639,46.64186],[12.74564,46.63829],[12.74024,46.63652],[12.73785,46.63484],[12.73495,46.63569],[12.73006,46.63473],[12.72688,46.64037],[12.72163,46.64173],[12.71599,46.6492],[12.70123,46.65095],[12.69064,46.65695],[12.68206,46.65592],[12.66844,46.65764],[12.65066,46.65312],[12.64122,46.65221],[12.63405,46.65483],[12.63109,46.6614],[12.61907,46.66183],[12.60272,46.6561],[12.57837,46.65685],[12.56903,46.6514],[12.56001,46.65312],[12.55888,46.6574],[12.54724,46.65922],[12.53663,46.66742],[12.52871,46.67006],[12.52804,46.67415],[12.52312,46.6754],[12.5201,46.67691],[12.51781,46.67755],[12.51579,46.67842],[12.51318,46.67838],[12.51091,46.67792],[12.5094,46.67796],[12.50885,46.67776],[12.50613,46.67779],[12.50544,46.67947],[12.50506,46.67986],[12.50415,46.68001],[12.50361,46.68034],[12.50181,46.68062],[12.50119,46.67985],[12.50009,46.67848],[12.49921,46.67757],[12.497,46.67705],[12.49629,46.67757],[12.49427,46.67758],[12.4939,46.67674],[12.49242,46.67643],[12.48621,46.67745],[12.4828,46.677],[12.48026,46.67762],[12.47908,46.67831],[12.47801,46.67978],[12.47732,46.68153],[12.47758,46.68284],[12.47647,46.684],[12.47653,46.68474],[12.47584,46.68569],[12.47383,46.68688],[12.47067,46.6868],[12.46901,46.68732],[12.46738,46.68728],[12.46536,46.68651],[12.46202,46.68666],[12.46064,46.68748],[12.45446,46.68819],[12.45335,46.68978],[12.44854,46.68955],[12.44562,46.69008],[12.4427,46.68843],[12.43918,46.68996],[12.43661,46.69202],[12.43172,46.69426],[12.42777,46.69479],[12.4282,46.6972],[12.42751,46.69891],[12.42588,46.6997],[12.42283,46.6997],[12.41919,46.69932],[12.41399,46.70082],[12.41335,46.70188],[12.41133,46.70261],[12.41043,46.70382],[12.41,46.70615],[12.4073,46.70547],[12.40417,46.70647],[12.40335,46.70706],[12.40232,46.70694],[12.40082,46.70812],[12.40082,46.70906],[12.39902,46.71041],[12.39468,46.71135],[12.39404,46.71253],[12.3912,46.71324],[12.38975,46.71436],[12.38751,46.71506],[12.3879,46.71562],[12.38674,46.71653],[12.38511,46.71633],[12.384,46.71642],[12.37777,46.72224],[12.37782,46.72657],[12.37584,46.73233],[12.37387,46.73204],[12.37126,46.74037],[12.37013,46.74035],[12.37006,46.7406],[12.36972,46.74053],[12.36914,46.74041],[12.36841,46.74236],[12.36863,46.7451],[12.367,46.74674],[12.36728,46.7474],[12.36588,46.75374],[12.35807,46.76944],[12.35919,46.77279],[12.35747,46.77502],[12.3537,46.77532],[12.35112,46.77696],[12.34254,46.77626],[12.33679,46.77914],[12.33254,46.7792],[12.32653,46.7814],[12.30949,46.78513],[12.28443,46.7829],[12.28048,46.7923],[12.29216,46.80253],[12.28237,46.81522],[12.30572,46.83319],[12.30537,46.84282],[12.2958,46.84343],[12.29658,46.84769],[12.29203,46.84977],[12.28945,46.85726],[12.29168,46.86509],[12.27529,46.87337],[12.27795,46.87932],[12.27413,46.88437],[12.26864,46.88621],[12.26671,46.88797],[12.26061,46.88706],[12.24559,46.88897],[12.24216,46.89123],[12.23615,46.88891],[12.23654,46.88621],[12.23353,46.88299],[12.22783,46.87865],[12.22186,46.88014],[12.21817,46.87357],[12.20624,46.88237],[12.19663,46.89293],[12.19942,46.89604],[12.19534,46.90017],[12.1889,46.90624],[12.18019,46.90827],[12.17667,46.907],[12.16993,46.91023],[12.16152,46.90671],[12.15981,46.90912],[12.14393,46.91375],[12.15208,46.91727],[12.16187,46.92993],[12.16762,46.93303],[12.16865,46.93766],[12.15878,46.95073],[12.13843,46.95647],[12.13071,46.96438],[12.13646,46.96538],[12.13852,46.98213],[12.12822,46.98517],[12.12135,47.00671],[12.1471,47.02474],[12.1641,47.01959],[12.17989,47.02474],[12.20461,47.02743],[12.21714,47.04615],[12.21718,47.05109],[12.21542,47.0551],[12.21684,47.05866],[12.23199,47.06392],[12.23478,47.06492],[12.23924,47.06746],[12.24079,47.06913],[12.23731,47.07042],[12.23028,47.0763],[12.22695,47.08211],[12.21726,47.08409],[12.21541,47.08608],[12.19794,47.08872],[12.18598,47.09212],[12.18052,47.09113],[12.17774,47.08797],[12.15157,47.07929],[12.13602,47.08068],[12.1336,47.07737],[12.13035,47.07789],[12.11896,47.07323],[12.10672,47.0776],[12.09955,47.07819],[12.09192,47.07605],[12.09213,47.07375],[12.08327,47.06995],[12.07688,47.059],[12.05948,47.05851],[12.05647,47.06106],[12.05277,47.06077],[12.05097,47.06189],[12.04411,47.06141],[12.03526,47.05843],[12.03072,47.05053],[12.0278,47.05018],[12.02145,47.04732],[11.99158,47.04907],[11.98488,47.0472],[11.97939,47.05048],[11.97321,47.04743],[11.96754,47.04042],[11.96171,47.04007],[11.95639,47.04322],[11.95055,47.03784],[11.94969,47.03492],[11.9466,47.03269],[11.94283,47.03574],[11.93167,47.03691],[11.91536,47.03281],[11.91536,47.02872],[11.91141,47.02837],[11.89527,47.02053],[11.89304,47.0162],[11.87897,47.01608],[11.8745,47.00999],[11.86867,47.0114],[11.86,47.00818],[11.85236,47.00033],[11.84498,47.00174],[11.83665,46.99296],[11.82781,46.99325],[11.81597,46.98997],[11.81022,46.98997],[11.80352,46.99173],[11.79099,46.9895],[11.78163,46.99272],[11.78052,46.98915],[11.77305,46.98517],[11.76507,46.97282],[11.72996,46.97276],[11.71211,46.99255],[11.66525,46.99161],[11.63589,47.00227],[11.62688,47.01309],[11.62139,47.0114],[11.6159,47.01263],[11.60937,47.01072],[11.608,47.0092],[11.60551,47.00853],[11.60422,47.00709],[11.59907,47.00502],[11.5971,47.00584],[11.58955,47.00531],[11.57976,47.00156],[11.58234,46.99758],[11.53788,46.98406],[11.51273,47.00496],[11.50243,47.00709],[11.50211,47.00682],[11.50084,47.00724],[11.50088,47.00763],[11.50109,47.00802],[11.502,47.00886],[11.50223,47.00941],[11.50196,47.00948],[11.50203,47.00965],[11.47882,47.01069],[11.47127,47.00373],[11.46852,46.99793],[11.46973,46.99553],[11.46402,46.99346],[11.46046,46.99126],[11.45737,46.99249],[11.45368,46.99272],[11.44278,46.98043],[11.44295,46.97697],[11.4402,46.97504],[11.43093,46.97264],[11.42647,46.96942],[11.41926,46.96907],[11.41754,46.96626],[11.41591,46.96713],[11.40922,46.96708],[11.40475,46.96491],[11.40201,46.96503],[11.39222,46.96965],[11.38909,46.96936],[11.3875,46.97012],[11.38227,46.97056],[11.38012,46.97539],[11.37797,46.97633],[11.37746,46.9775],[11.37463,46.98014],[11.3657,46.98382],[11.36476,46.9871],[11.36072,46.98845],[11.35919,46.98998],[11.35875,46.99041],[11.3563,46.99067],[11.35128,46.98939],[11.34836,46.98953],[11.34776,46.99067],[11.34579,46.99094],[11.34446,46.98939],[11.34222,46.98851],[11.34227,46.98719],[11.34072,46.9852],[11.33892,46.98552],[11.33699,46.98482],[11.33583,46.98541],[11.33424,46.98842],[11.33287,46.98868],[11.32828,46.98854],[11.32609,46.99082],[11.32008,46.9924],[11.31712,46.99103],[11.30776,46.984],[11.30527,46.98423],[11.30244,46.98324],[11.2942,46.98622],[11.28854,46.98599],[11.28373,46.98295],[11.27129,46.97949],[11.26554,46.98049],[11.26373,46.98081],[11.25918,46.97852],[11.25678,46.97422],[11.24914,46.9744],[11.24441,46.97162],[11.24116,46.96971],[11.22043,46.96927],[11.207,46.96242],[11.20558,46.96344],[11.20288,46.96819],[11.19524,46.97047],[11.19215,46.96886],[11.19022,46.97053],[11.187,46.96977],[11.18279,46.96596],[11.17825,46.96426],[11.17713,46.96268],[11.17507,46.96256],[11.16923,46.96467],[11.16829,46.96464],[11.1643,46.96579],[11.16812,46.94502],[11.16168,46.93928],[11.15516,46.93403],[11.15215,46.9338],[11.14971,46.93166],[11.14829,46.93139],[11.14554,46.93022],[11.14271,46.9301],[11.13962,46.92741],[11.13379,46.92849],[11.12967,46.92767],[11.12833,46.92899],[11.12705,46.92931],[11.124,46.92934],[11.11872,46.93084],[11.11507,46.93122],[11.10958,46.9265],[11.11011,46.92428],[11.1113,46.91932],[11.10924,46.91577],[11.10709,46.91595],[11.09731,46.91363],[11.09465,46.90835],[11.09525,46.90595],[11.09731,46.90542],[11.09791,46.90173],[11.0992,46.90143],[11.09941,46.89721],[11.09675,46.89334],[11.09744,46.89085],[11.10164,46.88976],[11.08778,46.87744],[11.07787,46.85899],[11.07319,46.85773],[11.07207,46.85508],[11.07164,46.85098],[11.07486,46.84713],[11.07302,46.84604],[11.07491,46.84317],[11.07044,46.83832],[11.07671,46.8351],[11.08366,46.82226],[11.08109,46.82062],[11.07353,46.82003],[11.06066,46.81328],[11.05688,46.80799],[11.05083,46.80873],[11.04838,46.80793],[11.03928,46.80505],[11.04435,46.8017],[11.04379,46.80038],[11.04117,46.79941],[11.03757,46.79418],[11.03602,46.79407],[11.03302,46.7846],[11.02907,46.77984],[11.02864,46.77837],[11.02755,46.77691],[11.0259,46.77373],[11.02572,46.76662],[11.02238,46.76538],[11.01362,46.77179],[10.99598,46.76694],[10.98787,46.76832],[10.98659,46.7675],[10.97543,46.7722],[10.94693,46.77497],[10.9211,46.77514],[10.87921,46.76385],[10.83595,46.78031],[10.81398,46.77608],[10.78651,46.79489],[10.76248,46.78408],[10.73055,46.78795],[10.72806,46.79083],[10.72858,46.7933],[10.72609,46.79786],[10.73416,46.79886],[10.74626,46.80441],[10.74617,46.80682],[10.75128,46.81501],[10.75295,46.81516],[10.75883,46.81774],[10.76437,46.82238],[10.75613,46.83272],[10.73218,46.83788],[10.72248,46.83794],[10.71648,46.84657],[10.70429,46.84669],[10.69313,46.85409],[10.69485,46.86371],[10.66463,46.87592],[10.66086,46.87146],[10.65056,46.86512],[10.62584,46.86512],[10.59494,46.8562],[10.57091,46.84282],[10.55099,46.83929],[10.55443,46.84986],[10.5225,46.84657],[10.49589,46.84857],[10.47924,46.85913],[10.46965,46.85491],[10.46799,46.86211],[10.47029,46.8667],[10.47125,46.87296],[10.46973,46.87716],[10.46922,46.8811],[10.46688,46.88346],[10.46468,46.88427],[10.46918,46.88932],[10.47194,46.89082],[10.47239,46.89248],[10.47508,46.89428],[10.47565,46.89761],[10.47501,46.89873],[10.47517,46.90113],[10.47772,46.90345],[10.47755,46.90499],[10.47868,46.90755],[10.47853,46.91059],[10.47901,46.91082],[10.48332,46.91248],[10.4862,46.91545],[10.48603,46.91738],[10.48527,46.91862],[10.48683,46.92044],[10.48645,46.92233],[10.48829,46.92628],[10.48807,46.92803],[10.48723,46.92898],[10.48656,46.929],[10.4855,46.92982],[10.48528,46.93144],[10.48593,46.93302],[10.48801,46.93435],[10.48728,46.93451],[10.48688,46.93462],[10.48734,46.93598],[10.48858,46.9372],[10.48935,46.93779],[10.48869,46.93821],[10.48779,46.93881],[10.48335,46.93904],[10.48117,46.94007],[10.47877,46.94014],[10.47619,46.94103],[10.47491,46.94251],[10.4731,46.94292],[10.47171,46.94513],[10.4707,46.94519],[10.46881,46.94709],[10.46566,46.94802],[10.46392,46.94807],[10.46243,46.94863],[10.46113,46.94967],[10.45954,46.9498],[10.45892,46.95054],[10.45691,46.95085],[10.45674,46.9514],[10.4567,46.95159],[10.45558,46.95284],[10.44914,46.95231],[10.4482,46.95291],[10.44477,46.95371],[10.44313,46.95369],[10.44261,46.95414],[10.44014,46.95397],[10.43855,46.95452],[10.43758,46.95586],[10.43624,46.95578],[10.43423,46.95639],[10.43342,46.95619],[10.42878,46.95611],[10.42211,46.96019],[10.42335,46.96425],[10.42296,46.96557],[10.42585,46.96849],[10.42633,46.97044],[10.42711,46.97123],[10.42694,46.97214],[10.42753,46.97294],[10.42699,46.97349],[10.42724,46.97459],[10.42656,46.97569],[10.42357,46.97827],[10.42095,46.97925],[10.42059,46.97994],[10.41843,46.98098],[10.41475,46.98173],[10.41253,46.98264],[10.41203,46.98353],[10.41071,46.98407],[10.41042,46.98485],[10.40679,46.98855],[10.40218,46.99086],[10.4008,46.99255],[10.39871,46.99687],[10.38933,47.00053],[10.3847,47.0],[10.38338,46.99928],[10.38144,46.99733],[10.3803,46.99702],[10.37994,46.9963],[10.37907,46.99594],[10.37842,46.99485],[10.37563,46.99322],[10.37357,46.99257],[10.37207,46.99067],[10.3684,46.99078],[10.36588,46.99155],[10.36444,46.99116],[10.36295,46.99166],[10.36208,46.99142],[10.35995,46.99173],[10.3588,46.99141],[10.35801,46.99187],[10.355,46.99237],[10.35372,46.99174],[10.34903,46.99066],[10.34898,46.99061],[10.34883,46.99045],[10.3481,46.98959],[10.34651,46.98959],[10.34631,46.98591],[10.34455,46.98271],[10.34316,46.98204],[10.34182,46.98227],[10.33999,46.98131],[10.33981,46.97966],[10.3407,46.97837],[10.33978,46.97698],[10.33451,46.97252],[10.3341,46.96948],[10.33315,46.96799],[10.33124,46.9669],[10.33058,46.96524],[10.32951,46.96428],[10.32905,46.96183],[10.32968,46.95895],[10.32836,46.95645],[10.32783,46.95398],[10.32457,46.95219],[10.32084,46.95145],[10.31918,46.95177],[10.31619,46.95156],[10.30935,46.9502],[10.30774,46.94727],[10.3086,46.94345],[10.30672,46.94172],[10.30618,46.94014],[10.3073,46.93833],[10.30902,46.93754],[10.31023,46.93564],[10.31187,46.93444],[10.31276,46.93445],[10.31718,46.93096],[10.31705,46.92607],[10.31605,46.92518],[10.30951,46.92582],[10.30713,46.92526],[10.30352,46.92526],[10.30079,46.92465],[10.29925,46.92334],[10.29687,46.91995],[10.29354,46.92186],[10.29103,46.92326],[10.28989,46.92289],[10.26687,46.92883],[10.25984,46.92949],[10.2575,46.9298],[10.2563,46.93012],[10.24168,46.93163],[10.2414,46.93162],[10.24056,46.93125],[10.2416,46.92946],[10.24132,46.92703],[10.24059,46.92575],[10.24062,46.92396],[10.24201,46.91883],[10.23993,46.91657],[10.23703,46.9157],[10.23718,46.91496],[10.2359,46.91338],[10.23663,46.91219],[10.23459,46.90788],[10.23463,46.90651],[10.23391,46.90569],[10.23438,46.90407],[10.2333,46.90164],[10.23037,46.89831],[10.22673,46.89712],[10.22572,46.89594],[10.22687,46.89545],[10.22726,46.89421],[10.22663,46.89307],[10.2275,46.89199],[10.22715,46.89142],[10.22763,46.89021],[10.22882,46.88931],[10.23068,46.889],[10.23294,46.88649],[10.23426,46.8857],[10.23483,46.88468],[10.234,46.88305],[10.23402,46.88139],[10.23459,46.88055],[10.23391,46.87783],[10.23197,46.8758],[10.2329,46.87255],[10.23249,46.8716],[10.23256,46.87066],[10.23084,46.86944],[10.23192,46.86673],[10.23267,46.86629],[10.22291,46.86634],[10.22055,46.8672],[10.21923,46.86728],[10.20919,46.86481],[10.20698,46.86522],[10.20504,46.86513],[10.20382,46.86461],[10.19901,46.86663],[10.19366,46.86644],[10.1912,46.86298],[10.18859,46.86141],[10.18567,46.86067],[10.18476,46.85954],[10.1835,46.85901],[10.1828,46.85689],[10.18295,46.8567],[10.18201,46.85551],[10.18099,46.85497],[10.17908,46.85468],[10.17849,46.85404],[10.17607,46.85395],[10.17547,46.85354],[10.17372,46.85396],[10.17299,46.85361],[10.17176,46.85366],[10.17085,46.85297],[10.17033,46.8513],[10.16906,46.85066],[10.16269,46.85099],[10.15883,46.84846],[10.15741,46.84786],[10.15729,46.84801],[10.15696,46.84823],[10.15612,46.84788],[10.15572,46.84969],[10.15421,46.85042],[10.1518,46.85053],[10.14728,46.85141],[10.14497,46.85102],[10.14497,46.85093],[10.14472,46.84985],[10.14344,46.84876],[10.13941,46.84738],[10.13311,46.84765],[10.13155,46.84735],[10.1302,46.84783],[10.12361,46.84809],[10.12309,46.84848],[10.12216,46.84732],[10.11995,46.84738],[10.12016,46.84638],[10.11941,46.84554],[10.11919,46.84419],[10.11813,46.84428],[10.11714,46.84375],[10.11562,46.84387],[10.11306,46.84218],[10.11077,46.84165],[10.10949,46.84181],[10.10797,46.84129],[10.10632,46.84143],[10.10614,46.84099],[10.10519,46.8409],[10.10517,46.84091],[10.10298,46.84304],[10.10205,46.84495],[10.0998,46.84676],[10.09845,46.84721],[10.09692,46.84879],[10.09691,46.84884],[10.09568,46.84995],[10.09339,46.85053],[10.09198,46.85143],[10.09236,46.85239],[10.09169,46.85491],[10.09296,46.857],[10.09267,46.85813],[10.09138,46.85897],[10.08867,46.85985],[10.08745,46.8612],[10.08386,46.86021],[10.08112,46.86039],[10.07747,46.86156],[10.07495,46.86194],[10.06862,46.86123],[10.06332,46.86156],[10.06071,46.86073],[10.05941,46.86079],[10.0572,46.86203],[10.05488,46.8617],[10.05332,46.86313],[10.0512,46.86394],[10.05079,46.86505],[10.05126,46.86794],[10.05066,46.8686],[10.05135,46.87036],[10.05054,46.87091],[10.05192,46.87216],[10.05152,46.87376],[10.05258,46.87469],[10.0526,46.87575],[10.05157,46.87616],[10.05194,46.87675],[10.05039,46.87692],[10.04555,46.87994],[10.04244,46.88044],[10.04124,46.88393],[10.03931,46.88581],[10.03763,46.88676],[10.03539,46.88689],[10.03465,46.88658],[10.03221,46.88802],[10.03164,46.88944],[10.03072,46.88977],[10.02858,46.89196],[10.02788,46.89399],[10.02647,46.89581],[10.02337,46.89649],[10.02221,46.89738],[10.0222,46.89785],[10.01986,46.89878],[10.019,46.89982],[10.0185,46.90064],[10.01859,46.90112],[10.0177,46.90162],[10.01757,46.90157],[10.01493,46.90018],[10.00979,46.90052],[10.00822,46.89988],[10.00796,46.89934],[10.00639,46.89929],[10.00591,46.8988],[10.00073,46.89991],[9.9974,46.90203],[9.99329,46.90226],[9.99283,46.90258],[9.99011,46.90241],[9.98796,46.9039],[9.98681,46.90553],[9.98598,46.90542],[9.98243,46.9062],[9.98126,46.90815],[9.98223,46.90928],[9.98134,46.91133],[9.98178,46.91192],[9.98064,46.91275],[9.98049,46.91385],[9.9788,46.91471],[9.9779,46.9159],[9.97534,46.91579],[9.97314,46.91522],[9.97168,46.91345],[9.96895,46.91312],[9.96657,46.91222],[9.96445,46.91278],[9.96311,46.9124],[9.96156,46.91423],[9.9618,46.91456],[9.96004,46.91514],[9.95907,46.91602],[9.95446,46.91532],[9.95227,46.91437],[9.94988,46.91427],[9.94928,46.91361],[9.94612,46.91235],[9.94332,46.91315],[9.93723,46.91331],[9.93326,46.91498],[9.93212,46.91509],[9.92838,46.91688],[9.92278,46.91824],[9.92055,46.9197],[9.91826,46.92058],[9.91614,46.92213],[9.91604,46.92221],[9.91612,46.92231],[9.91614,46.92325],[9.91523,46.92433],[9.91254,46.92596],[9.90795,46.92492],[9.90632,46.9253],[9.90615,46.92583],[9.90424,46.92603],[9.90254,46.92685],[9.90145,46.92667],[9.89991,46.92741],[9.89938,46.92861],[9.89763,46.92965],[9.89766,46.93021],[9.89449,46.93164],[9.89295,46.93155],[9.88441,46.93302],[9.88351,46.93345],[9.88316,46.93419],[9.88152,46.93448],[9.88072,46.93502],[9.87865,46.93504],[9.87878,46.93465],[9.87767,46.9343],[9.87613,46.93463],[9.87768,46.93813],[9.87906,46.93874],[9.87955,46.93861],[9.88072,46.94007],[9.87911,46.94071],[9.87777,46.9404],[9.87657,46.94071],[9.87726,46.94185],[9.87649,46.94419],[9.87682,46.94527],[9.87636,46.94697],[9.87677,46.94762],[9.87525,46.94919],[9.87488,46.95039],[9.87718,46.95161],[9.87719,46.95267],[9.87776,46.95291],[9.87734,46.95431],[9.87823,46.9552],[9.87872,46.95707],[9.8769,46.95871],[9.87336,46.96042],[9.87269,46.96184],[9.87073,46.96321],[9.8717,46.96371],[9.87239,46.96516],[9.87413,46.96592],[9.87558,46.9675],[9.87617,46.97005],[9.8747,46.97172],[9.8757,46.97365],[9.87752,46.9749],[9.87914,46.97524],[9.8799,46.97709],[9.88265,46.97895],[9.88455,46.98085],[9.88309,46.98327],[9.88377,46.98336],[9.88463,46.98436],[9.88482,46.98546],[9.89196,46.98893],[9.8923,46.99036],[9.89058,46.99185],[9.89017,46.99378],[9.88951,46.99416],[9.88972,46.99631],[9.8887,47.00032],[9.88878,47.00072],[9.88858,47.00078],[9.88751,47.00071],[9.88519,47.00185],[9.88339,47.0021],[9.88058,47.00355],[9.87958,47.00396],[9.87904,47.00371],[9.87326,47.00635],[9.87293,47.0067],[9.87332,47.00747],[9.87258,47.00854],[9.87073,47.00965],[9.87202,47.0102],[9.87115,47.01306],[9.87335,47.01406],[9.8754,47.01423],[9.87677,47.01578],[9.87731,47.01578],[9.87726,47.01625],[9.8792,47.01653],[9.88035,47.01722],[9.88033,47.01802],[9.87926,47.01825],[9.87971,47.01861],[9.87914,47.01907],[9.8794,47.01956],[9.87625,47.02123],[9.87329,47.02157],[9.87176,47.02135],[9.87118,47.02159],[9.86947,47.02116],[9.86719,47.02132],[9.86693,47.02161],[9.86543,47.02157],[9.86495,47.0219],[9.86157,47.02233],[9.86066,47.02331],[9.85974,47.02321],[9.85696,47.0188],[9.85375,47.01743],[9.85273,47.01641],[9.84648,47.01627],[9.84305,47.01516],[9.84101,47.01512],[9.83877,47.01374],[9.83814,47.01295],[9.83973,47.01265],[9.83877,47.01247],[9.8373,47.01286],[9.83612,47.01253],[9.8356,47.01332],[9.83489,47.01319],[9.83418,47.01354],[9.83383,47.01385],[9.83458,47.01394],[9.83354,47.01452],[9.83076,47.01432],[9.83044,47.01531],[9.82889,47.01674],[9.82796,47.01667],[9.82706,47.01744],[9.82584,47.01764],[9.82452,47.01864],[9.82403,47.01966],[9.81545,47.02254],[9.81374,47.02183],[9.81233,47.02173],[9.81172,47.02254],[9.80994,47.0227],[9.80938,47.02352],[9.80756,47.02356],[9.8077,47.02392],[9.80655,47.02417],[9.80621,47.02498],[9.80455,47.02635],[9.80104,47.02815],[9.8014,47.02909],[9.79962,47.02967],[9.79837,47.0296],[9.79771,47.03013],[9.79589,47.03014],[9.79531,47.03092],[9.79317,47.03123],[9.79315,47.03125],[9.79189,47.03169],[9.78964,47.03476],[9.78668,47.03579],[9.78533,47.03674],[9.78491,47.03849],[9.78378,47.03848],[9.78326,47.03836],[9.78236,47.03843],[9.7811,47.03797],[9.77842,47.03882],[9.77694,47.03845],[9.77491,47.0391],[9.77301,47.03878],[9.76913,47.03901],[9.76432,47.03799],[9.76308,47.03737],[9.76146,47.03768],[9.75959,47.03725],[9.75848,47.03781],[9.75695,47.03784],[9.75619,47.03723],[9.75471,47.03725],[9.75407,47.03685],[9.74808,47.03692],[9.74745,47.03706],[9.746,47.03911],[9.74531,47.03913],[9.74564,47.03966],[9.74524,47.0411],[9.74444,47.0415],[9.74223,47.04149],[9.74157,47.04229],[9.74185,47.04268],[9.73811,47.04189],[9.73415,47.04239],[9.73204,47.04341],[9.72872,47.04331],[9.72529,47.044],[9.72181,47.04368],[9.72039,47.04392],[9.71855,47.04334],[9.71769,47.04357],[9.71683,47.04486],[9.71495,47.04515],[9.71398,47.0458],[9.713,47.04573],[9.70701,47.04805],[9.70567,47.05035],[9.70859,47.05166],[9.70817,47.05282],[9.70807,47.05343],[9.7073,47.05384],[9.70416,47.05261],[9.70159,47.0522],[9.70046,47.05248],[9.69756,47.05239],[9.69625,47.05312],[9.69309,47.05393],[9.6925,47.05459],[9.68819,47.05523],[9.68797,47.05578],[9.68678,47.05607],[9.68208,47.05888],[9.68264,47.06034],[9.68184,47.0621],[9.67983,47.06221],[9.67745,47.06141],[9.67634,47.06067],[9.67479,47.06058],[9.67268,47.05971],[9.67162,47.05981],[9.66927,47.05925],[9.66691,47.05992],[9.66439,47.05983],[9.66132,47.05875],[9.65821,47.05818],[9.65629,47.05849],[9.65434,47.05833],[9.64937,47.05944],[9.64506,47.05978],[9.6437,47.05908],[9.64342,47.05758],[9.64162,47.05599],[9.6411,47.05495],[9.64132,47.05392],[9.63683,47.05182],[9.63654,47.0517],[9.63267,47.05125],[9.62755,47.05176],[9.62633,47.05133],[9.62497,47.05239],[9.62221,47.05247],[9.62005,47.05331],[9.6172,47.05363],[9.61564,47.05536],[9.61389,47.05588],[9.61224,47.0572],[9.61041,47.05779],[9.60977,47.05886],[9.6072,47.06071],[9.60706,47.06077],[9.60732,47.06094],[9.60744,47.06108],[9.60783,47.06134],[9.60832,47.06159],[9.60856,47.06177],[9.60866,47.06183],[9.60878,47.06186],[9.6091,47.06216],[9.60911,47.06221],[9.60919,47.06229],[9.60925,47.06235],[9.60936,47.06242],[9.60943,47.06269],[9.60951,47.06274],[9.60959,47.06277],[9.6097,47.06284],[9.60975,47.06286],[9.6098,47.06286],[9.60984,47.06289],[9.60982,47.06294],[9.60988,47.06302],[9.60998,47.06307],[9.61003,47.06306],[9.61009,47.06307],[9.61041,47.0632],[9.61054,47.06327],[9.61063,47.06335],[9.61069,47.06338],[9.61073,47.06341],[9.61078,47.06348],[9.61076,47.06351],[9.61079,47.0636],[9.61076,47.06367],[9.61079,47.06373],[9.61082,47.06377],[9.61082,47.06382],[9.61091,47.06395],[9.61089,47.06398],[9.61091,47.06399],[9.6109,47.06407],[9.61105,47.06411],[9.61151,47.06436],[9.61169,47.0645],[9.61178,47.06467],[9.61177,47.06477],[9.6118,47.06485],[9.61168,47.06498],[9.61161,47.06502],[9.61157,47.06511],[9.61159,47.06517],[9.61147,47.06532],[9.61138,47.06536],[9.61129,47.06538],[9.61123,47.06546],[9.61122,47.06555],[9.61121,47.06558],[9.61118,47.06561],[9.61123,47.06574],[9.61123,47.06577],[9.61128,47.06583],[9.61124,47.06591],[9.61127,47.06596],[9.61128,47.06603],[9.61125,47.06605],[9.61129,47.06614],[9.61127,47.0662],[9.61133,47.06628],[9.61127,47.06638],[9.61126,47.06642],[9.61129,47.06649],[9.61129,47.06658],[9.61113,47.06684],[9.61142,47.06699],[9.61184,47.06723],[9.61196,47.06725],[9.61205,47.06728],[9.61205,47.06732],[9.6121,47.06736],[9.61211,47.06742],[9.61239,47.06767],[9.61246,47.06771],[9.61248,47.06773],[9.61249,47.06776],[9.61252,47.06782],[9.61269,47.06788],[9.6127,47.06836],[9.61343,47.06949],[9.61338,47.07128],[9.61334,47.0714],[9.6132,47.07152],[9.61317,47.07162],[9.61317,47.07169],[9.61315,47.07174],[9.61308,47.0718],[9.61301,47.07184],[9.61294,47.07185],[9.61296,47.07192],[9.6129,47.07204],[9.61277,47.07215],[9.61274,47.07222],[9.61268,47.07228],[9.61259,47.07244],[9.61247,47.07257],[9.61241,47.07279],[9.6124,47.07289],[9.61242,47.07293],[9.6124,47.07297],[9.61232,47.07305],[9.61231,47.07309],[9.61223,47.07313],[9.61217,47.0732],[9.61207,47.07336],[9.61208,47.07351],[9.61205,47.07369],[9.61197,47.07371],[9.6118,47.0738],[9.61173,47.07392],[9.61177,47.07398],[9.61157,47.07413],[9.61151,47.07433],[9.61127,47.07466],[9.6111,47.0748],[9.61059,47.07505],[9.61049,47.07518],[9.61051,47.07525],[9.61059,47.07531],[9.61076,47.07538],[9.6108,47.07541],[9.61086,47.07551],[9.61101,47.07583],[9.61102,47.07591],[9.61115,47.07623],[9.61125,47.07634],[9.61132,47.07644],[9.61137,47.07658],[9.61135,47.0767],[9.61128,47.07683],[9.61128,47.07688],[9.61123,47.07691],[9.61124,47.07696],[9.61121,47.07698],[9.61124,47.07703],[9.61121,47.07714],[9.61114,47.07718],[9.61114,47.0772],[9.6112,47.0772],[9.61121,47.07721],[9.61117,47.07735],[9.61127,47.07764],[9.61129,47.07769],[9.61145,47.07786],[9.61147,47.07793],[9.61152,47.07795],[9.61151,47.07807],[9.61152,47.07813],[9.6115,47.07821],[9.61149,47.07838],[9.61141,47.07853],[9.61135,47.07856],[9.61136,47.07863],[9.61133,47.07865],[9.61131,47.0787],[9.61139,47.07876],[9.61151,47.07891],[9.61152,47.07895],[9.61159,47.07901],[9.61147,47.07929],[9.6115,47.07941],[9.61157,47.07944],[9.6102,47.08243],[9.61132,47.08319],[9.61209,47.08402],[9.61544,47.08456],[9.61679,47.08446],[9.61806,47.08455],[9.62012,47.08495],[9.62052,47.0852],[9.62128,47.0855],[9.62158,47.08557],[9.62164,47.08575],[9.62193,47.08578],[9.62217,47.08586],[9.623,47.08629],[9.62407,47.08671],[9.62432,47.08834],[9.62484,47.08969],[9.62542,47.09017],[9.6261,47.09103],[9.62642,47.09127],[9.62664,47.09154],[9.62593,47.0927],[9.62562,47.09354],[9.62575,47.09394],[9.62544,47.09451],[9.62518,47.09528],[9.62495,47.0955],[9.62477,47.09612],[9.62478,47.09649],[9.62407,47.09739],[9.62393,47.09797],[9.62329,47.09896],[9.62268,47.09958],[9.62161,47.10056],[9.62122,47.10107],[9.6209,47.10205],[9.62,47.10297],[9.6204,47.10332],[9.62044,47.10364],[9.61999,47.1041],[9.62014,47.10428],[9.62072,47.10435],[9.62089,47.10456],[9.62108,47.10525],[9.621,47.10547],[9.62155,47.10601],[9.62174,47.10626],[9.6227,47.10811],[9.62273,47.10818],[9.62271,47.10821],[9.62259,47.10825],[9.62254,47.10825],[9.62254,47.10826],[9.62249,47.10827],[9.62235,47.10828],[9.6223,47.1083],[9.62226,47.10834],[9.62229,47.10839],[9.62229,47.10841],[9.62222,47.10843],[9.62218,47.10847],[9.62224,47.1085],[9.62222,47.10853],[9.62212,47.10859],[9.62207,47.1086],[9.62197,47.10858],[9.62192,47.10862],[9.6219,47.10864],[9.62189,47.10872],[9.62184,47.10878],[9.62179,47.1088],[9.6218,47.10883],[9.62177,47.10889],[9.62177,47.10891],[9.62168,47.10899],[9.62162,47.10912],[9.62153,47.10916],[9.62154,47.1092],[9.6215,47.10925],[9.62143,47.10951],[9.62133,47.10965],[9.62118,47.10993],[9.6211,47.11006],[9.62099,47.1103],[9.62082,47.11054],[9.62089,47.11061],[9.62103,47.11061],[9.62117,47.11066],[9.6212,47.11068],[9.62123,47.11072],[9.62125,47.11081],[9.62134,47.11089],[9.62144,47.11112],[9.62151,47.11116],[9.62155,47.11121],[9.62162,47.11134],[9.62164,47.11142],[9.62172,47.11143],[9.62181,47.11148],[9.62195,47.11162],[9.62198,47.11171],[9.62206,47.11173],[9.6222,47.11183],[9.62249,47.11198],[9.62251,47.112],[9.62253,47.11208],[9.6226,47.11214],[9.62262,47.11218],[9.62261,47.11223],[9.62262,47.11224],[9.62266,47.11225],[9.62273,47.1123],[9.62277,47.11231],[9.62282,47.11233],[9.62283,47.11237],[9.62285,47.11238],[9.62289,47.11239],[9.62294,47.11237],[9.623,47.1124],[9.623,47.11248],[9.62302,47.11256],[9.62309,47.11255],[9.62312,47.11256],[9.62315,47.11259],[9.62315,47.11262],[9.62323,47.11268],[9.62323,47.1127],[9.6233,47.11271],[9.62334,47.11271],[9.62338,47.11267],[9.62343,47.11269],[9.62357,47.11279],[9.62358,47.11285],[9.62363,47.11291],[9.62358,47.113],[9.62366,47.11309],[9.62366,47.11315],[9.62373,47.11317],[9.6239,47.11326],[9.6239,47.11331],[9.62399,47.1134],[9.62399,47.11346],[9.62404,47.11351],[9.62404,47.11361],[9.624,47.1137],[9.62402,47.11381],[9.62405,47.1139],[9.62427,47.11412],[9.62442,47.1143],[9.62448,47.11433],[9.62463,47.11456],[9.62466,47.11466],[9.62466,47.11469],[9.62454,47.11474],[9.62449,47.11478],[9.62455,47.11505],[9.62458,47.11512],[9.62468,47.11545],[9.62466,47.11558],[9.62462,47.11564],[9.62455,47.1157],[9.62453,47.11575],[9.62443,47.11577],[9.62442,47.11578],[9.62441,47.11582],[9.62451,47.1159],[9.62466,47.11615],[9.62461,47.11624],[9.62465,47.11657],[9.62471,47.11676],[9.62469,47.11683],[9.62465,47.11689],[9.62464,47.11692],[9.62468,47.11697],[9.62471,47.1171],[9.62471,47.11714],[9.62469,47.11723],[9.62471,47.11733],[9.6247,47.11745],[9.62465,47.11761],[9.62476,47.1179],[9.62473,47.11792],[9.62472,47.11799],[9.62475,47.11804],[9.62481,47.11807],[9.62487,47.11812],[9.62483,47.11813],[9.62484,47.11818],[9.62497,47.11837],[9.62493,47.11838],[9.62493,47.1184],[9.62494,47.11847],[9.62503,47.11852],[9.62505,47.11856],[9.6251,47.11856],[9.6251,47.11859],[9.62512,47.11862],[9.62511,47.11866],[9.62499,47.11871],[9.62494,47.11878],[9.62495,47.1188],[9.62505,47.11883],[9.62512,47.11889],[9.62513,47.11896],[9.62519,47.11901],[9.62516,47.11908],[9.62518,47.11913],[9.62525,47.11919],[9.62532,47.11922],[9.62537,47.11934],[9.6254,47.11934],[9.62548,47.11937],[9.62552,47.11944],[9.6257,47.11948],[9.62593,47.1195],[9.62598,47.11953],[9.62604,47.11965],[9.62612,47.1197],[9.62615,47.11977],[9.62617,47.11978],[9.6262,47.11977],[9.62623,47.11978],[9.62626,47.11982],[9.62631,47.11983],[9.62636,47.11981],[9.62649,47.11985],[9.62657,47.11996],[9.62661,47.11997],[9.62663,47.12011],[9.6267,47.12015],[9.62671,47.12018],[9.62678,47.1202],[9.62683,47.12024],[9.62686,47.1203],[9.62689,47.12032],[9.62691,47.12042],[9.62698,47.12046],[9.62707,47.1205],[9.62713,47.12051],[9.62719,47.12059],[9.62735,47.12065],[9.62743,47.12075],[9.62754,47.1208],[9.62765,47.12091],[9.62771,47.12094],[9.62774,47.12098],[9.62784,47.12103],[9.62788,47.12109],[9.62786,47.12115],[9.62792,47.12118],[9.62796,47.12123],[9.62804,47.12125],[9.62814,47.12131],[9.62819,47.12132],[9.62822,47.12154],[9.6283,47.12164],[9.62834,47.12166],[9.62843,47.12168],[9.62849,47.12174],[9.62858,47.12179],[9.62867,47.12187],[9.62876,47.12189],[9.62882,47.12196],[9.62895,47.12205],[9.62903,47.12207],[9.62912,47.12212],[9.62926,47.12234],[9.62938,47.12239],[9.62945,47.12241],[9.62954,47.12249],[9.62962,47.12251],[9.6297,47.12261],[9.62975,47.12265],[9.62985,47.1227],[9.62999,47.12272],[9.63007,47.12276],[9.63011,47.12281],[9.63019,47.12283],[9.63027,47.1229],[9.63029,47.12294],[9.63039,47.12299],[9.63044,47.12299],[9.63045,47.123],[9.63044,47.12305],[9.63046,47.12307],[9.63054,47.1232],[9.63059,47.12323],[9.63063,47.12323],[9.63066,47.12324],[9.63066,47.12326],[9.63074,47.12325],[9.63081,47.12331],[9.6308,47.12334],[9.63088,47.12335],[9.63095,47.12338],[9.63097,47.12343],[9.63094,47.12346],[9.63096,47.1235],[9.631,47.12353],[9.63108,47.12354],[9.63112,47.12365],[9.63119,47.12368],[9.6312,47.12372],[9.63126,47.12376],[9.6314,47.12392],[9.63146,47.12393],[9.6315,47.12396],[9.63157,47.12399],[9.63158,47.12401],[9.63165,47.12402],[9.63168,47.12403],[9.63168,47.1241],[9.63176,47.12412],[9.63173,47.12418],[9.63178,47.12421],[9.63192,47.12444],[9.63219,47.12461],[9.63223,47.12467],[9.63233,47.12467],[9.63243,47.12471],[9.63254,47.12475],[9.63258,47.12476],[9.63262,47.1248],[9.63264,47.12488],[9.63276,47.12493],[9.63285,47.12501],[9.63288,47.12509],[9.63284,47.12513],[9.63295,47.12519],[9.63302,47.12529],[9.63304,47.12536],[9.63303,47.12539],[9.63305,47.12542],[9.63306,47.12544],[9.63304,47.12546],[9.63312,47.12556],[9.63313,47.1256],[9.63321,47.12562],[9.63319,47.12564],[9.63321,47.12568],[9.63328,47.12573],[9.63332,47.12575],[9.63332,47.12577],[9.63339,47.12579],[9.63342,47.1259],[9.63338,47.12595],[9.63342,47.12597],[9.63346,47.12603],[9.63343,47.12607],[9.63354,47.12613],[9.63354,47.12615],[9.63355,47.12622],[9.63352,47.12627],[9.63355,47.12636],[9.6336,47.1264],[9.63361,47.12643],[9.63371,47.1265],[9.63376,47.12661],[9.63374,47.12669],[9.63365,47.12678],[9.63373,47.12697],[9.63386,47.12708],[9.63391,47.12715],[9.63407,47.12729],[9.63409,47.12739],[9.63424,47.12757],[9.63436,47.12766],[9.63459,47.12775],[9.63473,47.12788],[9.63491,47.12797],[9.63496,47.12802],[9.63499,47.12809],[9.63489,47.12813],[9.6348,47.12814],[9.63472,47.12819],[9.63467,47.12819],[9.63446,47.12814],[9.63438,47.1281],[9.63429,47.12807],[9.6342,47.12802],[9.63401,47.128],[9.6338,47.12805],[9.6337,47.12812],[9.63364,47.12818],[9.63352,47.1282],[9.63348,47.12822],[9.63341,47.12828],[9.63323,47.12829],[9.63315,47.12831],[9.63307,47.12837],[9.63293,47.12842],[9.6329,47.12847],[9.63285,47.12848],[9.63279,47.12853],[9.63273,47.12856],[9.63271,47.12857],[9.6327,47.12865],[9.63261,47.12867],[9.63257,47.12869],[9.63248,47.1287],[9.63245,47.12872],[9.63242,47.12875],[9.63225,47.12882],[9.63221,47.12881],[9.63184,47.12903],[9.63181,47.12909],[9.63179,47.12909],[9.63177,47.12913],[9.63164,47.12914],[9.63143,47.12925],[9.63114,47.12947],[9.6311,47.12956],[9.63094,47.12962],[9.63086,47.12976],[9.63061,47.1299],[9.63053,47.12993],[9.63047,47.13004],[9.63044,47.13005],[9.63039,47.13006],[9.63037,47.13007],[9.63025,47.1302],[9.63024,47.13023],[9.63017,47.13024],[9.63008,47.13028],[9.63005,47.13033],[9.63005,47.13043],[9.63003,47.13044],[9.62986,47.13047],[9.6297,47.13051],[9.62954,47.1306],[9.62928,47.13063],[9.62921,47.13066],[9.62914,47.13076],[9.6287,47.13065],[9.62844,47.13068],[9.62839,47.13072],[9.62829,47.13073],[9.62821,47.13077],[9.62809,47.13084],[9.62803,47.13085],[9.628,47.13089],[9.62797,47.13087],[9.62793,47.1309],[9.62784,47.13092],[9.62766,47.13103],[9.62748,47.13118],[9.62723,47.13133],[9.62713,47.13137],[9.62666,47.13143],[9.62638,47.13151],[9.6256,47.13193],[9.62471,47.13262],[9.62475,47.13307],[9.6249,47.13324],[9.62494,47.13339],[9.62488,47.13344],[9.62484,47.13352],[9.62468,47.13363],[9.62459,47.13382],[9.62478,47.13423],[9.62455,47.13444],[9.62439,47.13477],[9.6243,47.13487],[9.62433,47.13496],[9.62424,47.1351],[9.62432,47.13515],[9.62436,47.13524],[9.62437,47.13527],[9.62435,47.13532],[9.62435,47.13539],[9.6244,47.13555],[9.62448,47.13575],[9.62445,47.13587],[9.62459,47.13601],[9.62462,47.13624],[9.62466,47.13634],[9.62468,47.13637],[9.62479,47.13642],[9.62485,47.13653],[9.62483,47.13661],[9.62477,47.13663],[9.62471,47.13668],[9.62474,47.1367],[9.62477,47.13674],[9.62478,47.13678],[9.6248,47.13701],[9.62488,47.13724],[9.62499,47.13741],[9.62502,47.13759],[9.62498,47.13768],[9.62498,47.13776],[9.62487,47.13793],[9.62485,47.13804],[9.62487,47.13815],[9.62486,47.13825],[9.6249,47.13833],[9.62491,47.13842],[9.625,47.13847],[9.6247,47.1386],[9.62452,47.13873],[9.62389,47.13917],[9.62379,47.13928],[9.62377,47.13957],[9.62374,47.1396],[9.62357,47.13973],[9.62357,47.1398],[9.62351,47.13989],[9.6235,47.14001],[9.62339,47.14025],[9.62327,47.14042],[9.62259,47.14118],[9.62261,47.1414],[9.62304,47.14176],[9.62339,47.14198],[9.62333,47.14239],[9.62345,47.14261],[9.62431,47.14342],[9.62584,47.14589],[9.62569,47.14589],[9.6256,47.14588],[9.62547,47.1459],[9.62543,47.14591],[9.62542,47.14596],[9.6253,47.146],[9.62493,47.14599],[9.62487,47.14599],[9.62478,47.14603],[9.62477,47.14607],[9.62462,47.14609],[9.62455,47.14612],[9.6244,47.14621],[9.62423,47.14634],[9.62412,47.14637],[9.62409,47.14639],[9.62408,47.14644],[9.62405,47.14645],[9.62398,47.14649],[9.62395,47.14657],[9.62393,47.14666],[9.62403,47.14684],[9.624,47.14685],[9.6239,47.14691],[9.62387,47.14691],[9.6238,47.14699],[9.62365,47.147],[9.6236,47.14706],[9.6234,47.14705],[9.62329,47.1471],[9.62326,47.14714],[9.62325,47.14725],[9.62326,47.14732],[9.62325,47.14735],[9.6232,47.14738],[9.62317,47.14741],[9.62318,47.14748],[9.62316,47.14752],[9.6232,47.14762],[9.62319,47.14766],[9.62315,47.14772],[9.62307,47.14775],[9.62302,47.1478],[9.62303,47.14785],[9.62306,47.1479],[9.623,47.14793],[9.62299,47.14795],[9.62301,47.14801],[9.62297,47.14803],[9.62289,47.14805],[9.62285,47.14813],[9.62274,47.14819],[9.62267,47.14824],[9.62255,47.14839],[9.62255,47.14849],[9.62261,47.14857],[9.62258,47.14862],[9.62258,47.14864],[9.6226,47.14868],[9.6227,47.14875],[9.62262,47.14882],[9.62247,47.14886],[9.6224,47.149],[9.62234,47.14902],[9.62227,47.14908],[9.62213,47.14916],[9.62196,47.14929],[9.62192,47.14935],[9.62191,47.14943],[9.622,47.14963],[9.62187,47.14976],[9.62179,47.14978],[9.62169,47.14986],[9.62164,47.14998],[9.62157,47.15006],[9.6215,47.15019],[9.62147,47.15021],[9.62147,47.15027],[9.62141,47.15033],[9.62139,47.15036],[9.62139,47.15041],[9.62147,47.15065],[9.62175,47.1511],[9.62178,47.15117],[9.62171,47.15124],[9.62169,47.15129],[9.62164,47.15134],[9.62159,47.15135],[9.62149,47.1514],[9.62147,47.15139],[9.62145,47.15138],[9.62142,47.15137],[9.62131,47.15138],[9.62129,47.15141],[9.62129,47.15145],[9.62121,47.15146],[9.62115,47.15154],[9.62111,47.15156],[9.62108,47.15154],[9.62101,47.15152],[9.62094,47.15152],[9.62083,47.15155],[9.62069,47.15164],[9.62056,47.15164],[9.62054,47.1516],[9.62045,47.15153],[9.62001,47.15134],[9.61979,47.15114],[9.61966,47.15106],[9.61967,47.151],[9.61964,47.15094],[9.61954,47.15093],[9.61947,47.1509],[9.61945,47.15084],[9.61949,47.15077],[9.61945,47.15071],[9.61936,47.15069],[9.61927,47.15064],[9.61879,47.15035],[9.61874,47.15027],[9.61873,47.15024],[9.6188,47.15014],[9.61886,47.15],[9.61884,47.14992],[9.61881,47.14989],[9.61876,47.14989],[9.61876,47.14982],[9.6187,47.14975],[9.61851,47.14969],[9.61829,47.14964],[9.61829,47.1496],[9.61824,47.14957],[9.61813,47.14954],[9.61772,47.14937],[9.61738,47.14926],[9.61724,47.1491],[9.61711,47.14904],[9.61683,47.14895],[9.61669,47.14876],[9.6166,47.14869],[9.61645,47.14862],[9.61609,47.14846],[9.61597,47.14834],[9.61589,47.14829],[9.61556,47.14816],[9.61511,47.14794],[9.61496,47.14785],[9.61474,47.14776],[9.61466,47.14775],[9.61458,47.14778],[9.61454,47.14777],[9.61447,47.1477],[9.61437,47.14765],[9.61428,47.14762],[9.61415,47.1476],[9.61396,47.14753],[9.61386,47.14753],[9.61374,47.14755],[9.61369,47.14755],[9.61342,47.14747],[9.61334,47.14746],[9.6133,47.14747],[9.61326,47.14744],[9.61315,47.14742],[9.61303,47.14741],[9.61286,47.14745],[9.61282,47.14747],[9.61273,47.14756],[9.61256,47.14751],[9.61239,47.14753],[9.61223,47.14751],[9.61213,47.14753],[9.61206,47.14753],[9.61201,47.14745],[9.61198,47.14744],[9.61179,47.14741],[9.61163,47.14743],[9.61155,47.14739],[9.61142,47.14737],[9.61129,47.1474],[9.61122,47.14739],[9.6111,47.14741],[9.61103,47.14744],[9.61099,47.14747],[9.61093,47.1475],[9.61091,47.14754],[9.61083,47.14755],[9.61076,47.14759],[9.61071,47.14757],[9.61066,47.14758],[9.61057,47.14763],[9.61055,47.14761],[9.61052,47.14756],[9.61045,47.14753],[9.61039,47.14753],[9.61034,47.14757],[9.61029,47.14758],[9.61021,47.14751],[9.6101,47.1475],[9.61002,47.14751],[9.60995,47.14756],[9.60989,47.14756],[9.6098,47.14753],[9.60972,47.14756],[9.60968,47.14756],[9.60966,47.14758],[9.60958,47.14759],[9.60953,47.14761],[9.60945,47.14765],[9.60939,47.14771],[9.60936,47.14772],[9.60933,47.14773],[9.60922,47.14773],[9.60915,47.14778],[9.60904,47.14776],[9.60882,47.14775],[9.60876,47.14777],[9.6087,47.14776],[9.60861,47.1478],[9.60855,47.14785],[9.60854,47.14787],[9.60851,47.14788],[9.60841,47.14795],[9.60823,47.14803],[9.60815,47.14817],[9.60801,47.14826],[9.60792,47.14825],[9.60775,47.14828],[9.6076,47.14825],[9.60754,47.14826],[9.60746,47.14827],[9.60738,47.14832],[9.60728,47.14833],[9.60699,47.14842],[9.60692,47.14845],[9.60669,47.14867],[9.60649,47.14873],[9.60642,47.14876],[9.60639,47.14876],[9.60621,47.14881],[9.60615,47.14883],[9.60606,47.14893],[9.60598,47.14895],[9.6059,47.14892],[9.60583,47.14895],[9.60568,47.14901],[9.60565,47.14908],[9.60546,47.14916],[9.60533,47.14917],[9.60527,47.1492],[9.60519,47.14931],[9.60516,47.14933],[9.60511,47.14981],[9.60503,47.14987],[9.60492,47.15],[9.60489,47.15007],[9.6048,47.15017],[9.60467,47.15024],[9.6046,47.15023],[9.60456,47.15026],[9.60449,47.15028],[9.6044,47.15028],[9.60437,47.15029],[9.60434,47.15035],[9.60424,47.15037],[9.60409,47.15048],[9.60408,47.1505],[9.60408,47.15054],[9.60401,47.15052],[9.60382,47.15063],[9.60378,47.15069],[9.60379,47.15074],[9.60382,47.15077],[9.60388,47.1508],[9.60378,47.15084],[9.6037,47.15092],[9.60353,47.15098],[9.6035,47.15102],[9.60345,47.15105],[9.60343,47.15116],[9.60322,47.15124],[9.60308,47.15135],[9.60308,47.15143],[9.60302,47.15146],[9.60297,47.15152],[9.60293,47.15152],[9.60292,47.15155],[9.60285,47.15158],[9.60283,47.15161],[9.60281,47.15172],[9.60283,47.15175],[9.6028,47.15179],[9.60282,47.15184],[9.60287,47.15187],[9.60293,47.1519],[9.6031,47.15202],[9.60322,47.15208],[9.60331,47.15223],[9.6033,47.15232],[9.60332,47.15247],[9.60335,47.1526],[9.60322,47.15264],[9.60311,47.15278],[9.60318,47.15288],[9.60319,47.15296],[9.60314,47.15316],[9.60306,47.15322],[9.60307,47.15328],[9.60304,47.15335],[9.60305,47.1534],[9.60302,47.1534],[9.60298,47.15348],[9.603,47.15357],[9.60298,47.15362],[9.60298,47.15381],[9.60291,47.15394],[9.60292,47.154],[9.60286,47.1541],[9.60282,47.15414],[9.60282,47.15416],[9.60275,47.15423],[9.60258,47.15438],[9.60241,47.15455],[9.60236,47.15464],[9.60229,47.15471],[9.60229,47.15475],[9.60224,47.15482],[9.60218,47.15487],[9.60213,47.15505],[9.60215,47.15518],[9.60219,47.1552],[9.60219,47.15524],[9.60209,47.15531],[9.6021,47.15533],[9.60203,47.15538],[9.60194,47.15552],[9.60194,47.15557],[9.60192,47.15559],[9.60179,47.15569],[9.60173,47.15572],[9.60142,47.15581],[9.60124,47.15582],[9.60122,47.15585],[9.60125,47.15591],[9.60126,47.15603],[9.60113,47.15603],[9.60108,47.15606],[9.60103,47.15614],[9.60084,47.15628],[9.60079,47.15639],[9.60071,47.15648],[9.60063,47.15648],[9.60058,47.1565],[9.60048,47.15666],[9.6004,47.15671],[9.60036,47.15671],[9.60018,47.15677],[9.60018,47.1568],[9.60029,47.1569],[9.60037,47.1569],[9.6004,47.15693],[9.60041,47.15697],[9.60039,47.15703],[9.60042,47.15709],[9.60047,47.15711],[9.60049,47.15714],[9.60056,47.15716],[9.60059,47.15721],[9.60067,47.15726],[9.60068,47.15729],[9.60072,47.1573],[9.60074,47.15734],[9.60079,47.15736],[9.60082,47.15756],[9.60084,47.1576],[9.60082,47.15772],[9.60078,47.15777],[9.60069,47.15802],[9.60074,47.15827],[9.60082,47.15841],[9.60087,47.15843],[9.6009,47.15846],[9.60087,47.15853],[9.60092,47.15863],[9.60096,47.15866],[9.60088,47.15875],[9.6009,47.15882],[9.60077,47.15894],[9.60077,47.15901],[9.60074,47.15902],[9.60063,47.15911],[9.60062,47.15919],[9.59774,47.16153],[9.59673,47.16289],[9.59482,47.16345],[9.59159,47.16453],[9.59122,47.16461],[9.59092,47.16468],[9.58442,47.16836],[9.57944,47.17113],[9.5793,47.1711],[9.57921,47.1711],[9.57913,47.17106],[9.57907,47.17104],[9.57897,47.17105],[9.57889,47.17104],[9.57832,47.1709],[9.57816,47.17089],[9.5774,47.17069],[9.57731,47.17064],[9.577,47.17056],[9.5768,47.17047],[9.57669,47.1704],[9.57664,47.17033],[9.57651,47.17033],[9.5765,47.17031],[9.57628,47.17025],[9.57626,47.17022],[9.57616,47.1702],[9.57607,47.17014],[9.5759,47.17011],[9.57587,47.17008],[9.57574,47.17008],[9.57563,47.17005],[9.57561,47.17001],[9.5754,47.16994],[9.57528,47.16989],[9.57517,47.16984],[9.57513,47.16985],[9.57506,47.1698],[9.57499,47.16982],[9.57491,47.1698],[9.57488,47.16977],[9.57439,47.16968],[9.57437,47.1697],[9.57428,47.16972],[9.57405,47.16965],[9.57395,47.16968],[9.57377,47.16963],[9.57363,47.16965],[9.57338,47.16962],[9.57332,47.16964],[9.57327,47.16963],[9.57313,47.16962],[9.57287,47.16959],[9.57274,47.16954],[9.57266,47.16955],[9.57262,47.16957],[9.57247,47.1696],[9.57244,47.16959],[9.57232,47.16961],[9.57203,47.16961],[9.57189,47.16966],[9.5718,47.16962],[9.57175,47.16955],[9.57164,47.1695],[9.57132,47.16949],[9.5709,47.16981],[9.57089,47.16979],[9.57087,47.1698],[9.57075,47.16974],[9.57063,47.16976],[9.57048,47.16972],[9.57038,47.16972],[9.57035,47.1698],[9.57008,47.16985],[9.57002,47.16993],[9.56997,47.16996],[9.56993,47.16997],[9.56983,47.16999],[9.56971,47.16998],[9.56966,47.16991],[9.56956,47.16986],[9.56939,47.16986],[9.56932,47.16987],[9.56927,47.16986],[9.56921,47.16981],[9.56912,47.1698],[9.56902,47.16975],[9.56899,47.1697],[9.56894,47.16967],[9.56891,47.16963],[9.5689,47.16961],[9.56887,47.16959],[9.56883,47.16959],[9.56883,47.16957],[9.56878,47.16959],[9.56869,47.16965],[9.56863,47.16966],[9.56858,47.1697],[9.56854,47.1697],[9.56845,47.16976],[9.56836,47.16974],[9.56809,47.16979],[9.56797,47.1698],[9.56794,47.16985],[9.56782,47.16989],[9.56779,47.16986],[9.56773,47.16986],[9.56771,47.16985],[9.56764,47.16984],[9.56751,47.16978],[9.5674,47.16977],[9.56735,47.16977],[9.56729,47.16981],[9.56715,47.16982],[9.56708,47.16985],[9.56694,47.16985],[9.56685,47.16979],[9.56684,47.16979],[9.56677,47.1698],[9.56674,47.16982],[9.56656,47.16981],[9.56644,47.16984],[9.5663,47.16983],[9.56617,47.16987],[9.56612,47.16993],[9.56606,47.16997],[9.56593,47.17],[9.56585,47.17003],[9.56582,47.17002],[9.56578,47.17005],[9.56568,47.17006],[9.56561,47.1701],[9.56547,47.1702],[9.56538,47.17025],[9.56533,47.17032],[9.56525,47.17034],[9.5651,47.17032],[9.5651,47.17028],[9.56509,47.17027],[9.56502,47.1703],[9.5649,47.17029],[9.56466,47.17025],[9.56462,47.17026],[9.56473,47.17029],[9.56497,47.17043],[9.56501,47.17049],[9.56503,47.17055],[9.56509,47.17061],[9.56521,47.17066],[9.5653,47.17072],[9.56538,47.17074],[9.56547,47.1708],[9.5655,47.17085],[9.56548,47.17095],[9.56549,47.17101],[9.56544,47.17109],[9.56554,47.17114],[9.56562,47.17115],[9.56569,47.17114],[9.56572,47.17117],[9.56579,47.17125],[9.56582,47.17133],[9.56591,47.17146],[9.56608,47.1716],[9.56609,47.17171],[9.5661,47.17175],[9.56615,47.17177],[9.56617,47.17181],[9.56619,47.17189],[9.56631,47.17201],[9.56636,47.17203],[9.56638,47.17209],[9.5664,47.17214],[9.56638,47.17218],[9.5664,47.1722],[9.56642,47.17227],[9.56647,47.17232],[9.56647,47.17237],[9.56655,47.17243],[9.56662,47.17251],[9.56663,47.17256],[9.56661,47.17266],[9.5667,47.17278],[9.56672,47.17283],[9.56681,47.17286],[9.56685,47.1729],[9.567,47.17295],[9.56707,47.17301],[9.56708,47.17306],[9.56726,47.1732],[9.56767,47.17336],[9.56775,47.1734],[9.56806,47.17363],[9.56816,47.17368],[9.56829,47.1737],[9.5686,47.17386],[9.56868,47.17389],[9.56877,47.17389],[9.56903,47.17396],[9.56904,47.17399],[9.56922,47.17406],[9.56951,47.1743],[9.56969,47.17436],[9.56988,47.17435],[9.56998,47.17437],[9.57011,47.17442],[9.57027,47.17447],[9.57039,47.17453],[9.57044,47.17458],[9.57047,47.17459],[9.57056,47.17461],[9.57057,47.1746],[9.57065,47.17461],[9.57067,47.17463],[9.57072,47.17463],[9.57081,47.17462],[9.5708,47.17465],[9.57085,47.17466],[9.57087,47.17468],[9.5711,47.1747],[9.57116,47.17475],[9.57119,47.17474],[9.57122,47.17474],[9.57124,47.17478],[9.57126,47.1748],[9.57132,47.17479],[9.57145,47.17482],[9.57144,47.17484],[9.57156,47.17488],[9.57155,47.17494],[9.57159,47.17504],[9.57163,47.17508],[9.57171,47.17511],[9.57176,47.17515],[9.57177,47.17511],[9.57192,47.17511],[9.57196,47.17513],[9.57214,47.17523],[9.57217,47.17522],[9.57222,47.17526],[9.57228,47.17528],[9.57228,47.17531],[9.5723,47.17532],[9.57235,47.17534],[9.57252,47.17536],[9.57257,47.17539],[9.57262,47.17547],[9.57266,47.1755],[9.57271,47.17552],[9.57281,47.17552],[9.57286,47.17554],[9.57292,47.17555],[9.57295,47.17557],[9.57306,47.17556],[9.57312,47.17558],[9.57312,47.17562],[9.57309,47.17565],[9.57313,47.17567],[9.57313,47.1757],[9.57308,47.17576],[9.57308,47.17578],[9.57309,47.17581],[9.57313,47.17582],[9.57316,47.17585],[9.57315,47.17594],[9.57317,47.176],[9.57317,47.17602],[9.57311,47.17612],[9.57308,47.17613],[9.57309,47.17621],[9.57324,47.17624],[9.57334,47.17635],[9.57338,47.17636],[9.57345,47.17642],[9.57349,47.17644],[9.57351,47.17646],[9.57351,47.1765],[9.57349,47.17651],[9.57346,47.17655],[9.57331,47.17666],[9.57331,47.17669],[9.57327,47.17682],[9.57329,47.17683],[9.57327,47.17689],[9.57325,47.1769],[9.57327,47.17693],[9.57334,47.17695],[9.57345,47.17703],[9.57342,47.17708],[9.57343,47.17713],[9.57334,47.17724],[9.57347,47.17741],[9.57347,47.17745],[9.57354,47.17751],[9.57356,47.17755],[9.57368,47.17767],[9.57378,47.1777],[9.57381,47.1777],[9.57383,47.17771],[9.57388,47.17781],[9.57394,47.17788],[9.57395,47.17791],[9.57389,47.17793],[9.5739,47.17796],[9.5741,47.17805],[9.5742,47.17806],[9.57427,47.1781],[9.57351,47.17878],[9.57357,47.17944],[9.57366,47.18053],[9.5736,47.18252],[9.57356,47.18339],[9.57336,47.18372],[9.57342,47.18431],[9.57352,47.18506],[9.57352,47.18538],[9.57352,47.18567],[9.57351,47.18594],[9.57341,47.18643],[9.57336,47.18664],[9.57318,47.18723],[9.57259,47.19079],[9.57304,47.19095],[9.57323,47.19096],[9.57331,47.19103],[9.5734,47.19104],[9.5734,47.19109],[9.5735,47.19111],[9.57367,47.19122],[9.57375,47.19126],[9.57385,47.19128],[9.5739,47.19132],[9.57408,47.19141],[9.57423,47.19149],[9.57444,47.19158],[9.57453,47.19166],[9.57463,47.1917],[9.57475,47.19183],[9.57484,47.19189],[9.57493,47.19197],[9.57501,47.19201],[9.57525,47.19218],[9.57554,47.19232],[9.57578,47.19247],[9.57583,47.19255],[9.57593,47.19264],[9.57618,47.19273],[9.57647,47.19287],[9.57657,47.19296],[9.57667,47.19308],[9.57673,47.19312],[9.57696,47.19335],[9.57713,47.19348],[9.57718,47.19364],[9.5773,47.19377],[9.57744,47.19387],[9.57756,47.19389],[9.57763,47.19394],[9.57781,47.19402],[9.57787,47.19409],[9.57812,47.19418],[9.57823,47.19424],[9.57828,47.1943],[9.57857,47.19441],[9.57866,47.19448],[9.57867,47.19453],[9.57899,47.195],[9.57899,47.19516],[9.57912,47.1957],[9.58029,47.19578],[9.58044,47.19607],[9.58042,47.19638],[9.58038,47.1969],[9.5804,47.19716],[9.58052,47.19759],[9.58051,47.19846],[9.58071,47.19888],[9.58098,47.19955],[9.58113,47.19999],[9.58141,47.20042],[9.58165,47.20085],[9.58179,47.20103],[9.58246,47.20163],[9.58266,47.20223],[9.5829,47.20263],[9.5831,47.20292],[9.58327,47.20343],[9.58359,47.20376],[9.5839,47.20393],[9.58479,47.20456],[9.58486,47.20493],[9.58488,47.20534],[9.5847,47.20539],[9.58416,47.20564],[9.58389,47.2058],[9.58384,47.20586],[9.58341,47.20595],[9.58321,47.20601],[9.58301,47.20608],[9.58255,47.20632],[9.58229,47.2065],[9.58196,47.20673],[9.58164,47.20697],[9.58138,47.20719],[9.58114,47.20736],[9.58097,47.20747],[9.58056,47.20769],[9.58026,47.20796],[9.57983,47.20818],[9.57975,47.20829],[9.57959,47.20838],[9.57936,47.20847],[9.5792,47.20857],[9.57885,47.20874],[9.57847,47.20889],[9.57831,47.20905],[9.57813,47.20948],[9.57803,47.20958],[9.57791,47.2098],[9.57752,47.21067],[9.57754,47.21126],[9.57731,47.21158],[9.57712,47.21184],[9.57696,47.21207],[9.57616,47.21311],[9.57579,47.21354],[9.57565,47.21371],[9.57522,47.21404],[9.57457,47.21452],[9.57402,47.21485],[9.57374,47.21507],[9.57367,47.21515],[9.57351,47.21529],[9.573,47.21577],[9.57254,47.2161],[9.57231,47.21625],[9.57152,47.21702],[9.57061,47.21797],[9.57045,47.21814],[9.57032,47.21827],[9.56982,47.21876],[9.56925,47.21937],[9.56914,47.21933],[9.5691,47.21933],[9.56907,47.21933],[9.56906,47.21934],[9.56898,47.21947],[9.56884,47.21956],[9.56869,47.21967],[9.56864,47.21972],[9.56854,47.21979],[9.56843,47.21981],[9.56833,47.21988],[9.56824,47.21991],[9.56814,47.21994],[9.56804,47.21997],[9.56795,47.22001],[9.56791,47.22003],[9.56766,47.22],[9.56755,47.22003],[9.56753,47.22003],[9.56743,47.21996],[9.56735,47.21996],[9.56734,47.21996],[9.56727,47.22],[9.56722,47.2201],[9.56718,47.22014],[9.56705,47.22019],[9.56697,47.22026],[9.56686,47.2203],[9.56677,47.22034],[9.5664,47.22043],[9.56629,47.22044],[9.5662,47.2204],[9.56594,47.22043],[9.56578,47.22046],[9.56542,47.22055],[9.56531,47.22061],[9.56504,47.22068],[9.5649,47.22071],[9.5648,47.22074],[9.5647,47.22076],[9.56469,47.22077],[9.56428,47.22066],[9.56422,47.22063],[9.56419,47.22063],[9.56418,47.22064],[9.56414,47.22069],[9.56397,47.22082],[9.56387,47.22098],[9.5638,47.22103],[9.56376,47.22104],[9.5638,47.22111],[9.56375,47.22115],[9.5637,47.22112],[9.56361,47.2212],[9.56343,47.22137],[9.5632,47.22169],[9.56318,47.22184],[9.56323,47.22196],[9.56313,47.222],[9.56303,47.22212],[9.56289,47.22219],[9.56278,47.22223],[9.56252,47.22247],[9.56243,47.22252],[9.56229,47.22263],[9.56222,47.22268],[9.56219,47.2227],[9.56211,47.2228],[9.56197,47.22289],[9.5619,47.22296],[9.56183,47.223],[9.56167,47.22305],[9.56154,47.22307],[9.56145,47.22316],[9.56138,47.22319],[9.56127,47.22317],[9.56118,47.22321],[9.56111,47.22326],[9.56066,47.22346],[9.5605,47.22355],[9.56035,47.22362],[9.56025,47.22367],[9.56011,47.22368],[9.55999,47.22371],[9.55983,47.2237],[9.5597,47.22375],[9.55962,47.22375],[9.55952,47.22373],[9.5591,47.22375],[9.55881,47.22387],[9.55872,47.22398],[9.55854,47.22411],[9.55852,47.22412],[9.55848,47.22409],[9.55838,47.22392],[9.55818,47.22378],[9.55793,47.22371],[9.55786,47.22346],[9.55769,47.22331],[9.55763,47.22328],[9.55755,47.22323],[9.55742,47.2232],[9.55721,47.22318],[9.55691,47.22306],[9.55621,47.22279],[9.55605,47.22276],[9.55587,47.2226],[9.55577,47.22257],[9.5554,47.22251],[9.55543,47.22379],[9.55522,47.22378],[9.55508,47.22381],[9.5546,47.22389],[9.55448,47.22396],[9.55431,47.2241],[9.55395,47.22392],[9.55369,47.22381],[9.55207,47.22366],[9.55176,47.22375],[9.55218,47.22399],[9.55228,47.22425],[9.55234,47.22434],[9.55241,47.2245],[9.55246,47.22452],[9.55268,47.22467],[9.55273,47.22474],[9.55264,47.22483],[9.55246,47.22498],[9.55269,47.22497],[9.55283,47.225],[9.55302,47.22511],[9.55318,47.22532],[9.55328,47.22547],[9.5533,47.22554],[9.55339,47.22568],[9.55349,47.22575],[9.55369,47.22592],[9.55393,47.22611],[9.55418,47.22629],[9.55439,47.22639],[9.55456,47.22649],[9.55464,47.22658],[9.55467,47.22666],[9.55425,47.2269],[9.55419,47.22693],[9.55429,47.22718],[9.55441,47.22723],[9.55444,47.22724],[9.55436,47.22732],[9.55447,47.22738],[9.55441,47.22746],[9.55446,47.22749],[9.55462,47.22764],[9.55475,47.22779],[9.55496,47.22797],[9.55519,47.22818],[9.55522,47.22824],[9.55533,47.22856],[9.55539,47.22868],[9.55547,47.22879],[9.55542,47.22886],[9.55548,47.22896],[9.55557,47.229],[9.55575,47.22912],[9.55592,47.22921],[9.55598,47.22931],[9.55591,47.22935],[9.55602,47.22961],[9.55612,47.22973],[9.55621,47.2298],[9.55627,47.22993],[9.5563,47.22992],[9.5565,47.23001],[9.55651,47.23003],[9.5564,47.23011],[9.55636,47.23017],[9.55652,47.23028],[9.55658,47.23036],[9.55666,47.23048],[9.55671,47.23049],[9.55684,47.23062],[9.55704,47.23071],[9.5571,47.23077],[9.55718,47.23092],[9.55722,47.23103],[9.55734,47.2311],[9.55749,47.23128],[9.55761,47.23145],[9.5576,47.2315],[9.55753,47.23158],[9.55765,47.23182],[9.55766,47.23193],[9.55793,47.23216],[9.55797,47.23232],[9.55804,47.23236],[9.55811,47.23248],[9.5582,47.23255],[9.55805,47.23265],[9.55821,47.23267],[9.55828,47.23275],[9.5584,47.23291],[9.55845,47.233],[9.5588,47.23326],[9.55902,47.23335],[9.55894,47.23349],[9.55924,47.23369],[9.55953,47.23395],[9.55961,47.23408],[9.55966,47.23416],[9.5598,47.2342],[9.55992,47.23435],[9.56007,47.23439],[9.56022,47.23453],[9.56063,47.23482],[9.5607,47.23493],[9.56084,47.23496],[9.56118,47.23522],[9.56116,47.23525],[9.56126,47.23527],[9.56135,47.23533],[9.56161,47.23556],[9.56177,47.23569],[9.5618,47.23577],[9.56186,47.23581],[9.562,47.23596],[9.56206,47.23605],[9.5624,47.23622],[9.56251,47.23642],[9.56268,47.2366],[9.56275,47.2367],[9.56286,47.23675],[9.56293,47.23681],[9.56298,47.23692],[9.56315,47.23697],[9.56318,47.23693],[9.56333,47.23704],[9.5634,47.23713],[9.56359,47.23724],[9.56365,47.2373],[9.5638,47.23746],[9.5639,47.23754],[9.56399,47.23763],[9.564,47.23771],[9.56407,47.23766],[9.56419,47.23777],[9.56429,47.23786],[9.56455,47.2381],[9.56463,47.2382],[9.56463,47.23828],[9.5647,47.2383],[9.56479,47.23837],[9.56489,47.23842],[9.56496,47.23852],[9.56498,47.23858],[9.56509,47.23865],[9.56517,47.23876],[9.5653,47.23883],[9.56553,47.239],[9.5658,47.23923],[9.5658,47.23929],[9.56608,47.23951],[9.56625,47.23967],[9.56643,47.23985],[9.56648,47.23995],[9.56662,47.24007],[9.5667,47.24008],[9.56675,47.24014],[9.56683,47.24026],[9.56708,47.24056],[9.56725,47.24071],[9.5674,47.24091],[9.56721,47.24187],[9.56671,47.24291],[9.56365,47.24593],[9.56239,47.24712],[9.56151,47.24821],[9.56124,47.24829],[9.56127,47.24832],[9.56141,47.24859],[9.56141,47.24863],[9.56141,47.2487],[9.56136,47.24879],[9.56134,47.24882],[9.56124,47.24888],[9.56081,47.24906],[9.56072,47.24911],[9.56061,47.24917],[9.56052,47.24925],[9.56046,47.24932],[9.55969,47.25026],[9.5596,47.25037],[9.55948,47.25047],[9.5594,47.25052],[9.55928,47.25059],[9.55915,47.25066],[9.55901,47.25071],[9.55887,47.25075],[9.55872,47.25078],[9.55854,47.2508],[9.55798,47.25086],[9.55786,47.25088],[9.55772,47.25091],[9.55754,47.25096],[9.55737,47.25104],[9.55728,47.25109],[9.55718,47.25116],[9.55709,47.25124],[9.55566,47.25273],[9.55557,47.2528],[9.55548,47.25287],[9.55538,47.25291],[9.55526,47.25296],[9.55513,47.25299],[9.55456,47.25304],[9.55441,47.25308],[9.55429,47.25313],[9.55421,47.25318],[9.55417,47.25319],[9.5531,47.2539],[9.55286,47.25406],[9.55267,47.25423],[9.55249,47.25441],[9.5521,47.25484],[9.55193,47.255],[9.55173,47.25518],[9.55153,47.25533],[9.55129,47.25547],[9.55106,47.25559],[9.55094,47.25565],[9.55038,47.25589],[9.55011,47.25601],[9.54999,47.25608],[9.54979,47.2562],[9.54958,47.25634],[9.54876,47.25694],[9.54858,47.25705],[9.54839,47.25715],[9.54829,47.2572],[9.54808,47.25728],[9.54681,47.25766],[9.54649,47.25774],[9.54623,47.25779],[9.54594,47.25783],[9.54583,47.25785],[9.54558,47.25791],[9.54545,47.25795],[9.5452,47.25803],[9.5441,47.25848],[9.54391,47.25856],[9.54384,47.25861],[9.54372,47.2587],[9.54366,47.25875],[9.54358,47.25884],[9.54342,47.25912],[9.54336,47.25921],[9.5433,47.25928],[9.54323,47.25935],[9.54307,47.25947],[9.54135,47.26028],[9.54105,47.26044],[9.54069,47.26064],[9.54043,47.26079],[9.53951,47.26135],[9.53956,47.26139],[9.53968,47.2615],[9.53966,47.26156],[9.53968,47.26162],[9.53972,47.26169],[9.53968,47.26171],[9.53959,47.26173],[9.53935,47.26182],[9.53935,47.26189],[9.53947,47.26203],[9.53958,47.26222],[9.53964,47.26229],[9.53968,47.26232],[9.53973,47.26234],[9.53986,47.26241],[9.54008,47.26256],[9.54026,47.26262],[9.54036,47.26272],[9.54038,47.26276],[9.54035,47.26301],[9.5403,47.26305],[9.54025,47.26315],[9.54027,47.2633],[9.54031,47.2634],[9.54019,47.26397],[9.54016,47.26403],[9.54005,47.26413],[9.54001,47.26416],[9.53991,47.26431],[9.53984,47.26445],[9.5398,47.26455],[9.53974,47.26466],[9.53977,47.26474],[9.53988,47.2649],[9.53988,47.26499],[9.53979,47.2651],[9.53967,47.26508],[9.53961,47.26511],[9.53952,47.26517],[9.53946,47.26523],[9.53938,47.26528],[9.53926,47.26538],[9.53916,47.26551],[9.53905,47.26556],[9.53896,47.26575],[9.53892,47.26577],[9.53876,47.26582],[9.53859,47.26589],[9.5385,47.26589],[9.53843,47.26592],[9.53823,47.26602],[9.53813,47.26599],[9.53805,47.26601],[9.53797,47.26603],[9.5378,47.2661],[9.53774,47.26608],[9.53774,47.26596],[9.53768,47.26591],[9.53753,47.26585],[9.53739,47.26577],[9.53728,47.26576],[9.53725,47.26576],[9.53718,47.26582],[9.53711,47.26585],[9.53698,47.26587],[9.53684,47.26586],[9.53662,47.26586],[9.53652,47.2659],[9.5365,47.26593],[9.53639,47.26596],[9.5362,47.26617],[9.53607,47.26623],[9.53599,47.26633],[9.53591,47.26643],[9.53581,47.26651],[9.53553,47.26675],[9.53543,47.26682],[9.5343,47.26761],[9.53386,47.26783],[9.53346,47.2682],[9.53323,47.26844],[9.53283,47.26875],[9.53263,47.26894],[9.5325,47.26908],[9.53206,47.26946],[9.53194,47.26958],[9.53104,47.27032],[9.53073,47.27057],[9.53083,47.27075],[9.53296,47.27299],[9.54344,47.27833],[9.54542,47.27945],[9.55133,47.28679],[9.55516,47.29694],[9.55658,47.29847],[9.55923,47.30019],[9.56556,47.30411],[9.56558,47.30412],[9.58144,47.31106],[9.58354,47.31262],[9.58805,47.3173],[9.58829,47.31755],[9.58926,47.31911],[9.5948,47.33375],[9.59634,47.33753],[9.60009,47.34616],[9.60528,47.35148],[9.61073,47.35571],[9.61967,47.36243],[9.62271,47.36477],[9.62446,47.36615],[9.62627,47.36508],[9.6304,47.36642],[9.63537,47.36737],[9.6475,47.36735],[9.64955,47.36745],[9.65674,47.36883],[9.66241,47.37108],[9.67025,47.37744],[9.67335,47.38151],[9.67414,47.3893],[9.67382,47.39083],[9.67357,47.3913],[9.67245,47.39262],[9.67061,47.39368],[9.66244,47.39639],[9.66009,47.39755],[9.65733,47.40016],[9.65437,47.4044],[9.65226,47.40457],[9.65162,47.40463],[9.6519,47.40836],[9.65105,47.41642],[9.64965,47.42321],[9.64507,47.43205],[9.64429,47.43482],[9.64465,47.43687],[9.64588,47.43885],[9.6501,47.44214],[9.65094,47.44275],[9.65742,47.44738],[9.65799,47.44779],[9.65904,47.44912],[9.65945,47.45138],[9.65899,47.4522],[9.65873,47.45246],[9.65626,47.45375],[9.65583,47.4539],[9.64409,47.45586],[9.62626,47.45669],[9.62234,47.45747],[9.62069,47.45839],[9.61697,47.46194],[9.61177,47.46927],[9.60986,47.47035],[9.60764,47.47049],[9.60725,47.47033],[9.60705,47.47023],[9.60646,47.46944],[9.60505,47.46401],[9.60292,47.46201],[9.60092,47.46159],[9.59722,47.46227],[9.59514,47.46331],[9.59407,47.46441],[9.58303,47.48173],[9.58167,47.48329],[9.57871,47.48535],[9.57667,47.48645],[9.56449,47.49328],[9.5622,47.49592],[9.56133,47.49829],[9.56128,47.49866],[9.56177,47.50449],[9.55072,47.53708],[9.66112,47.53442],[9.72558,47.53286],[9.72959,47.5339],[9.73033,47.53406],[9.73063,47.53409],[9.73084,47.53408],[9.731,47.53405],[9.73124,47.53399],[9.73204,47.53376],[9.73239,47.5337],[9.73278,47.53366],[9.73309,47.53366],[9.73336,47.53368],[9.73354,47.53371],[9.73402,47.5338],[9.73478,47.53396],[9.73522,47.53407],[9.73555,47.53417],[9.73582,47.53428],[9.73589,47.53432],[9.73598,47.53436],[9.73607,47.53441],[9.73615,47.53445],[9.73632,47.53457],[9.73646,47.53469],[9.73661,47.53485],[9.73671,47.5351],[9.73679,47.53541],[9.73683,47.53566],[9.73684,47.53587],[9.73683,47.53607],[9.73681,47.53624],[9.73676,47.53642],[9.73666,47.53659],[9.73654,47.53675],[9.73648,47.53686],[9.73644,47.53693],[9.73643,47.53695],[9.73635,47.53705],[9.73633,47.53708],[9.73619,47.53724],[9.73611,47.53737],[9.73605,47.53751],[9.73604,47.53773],[9.73608,47.5382],[9.73619,47.53897],[9.73628,47.53963],[9.73631,47.54001],[9.73627,47.54029],[9.73622,47.5405],[9.7362,47.54064],[9.73612,47.54086],[9.73596,47.54115],[9.73585,47.54138],[9.73571,47.54178],[9.7357,47.54188],[9.73574,47.54199],[9.73583,47.54233],[9.73592,47.54264],[9.73595,47.54278],[9.73595,47.54278],[9.73598,47.54306],[9.73597,47.54325],[9.73597,47.54338],[9.73592,47.54365],[9.73579,47.54396],[9.73532,47.54505],[9.73509,47.54557],[9.73502,47.5459],[9.73505,47.54616],[9.73509,47.54636],[9.73511,47.54644],[9.73517,47.54661],[9.73531,47.54684],[9.73544,47.54701],[9.73553,47.5471],[9.73569,47.54721],[9.73575,47.54724],[9.73582,47.54727],[9.73589,47.54732],[9.7359,47.54732],[9.73597,47.54736],[9.73607,47.54741],[9.7361,47.54743],[9.73637,47.54755],[9.737,47.54781],[9.73712,47.5479],[9.73749,47.54817],[9.7376,47.54829],[9.73769,47.54844],[9.73774,47.54857],[9.73788,47.54918],[9.73794,47.54951],[9.73801,47.5497],[9.73822,47.55021],[9.73828,47.55031],[9.73833,47.55039],[9.73836,47.55043],[9.73842,47.55057],[9.73843,47.55059],[9.73849,47.55068],[9.73851,47.55072],[9.73859,47.5508],[9.7387,47.55087],[9.73895,47.55097],[9.73921,47.55105],[9.73953,47.55112],[9.73977,47.55118],[9.73993,47.55124],[9.74012,47.5514],[9.74022,47.55149],[9.74049,47.55165],[9.74057,47.55172],[9.74063,47.55179],[9.74065,47.55198],[9.74063,47.55208],[9.74059,47.55222],[9.74057,47.55242],[9.74057,47.55276],[9.7406,47.5531],[9.74062,47.55327],[9.74062,47.55327],[9.74067,47.55343],[9.74077,47.55366],[9.74084,47.55387],[9.74092,47.55409],[9.74103,47.55426],[9.74126,47.55451],[9.7414,47.55467],[9.74156,47.55489],[9.74164,47.55499],[9.74178,47.55503],[9.74249,47.55518],[9.74279,47.55523],[9.74306,47.55524],[9.74335,47.55522],[9.74363,47.55518],[9.74387,47.55511],[9.74428,47.55497],[9.74438,47.55492],[9.74451,47.55484],[9.74471,47.55478],[9.74482,47.55476],[9.74503,47.55469],[9.74518,47.55468],[9.74539,47.55471],[9.74567,47.5548],[9.74606,47.55496],[9.74635,47.55511],[9.74653,47.55521],[9.74675,47.55533],[9.74692,47.55547],[9.7471,47.55569],[9.74723,47.55595],[9.7473,47.55621],[9.74728,47.55639],[9.74724,47.55653],[9.74716,47.55667],[9.74697,47.55687],[9.74676,47.55705],[9.74646,47.55726],[9.74636,47.55731],[9.74597,47.55743],[9.74542,47.55753],[9.74495,47.5576],[9.74423,47.55771],[9.74393,47.55776],[9.74367,47.55781],[9.74352,47.55789],[9.7434,47.55802],[9.74335,47.5582],[9.74337,47.55867],[9.74344,47.55881],[9.74352,47.55889],[9.74365,47.55895],[9.74403,47.55909],[9.74437,47.55923],[9.74457,47.55929],[9.74489,47.5594],[9.7451,47.55952],[9.74538,47.5597],[9.74567,47.55991],[9.74585,47.56001],[9.74602,47.5601],[9.74626,47.56021],[9.74668,47.56041],[9.74681,47.5605],[9.74692,47.56058],[9.74706,47.56074],[9.74718,47.56098],[9.74722,47.56111],[9.74724,47.56127],[9.74719,47.56155],[9.7471,47.56185],[9.74706,47.56226],[9.7471,47.56254],[9.74713,47.56269],[9.74714,47.5628],[9.74715,47.56307],[9.74716,47.56326],[9.74714,47.56346],[9.74718,47.56372],[9.74724,47.56397],[9.7473,47.56414],[9.74736,47.56429],[9.74748,47.56444],[9.74758,47.56455],[9.74783,47.56483],[9.74804,47.56507],[9.74827,47.56531],[9.7484,47.56543],[9.74859,47.56554],[9.74872,47.56562],[9.74886,47.56573],[9.74902,47.56584],[9.7494,47.56606],[9.74967,47.56619],[9.74989,47.56628],[9.75027,47.56638],[9.7506,47.56646],[9.75084,47.56657],[9.75103,47.56668],[9.75129,47.56683],[9.75161,47.56707],[9.75173,47.56713],[9.75193,47.56728],[9.75207,47.56747],[9.75209,47.56756],[9.75201,47.5679],[9.75184,47.56823],[9.75173,47.56836],[9.7516,47.56844],[9.75146,47.56851],[9.75099,47.5687],[9.75082,47.56875],[9.75057,47.56881],[9.75024,47.56889],[9.75012,47.56892],[9.7499,47.56896],[9.74952,47.56904],[9.74915,47.56915],[9.7489,47.56923],[9.74871,47.56934],[9.74847,47.56952],[9.74831,47.56971],[9.74804,47.57019],[9.74802,47.57028],[9.748,47.57033],[9.74803,47.57043],[9.74806,47.57052],[9.74816,47.57062],[9.74826,47.57068],[9.74843,47.57075],[9.74881,47.57088],[9.74902,47.57094],[9.74912,47.57096],[9.74931,47.571],[9.7495,47.57102],[9.75008,47.57109],[9.75061,47.57118],[9.75075,47.5712],[9.75087,47.57125],[9.75104,47.57145],[9.75113,47.57168],[9.75118,47.5718],[9.75127,47.5719],[9.75134,47.57195],[9.75139,47.57199],[9.75158,47.57206],[9.75308,47.57238],[9.75334,47.57244],[9.75357,47.57248],[9.75383,47.5725],[9.75409,47.57247],[9.75444,47.5724],[9.75481,47.57228],[9.7551,47.5722],[9.7552,47.57217],[9.75536,47.57215],[9.75553,47.57214],[9.75567,47.57215],[9.75578,47.5722],[9.75607,47.57236],[9.75632,47.57262],[9.75644,47.57277],[9.75647,47.57284],[9.75649,47.57295],[9.75644,47.57316],[9.75638,47.57338],[9.75637,47.57355],[9.75632,47.57375],[9.75619,47.57405],[9.75607,47.57435],[9.75587,47.57482],[9.75579,47.57496],[9.75563,47.57518],[9.75552,47.57542],[9.75545,47.57568],[9.75542,47.57585],[9.75541,47.57598],[9.75541,47.57615],[9.75547,47.5764],[9.75561,47.57669],[9.75569,47.57692],[9.75572,47.57717],[9.7558,47.57792],[9.75592,47.57851],[9.75606,47.57891],[9.75623,47.57929],[9.7563,47.57951],[9.75633,47.57963],[9.75642,47.57976],[9.75657,47.57986],[9.75672,47.57988],[9.75764,47.57984],[9.75833,47.57986],[9.75882,47.5799],[9.75898,47.57993],[9.7593,47.58005],[9.75978,47.58032],[9.76012,47.58051],[9.76043,47.58064],[9.76069,47.58071],[9.76181,47.58091],[9.76197,47.58096],[9.76208,47.58113],[9.76208,47.58126],[9.76202,47.5814],[9.76186,47.58151],[9.76171,47.58159],[9.76151,47.58175],[9.76126,47.58206],[9.76106,47.5824],[9.76094,47.58268],[9.76083,47.58305],[9.76069,47.58342],[9.76068,47.58351],[9.76072,47.58359],[9.76105,47.58381],[9.76124,47.58388],[9.7615,47.58398],[9.76181,47.5842],[9.76239,47.58472],[9.76247,47.58489],[9.76271,47.58577],[9.76282,47.58599],[9.76297,47.58623],[9.76307,47.58631],[9.76324,47.58639],[9.76364,47.5865],[9.76379,47.58652],[9.76397,47.58652],[9.76411,47.58645],[9.76457,47.58591],[9.76466,47.58577],[9.76478,47.58557],[9.76482,47.58551],[9.76492,47.58541],[9.76505,47.58533],[9.76528,47.5853],[9.76579,47.58532],[9.76592,47.58535],[9.76601,47.5855],[9.76596,47.58562],[9.76581,47.58583],[9.7656,47.58611],[9.76541,47.58642],[9.76527,47.58668],[9.7652,47.58696],[9.76513,47.58729],[9.76513,47.5876],[9.76514,47.58809],[9.7652,47.58858],[9.76527,47.58875],[9.76539,47.58894],[9.76553,47.58912],[9.7657,47.58923],[9.76589,47.58929],[9.76608,47.58931],[9.76626,47.58932],[9.76642,47.58928],[9.76659,47.58922],[9.76668,47.58916],[9.76679,47.58906],[9.76692,47.58893],[9.76708,47.58881],[9.76722,47.58872],[9.76742,47.58862],[9.76756,47.58857],[9.76764,47.5885],[9.76772,47.58843],[9.7679,47.58828],[9.76802,47.58817],[9.76817,47.58798],[9.76851,47.58754],[9.76862,47.58748],[9.76876,47.58744],[9.76911,47.58736],[9.76925,47.58736],[9.76933,47.58739],[9.76938,47.58747],[9.76951,47.58794],[9.76953,47.58811],[9.76944,47.58835],[9.76941,47.58846],[9.76943,47.58855],[9.76949,47.58863],[9.76958,47.58868],[9.76972,47.5887],[9.77053,47.58872],[9.77098,47.58874],[9.77118,47.58879],[9.77174,47.58898],[9.77192,47.58909],[9.77214,47.58923],[9.77221,47.58933],[9.77224,47.58941],[9.77241,47.58998],[9.77247,47.59011],[9.77258,47.59027],[9.77278,47.59046],[9.77319,47.59086],[9.77386,47.59158],[9.77396,47.59166],[9.77412,47.59176],[9.77429,47.59187],[9.77449,47.59203],[9.77466,47.5922],[9.77498,47.59253],[9.77575,47.59332],[9.77585,47.59339],[9.77594,47.59342],[9.77604,47.59344],[9.77616,47.59346],[9.77624,47.5935],[9.77632,47.59361],[9.77637,47.59373],[9.7764,47.59392],[9.77633,47.59412],[9.77622,47.59452],[9.77625,47.59456],[9.77628,47.59459],[9.77629,47.59461],[9.77649,47.59476],[9.77658,47.59485],[9.77662,47.595],[9.77672,47.59522],[9.77678,47.59536],[9.77687,47.59541],[9.77697,47.59544],[9.77705,47.59545],[9.7772,47.59545],[9.77736,47.59544],[9.77745,47.59544],[9.77756,47.59542],[9.77765,47.59542],[9.77778,47.59542],[9.77846,47.59548],[9.77868,47.59546],[9.77879,47.59541],[9.77891,47.59527],[9.77902,47.5951],[9.77907,47.595],[9.77918,47.59478],[9.77923,47.59471],[9.77936,47.59451],[9.77948,47.59442],[9.77958,47.59436],[9.77976,47.59429],[9.77991,47.59422],[9.7801,47.59412],[9.78023,47.59407],[9.78037,47.59403],[9.7805,47.59402],[9.78066,47.59402],[9.78076,47.59402],[9.78087,47.59402],[9.78095,47.59406],[9.78102,47.59415],[9.78104,47.5943],[9.78111,47.59437],[9.78122,47.59443],[9.78133,47.59451],[9.78144,47.59451],[9.78174,47.59435],[9.78184,47.5943],[9.78196,47.59426],[9.78205,47.59423],[9.78223,47.59418],[9.7823,47.59416],[9.78247,47.59415],[9.78293,47.5942],[9.78297,47.5942],[9.78313,47.59423],[9.78326,47.59425],[9.78336,47.59429],[9.78394,47.59469],[9.78401,47.59473],[9.78409,47.59476],[9.78422,47.59476],[9.78436,47.59475],[9.78452,47.59469],[9.7846,47.59464],[9.78465,47.59455],[9.78476,47.59433],[9.78481,47.59419],[9.78491,47.59394],[9.78496,47.59387],[9.78505,47.59377],[9.78516,47.5937],[9.78524,47.59366],[9.78542,47.59366],[9.78556,47.59372],[9.78581,47.59385],[9.78603,47.594],[9.78618,47.5941],[9.78633,47.59417],[9.78658,47.59426],[9.78666,47.59429],[9.78676,47.59429],[9.78688,47.59429],[9.78711,47.59419],[9.78733,47.5941],[9.78747,47.59406],[9.78758,47.59405],[9.78782,47.59404],[9.78807,47.59404],[9.78854,47.59402],[9.78889,47.59402],[9.78922,47.59405],[9.78955,47.59412],[9.78973,47.59416],[9.78975,47.59416],[9.78988,47.59414],[9.78995,47.59404],[9.78996,47.59382],[9.79002,47.5937],[9.79008,47.59363],[9.79016,47.59357],[9.79022,47.59355],[9.79029,47.59354],[9.79036,47.59354],[9.79082,47.59374],[9.79091,47.59376],[9.79114,47.59386],[9.7912,47.59387],[9.79133,47.59377],[9.79133,47.5937],[9.79131,47.5936],[9.79141,47.59353],[9.79151,47.59352],[9.79161,47.59353],[9.79173,47.59358],[9.79222,47.59386],[9.79235,47.59396],[9.79244,47.59401],[9.79255,47.59404],[9.79267,47.59404],[9.79285,47.59399],[9.79304,47.59391],[9.79314,47.5939],[9.79326,47.59393],[9.79386,47.5943],[9.79397,47.59435],[9.79408,47.59439],[9.79439,47.59441],[9.79452,47.5944],[9.79466,47.59434],[9.7948,47.59427],[9.79495,47.59414],[9.7952,47.59389],[9.79549,47.59371],[9.79563,47.59367],[9.79577,47.59366],[9.79584,47.59369],[9.79592,47.59375],[9.79597,47.59381],[9.796,47.59389],[9.79603,47.59397],[9.79609,47.59405],[9.79618,47.59412],[9.79629,47.59418],[9.79641,47.59423],[9.79657,47.59428],[9.79687,47.59434],[9.79705,47.59435],[9.79754,47.59441],[9.7978,47.59445],[9.79803,47.59451],[9.79832,47.59462],[9.7986,47.59477],[9.79881,47.59488],[9.79903,47.59503],[9.7991,47.5951],[9.7992,47.59522],[9.7993,47.59533],[9.79942,47.59542],[9.79954,47.59552],[9.79959,47.59557],[9.79962,47.59566],[9.79967,47.59573],[9.79975,47.59581],[9.79979,47.59594],[9.79982,47.59601],[9.79988,47.59606],[9.79999,47.59611],[9.80009,47.5961],[9.80018,47.59608],[9.80025,47.596],[9.80021,47.59585],[9.80025,47.59576],[9.80033,47.5957],[9.80042,47.59567],[9.80062,47.59568],[9.80072,47.59571],[9.80095,47.59578],[9.80106,47.5958],[9.80121,47.5958],[9.80135,47.59578],[9.80154,47.59576],[9.80172,47.59579],[9.8018,47.59582],[9.80197,47.5959],[9.80207,47.59593],[9.8022,47.59595],[9.80233,47.59594],[9.80247,47.59589],[9.8026,47.59582],[9.80272,47.59574],[9.80308,47.59542],[9.80322,47.59533],[9.80341,47.59525],[9.8037,47.59516],[9.80387,47.59513],[9.80398,47.59508],[9.80426,47.59494],[9.8043,47.5949],[9.80433,47.59485],[9.80431,47.59467],[9.80431,47.59462],[9.80435,47.59453],[9.80453,47.59432],[9.8047,47.59419],[9.80482,47.59417],[9.80513,47.5942],[9.80546,47.59424],[9.80571,47.59422],[9.80586,47.59418],[9.80595,47.59413],[9.80601,47.59408],[9.80605,47.59403],[9.80611,47.59391],[9.80615,47.59386],[9.80644,47.59368],[9.80648,47.59367],[9.80662,47.59364],[9.80671,47.59361],[9.8068,47.59355],[9.80701,47.59331],[9.80708,47.59327],[9.80719,47.59324],[9.80732,47.59321],[9.80742,47.59318],[9.80749,47.59313],[9.80766,47.59285],[9.80771,47.59279],[9.80836,47.59248],[9.80844,47.59245],[9.80857,47.59243],[9.809,47.59239],[9.80906,47.59238],[9.80912,47.59237],[9.80919,47.59231],[9.80914,47.59193],[9.80914,47.59187],[9.80916,47.59184],[9.80921,47.5918],[9.8093,47.59178],[9.80976,47.59174],[9.80986,47.5917],[9.80999,47.5916],[9.81008,47.59157],[9.81014,47.59156],[9.8102,47.59153],[9.81023,47.59146],[9.81026,47.59139],[9.81029,47.59131],[9.8107,47.59114],[9.81075,47.59113],[9.81081,47.59111],[9.81086,47.59107],[9.81073,47.59051],[9.81075,47.59043],[9.81092,47.5901],[9.81102,47.58998],[9.81109,47.58996],[9.81157,47.58988],[9.81166,47.58985],[9.812,47.58969],[9.81207,47.58967],[9.81218,47.58967],[9.81232,47.5897],[9.8124,47.58969],[9.81262,47.5896],[9.81274,47.58953],[9.81299,47.58938],[9.81306,47.58935],[9.81312,47.58933],[9.81319,47.58929],[9.81324,47.58924],[9.81329,47.58921],[9.81336,47.58917],[9.8134,47.58912],[9.81346,47.58896],[9.81351,47.58891],[9.81362,47.58883],[9.81366,47.58879],[9.81375,47.58872],[9.81387,47.58865],[9.81392,47.58862],[9.81396,47.58858],[9.81397,47.58853],[9.81399,47.58836],[9.81402,47.58823],[9.81406,47.58814],[9.81414,47.58807],[9.81427,47.58803],[9.81436,47.588],[9.81447,47.58799],[9.81455,47.588],[9.81478,47.58805],[9.81495,47.58807],[9.81504,47.58809],[9.81522,47.58809],[9.81532,47.58811],[9.81542,47.58814],[9.81547,47.58817],[9.81557,47.5883],[9.81562,47.58833],[9.81596,47.58846],[9.81606,47.58853],[9.81627,47.58868],[9.81641,47.58875],[9.81646,47.58876],[9.81651,47.58875],[9.81674,47.58864],[9.81682,47.58863],[9.81688,47.58863],[9.81695,47.58865],[9.81706,47.58871],[9.81734,47.58885],[9.81748,47.58888],[9.81757,47.58889],[9.81773,47.58888],[9.81799,47.58885],[9.8181,47.58883],[9.81829,47.58879],[9.81847,47.58875],[9.81873,47.58866],[9.819,47.58856],[9.8191,47.58851],[9.81921,47.58842],[9.81929,47.5884],[9.81945,47.58836],[9.81956,47.58832],[9.81965,47.58826],[9.81969,47.5882],[9.81973,47.58813],[9.82006,47.58784],[9.82016,47.58777],[9.82023,47.58773],[9.82031,47.58764],[9.82039,47.58759],[9.8205,47.58756],[9.82063,47.58757],[9.82071,47.58758],[9.82077,47.5876],[9.82084,47.5876],[9.82089,47.5876],[9.82104,47.58757],[9.82118,47.58754],[9.82125,47.58753],[9.82137,47.58754],[9.82148,47.58755],[9.82163,47.58754],[9.82184,47.58753],[9.82205,47.58748],[9.82221,47.58744],[9.82227,47.58744],[9.82238,47.58745],[9.82256,47.58744],[9.82283,47.58739],[9.82297,47.58736],[9.82308,47.58733],[9.82319,47.58726],[9.82326,47.58722],[9.82336,47.58718],[9.82347,47.58715],[9.8236,47.58714],[9.82376,47.58711],[9.82381,47.5871],[9.82383,47.58707],[9.82487,47.58093],[9.82753,47.57994],[9.82564,47.57398],[9.82075,47.57039],[9.82538,47.56286],[9.82487,47.55857],[9.81628,47.55255],[9.81508,47.54873],[9.83963,47.54224],[9.8513,47.54119],[9.85834,47.5347],[9.87285,47.53017],[9.87342,47.52984],[9.87354,47.52951],[9.87353,47.52896],[9.87454,47.52855],[9.87496,47.52907],[9.87531,47.53039],[9.87556,47.5309],[9.87565,47.53205],[9.87527,47.53259],[9.8739,47.53347],[9.87401,47.53382],[9.87613,47.53489],[9.87623,47.53515],[9.87605,47.53606],[9.87759,47.53764],[9.87807,47.53883],[9.87788,47.5416],[9.87766,47.5419],[9.8772,47.54216],[9.87557,47.54266],[9.87499,47.54309],[9.87534,47.54386],[9.87622,47.54486],[9.8789,47.54683],[9.88006,47.54789],[9.88137,47.54813],[9.88259,47.54752],[9.88358,47.54732],[9.88574,47.54609],[9.88664,47.54593],[9.88641,47.54545],[9.88911,47.54412],[9.89119,47.54403],[9.89712,47.54495],[9.89879,47.54455],[9.89918,47.54479],[9.901,47.54409],[9.90209,47.54413],[9.90531,47.54253],[9.90664,47.54212],[9.90709,47.54154],[9.90849,47.5406],[9.90853,47.53834],[9.91149,47.53612],[9.91254,47.53459],[9.91336,47.53269],[9.91426,47.53211],[9.9155,47.53185],[9.91784,47.53026],[9.92035,47.52998],[9.92063,47.52968],[9.92241,47.52968],[9.92424,47.53029],[9.92658,47.53126],[9.92743,47.53101],[9.92934,47.53173],[9.93065,47.53246],[9.93312,47.53297],[9.93353,47.53272],[9.93621,47.53421],[9.9399,47.53705],[9.94104,47.53825],[9.94415,47.53692],[9.94881,47.53641],[9.95104,47.53579],[9.95398,47.53567],[9.95554,47.53541],[9.95792,47.53496],[9.95874,47.53462],[9.95925,47.53462],[9.95966,47.53476],[9.96023,47.53477],[9.9608,47.53486],[9.96171,47.53486],[9.96245,47.53446],[9.96364,47.5347],[9.9639,47.53504],[9.96373,47.53528],[9.96287,47.53559],[9.96205,47.53624],[9.96194,47.53654],[9.96152,47.5365],[9.95936,47.53834],[9.95966,47.53902],[9.9602,47.5396],[9.96048,47.54083],[9.96046,47.54157],[9.95984,47.54161],[9.95885,47.54216],[9.95887,47.54332],[9.95949,47.54332],[9.96082,47.54269],[9.96132,47.54269],[9.96314,47.54229],[9.96383,47.54306],[9.96469,47.54434],[9.96606,47.54432],[9.96702,47.54515],[9.96735,47.54568],[9.96812,47.54631],[9.96911,47.54599],[9.97059,47.54589],[9.97048,47.54534],[9.97087,47.54463],[9.97129,47.54435],[9.97078,47.54395],[9.97082,47.5435],[9.96891,47.54273],[9.96876,47.5424],[9.96715,47.5413],[9.96747,47.5408],[9.96735,47.54012],[9.96702,47.53964],[9.96754,47.53944],[9.96717,47.53904],[9.96705,47.53844],[9.96542,47.53835],[9.96484,47.53808],[9.96531,47.53675],[9.96593,47.53586],[9.96565,47.53565],[9.96465,47.53542],[9.96562,47.53364],[9.96531,47.53264],[9.9649,47.53231],[9.96489,47.53199],[9.9654,47.53134],[9.96544,47.53091],[9.96524,47.53013],[9.96568,47.52973],[9.96695,47.53036],[9.96761,47.52981],[9.96742,47.52923],[9.96816,47.52848],[9.9684,47.52795],[9.96717,47.52708],[9.9679,47.52479],[9.96494,47.52285],[9.96511,47.52137],[9.96683,47.51975],[9.97087,47.51761],[9.97177,47.51558],[9.97318,47.51549],[9.97936,47.51288],[9.98013,47.51172],[9.98237,47.51022],[9.98443,47.51103],[9.98777,47.50856],[9.98979,47.50581],[9.99563,47.50274],[9.98752,47.49856],[9.99503,47.48629],[10.00159,47.48186],[10.00593,47.48241],[10.01005,47.48192],[10.01292,47.48255],[10.01648,47.48473],[10.02035,47.48383],[10.02399,47.48438],[10.03747,47.48917],[10.0421,47.48763],[10.04511,47.48754],[10.04747,47.48566],[10.04584,47.4856],[10.04541,47.48496],[10.05266,47.47638],[10.05404,47.47591],[10.05451,47.47426],[10.05228,47.47188],[10.05172,47.47046],[10.05275,47.46959],[10.05438,47.46614],[10.05678,47.46564],[10.06455,47.46381],[10.06639,47.46164],[10.06807,47.46138],[10.07043,47.45745],[10.07011,47.45597],[10.07075,47.45584],[10.07206,47.4563],[10.07345,47.45563],[10.07468,47.45634],[10.0768,47.45626],[10.07837,47.45559],[10.08049,47.45536],[10.08184,47.4561],[10.08459,47.45898],[10.0856,47.45914],[10.0865,47.45872],[10.08764,47.45884],[10.08796,47.46009],[10.08965,47.46035],[10.09541,47.45189],[10.09317,47.44156],[10.10382,47.42878],[10.09901,47.42565],[10.09455,47.41705],[10.08562,47.41502],[10.07429,47.41531],[10.06863,47.4095],[10.08614,47.39905],[10.08305,47.39486],[10.09984,47.35482],[10.11918,47.3756],[10.13768,47.36798],[10.14188,47.36729],[10.14987,47.36714],[10.1657,47.36883],[10.16956,47.37118],[10.16888,47.3754],[10.16918,47.38583],[10.17197,47.38591],[10.17643,47.38533],[10.18282,47.38798],[10.18158,47.3885],[10.18124,47.39045],[10.18184,47.39236],[10.18566,47.39062],[10.18982,47.3894],[10.19085,47.38975],[10.19222,47.38946],[10.1951,47.38943],[10.1954,47.38827],[10.19737,47.38571],[10.20033,47.38336],[10.20441,47.38266],[10.20767,47.3833],[10.21256,47.38042],[10.21531,47.38214],[10.21729,47.38215],[10.21874,47.38253],[10.21982,47.38395],[10.2213,47.38452],[10.22244,47.38578],[10.22432,47.38711],[10.22628,47.38757],[10.22756,47.38856],[10.22866,47.38846],[10.2299,47.38789],[10.23014,47.38698],[10.23153,47.38545],[10.23349,47.38456],[10.23359,47.38385],[10.23632,47.38185],[10.23484,47.38147],[10.23278,47.38026],[10.23168,47.37893],[10.23546,47.37625],[10.23694,47.37354],[10.23494,47.37076],[10.2331,47.36963],[10.23239,47.36896],[10.23151,47.36868],[10.23072,47.36811],[10.2301,47.36682],[10.22943,47.36653],[10.22896,47.36339],[10.226,47.36242],[10.22471,47.36091],[10.22419,47.35948],[10.22454,47.35884],[10.22267,47.3575],[10.21928,47.35615],[10.21694,47.35426],[10.2175,47.35037],[10.21591,47.34845],[10.21503,47.34817],[10.21447,47.34747],[10.21327,47.34676],[10.21325,47.34614],[10.21164,47.34417],[10.20969,47.34294],[10.20941,47.34209],[10.20535,47.33874],[10.2042,47.33667],[10.20677,47.3358],[10.20772,47.33477],[10.20748,47.33234],[10.20666,47.33139],[10.20475,47.32982],[10.20098,47.32828],[10.19952,47.32646],[10.20836,47.32125],[10.21626,47.31218],[10.20252,47.29949],[10.18621,47.2939],[10.18055,47.2953],[10.17557,47.28924],[10.176,47.28191],[10.17209,47.27907],[10.17531,47.27597],[10.17205,47.2744],[10.17411,47.27044],[10.17823,47.26997],[10.18712,47.27297],[10.19415,47.27285],[10.19621,47.27428],[10.20154,47.27678],[10.20793,47.27527],[10.22261,47.27582],[10.23192,47.27067],[10.23801,47.27215],[10.23934,47.27428],[10.24089,47.27512],[10.24196,47.27804],[10.24509,47.27908],[10.24582,47.28051],[10.24763,47.27929],[10.24964,47.27932],[10.25634,47.2808],[10.26007,47.28182],[10.26145,47.28406],[10.26329,47.28494],[10.26625,47.28528],[10.26681,47.28683],[10.26599,47.28808],[10.26844,47.28825],[10.27265,47.28776],[10.27359,47.28822],[10.27825,47.28786],[10.28099,47.28742],[10.28166,47.28774],[10.28546,47.29153],[10.29207,47.29415],[10.29314,47.2978],[10.29558,47.29979],[10.30067,47.29876],[10.31436,47.30634],[10.32114,47.30601],[10.32492,47.30415],[10.33037,47.30483],[10.33908,47.31043],[10.34054,47.31433],[10.34637,47.3152],[10.34869,47.31741],[10.34547,47.31989],[10.34607,47.32204],[10.34946,47.32524],[10.35637,47.33309],[10.35676,47.33702],[10.36448,47.34121],[10.36779,47.34423],[10.37092,47.34542],[10.37714,47.35226],[10.37912,47.3524],[10.38371,47.35444],[10.38633,47.3572],[10.38676,47.36063],[10.38564,47.36275],[10.38886,47.3665],[10.38916,47.37037],[10.39096,47.37127],[10.3941,47.37513],[10.3971,47.37691],[10.40096,47.37757],[10.40427,47.3772],[10.4068,47.37721],[10.41111,47.37787],[10.41465,47.37903],[10.41701,47.38068],[10.41894,47.38259],[10.41955,47.38478],[10.425,47.38435],[10.42873,47.38362],[10.43083,47.38382],[10.43684,47.38042],[10.42912,47.3912],[10.43049,47.39629],[10.43427,47.40001],[10.431,47.40181],[10.43122,47.40268],[10.43452,47.40445],[10.43753,47.4068],[10.43577,47.40843],[10.43564,47.41026],[10.43877,47.41354],[10.44641,47.41467],[10.45585,47.41917],[10.45873,47.428],[10.471,47.43192],[10.47525,47.43143],[10.47585,47.43273],[10.47207,47.44025],[10.47336,47.44298],[10.46993,47.44545],[10.47027,47.44844],[10.46727,47.45029],[10.46589,47.45302],[10.4683,47.45874],[10.46531,47.4637],[10.46634,47.46564],[10.46991,47.46866],[10.46669,47.47435],[10.46776,47.47694],[10.46476,47.47941],[10.46379,47.48253],[10.45881,47.48218],[10.45177,47.48554],[10.44542,47.48403],[10.44199,47.48577],[10.43152,47.50282],[10.43941,47.5128],[10.44216,47.51836],[10.43873,47.52288],[10.45443,47.55579]]]]},"properties":{"geometry_id":"geom-territoire-at-autriche-1945-01-01","date_validite":"1945-01-01","statut":"provisoire_ohm","sources":[{"source_id":"src-openhistoricalmap","locator":"relation 2858751 — Austria 1922-10-01 → 1938-03-13","usage":"tracé de la frontière"},{"source_id":"src-natural-earth-10m","locator":"ne_10m_land + ne_10m_minor_islands","usage":"trait de côte (on retire les eaux territoriales incluses par OHM)"}],"method":"extraction_ohm_puis_decoupage_trait_de_cote","operations":["OHM r2858751 (frontières de 1937)","∩ terres Natural Earth"],"precision":"frontières terrestres : celles d’OHM (souvent reprises de tracés officiels) ; côtes : Natural Earth 1:10m (~1 km)","surface_km2":83953,"logiciel":"Python — Shapely/GEOS (mêmes opérations que les outils de géotraitement QGIS)","script":"outils/geo/deriver_snapshot0_lot02.py","date_creation":"2026-09-28","auteur":"Claude","licence":"CC0 (OpenHistoricalMap) + segments sous licence d’origine listés dans licences_segments : à créditer","licences_segments":[{"relation":2858751,"licence":"CC0-1.0","source":"","segments":13},{"relation":2858751,"licence":"CC-BY 4.0","source":"https://ipi.eprostor.gov.si/jgp/data","segments":25}],"points_a_verifier":["Frontières autrichiennes de 1937. Le transfert d'environ 316 km² du Vorarlberg vers la Bavière après l'Anschluss (FRUS 1943, doc. 366) n'est volontairement PAS appliqué : l'Autriche est tracée selon la lecture alliée (annexion nulle)."]}}