{"type":"Feature","geometry":{"type":"MultiPolygon","coordinates":[[[[14.31391,44.8951],[14.31382,44.89684],[14.31395,44.89858],[14.31433,44.9003],[14.31493,44.90199],[14.31577,44.90363],[14.31682,44.9052],[14.31808,44.90669],[14.31953,44.90809],[14.32117,44.90938],[14.32298,44.91056],[14.32494,44.9116],[14.32703,44.9125],[14.32923,44.91325],[14.33153,44.91385],[14.3339,44.91428],[14.33631,44.91456],[14.33876,44.91466],[14.3412,44.91459],[14.34363,44.91436],[14.34601,44.91396],[14.34833,44.9134],[14.35056,44.91268],[14.35268,44.91181],[14.35963,44.90864],[14.37713,44.90815],[14.38738,44.909],[14.39324,44.91478],[14.39723,44.9291],[14.39704,44.92939],[14.39631,44.9309],[14.39574,44.93262],[14.3954,44.93438],[14.39531,44.93614],[14.39546,44.9379],[14.39586,44.93965],[14.39649,44.94136],[14.39735,44.94301],[14.39844,44.9446],[14.39973,44.9461],[14.40123,44.9475],[14.40292,44.9488],[14.40336,44.94907],[14.40404,44.94954],[14.40404,44.94955],[14.40406,44.94953],[14.41139,44.95637],[14.41093,44.95667],[14.40596,44.95992],[14.4042,44.9612],[14.40262,44.96259],[14.40125,44.96408],[14.40009,44.96566],[14.39915,44.96732],[14.39845,44.96903],[14.39799,44.97079],[14.39777,44.97257],[14.39781,44.97435],[14.39809,44.97612],[14.39861,44.97786],[14.39938,44.97956],[14.40037,44.9812],[14.40159,44.98275],[14.40302,44.98422],[14.40465,44.98557],[14.40646,44.9868],[14.40843,44.9879],[14.41054,44.98885],[14.41278,44.98966],[14.41511,44.9903],[14.41753,44.99077],[14.42,44.99107],[14.4225,44.99119],[14.425,44.99114],[14.42749,44.99091],[14.42993,44.9905],[14.43079,44.99033],[14.43084,44.9903],[14.44987,44.98838],[14.45249,44.98802],[14.45504,44.98746],[14.4575,44.98671],[14.45764,44.98666],[14.45989,44.98577],[14.462,44.98473],[14.46395,44.98353],[14.46572,44.98221],[14.46729,44.98076],[14.46865,44.9792],[14.46978,44.97757],[14.47091,44.97569],[14.47179,44.97399],[14.47244,44.97223],[14.47283,44.97043],[14.47296,44.96861],[14.47284,44.9668],[14.47132,44.95595],[14.47088,44.95395],[14.47013,44.952],[14.46331,44.93755],[14.46248,44.93601],[14.46145,44.93454],[14.45221,44.92269],[14.45191,44.92231],[14.45204,44.92219],[14.45232,44.92183],[14.45278,44.9213],[14.45386,44.91973],[14.45472,44.91811],[14.45536,44.91643],[14.45577,44.91471],[14.45594,44.91298],[14.45588,44.91124],[14.45559,44.90952],[14.45506,44.90782],[14.4543,44.90617],[14.45018,44.89842],[14.44996,44.89802],[14.44992,44.89758],[14.44856,44.8844],[14.4485,44.88373],[14.45191,44.8509],[14.46398,44.82343],[14.46469,44.82142],[14.46507,44.81936],[14.46541,44.81607],[14.46546,44.81424],[14.46526,44.81242],[14.4648,44.81062],[14.46409,44.80886],[14.46313,44.80717],[14.46194,44.80555],[14.46052,44.80403],[14.45889,44.80262],[14.45707,44.80134],[14.45508,44.80019],[14.45294,44.7992],[14.45245,44.79899],[14.45191,44.79877],[14.45704,44.78775],[14.46784,44.77479],[14.46911,44.77305],[14.47012,44.77123],[14.47189,44.7674],[14.47248,44.76593],[14.47289,44.76442],[14.47312,44.7629],[14.47354,44.7583],[14.47358,44.75644],[14.47335,44.7546],[14.47286,44.75278],[14.4721,44.75101],[14.4678,44.7425],[14.4678,44.74249],[14.46762,44.74213],[14.46757,44.74175],[14.46613,44.73023],[14.46608,44.7298],[14.47218,44.70795],[14.48561,44.69208],[14.5,44.67933],[14.50124,44.67813],[14.50234,44.67687],[14.50751,44.67031],[14.50859,44.66878],[14.50946,44.66717],[14.51012,44.66551],[14.51055,44.66382],[14.51075,44.6621],[14.51072,44.66038],[14.51047,44.65866],[14.50998,44.65698],[14.50928,44.65533],[14.50836,44.65374],[14.50833,44.6537],[14.50807,44.65331],[14.50856,44.64533],[14.5086,44.64531],[14.50945,44.64366],[14.51008,44.64194],[14.51047,44.64019],[14.51062,44.63841],[14.51052,44.63664],[14.51017,44.63488],[14.50959,44.63315],[14.50878,44.63148],[14.50773,44.62987],[14.50647,44.62834],[14.50501,44.62691],[14.50336,44.62559],[14.50153,44.62439],[14.49955,44.62333],[14.49743,44.62241],[14.49519,44.62165],[14.49286,44.62105],[14.49046,44.62062],[14.488,44.62035],[14.48553,44.62027],[14.48431,44.62027],[14.48195,44.62035],[14.47961,44.62058],[14.47731,44.62098],[14.47507,44.62153],[14.47291,44.62222],[14.47086,44.62306],[14.46892,44.62403],[14.46711,44.62512],[14.46546,44.62634],[14.43036,44.65459],[14.42883,44.65595],[14.42748,44.65741],[14.42634,44.65895],[14.39717,44.70357],[14.39625,44.70518],[14.39554,44.70684],[14.39507,44.70855],[14.39482,44.71028],[14.39481,44.71201],[14.39723,44.75161],[14.39682,44.7517],[14.39455,44.75233],[14.39223,44.75318],[14.39005,44.7542],[14.38802,44.75538],[14.38772,44.75557],[14.38738,44.75581],[14.38699,44.756],[14.38405,44.7575],[14.38356,44.75776],[14.38352,44.75774],[14.38285,44.75788],[14.38049,44.75846],[14.37823,44.7592],[14.37608,44.7601],[14.37406,44.76114],[14.37219,44.76232],[14.3705,44.76363],[14.36899,44.76505],[14.36768,44.76656],[14.36659,44.76817],[14.36573,44.76984],[14.3651,44.77156],[14.36473,44.77281],[14.36437,44.77441],[14.36421,44.77602],[14.36306,44.80617],[14.36305,44.80654],[14.36299,44.80692],[14.36165,44.81557],[14.36158,44.81598],[14.36119,44.81629],[14.35707,44.81943],[14.35662,44.81977],[14.35597,44.81981],[14.35532,44.81988],[14.35533,44.81989],[14.35376,44.82005],[14.35142,44.82046],[14.34914,44.82103],[14.34694,44.82175],[14.34485,44.82262],[14.34289,44.82362],[14.34106,44.82475],[14.3394,44.82601],[14.3343,44.83024],[14.33267,44.83174],[14.33127,44.83336],[14.33011,44.83508],[14.32922,44.83687],[14.32859,44.83871],[14.31425,44.89337],[14.31391,44.8951]]],[[[6.55684,45.08747],[6.55615,45.0892],[6.55571,45.09097],[6.55553,45.09276],[6.55559,45.09455],[6.5559,45.09634],[6.55646,45.09809],[6.55727,45.09979],[6.55831,45.10143],[6.55957,45.10299],[6.56104,45.10445],[6.56157,45.10491],[6.56163,45.10493],[6.56198,45.10528],[6.56202,45.10546],[6.56261,45.10697],[6.5635,45.10861],[6.56461,45.11018],[6.56593,45.11167],[6.56745,45.11305],[6.56915,45.11433],[6.57102,45.11549],[6.57304,45.11651],[6.57519,45.11738],[6.57744,45.11811],[6.57979,45.11867],[6.5822,45.11907],[6.58465,45.1193],[6.58712,45.11936],[6.58959,45.11925],[6.59055,45.11917],[6.59074,45.11914],[6.6029,45.12017],[6.60528,45.12029],[6.60769,45.12025],[6.61008,45.12005],[6.61243,45.11968],[6.61473,45.11916],[6.61694,45.11849],[6.61906,45.11767],[6.62105,45.11672],[6.62291,45.11563],[6.62461,45.11442],[6.62613,45.11311],[6.63,45.10945],[6.62999,45.10949],[6.63001,45.10947],[6.6306,45.10968],[6.63064,45.1097],[6.63066,45.1097],[6.63264,45.11033],[6.6329,45.11041],[6.63296,45.1104],[6.63297,45.11044],[6.63378,45.11089],[6.63597,45.112],[6.63831,45.11293],[6.64078,45.11369],[6.64335,45.11426],[6.64599,45.11463],[6.64857,45.11479],[6.64859,45.11478],[6.64868,45.11477],[6.64876,45.11478],[6.64881,45.11483],[6.64914,45.11494],[6.64964,45.11516],[6.6497,45.11516],[6.64977,45.11522],[6.65012,45.11537],[6.65112,45.11585],[6.6527,45.11648],[6.65281,45.11653],[6.65293,45.11656],[6.65304,45.1166],[6.6531,45.11664],[6.65311,45.11667],[6.65347,45.11687],[6.65458,45.11756],[6.65671,45.11862],[6.65899,45.11953],[6.66139,45.12027],[6.66229,45.12051],[6.66235,45.1205],[6.66272,45.12061],[6.66276,45.12064],[6.66279,45.12065],[6.66314,45.12072],[6.66339,45.12082],[6.66354,45.12085],[6.66362,45.1209],[6.66365,45.12094],[6.6645,45.12141],[6.66636,45.12235],[6.66832,45.12316],[6.67037,45.12384],[6.67251,45.12439],[6.67255,45.1244],[6.67259,45.12439],[6.67264,45.12444],[6.67271,45.12448],[6.67274,45.1245],[6.67281,45.12452],[6.67289,45.12463],[6.67297,45.12482],[6.67303,45.12494],[6.67304,45.12494],[6.67304,45.12495],[6.67309,45.12504],[6.67313,45.1251],[6.67317,45.12513],[6.67319,45.12517],[6.67322,45.1252],[6.6732,45.12522],[6.67319,45.12522],[6.67328,45.12543],[6.67369,45.12666],[6.67449,45.12831],[6.67551,45.1299],[6.67674,45.13141],[6.67817,45.13283],[6.67979,45.13415],[6.68158,45.13534],[6.68352,45.13642],[6.6856,45.13735],[6.6878,45.13813],[6.69009,45.13876],[6.69183,45.13911],[6.69209,45.13917],[6.69215,45.13916],[6.69219,45.13919],[6.69219,45.1392],[6.69278,45.13939],[6.69397,45.13981],[6.69645,45.14047],[6.69708,45.14062],[6.69713,45.14061],[6.69722,45.14066],[6.69729,45.14068],[6.69736,45.14069],[6.69736,45.1407],[6.69777,45.14082],[6.6978,45.14082],[6.6978,45.14083],[6.69838,45.14103],[6.69886,45.14117],[6.69907,45.14125],[6.70148,45.14189],[6.70398,45.14236],[6.70653,45.14265],[6.7091,45.14275],[6.71168,45.14266],[6.71423,45.14239],[6.71673,45.14194],[6.71915,45.14131],[6.72146,45.14051],[6.72341,45.13965],[6.72346,45.13963],[6.72353,45.13958],[6.72372,45.13954],[6.72417,45.13941],[6.72575,45.13887],[6.72634,45.13865],[6.72648,45.13858],[6.72692,45.13846],[6.72719,45.13847],[6.72721,45.13848],[6.72738,45.13847],[6.72917,45.1385],[6.73167,45.13837],[6.73415,45.13806],[6.73657,45.13758],[6.73891,45.13692],[6.73942,45.13676],[6.73948,45.13672],[6.73973,45.13669],[6.73985,45.13672],[6.73986,45.13673],[6.74034,45.1368],[6.74039,45.13681],[6.74048,45.13681],[6.74055,45.13686],[6.74064,45.1369],[6.74081,45.13698],[6.74087,45.13701],[6.74096,45.13703],[6.74101,45.13708],[6.74103,45.13709],[6.74113,45.13712],[6.74119,45.13716],[6.74119,45.13718],[6.74191,45.13754],[6.7427,45.13789],[6.7428,45.13795],[6.74398,45.13847],[6.74444,45.13867],[6.74451,45.1387],[6.74463,45.13876],[6.74482,45.13882],[6.74492,45.13887],[6.7451,45.13892],[6.74514,45.13894],[6.74519,45.139],[6.74525,45.13903],[6.74528,45.13905],[6.74547,45.13918],[6.7458,45.13941],[6.74589,45.13944],[6.74597,45.13954],[6.746,45.13956],[6.747,45.1405],[6.74844,45.14163],[6.75001,45.14267],[6.75018,45.14278],[6.75026,45.1428],[6.75033,45.14286],[6.75034,45.14288],[6.75041,45.14292],[6.75043,45.14293],[6.7505,45.14296],[6.75056,45.14301],[6.75065,45.14307],[6.75076,45.14319],[6.75121,45.14353],[6.75177,45.14396],[6.752,45.1441],[6.75203,45.14414],[6.75205,45.14419],[6.75219,45.14435],[6.75223,45.14436],[6.75226,45.14438],[6.75228,45.14446],[6.75245,45.14465],[6.75261,45.14486],[6.75266,45.14488],[6.75274,45.145],[6.75276,45.14506],[6.75283,45.14514],[6.75386,45.14653],[6.75525,45.14802],[6.75685,45.1494],[6.75863,45.15067],[6.76057,45.1518],[6.76266,45.15279],[6.76489,45.15363],[6.76721,45.15431],[6.76962,45.15483],[6.77209,45.15517],[6.7746,45.15534],[6.77711,45.15533],[6.77962,45.15514],[6.78208,45.15478],[6.78448,45.15425],[6.78679,45.15355],[6.78711,45.15344],[6.78728,45.15336],[6.78744,45.15336],[6.78754,45.15334],[6.78768,45.15336],[6.78776,45.15336],[6.79033,45.15319],[6.79286,45.15282],[6.79533,45.15228],[6.7977,45.15157],[6.79996,45.15068],[6.80031,45.15053],[6.80036,45.15048],[6.80041,45.15047],[6.80045,45.15048],[6.80089,45.15035],[6.80096,45.1503],[6.80112,45.15029],[6.80135,45.15022],[6.80157,45.15018],[6.80158,45.15017],[6.8016,45.15017],[6.80161,45.15017],[6.802,45.15008],[6.80203,45.15007],[6.80233,45.14999],[6.80253,45.14997],[6.8035,45.14976],[6.80349,45.14973],[6.80381,45.14967],[6.8046,45.14953],[6.8047,45.14948],[6.8048,45.14949],[6.80589,45.1493],[6.80816,45.14882],[6.8089,45.14861],[6.8089,45.14862],[6.80958,45.14843],[6.8098,45.14837],[6.80981,45.14836],[6.80991,45.14833],[6.80994,45.14833],[6.81165,45.14781],[6.81364,45.14706],[6.81552,45.14618],[6.81729,45.14519],[6.81749,45.14507],[6.81751,45.14504],[6.81781,45.14484],[6.81788,45.14483],[6.81789,45.14483],[6.81794,45.14481],[6.81816,45.1447],[6.8191,45.14423],[6.81914,45.14418],[6.81918,45.14419],[6.82132,45.1436],[6.82339,45.14287],[6.824,45.14261],[6.82457,45.14239],[6.82463,45.14234],[6.82471,45.14233],[6.82477,45.14231],[6.82687,45.1414],[6.82884,45.14035],[6.83056,45.13922],[6.83056,45.1392],[6.83061,45.13919],[6.83065,45.13916],[6.83067,45.13915],[6.83216,45.13798],[6.8335,45.13673],[6.83371,45.13651],[6.8337,45.13648],[6.83376,45.13644],[6.83385,45.13639],[6.83387,45.13639],[6.83388,45.13638],[6.83401,45.13628],[6.83405,45.13628],[6.83482,45.13583],[6.8351,45.13567],[6.83591,45.13525],[6.8359,45.13522],[6.83597,45.13523],[6.83616,45.13514],[6.83796,45.13448],[6.84012,45.13348],[6.84212,45.13232],[6.84395,45.13102],[6.84558,45.1296],[6.84625,45.12895],[6.84624,45.12892],[6.84638,45.12881],[6.84643,45.12878],[6.84649,45.12872],[6.84651,45.12869],[6.84653,45.12868],[6.84696,45.12826],[6.84695,45.12826],[6.84762,45.12762],[6.84783,45.12743],[6.84784,45.12741],[6.84787,45.12736],[6.84796,45.12732],[6.84808,45.12732],[6.8481,45.12731],[6.84822,45.12728],[6.84875,45.12729],[6.84876,45.12729],[6.84893,45.12729],[6.8492,45.1273],[6.84922,45.12729],[6.84924,45.1273],[6.84937,45.1273],[6.84944,45.12729],[6.84962,45.12729],[6.85014,45.12739],[6.85015,45.12739],[6.85022,45.1274],[6.85039,45.12742],[6.85051,45.12746],[6.85137,45.12768],[6.85212,45.12786],[6.85213,45.12786],[6.85216,45.12787],[6.85278,45.12803],[6.85288,45.12805],[6.85347,45.12821],[6.85484,45.12847],[6.85518,45.12854],[6.85519,45.12854],[6.85534,45.12856],[6.85578,45.12867],[6.85606,45.12881],[6.85744,45.12932],[6.8594,45.12991],[6.86126,45.13035],[6.86131,45.13034],[6.8615,45.13038],[6.86163,45.13044],[6.86174,45.13044],[6.86195,45.13054],[6.86197,45.13055],[6.86214,45.1306],[6.86226,45.13062],[6.86234,45.13066],[6.8639,45.13109],[6.86586,45.13152],[6.86599,45.13153],[6.86609,45.13156],[6.86614,45.13157],[6.86637,45.13162],[6.86655,45.13163],[6.86703,45.13178],[6.86722,45.13185],[6.86737,45.13192],[6.86749,45.13201],[6.86759,45.13205],[6.8677,45.13208],[6.86776,45.13211],[6.86777,45.13212],[6.86993,45.13291],[6.87223,45.13357],[6.8746,45.13406],[6.87703,45.13438],[6.87815,45.13445],[6.87879,45.13452],[6.87881,45.1345],[6.87889,45.13454],[6.87993,45.1348],[6.88081,45.135],[6.88089,45.13501],[6.88106,45.13504],[6.88108,45.13505],[6.88108,45.13507],[6.88143,45.13518],[6.88359,45.13574],[6.88581,45.13617],[6.88808,45.13645],[6.88835,45.13647],[6.88841,45.13646],[6.88853,45.13646],[6.88886,45.1365],[6.89018,45.13658],[6.89019,45.13657],[6.89022,45.13658],[6.89037,45.13659],[6.89075,45.1366],[6.89079,45.13658],[6.89086,45.1366],[6.8914,45.13664],[6.89144,45.13664],[6.89153,45.13663],[6.89162,45.13664],[6.89185,45.13663],[6.89218,45.13667],[6.89241,45.13672],[6.8925,45.13672],[6.89258,45.13671],[6.89268,45.13672],[6.89288,45.13676],[6.89297,45.13679],[6.89309,45.13682],[6.89314,45.13683],[6.89325,45.13685],[6.89362,45.13694],[6.8938,45.13699],[6.89382,45.13698],[6.89385,45.13698],[6.89389,45.13702],[6.89392,45.13704],[6.89401,45.13706],[6.89405,45.1371],[6.89414,45.13714],[6.89445,45.13731],[6.89452,45.13732],[6.89454,45.13738],[6.89477,45.13762],[6.89638,45.13916],[6.89678,45.1395],[6.89686,45.13955],[6.89686,45.13956],[6.89701,45.13969],[6.89711,45.13975],[6.89713,45.13983],[6.89732,45.14014],[6.89743,45.14031],[6.89778,45.14083],[6.89798,45.14116],[6.89799,45.14116],[6.89804,45.14121],[6.89804,45.14126],[6.89806,45.1413],[6.89821,45.14162],[6.89823,45.14167],[6.89825,45.14167],[6.89827,45.1417],[6.89823,45.14189],[6.89816,45.14198],[6.89812,45.14211],[6.89813,45.14218],[6.89808,45.14222],[6.89781,45.14286],[6.89721,45.14457],[6.89685,45.14632],[6.89673,45.14808],[6.89685,45.14984],[6.89722,45.15159],[6.89783,45.1533],[6.89866,45.15496],[6.89973,45.15656],[6.901,45.15807],[6.90248,45.15949],[6.90415,45.1608],[6.90599,45.16199],[6.90799,45.16305],[6.91012,45.16396],[6.91236,45.16472],[6.9147,45.16532],[6.91711,45.16576],[6.91957,45.16602],[6.92205,45.16612],[6.92267,45.1661],[6.92359,45.16609],[6.92364,45.16608],[6.9237,45.16608],[6.92385,45.16612],[6.92394,45.16613],[6.92398,45.16614],[6.92407,45.16623],[6.92419,45.16629],[6.9242,45.1663],[6.92426,45.16631],[6.92426,45.16634],[6.92461,45.16657],[6.92646,45.16769],[6.92846,45.16868],[6.93059,45.16953],[6.93282,45.17023],[6.93513,45.17078],[6.93751,45.17117],[6.9376,45.17118],[6.93764,45.17118],[6.93775,45.17118],[6.93792,45.17124],[6.93803,45.17127],[6.93815,45.17132],[6.93835,45.17136],[6.93781,45.17229],[6.93772,45.17232],[6.93732,45.17256],[6.93553,45.1738],[6.93391,45.17516],[6.93249,45.17662],[6.93128,45.17818],[6.93029,45.17981],[6.93003,45.18032],[6.92999,45.18046],[6.92954,45.18077],[6.92628,45.18303],[6.92584,45.18333],[6.92567,45.18341],[6.92508,45.18378],[6.92458,45.18407],[6.92277,45.18534],[6.92115,45.18673],[6.91973,45.18823],[6.91853,45.18982],[6.91756,45.19149],[6.91684,45.19323],[6.91636,45.195],[6.91629,45.19535],[6.91624,45.19581],[6.91599,45.19623],[6.91355,45.2004],[6.9133,45.20082],[6.91267,45.20085],[6.91215,45.20088],[6.90959,45.20111],[6.90708,45.20152],[6.90464,45.20211],[6.9023,45.20287],[6.90008,45.20379],[6.89801,45.20487],[6.89609,45.2061],[6.89437,45.20745],[6.8931,45.20856],[6.8927,45.2089],[6.89258,45.20891],[6.89221,45.209],[6.88986,45.2097],[6.88762,45.21056],[6.88551,45.21157],[6.88355,45.21273],[6.88177,45.21402],[6.88018,45.21544],[6.8788,45.21695],[6.87764,45.21856],[6.87671,45.22025],[6.87603,45.22199],[6.8756,45.22377],[6.87542,45.22557],[6.8755,45.22738],[6.87583,45.22918],[6.87602,45.22994],[6.8761,45.23006],[6.87606,45.2302],[6.87612,45.23191],[6.87641,45.23363],[6.87692,45.23531],[6.87767,45.23695],[6.87863,45.23854],[6.8798,45.24005],[6.88116,45.24148],[6.88272,45.24281],[6.88444,45.24402],[6.88617,45.24513],[6.88692,45.24561],[6.88698,45.24565],[6.88891,45.2469],[6.88891,45.24705],[6.88892,45.24707],[6.88955,45.2489],[6.89044,45.25068],[6.89159,45.25238],[6.89298,45.25398],[6.8946,45.25548],[6.89643,45.25685],[6.89846,45.25807],[6.89867,45.25819],[6.8987,45.2582],[6.89879,45.25825],[6.89879,45.25826],[6.90103,45.25934],[6.90341,45.26025],[6.90592,45.26098],[6.90852,45.26152],[6.91017,45.26172],[6.91052,45.26178],[6.91072,45.26179],[6.91075,45.26182],[6.91115,45.26188],[6.91353,45.26217],[6.91593,45.26231],[6.91835,45.26228],[6.92075,45.26209],[6.92311,45.26174],[6.92414,45.26155],[6.92426,45.2615],[6.92438,45.26151],[6.92476,45.26147],[6.92717,45.26125],[6.92736,45.2612],[6.93041,45.26115],[6.93245,45.26105],[6.93312,45.26098],[6.93358,45.26096],[6.93365,45.26093],[6.9343,45.26096],[6.93649,45.26101],[6.93868,45.26092],[6.94084,45.2607],[6.94291,45.26036],[6.94349,45.26022],[6.94458,45.26055],[6.94464,45.2606],[6.94534,45.26091],[6.94597,45.26122],[6.94822,45.2621],[6.95058,45.26282],[6.95304,45.26336],[6.9532,45.26339],[6.95332,45.26339],[6.95337,45.26342],[6.95415,45.26362],[6.95673,45.26417],[6.95937,45.26452],[6.96205,45.26468],[6.96474,45.26463],[6.96516,45.2646],[6.9652,45.26458],[6.96529,45.2646],[6.96563,45.26461],[6.96823,45.26455],[6.97082,45.26431],[6.97335,45.26388],[6.97581,45.26327],[6.97817,45.26248],[6.9804,45.26153],[6.98248,45.26042],[6.9831,45.26005],[6.98324,45.26001],[6.98375,45.25974],[6.98417,45.25955],[6.98605,45.2585],[6.98779,45.25733],[6.9881,45.2571],[6.98821,45.25699],[6.98829,45.25697],[6.98833,45.25695],[6.9902,45.25589],[6.99193,45.25472],[6.99349,45.25343],[6.99487,45.25204],[6.99607,45.25057],[6.99706,45.24902],[6.99784,45.24742],[6.9984,45.24576],[6.99874,45.24408],[6.99886,45.24239],[6.99875,45.24069],[6.99868,45.24015],[6.99864,45.24011],[6.99858,45.23913],[6.99926,45.23886],[6.99935,45.23886],[6.9997,45.23879],[7.00086,45.23861],[7.00293,45.23814],[7.0049,45.23757],[7.00538,45.23739],[7.00643,45.23738],[7.00642,45.2374],[7.00643,45.2374],[7.00662,45.23743],[7.00867,45.23783],[7.01116,45.23813],[7.01368,45.23825],[7.0162,45.2382],[7.0187,45.23797],[7.02116,45.23757],[7.02355,45.23699],[7.02584,45.23625],[7.02631,45.23608],[7.02741,45.23566],[7.03034,45.23445],[7.03052,45.23443],[7.03296,45.23367],[7.03539,45.23267],[7.03714,45.23176],[7.03733,45.23163],[7.03799,45.23129],[7.03808,45.23124],[7.0386,45.23098],[7.03872,45.23096],[7.03893,45.23088],[7.04104,45.23001],[7.04132,45.22986],[7.04141,45.22986],[7.04187,45.22973],[7.04401,45.22903],[7.04606,45.2282],[7.04798,45.22723],[7.04977,45.22614],[7.05141,45.22494],[7.05174,45.22468],[7.05174,45.22467],[7.0518,45.2246],[7.05187,45.22457],[7.05193,45.22452],[7.05211,45.22438],[7.05214,45.22436],[7.05216,45.22434],[7.05223,45.22429],[7.05388,45.22301],[7.05418,45.22278],[7.0545,45.22249],[7.05479,45.22226],[7.05482,45.2222],[7.05489,45.22218],[7.05493,45.22215],[7.05624,45.22102],[7.05741,45.21983],[7.05776,45.21945],[7.05776,45.21944],[7.05782,45.21934],[7.05788,45.21931],[7.05825,45.2189],[7.05888,45.21826],[7.0592,45.21796],[7.05921,45.21792],[7.05924,45.21789],[7.05927,45.21789],[7.05929,45.21786],[7.06041,45.21669],[7.06134,45.21553],[7.0614,45.21541],[7.06146,45.21539],[7.06161,45.21525],[7.06174,45.21515],[7.06187,45.21506],[7.0619,45.21502],[7.06192,45.215],[7.06195,45.215],[7.06247,45.21462],[7.06256,45.21455],[7.06258,45.21453],[7.06434,45.21302],[7.06578,45.21147],[7.06584,45.21135],[7.06593,45.21129],[7.06627,45.21088],[7.06641,45.21069],[7.06659,45.21049],[7.06661,45.21042],[7.06675,45.21037],[7.06678,45.21035],[7.06688,45.21028],[7.06692,45.21027],[7.06693,45.21026],[7.06702,45.21022],[7.06752,45.20997],[7.06758,45.20992],[7.06775,45.20983],[7.06808,45.20978],[7.06841,45.20975],[7.06851,45.20974],[7.06883,45.20967],[7.06898,45.20968],[7.06913,45.20967],[7.06918,45.20965],[7.06922,45.20967],[7.0697,45.20968],[7.07103,45.20977],[7.07158,45.20977],[7.07241,45.20979],[7.07242,45.20977],[7.07266,45.20977],[7.0728,45.20983],[7.07293,45.20986],[7.07297,45.20986],[7.07308,45.20988],[7.07308,45.2099],[7.07367,45.21004],[7.07627,45.21055],[7.07629,45.21056],[7.07633,45.21056],[7.07648,45.21057],[7.07655,45.21059],[7.07661,45.21064],[7.07668,45.21071],[7.077,45.21096],[7.07895,45.21231],[7.07978,45.21283],[7.07989,45.21286],[7.08002,45.21294],[7.08006,45.2131],[7.08031,45.2136],[7.08112,45.21502],[7.08211,45.2164],[7.08259,45.21695],[7.08285,45.21728],[7.08289,45.21729],[7.08296,45.21749],[7.08298,45.21759],[7.08298,45.2176],[7.08316,45.21816],[7.08317,45.21815],[7.08336,45.21884],[7.08414,45.2206],[7.08518,45.22231],[7.08645,45.22392],[7.08795,45.22544],[7.08802,45.2255],[7.089,45.22632],[7.08903,45.22633],[7.08913,45.22644],[7.08956,45.22683],[7.0896,45.22682],[7.08963,45.22688],[7.08962,45.22688],[7.0897,45.22695],[7.09141,45.22833],[7.09332,45.22958],[7.09533,45.23065],[7.09543,45.23068],[7.09557,45.23076],[7.09575,45.2309],[7.09587,45.23103],[7.09591,45.2311],[7.09596,45.23113],[7.09602,45.23121],[7.09624,45.23139],[7.09629,45.23147],[7.09679,45.23191],[7.09705,45.23216],[7.09862,45.23341],[7.10033,45.23455],[7.10219,45.23557],[7.10417,45.23647],[7.10438,45.23655],[7.10439,45.23656],[7.10444,45.23657],[7.10477,45.23669],[7.1049,45.23677],[7.10558,45.23702],[7.1063,45.2373],[7.10634,45.2373],[7.10653,45.23737],[7.10661,45.23741],[7.10665,45.23745],[7.10665,45.23747],[7.10674,45.23755],[7.1085,45.2389],[7.11045,45.24012],[7.11257,45.24119],[7.11483,45.24211],[7.11721,45.24285],[7.11968,45.24342],[7.12223,45.24381],[7.12481,45.24401],[7.125,45.24401],[7.12506,45.244],[7.12518,45.244],[7.12518,45.24404],[7.12561,45.24445],[7.12612,45.24499],[7.12768,45.24633],[7.12923,45.24743],[7.12933,45.24748],[7.1295,45.24763],[7.12952,45.24766],[7.12971,45.24781],[7.12984,45.24794],[7.13001,45.24807],[7.13005,45.24813],[7.13005,45.24816],[7.13033,45.24858],[7.1308,45.24931],[7.13198,45.2508],[7.13336,45.2522],[7.13492,45.2535],[7.13531,45.25379],[7.13533,45.2538],[7.13541,45.25384],[7.13559,45.25402],[7.13573,45.25412],[7.13574,45.25415],[7.13576,45.25417],[7.13585,45.25422],[7.13591,45.25428],[7.13593,45.25431],[7.13606,45.25444],[7.13633,45.25472],[7.13635,45.25473],[7.13637,45.25475],[7.13689,45.25528],[7.13704,45.25543],[7.13712,45.25546],[7.1372,45.25561],[7.13722,45.25567],[7.13726,45.25572],[7.13733,45.25587],[7.1374,45.25594],[7.1374,45.25608],[7.13749,45.25651],[7.13752,45.25674],[7.13756,45.25683],[7.13748,45.25697],[7.13743,45.25701],[7.13734,45.25716],[7.1373,45.25719],[7.13726,45.25725],[7.13711,45.25751],[7.1371,45.25756],[7.13706,45.25759],[7.13705,45.25761],[7.13607,45.25972],[7.13605,45.25972],[7.13604,45.25975],[7.13596,45.25994],[7.13596,45.25995],[7.13595,45.25999],[7.13595,45.26003],[7.13591,45.26005],[7.13578,45.26031],[7.13499,45.26168],[7.13421,45.26363],[7.13375,45.26562],[7.1337,45.26593],[7.13373,45.26595],[7.13373,45.26597],[7.13369,45.26598],[7.13331,45.26762],[7.13314,45.26928],[7.13319,45.27094],[7.13346,45.27259],[7.13394,45.27422],[7.13463,45.27581],[7.13501,45.27646],[7.13521,45.27687],[7.13525,45.27688],[7.13524,45.27694],[7.13548,45.27753],[7.13549,45.27755],[7.13549,45.27756],[7.13563,45.27791],[7.13564,45.27791],[7.13571,45.27805],[7.13576,45.27816],[7.13576,45.27819],[7.13574,45.27822],[7.13589,45.27896],[7.13591,45.27907],[7.13607,45.27985],[7.13608,45.27986],[7.13612,45.27992],[7.13609,45.27995],[7.13626,45.28076],[7.13629,45.28079],[7.1363,45.28082],[7.13628,45.28085],[7.13624,45.28098],[7.13621,45.28101],[7.1362,45.28101],[7.13606,45.28136],[7.13605,45.2814],[7.13605,45.28145],[7.13601,45.28146],[7.13579,45.2819],[7.13571,45.28204],[7.13543,45.28256],[7.13543,45.28258],[7.13542,45.28263],[7.13536,45.28269],[7.13532,45.28271],[7.13501,45.28307],[7.1347,45.28344],[7.13461,45.28355],[7.1338,45.28465],[7.13378,45.28471],[7.13376,45.28475],[7.13372,45.28476],[7.13367,45.28483],[7.13361,45.28492],[7.13362,45.28493],[7.13361,45.28497],[7.13352,45.28501],[7.13176,45.2863],[7.13013,45.28778],[7.12897,45.2891],[7.12896,45.2891],[7.12873,45.28937],[7.12872,45.28938],[7.12848,45.28969],[7.12756,45.2909],[7.12756,45.29096],[7.12751,45.29098],[7.12739,45.29111],[7.12732,45.29118],[7.12726,45.29127],[7.1272,45.29129],[7.12638,45.29204],[7.12626,45.29215],[7.12627,45.29216],[7.12624,45.29216],[7.12607,45.2923],[7.12554,45.2928],[7.12534,45.29297],[7.12389,45.2945],[7.12266,45.29613],[7.12168,45.29783],[7.12095,45.29961],[7.12048,45.30142],[7.12027,45.30326],[7.12027,45.3033],[7.12027,45.30345],[7.12027,45.30351],[7.12026,45.30355],[7.12025,45.30356],[7.12028,45.30361],[7.12023,45.30364],[7.12009,45.30387],[7.11979,45.30445],[7.11978,45.30446],[7.11949,45.30501],[7.11937,45.30527],[7.11866,45.30707],[7.11822,45.30891],[7.11805,45.31077],[7.11804,45.31104],[7.11807,45.31105],[7.11804,45.3111],[7.11803,45.31111],[7.11802,45.3112],[7.11787,45.31295],[7.11796,45.31471],[7.11829,45.31646],[7.11886,45.31817],[7.11967,45.31984],[7.1207,45.32144],[7.12194,45.32296],[7.1234,45.3244],[7.12504,45.32572],[7.12685,45.32693],[7.12843,45.32778],[7.12846,45.32779],[7.12849,45.32782],[7.12882,45.328],[7.12927,45.32822],[7.12979,45.3285],[7.1312,45.32912],[7.13153,45.32928],[7.13166,45.32932],[7.13181,45.32944],[7.13182,45.32947],[7.1322,45.32974],[7.1335,45.33063],[7.13441,45.33121],[7.13453,45.33124],[7.13456,45.33127],[7.13458,45.33131],[7.13455,45.33141],[7.13451,45.33147],[7.13437,45.33215],[7.13415,45.33301],[7.13397,45.33489],[7.13396,45.33517],[7.13395,45.33523],[7.13402,45.33702],[7.13433,45.3388],[7.1349,45.34055],[7.13571,45.34225],[7.13675,45.34388],[7.13801,45.34543],[7.13949,45.34689],[7.14116,45.34824],[7.14302,45.34946],[7.14503,45.35054],[7.14719,45.35148],[7.14947,45.35227],[7.15185,45.35289],[7.15257,45.35305],[7.1526,45.35305],[7.15263,45.35304],[7.15266,45.35305],[7.15268,45.35308],[7.15267,45.3531],[7.15288,45.35334],[7.15452,45.355],[7.15642,45.35652],[7.15688,45.35685],[7.15699,45.35691],[7.15702,45.35695],[7.15713,45.35702],[7.15728,45.35711],[7.15733,45.35717],[7.15753,45.3573],[7.15754,45.35731],[7.15755,45.35732],[7.15783,45.35751],[7.15799,45.35761],[7.15997,45.35881],[7.16211,45.35985],[7.16229,45.35993],[7.16239,45.35997],[7.16254,45.36002],[7.1626,45.36005],[7.16321,45.3603],[7.16324,45.36031],[7.1633,45.36034],[7.16341,45.36039],[7.16348,45.36039],[7.16355,45.36046],[7.1636,45.36048],[7.16378,45.36059],[7.1638,45.36061],[7.16384,45.36062],[7.16402,45.36073],[7.16397,45.36074],[7.16385,45.36093],[7.163,45.36202],[7.16204,45.36362],[7.1613,45.36527],[7.16079,45.36696],[7.16051,45.36868],[7.16047,45.37041],[7.16066,45.37214],[7.16108,45.37385],[7.16174,45.37552],[7.16243,45.37679],[7.16246,45.37685],[7.16249,45.37688],[7.16249,45.3769],[7.16262,45.37714],[7.16269,45.37725],[7.16376,45.37878],[7.16504,45.38023],[7.1665,45.38159],[7.16814,45.38284],[7.16994,45.38398],[7.17188,45.385],[7.17395,45.38588],[7.17397,45.38588],[7.174,45.38589],[7.17411,45.38591],[7.17419,45.38597],[7.17458,45.38611],[7.17467,45.38614],[7.17469,45.38613],[7.17477,45.38617],[7.17481,45.3862],[7.17481,45.38622],[7.1755,45.38689],[7.17552,45.38688],[7.17639,45.38777],[7.1769,45.38822],[7.17706,45.38836],[7.17711,45.38837],[7.1772,45.38846],[7.1772,45.38847],[7.17773,45.3889],[7.17773,45.38891],[7.17797,45.38911],[7.17806,45.38918],[7.17811,45.38919],[7.17815,45.38922],[7.17816,45.38926],[7.17821,45.38929],[7.17822,45.38931],[7.17832,45.38937],[7.17838,45.38946],[7.17839,45.38947],[7.17891,45.39006],[7.17896,45.39004],[7.17949,45.39066],[7.17958,45.39077],[7.1796,45.39077],[7.17966,45.39082],[7.17963,45.39083],[7.17964,45.39143],[7.17962,45.39188],[7.17977,45.39359],[7.18015,45.3953],[7.18076,45.39697],[7.18159,45.39859],[7.18263,45.40014],[7.18389,45.40162],[7.18522,45.4029],[7.18528,45.40295],[7.18531,45.40296],[7.18535,45.40301],[7.18535,45.40303],[7.18541,45.4031],[7.18543,45.40313],[7.18547,45.40318],[7.18556,45.40326],[7.18556,45.40333],[7.18551,45.40346],[7.1855,45.40347],[7.18547,45.40368],[7.18547,45.4037],[7.18547,45.40383],[7.18544,45.40392],[7.18543,45.40394],[7.18534,45.40457],[7.18518,45.40553],[7.18516,45.40615],[7.18511,45.40672],[7.18513,45.40677],[7.18513,45.40679],[7.18503,45.40687],[7.18502,45.40691],[7.18493,45.40698],[7.18488,45.40703],[7.18485,45.40706],[7.18484,45.40708],[7.18471,45.40719],[7.18469,45.40723],[7.18457,45.40733],[7.18445,45.40735],[7.18438,45.40738],[7.1843,45.40744],[7.18412,45.40748],[7.18401,45.40749],[7.18396,45.4075],[7.18374,45.40756],[7.18371,45.40757],[7.18367,45.40758],[7.18341,45.40765],[7.18331,45.40767],[7.18328,45.40768],[7.18318,45.40773],[7.1831,45.40773],[7.18303,45.40774],[7.18297,45.40778],[7.18281,45.40781],[7.18278,45.40781],[7.182,45.40801],[7.182,45.40802],[7.18059,45.40838],[7.17987,45.40862],[7.17906,45.40887],[7.17904,45.40889],[7.179,45.40891],[7.17892,45.4089],[7.1786,45.40896],[7.17858,45.40896],[7.17788,45.40907],[7.17789,45.40909],[7.17707,45.4092],[7.17704,45.40922],[7.17694,45.40922],[7.17659,45.40927],[7.176,45.40938],[7.17587,45.4094],[7.17346,45.40992],[7.17114,45.41061],[7.17028,45.41094],[7.16952,45.41121],[7.1695,45.41123],[7.16937,45.41125],[7.16907,45.41133],[7.16697,45.41199],[7.16497,45.41278],[7.16307,45.41369],[7.1613,45.41472],[7.16129,45.41472],[7.16129,45.41473],[7.16128,45.41475],[7.16101,45.41494],[7.16096,45.41497],[7.16089,45.41498],[7.1604,45.41529],[7.1597,45.41568],[7.15779,45.417],[7.15608,45.41845],[7.15459,45.42002],[7.15425,45.42048],[7.15373,45.42111],[7.15374,45.42114],[7.15373,45.42116],[7.1537,45.42117],[7.15369,45.42117],[7.15311,45.42187],[7.15313,45.42188],[7.15225,45.4229],[7.15223,45.42293],[7.15224,45.42298],[7.15222,45.42302],[7.15215,45.42308],[7.15211,45.42316],[7.15206,45.42318],[7.15193,45.42319],[7.1511,45.42339],[7.14998,45.42361],[7.14996,45.42361],[7.14984,45.42364],[7.14977,45.42368],[7.14968,45.4237],[7.14956,45.42371],[7.14952,45.4237],[7.14902,45.4238],[7.14807,45.42394],[7.14569,45.42446],[7.1434,45.42515],[7.14338,45.42516],[7.14333,45.42519],[7.14314,45.42526],[7.14306,45.42526],[7.14304,45.42527],[7.14301,45.42529],[7.14283,45.42535],[7.1428,45.42535],[7.14265,45.4254],[7.14255,45.42544],[7.14247,45.42547],[7.1424,45.42549],[7.14221,45.42555],[7.14185,45.42568],[7.14179,45.42568],[7.14138,45.42581],[7.14117,45.42586],[7.14113,45.42589],[7.14106,45.42591],[7.14102,45.4259],[7.14094,45.42591],[7.14089,45.42591],[7.14057,45.42594],[7.14056,45.42596],[7.14036,45.42598],[7.14033,45.426],[7.14031,45.42598],[7.1402,45.42598],[7.14011,45.42601],[7.14003,45.42599],[7.13925,45.42606],[7.13698,45.42635],[7.13476,45.42678],[7.1326,45.42735],[7.13052,45.42805],[7.12854,45.42889],[7.12789,45.42919],[7.12774,45.42928],[7.12766,45.4293],[7.12764,45.4293],[7.1275,45.42935],[7.12529,45.4303],[7.12322,45.43141],[7.12133,45.43266],[7.11962,45.43404],[7.11812,45.43553],[7.11684,45.43713],[7.1158,45.4388],[7.11501,45.44055],[7.11472,45.44133],[7.11474,45.44138],[7.11471,45.4414],[7.11466,45.44142],[7.11343,45.44269],[7.11232,45.44411],[7.11138,45.44558],[7.11095,45.44649],[7.11085,45.44667],[7.11083,45.44671],[7.11082,45.44672],[7.11081,45.44673],[7.11082,45.44676],[7.1108,45.4468],[7.11076,45.44682],[7.11065,45.44691],[7.11056,45.44697],[7.11044,45.44706],[7.1091,45.44804],[7.10755,45.44943],[7.10621,45.45091],[7.10507,45.45248],[7.10416,45.45412],[7.10348,45.45581],[7.10304,45.45755],[7.10284,45.45931],[7.10289,45.46107],[7.10318,45.46282],[7.10371,45.46454],[7.10447,45.46622],[7.10504,45.46715],[7.10517,45.4674],[7.10523,45.46746],[7.10534,45.46763],[7.10535,45.46769],[7.10535,45.46784],[7.10532,45.46796],[7.10526,45.46806],[7.10524,45.46818],[7.10522,45.46823],[7.10506,45.46845],[7.10447,45.46852],[7.10388,45.46861],[7.10389,45.46863],[7.10215,45.46889],[7.10098,45.46917],[7.10016,45.46934],[7.10009,45.46938],[7.09997,45.46938],[7.09928,45.46947],[7.09645,45.46999],[7.09497,45.47039],[7.09452,45.47049],[7.09432,45.47057],[7.09404,45.47059],[7.09225,45.47092],[7.09004,45.47147],[7.0879,45.47217],[7.08703,45.4725],[7.08694,45.47255],[7.0868,45.47258],[7.08673,45.47257],[7.08659,45.47258],[7.08445,45.47266],[7.08193,45.47294],[7.07947,45.4734],[7.07708,45.47402],[7.07478,45.47482],[7.07262,45.47576],[7.0706,45.47686],[7.06874,45.4781],[7.06707,45.47945],[7.0656,45.48092],[7.06435,45.48249],[7.06332,45.48414],[7.06253,45.48585],[7.06199,45.48761],[7.0618,45.48839],[7.06183,45.48842],[7.06178,45.48843],[7.06119,45.48897],[7.05985,45.49033],[7.05939,45.49084],[7.05923,45.49095],[7.05795,45.49233],[7.05683,45.49386],[7.05658,45.49423],[7.05614,45.49469],[7.05573,45.49502],[7.05492,45.49532],[7.05389,45.49565],[7.0531,45.49582],[7.0508,45.49654],[7.05073,45.49656],[7.05054,45.49664],[7.05031,45.49664],[7.04944,45.49675],[7.0477,45.49705],[7.04769,45.49703],[7.04658,45.49721],[7.04653,45.49724],[7.04591,45.49727],[7.0454,45.4973],[7.04479,45.49736],[7.04467,45.49732],[7.04375,45.49719],[7.04338,45.49713],[7.0409,45.49686],[7.03839,45.49677],[7.03588,45.49685],[7.03574,45.49686],[7.03568,45.49688],[7.03539,45.49687],[7.03515,45.49683],[7.03469,45.4968],[7.03255,45.49671],[7.032,45.49672],[7.0314,45.49671],[7.03131,45.49673],[7.03127,45.49671],[7.03116,45.49671],[7.02859,45.49675],[7.02604,45.49697],[7.02353,45.49737],[7.0211,45.49795],[7.01875,45.4987],[7.01653,45.49961],[7.01445,45.50067],[7.01253,45.50188],[7.0108,45.50322],[7.00926,45.50467],[7.00794,45.50622],[7.00684,45.50786],[7.00599,45.50957],[7.00538,45.51133],[7.00503,45.51313],[7.00494,45.51494],[7.0051,45.51675],[7.00517,45.51715],[7.00522,45.51721],[7.00518,45.51773],[7.00506,45.5179],[7.0044,45.51909],[7.00403,45.52],[7.00393,45.52022],[7.00391,45.5203],[7.00366,45.52059],[7.00364,45.5206],[7.00363,45.52061],[7.00336,45.52091],[7.00324,45.52108],[7.00251,45.52166],[7.00237,45.52174],[7.0022,45.52186],[7.00058,45.52316],[6.99915,45.52455],[6.99847,45.52536],[6.99831,45.52553],[6.99822,45.52567],[6.99807,45.52579],[6.99781,45.52606],[6.99657,45.52751],[6.99554,45.52902],[6.99471,45.5306],[6.99409,45.53223],[6.9937,45.53389],[6.99352,45.53557],[6.99357,45.53726],[6.99384,45.53893],[6.99433,45.54058],[6.99502,45.54216],[6.99512,45.54229],[6.9953,45.54271],[6.99538,45.54288],[6.99556,45.54329],[6.9956,45.54337],[6.9958,45.54379],[6.99582,45.54431],[6.99576,45.54478],[6.99576,45.54505],[6.99575,45.54512],[6.99577,45.54525],[6.99551,45.54585],[6.99546,45.54587],[6.99524,45.54619],[6.99456,45.54708],[6.99357,45.54875],[6.99283,45.55048],[6.99245,45.5518],[6.9924,45.55196],[6.99241,45.55202],[6.99235,45.55211],[6.99212,45.55272],[6.99161,45.55454],[6.99136,45.55639],[6.99139,45.55825],[6.99169,45.5601],[6.99225,45.56191],[6.99308,45.56367],[6.99416,45.56537],[6.99548,45.56698],[6.99558,45.56709],[6.99572,45.56723],[6.99583,45.56736],[6.99591,45.56744],[6.99603,45.56757],[6.99663,45.56821],[6.99673,45.56827],[6.99689,45.56858],[6.9969,45.5688],[6.99687,45.56899],[6.99683,45.56914],[6.99678,45.56929],[6.99674,45.5693],[6.99651,45.56985],[6.99635,45.57018],[6.9958,45.57173],[6.99545,45.57331],[6.9953,45.5749],[6.99528,45.57525],[6.99529,45.57528],[6.99528,45.57529],[6.99528,45.57552],[6.9953,45.57566],[6.99519,45.5757],[6.9946,45.57608],[6.99281,45.57735],[6.99134,45.57863],[6.99115,45.57882],[6.99051,45.57922],[6.99022,45.57936],[6.98855,45.58038],[6.98682,45.58167],[6.98528,45.58308],[6.98394,45.58459],[6.98282,45.58618],[6.98193,45.58785],[6.98128,45.58956],[6.98087,45.59132],[6.98071,45.59309],[6.98078,45.59462],[6.98081,45.59468],[6.98079,45.59481],[6.9808,45.59487],[6.98083,45.59518],[6.98091,45.59646],[6.9814,45.59855],[6.98164,45.5993],[6.98168,45.59932],[6.98167,45.59938],[6.9817,45.5995],[6.98171,45.59951],[6.98187,45.60021],[6.98192,45.60027],[6.98197,45.60058],[6.98197,45.60063],[6.98207,45.60103],[6.98213,45.60141],[6.98265,45.60315],[6.98342,45.60485],[6.98378,45.60552],[6.98384,45.60559],[6.98394,45.60581],[6.98396,45.60596],[6.98418,45.60654],[6.98422,45.60657],[6.98424,45.60669],[6.98425,45.60671],[6.98426,45.60671],[6.98473,45.60784],[6.98478,45.60787],[6.98488,45.60803],[6.98489,45.60817],[6.98496,45.60827],[6.98499,45.60841],[6.98499,45.60847],[6.98502,45.60857],[6.98507,45.60877],[6.98511,45.60881],[6.98512,45.60904],[6.98519,45.60935],[6.98519,45.60951],[6.98537,45.61053],[6.98548,45.61089],[6.9855,45.61101],[6.98562,45.61142],[6.98564,45.61145],[6.98565,45.61154],[6.9858,45.61209],[6.98579,45.61209],[6.9858,45.6121],[6.98593,45.61257],[6.98607,45.61297],[6.98611,45.61327],[6.98607,45.6134],[6.98602,45.614],[6.98598,45.61573],[6.98618,45.61744],[6.98662,45.61914],[6.98728,45.6208],[6.98816,45.6224],[6.98926,45.62394],[6.99056,45.6254],[6.99205,45.62677],[6.99372,45.62803],[6.99398,45.62821],[6.99632,45.62963],[6.99637,45.62966],[6.9965,45.62969],[6.99659,45.62978],[6.99664,45.6299],[6.99664,45.62991],[6.99677,45.63011],[6.99697,45.63039],[6.99719,45.63075],[6.9972,45.63077],[6.99725,45.63079],[6.99737,45.63102],[6.99748,45.63121],[6.99751,45.63126],[6.99763,45.63139],[6.99783,45.63175],[6.99784,45.63178],[6.99815,45.63226],[6.99815,45.63225],[6.99875,45.63319],[6.9988,45.63321],[6.99888,45.63335],[6.99902,45.6336],[6.9991,45.63376],[6.99912,45.63375],[6.99944,45.63439],[7.00041,45.63584],[7.00065,45.63613],[7.00089,45.63647],[7.00102,45.63659],[7.00108,45.63707],[7.00113,45.63731],[7.00152,45.63869],[7.00154,45.6387],[7.00162,45.639],[7.00152,45.63937],[7.00136,45.63976],[7.00086,45.6402],[7.00031,45.64049],[6.99917,45.64075],[6.99904,45.64076],[6.99882,45.6408],[6.99654,45.64133],[6.99435,45.642],[6.99225,45.64282],[6.99027,45.64377],[6.99001,45.64391],[6.98958,45.64416],[6.98876,45.64449],[6.98868,45.64448],[6.98809,45.64456],[6.98574,45.64497],[6.98346,45.64553],[6.98126,45.64624],[6.97916,45.64709],[6.97719,45.64808],[6.97537,45.6492],[6.9737,45.65043],[6.9722,45.65177],[6.97089,45.6532],[6.9704,45.65387],[6.97013,45.65419],[6.97011,45.65426],[6.96948,45.65429],[6.96941,45.65427],[6.96826,45.65428],[6.96522,45.65445],[6.96341,45.65471],[6.96273,45.65479],[6.96262,45.65482],[6.9623,45.65485],[6.96201,45.65489],[6.96138,45.65496],[6.96125,45.655],[6.96099,45.65502],[6.96076,45.65493],[6.9607,45.65488],[6.96009,45.65457],[6.9583,45.65375],[6.95641,45.65304],[6.95468,45.65251],[6.95395,45.65235],[6.95314,45.65208],[6.9531,45.65207],[6.95101,45.65147],[6.9488,45.65098],[6.94878,45.65098],[6.94859,45.65096],[6.94843,45.6509],[6.94838,45.65089],[6.94605,45.65039],[6.94367,45.65004],[6.94125,45.64986],[6.93881,45.64984],[6.93638,45.64998],[6.93399,45.65028],[6.93164,45.65074],[6.92937,45.65136],[6.92719,45.65212],[6.92513,45.65303],[6.9232,45.65407],[6.92142,45.65523],[6.9198,45.65651],[6.91836,45.65789],[6.91712,45.65936],[6.91677,45.65981],[6.91678,45.65984],[6.91674,45.65986],[6.91623,45.66053],[6.91611,45.66068],[6.91583,45.661],[6.91577,45.6611],[6.91541,45.66141],[6.91539,45.6614],[6.91528,45.66142],[6.9124,45.66189],[6.91239,45.66188],[6.9123,45.66189],[6.912,45.66195],[6.91183,45.66198],[6.91178,45.66199],[6.91162,45.66203],[6.91161,45.66203],[6.91133,45.6621],[6.91128,45.6621],[6.911,45.66216],[6.91092,45.6622],[6.91084,45.66222],[6.91075,45.66222],[6.91072,45.66222],[6.9107,45.66222],[6.90834,45.66248],[6.90577,45.66296],[6.90359,45.66354],[6.90358,45.66355],[6.90307,45.66369],[6.90305,45.66369],[6.90264,45.66382],[6.90238,45.6639],[6.90229,45.66393],[6.8849,45.66946],[6.88262,45.67028],[6.88046,45.67126],[6.87846,45.67239],[6.87663,45.67366],[6.87498,45.67504],[6.87467,45.67534],[6.87467,45.67537],[6.87461,45.67539],[6.87405,45.67581],[6.87362,45.6761],[6.87355,45.67618],[6.873,45.67645],[6.87021,45.6782],[6.87017,45.67822],[6.87016,45.67827],[6.86951,45.67843],[6.86946,45.67844],[6.86696,45.67917],[6.86458,45.68009],[6.86236,45.68117],[6.86031,45.68241],[6.85846,45.6838],[6.85756,45.68463],[6.85711,45.68502],[6.85708,45.68508],[6.85699,45.68516],[6.85685,45.68525],[6.85684,45.68526],[6.85673,45.68536],[6.85624,45.68573],[6.85593,45.68599],[6.85591,45.68604],[6.85546,45.68638],[6.85538,45.6864],[6.85492,45.68672],[6.85378,45.68744],[6.85375,45.68745],[6.85368,45.68753],[6.85322,45.68777],[6.85321,45.68777],[6.85313,45.68782],[6.85127,45.68901],[6.84958,45.69033],[6.84809,45.69176],[6.84684,45.69325],[6.84686,45.69326],[6.84667,45.69349],[6.84663,45.69349],[6.84608,45.69407],[6.84471,45.69569],[6.84359,45.6974],[6.84357,45.69744],[6.84251,45.69979],[6.84243,45.70001],[6.84244,45.70002],[6.84239,45.70022],[6.84227,45.70035],[6.84215,45.70038],[6.8421,45.70037],[6.84155,45.70053],[6.84052,45.70084],[6.84046,45.70088],[6.84039,45.7009],[6.84029,45.70091],[6.83971,45.70108],[6.8397,45.70108],[6.83964,45.70111],[6.83961,45.70111],[6.83949,45.70114],[6.83949,45.70115],[6.83816,45.70154],[6.8381,45.70155],[6.8381,45.70156],[6.83801,45.70161],[6.83797,45.7016],[6.83571,45.70245],[6.8357,45.70247],[6.83557,45.7025],[6.83556,45.7025],[6.83485,45.7028],[6.83424,45.70304],[6.83208,45.70407],[6.83009,45.70525],[6.82827,45.70656],[6.82666,45.708],[6.82526,45.70954],[6.8247,45.71024],[6.82469,45.7103],[6.82464,45.71031],[6.82463,45.71033],[6.82409,45.71086],[6.82376,45.71117],[6.82243,45.71265],[6.82131,45.71421],[6.82041,45.71584],[6.81974,45.71752],[6.81953,45.71837],[6.81945,45.71863],[6.81943,45.71879],[6.81938,45.71881],[6.81922,45.71905],[6.81918,45.7191],[6.81916,45.71916],[6.81905,45.71931],[6.81899,45.71934],[6.81839,45.71998],[6.81816,45.72021],[6.81686,45.72177],[6.8158,45.72341],[6.81497,45.72512],[6.8144,45.72688],[6.81407,45.72867],[6.81401,45.73048],[6.8142,45.73228],[6.81465,45.73406],[6.81532,45.73571],[6.81535,45.73575],[6.81548,45.73597],[6.81548,45.73608],[6.81554,45.7362],[6.81555,45.73623],[6.81561,45.7363],[6.81562,45.73642],[6.81629,45.73812],[6.81637,45.73826],[6.81635,45.73829],[6.8165,45.73873],[6.81678,45.7395],[6.81698,45.74001],[6.81703,45.74004],[6.81687,45.74014],[6.81663,45.74034],[6.81604,45.74077],[6.81468,45.74197],[6.81347,45.74324],[6.81337,45.74335],[6.81336,45.74342],[6.8133,45.74342],[6.81327,45.74345],[6.81177,45.7447],[6.81044,45.74604],[6.80929,45.74745],[6.80833,45.74894],[6.80756,45.75048],[6.80749,45.75065],[6.80748,45.75073],[6.80744,45.75076],[6.80729,45.75101],[6.80646,45.75267],[6.80587,45.75438],[6.80551,45.75612],[6.80547,45.75639],[6.80536,45.75832],[6.80537,45.75836],[6.80539,45.75843],[6.80541,45.75861],[6.80537,45.75878],[6.80539,45.75963],[6.80541,45.75963],[6.80549,45.761],[6.80582,45.76269],[6.806,45.76322],[6.80612,45.76369],[6.80617,45.76375],[6.80616,45.76385],[6.80607,45.764],[6.8058,45.76478],[6.80523,45.76707],[6.8052,45.76728],[6.8052,45.76742],[6.80514,45.76759],[6.80511,45.76765],[6.80493,45.76825],[6.80494,45.76825],[6.80469,45.76904],[6.8044,45.77066],[6.80433,45.77211],[6.80432,45.77212],[6.80434,45.77215],[6.80435,45.7722],[6.8043,45.77223],[6.80419,45.77249],[6.8042,45.77251],[6.80415,45.77259],[6.80403,45.77289],[6.80396,45.77303],[6.80339,45.77465],[6.80304,45.77631],[6.80291,45.77798],[6.80291,45.77819],[6.80291,45.77858],[6.80294,45.77865],[6.80292,45.77874],[6.80292,45.77891],[6.80292,45.77895],[6.80295,45.77899],[6.80291,45.77913],[6.80286,45.77969],[6.80286,45.77979],[6.80285,45.77981],[6.80284,45.77986],[6.80287,45.77986],[6.80284,45.78015],[6.8028,45.78041],[6.8028,45.7805],[6.80276,45.78082],[6.80279,45.78254],[6.80306,45.78426],[6.80357,45.78595],[6.8043,45.7876],[6.80525,45.78919],[6.80642,45.79071],[6.80778,45.79215],[6.80934,45.79348],[6.81107,45.79471],[6.81296,45.79582],[6.81303,45.79585],[6.81307,45.79585],[6.81315,45.79589],[6.81312,45.79594],[6.81309,45.79597],[6.81281,45.79667],[6.8123,45.79826],[6.81199,45.79988],[6.81189,45.80151],[6.812,45.80314],[6.81232,45.80475],[6.81285,45.80634],[6.81294,45.80657],[6.81295,45.80657],[6.81316,45.80699],[6.81316,45.80721],[6.81314,45.80729],[6.81314,45.80734],[6.81311,45.80766],[6.81313,45.80783],[6.81308,45.80798],[6.81297,45.80811],[6.81263,45.8087],[6.81231,45.80929],[6.81226,45.80938],[6.81226,45.80939],[6.81222,45.80951],[6.81218,45.80953],[6.81178,45.81028],[6.81131,45.81127],[6.81128,45.81134],[6.81098,45.8121],[6.8109,45.81232],[6.81091,45.81239],[6.81087,45.81241],[6.81084,45.81248],[6.81035,45.81418],[6.81009,45.81591],[6.81006,45.81764],[6.81028,45.81937],[6.81073,45.82108],[6.81142,45.82275],[6.81233,45.82436],[6.81346,45.82591],[6.81405,45.82656],[6.81438,45.82696],[6.81443,45.82698],[6.81449,45.82712],[6.81463,45.82732],[6.8158,45.8289],[6.8172,45.83039],[6.81879,45.83178],[6.82058,45.83305],[6.82253,45.83419],[6.82464,45.83519],[6.82687,45.83604],[6.82922,45.83673],[6.83165,45.83725],[6.83231,45.83737],[6.833,45.83747],[6.83324,45.83752],[6.8352,45.8378],[6.83767,45.83798],[6.84014,45.838],[6.84261,45.83785],[6.84505,45.83753],[6.84743,45.83705],[6.84973,45.83641],[6.85193,45.83562],[6.85402,45.83468],[6.85596,45.83361],[6.85775,45.83241],[6.85937,45.83109],[6.86079,45.82968],[6.86117,45.82921],[6.8616,45.82874],[6.86159,45.82871],[6.86167,45.82867],[6.86185,45.82851],[6.86275,45.8278],[6.86406,45.82656],[6.86522,45.82524],[6.86576,45.82455],[6.86575,45.82454],[6.86576,45.82451],[6.86583,45.82452],[6.86676,45.82427],[6.86687,45.82423],[6.86726,45.82414],[6.86736,45.82414],[6.86771,45.8242],[6.86788,45.82426],[6.8682,45.82438],[6.86826,45.8244],[6.86835,45.82444],[6.8684,45.82446],[6.86881,45.82461],[6.86888,45.82465],[6.86895,45.82475],[6.86926,45.82498],[6.86963,45.82522],[6.86969,45.82531],[6.86971,45.82532],[6.86985,45.82543],[6.86987,45.82542],[6.8699,45.82544],[6.87005,45.82558],[6.87017,45.82564],[6.87024,45.82572],[6.87027,45.82586],[6.87032,45.82601],[6.87065,45.82713],[6.8714,45.82879],[6.87186,45.82956],[6.87195,45.82973],[6.87203,45.82983],[6.87207,45.8299],[6.87209,45.82997],[6.8721,45.83003],[6.87239,45.83059],[6.87333,45.8322],[6.87449,45.83373],[6.87585,45.83518],[6.87741,45.83653],[6.87914,45.83777],[6.88104,45.83889],[6.88308,45.83987],[6.88524,45.84072],[6.88752,45.84141],[6.88987,45.84195],[6.89229,45.84232],[6.89475,45.84253],[6.89722,45.84258],[6.89775,45.84257],[6.89831,45.84254],[6.89842,45.84257],[6.89925,45.8426],[6.90163,45.84264],[6.903,45.84256],[6.903,45.84257],[6.90327,45.84256],[6.90357,45.84253],[6.904,45.84251],[6.90433,45.84248],[6.90432,45.84247],[6.90586,45.84234],[6.90841,45.84194],[6.91088,45.84136],[6.9115,45.8412],[6.91167,45.84113],[6.91217,45.84101],[6.91252,45.84098],[6.91313,45.84103],[6.91318,45.84103],[6.91359,45.84102],[6.91422,45.84109],[6.91459,45.84135],[6.91461,45.84137],[6.91513,45.84168],[6.91713,45.8428],[6.91928,45.84378],[6.92156,45.84459],[6.92395,45.84525],[6.92642,45.84574],[6.92894,45.84605],[6.93121,45.84617],[6.93127,45.84616],[6.93177,45.84618],[6.93182,45.84621],[6.93192,45.84623],[6.93431,45.84666],[6.93702,45.84693],[6.93873,45.84698],[6.93906,45.84699],[6.93928,45.84698],[6.94003,45.84711],[6.94037,45.84718],[6.94046,45.8472],[6.9406,45.84723],[6.94064,45.84724],[6.94065,45.84724],[6.94115,45.84734],[6.94158,45.84751],[6.9419,45.84765],[6.94211,45.84784],[6.94226,45.84813],[6.94226,45.84819],[6.94242,45.84858],[6.9435,45.85062],[6.94493,45.85257],[6.9454,45.85312],[6.94548,45.85318],[6.94571,45.85349],[6.94713,45.85498],[6.94877,45.85638],[6.9506,45.85766],[6.95098,45.8579],[6.95099,45.8579],[6.95121,45.85805],[6.95329,45.85921],[6.95554,45.86021],[6.95749,45.8609],[6.95767,45.86097],[6.95773,45.86097],[6.95777,45.861],[6.95777,45.86101],[6.9586,45.86133],[6.95921,45.86159],[6.96108,45.86223],[6.96108,45.86224],[6.9614,45.86235],[6.96173,45.86245],[6.96205,45.86256],[6.96219,45.86261],[6.96245,45.8627],[6.96267,45.86279],[6.96273,45.86282],[6.96274,45.86283],[6.96293,45.86291],[6.96294,45.86291],[6.96301,45.86294],[6.96302,45.86295],[6.96333,45.86308],[6.96334,45.86307],[6.96537,45.86388],[6.96796,45.86465],[6.96805,45.86466],[6.96833,45.86479],[6.96841,45.86485],[6.97039,45.86577],[6.97256,45.86658],[6.97483,45.86724],[6.97717,45.86774],[6.97958,45.86809],[6.98202,45.86827],[6.98447,45.86829],[6.98692,45.86815],[6.98933,45.86784],[6.98949,45.86781],[6.98951,45.86779],[6.98966,45.86777],[6.98984,45.86777],[6.98994,45.86781],[6.99001,45.86786],[6.99027,45.86799],[6.99028,45.868],[6.9905,45.86809],[6.99057,45.86816],[6.99093,45.86836],[6.9913,45.8686],[6.99136,45.86864],[6.99146,45.86868],[6.99161,45.86879],[6.99163,45.86882],[6.99173,45.86889],[6.99213,45.8692],[6.99235,45.86936],[6.99437,45.87067],[6.99632,45.87169],[6.99637,45.87172],[6.99638,45.87172],[6.99658,45.87183],[6.99676,45.87192],[6.99678,45.87192],[6.9969,45.87196],[6.99702,45.87207],[6.99703,45.87208],[6.99734,45.87233],[6.99744,45.87237],[6.9975,45.87246],[6.99806,45.8729],[6.99889,45.87354],[6.99899,45.87361],[6.99916,45.8737],[6.99921,45.87382],[6.99928,45.87398],[6.99955,45.8744],[6.99997,45.87514],[7.00002,45.87516],[7.00003,45.87531],[7.00014,45.87574],[7.0002,45.87609],[7.00071,45.87769],[7.00143,45.87925],[7.00234,45.88077],[7.00345,45.88221],[7.00474,45.88358],[7.00487,45.88371],[7.00496,45.88375],[7.00519,45.884],[7.00523,45.88407],[7.00571,45.88465],[7.00585,45.8848],[7.00595,45.88493],[7.00604,45.885],[7.00608,45.88508],[7.00605,45.88511],[7.00628,45.88567],[7.00658,45.88658],[7.00692,45.88738],[7.00697,45.88743],[7.0069,45.88751],[7.0068,45.88773],[7.00615,45.88942],[7.00573,45.89115],[7.00555,45.89289],[7.00562,45.89464],[7.00593,45.89638],[7.00648,45.89809],[7.00726,45.89975],[7.00827,45.90135],[7.0095,45.90288],[7.01093,45.90432],[7.01255,45.90565],[7.01373,45.90645],[7.014,45.90664],[7.01407,45.90667],[7.01442,45.90701],[7.0146,45.90736],[7.01562,45.90889],[7.01688,45.9104],[7.01835,45.91181],[7.02001,45.91312],[7.02183,45.91431],[7.02382,45.91537],[7.02594,45.91629],[7.02818,45.91706],[7.03052,45.91768],[7.03293,45.91814],[7.03539,45.91843],[7.03788,45.91855],[7.04037,45.91851],[7.04285,45.91829],[7.04528,45.91791],[7.04765,45.91737],[7.04994,45.91666],[7.05211,45.91581],[7.05416,45.91481],[7.05605,45.91368],[7.05779,45.91242],[7.05934,45.91106],[7.06069,45.90959],[7.06183,45.90804],[7.06276,45.90642],[7.06345,45.90474],[7.06391,45.90303],[7.06413,45.90129],[7.06419,45.90023],[7.06443,45.90015],[7.0659,45.89952],[7.06763,45.89863],[7.06924,45.89765],[7.06992,45.8972],[7.06992,45.89717],[7.0703,45.89694],[7.07183,45.89583],[7.07332,45.89453],[7.07463,45.89314],[7.07574,45.89167],[7.07646,45.89047],[7.07653,45.89036],[7.07653,45.89031],[7.07666,45.89018],[7.07674,45.89006],[7.07785,45.88863],[7.07897,45.88665],[7.07909,45.88641],[7.0791,45.88632],[7.08011,45.8852],[7.08173,45.88394],[7.08182,45.88392],[7.08223,45.88369],[7.08311,45.88325],[7.08495,45.88212],[7.08663,45.88088],[7.08813,45.87954],[7.08944,45.8781],[7.09055,45.87658],[7.09145,45.87499],[7.09214,45.87335],[7.09232,45.87268],[7.09247,45.87223],[7.09245,45.87219],[7.09258,45.8721],[7.094,45.87059],[7.09522,45.86892],[7.0962,45.86717],[7.09691,45.86537],[7.09734,45.86351],[7.09743,45.86295],[7.09741,45.86291],[7.09771,45.86211],[7.09828,45.86166],[7.09894,45.86116],[7.09891,45.86115],[7.10005,45.86026],[7.10074,45.85966],[7.10077,45.8596],[7.10155,45.85918],[7.10168,45.85919],[7.10276,45.85912],[7.10301,45.85911],[7.10564,45.85885],[7.10734,45.85855],[7.10735,45.85856],[7.10796,45.85845],[7.10857,45.85831],[7.10877,45.85837],[7.10927,45.85846],[7.11042,45.8587],[7.11299,45.85905],[7.11559,45.85922],[7.11786,45.8592],[7.11813,45.85918],[7.11854,45.85952],[7.11897,45.85984],[7.12021,45.86078],[7.1221,45.86195],[7.12414,45.86299],[7.12632,45.86388],[7.1267,45.86402],[7.12676,45.86402],[7.12676,45.86405],[7.12718,45.86434],[7.12791,45.86489],[7.12969,45.86602],[7.12973,45.86604],[7.13105,45.86675],[7.13152,45.86698],[7.13163,45.86702],[7.13172,45.8671],[7.13343,45.86824],[7.1354,45.86932],[7.13751,45.87025],[7.13974,45.87104],[7.14206,45.87168],[7.14447,45.87215],[7.14692,45.87246],[7.14941,45.8726],[7.15191,45.87257],[7.15439,45.87238],[7.15683,45.87201],[7.15921,45.87148],[7.1615,45.87079],[7.16369,45.86995],[7.16574,45.86897],[7.16765,45.86785],[7.17289,45.86446],[7.17534,45.8629],[7.17538,45.86292],[7.17605,45.86278],[7.17718,45.86259],[7.17964,45.86197],[7.182,45.86119],[7.18424,45.86024],[7.18462,45.86006],[7.18477,45.85997],[7.18483,45.85998],[7.18576,45.85977],[7.1874,45.85936],[7.18845,45.85907],[7.18856,45.85901],[7.19062,45.85868],[7.19072,45.85873],[7.19177,45.85906],[7.19178,45.85905],[7.19217,45.85918],[7.19219,45.85918],[7.19222,45.85919],[7.19254,45.8593],[7.19278,45.85937],[7.19394,45.85976],[7.19563,45.86018],[7.19618,45.86032],[7.19675,45.86044],[7.19714,45.86075],[7.19756,45.86104],[7.19837,45.86163],[7.19983,45.86254],[7.20064,45.863],[7.20082,45.86308],[7.20078,45.86313],[7.20076,45.86321],[7.20041,45.8649],[7.20029,45.8666],[7.20041,45.8683],[7.20075,45.86999],[7.20132,45.87164],[7.20211,45.87326],[7.20311,45.87481],[7.20432,45.87629],[7.20572,45.87768],[7.20731,45.87897],[7.20906,45.88016],[7.20978,45.8806],[7.20984,45.88061],[7.20988,45.88067],[7.20992,45.88069],[7.21141,45.88171],[7.21326,45.88277],[7.21521,45.88368],[7.21571,45.88387],[7.21571,45.8839],[7.2161,45.8842],[7.21798,45.8855],[7.22003,45.88666],[7.22225,45.88767],[7.2246,45.88851],[7.22706,45.88918],[7.22961,45.88967],[7.23221,45.88998],[7.23485,45.8901],[7.23659,45.89005],[7.23687,45.89002],[7.23984,45.88998],[7.23991,45.89001],[7.24067,45.89002],[7.24158,45.89008],[7.24421,45.89006],[7.24683,45.88985],[7.24941,45.88945],[7.25191,45.88887],[7.25305,45.88855],[7.25306,45.88853],[7.25559,45.88794],[7.2584,45.88906],[7.25846,45.88914],[7.25846,45.88915],[7.25962,45.89027],[7.26113,45.89149],[7.26279,45.89261],[7.26458,45.89363],[7.26469,45.89368],[7.26477,45.89369],[7.26609,45.89484],[7.26663,45.8953],[7.26817,45.89652],[7.26986,45.89763],[7.27168,45.89863],[7.27363,45.89951],[7.27568,45.90027],[7.27585,45.90033],[7.27599,45.90035],[7.2768,45.90074],[7.27803,45.90325],[7.27894,45.90486],[7.28007,45.9064],[7.2814,45.90786],[7.28293,45.90923],[7.28464,45.91048],[7.28651,45.91162],[7.28853,45.91262],[7.29068,45.91349],[7.29294,45.9142],[7.29529,45.91476],[7.2977,45.91516],[7.30015,45.9154],[7.30262,45.91547],[7.3051,45.91537],[7.30755,45.91511],[7.30994,45.91468],[7.31227,45.9141],[7.31451,45.91336],[7.31664,45.91247],[7.31759,45.91198],[7.31809,45.91175],[7.3181,45.91172],[7.31872,45.91162],[7.319,45.91156],[7.32084,45.91113],[7.32263,45.9106],[7.32346,45.91033],[7.32364,45.91024],[7.33202,45.91091],[7.33206,45.91094],[7.33233,45.911],[7.33472,45.91137],[7.33715,45.91159],[7.3396,45.91165],[7.34205,45.91154],[7.34447,45.91127],[7.34684,45.91084],[7.34914,45.91025],[7.35136,45.90952],[7.35346,45.90863],[7.35543,45.90762],[7.35725,45.90647],[7.35891,45.90521],[7.3597,45.90449],[7.36003,45.90421],[7.36005,45.90416],[7.36125,45.90324],[7.36148,45.90324],[7.3616,45.90323],[7.3636,45.90308],[7.36623,45.9027],[7.36879,45.90212],[7.37126,45.90135],[7.37359,45.90041],[7.37407,45.90019],[7.37408,45.90017],[7.37412,45.90018],[7.3745,45.90007],[7.37652,45.89943],[7.37846,45.89867],[7.38029,45.89779],[7.3814,45.89716],[7.3819,45.89688],[7.38239,45.89657],[7.3857,45.89701],[7.38873,45.89792],[7.39121,45.89941],[7.39369,45.9017],[7.39537,45.90309],[7.39724,45.90436],[7.39928,45.90549],[7.40148,45.90647],[7.4038,45.9073],[7.40623,45.90795],[7.40875,45.90843],[7.41051,45.90863],[7.41051,45.90864],[7.4111,45.90871],[7.41169,45.90875],[7.41184,45.90885],[7.41222,45.90904],[7.41477,45.91017],[7.41749,45.91108],[7.41853,45.91138],[7.41861,45.91138],[7.4208,45.9121],[7.42083,45.91215],[7.42116,45.91237],[7.42285,45.91341],[7.42467,45.91435],[7.42646,45.91511],[7.4266,45.91514],[7.43418,45.91997],[7.43425,45.92012],[7.43466,45.92068],[7.43585,45.92214],[7.43723,45.92351],[7.43879,45.92479],[7.43887,45.92485],[7.43895,45.92488],[7.43898,45.92493],[7.43966,45.92556],[7.43984,45.92573],[7.44153,45.92709],[7.4434,45.92832],[7.44545,45.92942],[7.44764,45.93037],[7.44995,45.93116],[7.45236,45.93179],[7.45485,45.93225],[7.45541,45.93231],[7.45634,45.93244],[7.45641,45.93243],[7.45643,45.93246],[7.45684,45.93258],[7.45914,45.93318],[7.46152,45.93362],[7.46395,45.9339],[7.4664,45.93401],[7.46886,45.93396],[7.46938,45.93394],[7.46946,45.93391],[7.47201,45.93436],[7.47456,45.93583],[7.47492,45.9365],[7.47485,45.93685],[7.47474,45.93844],[7.47486,45.94015],[7.4752,45.94184],[7.47578,45.9435],[7.47657,45.94511],[7.47759,45.94667],[7.47881,45.94815],[7.48022,45.94954],[7.48181,45.95084],[7.48358,45.95202],[7.48549,45.95308],[7.48755,45.95401],[7.48971,45.9548],[7.49185,45.95541],[7.49189,45.9554],[7.49404,45.95601],[7.49419,45.9561],[7.49626,45.95687],[7.4985,45.95752],[7.50083,45.95802],[7.50321,45.95837],[7.50562,45.95856],[7.5073,45.95858],[7.50749,45.95859],[7.50763,45.95857],[7.50829,45.95869],[7.51101,45.95895],[7.51378,45.959],[7.51654,45.95885],[7.51927,45.95849],[7.52192,45.95792],[7.52258,45.95775],[7.52261,45.95772],[7.5227,45.95773],[7.52346,45.95759],[7.52447,45.95744],[7.527,45.95688],[7.528,45.95661],[7.5282,45.95653],[7.52842,45.95655],[7.5291,45.95652],[7.53143,45.95637],[7.53372,45.95606],[7.53596,45.95561],[7.53814,45.95502],[7.53835,45.95496],[7.53845,45.9549],[7.53861,45.95503],[7.54051,45.95614],[7.54204,45.95686],[7.54203,45.95687],[7.54257,45.95712],[7.54312,45.95735],[7.54558,45.96022],[7.54585,45.96101],[7.54661,45.96274],[7.5476,45.96441],[7.54883,45.966],[7.55028,45.9675],[7.55194,45.96889],[7.5538,45.97016],[7.55582,45.97129],[7.558,45.97227],[7.5603,45.9731],[7.56271,45.97376],[7.56521,45.97425],[7.56776,45.97456],[7.57034,45.97469],[7.57293,45.97463],[7.5755,45.9744],[7.57802,45.97399],[7.58046,45.9734],[7.58282,45.97264],[7.58505,45.97173],[7.58649,45.97106],[7.58885,45.9707],[7.59214,45.97079],[7.59465,45.97077],[7.59714,45.97058],[7.60027,45.97023],[7.60095,45.97026],[7.60105,45.97026],[7.60316,45.9702],[7.60526,45.97002],[7.60733,45.96972],[7.60797,45.96961],[7.60868,45.96946],[7.61,45.96939],[7.61043,45.96956],[7.61262,45.97022],[7.61501,45.97077],[7.61747,45.97114],[7.61997,45.97135],[7.62249,45.97139],[7.625,45.97125],[7.62575,45.97116],[7.62656,45.97108],[7.62674,45.97105],[7.62692,45.97105],[7.62706,45.97103],[7.62872,45.97092],[7.63097,45.97062],[7.63193,45.97046],[7.63213,45.97041],[7.63227,45.97043],[7.63471,45.97046],[7.63738,45.97031],[7.63925,45.97013],[7.64241,45.9708],[7.64258,45.97087],[7.64314,45.97105],[7.64547,45.97171],[7.64788,45.97221],[7.65035,45.97254],[7.65285,45.9727],[7.65537,45.97269],[7.65786,45.9725],[7.66033,45.97215],[7.66273,45.97164],[7.66504,45.97096],[7.66725,45.97013],[7.66934,45.96915],[7.67127,45.96803],[7.67305,45.96679],[7.67464,45.96543],[7.67603,45.96397],[7.67721,45.96243],[7.67808,45.96097],[7.67811,45.96087],[7.67932,45.95883],[7.68135,45.95676],[7.68157,45.95673],[7.68184,45.95668],[7.68286,45.9565],[7.68499,45.956],[7.68666,45.95549],[7.68685,45.95541],[7.69012,45.95467],[7.69248,45.95404],[7.69474,45.95325],[7.69688,45.95231],[7.69887,45.95123],[7.70071,45.95001],[7.70236,45.94868],[7.70382,45.94724],[7.70507,45.94571],[7.7061,45.94409],[7.7069,45.94242],[7.70746,45.9407],[7.70778,45.93894],[7.70785,45.93718],[7.70767,45.93542],[7.7076,45.93503],[7.70749,45.93454],[7.70787,45.93403],[7.70792,45.93402],[7.70839,45.93364],[7.70994,45.93227],[7.71129,45.93079],[7.71244,45.92923],[7.71275,45.92875],[7.71277,45.92866],[7.71294,45.92858],[7.71301,45.92853],[7.71461,45.92755],[7.71643,45.92617],[7.71753,45.92514],[7.71754,45.92514],[7.71792,45.92479],[7.71827,45.92442],[7.72093,45.92343],[7.72517,45.92349],[7.7288,45.92337],[7.73085,45.92319],[7.73312,45.92357],[7.73442,45.92376],[7.73489,45.9238],[7.73494,45.92395],[7.73505,45.92414],[7.73612,45.92575],[7.73742,45.92728],[7.73892,45.92872],[7.74061,45.93004],[7.74249,45.93124],[7.74452,45.93231],[7.74669,45.93323],[7.74898,45.93399],[7.75137,45.9346],[7.75383,45.93504],[7.75634,45.9353],[7.75888,45.9354],[7.76142,45.93531],[7.76393,45.93505],[7.76639,45.93462],[7.76878,45.93403],[7.77108,45.93327],[7.77325,45.93235],[7.77529,45.9313],[7.77717,45.9301],[7.77725,45.93004],[7.77727,45.92999],[7.77967,45.92877],[7.78022,45.92863],[7.78077,45.92847],[7.78076,45.92846],[7.78234,45.92799],[7.78456,45.92713],[7.78666,45.92613],[7.7886,45.92499],[7.79037,45.92372],[7.79195,45.92233],[7.79333,45.92084],[7.79338,45.92078],[7.79339,45.92072],[7.79671,45.91884],[7.79708,45.91863],[7.79749,45.91839],[7.79803,45.91804],[7.80016,45.91728],[7.80255,45.91784],[7.80576,45.9196],[7.80582,45.91967],[7.80653,45.92009],[7.80854,45.92119],[7.8107,45.92214],[7.81298,45.92293],[7.81536,45.92357],[7.81782,45.92403],[7.82034,45.92433],[7.82288,45.92445],[7.82543,45.92439],[7.82795,45.92416],[7.83043,45.92375],[7.83284,45.92317],[7.83516,45.92244],[7.83599,45.9221],[7.83646,45.92193],[7.83664,45.92184],[7.83731,45.92188],[7.83745,45.92189],[7.84008,45.92189],[7.8427,45.9217],[7.84527,45.92132],[7.84991,45.92047],[7.85001,45.92048],[7.85232,45.92023],[7.85475,45.9198],[7.85712,45.91921],[7.85939,45.91845],[7.86155,45.91755],[7.86212,45.91728],[7.8627,45.91697],[7.86356,45.9167],[7.86407,45.917],[7.86459,45.91727],[7.8646,45.91727],[7.8661,45.91806],[7.86834,45.91901],[7.8707,45.9198],[7.87255,45.92034],[7.8729,45.92067],[7.87326,45.92103],[7.87329,45.92117],[7.87331,45.9212],[7.87416,45.92289],[7.87526,45.92452],[7.87658,45.92607],[7.87682,45.92632],[7.87696,45.92643],[7.87668,45.92683],[7.87476,45.92959],[7.87441,45.93009],[7.87442,45.93009],[7.8738,45.93097],[7.8729,45.93262],[7.87224,45.93432],[7.87182,45.93606],[7.87164,45.93782],[7.87172,45.93958],[7.87204,45.94133],[7.8726,45.94305],[7.8734,45.94473],[7.87443,45.94634],[7.87568,45.94787],[7.87665,45.94883],[7.87664,45.94884],[7.87687,45.94906],[7.8772,45.94939],[7.87765,45.95405],[7.87762,45.95408],[7.87764,45.95476],[7.87763,45.95507],[7.8778,45.9568],[7.8782,45.9585],[7.87884,45.96017],[7.8797,45.96179],[7.88078,45.96334],[7.88108,45.96373],[7.88113,45.96375],[7.88111,45.96381],[7.88116,45.96414],[7.88126,45.96518],[7.88169,45.96696],[7.88238,45.96871],[7.88331,45.97039],[7.88448,45.972],[7.88587,45.97352],[7.88747,45.97494],[7.88927,45.97624],[7.89124,45.97741],[7.89337,45.97843],[7.89365,45.97855],[7.89385,45.97861],[7.89402,45.97905],[7.8941,45.97922],[7.89502,45.98095],[7.8962,45.9826],[7.89762,45.98416],[7.89861,45.98504],[7.8986,45.98505],[7.89903,45.98544],[7.8995,45.98581],[7.89952,45.98587],[7.90104,45.9871],[7.90278,45.98827],[7.9035,45.98872],[7.90356,45.98873],[7.90361,45.9888],[7.90428,45.9894],[7.90431,45.98943],[7.9059,45.99072],[7.90766,45.9919],[7.90957,45.99295],[7.91161,45.99388],[7.91377,45.99467],[7.91602,45.99531],[7.91835,45.9958],[7.91902,45.99592],[7.91906,45.9959],[7.91926,45.99596],[7.9198,45.99605],[7.92208,45.99638],[7.9244,45.99656],[7.92672,45.99659],[7.92905,45.99647],[7.93135,45.99621],[7.93247,45.99605],[7.93262,45.996],[7.93281,45.99606],[7.93359,45.99623],[7.93683,45.99678],[7.94042,45.99723],[7.94412,45.99749],[7.94546,45.99752],[7.94809,45.99748],[7.9507,45.99725],[7.95095,45.99722],[7.95116,45.99717],[7.95129,45.99718],[7.95228,45.99706],[7.95297,45.997],[7.9557,45.99654],[7.9559,45.99649],[7.95602,45.99645],[7.95818,45.99608],[7.95878,45.99623],[7.9589,45.99626],[7.96127,45.99669],[7.96368,45.99697],[7.96454,45.99701],[7.96515,45.99705],[7.96535,45.99705],[7.96613,45.99724],[7.96866,45.99778],[7.97125,45.99812],[7.97388,45.99828],[7.97653,45.99826],[7.97915,45.99804],[7.98173,45.99764],[7.98416,45.99707],[7.98435,45.99699],[7.98867,45.99599],[7.98903,45.996],[7.99433,46.00049],[7.99432,46.00054],[7.99439,46.00064],[7.99514,46.00196],[7.99628,46.00351],[7.99764,46.00498],[7.9992,46.00635],[8.00093,46.00761],[8.00284,46.00875],[8.00489,46.00975],[8.00707,46.01061],[8.00936,46.01131],[8.01174,46.01186],[8.01176,46.01187],[8.0124,46.01199],[8.01333,46.01555],[8.01331,46.01561],[8.01332,46.01577],[8.01359,46.01768],[8.01416,46.01956],[8.01501,46.02139],[8.01613,46.02314],[8.01732,46.02457],[8.01747,46.02471],[8.01743,46.02477],[8.01741,46.02514],[8.01745,46.02692],[8.01775,46.02869],[8.01829,46.03043],[8.01908,46.03212],[8.0201,46.03376],[8.02135,46.03531],[8.02281,46.03677],[8.02447,46.03812],[8.02631,46.03935],[8.02832,46.04045],[8.03047,46.04141],[8.03127,46.04172],[8.0314,46.04175],[8.03361,46.04299],[8.03447,46.04423],[8.03444,46.04467],[8.03441,46.04533],[8.03438,46.04576],[8.03404,46.04609],[8.0327,46.04774],[8.03161,46.0495],[8.03079,46.05133],[8.03028,46.0531],[8.03024,46.05343],[8.02993,46.05382],[8.02802,46.05631],[8.02692,46.05792],[8.02606,46.0596],[8.02544,46.06133],[8.02532,46.06174],[8.02477,46.06371],[8.02465,46.06477],[8.02456,46.06525],[8.02459,46.06529],[8.02448,46.06574],[8.02436,46.06619],[8.02424,46.06664],[8.02422,46.06667],[8.02384,46.06815],[8.02364,46.06993],[8.02369,46.07173],[8.024,46.0735],[8.02456,46.07525],[8.02537,46.07695],[8.02641,46.07859],[8.02768,46.08015],[8.02897,46.08141],[8.02921,46.0816],[8.03029,46.0855],[8.03029,46.08562],[8.03039,46.08604],[8.03087,46.08772],[8.03158,46.08936],[8.03251,46.09094],[8.03366,46.09246],[8.035,46.0939],[8.03653,46.09523],[8.03824,46.09647],[8.04011,46.09758],[8.04212,46.09856],[8.04426,46.09941],[8.0465,46.10011],[8.04883,46.10066],[8.05122,46.10105],[8.05365,46.10129],[8.05452,46.10134],[8.0546,46.10133],[8.05782,46.10206],[8.05962,46.10288],[8.06197,46.10382],[8.06446,46.10459],[8.06705,46.10518],[8.06755,46.10527],[8.06815,46.10536],[8.0699,46.10563],[8.07221,46.10583],[8.07454,46.10588],[8.07687,46.10579],[8.07918,46.10555],[8.08001,46.10542],[8.08054,46.10535],[8.08063,46.10531],[8.08271,46.10559],[8.08279,46.10563],[8.0833,46.10572],[8.08519,46.1061],[8.08521,46.1061],[8.08535,46.10611],[8.08542,46.10615],[8.08659,46.10642],[8.0866,46.10641],[8.08693,46.1065],[8.08815,46.10677],[8.08825,46.10676],[8.08862,46.10689],[8.09115,46.10755],[8.09404,46.10805],[8.09715,46.10845],[8.09721,46.1085],[8.09757,46.10865],[8.09894,46.10929],[8.10129,46.11016],[8.10376,46.11086],[8.10631,46.11138],[8.10741,46.11152],[8.10809,46.11163],[8.10822,46.11162],[8.10863,46.11195],[8.10867,46.11199],[8.10916,46.11238],[8.10955,46.11289],[8.10985,46.11328],[8.11086,46.1145],[8.11201,46.11567],[8.11242,46.11605],[8.11248,46.11607],[8.11382,46.11744],[8.11381,46.1176],[8.11395,46.11837],[8.11396,46.11837],[8.11399,46.11863],[8.11456,46.12065],[8.11501,46.12163],[8.11519,46.12208],[8.11527,46.12221],[8.11525,46.12225],[8.11542,46.12268],[8.1162,46.12432],[8.1172,46.12591],[8.11841,46.12742],[8.11983,46.12884],[8.12143,46.13016],[8.12321,46.13137],[8.12515,46.13246],[8.12723,46.13341],[8.12943,46.13421],[8.13173,46.13487],[8.13411,46.13537],[8.13654,46.1357],[8.13815,46.13582],[8.13945,46.13592],[8.1422,46.13611],[8.14622,46.13775],[8.14661,46.13815],[8.14704,46.13852],[8.14706,46.13851],[8.14814,46.13946],[8.14995,46.14074],[8.15018,46.14088],[8.15037,46.14127],[8.15059,46.14165],[8.1506,46.14165],[8.15106,46.14246],[8.15203,46.14383],[8.15316,46.14514],[8.15353,46.14553],[8.15357,46.14566],[8.1538,46.14607],[8.15484,46.14771],[8.15493,46.1478],[8.15489,46.14782],[8.15467,46.14827],[8.15397,46.14995],[8.15351,46.15167],[8.15317,46.15339],[8.15308,46.15388],[8.15302,46.15394],[8.153,46.15402],[8.15252,46.15532],[8.15213,46.15699],[8.15197,46.15867],[8.15204,46.16036],[8.15234,46.16203],[8.15286,46.16368],[8.1536,46.16529],[8.15455,46.16684],[8.1557,46.16833],[8.15626,46.16891],[8.15654,46.16923],[8.15667,46.16934],[8.15668,46.1694],[8.15697,46.16981],[8.15745,46.17056],[8.1587,46.17211],[8.16016,46.17356],[8.16183,46.17491],[8.16367,46.17614],[8.16484,46.17677],[8.16519,46.17698],[8.16528,46.177],[8.16526,46.17709],[8.16536,46.17787],[8.16538,46.17808],[8.16579,46.17997],[8.16595,46.18039],[8.16579,46.18083],[8.16524,46.18238],[8.16507,46.18286],[8.16462,46.18325],[8.15749,46.18933],[8.15593,46.1908],[8.1546,46.19237],[8.15351,46.19403],[8.15266,46.19575],[8.15221,46.19709],[8.15217,46.1972],[8.15202,46.19765],[8.15154,46.19956],[8.15136,46.20149],[8.15134,46.20255],[8.15134,46.20296],[8.15102,46.20331],[8.14597,46.2089],[8.14485,46.21027],[8.1439,46.2117],[8.14314,46.21319],[8.14257,46.21472],[8.14193,46.21682],[8.14193,46.21683],[8.14191,46.21688],[8.14189,46.21694],[8.13902,46.22573],[8.13888,46.22615],[8.13867,46.22616],[8.13778,46.22631],[8.13519,46.22683],[8.1327,46.22754],[8.13032,46.22842],[8.12808,46.22947],[8.12602,46.23068],[8.12415,46.23203],[8.12249,46.23351],[8.12106,46.2351],[8.12048,46.23582],[8.12018,46.23619],[8.12012,46.2362],[8.11988,46.23636],[8.11794,46.2377],[8.11622,46.23918],[8.11473,46.24077],[8.11349,46.24247],[8.11252,46.24424],[8.11182,46.24608],[8.11173,46.24639],[8.11162,46.24687],[8.11137,46.24733],[8.11039,46.2491],[8.11016,46.24951],[8.11009,46.24952],[8.10986,46.24964],[8.10831,46.2504],[8.10634,46.25158],[8.10456,46.25289],[8.10297,46.25432],[8.1016,46.25585],[8.10045,46.25747],[8.09955,46.25916],[8.09889,46.26091],[8.09849,46.26269],[8.09834,46.26449],[8.09846,46.2663],[8.09883,46.26808],[8.09946,46.26983],[8.10034,46.27153],[8.10146,46.27316],[8.10281,46.27471],[8.10437,46.27615],[8.10614,46.27748],[8.10808,46.27867],[8.11019,46.27973],[8.11162,46.2803],[8.11162,46.28032],[8.11253,46.28068],[8.11335,46.28101],[8.11479,46.28279],[8.11595,46.28408],[8.11725,46.2853],[8.11806,46.28594],[8.11827,46.28612],[8.11834,46.28615],[8.11836,46.28622],[8.11943,46.28786],[8.12082,46.28948],[8.12243,46.291],[8.12427,46.29239],[8.12631,46.29364],[8.12852,46.29473],[8.12859,46.29476],[8.12867,46.29477],[8.12868,46.2948],[8.1292,46.29509],[8.13135,46.29613],[8.13363,46.29703],[8.13603,46.29775],[8.13853,46.29831],[8.14109,46.29868],[8.14369,46.29888],[8.14631,46.29889],[8.14892,46.29872],[8.15148,46.29837],[8.15399,46.29784],[8.1564,46.29713],[8.15715,46.29688],[8.15961,46.29606],[8.16373,46.29637],[8.16386,46.29641],[8.16405,46.29643],[8.16559,46.29668],[8.16796,46.2969],[8.17035,46.29697],[8.17217,46.29697],[8.17293,46.29707],[8.1737,46.29718],[8.17592,46.29742],[8.17817,46.29752],[8.17865,46.29753],[8.17886,46.29751],[8.18328,46.29947],[8.18535,46.3003],[8.18752,46.30099],[8.18977,46.30154],[8.19208,46.30194],[8.19444,46.3022],[8.19683,46.3023],[8.19821,46.30227],[8.19843,46.30228],[8.19866,46.30226],[8.20174,46.30407],[8.20207,46.30426],[8.20556,46.30625],[8.20638,46.3067],[8.21211,46.3097],[8.21209,46.30976],[8.21214,46.31004],[8.21256,46.31176],[8.21322,46.31343],[8.2141,46.31506],[8.21459,46.31574],[8.21482,46.31611],[8.21489,46.31616],[8.21488,46.31621],[8.21534,46.31695],[8.21652,46.31861],[8.21794,46.32018],[8.21959,46.32165],[8.22145,46.32298],[8.22211,46.32341],[8.22226,46.32349],[8.22494,46.32621],[8.22491,46.32622],[8.22517,46.3269],[8.22596,46.32858],[8.22698,46.33021],[8.22823,46.33175],[8.22968,46.33321],[8.23134,46.33455],[8.23318,46.33578],[8.23518,46.33688],[8.23733,46.33784],[8.23961,46.33864],[8.24198,46.33929],[8.24444,46.33977],[8.24564,46.33991],[8.24596,46.33997],[8.2462,46.33998],[8.24966,46.34072],[8.24966,46.34075],[8.25059,46.34135],[8.25262,46.34254],[8.25482,46.34358],[8.25716,46.34446],[8.25961,46.34517],[8.25969,46.34519],[8.25973,46.34517],[8.26279,46.34605],[8.26279,46.34614],[8.26293,46.34661],[8.263,46.3469],[8.26355,46.34846],[8.2643,46.34998],[8.26525,46.35145],[8.26549,46.35179],[8.26554,46.35181],[8.26553,46.35185],[8.26596,46.35263],[8.26694,46.35418],[8.26812,46.35566],[8.26949,46.35705],[8.27104,46.35835],[8.27277,46.35955],[8.27464,46.36062],[8.27665,46.36157],[8.27879,46.36239],[8.28102,46.36306],[8.28333,46.36358],[8.28399,46.36371],[8.28409,46.36371],[8.28418,46.36384],[8.28461,46.36426],[8.2848,46.36447],[8.28626,46.36579],[8.28789,46.36701],[8.28967,46.36811],[8.29159,46.36911],[8.29363,46.36997],[8.29481,46.37037],[8.29514,46.3705],[8.29526,46.37052],[8.29528,46.37056],[8.2953,46.37058],[8.29722,46.37183],[8.29932,46.37293],[8.30156,46.37388],[8.30393,46.37467],[8.3064,46.37529],[8.30747,46.37551],[8.30769,46.37554],[8.30787,46.37563],[8.30859,46.3759],[8.312,46.37699],[8.31217,46.37703],[8.31276,46.37716],[8.31278,46.37725],[8.31312,46.3779],[8.31402,46.37937],[8.31452,46.38004],[8.31467,46.38026],[8.31479,46.38038],[8.31477,46.38042],[8.31482,46.38052],[8.31539,46.38184],[8.31628,46.38337],[8.31737,46.38485],[8.31844,46.38602],[8.31856,46.38613],[8.31863,46.38629],[8.31866,46.38681],[8.31857,46.38701],[8.31854,46.38702],[8.31854,46.38703],[8.31782,46.38874],[8.31735,46.3905],[8.31714,46.39227],[8.31717,46.39378],[8.31716,46.3939],[8.31719,46.39392],[8.31709,46.39434],[8.31623,46.39779],[8.31612,46.39823],[8.31597,46.39834],[8.31577,46.39853],[8.3144,46.40003],[8.31325,46.40161],[8.31232,46.40326],[8.31164,46.40496],[8.3112,46.4067],[8.31101,46.40847],[8.31107,46.41024],[8.31138,46.412],[8.31193,46.41372],[8.31273,46.41541],[8.31377,46.41703],[8.31503,46.41857],[8.3165,46.42002],[8.31816,46.42136],[8.32001,46.42258],[8.32203,46.42367],[8.32419,46.42462],[8.32521,46.42497],[8.32577,46.42519],[8.32583,46.42519],[8.3262,46.42556],[8.32659,46.42592],[8.3266,46.42591],[8.32719,46.42646],[8.32851,46.42751],[8.32931,46.42809],[8.32935,46.42809],[8.32959,46.42828],[8.33095,46.4292],[8.33263,46.43015],[8.33441,46.431],[8.33919,46.43309],[8.3393,46.43323],[8.33972,46.43363],[8.34008,46.43399],[8.34173,46.43539],[8.34358,46.43665],[8.34468,46.43728],[8.34505,46.4375],[8.34516,46.43754],[8.34766,46.43924],[8.35004,46.44068],[8.35225,46.44171],[8.35243,46.4418],[8.35252,46.44182],[8.35256,46.4419],[8.35309,46.4425],[8.35459,46.44401],[8.35631,46.4454],[8.35823,46.44667],[8.36032,46.44779],[8.36257,46.44877],[8.36495,46.44958],[8.36743,46.45021],[8.37,46.45067],[8.37261,46.45095],[8.37526,46.45104],[8.3779,46.45094],[8.37854,46.4509],[8.37857,46.45087],[8.38224,46.45098],[8.38232,46.45101],[8.38238,46.45102],[8.38466,46.45139],[8.38698,46.45161],[8.38932,46.45169],[8.39166,46.45162],[8.39279,46.45155],[8.3929,46.45152],[8.39295,46.45157],[8.39318,46.45167],[8.39447,46.45233],[8.39648,46.45318],[8.39859,46.45389],[8.40079,46.45447],[8.40164,46.45464],[8.40218,46.45476],[8.4023,46.45477],[8.40239,46.45483],[8.40271,46.45499],[8.40376,46.45556],[8.40578,46.45645],[8.40791,46.45721],[8.41014,46.45784],[8.41244,46.45832],[8.41479,46.45865],[8.41691,46.4588],[8.41727,46.45881],[8.41743,46.4589],[8.41832,46.45927],[8.41877,46.45947],[8.42127,46.46036],[8.42388,46.46105],[8.4266,46.46155],[8.4269,46.46159],[8.42758,46.46166],[8.42766,46.46169],[8.42984,46.46193],[8.4323,46.46203],[8.43477,46.46197],[8.43722,46.46176],[8.43962,46.46138],[8.44197,46.46084],[8.44423,46.46015],[8.44638,46.45932],[8.44841,46.45835],[8.4503,46.45725],[8.45203,46.45604],[8.45282,46.45543],[8.45284,46.45537],[8.45334,46.45502],[8.45367,46.45477],[8.45529,46.45338],[8.4567,46.45189],[8.45789,46.45031],[8.45885,46.44866],[8.45957,46.44694],[8.46005,46.44519],[8.46026,46.44341],[8.46023,46.44163],[8.45994,46.43985],[8.45939,46.43811],[8.45861,46.43641],[8.45771,46.43498],[8.45753,46.43477],[8.4576,46.43462],[8.45761,46.43457],[8.45804,46.43315],[8.45831,46.43131],[8.4583,46.42946],[8.45802,46.42762],[8.45747,46.4258],[8.45733,46.42543],[8.45729,46.42541],[8.45722,46.42499],[8.45695,46.42339],[8.45688,46.42297],[8.45693,46.42293],[8.45722,46.42229],[8.45744,46.4218],[8.45773,46.42111],[8.45773,46.42103],[8.45845,46.4199],[8.45851,46.41987],[8.45853,46.41985],[8.45982,46.41855],[8.46102,46.41705],[8.46201,46.41547],[8.46278,46.41384],[8.46333,46.41217],[8.46364,46.41047],[8.46371,46.40875],[8.46355,46.40704],[8.46341,46.40617],[8.46337,46.40613],[8.46357,46.40287],[8.46361,46.40283],[8.46387,46.40219],[8.46405,46.4018],[8.46461,46.40009],[8.46491,46.39835],[8.46498,46.39659],[8.46479,46.39484],[8.46436,46.39311],[8.4637,46.39142],[8.46279,46.38978],[8.46235,46.38917],[8.46206,46.38871],[8.462,46.38867],[8.46178,46.38827],[8.46125,46.38733],[8.46099,46.38687],[8.46103,46.38643],[8.46111,46.38639],[8.46151,46.386],[8.46285,46.38455],[8.46399,46.38302],[8.46492,46.38142],[8.46561,46.37977],[8.46608,46.37808],[8.46622,46.37706],[8.46628,46.37675],[8.46626,46.37671],[8.46677,46.37484],[8.46713,46.37307],[8.46723,46.37128],[8.46707,46.36949],[8.46695,46.36877],[8.46688,46.36832],[8.46692,46.36828],[8.46692,46.36822],[8.46712,46.3667],[8.46711,46.36496],[8.46687,46.36324],[8.46638,46.36154],[8.46566,46.35988],[8.46475,46.35833],[8.4647,46.35831],[8.46469,46.35822],[8.46452,46.35789],[8.46368,46.35645],[8.46295,46.35547],[8.46293,46.35546],[8.46263,46.35504],[8.46197,46.35412],[8.46167,46.3537],[8.46232,46.35198],[8.46285,46.35027],[8.46303,46.34914],[8.46305,46.34914],[8.46311,46.34872],[8.46315,46.34831],[8.46319,46.34827],[8.46336,46.34768],[8.46373,46.34609],[8.46389,46.34448],[8.46384,46.34287],[8.46366,46.34174],[8.46366,46.34172],[8.46361,46.34156],[8.46367,46.34122],[8.46372,46.33973],[8.46354,46.33806],[8.46315,46.3364],[8.46253,46.33478],[8.4617,46.3332],[8.46066,46.33169],[8.45943,46.33025],[8.458,46.32889],[8.4564,46.32763],[8.45578,46.32719],[8.45571,46.32717],[8.45571,46.32713],[8.45505,46.32642],[8.45505,46.32643],[8.45487,46.32621],[8.45324,46.32468],[8.45138,46.32328],[8.44933,46.32202],[8.44709,46.32092],[8.4447,46.31999],[8.44411,46.31978],[8.44398,46.31976],[8.44385,46.31962],[8.44368,46.31927],[8.4433,46.31852],[8.44242,46.31695],[8.44152,46.31573],[8.44147,46.31565],[8.44141,46.3156],[8.44144,46.31554],[8.44141,46.31502],[8.44119,46.31317],[8.44069,46.31135],[8.43992,46.30957],[8.4389,46.30786],[8.43762,46.30623],[8.43611,46.30469],[8.43438,46.30328],[8.43246,46.30199],[8.43035,46.30085],[8.42969,46.30053],[8.42921,46.3003],[8.42893,46.29995],[8.42816,46.29901],[8.42789,46.29867],[8.42775,46.29832],[8.43024,46.29569],[8.43142,46.29432],[8.43242,46.29288],[8.43323,46.29138],[8.43385,46.28985],[8.43425,46.28831],[8.43431,46.28788],[8.43442,46.28781],[8.43639,46.28573],[8.43656,46.28552],[8.43664,46.28537],[8.43823,46.28396],[8.44128,46.28174],[8.44295,46.2804],[8.44466,46.27887],[8.4461,46.27746],[8.44733,46.27595],[8.44835,46.27437],[8.44914,46.27273],[8.44971,46.27104],[8.45004,46.26933],[8.45013,46.2676],[8.44998,46.26587],[8.44959,46.26416],[8.44897,46.26248],[8.44841,46.2614],[8.44842,46.2614],[8.44839,46.26133],[8.44829,46.26117],[8.44812,46.26085],[8.44799,46.26062],[8.44796,46.26063],[8.44739,46.25969],[8.44616,46.25812],[8.44472,46.25664],[8.44307,46.25528],[8.44249,46.25488],[8.44192,46.25445],[8.44187,46.25444],[8.44195,46.2543],[8.44203,46.25406],[8.44272,46.2523],[8.44295,46.25149],[8.44293,46.25145],[8.44329,46.25047],[8.44343,46.25035],[8.44376,46.24993],[8.44438,46.2491],[8.44446,46.249],[8.44446,46.24896],[8.44739,46.2479],[8.44748,46.24791],[8.44765,46.24788],[8.45,46.24743],[8.45229,46.24682],[8.45448,46.24606],[8.45655,46.24517],[8.4585,46.24414],[8.4603,46.24299],[8.46193,46.24173],[8.46339,46.24037],[8.46465,46.23891],[8.46571,46.23738],[8.46626,46.23635],[8.46627,46.23635],[8.46656,46.23581],[8.46734,46.23438],[8.46862,46.23316],[8.46876,46.23304],[8.47146,46.23195],[8.47783,46.23044],[8.48185,46.23037],[8.48416,46.23026],[8.48645,46.23],[8.48869,46.22961],[8.49069,46.22912],[8.49104,46.22901],[8.49111,46.22901],[8.49205,46.22882],[8.49265,46.22871],[8.49504,46.2281],[8.49734,46.22734],[8.4982,46.22701],[8.49837,46.22697],[8.49886,46.22681],[8.49971,46.22655],[8.50172,46.22577],[8.50362,46.22488],[8.50474,46.22425],[8.505,46.22412],[8.50505,46.22407],[8.50524,46.22401],[8.50526,46.22401],[8.50703,46.22334],[8.50907,46.22239],[8.5107,46.22147],[8.51099,46.22127],[8.51447,46.22038],[8.51518,46.22032],[8.51527,46.2203],[8.51781,46.21988],[8.52028,46.21928],[8.52264,46.2185],[8.52488,46.21757],[8.52697,46.21648],[8.5289,46.21526],[8.53064,46.2139],[8.53217,46.21243],[8.53348,46.21086],[8.53456,46.2092],[8.53476,46.20885],[8.53557,46.20718],[8.53614,46.20547],[8.53624,46.20491],[8.53637,46.20443],[8.53637,46.20429],[8.53671,46.20394],[8.53703,46.20358],[8.537,46.20357],[8.53798,46.20241],[8.53924,46.20044],[8.54087,46.19741],[8.54093,46.19741],[8.54128,46.19726],[8.54271,46.19671],[8.54483,46.1957],[8.54679,46.19454],[8.54858,46.19325],[8.55017,46.19185],[8.55156,46.19034],[8.55272,46.18875],[8.55365,46.18708],[8.55404,46.18626],[8.55401,46.18623],[8.55414,46.18621],[8.55502,46.1859],[8.55586,46.18564],[8.55607,46.18556],[8.55611,46.18552],[8.55618,46.18552],[8.55718,46.18516],[8.55749,46.18506],[8.55977,46.18411],[8.56191,46.18301],[8.56386,46.18176],[8.56563,46.18037],[8.56718,46.17887],[8.5685,46.17726],[8.56958,46.17557],[8.5704,46.17381],[8.57095,46.172],[8.57211,46.16701],[8.57269,46.16543],[8.57361,46.16449],[8.57372,46.16445],[8.57386,46.16436],[8.57489,46.16379],[8.57639,46.16281],[8.57673,46.16257],[8.57674,46.16253],[8.57841,46.16183],[8.57846,46.16184],[8.57918,46.16158],[8.58129,46.16071],[8.58327,46.15971],[8.5851,46.15858],[8.58678,46.15733],[8.58827,46.15598],[8.58958,46.15454],[8.59068,46.15302],[8.59158,46.15143],[8.59225,46.14979],[8.5927,46.14812],[8.59292,46.14642],[8.59295,46.14583],[8.59292,46.14579],[8.59296,46.14564],[8.593,46.14498],[8.59302,46.14485],[8.59301,46.14315],[8.59297,46.14302],[8.59303,46.14302],[8.59366,46.14277],[8.59619,46.14161],[8.5983,46.14037],[8.59837,46.14031],[8.59855,46.14022],[8.59907,46.13988],[8.59939,46.1397],[8.60109,46.13848],[8.60261,46.13717],[8.60322,46.13659],[8.60325,46.13652],[8.60424,46.13567],[8.60571,46.1343],[8.60697,46.13284],[8.60804,46.1313],[8.60889,46.1297],[8.60951,46.12805],[8.60962,46.1276],[8.60979,46.12705],[8.60977,46.12701],[8.60991,46.12682],[8.61082,46.12512],[8.61153,46.12316],[8.61167,46.12244],[8.61185,46.12175],[8.61182,46.12172],[8.61407,46.12181],[8.61613,46.12183],[8.61818,46.12174],[8.62052,46.12158],[8.6206,46.12161],[8.6214,46.12175],[8.62335,46.12205],[8.62467,46.12217],[8.62487,46.12218],[8.62492,46.12219],[8.62532,46.12223],[8.62562,46.12225],[8.62589,46.12228],[8.62805,46.1224],[8.62987,46.12238],[8.62994,46.12238],[8.63052,46.12237],[8.63302,46.12248],[8.63565,46.12251],[8.63828,46.12234],[8.64086,46.12199],[8.64338,46.12146],[8.64581,46.12075],[8.64813,46.11988],[8.6503,46.11884],[8.65231,46.11766],[8.65414,46.11634],[8.65576,46.11489],[8.65717,46.11334],[8.65758,46.11283],[8.65761,46.11274],[8.66026,46.11213],[8.66289,46.11142],[8.66534,46.11052],[8.66539,46.11048],[8.66548,46.11047],[8.66649,46.11014],[8.66696,46.11],[8.6678,46.10968],[8.66855,46.10943],[8.6686,46.10938],[8.6692,46.1092],[8.66931,46.10917],[8.66992,46.10899],[8.66997,46.10901],[8.67085,46.10885],[8.67166,46.10874],[8.67423,46.10818],[8.67671,46.10744],[8.67906,46.10652],[8.68126,46.10543],[8.68329,46.10419],[8.68512,46.10281],[8.68569,46.10233],[8.6858,46.1022],[8.68879,46.10168],[8.68883,46.1017],[8.689,46.10169],[8.69255,46.10149],[8.69349,46.1014],[8.69351,46.10137],[8.69359,46.10139],[8.6938,46.10138],[8.69605,46.10137],[8.69881,46.10114],[8.70152,46.1007],[8.71482,46.09804],[8.71585,46.09938],[8.71714,46.10087],[8.71863,46.10227],[8.72031,46.10355],[8.72216,46.10472],[8.72416,46.10577],[8.72629,46.10667],[8.72854,46.10742],[8.73088,46.10802],[8.7333,46.10846],[8.73576,46.10873],[8.73825,46.10884],[8.74075,46.10878],[8.74322,46.10855],[8.74565,46.10815],[8.74802,46.1076],[8.75029,46.10689],[8.75246,46.10602],[8.75449,46.10502],[8.75638,46.10388],[8.75678,46.10362],[8.7568,46.10357],[8.76028,46.10149],[8.7654,46.10045],[8.76551,46.10045],[8.76562,46.10043],[8.76799,46.09994],[8.77028,46.0993],[8.77248,46.0985],[8.77455,46.09756],[8.77633,46.09667],[8.78301,46.0941],[8.78603,46.09432],[8.78684,46.09437],[8.78743,46.0944],[8.78784,46.09442],[8.78978,46.09461],[8.79355,46.09478],[8.79982,46.09474],[8.79984,46.09477],[8.8008,46.09486],[8.80135,46.09494],[8.8039,46.0951],[8.80647,46.09509],[8.80902,46.0949],[8.81153,46.09454],[8.81398,46.094],[8.81634,46.0933],[8.81859,46.09243],[8.8207,46.09142],[8.82266,46.09026],[8.82433,46.08906],[8.82437,46.089],[8.82441,46.08901],[8.82501,46.08874],[8.82694,46.08781],[8.82875,46.08675],[8.8304,46.08558],[8.8319,46.08431],[8.83296,46.08333],[8.83561,46.08199],[8.83572,46.08196],[8.83775,46.08095],[8.83965,46.07977],[8.84139,46.07847],[8.84293,46.07706],[8.84426,46.07555],[8.84537,46.07395],[8.84625,46.07229],[8.8469,46.07057],[8.84729,46.06881],[8.84744,46.06704],[8.84734,46.06527],[8.84699,46.06351],[8.84639,46.06178],[8.84555,46.06011],[8.84448,46.0585],[8.84318,46.05697],[8.84168,46.05553],[8.83998,46.05421],[8.83811,46.05301],[8.83607,46.05194],[8.83548,46.05169],[8.8347,46.05133],[8.83467,46.05134],[8.83435,46.05097],[8.834,46.05061],[8.83399,46.05062],[8.83329,46.0499],[8.83188,46.04868],[8.83033,46.04755],[8.82905,46.0467],[8.8286,46.0464],[8.82864,46.04639],[8.82881,46.04581],[8.82921,46.04394],[8.82933,46.04206],[8.82916,46.04018],[8.82873,46.03836],[8.82847,46.03776],[8.82833,46.0371],[8.82819,46.03666],[8.8275,46.0349],[8.82655,46.03319],[8.82536,46.03156],[8.82393,46.03002],[8.82229,46.02859],[8.82046,46.02729],[8.81844,46.02612],[8.81626,46.0251],[8.81395,46.02424],[8.81195,46.02367],[8.8118,46.02364],[8.81121,46.02347],[8.8065,46.02213],[8.80588,46.02195],[8.80565,46.02152],[8.80563,46.02148],[8.80471,46.01997],[8.8036,46.01852],[8.8023,46.01715],[8.79719,46.01226],[8.79712,46.01218],[8.79704,46.01211],[8.7934,46.00846],[8.79308,46.00814],[8.79293,46.00776],[8.79204,46.00542],[8.792,46.00532],[8.79197,46.00521],[8.7912,46.00299],[8.79044,46.0008],[8.7901,45.99981],[8.78816,45.99409],[8.78772,45.99278],[8.78716,45.9914],[8.78646,45.99005],[8.78617,45.98957],[8.78592,45.98915],[8.79068,45.9886],[8.79078,45.98865],[8.79143,45.98887],[8.79392,45.9896],[8.79649,45.99014],[8.79914,45.99049],[8.80182,45.99064],[8.80451,45.9906],[8.80718,45.99037],[8.8098,45.98994],[8.80995,45.98991],[8.81014,45.98985],[8.81019,45.98986],[8.81134,45.98971],[8.81134,45.9897],[8.81176,45.98965],[8.81446,45.98916],[8.81706,45.98847],[8.81856,45.98793],[8.81883,45.98785],[8.81903,45.98776],[8.82022,45.98755],[8.82056,45.98749],[8.82105,45.9874],[8.82203,45.98728],[8.82213,45.9873],[8.82305,45.98723],[8.82329,45.98722],[8.82577,45.98694],[8.82819,45.98651],[8.83054,45.98591],[8.8328,45.98515],[8.83494,45.98425],[8.83694,45.9832],[8.8388,45.98203],[8.84047,45.98073],[8.84196,45.97933],[8.84325,45.97783],[8.84356,45.97743],[8.84357,45.97736],[8.84366,45.97734],[8.8441,45.9771],[8.8458,45.97607],[8.84736,45.97493],[8.84878,45.97371],[8.84935,45.97317],[8.8495,45.97299],[8.85002,45.97275],[8.85052,45.97249],[8.85051,45.97248],[8.85205,45.97169],[8.85376,45.9706],[8.85378,45.97057],[8.85825,45.96766],[8.85875,45.96733],[8.85883,45.96727],[8.85921,45.96699],[8.85967,45.96678],[8.86013,45.96656],[8.86012,45.96656],[8.86187,45.96569],[8.86395,45.96441],[8.86582,45.96297],[8.86745,45.9614],[8.86751,45.96134],[8.8676,45.9612],[8.86849,45.96063],[8.86868,45.96059],[8.86927,45.96041],[8.87118,45.95986],[8.87199,45.95959],[8.87201,45.95958],[8.87218,45.95949],[8.87225,45.95948],[8.8746,45.95856],[8.87647,45.95762],[8.87734,45.95718],[8.87836,45.95665],[8.87841,45.95666],[8.87896,45.95645],[8.87998,45.95613],[8.88213,45.95524],[8.88414,45.95422],[8.88601,45.95307],[8.88771,45.95179],[8.88922,45.95041],[8.89054,45.94893],[8.89164,45.94737],[8.89252,45.94574],[8.89318,45.94405],[8.8936,45.94234],[8.89378,45.9406],[8.89371,45.93886],[8.89342,45.93716],[8.89338,45.93712],[8.89331,45.93671],[8.89271,45.93337],[8.89263,45.9329],[8.89578,45.92771],[8.89775,45.9258],[8.89823,45.92545],[8.90323,45.92183],[8.9049,45.92049],[8.90637,45.91904],[8.9075,45.91781],[8.90757,45.91781],[8.90818,45.91761],[8.91033,45.91679],[8.91235,45.91583],[8.91424,45.91474],[8.91597,45.91353],[8.91753,45.91221],[8.9189,45.9108],[8.92007,45.9093],[8.92022,45.90909],[8.92024,45.90901],[8.92035,45.9089],[8.92047,45.90872],[8.92151,45.90701],[8.92229,45.90523],[8.92281,45.9034],[8.92305,45.90155],[8.92302,45.89969],[8.92271,45.89784],[8.92226,45.89641],[8.92224,45.89639],[8.92206,45.89583],[8.9219,45.89518],[8.92194,45.89519],[8.92194,45.89518],[8.92196,45.89516],[8.92317,45.89369],[8.92402,45.8924],[8.92407,45.89233],[8.92408,45.89227],[8.92415,45.89226],[8.92598,45.89105],[8.92765,45.88971],[8.92912,45.88827],[8.93038,45.88673],[8.93141,45.88511],[8.93222,45.88342],[8.93278,45.88169],[8.93299,45.88086],[8.93334,45.87871],[8.93332,45.87655],[8.93321,45.87534],[8.93317,45.87486],[8.93322,45.87479],[8.93364,45.87269],[8.9337,45.87053],[8.93366,45.8704],[8.9337,45.87038],[8.93373,45.86992],[8.93385,45.86916],[8.93388,45.8674],[8.93367,45.86564],[8.93321,45.86391],[8.93251,45.86222],[8.93158,45.86059],[8.93043,45.85902],[8.92906,45.85754],[8.9209,45.84958],[8.92069,45.84938],[8.9205,45.84918],[8.9205,45.84917],[8.91535,45.84352],[8.91524,45.8434],[8.91489,45.843],[8.91458,45.84262],[8.91426,45.84224],[8.9141,45.84181],[8.91291,45.83844],[8.91291,45.83843],[8.91276,45.83803],[8.91273,45.83762],[8.91218,45.83118],[8.91214,45.83075],[8.91224,45.83047],[8.91241,45.83055],[8.91243,45.83056],[8.91433,45.83135],[8.91673,45.83213],[8.91925,45.83273],[8.92183,45.83314],[8.92447,45.83337],[8.92712,45.83341],[8.92866,45.83337],[8.92911,45.83344],[8.92916,45.83349],[8.92928,45.83356],[8.93076,45.83457],[8.93274,45.83568],[8.93487,45.83664],[8.93713,45.83745],[8.93948,45.8381],[8.94192,45.83859],[8.94441,45.83891],[8.94694,45.83905],[8.94947,45.83902],[8.95198,45.83881],[8.95446,45.83843],[8.95687,45.83788],[8.95919,45.83717],[8.96139,45.8363],[8.96319,45.83542],[8.96347,45.83529],[8.96397,45.83501],[8.96401,45.83502],[8.96486,45.83469],[8.9668,45.83385],[8.96852,45.83295],[8.96856,45.83292],[8.96857,45.83292],[8.96855,45.83291],[8.96912,45.83272],[8.96953,45.83258],[8.9701,45.83239],[8.97017,45.83241],[8.9705,45.83241],[8.97302,45.83233],[8.97552,45.83207],[8.97797,45.83164],[8.98035,45.83105],[8.98263,45.83029],[8.9848,45.82938],[8.98683,45.82833],[8.9887,45.82714],[8.9904,45.82583],[8.9919,45.82441],[8.99288,45.82326],[8.99392,45.82205],[8.99401,45.82207],[8.99498,45.82202],[8.99737,45.82182],[8.99973,45.82146],[9.00202,45.82096],[9.00274,45.82074],[9.00348,45.82055],[9.00352,45.82052],[9.00608,45.81995],[9.00716,45.81977],[9.00738,45.81977],[9.0075,45.81976],[9.00904,45.81963],[9.01133,45.8193],[9.01356,45.81882],[9.01686,45.818],[9.01806,45.81811],[9.01807,45.81814],[9.01825,45.8182],[9.01988,45.81886],[9.02201,45.81954],[9.02423,45.82009],[9.02651,45.82049],[9.02883,45.82074],[9.03116,45.82092],[9.03375,45.82239],[9.03393,45.82252],[9.03457,45.8231],[9.03454,45.82311],[9.03424,45.82485],[9.03419,45.82663],[9.0344,45.82841],[9.03485,45.83016],[9.03554,45.83187],[9.03647,45.83353],[9.03723,45.83456],[9.03722,45.83457],[9.03749,45.83494],[9.03779,45.83531],[9.03783,45.83573],[9.03784,45.83581],[9.03793,45.83691],[9.03828,45.83854],[9.03884,45.84014],[9.0396,45.8417],[9.04057,45.84321],[9.04173,45.84464],[9.04307,45.846],[9.04377,45.84665],[9.04382,45.84665],[9.0439,45.84679],[9.04419,45.84712],[9.04511,45.84807],[9.04583,45.84882],[9.0474,45.85017],[9.04915,45.8514],[9.05027,45.85205],[9.05058,45.85226],[9.05065,45.85227],[9.05062,45.85228],[9.05103,45.85313],[9.05109,45.85312],[9.05142,45.85388],[9.05173,45.85445],[9.05177,45.85446],[9.05155,45.85539],[9.05153,45.85543],[9.05119,45.85684],[9.05101,45.85857],[9.05108,45.86031],[9.05138,45.86203],[9.05192,45.86373],[9.05269,45.86538],[9.05368,45.86697],[9.05489,45.86849],[9.0563,45.86992],[9.0579,45.87125],[9.05968,45.87246],[9.06161,45.87355],[9.06369,45.8745],[9.06588,45.87531],[9.06632,45.87545],[9.06632,45.87546],[9.06634,45.87544],[9.06986,45.87915],[9.07159,45.88077],[9.07357,45.88224],[9.0751,45.88315],[9.07543,45.88336],[9.07553,45.8834],[9.07744,45.88472],[9.07783,45.88509],[9.07781,45.88511],[9.07792,45.88537],[9.07835,45.88655],[9.07922,45.88822],[9.08032,45.88983],[9.08163,45.89134],[9.08316,45.89277],[9.0839,45.89339],[9.08397,45.89342],[9.08409,45.89355],[9.08438,45.8938],[9.08487,45.89426],[9.08639,45.89545],[9.08805,45.89654],[9.08876,45.89697],[9.08885,45.89699],[9.08882,45.89703],[9.0888,45.89779],[9.08887,45.89951],[9.08901,45.90026],[9.08906,45.90071],[9.08909,45.90072],[9.08864,45.90104],[9.08733,45.90199],[9.08688,45.90231],[9.08685,45.9023],[9.08641,45.90253],[9.08547,45.90298],[9.08363,45.90403],[9.08194,45.9052],[9.08042,45.90647],[9.07906,45.90784],[9.0779,45.90929],[9.07692,45.91081],[9.07661,45.91136],[9.07656,45.9115],[9.07648,45.91151],[9.07551,45.91192],[9.07476,45.91221],[9.07458,45.91229],[9.07449,45.91236],[9.07427,45.91239],[9.07372,45.91253],[9.07131,45.91325],[9.06901,45.91413],[9.06685,45.91518],[9.06486,45.91637],[9.06305,45.9177],[9.06144,45.91915],[9.06006,45.92071],[9.05989,45.92093],[9.05989,45.92097],[9.05976,45.92096],[9.05883,45.92106],[9.05651,45.9214],[9.05425,45.92188],[9.05206,45.9225],[9.04996,45.92327],[9.04797,45.92416],[9.0461,45.92518],[9.04438,45.92632],[9.04315,45.92721],[9.04271,45.92753],[9.04264,45.92751],[9.0416,45.92763],[9.04133,45.92765],[9.03886,45.92802],[9.03646,45.92856],[9.03415,45.92925],[9.03194,45.9301],[9.02986,45.9311],[9.02793,45.93224],[9.02617,45.9335],[9.0246,45.93487],[9.02322,45.93635],[9.0225,45.93732],[9.02249,45.93731],[9.0222,45.93771],[9.02193,45.93811],[9.02189,45.93812],[9.02139,45.93865],[9.02006,45.94025],[9.01897,45.94194],[9.01814,45.94369],[9.01757,45.9455],[9.01726,45.94733],[9.01723,45.94915],[9.01726,45.94919],[9.01719,45.94927],[9.0171,45.94942],[9.01648,45.95039],[9.01572,45.95193],[9.01516,45.95351],[9.01481,45.95513],[9.01405,45.96014],[9.01398,45.96059],[9.01391,45.96062],[9.01375,45.96076],[9.01252,45.96175],[9.01105,45.96321],[9.00979,45.96476],[9.00875,45.9664],[9.00795,45.96809],[9.0074,45.96984],[9.00709,45.97161],[9.00704,45.9734],[9.00725,45.97518],[9.0077,45.97694],[9.0084,45.97866],[9.00934,45.98032],[9.01051,45.98191],[9.01191,45.98341],[9.0135,45.98481],[9.01529,45.98608],[9.01725,45.98723],[9.01936,45.98824],[9.0225,45.98958],[9.0225,45.98961],[9.02314,45.99016],[9.02347,45.99047],[9.02521,45.99179],[9.02712,45.99299],[9.02765,45.99325],[9.02835,45.99365],[9.02842,45.99366],[9.02821,45.99408],[9.02575,45.99893],[9.02512,46.00038],[9.02466,46.00186],[9.02438,46.00336],[9.02287,46.01535],[9.02286,46.01542],[9.02279,46.01585],[9.02272,46.01635],[9.02265,46.01677],[9.02256,46.01683],[9.02222,46.01716],[9.02215,46.01721],[9.02194,46.01743],[9.02191,46.01745],[9.02106,46.0183],[9.02082,46.01856],[9.02078,46.01865],[9.02067,46.01869],[9.02051,46.01881],[9.01914,46.01988],[9.01862,46.02036],[9.01842,46.02053],[9.01836,46.02061],[9.01824,46.02067],[9.01822,46.02068],[9.01663,46.0221],[9.01525,46.02362],[9.01409,46.02523],[9.01317,46.02692],[9.01249,46.02866],[9.01207,46.03044],[9.0119,46.03224],[9.01199,46.03404],[9.01234,46.03583],[9.01295,46.03758],[9.0138,46.03928],[9.01489,46.04092],[9.01621,46.04247],[9.01676,46.04305],[9.01694,46.04319],[9.01699,46.04333],[9.01735,46.04395],[9.01744,46.04413],[9.01853,46.04575],[9.01984,46.04729],[9.02136,46.04873],[9.02307,46.05005],[9.02497,46.05125],[9.02703,46.05232],[9.0282,46.05281],[9.02871,46.05304],[9.02875,46.05304],[9.0344,46.0559],[9.03675,46.05695],[9.03924,46.05783],[9.04186,46.05851],[9.04457,46.05899],[9.04471,46.05901],[9.04476,46.05899],[9.04483,46.05903],[9.04531,46.05917],[9.04675,46.05962],[9.04929,46.06021],[9.0519,46.06062],[9.05456,46.06083],[9.05724,46.06085],[9.0597,46.06068],[9.06019,46.06062],[9.06084,46.06078],[9.06139,46.06089],[9.06314,46.06126],[9.06555,46.06159],[9.06706,46.0617],[9.06745,46.06174],[9.06752,46.06172],[9.06772,46.06178],[9.06859,46.06193],[9.06866,46.06195],[9.07101,46.06229],[9.07336,46.06248],[9.07394,46.06249],[9.07409,46.06259],[9.07486,46.06299],[9.07498,46.06306],[9.0768,46.06393],[9.07685,46.06395],[9.07693,46.06397],[9.0774,46.06444],[9.07782,46.06488],[9.0779,46.06496],[9.07829,46.0653],[9.0785,46.06791],[9.0785,46.06793],[9.07862,46.06942],[9.07905,46.07127],[9.07975,46.07308],[9.08072,46.07483],[9.08194,46.0765],[9.08341,46.07807],[9.08402,46.07865],[9.08417,46.07876],[9.08416,46.07881],[9.08424,46.07898],[9.08536,46.08088],[9.08677,46.08268],[9.08822,46.0843],[9.08827,46.08435],[9.08828,46.08436],[9.08855,46.08466],[9.08863,46.08478],[9.08878,46.08498],[9.08907,46.08537],[9.08935,46.08574],[9.08955,46.08709],[9.08947,46.08757],[9.08914,46.08963],[9.08906,46.09009],[9.08879,46.09052],[9.08214,46.10082],[9.08121,46.10248],[9.08052,46.10418],[9.0804,46.10456],[9.08036,46.10468],[9.08002,46.10569],[9.07967,46.10748],[9.07958,46.10929],[9.07975,46.11109],[9.08018,46.11288],[9.08086,46.11462],[9.08179,46.11631],[9.08296,46.11793],[9.08436,46.11946],[9.08597,46.12088],[9.08777,46.12218],[9.08976,46.12334],[9.0919,46.12437],[9.09418,46.12524],[9.09657,46.12594],[9.09905,46.12648],[9.09994,46.12663],[9.09997,46.12662],[9.09997,46.12665],[9.1006,46.12725],[9.10229,46.12867],[9.10417,46.12997],[9.10624,46.13113],[9.10846,46.13213],[9.11083,46.13297],[9.1133,46.13364],[9.11586,46.13413],[9.11847,46.13443],[9.12076,46.13453],[9.1209,46.13454],[9.12095,46.13452],[9.12289,46.13742],[9.12289,46.13748],[9.12361,46.13893],[9.12459,46.14044],[9.12577,46.14189],[9.12688,46.14312],[9.12688,46.14317],[9.12766,46.14455],[9.12867,46.14595],[9.12984,46.14729],[9.13087,46.14827],[9.13089,46.14827],[9.13089,46.14829],[9.13118,46.14856],[9.13135,46.14871],[9.13149,46.14884],[9.13273,46.14986],[9.13285,46.14993],[9.13288,46.14998],[9.13347,46.15052],[9.13491,46.15172],[9.13649,46.15282],[9.1382,46.15383],[9.14003,46.15473],[9.14026,46.15483],[9.14087,46.15507],[9.14119,46.15538],[9.14284,46.15667],[9.14479,46.15791],[9.1469,46.15901],[9.14917,46.15995],[9.15156,46.16073],[9.15406,46.16133],[9.15505,46.16153],[9.15529,46.16155],[9.15681,46.16232],[9.15686,46.1624],[9.15754,46.16296],[9.15931,46.1643],[9.16128,46.1655],[9.1634,46.16655],[9.16567,46.16746],[9.16806,46.1682],[9.17054,46.16876],[9.17309,46.16916],[9.17569,46.16936],[9.1783,46.16939],[9.18031,46.16927],[9.18046,46.16926],[9.18059,46.16924],[9.18126,46.16935],[9.18155,46.1694],[9.18219,46.1695],[9.18394,46.17062],[9.18421,46.17102],[9.18444,46.17132],[9.1857,46.17279],[9.18714,46.17417],[9.18877,46.17545],[9.19044,46.17653],[9.19081,46.17673],[9.19084,46.17678],[9.19131,46.17706],[9.19283,46.17789],[9.19399,46.17843],[9.19405,46.17846],[9.19417,46.1785],[9.19545,46.18153],[9.19543,46.18161],[9.19568,46.18232],[9.1958,46.1828],[9.19664,46.18474],[9.19779,46.18661],[9.19792,46.18679],[9.19796,46.18681],[9.19804,46.18696],[9.19799,46.187],[9.19781,46.18759],[9.19752,46.18834],[9.19711,46.19026],[9.19699,46.19219],[9.19717,46.19412],[9.19765,46.19603],[9.19767,46.1961],[9.19771,46.19614],[9.19769,46.1962],[9.1977,46.19625],[9.19814,46.19794],[9.1988,46.19959],[9.19969,46.2012],[9.20079,46.20273],[9.20209,46.20419],[9.20359,46.20556],[9.20527,46.20681],[9.20712,46.20796],[9.20911,46.20897],[9.21123,46.20985],[9.21347,46.21058],[9.21419,46.21079],[9.21428,46.21079],[9.21526,46.21171],[9.21675,46.213],[9.21842,46.21419],[9.21863,46.21432],[9.21874,46.21437],[9.21871,46.21452],[9.21871,46.21458],[9.21892,46.21645],[9.2194,46.21829],[9.22015,46.22009],[9.22116,46.22182],[9.22243,46.22348],[9.22248,46.22353],[9.22385,46.22496],[9.22542,46.22629],[9.22716,46.22751],[9.22906,46.22861],[9.2311,46.22957],[9.23326,46.2304],[9.23553,46.23108],[9.23788,46.23161],[9.24029,46.23198],[9.24275,46.23219],[9.24522,46.23223],[9.24567,46.23223],[9.2463,46.2322],[9.24664,46.2323],[9.24666,46.23235],[9.24677,46.23243],[9.24773,46.23313],[9.24853,46.23369],[9.24859,46.2337],[9.24856,46.23414],[9.24856,46.23421],[9.24866,46.23578],[9.24895,46.23734],[9.24944,46.23888],[9.24966,46.23944],[9.24956,46.23989],[9.24951,46.24034],[9.24952,46.24034],[9.24939,46.2413],[9.2494,46.243],[9.24962,46.24458],[9.24967,46.24469],[9.24964,46.24474],[9.24967,46.24528],[9.24987,46.24691],[9.25029,46.24852],[9.25092,46.2501],[9.25108,46.25045],[9.2513,46.25085],[9.25123,46.25128],[9.25115,46.25172],[9.25107,46.25223],[9.25108,46.25223],[9.25087,46.2535],[9.25085,46.2554],[9.25112,46.25728],[9.25167,46.25914],[9.25249,46.26095],[9.25271,46.26134],[9.25305,46.26189],[9.25303,46.26196],[9.25309,46.26226],[9.25361,46.26404],[9.25439,46.26578],[9.25542,46.26746],[9.25668,46.26905],[9.25694,46.26934],[9.25699,46.26935],[9.25925,46.27305],[9.25924,46.27309],[9.2595,46.27356],[9.25974,46.2741],[9.26068,46.27567],[9.26184,46.27717],[9.26319,46.27858],[9.26473,46.27991],[9.26644,46.28112],[9.26818,46.28214],[9.26826,46.28217],[9.26861,46.28298],[9.26934,46.28441],[9.27023,46.2858],[9.27129,46.28712],[9.27167,46.28755],[9.27167,46.2876],[9.27192,46.28792],[9.2725,46.28876],[9.27381,46.29025],[9.27533,46.29165],[9.27702,46.29293],[9.27812,46.29369],[9.28024,46.29499],[9.28255,46.29613],[9.28334,46.29647],[9.28354,46.29656],[9.28443,46.29694],[9.28471,46.29703],[9.28488,46.30026],[9.28481,46.30042],[9.2846,46.3021],[9.28462,46.3038],[9.28488,46.3055],[9.28536,46.30717],[9.28607,46.3088],[9.287,46.31038],[9.28814,46.31189],[9.28947,46.31332],[9.291,46.31465],[9.2927,46.31588],[9.29311,46.31612],[9.29377,46.31656],[9.29384,46.31657],[9.29511,46.31792],[9.29517,46.31832],[9.2956,46.31991],[9.29625,46.32151],[9.29712,46.32305],[9.29818,46.32454],[9.29944,46.32595],[9.30007,46.32659],[9.30013,46.32661],[9.30007,46.32664],[9.29991,46.32686],[9.29884,46.32847],[9.298,46.33015],[9.29741,46.33187],[9.29706,46.33363],[9.29697,46.33541],[9.29712,46.33718],[9.29753,46.33893],[9.29818,46.34065],[9.29908,46.34231],[9.29988,46.3436],[9.29978,46.34373],[9.2996,46.3441],[9.29942,46.34442],[9.29879,46.34592],[9.29862,46.3464],[9.29864,46.34642],[9.29856,46.34656],[9.2985,46.34672],[9.29793,46.34889],[9.29774,46.35108],[9.29775,46.35177],[9.29778,46.35185],[9.29756,46.35228],[9.29729,46.35279],[9.29667,46.35416],[9.2962,46.35557],[9.29619,46.3556],[9.2962,46.35569],[9.29611,46.35569],[9.29567,46.35582],[9.29443,46.35612],[9.29218,46.35685],[9.29005,46.35773],[9.28804,46.35874],[9.28619,46.35989],[9.2845,46.36115],[9.28299,46.36251],[9.28167,46.36397],[9.28056,46.36551],[9.27967,46.36712],[9.27901,46.36878],[9.27857,46.37047],[9.27837,46.37219],[9.27841,46.37391],[9.27869,46.37562],[9.27919,46.37731],[9.27993,46.37895],[9.28,46.37907],[9.28106,46.3808],[9.28236,46.38244],[9.28376,46.38382],[9.28398,46.384],[9.28437,46.38519],[9.28436,46.38574],[9.28436,46.38578],[9.28435,46.38623],[9.2843,46.38625],[9.28411,46.3865],[9.28335,46.38741],[9.28232,46.38897],[9.28151,46.39059],[9.28093,46.39226],[9.28057,46.39396],[9.28045,46.39567],[9.28057,46.39738],[9.28092,46.39908],[9.2815,46.40075],[9.28165,46.40111],[9.28186,46.40153],[9.28183,46.40155],[9.28194,46.40242],[9.28195,46.40242],[9.28199,46.40301],[9.28248,46.40502],[9.28248,46.40504],[9.28253,46.40509],[9.28238,46.40553],[9.28231,46.40575],[9.28186,46.40754],[9.28167,46.40936],[9.28165,46.41002],[9.28168,46.41017],[9.28163,46.41019],[9.28142,46.41063],[9.28077,46.41221],[9.28065,46.41257],[9.28009,46.41423],[9.27995,46.41464],[9.27991,46.41464],[9.27955,46.41496],[9.27878,46.41559],[9.27738,46.41696],[9.27618,46.41842],[9.2757,46.41914],[9.27545,46.41948],[9.27545,46.41952],[9.27484,46.41967],[9.27385,46.41991],[9.27302,46.42012],[9.27063,46.42081],[9.26835,46.42165],[9.2662,46.42265],[9.2642,46.4238],[9.26238,46.42507],[9.26075,46.42647],[9.25933,46.42797],[9.25814,46.42956],[9.25717,46.43123],[9.25645,46.43295],[9.25599,46.43472],[9.25578,46.4365],[9.25582,46.4383],[9.25613,46.44008],[9.25668,46.44183],[9.25749,46.44354],[9.25854,46.44518],[9.25982,46.44674],[9.26132,46.44821],[9.26302,46.44956],[9.2649,46.45079],[9.26534,46.45105],[9.26548,46.4511],[9.26601,46.45144],[9.26633,46.45164],[9.26849,46.45278],[9.26913,46.45305],[9.26971,46.45333],[9.26993,46.4534],[9.27038,46.45378],[9.27087,46.45415],[9.27196,46.45497],[9.27211,46.45509],[9.27216,46.45509],[9.27505,46.45841],[9.27505,46.45845],[9.27506,46.45846],[9.27628,46.45986],[9.27767,46.46118],[9.27792,46.4614],[9.27807,46.46149],[9.2782,46.46173],[9.27816,46.46175],[9.27777,46.46246],[9.27759,46.46274],[9.27678,46.46446],[9.27623,46.46623],[9.27594,46.46803],[9.27591,46.46984],[9.27614,46.47164],[9.27627,46.47228],[9.27631,46.47233],[9.2765,46.47382],[9.27648,46.47388],[9.27649,46.47403],[9.27649,46.47524],[9.27669,46.47685],[9.27711,46.47844],[9.27735,46.47917],[9.27731,46.4792],[9.27729,46.47937],[9.27713,46.48097],[9.27718,46.48258],[9.27744,46.48418],[9.27791,46.48576],[9.27857,46.48731],[9.27858,46.48732],[9.27872,46.48756],[9.27874,46.48757],[9.27873,46.48758],[9.27961,46.48906],[9.28089,46.49072],[9.28241,46.49227],[9.28416,46.49371],[9.28612,46.49501],[9.28826,46.49616],[9.29056,46.49716],[9.29123,46.49741],[9.2913,46.49742],[9.29134,46.49745],[9.29402,46.49834],[9.29686,46.49901],[9.29753,46.49911],[9.29789,46.49927],[9.2996,46.49984],[9.30173,46.5004],[9.30393,46.50083],[9.30483,46.50097],[9.30512,46.50099],[9.3056,46.50125],[9.30582,46.50135],[9.30809,46.50233],[9.3105,46.50314],[9.31302,46.50378],[9.31561,46.50423],[9.31923,46.50473],[9.32182,46.505],[9.3261,46.50528],[9.32871,46.50536],[9.33133,46.50526],[9.33392,46.50498],[9.33645,46.50452],[9.3389,46.50388],[9.33907,46.50383],[9.33907,46.50381],[9.34205,46.50387],[9.34217,46.50389],[9.34326,46.50395],[9.34576,46.504],[9.34826,46.50388],[9.35073,46.50359],[9.35314,46.50315],[9.35549,46.50254],[9.35774,46.50178],[9.35987,46.50087],[9.36187,46.49983],[9.36371,46.49866],[9.36539,46.49737],[9.36687,46.49598],[9.36816,46.49449],[9.36923,46.49292],[9.37129,46.4895],[9.37135,46.48949],[9.37216,46.48888],[9.3725,46.48864],[9.37425,46.48714],[9.37576,46.48551],[9.37632,46.48483],[9.37641,46.48468],[9.37781,46.48371],[9.37784,46.48372],[9.3782,46.48357],[9.38043,46.48252],[9.3825,46.48133],[9.38438,46.47999],[9.38605,46.47852],[9.38748,46.47694],[9.38868,46.47527],[9.38961,46.47352],[9.38979,46.47313],[9.38977,46.47309],[9.38981,46.47311],[9.39035,46.47295],[9.39273,46.47216],[9.39499,46.47122],[9.39709,46.47011],[9.39767,46.46978],[9.39775,46.4697],[9.39782,46.46971],[9.39892,46.46956],[9.40096,46.4692],[9.40292,46.46874],[9.40348,46.46857],[9.40354,46.46858],[9.40417,46.46841],[9.40582,46.46802],[9.40852,46.46713],[9.40929,46.46684],[9.41344,46.46718],[9.41343,46.46721],[9.41353,46.46729],[9.41537,46.46856],[9.41738,46.4697],[9.41955,46.4707],[9.42185,46.47154],[9.42426,46.47222],[9.42676,46.47272],[9.42932,46.47306],[9.43191,46.47321],[9.43451,46.47318],[9.4371,46.47298],[9.43964,46.47259],[9.44211,46.47203],[9.44449,46.47131],[9.44676,46.47042],[9.44888,46.46938],[9.45084,46.4682],[9.45263,46.46689],[9.45421,46.46546],[9.45558,46.46393],[9.45672,46.46231],[9.45763,46.46062],[9.45828,46.45888],[9.45868,46.4571],[9.45869,46.45707],[9.45869,46.45706],[9.45914,46.45411],[9.4592,46.45397],[9.4593,46.45352],[9.4595,46.45283],[9.45975,46.451],[9.45974,46.44917],[9.45954,46.4468],[9.45951,46.44642],[9.45955,46.4463],[9.4596,46.44577],[9.45965,46.44389],[9.45941,46.44202],[9.45889,46.44018],[9.4583,46.43882],[9.45807,46.4383],[9.45748,46.43697],[9.4573,46.43657],[9.45734,46.43643],[9.45734,46.43629],[9.45746,46.43528],[9.45745,46.43368],[9.45723,46.43208],[9.4568,46.43051],[9.45651,46.42978],[9.45652,46.42978],[9.45632,46.42927],[9.45609,46.42878],[9.45602,46.42826],[9.45558,46.4248],[9.45524,46.42307],[9.45466,46.42137],[9.45445,46.42095],[9.45464,46.41897],[9.45588,46.41636],[9.45628,46.4159],[9.45638,46.41585],[9.45676,46.41552],[9.45829,46.41408],[9.4596,46.41255],[9.46069,46.41093],[9.46125,46.40982],[9.46142,46.40954],[9.4614,46.40951],[9.46166,46.40912],[9.46264,46.4074],[9.46336,46.40561],[9.46363,46.40451],[9.46374,46.40414],[9.46372,46.40412],[9.4638,46.40405],[9.4638,46.40404],[9.46462,46.40254],[9.46525,46.40099],[9.4655,46.40005],[9.46551,46.40005],[9.46563,46.39962],[9.46572,46.39919],[9.46575,46.39916],[9.46589,46.39868],[9.4662,46.39775],[9.46654,46.39585],[9.46659,46.39393],[9.46658,46.39372],[9.46635,46.3919],[9.46586,46.3901],[9.46511,46.38835],[9.4641,46.38666],[9.46286,46.38505],[9.46138,46.38353],[9.46126,46.38342],[9.46123,46.38343],[9.46135,46.38299],[9.4614,46.38273],[9.46162,46.38113],[9.46164,46.37952],[9.46145,46.37792],[9.46112,46.37659],[9.46111,46.37654],[9.46107,46.37648],[9.46119,46.37586],[9.46167,46.37553],[9.46485,46.37377],[9.4652,46.37372],[9.46716,46.37333],[9.46934,46.37275],[9.47126,46.37208],[9.47167,46.37191],[9.4717,46.37192],[9.47201,46.37183],[9.47322,46.37153],[9.47518,46.3709],[9.47575,46.3707],[9.47593,46.37061],[9.47601,46.37061],[9.47619,46.37055],[9.47876,46.3695],[9.48115,46.36826],[9.48166,46.36796],[9.48169,46.36792],[9.4844,46.36697],[9.48449,46.36697],[9.4845,46.36696],[9.48683,46.36632],[9.48906,46.36552],[9.49116,46.36457],[9.49313,46.36349],[9.49493,46.36228],[9.49656,46.36095],[9.498,46.35953],[9.49923,46.35801],[9.49992,46.35692],[9.5002,46.35649],[9.50045,46.35604],[9.50073,46.35589],[9.50221,46.35488],[9.50379,46.35358],[9.50519,46.35219],[9.50639,46.35071],[9.50738,46.34916],[9.50816,46.34755],[9.50872,46.34589],[9.50894,46.34507],[9.50891,46.34503],[9.50911,46.34474],[9.50986,46.34323],[9.51045,46.34154],[9.51081,46.33982],[9.51085,46.33949],[9.51082,46.33946],[9.51088,46.33937],[9.511,46.33896],[9.51124,46.33794],[9.51122,46.33791],[9.51126,46.33787],[9.51142,46.33706],[9.51139,46.33706],[9.51148,46.33671],[9.5115,46.33666],[9.51148,46.33661],[9.51153,46.33659],[9.51176,46.33623],[9.51255,46.33512],[9.51353,46.33322],[9.51354,46.3332],[9.51353,46.33313],[9.51388,46.33274],[9.51389,46.33272],[9.51422,46.33235],[9.51426,46.33235],[9.51446,46.33214],[9.51536,46.33132],[9.51659,46.32996],[9.51764,46.32853],[9.51844,46.32715],[9.51845,46.32708],[9.52148,46.32453],[9.52331,46.32278],[9.52483,46.3209],[9.52512,46.32048],[9.52538,46.32004],[9.52785,46.31755],[9.5289,46.31679],[9.53055,46.31546],[9.53202,46.31402],[9.53318,46.31275],[9.53333,46.31267],[9.53396,46.31222],[9.53408,46.31215],[9.53563,46.31096],[9.53636,46.3103],[9.53663,46.31008],[9.53666,46.31002],[9.53922,46.30811],[9.54768,46.30315],[9.54954,46.30234],[9.54962,46.30238],[9.54977,46.3024],[9.5523,46.30266],[9.55485,46.30275],[9.5574,46.30266],[9.55993,46.3024],[9.5624,46.30196],[9.56481,46.30136],[9.56712,46.3006],[9.5693,46.29968],[9.57084,46.29897],[9.57087,46.29898],[9.57169,46.29871],[9.57181,46.29868],[9.57202,46.29861],[9.57205,46.2986],[9.57384,46.29797],[9.57578,46.29713],[9.5776,46.29618],[9.57949,46.2951],[9.57959,46.29511],[9.57961,46.2951],[9.5825,46.29452],[9.58312,46.29437],[9.58315,46.29434],[9.58336,46.29437],[9.5835,46.29437],[9.58607,46.29438],[9.58862,46.2942],[9.59114,46.29385],[9.59173,46.29373],[9.59265,46.29357],[9.5927,46.29354],[9.59306,46.29361],[9.59529,46.29389],[9.59779,46.29403],[9.6003,46.29401],[9.60279,46.29381],[9.60525,46.29345],[9.60764,46.29293],[9.60995,46.29225],[9.61215,46.29142],[9.61423,46.29044],[9.61616,46.28933],[9.61793,46.28809],[9.61855,46.28761],[9.61867,46.28749],[9.61939,46.28754],[9.62181,46.28766],[9.62424,46.28762],[9.62642,46.28744],[9.62645,46.28742],[9.6265,46.28743],[9.62665,46.28742],[9.62686,46.2874],[9.62958,46.28698],[9.63173,46.28647],[9.63201,46.28638],[9.63467,46.286],[9.63486,46.28602],[9.63551,46.28603],[9.63636,46.28607],[9.63879,46.28601],[9.63881,46.28601],[9.63883,46.28599],[9.64212,46.28686],[9.64231,46.28697],[9.64265,46.28712],[9.64383,46.28768],[9.6463,46.28859],[9.64688,46.28878],[9.64695,46.28877],[9.65001,46.2899],[9.65001,46.28993],[9.65008,46.28998],[9.6517,46.29112],[9.65367,46.29226],[9.6558,46.29326],[9.65805,46.29411],[9.66041,46.2948],[9.66286,46.29532],[9.66537,46.29567],[9.66792,46.29585],[9.66801,46.29585],[9.66865,46.29588],[9.66868,46.2959],[9.66964,46.29604],[9.67227,46.29631],[9.67492,46.29639],[9.67756,46.29628],[9.68018,46.29599],[9.68275,46.29551],[9.68522,46.29485],[9.68759,46.29402],[9.68823,46.29377],[9.68926,46.29336],[9.68934,46.29338],[9.68991,46.29334],[9.69256,46.29309],[9.69516,46.29264],[9.69768,46.29201],[9.69785,46.29196],[9.69792,46.29192],[9.69815,46.29189],[9.69876,46.29177],[9.69947,46.29165],[9.70173,46.2911],[9.70185,46.29105],[9.70274,46.29102],[9.70396,46.29124],[9.70644,46.2916],[9.70895,46.2918],[9.70962,46.29182],[9.70983,46.29181],[9.71002,46.29188],[9.71053,46.29201],[9.71113,46.29219],[9.71331,46.29269],[9.71436,46.29289],[9.71449,46.29289],[9.7145,46.29304],[9.71453,46.29317],[9.71501,46.29457],[9.71528,46.29525],[9.7154,46.29544],[9.71537,46.2955],[9.71536,46.29562],[9.7154,46.29737],[9.71568,46.2991],[9.7162,46.30081],[9.71696,46.30248],[9.71794,46.30409],[9.71915,46.30562],[9.72056,46.30706],[9.72217,46.30841],[9.72396,46.30964],[9.72432,46.30986],[9.72444,46.3099],[9.7258,46.3131],[9.72579,46.31355],[9.72573,46.31595],[9.72579,46.31753],[9.72597,46.31861],[9.72604,46.31906],[9.72614,46.31949],[9.72611,46.31951],[9.72602,46.32025],[9.72596,46.32053],[9.72587,46.32232],[9.72603,46.32411],[9.72644,46.32587],[9.72711,46.3276],[9.72802,46.32927],[9.72917,46.33088],[9.73054,46.33239],[9.73212,46.33381],[9.73389,46.33511],[9.73584,46.33628],[9.73795,46.33731],[9.7402,46.33819],[9.74256,46.33891],[9.74501,46.33946],[9.74752,46.33985],[9.75009,46.34005],[9.75266,46.34008],[9.75523,46.33993],[9.75777,46.33961],[9.76024,46.33911],[9.76264,46.33845],[9.76487,46.33764],[9.76494,46.33759],[9.76515,46.33753],[9.7669,46.33689],[9.76848,46.33618],[9.76857,46.33614],[9.76866,46.33609],[9.77752,46.33479],[9.77857,46.33528],[9.77891,46.33562],[9.78063,46.33703],[9.78256,46.33832],[9.78467,46.33947],[9.78694,46.34045],[9.78747,46.34066],[9.78755,46.34067],[9.78864,46.34114],[9.79067,46.34193],[9.7928,46.34259],[9.795,46.34311],[9.79727,46.3435],[9.79957,46.34374],[9.80236,46.34395],[9.80429,46.34497],[9.8043,46.34501],[9.80511,46.34549],[9.80513,46.3455],[9.80516,46.34552],[9.8053,46.3456],[9.80531,46.3456],[9.80707,46.34656],[9.80914,46.34748],[9.81133,46.34826],[9.81361,46.3489],[9.81597,46.34938],[9.81824,46.34969],[9.81825,46.34969],[9.81832,46.34968],[9.81877,46.34999],[9.81925,46.3503],[9.81926,46.35029],[9.82087,46.35131],[9.82187,46.35187],[9.82191,46.35186],[9.8276,46.35542],[9.82791,46.35568],[9.8281,46.35583],[9.82978,46.35703],[9.83161,46.35811],[9.83357,46.35907],[9.83565,46.3599],[9.83784,46.36059],[9.8401,46.36114],[9.84243,46.36155],[9.84481,46.3618],[9.84611,46.36189],[9.84612,46.36192],[9.84616,46.36193],[9.84857,46.36246],[9.85104,46.36284],[9.85355,46.36304],[9.85589,46.36307],[9.85633,46.36304],[9.85636,46.36307],[9.85669,46.36308],[9.85855,46.36323],[9.86114,46.36326],[9.86372,46.36311],[9.86626,46.36278],[9.86787,46.36245],[9.86831,46.36238],[9.86832,46.36236],[9.87153,46.36384],[9.87201,46.36419],[9.87202,46.3642],[9.8738,46.36524],[9.8757,46.36617],[9.88026,46.3682],[9.88039,46.36833],[9.88106,46.36884],[9.88283,46.37005],[9.88476,46.37115],[9.88683,46.3721],[9.88903,46.37292],[9.89132,46.37359],[9.8937,46.3741],[9.89614,46.37445],[9.89862,46.37463],[9.9011,46.37466],[9.90359,46.37451],[9.90604,46.3742],[9.90843,46.37373],[9.91075,46.37311],[9.91297,46.37233],[9.91508,46.37141],[9.91698,46.37038],[9.91701,46.37034],[9.91704,46.37035],[9.91813,46.36993],[9.91827,46.36988],[9.92048,46.36891],[9.92254,46.36778],[9.92442,46.36652],[9.92457,46.36641],[9.92498,46.36607],[9.92916,46.36669],[9.92933,46.3668],[9.9299,46.36705],[9.93034,46.36727],[9.93249,46.36815],[9.93475,46.36889],[9.93711,46.36947],[9.93953,46.36989],[9.942,46.37014],[9.9445,46.37023],[9.94699,46.37015],[9.94946,46.36991],[9.95189,46.36951],[9.95425,46.36894],[9.95652,46.36822],[9.95868,46.36735],[9.96071,46.36634],[9.96259,46.3652],[9.96414,46.36406],[9.96445,46.36377],[9.96621,46.36297],[9.96701,46.36261],[9.967,46.3626],[9.96852,46.36187],[9.97037,46.3608],[9.97206,46.35961],[9.97351,46.35839],[9.97378,46.3581],[9.9739,46.35808],[9.97391,46.35807],[9.97593,46.35731],[9.97805,46.35632],[9.98002,46.35518],[9.98181,46.35391],[9.98342,46.35253],[9.98482,46.35105],[9.98601,46.34947],[9.98697,46.34783],[9.98768,46.34612],[9.98816,46.34438],[9.98838,46.34261],[9.98835,46.34083],[9.98807,46.33907],[9.98754,46.33733],[9.98676,46.33564],[9.9859,46.33425],[9.98588,46.33424],[9.98563,46.33383],[9.9855,46.33362],[9.98525,46.33321],[9.98527,46.33316],[9.98526,46.33312],[9.9848,46.33157],[9.98414,46.33005],[9.98398,46.32972],[9.98388,46.32959],[9.98389,46.32955],[9.98374,46.32925],[9.98323,46.32807],[9.98251,46.32687],[9.98238,46.32663],[9.98231,46.32656],[9.9823,46.32648],[9.98216,46.32623],[9.98096,46.32434],[9.98059,46.3239],[9.9806,46.3239],[9.98006,46.3232],[9.97998,46.32313],[9.98052,46.3229],[9.98104,46.32266],[9.98103,46.32265],[9.98213,46.32214],[9.98395,46.32111],[9.98564,46.31997],[9.98618,46.31952],[9.98653,46.31928],[9.9866,46.31919],[9.98678,46.31909],[9.98693,46.31899],[9.98806,46.31827],[9.98974,46.31698],[9.99123,46.31558],[9.99251,46.31408],[9.99359,46.31251],[9.99444,46.31087],[9.99506,46.30918],[9.99544,46.30746],[9.99558,46.30572],[9.99547,46.30398],[9.99513,46.30225],[9.99455,46.30056],[9.99373,46.29891],[9.99269,46.29732],[9.99267,46.2973],[9.99267,46.29731],[9.99166,46.29594],[9.99271,46.29289],[9.99278,46.29282],[9.99295,46.29251],[9.99374,46.29088],[9.9943,46.28921],[9.99454,46.28799],[9.99462,46.28756],[9.99467,46.28713],[9.99591,46.28494],[9.99642,46.28465],[9.9967,46.28449],[9.99714,46.28424],[9.99962,46.28328],[10.00425,46.28195],[10.0045,46.28192],[10.00497,46.28181],[10.00502,46.2818],[10.00544,46.28169],[10.00569,46.28164],[10.00568,46.28163],[10.00704,46.2813],[10.00849,46.28084],[10.0087,46.28076],[10.00966,46.28062],[10.00969,46.28064],[10.01087,46.28051],[10.01087,46.2805],[10.01108,46.28049],[10.01361,46.28011],[10.01505,46.27978],[10.01505,46.27979],[10.01569,46.27965],[10.01632,46.27949],[10.01787,46.27931],[10.02097,46.27884],[10.02395,46.2781],[10.02517,46.27774],[10.02526,46.27774],[10.02603,46.2776],[10.02724,46.2774],[10.02983,46.27677],[10.03232,46.27596],[10.03296,46.27572],[10.03302,46.27567],[10.03314,46.27565],[10.03412,46.27529],[10.03411,46.27528],[10.03444,46.27517],[10.03679,46.27415],[10.03897,46.27296],[10.03954,46.27261],[10.03957,46.27256],[10.03962,46.27256],[10.03985,46.27242],[10.0418,46.27133],[10.04305,46.27044],[10.04352,46.27013],[10.04359,46.27005],[10.04366,46.27004],[10.04448,46.26968],[10.04667,46.26861],[10.04868,46.26738],[10.05049,46.26602],[10.0521,46.26453],[10.05348,46.26293],[10.05461,46.26125],[10.05549,46.25949],[10.0561,46.25768],[10.05628,46.25699],[10.05625,46.25697],[10.05629,46.25695],[10.05652,46.2564],[10.05707,46.25478],[10.05741,46.25314],[10.05753,46.25148],[10.05742,46.24982],[10.0571,46.24817],[10.05656,46.24656],[10.05581,46.24498],[10.05485,46.24346],[10.05431,46.2427],[10.05427,46.24269],[10.05373,46.24182],[10.05343,46.24124],[10.05344,46.2412],[10.05342,46.24115],[10.05279,46.23949],[10.05184,46.23774],[10.05064,46.23606],[10.04918,46.23449],[10.04751,46.23302],[10.04562,46.23169],[10.04553,46.23166],[10.04507,46.23134],[10.04453,46.23096],[10.04409,46.23065],[10.04403,46.23021],[10.04401,46.23006],[10.04394,46.22964],[10.04414,46.22959],[10.04504,46.22925],[10.04503,46.22925],[10.04527,46.22917],[10.04754,46.2282],[10.04915,46.22735],[10.04936,46.22724],[10.04939,46.2272],[10.04945,46.22721],[10.04951,46.2272],[10.05187,46.22659],[10.05414,46.22583],[10.05629,46.22492],[10.0583,46.22386],[10.06015,46.22268],[10.06183,46.22138],[10.06283,46.22043],[10.06301,46.22028],[10.06306,46.2202],[10.06313,46.22019],[10.06319,46.22015],[10.06449,46.2195],[10.06599,46.21861],[10.06689,46.21804],[10.06691,46.21799],[10.07083,46.21716],[10.07087,46.21723],[10.07158,46.21784],[10.07214,46.21836],[10.0742,46.21989],[10.07732,46.22194],[10.07743,46.22205],[10.07771,46.22225],[10.07951,46.22342],[10.08147,46.22447],[10.08355,46.22539],[10.08575,46.22616],[10.08805,46.22679],[10.09043,46.22725],[10.09285,46.22756],[10.09531,46.22771],[10.09778,46.22769],[10.09894,46.22765],[10.09907,46.22762],[10.09921,46.22763],[10.10169,46.22744],[10.10437,46.22703],[10.10697,46.22642],[10.10874,46.22586],[10.10904,46.22578],[10.10914,46.22573],[10.11338,46.22557],[10.11582,46.2254],[10.11823,46.22507],[10.12059,46.22458],[10.12278,46.22396],[10.12325,46.22379],[10.12335,46.22383],[10.12554,46.22431],[10.12789,46.22466],[10.13026,46.22485],[10.13199,46.22488],[10.13221,46.2249],[10.1323,46.22488],[10.13231,46.22491],[10.1325,46.22502],[10.13484,46.22619],[10.13734,46.22717],[10.146,46.23013],[10.14864,46.23531],[10.14963,46.23697],[10.15085,46.23856],[10.15229,46.24006],[10.15394,46.24144],[10.15576,46.2427],[10.17491,46.25461],[10.1765,46.25828],[10.17642,46.25835],[10.17618,46.2587],[10.17561,46.25943],[10.17462,46.26108],[10.17386,46.26278],[10.17357,46.26381],[10.17355,46.26381],[10.17342,46.26426],[10.17332,46.26471],[10.17303,46.26512],[10.17224,46.26625],[10.172,46.2666],[10.17164,46.26689],[10.16844,46.26947],[10.16686,46.27089],[10.16549,46.2724],[10.16435,46.274],[10.16344,46.27568],[10.16277,46.2774],[10.16235,46.27917],[10.16219,46.28095],[10.16225,46.28214],[10.16224,46.28234],[10.16227,46.28243],[10.1621,46.28253],[10.16205,46.28257],[10.16027,46.28411],[10.15874,46.28578],[10.15749,46.28755],[10.15666,46.28913],[10.15658,46.28925],[10.1566,46.28929],[10.15632,46.28969],[10.1545,46.29237],[10.15421,46.29279],[10.15415,46.2928],[10.15354,46.2933],[10.15328,46.2935],[10.15259,46.29406],[10.15251,46.29417],[10.15242,46.29418],[10.15145,46.29453],[10.15093,46.2947],[10.14862,46.29567],[10.14647,46.2968],[10.1445,46.29808],[10.14274,46.2995],[10.14119,46.30103],[10.13988,46.30267],[10.13882,46.3044],[10.13877,46.30451],[10.13875,46.30459],[10.13867,46.30468],[10.1381,46.30489],[10.13661,46.30545],[10.13608,46.30565],[10.13605,46.30566],[10.13387,46.30649],[10.13181,46.3075],[10.13178,46.30753],[10.13172,46.30755],[10.13156,46.30762],[10.13116,46.30785],[10.13056,46.30815],[10.12881,46.3092],[10.12841,46.30948],[10.12789,46.30982],[10.12784,46.30988],[10.1273,46.31009],[10.12697,46.31023],[10.12497,46.31119],[10.12386,46.31183],[10.12368,46.31192],[10.12353,46.31203],[10.12345,46.31204],[10.12319,46.31218],[10.12122,46.31331],[10.11942,46.31456],[10.11781,46.31594],[10.1164,46.31741],[10.1152,46.31898],[10.11423,46.32062],[10.11405,46.32097],[10.11405,46.32104],[10.11398,46.32112],[10.11378,46.3215],[10.11304,46.32323],[10.11304,46.32331],[10.11292,46.32342],[10.11275,46.32363],[10.11188,46.3246],[10.11073,46.32624],[10.10962,46.32804],[10.10938,46.32844],[10.1093,46.3285],[10.10891,46.32906],[10.10787,46.33077],[10.10709,46.33254],[10.10658,46.33437],[10.10634,46.33621],[10.10637,46.33807],[10.10668,46.33991],[10.10726,46.34172],[10.10811,46.34348],[10.1085,46.34418],[10.10857,46.34423],[10.10902,46.34563],[10.10967,46.34727],[10.11053,46.34886],[10.11161,46.35038],[10.11289,46.35183],[10.11435,46.35318],[10.11558,46.35411],[10.11562,46.35415],[10.11579,46.35426],[10.11596,46.35441],[10.11723,46.35541],[10.11894,46.35651],[10.12079,46.35751],[10.12148,46.35785],[10.12153,46.35785],[10.12168,46.35795],[10.12228,46.35824],[10.1233,46.35879],[10.12581,46.35985],[10.12849,46.3607],[10.1291,46.36087],[10.12923,46.36261],[10.12917,46.36274],[10.12914,46.36287],[10.12877,46.36411],[10.1285,46.36584],[10.12847,46.36758],[10.12868,46.36931],[10.12914,46.37102],[10.12983,46.3727],[10.13074,46.37431],[10.13188,46.37586],[10.13323,46.37733],[10.13478,46.3787],[10.13651,46.37996],[10.13841,46.38109],[10.14045,46.3821],[10.14263,46.38296],[10.14492,46.38368],[10.14729,46.38423],[10.14974,46.38463],[10.15222,46.38486],[10.15473,46.38492],[10.15567,46.38491],[10.15573,46.38489],[10.15875,46.38561],[10.15887,46.38572],[10.16171,46.38737],[10.16188,46.38746],[10.16193,46.38745],[10.16208,46.3878],[10.16303,46.3894],[10.16369,46.39026],[10.16386,46.39051],[10.16398,46.39064],[10.16391,46.39109],[10.1638,46.39182],[10.16365,46.39375],[10.1638,46.39568],[10.16385,46.39599],[10.16388,46.39601],[10.16385,46.39603],[10.16377,46.39667],[10.16371,46.39697],[10.1636,46.39866],[10.16371,46.40035],[10.16406,46.40202],[10.16463,46.40367],[10.16542,46.40527],[10.16643,46.40681],[10.16683,46.40735],[10.16688,46.40738],[10.16654,46.4077],[10.1653,46.40909],[10.16468,46.40995],[10.16454,46.41012],[10.16447,46.41026],[10.16441,46.41029],[10.16426,46.41046],[10.16323,46.41187],[10.16238,46.41334],[10.162,46.41422],[10.16187,46.41447],[10.16189,46.4145],[10.16157,46.4149],[10.16147,46.41502],[10.16116,46.41542],[10.16103,46.41544],[10.16099,46.41545],[10.15909,46.41594],[10.15694,46.41666],[10.15489,46.41752],[10.15296,46.4185],[10.15117,46.41961],[10.14953,46.42082],[10.14806,46.42213],[10.14677,46.42353],[10.14646,46.42391],[10.14613,46.42431],[10.14609,46.42431],[10.14578,46.42464],[10.14467,46.42596],[10.14372,46.42733],[10.14337,46.42798],[10.14317,46.42829],[10.14318,46.42832],[10.14306,46.42832],[10.1424,46.4284],[10.14122,46.42852],[10.13862,46.42897],[10.13846,46.429],[10.13584,46.42966],[10.13334,46.43051],[10.13099,46.43154],[10.13091,46.43157],[10.13087,46.43162],[10.13077,46.43161],[10.13026,46.43166],[10.12954,46.4317],[10.1293,46.43171],[10.12893,46.43174],[10.12889,46.43171],[10.12867,46.43164],[10.12621,46.43097],[10.12367,46.43047],[10.12244,46.43027],[10.12237,46.43029],[10.12227,46.43023],[10.12147,46.42998],[10.12068,46.42969],[10.11807,46.42899],[10.11538,46.42849],[10.11262,46.42819],[10.10984,46.4281],[10.10867,46.4281],[10.10859,46.42813],[10.10856,46.42809],[10.10811,46.42789],[10.10688,46.42729],[10.1046,46.42639],[10.1022,46.42566],[10.0997,46.4251],[10.09713,46.42471],[10.09452,46.42451],[10.0919,46.42449],[10.08929,46.42466],[10.08671,46.42501],[10.0842,46.42553],[10.08177,46.42623],[10.07946,46.42709],[10.07729,46.42812],[10.07721,46.42816],[10.07718,46.4282],[10.0771,46.42819],[10.07615,46.42836],[10.0756,46.42843],[10.07308,46.42896],[10.07064,46.42967],[10.06833,46.43054],[10.06615,46.43157],[10.06413,46.43275],[10.0623,46.43407],[10.06067,46.43551],[10.05925,46.43705],[10.05807,46.43869],[10.05777,46.43917],[10.05779,46.43919],[10.05773,46.43921],[10.05691,46.44009],[10.05632,46.44075],[10.05627,46.44087],[10.05622,46.44086],[10.05617,46.44092],[10.05562,46.44142],[10.05535,46.44163],[10.05392,46.44305],[10.0527,46.44455],[10.05169,46.44614],[10.0509,46.44778],[10.05034,46.44946],[10.05002,46.45118],[10.04993,46.4529],[10.05009,46.45463],[10.05048,46.45634],[10.05111,46.45801],[10.05197,46.45964],[10.05243,46.46039],[10.05248,46.46041],[10.05247,46.4605],[10.0525,46.46063],[10.05311,46.46233],[10.05396,46.46398],[10.05434,46.46463],[10.05408,46.46501],[10.05384,46.4654],[10.05309,46.46661],[10.05233,46.46829],[10.0518,46.47001],[10.05152,46.47175],[10.05152,46.47181],[10.05153,46.47196],[10.05144,46.47202],[10.05102,46.47249],[10.04977,46.47403],[10.04875,46.47566],[10.04796,46.47734],[10.04742,46.47907],[10.04712,46.48083],[10.04708,46.4826],[10.04728,46.48436],[10.04774,46.48611],[10.04843,46.48779],[10.04848,46.48781],[10.04844,46.48782],[10.04816,46.48853],[10.04759,46.49031],[10.04729,46.49212],[10.04726,46.49395],[10.04749,46.49576],[10.04798,46.49755],[10.04874,46.4993],[10.04895,46.49972],[10.04903,46.4998],[10.04898,46.49984],[10.04897,46.49984],[10.04843,46.50159],[10.04814,46.50336],[10.0481,46.50515],[10.04832,46.50693],[10.04879,46.50869],[10.04952,46.5104],[10.05048,46.51206],[10.05112,46.5129],[10.05137,46.51327],[10.05142,46.5133],[10.05361,46.51816],[10.0536,46.51864],[10.05359,46.51926],[10.05365,46.52082],[10.05391,46.52237],[10.05394,46.52251],[10.05399,46.52259],[10.05392,46.52272],[10.05372,46.52335],[10.05356,46.52377],[10.05314,46.52561],[10.053,46.52747],[10.05314,46.52932],[10.05332,46.53012],[10.05341,46.53066],[10.05344,46.53067],[10.05353,46.53167],[10.0535,46.53171],[10.0535,46.53218],[10.05347,46.53284],[10.0536,46.53456],[10.05398,46.53626],[10.05459,46.53793],[10.05542,46.53955],[10.05648,46.54111],[10.05774,46.54259],[10.05921,46.54398],[10.06086,46.54527],[10.06155,46.54576],[10.06162,46.54578],[10.06165,46.54584],[10.06212,46.54625],[10.06284,46.54694],[10.06472,46.54839],[10.06682,46.54969],[10.06781,46.55024],[10.06788,46.55024],[10.06888,46.55141],[10.06943,46.55241],[10.06942,46.55244],[10.07021,46.5539],[10.07126,46.55539],[10.07251,46.55681],[10.07394,46.55814],[10.07554,46.55938],[10.07729,46.5605],[10.07765,46.56072],[10.07771,46.56072],[10.07812,46.56104],[10.07845,46.56128],[10.07993,46.56224],[10.0815,46.56313],[10.08232,46.56355],[10.08238,46.56355],[10.08244,46.5637],[10.0828,46.56423],[10.08421,46.56604],[10.08475,46.56657],[10.08525,46.56711],[10.0854,46.56723],[10.08537,46.56725],[10.08538,46.56727],[10.08611,46.56886],[10.08705,46.5704],[10.0882,46.57187],[10.08954,46.57326],[10.09106,46.57456],[10.09275,46.57576],[10.09459,46.57684],[10.09551,46.57733],[10.09558,46.57734],[10.09581,46.57774],[10.09599,46.578],[10.09733,46.57972],[10.09893,46.58132],[10.10067,46.58272],[10.10068,46.58273],[10.10074,46.58275],[10.10153,46.58508],[10.10149,46.58511],[10.10148,46.58517],[10.10133,46.58698],[10.10145,46.58879],[10.10183,46.59058],[10.10247,46.59234],[10.10336,46.59405],[10.10449,46.59568],[10.10586,46.59723],[10.10744,46.59868],[10.10923,46.6],[10.1112,46.6012],[10.11334,46.60226],[10.11562,46.60316],[10.11802,46.60389],[10.12051,46.60446],[10.12308,46.60485],[10.12569,46.60506],[10.12692,46.60507],[10.12757,46.6051],[10.12764,46.60508],[10.1279,46.60518],[10.13025,46.60586],[10.1317,46.60616],[10.13215,46.60627],[10.13237,46.6063],[10.13244,46.60635],[10.13303,46.60654],[10.13426,46.60699],[10.13536,46.6073],[10.13615,46.60755],[10.1362,46.60754],[10.13644,46.6077],[10.13826,46.6087],[10.14047,46.60968],[10.14281,46.6105],[10.14345,46.61069],[10.14351,46.61069],[10.14711,46.61226],[10.14941,46.61316],[10.15183,46.61389],[10.15435,46.61444],[10.15693,46.61482],[10.15796,46.61493],[10.15808,46.61493],[10.15814,46.61496],[10.15822,46.61497],[10.1597,46.6153],[10.16159,46.61561],[10.16235,46.61572],[10.1624,46.61571],[10.17567,46.62102],[10.17788,46.62181],[10.18021,46.62245],[10.18261,46.62294],[10.18508,46.62326],[10.18757,46.62342],[10.19008,46.62341],[10.19257,46.62324],[10.19503,46.62291],[10.20073,46.62193],[10.2028,46.62151],[10.20327,46.6214],[10.20339,46.62134],[10.20407,46.62121],[10.20679,46.62045],[10.20938,46.61948],[10.21532,46.61695],[10.21534,46.61697],[10.2178,46.61707],[10.22031,46.61699],[10.22279,46.61675],[10.22523,46.61635],[10.22761,46.61579],[10.22989,46.61507],[10.23207,46.61421],[10.23411,46.6132],[10.236,46.61206],[10.23773,46.6108],[10.23927,46.60944],[10.24062,46.60797],[10.24176,46.60643],[10.24267,46.60482],[10.24336,46.60315],[10.24381,46.60144],[10.24402,46.59972],[10.244,46.59798],[10.24373,46.59626],[10.24322,46.59456],[10.24247,46.59291],[10.24214,46.59228],[10.24207,46.59221],[10.24209,46.59207],[10.24208,46.59197],[10.24186,46.59049],[10.24155,46.58932],[10.24146,46.58911],[10.24156,46.58897],[10.24165,46.58874],[10.24203,46.588],[10.2426,46.5864],[10.24289,46.5851],[10.2429,46.58493],[10.24297,46.58487],[10.24299,46.58483],[10.24366,46.58312],[10.24409,46.58138],[10.24427,46.57961],[10.24422,46.57837],[10.24422,46.57835],[10.24421,46.57834],[10.2442,46.57797],[10.24427,46.57792],[10.2443,46.57787],[10.24528,46.57662],[10.24623,46.57508],[10.24627,46.57499],[10.24646,46.57459],[10.2527,46.57155],[10.25335,46.57141],[10.25349,46.57138],[10.25412,46.57125],[10.25419,46.5713],[10.25518,46.57164],[10.25532,46.57169],[10.25771,46.57242],[10.2602,46.57297],[10.26275,46.57335],[10.26534,46.57356],[10.26795,46.57358],[10.27055,46.57342],[10.27311,46.57308],[10.27561,46.57257],[10.27803,46.57189],[10.28033,46.57104],[10.2825,46.57004],[10.28452,46.5689],[10.28635,46.56762],[10.288,46.56622],[10.28943,46.56471],[10.28955,46.56458],[10.28955,46.56453],[10.29032,46.56371],[10.29166,46.56215],[10.29275,46.56049],[10.2936,46.55877],[10.29419,46.557],[10.29453,46.5552],[10.29459,46.55338],[10.29447,46.55228],[10.29446,46.55198],[10.29443,46.55192],[10.29606,46.54998],[10.29628,46.54996],[10.2967,46.54987],[10.29733,46.54977],[10.29944,46.54931],[10.29975,46.54923],[10.29985,46.54918],[10.30162,46.54903],[10.30393,46.54875],[10.3062,46.54833],[10.3084,46.54777],[10.31053,46.54707],[10.31131,46.54679],[10.31148,46.5467],[10.31159,46.54674],[10.31256,46.54693],[10.31312,46.54705],[10.31574,46.54743],[10.31839,46.54762],[10.32106,46.54762],[10.32372,46.54744],[10.32633,46.54706],[10.32887,46.54651],[10.33132,46.54577],[10.33365,46.54487],[10.33583,46.54381],[10.33673,46.54332],[10.33678,46.54326],[10.33738,46.54303],[10.33762,46.54294],[10.33818,46.54273],[10.34183,46.54372],[10.34363,46.54503],[10.34369,46.54512],[10.344,46.54538],[10.34447,46.54581],[10.34602,46.54703],[10.34773,46.54814],[10.34957,46.54914],[10.35009,46.5494],[10.35015,46.54941],[10.35015,46.54943],[10.35017,46.54944],[10.3523,46.55039],[10.35456,46.55119],[10.35692,46.55184],[10.35936,46.55232],[10.36186,46.55264],[10.36439,46.55279],[10.36693,46.55276],[10.36945,46.55257],[10.37193,46.55221],[10.37435,46.55168],[10.37669,46.55099],[10.37892,46.55015],[10.37959,46.54987],[10.37968,46.5498],[10.37977,46.54981],[10.38047,46.54968],[10.38282,46.54916],[10.3851,46.54849],[10.38727,46.54768],[10.38798,46.54738],[10.38808,46.54731],[10.39711,46.54394],[10.39998,46.54481],[10.40016,46.5449],[10.40055,46.54503],[10.40158,46.54543],[10.40389,46.54614],[10.40629,46.54669],[10.40876,46.54708],[10.41127,46.5473],[10.4138,46.54735],[10.41632,46.54723],[10.41882,46.54695],[10.42126,46.54649],[10.42363,46.54588],[10.4259,46.5451],[10.42805,46.54418],[10.43006,46.54312],[10.43192,46.54193],[10.4336,46.54062],[10.43508,46.53921],[10.43602,46.5381],[10.43633,46.53774],[10.43662,46.53736],[10.44586,46.5337],[10.446,46.53368],[10.44704,46.53332],[10.44735,46.53322],[10.44986,46.53222],[10.45219,46.53104],[10.4528,46.53069],[10.45319,46.53084],[10.45325,46.53099],[10.45343,46.53127],[10.45444,46.5327],[10.45564,46.53407],[10.45701,46.53536],[10.45839,46.53644],[10.45849,46.53649],[10.45851,46.53653],[10.45854,46.53655],[10.45856,46.53657],[10.45995,46.53767],[10.46167,46.53881],[10.46353,46.53983],[10.46551,46.54073],[10.46761,46.5415],[10.4698,46.54214],[10.4703,46.54227],[10.47039,46.54227],[10.47223,46.54353],[10.4722,46.54367],[10.47219,46.54388],[10.47226,46.54557],[10.47256,46.54726],[10.47308,46.54892],[10.47383,46.55053],[10.47429,46.55138],[10.47441,46.5515],[10.47525,46.55342],[10.47615,46.55517],[10.47731,46.55685],[10.47744,46.55701],[10.47775,46.55737],[10.47759,46.55765],[10.47684,46.55938],[10.47632,46.56125],[10.4761,46.56316],[10.47617,46.56507],[10.47653,46.56696],[10.47718,46.56881],[10.47723,46.56893],[10.4781,46.57062],[10.47921,46.57225],[10.47927,46.57233],[10.47933,46.57235],[10.47941,46.5725],[10.47945,46.57256],[10.48063,46.57393],[10.48198,46.57522],[10.48292,46.57598],[10.48296,46.576],[10.48469,46.57743],[10.48466,46.57757],[10.48464,46.57829],[10.48461,46.57863],[10.48474,46.58054],[10.48515,46.58242],[10.48534,46.58293],[10.48555,46.5836],[10.48559,46.58363],[10.48557,46.58371],[10.48606,46.58572],[10.4869,46.58773],[10.48782,46.58954],[10.48779,46.58956],[10.48759,46.59022],[10.48737,46.59084],[10.48698,46.59275],[10.4869,46.59467],[10.48711,46.5966],[10.48715,46.59683],[10.48719,46.59685],[10.48733,46.59806],[10.48729,46.59842],[10.4871,46.60006],[10.48702,46.60183],[10.48719,46.60361],[10.48762,46.60536],[10.48829,46.60707],[10.48921,46.60873],[10.49036,46.61032],[10.49073,46.61074],[10.49115,46.61123],[10.49127,46.61134],[10.49208,46.61317],[10.49208,46.61361],[10.49209,46.61374],[10.4922,46.61468],[10.49226,46.61509],[10.49229,46.61512],[10.49222,46.61511],[10.4911,46.61544],[10.49087,46.6155],[10.48842,46.61633],[10.48611,46.61733],[10.48397,46.61849],[10.48201,46.61979],[10.48179,46.61996],[10.48167,46.62007],[10.48126,46.62035],[10.48126,46.62036],[10.46289,46.6328],[10.46246,46.63309],[10.46198,46.63336],[10.45521,46.63716],[10.45467,46.63746],[10.45407,46.63773],[10.44667,46.64103],[10.44613,46.64128],[10.44606,46.64123],[10.4454,46.641],[10.44278,46.6402],[10.44004,46.63961],[10.43723,46.63923],[10.43474,46.63909],[10.43472,46.63908],[10.43452,46.63909],[10.43393,46.63902],[10.42841,46.63838],[10.42632,46.6382],[10.42421,46.63813],[10.42209,46.63812],[10.41962,46.6382],[10.41717,46.63843],[10.41477,46.63882],[10.41243,46.63937],[10.41017,46.64007],[10.40802,46.64091],[10.406,46.64189],[10.40411,46.643],[10.40239,46.64423],[10.40085,46.64556],[10.39949,46.64698],[10.39834,46.64849],[10.39739,46.65007],[10.39667,46.6517],[10.39641,46.65241],[10.39642,46.65247],[10.3963,46.6526],[10.39623,46.6527],[10.3953,46.65386],[10.39425,46.65556],[10.39346,46.65732],[10.39294,46.65914],[10.39268,46.66098],[10.39268,46.6611],[10.3927,46.66114],[10.39259,46.66157],[10.39257,46.66161],[10.39219,46.66356],[10.39213,46.66542],[10.39218,46.6658],[10.39213,46.6659],[10.39206,46.66649],[10.39201,46.66675],[10.39191,46.66854],[10.39206,46.67032],[10.39226,46.67114],[10.39231,46.67146],[10.39236,46.67161],[10.39232,46.67162],[10.39217,46.67187],[10.39147,46.67288],[10.39062,46.67451],[10.39,46.67618],[10.38961,46.67789],[10.38946,46.67962],[10.38956,46.68135],[10.38989,46.68306],[10.39046,46.68474],[10.39126,46.68638],[10.39229,46.68796],[10.39353,46.68946],[10.39356,46.6895],[10.39389,46.68986],[10.39389,46.6899],[10.39421,46.69055],[10.39423,46.6906],[10.39426,46.69066],[10.39426,46.69067],[10.39506,46.69209],[10.39608,46.69353],[10.3966,46.69418],[10.3966,46.69425],[10.39677,46.69457],[10.39712,46.69539],[10.39806,46.697],[10.39923,46.69854],[10.40061,46.7],[10.40218,46.70136],[10.40394,46.70261],[10.40587,46.70373],[10.40794,46.70472],[10.41014,46.70557],[10.41125,46.70595],[10.41607,46.709],[10.41604,46.70902],[10.41608,46.70931],[10.41646,46.71111],[10.4171,46.71287],[10.41796,46.71451],[10.41801,46.71453],[10.41798,46.71462],[10.41798,46.71463],[10.41806,46.71614],[10.41832,46.71763],[10.41871,46.71893],[10.41876,46.71902],[10.4187,46.71903],[10.41842,46.7193],[10.41747,46.7201],[10.41605,46.72158],[10.41485,46.72314],[10.41388,46.72477],[10.41314,46.72646],[10.41264,46.72819],[10.4124,46.72995],[10.41241,46.73172],[10.41266,46.73347],[10.41317,46.73521],[10.41392,46.73689],[10.4149,46.73852],[10.41612,46.74008],[10.41755,46.74155],[10.41918,46.74291],[10.42099,46.74415],[10.42263,46.74507],[10.42308,46.74527],[10.42394,46.74577],[10.42437,46.74603],[10.42446,46.74608],[10.42738,46.74782],[10.42943,46.74892],[10.43164,46.74987],[10.43397,46.75067],[10.43641,46.75131],[10.43893,46.75178],[10.44129,46.75204],[10.44135,46.75205],[10.4414,46.75204],[10.4426,46.75384],[10.44424,46.75982],[10.44419,46.76022],[10.44387,46.76283],[10.44381,46.7633],[10.4437,46.76344],[10.44348,46.76386],[10.44272,46.76558],[10.44221,46.76734],[10.44205,46.76806],[10.44208,46.76812],[10.44202,46.76821],[10.44194,46.76858],[10.44166,46.77104],[10.44166,46.77142],[10.44168,46.77186],[10.44141,46.77226],[10.43948,46.77501],[10.43922,46.77538],[10.43915,46.77542],[10.43897,46.7756],[10.43762,46.77716],[10.43651,46.7788],[10.43564,46.78051],[10.43503,46.78228],[10.43468,46.78408],[10.43459,46.78589],[10.43477,46.7877],[10.43521,46.78949],[10.43591,46.79123],[10.43686,46.79293],[10.43805,46.79454],[10.43948,46.79607],[10.44112,46.79749],[10.44296,46.79879],[10.44498,46.79995],[10.44716,46.80097],[10.44755,46.80113],[10.44766,46.80115],[10.44775,46.80128],[10.44823,46.80181],[10.44838,46.802],[10.44981,46.80341],[10.45044,46.80398],[10.45067,46.80414],[10.45069,46.80423],[10.45075,46.80436],[10.45156,46.80574],[10.45191,46.80623],[10.45214,46.80659],[10.45219,46.80662],[10.45408,46.80998],[10.45424,46.81035],[10.45442,46.81072],[10.45493,46.81176],[10.4558,46.81313],[10.45619,46.81363],[10.45635,46.81387],[10.45644,46.81395],[10.45766,46.81608],[10.45783,46.81656],[10.4578,46.81659],[10.45791,46.81841],[10.4583,46.82025],[10.45897,46.82206],[10.4599,46.82381],[10.46035,46.82452],[10.46039,46.82454],[10.46037,46.82458],[10.46051,46.82625],[10.4609,46.82797],[10.46153,46.82965],[10.4624,46.83129],[10.46349,46.83286],[10.46479,46.83435],[10.4663,46.83575],[10.46636,46.8358],[10.46646,46.83585],[10.46645,46.83589],[10.46666,46.83634],[10.4676,46.83805],[10.46879,46.83968],[10.47021,46.84123],[10.47185,46.84267],[10.47369,46.84398],[10.47572,46.84516],[10.47792,46.84619],[10.48025,46.84707],[10.4827,46.84777],[10.48525,46.8483],[10.48786,46.84866],[10.4905,46.84882],[10.49316,46.84881],[10.4958,46.8486],[10.49584,46.8486],[10.49589,46.84857],[10.5225,46.84657],[10.52558,46.84689],[10.52821,46.84707],[10.53086,46.84706],[10.53349,46.84687],[10.53608,46.8465],[10.53861,46.84595],[10.54104,46.84523],[10.54335,46.84435],[10.54552,46.8433],[10.54753,46.84212],[10.54935,46.84079],[10.55097,46.83935],[10.551,46.83932],[10.55099,46.83929],[10.57091,46.84282],[10.59205,46.85459],[10.59403,46.85559],[10.59615,46.85646],[10.59836,46.85719],[10.62099,46.86372],[10.62342,46.86433],[10.62594,46.86477],[10.62852,46.86503],[10.6311,46.86512],[10.65056,46.86512],[10.65096,46.86537],[10.65287,46.86632],[10.65503,46.86721],[10.65731,46.86794],[10.65968,46.86852],[10.66213,46.86894],[10.66461,46.8692],[10.66713,46.86929],[10.66964,46.86922],[10.67213,46.86898],[10.67458,46.86857],[10.67696,46.86801],[10.67925,46.8673],[10.68144,46.86643],[10.68349,46.86543],[10.68539,46.8643],[10.68712,46.86304],[10.68867,46.86168],[10.69002,46.86022],[10.69117,46.85868],[10.69209,46.85707],[10.69278,46.85541],[10.69305,46.85442],[10.69314,46.85415],[10.69313,46.85409],[10.70429,46.84669],[10.70441,46.84669],[10.70481,46.84662],[10.70647,46.84638],[10.70902,46.84582],[10.71147,46.84509],[10.7138,46.84419],[10.71598,46.84313],[10.718,46.84192],[10.71982,46.84058],[10.72144,46.83912],[10.72213,46.83834],[10.72239,46.83808],[10.72248,46.83794],[10.72607,46.83792],[10.72864,46.83782],[10.73118,46.83754],[10.73367,46.8371],[10.73609,46.83649],[10.73841,46.83571],[10.7406,46.83479],[10.74266,46.83372],[10.74455,46.83252],[10.74626,46.83119],[10.74777,46.82976],[10.74907,46.82823],[10.75015,46.82662],[10.75099,46.82495],[10.75158,46.82323],[10.75193,46.82147],[10.75203,46.8197],[10.75187,46.81794],[10.75147,46.81619],[10.75081,46.81448],[10.74991,46.81282],[10.74735,46.80871],[10.74622,46.80711],[10.74486,46.8056],[10.7433,46.80419],[10.74153,46.80289],[10.73959,46.80171],[10.73749,46.80068],[10.73525,46.79979],[10.7329,46.79906],[10.73045,46.79849],[10.72793,46.79808],[10.72672,46.79793],[10.72609,46.79786],[10.72642,46.79725],[10.72714,46.79573],[10.72766,46.79416],[10.72798,46.79257],[10.72809,46.79098],[10.72806,46.79083],[10.73055,46.78795],[10.76248,46.78408],[10.76879,46.78692],[10.77097,46.78779],[10.77328,46.78853],[10.77568,46.78911],[10.77815,46.78952],[10.78067,46.78977],[10.78321,46.78984],[10.78575,46.78975],[10.78827,46.78949],[10.79073,46.78906],[10.79313,46.78846],[10.79543,46.78771],[10.79761,46.78681],[10.79966,46.78577],[10.80151,46.78462],[10.81398,46.77608],[10.82565,46.77833],[10.82811,46.77872],[10.83063,46.77894],[10.83317,46.77899],[10.83571,46.77887],[10.83822,46.77859],[10.84067,46.77813],[10.84305,46.77752],[10.84528,46.77677],[10.87921,46.76385],[10.91641,46.77388],[10.91875,46.77442],[10.92118,46.77481],[10.92366,46.77504],[10.92615,46.77511],[10.94524,46.77498],[10.94861,46.7748],[10.97007,46.77272],[10.97268,46.77237],[10.97524,46.77184],[10.97771,46.77113],[10.98005,46.77025],[10.98659,46.7675],[10.98662,46.76752],[10.98688,46.76752],[10.98934,46.76759],[10.99231,46.76745],[10.99524,46.76707],[10.99598,46.76694],[10.99761,46.76739],[10.99994,46.76794],[11.00234,46.76835],[11.00479,46.76859],[11.00725,46.76867],[11.00972,46.7686],[11.01217,46.76836],[11.01457,46.76796],[11.01691,46.76742],[11.01916,46.76672],[11.02131,46.76588],[11.02229,46.76545],[11.02238,46.76538],[11.02572,46.76662],[11.02582,46.77054],[11.026,46.7724],[11.02646,46.77422],[11.02719,46.77601],[11.02819,46.77774],[11.02837,46.778],[11.02864,46.77837],[11.02868,46.77851],[11.029,46.77913],[11.02902,46.77917],[11.0299,46.7807],[11.03099,46.78216],[11.03302,46.7846],[11.03429,46.7886],[11.03493,46.79025],[11.0358,46.79185],[11.03689,46.79339],[11.03752,46.79418],[11.03757,46.79418],[11.03819,46.79508],[11.03938,46.79661],[11.04078,46.79806],[11.04237,46.7994],[11.04345,46.80015],[11.04371,46.80035],[11.04379,46.80038],[11.04382,46.80045],[11.04383,46.80045],[11.04508,46.80177],[11.04664,46.80311],[11.04838,46.80435],[11.05028,46.80546],[11.05233,46.80645],[11.05451,46.80729],[11.05679,46.80799],[11.05682,46.808],[11.05688,46.80799],[11.05794,46.80948],[11.05911,46.81093],[11.06046,46.81231],[11.062,46.8136],[11.0637,46.81478],[11.06555,46.81584],[11.06779,46.81702],[11.07012,46.81811],[11.0726,46.81902],[11.07522,46.81974],[11.07793,46.82027],[11.07971,46.82048],[11.07971,46.82049],[11.0804,46.82057],[11.08109,46.82062],[11.08366,46.82226],[11.08344,46.82268],[11.07697,46.83462],[11.07671,46.8351],[11.07596,46.83651],[11.07528,46.8384],[11.0749,46.84033],[11.07483,46.84227],[11.07486,46.84312],[11.07491,46.84317],[11.07487,46.84323],[11.07479,46.84394],[11.07471,46.84572],[11.07482,46.84675],[11.07483,46.84711],[11.07486,46.84713],[11.07483,46.84718],[11.07482,46.84726],[11.07455,46.8487],[11.07446,46.85042],[11.07462,46.85214],[11.07502,46.85384],[11.07565,46.85551],[11.07651,46.85713],[11.07759,46.85868],[11.07783,46.85898],[11.07787,46.85899],[11.08639,46.87486],[11.08743,46.87653],[11.08872,46.87813],[11.09023,46.87962],[11.10164,46.88976],[11.1016,46.88977],[11.10121,46.89046],[11.10039,46.89212],[11.09981,46.89382],[11.09947,46.89555],[11.09939,46.89718],[11.09941,46.89721],[11.09939,46.89764],[11.09922,46.901],[11.09925,46.90274],[11.09953,46.90448],[11.10005,46.90618],[11.10081,46.90784],[11.1018,46.90945],[11.10302,46.91098],[11.10444,46.91242],[11.10606,46.91376],[11.10786,46.91499],[11.1087,46.91547],[11.10919,46.91577],[11.10924,46.91577],[11.10967,46.91652],[11.11077,46.91816],[11.1121,46.91972],[11.11365,46.92118],[11.11541,46.92253],[11.11736,46.92374],[11.11947,46.92482],[11.12173,46.92575],[11.12412,46.92651],[11.12661,46.92711],[11.12917,46.92753],[11.13178,46.92778],[11.13441,46.92784],[11.13704,46.92772],[11.13932,46.92746],[11.13962,46.92741],[11.1397,46.92748],[11.13987,46.92757],[11.14093,46.9282],[11.1427,46.92909],[11.14457,46.92988],[11.14547,46.93022],[11.14554,46.93022],[11.1461,46.93046],[11.14667,46.93067],[11.14667,46.93066],[11.14737,46.93094],[11.1492,46.93153],[11.14951,46.93162],[11.14971,46.93166],[11.14978,46.93172],[11.14995,46.93182],[11.15246,46.93304],[11.15508,46.93402],[11.15516,46.93403],[11.16168,46.93928],[11.16812,46.94502],[11.16805,46.9454],[11.16798,46.94707],[11.16815,46.9488],[11.16856,46.95052],[11.16921,46.95219],[11.1701,46.95382],[11.17121,46.95537],[11.17253,46.95685],[11.17405,46.95824],[11.17576,46.95951],[11.17764,46.96067],[11.17968,46.9617],[11.18185,46.96259],[11.18413,46.96333],[11.18651,46.96392],[11.18897,46.96435],[11.19147,46.96461],[11.19399,46.96471],[11.19652,46.96464],[11.19902,46.96441],[11.20149,46.96401],[11.20388,46.96344],[11.20618,46.96273],[11.20694,46.96246],[11.207,46.96242],[11.21383,46.9659],[11.21603,46.96691],[11.21838,46.96777],[11.22085,46.96845],[11.2234,46.96897],[11.22602,46.9693],[11.22866,46.96945],[11.24116,46.96971],[11.24164,46.96999],[11.24214,46.97026],[11.24215,46.97026],[11.24363,46.97105],[11.24585,46.972],[11.2482,46.97279],[11.25065,46.97342],[11.25318,46.97388],[11.25576,46.97416],[11.25657,46.97423],[11.25678,46.97422],[11.25681,46.97427],[11.2573,46.9746],[11.2591,46.97571],[11.26105,46.9767],[11.26313,46.97756],[11.26531,46.97828],[11.26758,46.97887],[11.26992,46.97931],[11.27119,46.97951],[11.27129,46.97949],[11.28272,46.98267],[11.28373,46.98295],[11.28374,46.98293],[11.28509,46.9833],[11.28752,46.98379],[11.29001,46.98412],[11.29254,46.98427],[11.29507,46.98427],[11.29759,46.98409],[11.30008,46.98375],[11.30231,46.98329],[11.30244,46.98324],[11.30256,46.98328],[11.30312,46.98337],[11.30479,46.98369],[11.30765,46.98401],[11.30776,46.984],[11.30785,46.98406],[11.30869,46.98445],[11.31089,46.98535],[11.31321,46.98611],[11.31563,46.9867],[11.31812,46.98713],[11.32065,46.98739],[11.32322,46.98748],[11.32578,46.9874],[11.32832,46.98715],[11.33081,46.98673],[11.33323,46.98614],[11.33556,46.98539],[11.33627,46.98511],[11.33681,46.98491],[11.33699,46.98482],[11.33708,46.98485],[11.3372,46.98486],[11.33861,46.98505],[11.34061,46.98521],[11.34063,46.98522],[11.34072,46.9852],[11.34074,46.98523],[11.34176,46.9855],[11.34202,46.98557],[11.34441,46.98611],[11.34687,46.98649],[11.34937,46.9867],[11.35189,46.98675],[11.3544,46.98664],[11.35689,46.98636],[11.35932,46.98592],[11.36168,46.98532],[11.36395,46.98456],[11.3657,46.98384],[11.3657,46.98382],[11.36911,46.98241],[11.37121,46.98145],[11.37317,46.98035],[11.37496,46.97912],[11.37658,46.97779],[11.37794,46.97641],[11.37797,46.97633],[11.37805,46.9763],[11.37953,46.9748],[11.38081,46.97317],[11.38184,46.97146],[11.38203,46.97109],[11.38227,46.97056],[11.38289,46.97051],[11.38351,46.97043],[11.38471,46.97029],[11.38688,46.96991],[11.38899,46.96941],[11.38909,46.96936],[11.38916,46.96937],[11.3894,46.96932],[11.39147,46.96897],[11.39402,46.96834],[11.39646,46.96753],[11.39877,46.96656],[11.40201,46.96503],[11.40475,46.96491],[11.40486,46.96496],[11.40541,46.96511],[11.40793,46.96569],[11.41053,46.96609],[11.41317,46.96631],[11.41583,46.96634],[11.4165,46.9663],[11.4175,46.96628],[11.41754,46.96626],[11.41756,46.96629],[11.41813,46.96658],[11.4206,46.96771],[11.42324,46.96863],[11.42602,46.96934],[11.42635,46.96941],[11.42647,46.96942],[11.42689,46.96972],[11.42732,46.97001],[11.42733,46.97001],[11.4285,46.97078],[11.43034,46.97179],[11.4323,46.97268],[11.43438,46.97345],[11.43654,46.97409],[11.4402,46.97504],[11.44295,46.97697],[11.44294,46.97707],[11.4431,46.97755],[11.44322,46.97805],[11.44387,46.97972],[11.44476,46.98135],[11.44587,46.9829],[11.4472,46.98438],[11.44872,46.98576],[11.45043,46.98704],[11.45232,46.9882],[11.45435,46.98922],[11.45653,46.99011],[11.45881,46.99085],[11.45973,46.99108],[11.46042,46.99127],[11.46046,46.99126],[11.46163,46.99198],[11.46413,46.99335],[11.46686,46.99449],[11.46973,46.99553],[11.46971,46.99557],[11.4698,46.99569],[11.47054,46.997],[11.4717,46.99856],[11.47307,47.00003],[11.47465,47.0014],[11.47641,47.00267],[11.47834,47.00381],[11.48043,47.00482],[11.48265,47.00568],[11.48498,47.00639],[11.4874,47.00694],[11.48989,47.00733],[11.49242,47.00755],[11.49497,47.00761],[11.49751,47.00749],[11.50003,47.0072],[11.50172,47.0069],[11.50199,47.00686],[11.50211,47.00682],[11.50213,47.00683],[11.50332,47.00666],[11.50333,47.00666],[11.50335,47.00665],[11.50336,47.00665],[11.50576,47.00621],[11.50812,47.00562],[11.51038,47.00487],[11.51252,47.00397],[11.51454,47.00294],[11.5164,47.00178],[11.51806,47.00053],[11.53788,46.98406],[11.58234,46.99758],[11.58232,46.99761],[11.58243,46.99771],[11.58398,46.99907],[11.58571,47.00033],[11.5876,47.00146],[11.58965,47.00247],[11.59183,47.00333],[11.59412,47.00405],[11.5965,47.00462],[11.59895,47.00502],[11.59903,47.00503],[11.59907,47.00502],[11.60232,47.00633],[11.60456,47.00713],[11.60689,47.00779],[11.60931,47.00828],[11.61179,47.00862],[11.61431,47.00879],[11.61684,47.0088],[11.61935,47.00863],[11.62183,47.00831],[11.62426,47.00782],[11.6266,47.00717],[11.62885,47.00637],[11.63097,47.00543],[11.63295,47.00436],[11.63477,47.00315],[11.63534,47.0027],[11.63583,47.00234],[11.63589,47.00227],[11.66525,46.99161],[11.69703,46.99225],[11.69946,46.99222],[11.70195,46.99202],[11.70439,46.99167],[11.70677,46.99115],[11.70908,46.99049],[11.71128,46.98968],[11.71335,46.98873],[11.71529,46.98764],[11.71707,46.98644],[11.71867,46.98513],[11.72006,46.98373],[11.72996,46.97276],[11.76507,46.97282],[11.76899,46.97888],[11.77011,46.98041],[11.77145,46.98187],[11.77298,46.98324],[11.7747,46.9845],[11.77658,46.98564],[11.77862,46.98665],[11.78079,46.98752],[11.78307,46.98824],[11.78544,46.98882],[11.78788,46.98923],[11.79037,46.98949],[11.79093,46.98952],[11.79099,46.9895],[11.7955,46.9903],[11.79795,46.99065],[11.80044,46.99084],[11.80295,46.99087],[11.80545,46.99073],[11.80792,46.99043],[11.81,46.99003],[11.81022,46.98997],[11.81597,46.98997],[11.82248,46.99177],[11.82515,46.9924],[11.82792,46.99283],[11.83073,46.99305],[11.83357,46.99306],[11.83665,46.99296],[11.83699,46.99332],[11.83701,46.99334],[11.83862,46.99472],[11.84041,46.99598],[11.84238,46.99712],[11.84451,46.99813],[11.84676,46.99898],[11.84913,46.99968],[11.85159,47.00022],[11.8523,47.00035],[11.85236,47.00033],[11.854,47.00202],[11.85554,47.00344],[11.85728,47.00476],[11.85919,47.00594],[11.86127,47.007],[11.86349,47.00791],[11.86584,47.00866],[11.86827,47.00926],[11.87078,47.00968],[11.87335,47.00994],[11.87444,47.01001],[11.8745,47.00999],[11.87455,47.01005],[11.8746,47.01009],[11.87619,47.01124],[11.87817,47.01242],[11.88032,47.01345],[11.88261,47.01434],[11.88502,47.01506],[11.88752,47.01562],[11.89009,47.016],[11.89254,47.01619],[11.89304,47.0162],[11.89312,47.01634],[11.89318,47.01642],[11.8939,47.01747],[11.89514,47.01892],[11.89659,47.02029],[11.89821,47.02156],[11.9,47.02272],[11.90193,47.02376],[11.90639,47.02593],[11.90893,47.02702],[11.91164,47.0279],[11.91449,47.02857],[11.91515,47.0287],[11.91536,47.02872],[11.91536,47.02874],[11.91567,47.02894],[11.91684,47.02977],[11.9188,47.03091],[11.92092,47.03191],[11.92316,47.03277],[11.92552,47.03347],[11.92797,47.03401],[11.93048,47.03438],[11.93304,47.03458],[11.93561,47.03461],[11.93817,47.03447],[11.9407,47.03416],[11.94318,47.03368],[11.94557,47.03304],[11.94655,47.03273],[11.9466,47.03269],[11.94957,47.03483],[11.95153,47.0361],[11.95368,47.03723],[11.95599,47.03821],[11.95843,47.03901],[11.96098,47.03964],[11.96361,47.04008],[11.96629,47.04034],[11.96754,47.04042],[11.96761,47.04049],[11.96769,47.04055],[11.96903,47.04164],[11.97087,47.04287],[11.97287,47.04397],[11.97502,47.04492],[11.9773,47.04573],[11.97969,47.04639],[11.98215,47.04688],[11.98468,47.0472],[11.98485,47.04722],[11.98488,47.0472],[11.98571,47.04743],[11.98805,47.048],[11.99047,47.04842],[11.99292,47.04867],[11.99541,47.04877],[11.99787,47.0487],[12.02145,47.04732],[12.0236,47.04829],[12.02552,47.04908],[12.02753,47.04975],[12.02962,47.0503],[12.03049,47.05051],[12.03072,47.05053],[12.03077,47.05062],[12.03103,47.05087],[12.03175,47.05163],[12.03334,47.05299],[12.03511,47.05424],[12.03706,47.05536],[12.03915,47.05635],[12.04137,47.0572],[12.04371,47.0579],[12.04613,47.05844],[12.04861,47.05882],[12.05114,47.05903],[12.05369,47.05907],[12.05623,47.05894],[12.05874,47.05865],[12.05944,47.05854],[12.05948,47.05851],[12.07688,47.059],[12.0801,47.06451],[12.08125,47.06622],[12.08267,47.06784],[12.08432,47.06935],[12.0862,47.07074],[12.08828,47.07198],[12.09054,47.07307],[12.09089,47.07322],[12.09305,47.07405],[12.09533,47.07474],[12.09768,47.07528],[12.10011,47.07567],[12.10257,47.0759],[12.10506,47.07596],[12.10754,47.07587],[12.11001,47.07562],[12.11242,47.0752],[12.11477,47.07464],[12.11702,47.07392],[12.11896,47.07323],[12.12322,47.07497],[12.12573,47.07587],[12.12837,47.07659],[12.13111,47.0771],[12.13318,47.07733],[12.13353,47.07738],[12.1336,47.07737],[12.13362,47.0774],[12.13395,47.07752],[12.1364,47.0783],[12.13895,47.0789],[12.14158,47.07932],[12.14426,47.07956],[12.14697,47.0796],[12.14966,47.07946],[12.15157,47.07929],[12.17709,47.08775],[12.17773,47.08796],[12.18015,47.08867],[12.18267,47.0892],[12.18525,47.08956],[12.18787,47.08974],[12.1905,47.08974],[12.19312,47.08956],[12.1957,47.0892],[12.19758,47.0888],[12.19776,47.08877],[12.19794,47.08872],[12.2026,47.08802],[12.20505,47.08756],[12.20744,47.08694],[12.20973,47.08617],[12.2119,47.08524],[12.21392,47.08418],[12.21579,47.08299],[12.21748,47.08168],[12.21898,47.08027],[12.22027,47.07876],[12.22134,47.07717],[12.22218,47.07552],[12.22278,47.07383],[12.22314,47.0721],[12.22326,47.07036],[12.22312,47.06861],[12.22274,47.06689],[12.22212,47.06519],[12.22126,47.06355],[12.22017,47.06197],[12.21887,47.06047],[12.21736,47.05907],[12.2169,47.05868],[12.21684,47.05866],[12.21668,47.05826],[12.21558,47.0555],[12.21542,47.0551],[12.21562,47.05465],[12.21626,47.05285],[12.21664,47.05101],[12.21673,47.04916],[12.21654,47.04731],[12.21608,47.04548],[12.21534,47.04369],[12.21434,47.04197],[12.21047,47.03619],[12.20928,47.03462],[12.20787,47.03313],[12.20626,47.03176],[12.20445,47.03049],[12.20247,47.02935],[12.20034,47.02836],[12.19808,47.02751],[12.19571,47.02681],[12.19324,47.02628],[12.19072,47.02592],[12.18051,47.02481],[12.17989,47.02474],[12.17932,47.02455],[12.17499,47.02314],[12.17267,47.02248],[12.17027,47.02197],[12.16781,47.02162],[12.16531,47.02143],[12.1628,47.02141],[12.1603,47.02155],[12.15782,47.02185],[12.1554,47.02231],[12.15305,47.02294],[12.14771,47.02455],[12.1471,47.02474],[12.14664,47.02441],[12.12181,47.00703],[12.1218,47.00703],[12.12135,47.00671],[12.12822,46.98517],[12.12827,46.98516],[12.12889,46.98459],[12.12926,46.98428],[12.13072,46.98277],[12.13195,46.98118],[12.13294,46.9795],[12.13369,46.97777],[12.13417,46.97599],[12.1344,46.97419],[12.13435,46.97239],[12.13405,46.97059],[12.13348,46.96883],[12.13267,46.96711],[12.1316,46.96546],[12.1311,46.96487],[12.13075,46.96439],[12.13071,46.96438],[12.13843,46.95647],[12.14775,46.95384],[12.15007,46.9531],[12.15228,46.95219],[12.15435,46.95114],[12.15627,46.94996],[12.158,46.94865],[12.15954,46.94724],[12.16087,46.94572],[12.16198,46.94413],[12.16286,46.94247],[12.16349,46.94075],[12.16388,46.93901],[12.16401,46.93724],[12.16389,46.93548],[12.16353,46.93373],[12.16291,46.93201],[12.16205,46.93035],[12.16096,46.92875],[12.15536,46.92151],[12.15395,46.9199],[12.15231,46.9184],[12.15045,46.91702],[12.14839,46.91579],[12.14615,46.91471],[12.14448,46.91399],[12.14448,46.91398],[12.14393,46.91375],[12.15219,46.91134],[12.15439,46.91061],[12.1565,46.90974],[12.15848,46.90873],[12.16032,46.90761],[12.16109,46.90703],[12.16148,46.90677],[12.16152,46.90671],[12.16163,46.90676],[12.162,46.90684],[12.16439,46.90727],[12.16682,46.90754],[12.16929,46.90765],[12.17175,46.9076],[12.1742,46.9074],[12.1766,46.90704],[12.17667,46.907],[12.17671,46.90702],[12.17772,46.90684],[12.18022,46.90628],[12.18263,46.90556],[12.18492,46.90467],[12.18707,46.90363],[12.18906,46.90245],[12.19087,46.90113],[12.19248,46.8997],[12.19387,46.89817],[12.19502,46.89655],[12.19594,46.89485],[12.19661,46.89311],[12.19665,46.89296],[12.19663,46.89293],[12.20624,46.88237],[12.21817,46.87357],[12.2182,46.87363],[12.21853,46.87389],[12.22023,46.87514],[12.22208,46.87626],[12.22409,46.87726],[12.22623,46.87813],[12.22723,46.87845],[12.22779,46.87866],[12.22783,46.87865],[12.23055,46.88072],[12.23239,46.88199],[12.23441,46.88312],[12.23659,46.88412],[12.23889,46.88496],[12.24131,46.88563],[12.24381,46.88614],[12.24638,46.88648],[12.24898,46.88663],[12.25159,46.88661],[12.25419,46.88641],[12.25674,46.88604],[12.25923,46.88549],[12.26163,46.88478],[12.26391,46.8839],[12.26605,46.88287],[12.26803,46.8817],[12.26984,46.88041],[12.27144,46.87899],[12.27284,46.87747],[12.27401,46.87587],[12.27494,46.87419],[12.27531,46.87341],[12.27529,46.87337],[12.27877,46.87161],[12.28074,46.87051],[12.28255,46.86928],[12.28418,46.86794],[12.28561,46.86649],[12.28683,46.86496],[12.28783,46.86335],[12.2886,46.86168],[12.28913,46.85997],[12.28941,46.85823],[12.28942,46.85791],[12.28948,46.85735],[12.28945,46.85726],[12.29203,46.84977],[12.29209,46.84975],[12.29232,46.84949],[12.29373,46.84774],[12.29485,46.84588],[12.29566,46.84396],[12.29582,46.8435],[12.2958,46.84343],[12.29584,46.84343],[12.29615,46.84297],[12.29659,46.84238],[12.29753,46.84077],[12.29825,46.8391],[12.29872,46.83739],[12.29895,46.83566],[12.29894,46.83392],[12.29869,46.83219],[12.29819,46.83049],[12.29746,46.82883],[12.2965,46.82722],[12.29531,46.82568],[12.29392,46.82423],[12.29233,46.82288],[12.28281,46.81556],[12.28281,46.81555],[12.28237,46.81522],[12.28418,46.81287],[12.28525,46.81131],[12.28609,46.80968],[12.28671,46.808],[12.28709,46.80629],[12.28723,46.80457],[12.28713,46.80284],[12.28678,46.80113],[12.2862,46.79944],[12.28539,46.79781],[12.28435,46.79623],[12.2831,46.79473],[12.28165,46.79332],[12.28087,46.79264],[12.28086,46.79264],[12.28048,46.7923],[12.28443,46.7829],[12.30375,46.78462],[12.30658,46.78477],[12.30944,46.7847],[12.31226,46.78441],[12.31502,46.78392],[12.32427,46.7819],[12.32649,46.78133],[12.32863,46.78063],[12.33254,46.7792],[12.33266,46.7792],[12.33362,46.77902],[12.33438,46.77891],[12.337,46.77831],[12.33951,46.77753],[12.34189,46.77657],[12.34204,46.77651],[12.34254,46.77626],[12.34261,46.77626],[12.34344,46.77609],[12.34575,46.77551],[12.34797,46.77478],[12.35008,46.77392],[12.35206,46.77292],[12.35391,46.7718],[12.35559,46.77056],[12.35709,46.76923],[12.35841,46.7678],[12.35952,46.76629],[12.36042,46.76472],[12.36512,46.75527],[12.36578,46.75372],[12.36624,46.75214],[12.36674,46.74985],[12.36699,46.74817],[12.36701,46.74699],[12.36703,46.7468],[12.367,46.74674],[12.36705,46.74669],[12.36709,46.7466],[12.36761,46.74547],[12.36811,46.74398],[12.36842,46.7425],[12.36841,46.74236],[12.36914,46.74041],[12.36917,46.74042],[12.36919,46.7404],[12.37056,46.73889],[12.3717,46.7373],[12.37261,46.73563],[12.37328,46.73392],[12.37387,46.73204],[12.3739,46.73204],[12.37394,46.73198],[12.37503,46.73064],[12.37602,46.72909],[12.3768,46.72749],[12.37735,46.72584],[12.37768,46.72417],[12.37774,46.72307],[12.37775,46.72307],[12.37778,46.72265],[12.37777,46.72224],[12.384,46.71642],[12.38409,46.71641],[12.38516,46.71603],[12.38753,46.71508],[12.38751,46.71506],[12.38771,46.715],[12.38862,46.71459],[12.38861,46.71459],[12.38877,46.71452],[12.39099,46.71339],[12.39106,46.71335],[12.3912,46.71324],[12.39133,46.71321],[12.39148,46.71314],[12.39322,46.71226],[12.39459,46.71143],[12.39466,46.71139],[12.39468,46.71135],[12.39481,46.71133],[12.39576,46.71092],[12.39786,46.70992],[12.39981,46.70878],[12.40159,46.70752],[12.40232,46.70694],[12.40237,46.70695],[12.4024,46.70694],[12.40437,46.7063],[12.40639,46.70549],[12.40831,46.70455],[12.41009,46.7035],[12.41103,46.70284],[12.41129,46.70267],[12.41133,46.70261],[12.41145,46.70257],[12.41217,46.70212],[12.4139,46.70092],[12.41396,46.70088],[12.41399,46.70082],[12.41814,46.69962],[12.42024,46.69894],[12.42225,46.69812],[12.42414,46.69719],[12.42591,46.69615],[12.42754,46.695],[12.42777,46.69481],[12.42777,46.69479],[12.42798,46.69476],[12.42882,46.69455],[12.42896,46.69452],[12.43125,46.69388],[12.43345,46.6931],[12.43553,46.69217],[12.43747,46.69111],[12.43899,46.69011],[12.43918,46.68996],[12.4427,46.68843],[12.44275,46.68845],[12.44374,46.68856],[12.44613,46.68875],[12.44855,46.68878],[12.45095,46.68865],[12.45333,46.68838],[12.45445,46.68821],[12.45446,46.68819],[12.45527,46.6881],[12.45815,46.68765],[12.46093,46.68699],[12.46195,46.6867],[12.46202,46.68666],[12.46215,46.68665],[12.46437,46.68626],[12.46671,46.68568],[12.46895,46.68495],[12.47109,46.68408],[12.47309,46.68307],[12.47495,46.68193],[12.47664,46.68068],[12.47815,46.67932],[12.47873,46.67868],[12.47898,46.67845],[12.47908,46.67831],[12.47959,46.67801],[12.47981,46.67788],[12.48026,46.67762],[12.4828,46.677],[12.48302,46.67703],[12.4836,46.67704],[12.48417,46.67708],[12.48658,46.67707],[12.48898,46.67691],[12.49135,46.6766],[12.49242,46.67643],[12.49309,46.67657],[12.49339,46.67662],[12.49535,46.67691],[12.49677,46.67704],[12.49698,46.67706],[12.497,46.67705],[12.49742,46.67715],[12.49945,46.67749],[12.5017,46.67773],[12.50397,46.67784],[12.50612,46.67781],[12.50613,46.67779],[12.50768,46.67777],[12.51027,46.67766],[12.51284,46.67736],[12.51535,46.6769],[12.51778,46.67626],[12.5201,46.67546],[12.5223,46.6745],[12.52435,46.6734],[12.52624,46.67217],[12.52793,46.67081],[12.5287,46.67012],[12.52871,46.67006],[12.53196,46.66898],[12.53421,46.66814],[12.53633,46.66714],[12.53829,46.66601],[12.54009,46.66475],[12.54724,46.65922],[12.54746,46.65918],[12.54785,46.65908],[12.54884,46.65885],[12.55109,46.65817],[12.55324,46.65734],[12.55526,46.65638],[12.55714,46.65529],[12.55887,46.65409],[12.55966,46.65342],[12.56,46.65316],[12.56001,46.65312],[12.56903,46.6514],[12.57057,46.65229],[12.5725,46.65332],[12.57456,46.65421],[12.57673,46.65497],[12.57899,46.65559],[12.58133,46.65606],[12.58373,46.65637],[12.58615,46.65653],[12.58857,46.65654],[12.60272,46.6561],[12.6055,46.65708],[12.60788,46.65781],[12.61036,46.65838],[12.61291,46.65877],[12.6155,46.65898],[12.61811,46.65902],[12.62072,46.65887],[12.62329,46.65855],[12.6258,46.65805],[12.62823,46.65738],[12.63054,46.65655],[12.63273,46.65556],[12.63329,46.65524],[12.63403,46.65487],[12.63405,46.65483],[12.64122,46.65221],[12.65066,46.65312],[12.66175,46.65594],[12.6644,46.6565],[12.66714,46.65687],[12.66991,46.65704],[12.6727,46.657],[12.67545,46.65675],[12.68206,46.65592],[12.68218,46.65593],[12.68472,46.65591],[12.68741,46.65569],[12.69007,46.65529],[12.69264,46.65469],[12.69511,46.65391],[12.69745,46.65296],[12.69964,46.65185],[12.70123,46.65095],[12.70325,46.65071],[12.70571,46.65033],[12.70811,46.64979],[12.71043,46.6491],[12.71263,46.64825],[12.71471,46.64726],[12.71664,46.64614],[12.71841,46.64489],[12.71999,46.64353],[12.72134,46.64211],[12.72163,46.64173],[12.72172,46.6417],[12.72376,46.64058],[12.72574,46.63923],[12.72749,46.63775],[12.72901,46.63615],[12.72981,46.63506],[12.72998,46.63486],[12.73006,46.63473],[12.73026,46.63477],[12.73118,46.63485],[12.73363,46.63499],[12.73608,46.63497],[12.73724,46.63489],[12.73776,46.63487],[12.73785,46.63484],[12.73805,46.63498],[12.73976,46.63597],[12.74192,46.63697],[12.7442,46.63782],[12.74564,46.63829],[12.74565,46.63834],[12.74614,46.63885],[12.74766,46.64027],[12.74937,46.64158],[12.75126,46.64277],[12.75331,46.64383],[12.7555,46.64474],[12.75781,46.6455],[12.76022,46.64609],[12.7627,46.64653],[12.76523,46.64679],[12.76779,46.64688],[12.77034,46.6468],[12.77286,46.64655],[12.78015,46.64556],[12.7828,46.6451],[12.78537,46.64445],[12.78783,46.64362],[12.79015,46.64261],[12.7923,46.64144],[12.79427,46.64013],[12.79598,46.63871],[12.79598,46.63868],[12.80405,46.63317],[12.806,46.6329],[12.8083,46.63251],[12.81054,46.63197],[12.81271,46.6313],[12.81477,46.63049],[12.81672,46.62956],[12.81854,46.62851],[12.81899,46.62823],[12.81904,46.62817],[12.81907,46.62818],[12.81928,46.62809],[12.82096,46.62748],[12.82302,46.62654],[12.82495,46.62548],[12.82672,46.62429],[12.82833,46.62299],[12.82974,46.6216],[12.83097,46.62012],[12.83198,46.61856],[12.83277,46.61695],[12.83334,46.61529],[12.83369,46.6136],[12.83379,46.6119],[12.83369,46.61043],[12.83364,46.61022],[12.84774,46.60542],[12.86086,46.60644],[12.86091,46.60648],[12.86096,46.60649],[12.86344,46.60704],[12.86621,46.60744],[12.86902,46.60763],[12.87184,46.60761],[12.87293,46.60756],[12.87302,46.60753],[12.87308,46.60756],[12.87365,46.60757],[12.87473,46.60764],[12.8772,46.60764],[12.87966,46.60748],[12.88202,46.60716],[12.88209,46.60713],[12.88854,46.60669],[12.88873,46.60676],[12.88928,46.60689],[12.89003,46.6071],[12.89237,46.60759],[12.89476,46.60793],[12.89719,46.6081],[12.89964,46.60812],[12.90208,46.60799],[12.90448,46.60769],[12.90492,46.60762],[12.90504,46.60758],[12.90523,46.60766],[12.90597,46.60786],[12.90617,46.60793],[12.90845,46.6085],[12.9108,46.60892],[12.91319,46.60919],[12.91562,46.6093],[12.91804,46.60925],[12.92424,46.60894],[12.92435,46.60896],[12.9253,46.60894],[12.92622,46.60894],[12.92889,46.60876],[12.93152,46.60839],[12.93408,46.60783],[12.93654,46.6071],[12.93888,46.6062],[12.94489,46.60358],[12.94884,46.60226],[12.94895,46.60231],[12.9494,46.60245],[12.95044,46.60282],[12.95276,46.60345],[12.95517,46.60393],[12.95763,46.60425],[12.96012,46.60441],[12.96262,46.60439],[12.96511,46.60422],[12.96756,46.60387],[12.96996,46.60337],[12.97227,46.60271],[12.97448,46.60191],[12.97751,46.60067],[12.97762,46.60072],[12.97955,46.60119],[12.98178,46.60158],[12.98405,46.60184],[12.98635,46.60195],[12.98865,46.60193],[12.99087,46.60184],[12.99336,46.60165],[12.99582,46.6013],[13.00739,46.59925],[13.00776,46.59932],[13.01005,46.59965],[13.01259,46.59983],[13.01513,46.59984],[13.01767,46.59968],[13.02017,46.59935],[13.02261,46.59885],[13.02497,46.59819],[13.02723,46.59737],[13.02754,46.59725],[13.0276,46.5972],[13.0345,46.59723],[13.03734,46.59713],[13.04015,46.59682],[13.0429,46.5963],[13.04555,46.59558],[13.04581,46.5955],[13.04642,46.59528],[13.04971,46.59585],[13.04976,46.59589],[13.05044,46.59603],[13.05293,46.59647],[13.05548,46.59673],[13.05805,46.59682],[13.05904,46.59679],[13.05967,46.59679],[13.0598,46.59677],[13.06043,46.59693],[13.06071,46.59701],[13.0613,46.59716],[13.0613,46.59719],[13.06165,46.59729],[13.06422,46.59796],[13.06689,46.59844],[13.06961,46.59872],[13.07237,46.59881],[13.07244,46.59881],[13.07249,46.59878],[13.07255,46.59881],[13.07281,46.59885],[13.07554,46.59911],[13.07831,46.59917],[13.07886,46.59916],[13.07893,46.59914],[13.07901,46.59917],[13.07972,46.59925],[13.08213,46.59946],[13.08456,46.59951],[13.08699,46.59941],[13.08939,46.59915],[13.09174,46.59873],[13.09404,46.59817],[13.09624,46.59746],[13.09659,46.59734],[13.09665,46.59729],[13.10266,46.59536],[13.10274,46.59536],[13.10341,46.59517],[13.10508,46.59474],[13.10595,46.59447],[13.10613,46.59439],[13.10616,46.59441],[13.10682,46.59441],[13.10778,46.59444],[13.11022,46.59435],[13.11264,46.59411],[13.11315,46.59404],[13.11573,46.59361],[13.11822,46.59299],[13.12062,46.5922],[13.12154,46.59186],[13.12167,46.59178],[13.12186,46.59177],[13.12481,46.5912],[13.12564,46.591],[13.12575,46.59095],[13.1258,46.59097],[13.12639,46.59096],[13.12724,46.59097],[13.12951,46.59085],[13.13029,46.59079],[13.13034,46.59076],[13.13034,46.59079],[13.13134,46.5907],[13.13202,46.59067],[13.13463,46.59036],[13.1372,46.58987],[13.13967,46.5892],[13.14204,46.58836],[13.14339,46.58776],[13.14378,46.5876],[13.14381,46.58756],[13.14632,46.58709],[13.14638,46.58712],[13.14646,46.58714],[13.14895,46.58758],[13.15149,46.58785],[13.15406,46.58794],[13.15663,46.58786],[13.15917,46.5876],[13.16167,46.58717],[13.16409,46.58657],[13.16641,46.58581],[13.16862,46.5849],[13.17069,46.58384],[13.17126,46.58352],[13.17139,46.58348],[13.17217,46.58309],[13.17426,46.58191],[13.17617,46.58059],[13.17787,46.57913],[13.17797,46.57904],[13.17913,46.57784],[13.17914,46.57779],[13.19467,46.57188],[13.19519,46.5719],[13.19779,46.57184],[13.20045,46.57159],[13.20306,46.57114],[13.20559,46.57052],[13.20802,46.56971],[13.20886,46.5694],[13.20909,46.56928],[13.20917,46.56929],[13.20969,46.56925],[13.21224,46.56896],[13.21472,46.56849],[13.21713,46.56785],[13.21944,46.56706],[13.22163,46.56611],[13.22366,46.56501],[13.22553,46.56379],[13.22722,46.56244],[13.2287,46.56098],[13.22997,46.55943],[13.23101,46.5578],[13.23182,46.5561],[13.23238,46.55436],[13.23253,46.55374],[13.23253,46.55359],[13.23979,46.55171],[13.23981,46.55175],[13.24035,46.55212],[13.24215,46.55325],[13.24411,46.55425],[13.24619,46.55513],[13.24839,46.55587],[13.25067,46.55646],[13.25302,46.5569],[13.25543,46.55719],[13.25786,46.55732],[13.2603,46.55729],[13.26091,46.55727],[13.26098,46.55724],[13.26116,46.55733],[13.26137,46.5574],[13.2638,46.5581],[13.26631,46.55863],[13.2689,46.55898],[13.27152,46.55915],[13.27415,46.55914],[13.27677,46.55894],[13.27935,46.55857],[13.28185,46.55801],[13.2855,46.55706],[13.28553,46.55709],[13.28585,46.55715],[13.28743,46.55752],[13.28982,46.55792],[13.29225,46.55815],[13.2947,46.55823],[13.29715,46.55815],[13.29958,46.5579],[13.30197,46.5575],[13.30429,46.55695],[13.30652,46.55625],[13.30865,46.55541],[13.31271,46.55362],[13.32059,46.55119],[13.32184,46.5528],[13.3233,46.55445],[13.325,46.55598],[13.32588,46.55669],[13.32779,46.55807],[13.32991,46.55931],[13.3368,46.56291],[13.33897,46.56393],[13.34129,46.5648],[13.34372,46.5655],[13.34625,46.56602],[13.34884,46.56637],[13.35146,46.56654],[13.35236,46.56656],[13.3524,46.56654],[13.35258,46.56661],[13.35324,46.56676],[13.35423,46.56702],[13.35684,46.56751],[13.35951,46.56781],[13.36221,46.56791],[13.36491,46.56782],[13.36758,46.56754],[13.37019,46.56707],[13.37028,46.56705],[13.37047,46.56698],[13.37055,46.56705],[13.37273,46.56797],[13.37507,46.56875],[13.37752,46.56937],[13.38004,46.56982],[13.38262,46.57009],[13.38522,46.57018],[13.38782,46.57009],[13.3904,46.56982],[13.39292,46.56938],[13.39537,46.56876],[13.39772,46.56798],[13.39995,46.56704],[13.40202,46.56595],[13.40393,46.56472],[13.40565,46.56337],[13.40717,46.5619],[13.40749,46.56156],[13.4075,46.56151],[13.42723,46.55753],[13.42759,46.5576],[13.43008,46.55788],[13.43278,46.55798],[13.43548,46.55789],[13.43816,46.55761],[13.44078,46.55714],[13.44209,46.5568],[13.44265,46.55668],[13.44275,46.55663],[13.44653,46.55774],[13.44909,46.55839],[13.45174,46.55885],[13.45444,46.55911],[13.45716,46.55918],[13.46018,46.55915],[13.46213,46.55907],[13.46406,46.5589],[13.47526,46.5576],[13.47529,46.55763],[13.47538,46.55766],[13.47743,46.55842],[13.47983,46.5591],[13.48232,46.55962],[13.48487,46.55996],[13.48746,46.56013],[13.49006,46.56011],[13.49264,46.55992],[13.49519,46.55955],[13.49767,46.55901],[13.50005,46.5583],[13.50233,46.55742],[13.50447,46.5564],[13.50534,46.55594],[13.50534,46.55591],[13.50541,46.5559],[13.50616,46.55558],[13.50798,46.55472],[13.5097,46.55375],[13.51129,46.55269],[13.51196,46.5522],[13.51197,46.55216],[13.51997,46.5469],[13.53498,46.54967],[13.53502,46.5497],[13.53514,46.54972],[13.53716,46.55024],[13.53958,46.55068],[13.54205,46.55096],[13.54454,46.55108],[13.54704,46.55103],[13.54952,46.55081],[13.55196,46.55043],[13.55434,46.5499],[13.55663,46.5492],[13.55882,46.54836],[13.56088,46.54738],[13.56279,46.54626],[13.56454,46.54502],[13.56611,46.54368],[13.56749,46.54223],[13.56866,46.5407],[13.56898,46.54015],[13.56931,46.53968],[13.56931,46.53963],[13.57628,46.53801],[13.58296,46.53972],[13.583,46.53977],[13.5838,46.54015],[13.58593,46.54104],[13.58817,46.5418],[13.59051,46.5424],[13.59292,46.54285],[13.59538,46.54313],[13.59788,46.54325],[13.60037,46.5432],[13.601,46.54317],[13.60103,46.54315],[13.60729,46.54344],[13.60947,46.54347],[13.61164,46.54339],[13.61378,46.54317],[13.62148,46.54218],[13.62398,46.54177],[13.62643,46.54119],[13.62878,46.54044],[13.63102,46.53953],[13.6331,46.53847],[13.63804,46.53571],[13.63825,46.53564],[13.6385,46.53551],[13.64033,46.53451],[13.64202,46.5334],[13.64253,46.533],[13.64287,46.53276],[13.643,46.53263],[13.64305,46.53265],[13.64369,46.53261],[13.64605,46.53236],[13.64836,46.53197],[13.65062,46.53143],[13.65279,46.53075],[13.65487,46.52994],[13.65683,46.52899],[13.65866,46.52793],[13.65898,46.52772],[13.659,46.52769],[13.65952,46.5276],[13.66158,46.52712],[13.66215,46.52698],[13.66272,46.52683],[13.66281,46.52682],[13.66283,46.52682],[13.66487,46.52639],[13.66706,46.52579],[13.66916,46.52504],[13.67115,46.52417],[13.673,46.52319],[13.67307,46.52313],[13.68038,46.52167],[13.68056,46.52167],[13.6814,46.52158],[13.68387,46.52123],[13.68627,46.52072],[13.68859,46.52006],[13.6908,46.51924],[13.6929,46.51828],[13.69485,46.51718],[13.69664,46.51596],[13.69825,46.51463],[13.69966,46.51319],[13.70088,46.51167],[13.70187,46.51008],[13.70264,46.50842],[13.70317,46.50673],[13.70347,46.505],[13.70352,46.50327],[13.70333,46.50154],[13.70291,46.49983],[13.70269,46.49929],[13.70257,46.49889],[13.70249,46.49875],[13.70253,46.49873],[13.70286,46.49716],[13.70292,46.49637],[13.70297,46.49607],[13.70295,46.49601],[13.70298,46.496],[13.70299,46.49597],[13.70297,46.49594],[13.703,46.49579],[13.70305,46.49575],[13.70313,46.49548],[13.70353,46.49447],[13.70394,46.49277],[13.70412,46.49105],[13.70407,46.48933],[13.70377,46.48762],[13.70349,46.48674],[13.70337,46.48634],[13.70337,46.48633],[13.70306,46.48535],[13.70305,46.48531],[13.70306,46.48529],[13.70301,46.48528],[13.70303,46.48512],[13.70315,46.4848],[13.70316,46.48478],[13.70341,46.48324],[13.70344,46.48146],[13.70322,46.47969],[13.70275,46.47795],[13.70203,46.47624],[13.70107,46.47459],[13.70095,46.47442],[13.70094,46.47441],[13.70083,46.4743],[13.7008,46.47421],[13.70037,46.47362],[13.70031,46.47356],[13.70028,46.4735],[13.70008,46.47322],[13.70001,46.47314],[13.6987,46.47167],[13.69718,46.4703],[13.69548,46.46903],[13.69376,46.46797],[13.69375,46.46796],[13.69367,46.46794],[13.69364,46.46789],[13.69367,46.46781],[13.69366,46.46772],[13.6937,46.46618],[13.69371,46.46566],[13.6937,46.4654],[13.69367,46.46532],[13.69368,46.46526],[13.6937,46.46524],[13.69373,46.46489],[13.69373,46.4648],[13.69373,46.4647],[13.69381,46.46457],[13.69386,46.46456],[13.69389,46.46451],[13.69487,46.46287],[13.69561,46.46117],[13.6961,46.45943],[13.69634,46.45766],[13.69634,46.45589],[13.69608,46.45412],[13.69557,46.45238],[13.6952,46.45155],[13.69508,46.45127],[13.69508,46.45126],[13.69467,46.4503],[13.69446,46.44992],[13.69432,46.44961],[13.69429,46.44959],[13.69423,46.44951],[13.6942,46.44944],[13.69421,46.44935],[13.69387,46.44859],[13.69365,46.44803],[13.69272,46.44632],[13.69155,46.44468],[13.69013,46.44313],[13.6885,46.44169],[13.68667,46.44037],[13.686,46.43998],[13.68533,46.43956],[13.68525,46.43953],[13.68501,46.43933],[13.685,46.43924],[13.68481,46.43884],[13.68406,46.4375],[13.68402,46.43747],[13.68385,46.43717],[13.68387,46.43712],[13.68353,46.43641],[13.68336,46.43598],[13.68233,46.43415],[13.68102,46.43241],[13.68098,46.43237],[13.68098,46.43236],[13.68095,46.43237],[13.68083,46.43193],[13.68055,46.43089],[13.68043,46.43046],[13.68046,46.43044],[13.68034,46.42984],[13.67994,46.42832],[13.67935,46.42683],[13.67858,46.42537],[13.67798,46.42449],[13.67799,46.42449],[13.67773,46.4241],[13.67744,46.42373],[13.67812,46.42312],[13.67986,46.42135],[13.68082,46.42007],[13.68103,46.41982],[13.68111,46.41968],[13.68476,46.42057],[13.68493,46.42068],[13.68706,46.42159],[13.68931,46.42235],[13.69166,46.42296],[13.69283,46.42322],[13.693,46.42323],[13.69359,46.4235],[13.69378,46.42358],[13.69617,46.42443],[13.69866,46.42511],[13.70125,46.42561],[13.7039,46.42592],[13.70447,46.42595],[13.70538,46.42602],[13.70559,46.42601],[13.70675,46.42651],[13.70924,46.42744],[13.71187,46.42818],[13.7146,46.42871],[13.71524,46.42879],[13.71523,46.42879],[13.71641,46.42896],[13.71645,46.42895],[13.71818,46.42967],[13.71902,46.43002],[13.72132,46.43087],[13.72374,46.43156],[13.72625,46.43208],[13.72882,46.43242],[13.73143,46.43258],[13.73405,46.43255],[13.73665,46.43235],[13.73921,46.43196],[13.7417,46.4314],[13.74409,46.43067],[13.74637,46.42977],[13.74851,46.42872],[13.75045,46.42755],[13.75047,46.4275],[13.75913,46.42397],[13.76223,46.42363],[13.76227,46.42365],[13.76263,46.42365],[13.76518,46.42354],[13.76772,46.42325],[13.7702,46.4228],[13.77211,46.4223],[13.77216,46.42229],[13.77235,46.42223],[13.77238,46.42224],[13.7724,46.42224],[13.77518,46.42191],[13.7779,46.42138],[13.78052,46.42064],[13.78258,46.41987],[13.78258,46.41986],[13.78434,46.41919],[13.78678,46.41815],[13.78904,46.41692],[13.79109,46.41553],[13.79177,46.41495],[13.79243,46.41444],[13.79242,46.41441],[13.7925,46.41441],[13.79306,46.41421],[13.79539,46.41331],[13.79758,46.41225],[13.79961,46.41104],[13.8,46.41078],[13.80001,46.41074],[13.80053,46.41053],[13.80104,46.4103],[13.80102,46.41029],[13.80228,46.40972],[13.80425,46.40862],[13.80605,46.4074],[13.80767,46.40606],[13.8091,46.40461],[13.81033,46.40308],[13.81133,46.40147],[13.8121,46.39981],[13.81255,46.39837],[13.81258,46.39816],[13.8127,46.39803],[13.81278,46.39787],[13.8134,46.39693],[13.81421,46.3953],[13.81478,46.39362],[13.81513,46.39191],[13.81523,46.39019],[13.8151,46.38847],[13.81509,46.38839],[13.815,46.38796],[13.81546,46.38766],[13.81557,46.38758],[13.81724,46.38628],[13.81873,46.38488],[13.82001,46.38338],[13.82107,46.3818],[13.82192,46.38016],[13.82253,46.37847],[13.8229,46.37675],[13.82303,46.37501],[13.82292,46.37328],[13.82257,46.37155],[13.82197,46.36986],[13.82115,46.36822],[13.8201,46.36664],[13.81884,46.36514],[13.81737,46.36373],[13.81572,46.36242],[13.81388,46.36124],[13.8119,46.36018],[13.80977,46.35926],[13.80753,46.35848],[13.80519,46.35786],[13.80277,46.3574],[13.8003,46.3571],[13.7978,46.35697],[13.79529,46.35701],[13.79446,46.35705],[13.79424,46.35709],[13.79374,46.3568],[13.78438,46.35154],[13.78228,46.35047],[13.78003,46.34956],[13.77101,46.34629],[13.77021,46.346],[13.76947,46.34564],[13.76903,46.34542],[13.76684,46.34445],[13.76452,46.34363],[13.76209,46.34298],[13.75958,46.3425],[13.75701,46.3422],[13.75579,46.34214],[13.75531,46.3421],[13.75509,46.3421],[13.75497,46.34198],[13.75494,46.34196],[13.75318,46.34078],[13.75127,46.33972],[13.74922,46.3388],[13.74706,46.33801],[13.7448,46.33736],[13.74476,46.33736],[13.74464,46.33735],[13.74434,46.33696],[13.74128,46.33299],[13.74098,46.3326],[13.7425,46.32162],[13.74254,46.32154],[13.7426,46.32123],[13.74283,46.31952],[13.74281,46.31779],[13.74256,46.31608],[13.74208,46.31439],[13.74136,46.31274],[13.74042,46.31114],[13.73927,46.30962],[13.73791,46.30818],[13.73636,46.30683],[13.73496,46.30584],[13.73491,46.3058],[13.7348,46.30575],[13.73436,46.30536],[13.72528,46.29715],[13.72488,46.2968],[13.72498,46.29674],[13.7256,46.29612],[13.72689,46.29467],[13.72798,46.29315],[13.72885,46.29156],[13.72951,46.28992],[13.72994,46.28825],[13.73015,46.28655],[13.73013,46.28561],[13.73015,46.28533],[13.73012,46.28524],[13.73078,46.28476],[13.7325,46.28337],[13.73402,46.28186],[13.7353,46.28026],[13.73634,46.27857],[13.73713,46.27682],[13.73718,46.27669],[13.73731,46.27625],[13.73743,46.27623],[13.73785,46.27606],[13.73884,46.27572],[13.7409,46.27483],[13.74283,46.27381],[13.74461,46.27267],[13.74624,46.27142],[13.74769,46.27007],[13.74895,46.26864],[13.75062,46.26653],[13.75072,46.26648],[13.75219,46.26543],[13.75366,46.26418],[13.75496,46.26285],[13.75695,46.26059],[13.75755,46.26041],[13.75775,46.26034],[13.75827,46.26018],[13.75884,46.26012],[13.7591,46.2601],[13.75982,46.26002],[13.76007,46.26005],[13.76017,46.26005],[13.7628,46.25999],[13.7654,46.25975],[13.76795,46.25932],[13.77043,46.25872],[13.7728,46.25795],[13.77506,46.25701],[13.77716,46.25592],[13.7791,46.25469],[13.78085,46.25333],[13.78258,46.25184],[13.79087,46.24909],[13.79244,46.24853],[13.80115,46.24512],[13.80302,46.24431],[13.80479,46.24339],[13.80644,46.24238],[13.81252,46.23829],[13.81526,46.23873],[13.81817,46.23907],[13.82111,46.23917],[13.82451,46.23916],[13.82693,46.23908],[13.82933,46.23883],[13.83169,46.23843],[13.83399,46.23788],[13.8362,46.23719],[13.8383,46.23635],[13.84591,46.23298],[13.84654,46.23299],[13.84659,46.23299],[13.84937,46.23283],[13.85211,46.23245],[13.85478,46.23188],[13.85734,46.23111],[13.85976,46.23015],[13.86526,46.2277],[13.87535,46.22591],[13.87554,46.22598],[13.87564,46.226],[13.87797,46.22643],[13.88034,46.2267],[13.88275,46.22682],[13.88515,46.22679],[13.88755,46.2266],[13.88991,46.22625],[13.89208,46.22579],[13.89216,46.22575],[13.89715,46.22639],[13.89724,46.22645],[13.89781,46.22667],[13.89989,46.22741],[13.90206,46.22801],[13.9043,46.22847],[13.9066,46.22879],[13.90892,46.22897],[13.91126,46.229],[13.91241,46.22897],[13.91248,46.22895],[13.91259,46.229],[13.91312,46.2291],[13.91541,46.22947],[13.91773,46.2297],[13.92007,46.22978],[13.92016,46.22976],[13.92061,46.22984],[13.92287,46.23009],[13.92537,46.2302],[13.92761,46.23014],[13.92766,46.23014],[13.92775,46.23012],[13.92793,46.23017],[13.92865,46.23026],[13.9299,46.23047],[13.93271,46.2307],[13.93331,46.23073],[13.93401,46.23074],[13.93407,46.23077],[13.93454,46.23082],[13.9356,46.23098],[13.93786,46.23118],[13.94014,46.23125],[13.94209,46.23124],[13.94228,46.23128],[13.94309,46.23135],[13.94561,46.2315],[13.94613,46.2315],[13.94698,46.23152],[13.94711,46.2315],[13.94714,46.23154],[13.94783,46.23176],[13.94843,46.23199],[13.95066,46.23265],[13.95297,46.23316],[13.95534,46.23352],[13.95775,46.23372],[13.96017,46.23376],[13.96259,46.23365],[13.96499,46.23338],[13.96587,46.23325],[13.96593,46.23322],[13.96613,46.23327],[13.96666,46.23334],[13.96916,46.23358],[13.97168,46.23366],[13.97419,46.23356],[13.97669,46.23329],[13.97913,46.23286],[13.98151,46.23226],[13.98378,46.23151],[13.98595,46.23061],[13.98797,46.22956],[13.98984,46.22838],[13.99154,46.22708],[13.99305,46.22567],[13.99435,46.22417],[13.99544,46.22259],[13.9963,46.22094],[13.99693,46.21924],[13.99732,46.21751],[13.99746,46.21576],[13.99736,46.214],[13.99701,46.21227],[13.99642,46.21056],[13.9956,46.20891],[13.99461,46.20741],[13.99453,46.20735],[13.99446,46.2072],[13.99426,46.20694],[13.99408,46.20664],[13.99305,46.20532],[13.99274,46.205],[13.99247,46.20468],[13.99235,46.20457],[13.99233,46.20449],[13.99232,46.20446],[13.99084,46.20215],[13.99035,46.20151],[13.99008,46.20116],[13.98995,46.20078],[13.98913,46.1983],[13.98894,46.19772],[13.98886,46.19713],[13.98836,46.19356],[13.98812,46.19227],[13.98584,46.18293],[13.98573,46.1825],[13.98577,46.18247],[13.986,46.18191],[13.9866,46.18005],[13.98692,46.17814],[13.98693,46.17656],[13.98694,46.17643],[13.98692,46.17639],[13.98696,46.17639],[13.98756,46.17594],[13.98915,46.17463],[13.99014,46.17364],[13.99035,46.17345],[13.99034,46.17343],[13.99825,46.16981],[13.99835,46.16982],[13.9992,46.16968],[14.00062,46.16949],[14.00137,46.16932],[14.00138,46.16933],[14.00253,46.16911],[14.00261,46.16907],[14.00265,46.1691],[14.00388,46.16933],[14.00387,46.16934],[14.00506,46.16959],[14.00509,46.16958],[14.00514,46.16961],[14.00614,46.16982],[14.00641,46.16989],[14.00884,46.17031],[14.01133,46.17057],[14.01384,46.17066],[14.01635,46.17058],[14.01884,46.17033],[14.02128,46.16991],[14.02365,46.16933],[14.02423,46.16917],[14.02429,46.16912],[14.02752,46.16901],[14.02814,46.16917],[14.02878,46.16931],[14.02878,46.1693],[14.03022,46.16962],[14.03261,46.16999],[14.03503,46.17019],[14.03746,46.17024],[14.0399,46.17012],[14.0423,46.16985],[14.04466,46.16942],[14.04649,46.16896],[14.04667,46.16891],[14.04668,46.16891],[14.04696,46.16884],[14.04748,46.16869],[14.04747,46.16867],[14.04901,46.16821],[14.05124,46.16736],[14.05334,46.16636],[14.05528,46.16522],[14.05706,46.16395],[14.05865,46.16257],[14.06004,46.16108],[14.06121,46.15951],[14.06216,46.15786],[14.06286,46.15616],[14.06333,46.15442],[14.06355,46.15266],[14.06352,46.15089],[14.06324,46.14913],[14.06271,46.1474],[14.06194,46.14572],[14.06094,46.14409],[14.05971,46.14254],[14.05827,46.14109],[14.05711,46.14012],[14.0571,46.14012],[14.0566,46.1397],[14.05634,46.13919],[14.05635,46.13904],[14.0563,46.13869],[14.05626,46.13821],[14.05596,46.13664],[14.05594,46.13653],[14.05592,46.13652],[14.05592,46.13649],[14.05589,46.13638],[14.05541,46.13486],[14.05473,46.13338],[14.05388,46.13195],[14.05285,46.13057],[14.05267,46.13035],[14.05263,46.13034],[14.05233,46.12994],[14.05201,46.12955],[14.05138,46.12878],[14.05076,46.12813],[14.05059,46.12794],[14.05053,46.12791],[14.05052,46.12786],[14.04961,46.12695],[14.04963,46.12694],[14.04906,46.12634],[14.04893,46.12623],[14.04892,46.12617],[14.04859,46.1256],[14.04738,46.12383],[14.0459,46.12216],[14.04425,46.1205],[14.04386,46.12011],[14.04374,46.11964],[14.04367,46.11945],[14.04295,46.11772],[14.04197,46.11604],[14.04077,46.11444],[14.03933,46.11294],[14.03769,46.11154],[14.03585,46.11026],[14.03384,46.10912],[14.03046,46.10739],[14.03001,46.10716],[14.02941,46.10654],[14.02941,46.10646],[14.02916,46.10585],[14.0291,46.10566],[14.02838,46.10411],[14.02745,46.10261],[14.02634,46.10118],[14.02504,46.09982],[14.02357,46.09855],[14.02126,46.09673],[14.02084,46.0964],[14.02086,46.09636],[14.02075,46.0961],[14.02049,46.09531],[14.01983,46.09385],[14.01899,46.09245],[14.01864,46.09192],[14.0186,46.09191],[14.01848,46.09147],[14.01797,46.0896],[14.01785,46.08916],[14.01791,46.08908],[14.0182,46.08833],[14.0188,46.08628],[14.01904,46.08432],[14.01904,46.08404],[14.01913,46.08398],[14.01929,46.08381],[14.02048,46.08244],[14.02149,46.08099],[14.02231,46.07949],[14.02294,46.07794],[14.02318,46.07723],[14.02317,46.07718],[14.02326,46.07713],[14.02472,46.07585],[14.02603,46.07447],[14.02706,46.07312],[14.02722,46.07284],[14.02742,46.07279],[14.0275,46.07276],[14.03013,46.0717],[14.03073,46.07139],[14.03169,46.07093],[14.03178,46.07086],[14.03195,46.07081],[14.03429,46.06982],[14.03654,46.0686],[14.03859,46.06722],[14.03942,46.06659],[14.03945,46.06653],[14.04172,46.06552],[14.04175,46.06553],[14.04209,46.06546],[14.04452,46.0648],[14.04631,46.06416],[14.04659,46.06408],[14.04658,46.06406],[14.04671,46.06404],[14.04732,46.06385],[14.04951,46.06307],[14.05158,46.06216],[14.05352,46.06111],[14.05527,46.05996],[14.05528,46.05993],[14.05773,46.0586],[14.05777,46.05861],[14.05806,46.05847],[14.05953,46.05782],[14.06152,46.05675],[14.06334,46.05555],[14.06499,46.05423],[14.06556,46.05367],[14.06586,46.05341],[14.06597,46.05327],[14.07153,46.05151],[14.07173,46.05149],[14.07221,46.05139],[14.07335,46.0512],[14.07572,46.05061],[14.07799,46.04987],[14.08015,46.04898],[14.08218,46.04795],[14.08405,46.04678],[14.08575,46.0455],[14.08727,46.0441],[14.08859,46.04261],[14.08969,46.04104],[14.09057,46.0394],[14.09092,46.03864],[14.09089,46.03862],[14.09137,46.03833],[14.09183,46.03802],[14.09307,46.03718],[14.09414,46.03639],[14.09572,46.0351],[14.09713,46.0337],[14.09834,46.03222],[14.09865,46.03174],[14.09902,46.03125],[14.099,46.03122],[14.09905,46.0312],[14.09931,46.03085],[14.09982,46.03024],[14.1008,46.02877],[14.10159,46.02724],[14.10218,46.02566],[14.10256,46.02406],[14.10274,46.02244],[14.10278,46.02149],[14.10283,46.02145],[14.10322,46.02072],[14.10325,46.02068],[14.104,46.01906],[14.10452,46.0174],[14.10482,46.01572],[14.1049,46.01402],[14.1048,46.013],[14.1048,46.01273],[14.10477,46.01267],[14.10576,46.0117],[14.10582,46.0117],[14.10601,46.01164],[14.10812,46.01088],[14.11012,46.01],[14.112,46.00899],[14.11373,46.00786],[14.1147,46.00712],[14.11496,46.00693],[14.11498,46.00688],[14.11501,46.0069],[14.11505,46.00689],[14.11718,46.00617],[14.11921,46.00533],[14.12112,46.00435],[14.1216,46.00408],[14.12165,46.00402],[14.12168,46.00404],[14.12255,46.00393],[14.12509,46.00353],[14.12756,46.00294],[14.12993,46.00219],[14.13218,46.00127],[14.13429,46.0002],[14.13623,45.99898],[14.13799,45.99764],[14.13954,45.99618],[14.13964,45.99608],[14.13962,45.99606],[14.13972,45.99601],[14.14037,45.99545],[14.14044,45.9954],[14.14191,45.99402],[14.14319,45.99255],[14.14426,45.991],[14.14512,45.98939],[14.14575,45.98773],[14.14615,45.98603],[14.14632,45.98432],[14.14626,45.9826],[14.14596,45.98089],[14.14543,45.97922],[14.14467,45.97758],[14.14369,45.97601],[14.14251,45.9745],[14.14235,45.97433],[14.14228,45.97429],[14.14231,45.97425],[14.14232,45.9738],[14.1424,45.97307],[14.14234,45.97137],[14.14204,45.96967],[14.14152,45.96801],[14.14078,45.96638],[14.13982,45.96481],[14.13865,45.96332],[14.13728,45.9619],[14.13573,45.96059],[14.134,45.95938],[14.13212,45.95829],[14.12831,45.95629],[14.1278,45.95602],[14.13275,45.95058],[14.13397,45.94909],[14.13498,45.94752],[14.13577,45.94589],[14.13634,45.94421],[14.13668,45.9425],[14.13678,45.94078],[14.13664,45.93907],[14.13628,45.93736],[14.13568,45.9357],[14.13485,45.93407],[14.13381,45.93252],[14.13299,45.93154],[14.133,45.93154],[14.13268,45.93116],[14.13233,45.93079],[14.13235,45.93077],[14.13215,45.93036],[14.13208,45.9302],[14.13153,45.92914],[14.13137,45.92891],[14.13264,45.92256],[14.13672,45.92031],[14.13844,45.91926],[14.14003,45.91812],[14.14147,45.91688],[14.14274,45.91556],[14.14612,45.9117],[14.15923,45.90671],[14.16119,45.90589],[14.16304,45.90494],[14.16713,45.90265],[14.17117,45.90146],[14.17363,45.90062],[14.17596,45.8996],[14.17812,45.89842],[14.18008,45.89708],[14.18183,45.8956],[14.1822,45.89526],[14.1822,45.89522],[14.18226,45.89521],[14.18232,45.89516],[14.18399,45.894],[14.18566,45.89257],[14.18712,45.89104],[14.18834,45.88941],[14.18932,45.8877],[14.19004,45.88592],[14.19051,45.88411],[14.1907,45.88228],[14.19081,45.87911],[14.19254,45.87549],[14.20297,45.87088],[14.20393,45.87044],[14.20913,45.86791],[14.20917,45.86792],[14.20936,45.86786],[14.21165,45.86697],[14.21381,45.86592],[14.2158,45.86473],[14.2176,45.8634],[14.21921,45.86196],[14.22058,45.86042],[14.22055,45.86041],[14.22243,45.85829],[14.22249,45.85831],[14.22285,45.85826],[14.22516,45.85789],[14.22742,45.85738],[14.2296,45.85672],[14.23168,45.85592],[14.23365,45.855],[14.23549,45.85395],[14.23719,45.85278],[14.2387,45.85154],[14.23953,45.85078],[14.24093,45.84938],[14.24215,45.84787],[14.24315,45.84628],[14.24393,45.84463],[14.24449,45.84294],[14.2448,45.84122],[14.24488,45.83949],[14.24473,45.83776],[14.24433,45.83605],[14.2437,45.83437],[14.24285,45.83275],[14.24177,45.83119],[14.24049,45.82971],[14.24002,45.82923],[14.23995,45.82919],[14.24361,45.82487],[14.24363,45.82489],[14.24441,45.82482],[14.24679,45.82453],[14.24913,45.82409],[14.2514,45.82349],[14.25358,45.82275],[14.25535,45.82199],[14.25545,45.82195],[14.25549,45.82191],[14.25552,45.82193],[14.25671,45.82191],[14.25701,45.82192],[14.25961,45.82177],[14.26218,45.82144],[14.26468,45.82093],[14.2671,45.82025],[14.26941,45.81939],[14.27159,45.81838],[14.27336,45.81736],[14.27346,45.81731],[14.27347,45.81727],[14.2873,45.81078],[14.28796,45.8106],[14.2886,45.8104],[14.28859,45.81038],[14.28982,45.80999],[14.29212,45.80905],[14.29427,45.80795],[14.29625,45.8067],[14.29803,45.80531],[14.299,45.80439],[14.29923,45.80418],[14.29933,45.80406],[14.30245,45.80234],[14.30413,45.80139],[14.30597,45.80013],[14.30762,45.79874],[14.30907,45.79725],[14.31029,45.79566],[14.31128,45.79399],[14.31203,45.79226],[14.31253,45.79049],[14.31277,45.7887],[14.31276,45.78689],[14.31249,45.7851],[14.3122,45.78414],[14.31214,45.78386],[14.31207,45.78372],[14.32503,45.76016],[14.32509,45.76017],[14.32579,45.75999],[14.32815,45.7593],[14.3304,45.75845],[14.33253,45.75744],[14.33449,45.7563],[14.33629,45.75501],[14.33762,45.75386],[14.33762,45.75384],[14.39004,45.70827],[14.39499,45.70579],[14.3969,45.70473],[14.39867,45.70355],[14.40027,45.70225],[14.40169,45.70085],[14.40291,45.69936],[14.4039,45.69783],[14.43043,45.6512],[14.44979,45.6467],[14.45219,45.64604],[14.45451,45.64522],[14.45669,45.64423],[14.45872,45.64309],[14.46057,45.64181],[14.46224,45.64041],[14.46369,45.6389],[14.46492,45.63729],[14.46591,45.63561],[14.46666,45.63386],[14.46715,45.63207],[14.46738,45.63026],[14.46735,45.62843],[14.46706,45.62662],[14.46656,45.625],[14.46643,45.62473],[14.46675,45.62351],[14.4702,45.62195],[14.48164,45.61984],[14.48383,45.61936],[14.48596,45.61874],[14.48707,45.61834],[14.48745,45.61821],[14.48749,45.6182],[14.4875,45.61817],[14.48755,45.61818],[14.48979,45.61735],[14.492,45.61632],[14.49405,45.61514],[14.49591,45.61382],[14.49757,45.61236],[14.49901,45.6108],[14.50021,45.60914],[14.50116,45.6074],[14.50185,45.60561],[14.50187,45.60554],[14.50197,45.60513],[14.50217,45.60474],[14.50227,45.60455],[14.50241,45.60429],[14.50252,45.60411],[14.50343,45.60221],[14.50346,45.60213],[14.50347,45.6021],[14.50363,45.60165],[14.50366,45.60157],[14.50383,45.60107],[14.50405,45.60064],[14.50413,45.60045],[14.50416,45.60037],[14.5042,45.6003],[14.5044,45.59985],[14.50485,45.5987],[14.50508,45.59805],[14.50524,45.59771],[14.50531,45.59754],[14.5055,45.5969],[14.50579,45.59635],[14.50586,45.59616],[14.50644,45.59441],[14.50676,45.59263],[14.50684,45.59084],[14.50666,45.58905],[14.50622,45.58728],[14.50554,45.58555],[14.50545,45.58536],[14.50537,45.58528],[14.50533,45.58518],[14.50531,45.58506],[14.50496,45.58432],[14.50494,45.58432],[14.50451,45.58338],[14.50338,45.58159],[14.50198,45.5799],[14.50126,45.57913],[14.50119,45.57911],[14.50112,45.57902],[14.50107,45.57889],[14.50088,45.57855],[14.50028,45.5776],[14.5001,45.57735],[14.50003,45.57728],[14.49998,45.57717],[14.49998,45.57715],[14.49928,45.57598],[14.49924,45.57596],[14.49907,45.57567],[14.49907,45.57551],[14.49911,45.57536],[14.49914,45.57531],[14.49919,45.57502],[14.49923,45.57476],[14.49923,45.57475],[14.49926,45.57458],[14.49929,45.5744],[14.49932,45.57423],[14.49941,45.5733],[14.49939,45.57327],[14.49941,45.57324],[14.49943,45.57308],[14.49945,45.57273],[14.49944,45.57157],[14.49943,45.57154],[14.49943,45.57141],[14.49944,45.5714],[14.49944,45.57134],[14.49943,45.5712],[14.49941,45.56988],[14.49912,45.56807],[14.49856,45.56628],[14.49802,45.56511],[14.49791,45.56484],[14.49787,45.56482],[14.49791,45.56476],[14.49791,45.56466],[14.49783,45.56263],[14.4977,45.56201],[14.49771,45.56201],[14.49761,45.56133],[14.49756,45.5612],[14.49753,45.56092],[14.49746,45.5605],[14.49741,45.56041],[14.4974,45.56037],[14.4974,45.5599],[14.4974,45.55989],[14.49741,45.55945],[14.49745,45.55941],[14.4975,45.55916],[14.49775,45.55837],[14.49803,45.55688],[14.49811,45.55568],[14.4981,45.55567],[14.49809,45.55557],[14.49812,45.55553],[14.49813,45.55538],[14.49813,45.555],[14.49815,45.55483],[14.4981,45.55331],[14.49788,45.55185],[14.49787,45.55182],[14.49784,45.55181],[14.49784,45.55176],[14.49785,45.5517],[14.49786,45.55169],[14.49767,45.55027],[14.49722,45.54861],[14.49656,45.54698],[14.49649,45.54683],[14.49645,45.54677],[14.49641,45.54673],[14.49638,45.54667],[14.49638,45.54664],[14.49568,45.54537],[14.49526,45.54477],[14.49505,45.54443],[14.495,45.5444],[14.49482,45.54407],[14.49482,45.54405],[14.49466,45.54379],[14.49348,45.54213],[14.49314,45.54169],[14.49311,45.54167],[14.49307,45.54164],[14.49302,45.54156],[14.49231,45.54078],[14.49198,45.54039],[14.49196,45.54038],[14.49189,45.54032],[14.49186,45.54024],[14.49155,45.53987],[14.49028,45.53847],[14.48883,45.53717],[14.4884,45.53682],[14.48835,45.53681],[14.48834,45.53667],[14.48811,45.53595],[14.48807,45.5358],[14.48793,45.53517],[14.48785,45.535],[14.48782,45.5347],[14.48741,45.53326],[14.48669,45.5316],[14.48575,45.53],[14.4846,45.52846],[14.48324,45.52702],[14.4817,45.52567],[14.48134,45.52539],[14.48128,45.52534],[14.47987,45.52421],[14.47969,45.52407],[14.47777,45.52268],[14.47565,45.52146],[14.47335,45.5204],[14.4709,45.51952],[14.46908,45.51903],[14.46874,45.51893],[14.46867,45.51893],[14.46831,45.51857],[14.46589,45.51618],[14.46553,45.51581],[14.46551,45.51537],[14.46535,45.51033],[14.46518,45.50859],[14.46476,45.50686],[14.46411,45.50517],[14.46323,45.50353],[14.46213,45.50197],[14.46081,45.50048],[14.46021,45.49987],[14.46017,45.49987],[14.46013,45.49942],[14.45952,45.49245],[14.4592,45.4905],[14.45859,45.4886],[14.45768,45.48675],[14.4565,45.48499],[14.4532,45.4807],[14.45292,45.48033],[14.45285,45.47991],[14.45156,45.4725],[14.45115,45.47082],[14.45053,45.46918],[14.44968,45.46758],[14.44862,45.46605],[14.44737,45.4646],[14.44592,45.46324],[14.4443,45.46198],[14.43835,45.45778],[14.43791,45.45747],[14.43751,45.45712],[14.43342,45.4536],[14.43306,45.45329],[14.43283,45.45293],[14.4328,45.45289],[14.43151,45.45129],[14.43,45.44978],[14.42827,45.4484],[14.42635,45.44714],[14.42425,45.44604],[14.42201,45.44509],[14.41849,45.44377],[14.41836,45.44372],[14.41823,45.44366],[14.40736,45.43935],[14.40684,45.43914],[14.40634,45.4389],[14.40634,45.43889],[14.40409,45.43779],[14.40201,45.43687],[14.39982,45.4361],[14.39752,45.43548],[14.39516,45.43501],[14.39274,45.43471],[14.39209,45.43468],[14.39127,45.4346],[14.3912,45.43462],[14.39118,45.43459],[14.39098,45.43456],[14.38983,45.43432],[14.38888,45.43415],[14.3886,45.43413],[14.38852,45.43399],[14.38848,45.43395],[14.38707,45.43242],[14.38544,45.431],[14.38362,45.42971],[14.38162,45.42855],[14.37947,45.42754],[14.37718,45.42669],[14.37478,45.42601],[14.37334,45.42572],[14.37283,45.4256],[14.3728,45.42561],[14.37224,45.42541],[14.36731,45.42362],[14.36687,45.42346],[14.36647,45.42325],[14.36646,45.42325],[14.34152,45.41035],[14.34102,45.41009],[14.34171,45.39783],[14.34161,45.39537],[14.34154,45.39484],[14.34152,45.3948],[14.34144,45.39439],[14.34147,45.39435],[14.34141,45.39389],[14.34136,45.39305],[14.34098,45.39122],[14.34033,45.38942],[14.33943,45.38768],[14.33828,45.38602],[14.3369,45.38445],[14.33529,45.38298],[14.33348,45.38165],[14.33317,45.38144],[14.33312,45.38144],[14.33312,45.3814],[14.3324,45.38082],[14.33234,45.38076],[14.3322,45.38066],[14.33221,45.38063],[14.33166,45.3801],[14.33076,45.37917],[14.32872,45.37752],[14.32789,45.37693],[14.32778,45.37689],[14.32779,45.37685],[14.32771,45.3767],[14.32687,45.37533],[14.32663,45.37501],[14.32635,45.37458],[14.32632,45.37459],[14.32624,45.37439],[14.32624,45.37436],[14.32551,45.37268],[14.3251,45.37187],[14.32506,45.37187],[14.32501,45.37155],[14.32465,45.37031],[14.32459,45.37008],[14.32455,45.37003],[14.32463,45.36996],[14.32484,45.36962],[14.32528,45.369],[14.32532,45.36892],[14.32533,45.36892],[14.32621,45.36733],[14.32688,45.36569],[14.32732,45.36401],[14.32753,45.3623],[14.32751,45.36059],[14.32726,45.35889],[14.32679,45.35722],[14.32609,45.35558],[14.32518,45.354],[14.32406,45.35249],[14.32274,45.35106],[14.32124,45.34972],[14.31956,45.34849],[14.31773,45.34738],[14.31197,45.34422],[14.31153,45.34398],[14.31124,45.34365],[14.29127,45.32106],[14.29078,45.3205],[14.29041,45.3199],[14.27234,45.29069],[14.27234,45.29068],[14.27198,45.29011],[14.27174,45.2895],[14.25861,45.25612],[14.25861,45.25611],[14.25847,45.25576],[14.25842,45.2554],[14.24797,45.18802],[14.24764,45.18648],[14.24712,45.18497],[14.23477,45.15471],[14.23465,45.15443],[14.23406,45.15306],[14.23402,45.15296],[14.23381,45.15243],[14.23312,45.15093],[14.23224,45.14948],[14.23119,45.14809],[14.22997,45.14677],[14.22065,45.1376],[14.21905,45.13619],[14.21726,45.13489],[14.21529,45.13373],[14.21317,45.13272],[14.21091,45.13186],[14.20855,45.13117],[14.2061,45.13065],[14.20358,45.13031],[14.20103,45.13016],[14.19847,45.13018],[14.19593,45.13039],[14.19343,45.13078],[14.19099,45.13134],[14.17995,45.13435],[14.17937,45.13451],[14.18867,45.1264],[14.19014,45.12498],[14.19141,45.12345],[14.19247,45.12184],[14.19331,45.12017],[14.1939,45.11844],[14.19426,45.11669],[14.19437,45.11491],[14.19423,45.11314],[14.19375,45.10984],[14.19339,45.10819],[14.19283,45.10657],[14.19206,45.105],[14.19109,45.10349],[14.18992,45.10204],[14.18394,45.09537],[14.18248,45.09391],[14.18082,45.09256],[14.17898,45.09133],[14.17698,45.09024],[14.17484,45.0893],[14.17257,45.08851],[14.1702,45.08789],[14.16776,45.08744],[14.16526,45.08716],[14.16274,45.08706],[14.16022,45.08714],[14.15871,45.08729],[14.15823,45.08732],[14.15821,45.08735],[14.15802,45.08692],[14.1545,45.07934],[14.15431,45.07892],[14.15429,45.07848],[14.15411,45.07336],[14.15392,45.07155],[14.15347,45.06976],[14.15277,45.06801],[14.15182,45.06632],[14.15064,45.0647],[14.14923,45.06318],[14.14762,45.06177],[14.14581,45.06048],[14.14399,45.05943],[14.14392,45.05938],[14.14389,45.05939],[14.14389,45.05895],[14.14389,45.05367],[14.14389,45.05321],[14.15531,45.04377],[14.15682,45.04238],[14.15815,45.04088],[14.15927,45.0393],[14.16016,45.03765],[14.16082,45.03596],[14.16536,45.02156],[14.16579,45.01982],[14.16597,45.01805],[14.16591,45.01627],[14.16411,44.99915],[14.16382,44.99748],[14.16331,44.99584],[14.1626,44.99423],[14.16167,44.99269],[14.15604,44.98437],[14.15488,44.98285],[14.15353,44.98142],[14.15199,44.98009],[14.15027,44.97887],[14.1484,44.97777],[14.14639,44.97681],[14.14426,44.97598],[14.14203,44.97531],[14.13972,44.97479],[14.13735,44.97443],[14.13494,44.97424],[14.13251,44.97421],[14.13009,44.97434],[14.1277,44.97464],[14.12536,44.97511],[14.12435,44.97534],[14.1242,44.97541],[14.1235,44.97554],[14.11393,44.97736],[14.11329,44.97748],[14.11309,44.97743],[14.1123,44.97731],[14.11196,44.97725],[14.1095,44.97696],[14.10701,44.97685],[14.10451,44.97692],[14.10204,44.97716],[14.09961,44.97757],[14.09725,44.97815],[14.09498,44.97889],[14.09282,44.97979],[14.0908,44.98083],[14.08893,44.98201],[14.08723,44.98332],[14.08572,44.98473],[14.08441,44.98625],[14.08332,44.98785],[14.08245,44.98952],[14.0759,45.00437],[14.07569,45.00483],[14.0752,45.00515],[14.07519,45.00515],[14.0606,45.01455],[14.05883,45.01581],[14.05723,45.01719],[14.05584,45.01868],[14.05466,45.02026],[14.05371,45.02191],[14.05298,45.02362],[14.0525,45.02537],[14.05227,45.02714],[14.05228,45.02893],[14.05254,45.0307],[14.05307,45.03315],[14.05296,45.03362],[14.05203,45.03759],[14.05193,45.03803],[14.0513,45.03808],[14.04093,45.03892],[14.04029,45.03897],[14.04298,45.03068],[14.04342,45.02893],[14.04362,45.02716],[14.04357,45.02538],[14.04327,45.02361],[14.03998,45.00983],[14.03989,45.00943],[14.04428,45.00141],[14.05422,44.99675],[14.05621,44.99571],[14.05805,44.99455],[14.05973,44.99326],[14.06122,44.99186],[14.06251,44.99037],[14.06359,44.98879],[14.06445,44.98715],[14.06509,44.98545],[14.06549,44.98372],[14.06565,44.98197],[14.06557,44.98022],[14.06526,44.97848],[14.06471,44.97678],[14.06392,44.97512],[14.06292,44.97352],[14.05771,44.96621],[14.05646,44.96465],[14.05499,44.96318],[14.05333,44.96183],[14.05148,44.9606],[14.04947,44.95951],[14.04732,44.95857],[14.04504,44.95779],[14.04267,44.95717],[14.04022,44.95673],[14.03772,44.95646],[14.03592,44.95639],[14.0353,44.95637],[14.03468,44.95637],[14.03742,44.95167],[14.0382,44.95015],[14.03879,44.94858],[14.03918,44.94697],[14.03988,44.94297],[14.04007,44.94107],[14.03998,44.93916],[14.03996,44.93904],[14.03964,44.93734],[14.03909,44.93568],[14.03833,44.93406],[14.03735,44.9325],[14.03617,44.93101],[14.03479,44.92961],[14.03324,44.92831],[14.03152,44.92712],[14.02965,44.92606],[14.02764,44.92512],[14.02552,44.92432],[14.0233,44.92368],[14.02268,44.92352],[14.02247,44.92349],[14.02256,44.922],[14.02254,44.92028],[14.02229,44.91858],[14.02182,44.9169],[14.02112,44.91525],[14.02021,44.91367],[14.01909,44.91215],[14.01778,44.91072],[14.01628,44.90938],[14.01461,44.90815],[14.01278,44.90704],[14.01081,44.90606],[14.00872,44.90522],[14.00652,44.90452],[14.00424,44.90398],[13.99219,44.90154],[13.98969,44.90113],[13.98714,44.9009],[13.98457,44.90086],[13.9733,44.9011],[13.97267,44.90111],[13.977,44.89866],[13.97882,44.89753],[13.98047,44.89628],[13.98196,44.89492],[13.98325,44.89347],[13.98435,44.89194],[13.98524,44.89034],[13.98591,44.88869],[13.98635,44.887],[13.98657,44.88529],[13.98656,44.88357],[13.98633,44.88186],[13.98621,44.88129],[13.98618,44.88129],[13.98618,44.88085],[13.98618,44.87551],[13.98618,44.87507],[13.98621,44.87507],[13.98629,44.87467],[13.98655,44.87372],[13.9868,44.87196],[13.9868,44.87018],[13.98655,44.86842],[13.98606,44.86668],[13.98534,44.86498],[13.98438,44.86334],[13.98321,44.86178],[13.98182,44.86031],[13.98165,44.86015],[13.98129,44.85981],[13.98103,44.85943],[13.97296,44.84758],[13.97267,44.84715],[13.97462,44.83967],[13.97466,44.83961],[13.97512,44.83787],[13.97533,44.83593],[13.97524,44.834],[13.97487,44.83208],[13.97421,44.8302],[13.97344,44.82843],[13.97261,44.82679],[13.97155,44.82522],[13.97029,44.82373],[13.96884,44.82233],[13.9672,44.82104],[13.96539,44.81987],[13.96343,44.81883],[13.96134,44.81793],[13.95914,44.81718],[13.95684,44.81658],[13.95448,44.81615],[13.95206,44.81588],[13.94962,44.81578],[13.94718,44.81584],[13.94476,44.81608],[13.94238,44.81648],[13.94007,44.81705],[13.93784,44.81777],[13.93572,44.81864],[13.93219,44.82026],[13.93165,44.8205],[13.93164,44.82048],[13.93101,44.82068],[13.92863,44.82155],[13.92639,44.82259],[13.92432,44.82379],[13.92244,44.82515],[13.92076,44.82663],[13.91932,44.82824],[13.91875,44.82895],[13.91871,44.82905],[13.9181,44.82918],[13.91809,44.82918],[13.91023,44.83084],[13.90968,44.83096],[13.90928,44.83088],[13.90712,44.83062],[13.90477,44.8305],[13.90241,44.83053],[13.90007,44.83072],[13.89776,44.83107],[13.89551,44.83156],[13.89333,44.83221],[13.89125,44.83299],[13.8907,44.83322],[13.89015,44.83348],[13.8901,44.83344],[13.88959,44.83325],[13.88738,44.83252],[13.88508,44.83194],[13.88272,44.83153],[13.88031,44.83128],[13.87787,44.8312],[13.87544,44.83128],[13.87303,44.83153],[13.87066,44.83195],[13.86836,44.83253],[13.86615,44.83326],[13.86404,44.83414],[13.86207,44.83517],[13.86024,44.83632],[13.85857,44.83759],[13.85709,44.83897],[13.8561,44.8401],[13.85595,44.84025],[13.85597,44.84028],[13.85591,44.84029],[13.85517,44.84079],[13.8535,44.84204],[13.85201,44.84339],[13.85071,44.84484],[13.8496,44.84637],[13.84911,44.84713],[13.84913,44.84715],[13.84879,44.84753],[13.84262,44.85428],[13.8423,44.85464],[13.84226,44.85464],[13.84171,44.85501],[13.84091,44.8555],[13.83917,44.85681],[13.83762,44.85824],[13.83627,44.85977],[13.83515,44.86139],[13.83426,44.86308],[13.83361,44.86482],[13.8332,44.8666],[13.83305,44.86841],[13.83316,44.87021],[13.83351,44.87199],[13.83411,44.87375],[13.83496,44.87544],[13.8423,44.88813],[13.84168,44.88802],[13.83397,44.88671],[13.83158,44.88639],[13.82916,44.88624],[13.82672,44.88625],[13.8243,44.88643],[13.82191,44.88677],[13.81958,44.88728],[13.81732,44.88794],[13.81517,44.88876],[13.81314,44.88972],[13.81124,44.89081],[13.8095,44.89203],[13.80793,44.89336],[13.80655,44.8948],[13.80537,44.89632],[13.8044,44.89791],[13.80365,44.89957],[13.80313,44.90126],[13.80283,44.90299],[13.80277,44.90473],[13.80295,44.90646],[13.80336,44.90817],[13.80399,44.90985],[13.80486,44.91147],[13.80593,44.91303],[13.80721,44.9145],[13.80812,44.91543],[13.8077,44.91578],[13.79938,44.92267],[13.79773,44.92419],[13.79633,44.92582],[13.79517,44.92755],[13.77432,44.96343],[13.7741,44.96381],[13.7737,44.96411],[13.73398,44.99402],[13.73173,44.99597],[13.68164,45.04606],[13.68133,45.04637],[13.68091,45.04662],[13.67487,45.05019],[13.6734,45.05113],[13.67204,45.05215],[13.66123,45.06089],[13.66082,45.06123],[13.66033,45.06149],[13.64475,45.06999],[13.64381,45.0705],[13.64382,45.07052],[13.64267,45.07115],[13.64083,45.07238],[13.63917,45.07374],[13.6377,45.0752],[13.63645,45.07677],[13.63543,45.07841],[13.63464,45.08012],[13.63409,45.08187],[13.63379,45.08366],[13.63374,45.08545],[13.63395,45.08724],[13.6344,45.08901],[13.6351,45.09073],[13.63603,45.0924],[13.63659,45.09316],[13.63678,45.09345],[13.63689,45.09357],[13.63653,45.09394],[13.63652,45.09394],[13.62838,45.10208],[13.62706,45.10354],[13.62594,45.10508],[13.62504,45.10669],[13.62436,45.10835],[13.62391,45.11006],[13.62369,45.11178],[13.6237,45.11351],[13.62395,45.11524],[13.62443,45.11693],[13.62514,45.11859],[13.62607,45.12019],[13.62721,45.12172],[13.62855,45.12316],[13.63008,45.12451],[13.63179,45.12574],[13.63366,45.12686],[13.63566,45.12784],[13.6378,45.12867],[13.64003,45.12936],[13.64235,45.1299],[13.64473,45.13027],[13.64706,45.13047],[13.72625,45.13451],[13.72569,45.1347],[13.7073,45.1409],[13.70672,45.1411],[13.70608,45.14116],[13.70607,45.14116],[13.68416,45.14332],[13.6836,45.14338],[13.68304,45.14336],[13.63742,45.14205],[13.63741,45.14205],[13.63689,45.14203],[13.63639,45.14193],[13.63193,45.14099],[13.62949,45.14057],[13.627,45.14032],[13.62449,45.14024],[13.62198,45.14035],[13.6195,45.14063],[13.61707,45.14108],[13.61471,45.1417],[13.61245,45.14248],[13.61031,45.14341],[13.60831,45.14449],[13.60647,45.14571],[13.60481,45.14705],[13.60334,45.1485],[13.60208,45.15004],[13.60104,45.15167],[13.60023,45.15336],[13.59966,45.15509],[13.59933,45.15686],[13.59925,45.15864],[13.59942,45.16042],[13.59984,45.16218],[13.6006,45.16462],[13.60053,45.165],[13.59946,45.17083],[13.59938,45.17129],[13.59931,45.17132],[13.59904,45.1716],[13.59824,45.17236],[13.59695,45.17387],[13.59588,45.17547],[13.59503,45.17712],[13.59441,45.17883],[13.59403,45.18058],[13.59389,45.18234],[13.594,45.1841],[13.59441,45.18732],[13.59406,45.18773],[13.59212,45.19],[13.59094,45.19155],[13.58998,45.19317],[13.58924,45.19485],[13.58874,45.19657],[13.58848,45.19832],[13.58846,45.20008],[13.58868,45.20183],[13.58914,45.20356],[13.58983,45.20525],[13.59076,45.20688],[13.59449,45.21263],[13.59448,45.21304],[13.59426,45.22028],[13.59425,45.22077],[13.59401,45.22124],[13.59279,45.2236],[13.59204,45.22531],[13.59153,45.22706],[13.59127,45.22884],[13.59126,45.23063],[13.5915,45.2324],[13.59199,45.23416],[13.59272,45.23587],[13.59368,45.23751],[13.59571,45.24055],[13.59569,45.24098],[13.59525,45.25037],[13.59522,45.2508],[13.59492,45.25118],[13.59241,45.25434],[13.5913,45.2559],[13.59041,45.25753],[13.58975,45.25921],[13.58932,45.26093],[13.58913,45.26267],[13.58918,45.26442],[13.58946,45.26615],[13.58998,45.26785],[13.59073,45.26952],[13.59171,45.27112],[13.5929,45.27265],[13.59429,45.27408],[13.59587,45.27542],[13.59763,45.27664],[13.59955,45.27773],[13.60161,45.27869],[13.60263,45.27912],[13.60271,45.27912],[13.60271,45.28535],[13.60252,45.28541],[13.60195,45.28569],[13.59999,45.28674],[13.59818,45.28792],[13.59654,45.28923],[13.59508,45.29063],[13.59382,45.29213],[13.59278,45.29371],[13.59195,45.29535],[13.59135,45.29704],[13.59098,45.29877],[13.59085,45.30051],[13.59096,45.30225],[13.5913,45.30397],[13.59188,45.30566],[13.59269,45.30731],[13.59372,45.30889],[13.59496,45.31039],[13.5964,45.31181],[13.59802,45.31311],[13.59981,45.31429],[13.60955,45.32014],[13.60899,45.32034],[13.59854,45.32414],[13.59853,45.32414],[13.59791,45.32437],[13.59721,45.32438],[13.59721,45.32439],[13.57351,45.32496],[13.57111,45.3251],[13.56874,45.3254],[13.56642,45.32585],[13.56417,45.32646],[13.56202,45.32721],[13.55997,45.32811],[13.55805,45.32913],[13.55627,45.33028],[13.5531,45.33254],[13.55154,45.33375],[13.55014,45.33507],[13.54892,45.33646],[13.54785,45.33781],[13.54676,45.33936],[13.54589,45.34097],[13.54524,45.34263],[13.54481,45.34433],[13.54462,45.34605],[13.54465,45.34777],[13.54493,45.34948],[13.54543,45.35117],[13.54616,45.35281],[13.5471,45.3544],[13.54826,45.35591],[13.54961,45.35734],[13.55116,45.35867],[13.55288,45.3599],[13.55475,45.36099],[13.55483,45.36104],[13.55494,45.36107],[13.55494,45.36734],[13.55453,45.36765],[13.54689,45.37336],[13.54515,45.37481],[13.54363,45.37638],[13.54236,45.37805],[13.54134,45.3798],[13.51793,45.42701],[13.51723,45.42866],[13.51676,45.43035],[13.51653,45.43207],[13.51652,45.43379],[13.51675,45.4355],[13.5172,45.4372],[13.51789,45.43885],[13.51879,45.44045],[13.51991,45.44198],[13.52076,45.44302],[13.52071,45.44307],[13.52059,45.44332],[13.52005,45.44434],[13.51941,45.44603],[13.519,45.44774],[13.51883,45.44948],[13.5189,45.45123],[13.5192,45.45296],[13.51974,45.45466],[13.52076,45.45726],[13.52052,45.45766],[13.50944,45.47586],[13.50858,45.4775],[13.50794,45.47919],[13.50754,45.48091],[13.50737,45.48265],[13.50745,45.4844],[13.50776,45.48613],[13.50831,45.48783],[13.50909,45.48949],[13.5101,45.49108],[13.51132,45.4926],[13.51274,45.49403],[13.51435,45.49535],[13.51614,45.49656],[13.51809,45.49764],[13.52017,45.49858],[13.52237,45.49937],[13.52468,45.50001],[13.52706,45.50049],[13.52949,45.5008],[13.53196,45.50095],[13.53444,45.50093],[13.5369,45.50073],[13.53932,45.50037],[13.54169,45.49985],[13.54388,45.4992],[13.56861,45.49079],[13.58953,45.48884],[13.59164,45.49311],[13.59153,45.49351],[13.59087,45.49573],[13.59049,45.49737],[13.59033,45.49902],[13.59039,45.50067],[13.59066,45.50232],[13.59114,45.50394],[13.59184,45.50552],[13.59273,45.50705],[13.59596,45.51191],[13.59596,45.51813],[13.59593,45.51814],[13.5959,45.51827],[13.59565,45.52003],[13.59565,45.52179],[13.59589,45.52355],[13.59638,45.52528],[13.5971,45.52697],[13.59806,45.5286],[13.59924,45.53016],[13.60063,45.53163],[13.60221,45.53299],[13.60398,45.53424],[13.60591,45.53536],[13.608,45.53634],[13.6102,45.53717],[13.61252,45.53785],[13.61491,45.53836],[13.61715,45.53868],[13.67514,45.54474],[13.75294,45.55288],[13.75294,45.55907],[13.75257,45.55944],[13.74286,45.56926],[13.74236,45.56977],[13.74177,45.57022],[13.72742,45.58118],[13.72736,45.58123],[13.72523,45.58286],[13.72358,45.58427],[13.72214,45.58578],[13.72092,45.58739],[13.71994,45.58908],[13.7192,45.59082],[13.71872,45.59261],[13.7185,45.59443],[13.71854,45.59625],[13.71884,45.59805],[13.7194,45.59983],[13.72021,45.60156],[13.72126,45.60322],[13.72255,45.60479],[13.72289,45.60517],[13.72432,45.60658],[13.72595,45.60789],[13.72774,45.60908],[13.7297,45.61015],[13.73179,45.61107],[13.734,45.61186],[13.73631,45.61248],[13.73869,45.61295],[13.74112,45.61325],[13.74357,45.61339],[13.7551,45.61363],[13.75701,45.61362],[13.7589,45.61351],[13.78688,45.61115],[13.80812,45.61433],[13.80752,45.61445],[13.8026,45.61551],[13.80035,45.61607],[13.7982,45.61677],[13.79614,45.61762],[13.7942,45.61859],[13.7924,45.61969],[13.79075,45.62089],[13.78803,45.62308],[13.78656,45.62438],[13.78526,45.62577],[13.77742,45.63508],[13.77711,45.63544],[13.77658,45.63563],[13.77658,45.63564],[13.7715,45.63747],[13.7693,45.63837],[13.76724,45.63941],[13.76533,45.64059],[13.7636,45.64189],[13.76206,45.64331],[13.76073,45.64483],[13.75962,45.64644],[13.75873,45.64811],[13.75809,45.64984],[13.7577,45.6516],[13.75755,45.65338],[13.75763,45.6548],[13.75763,45.65496],[13.75766,45.65498],[13.75756,45.65542],[13.75378,45.67182],[13.75367,45.67231],[13.75335,45.67274],[13.75334,45.67274],[13.73933,45.6913],[13.73911,45.6916],[13.73882,45.69187],[13.72671,45.70332],[13.72625,45.70376],[13.72572,45.70415],[13.72571,45.70416],[13.64786,45.76163],[13.64785,45.76163],[13.64731,45.76203],[13.6467,45.76238],[13.62936,45.77235],[13.62892,45.77261],[13.62839,45.77277],[13.57495,45.78939],[13.57494,45.7894],[13.57423,45.78962],[13.57346,45.78971],[13.55191,45.79235],[13.55128,45.79243],[13.5508,45.79213],[13.53495,45.78237],[13.53443,45.78205],[13.53422,45.7816],[13.53422,45.78159],[13.52437,45.76047],[13.52418,45.76008],[13.52808,45.74173],[13.52833,45.73991],[13.52832,45.73808],[13.52805,45.73626],[13.52751,45.73447],[13.52672,45.73273],[13.52568,45.73106],[13.52441,45.72946],[13.52291,45.72797],[13.5212,45.72659],[13.5193,45.72534],[13.51852,45.72488],[13.5184,45.72484],[13.51798,45.7245],[13.51371,45.72105],[13.51336,45.72077],[13.51313,45.72051],[13.51167,45.71914],[13.50997,45.71783],[13.5081,45.71664],[13.50606,45.71559],[13.50389,45.71469],[13.50161,45.71394],[13.49923,45.71335],[13.49678,45.71292],[13.4808,45.71076],[13.48024,45.71068],[13.47972,45.7105],[13.46976,45.70703],[13.46975,45.70703],[13.46925,45.70685],[13.46912,45.70676],[13.4686,45.70646],[13.46782,45.70598],[13.46573,45.70494],[13.46351,45.70405],[13.46117,45.70332],[13.45875,45.70275],[13.45625,45.70236],[13.45371,45.70215],[13.45115,45.70211],[13.44859,45.70225],[13.44607,45.70258],[13.44361,45.70307],[13.44123,45.70374],[13.43896,45.70457],[13.43681,45.70555],[13.43482,45.70668],[13.43299,45.70795],[13.43136,45.70933],[13.42992,45.71082],[13.42871,45.71241],[13.42772,45.71407],[13.42284,45.72363],[13.42262,45.72407],[13.42198,45.72416],[13.3928,45.72843],[13.39021,45.7289],[13.38772,45.72956],[13.38533,45.73041],[13.38308,45.73142],[13.38099,45.73258],[13.37908,45.7339],[13.37738,45.73535],[13.3759,45.73691],[13.36972,45.74423],[13.36972,45.74424],[13.3694,45.74462],[13.3688,45.74447],[13.35884,45.74203],[13.35653,45.74154],[13.35416,45.74121],[13.35176,45.74104],[13.34934,45.74103],[13.34694,45.74118],[13.34456,45.74148],[13.25742,45.75564],[13.25493,45.75614],[13.25253,45.7568],[13.2502,45.75755],[13.2481,45.7583],[13.24611,45.75919],[13.24424,45.7602],[13.24252,45.76132],[13.2224,45.77567],[13.2224,45.77568],[13.22185,45.77607],[13.22118,45.77636],[13.21605,45.77856],[13.21551,45.7788],[13.21488,45.77873],[13.20558,45.7778],[13.20493,45.77774],[13.20431,45.77758],[13.17004,45.7689],[13.16944,45.76874],[13.16938,45.76867],[13.1688,45.76825],[13.16691,45.76703],[13.16485,45.76594],[13.16264,45.76501],[13.16032,45.76423],[13.15789,45.76362],[13.15539,45.76319],[13.15284,45.76293],[13.15026,45.76286],[13.14769,45.76297],[13.14514,45.76325],[13.14265,45.76372],[13.14023,45.76436],[13.13792,45.76516],[13.13573,45.76612],[13.1337,45.76723],[13.13183,45.76848],[13.1314,45.7688],[13.13136,45.76887],[13.13074,45.76902],[13.1199,45.77181],[13.11931,45.77196],[13.11881,45.7717],[13.11133,45.76789],[13.11085,45.76765],[13.11073,45.76724],[13.10828,45.75862],[13.10816,45.7582],[13.10933,45.75523],[13.10988,45.75349],[13.11018,45.75172],[13.11024,45.74994],[13.11004,45.74816],[13.10959,45.7464],[13.10889,45.74469],[13.10796,45.74303],[13.1068,45.74145],[13.10542,45.73995],[13.10384,45.73856],[13.10207,45.73728],[13.10012,45.73613],[13.09803,45.73513],[13.08114,45.72785],[13.08058,45.72761],[13.08026,45.7272],[13.06991,45.7141],[13.06959,45.71369],[13.07504,45.69685],[13.09148,45.68919],[13.09152,45.6892],[13.09346,45.68829],[13.09536,45.68721],[13.0971,45.686],[13.09868,45.68468],[13.10006,45.68327],[13.10125,45.68177],[13.10223,45.68019],[13.103,45.67856],[13.10354,45.67688],[13.10384,45.67518],[13.10392,45.67346],[13.10377,45.67175],[13.10338,45.67005],[13.10276,45.66839],[13.09687,45.65511],[13.09591,45.65331],[13.09469,45.65159],[13.09321,45.64997],[13.09001,45.64683],[13.08853,45.64552],[13.08689,45.64432],[13.0851,45.64322],[13.08317,45.64225],[13.08112,45.64141],[13.07896,45.6407],[13.07673,45.64014],[13.06381,45.63736],[13.06163,45.63697],[13.0594,45.63671],[13.05715,45.63659],[12.98233,45.63485],[12.9817,45.63483],[12.98109,45.63473],[12.9444,45.62866],[12.94439,45.62866],[12.94386,45.62857],[12.94341,45.62836],[12.94339,45.62835],[12.78219,45.55419],[12.77925,45.55302],[12.61278,45.49654],[12.6105,45.49586],[12.55299,45.48093],[12.55064,45.48041],[12.54822,45.48005],[12.54577,45.47985],[12.5433,45.47983],[12.54084,45.47997],[12.53841,45.48028],[12.53603,45.48075],[12.53373,45.48139],[12.53152,45.48218],[12.52944,45.48311],[12.52749,45.48418],[12.52569,45.48538],[12.52407,45.4867],[12.52263,45.48811],[12.5214,45.48963],[12.52038,45.49121],[12.51958,45.49286],[12.51901,45.49456],[12.51867,45.49628],[12.51857,45.49802],[12.51871,45.49976],[12.51909,45.50149],[12.5197,45.50317],[12.52052,45.50503],[12.52084,45.50964],[12.5211,45.51144],[12.52161,45.51321],[12.52236,45.51494],[12.52337,45.5166],[12.5246,45.51819],[12.52605,45.51968],[12.52771,45.52106],[12.52955,45.52231],[12.53157,45.52343],[12.53373,45.5244],[12.53602,45.52521],[12.53842,45.52586],[12.54089,45.52633],[12.54342,45.52663],[12.54811,45.527],[12.56251,45.53164],[12.57358,45.54002],[12.58172,45.55288],[12.58113,45.55271],[12.57035,45.54958],[12.56967,45.54938],[12.56908,45.54909],[12.55761,45.54332],[12.55556,45.54238],[12.55339,45.54159],[12.55112,45.54095],[12.54878,45.54047],[12.54638,45.54015],[12.54395,45.53998],[12.5415,45.53999],[12.53907,45.54015],[12.53667,45.54048],[12.53433,45.54097],[12.53206,45.54162],[12.52989,45.54241],[12.52784,45.54335],[12.52592,45.54442],[12.52416,45.54561],[12.52022,45.54854],[12.51844,45.55002],[12.51689,45.55162],[12.51287,45.55632],[12.51179,45.55771],[12.51089,45.55917],[12.51017,45.56068],[12.50964,45.56222],[12.50672,45.57287],[12.5066,45.57331],[12.50605,45.5731],[12.50605,45.57309],[12.48582,45.56525],[12.4852,45.56501],[12.48467,45.56468],[12.45893,45.54859],[12.45851,45.54833],[12.4582,45.54799],[12.44353,45.5321],[12.44207,45.53068],[12.44042,45.52936],[12.4386,45.52817],[12.43662,45.5271],[12.4345,45.52618],[12.43227,45.5254],[12.42993,45.52478],[12.42753,45.52433],[12.42507,45.52404],[12.42258,45.52393],[12.42009,45.52398],[12.41761,45.5242],[12.41518,45.5246],[12.41282,45.52516],[12.41054,45.52588],[12.40838,45.52675],[12.40634,45.52776],[12.40445,45.52891],[12.40273,45.53019],[12.4012,45.53157],[12.39986,45.53306],[12.39873,45.53463],[12.39783,45.53627],[12.39716,45.53796],[12.39688,45.53883],[12.39674,45.53925],[12.39644,45.53887],[12.38442,45.52339],[12.38412,45.52302],[12.38415,45.52298],[12.38413,45.52279],[12.38408,45.52141],[12.38376,45.5196],[12.38318,45.51784],[12.38235,45.51612],[12.38128,45.51447],[12.37998,45.5129],[12.37846,45.51144],[12.37675,45.51009],[12.37484,45.50887],[12.37278,45.50779],[12.37057,45.50686],[12.36823,45.50609],[12.3658,45.5055],[12.3633,45.50507],[12.36075,45.50483],[12.35818,45.50477],[12.3511,45.50486],[12.35043,45.50487],[12.34985,45.50464],[12.31007,45.48911],[12.30958,45.48892],[12.30918,45.48864],[12.27321,45.46395],[12.2732,45.46394],[12.27272,45.46361],[12.2724,45.46318],[12.25297,45.43661],[12.25297,45.4366],[12.2527,45.43623],[12.2527,45.4358],[12.2527,45.43044],[12.2527,45.43],[12.25273,45.43],[12.25275,45.42972],[12.25275,45.42796],[12.2525,45.4262],[12.25201,45.42446],[12.25129,45.42277],[12.25033,45.42114],[12.25014,45.42085],[12.25001,45.42072],[12.24982,45.42027],[12.24628,45.41174],[12.2461,45.41132],[12.24855,45.40253],[12.24861,45.40249],[12.24881,45.40218],[12.24953,45.40123],[12.25052,45.39952],[12.25125,45.39775],[12.25172,45.39594],[12.25193,45.3941],[12.25187,45.39225],[12.25155,45.39042],[12.25096,45.38862],[12.25011,45.38688],[12.24945,45.38586],[12.24926,45.38555],[12.2492,45.38548],[12.2491,45.38509],[12.24754,45.37877],[12.24741,45.37824],[12.2476,45.37611],[12.24764,45.37438],[12.24744,45.37265],[12.24701,45.37095],[12.24635,45.36928],[12.24546,45.36766],[12.24437,45.36612],[12.24306,45.36465],[12.24157,45.36328],[12.23989,45.36202],[12.23805,45.36088],[12.23607,45.35987],[12.23395,45.359],[12.23173,45.35827],[12.22942,45.3577],[12.22841,45.35749],[12.22828,45.35749],[12.22786,45.35715],[12.22421,45.35427],[12.22381,45.35395],[12.22687,45.34905],[12.22774,45.34746],[12.2284,45.34581],[12.22883,45.34412],[12.22904,45.34241],[12.22901,45.3407],[12.22875,45.33899],[12.22827,45.33731],[12.22756,45.33567],[12.22663,45.33409],[12.2255,45.33258],[12.22127,45.32753],[12.22088,45.32705],[12.22065,45.32652],[12.21805,45.32035],[12.2172,45.31864],[12.2161,45.31699],[12.21478,45.31544],[12.21324,45.31399],[12.21151,45.31265],[12.20959,45.31145],[12.20751,45.31038],[12.20529,45.30947],[12.20295,45.30873],[12.20052,45.30815],[12.19802,45.30775],[12.19504,45.30739],[12.19258,45.30717],[12.19011,45.30713],[12.18764,45.30725],[12.1852,45.30755],[12.18282,45.30801],[12.1805,45.30863],[12.17672,45.30979],[12.17439,45.31062],[12.17219,45.3116],[12.16343,45.31598],[12.16293,45.31623],[12.16238,45.31605],[12.15502,45.31364],[12.15447,45.31346],[12.15436,45.31304],[12.14921,45.29261],[12.1491,45.29218],[12.15649,45.28594],[12.15804,45.28449],[12.15938,45.28293],[12.16048,45.28129],[12.16135,45.27958],[12.16879,45.26215],[12.18068,45.25804],[12.18075,45.25808],[12.1808,45.25808],[12.18329,45.25836],[12.18582,45.25845],[12.18834,45.25837],[12.19084,45.25811],[12.19329,45.25768],[12.19566,45.25708],[12.19795,45.25631],[12.20011,45.25539],[12.20213,45.25432],[12.204,45.25311],[12.20569,45.25178],[12.20718,45.25034],[12.20846,45.24879],[12.20952,45.24717],[12.21035,45.24548],[12.21094,45.24374],[12.21113,45.24303],[12.21111,45.24299],[12.21518,45.2368],[12.21546,45.23663],[12.21691,45.23551],[12.2184,45.23412],[12.21968,45.23264],[12.22076,45.23108],[12.22162,45.22946],[12.22226,45.22778],[12.22267,45.22607],[12.22284,45.22434],[12.22278,45.2226],[12.22248,45.22088],[12.22147,45.21668],[12.22147,45.21667],[12.22137,45.21625],[12.23048,45.20425],[12.24733,45.19693],[12.26637,45.1966],[12.26635,45.19662],[12.2664,45.19667],[12.26802,45.19803],[12.26983,45.19928],[12.2718,45.2004],[12.27392,45.20137],[12.27616,45.20218],[12.27851,45.20284],[12.28093,45.20332],[12.28342,45.20364],[12.28593,45.20377],[12.28846,45.20373],[12.29096,45.20351],[12.29342,45.20312],[12.29582,45.20255],[12.29812,45.20182],[12.30032,45.20094],[12.30237,45.1999],[12.30427,45.19872],[12.306,45.19741],[12.30754,45.19599],[12.30886,45.19448],[12.31378,45.18817],[12.31498,45.18643],[12.3159,45.1846],[12.32007,45.1747],[12.32062,45.17313],[12.32097,45.17152],[12.32112,45.16989],[12.32179,45.14495],[12.32171,45.14321],[12.32141,45.14148],[12.32086,45.13979],[12.3201,45.13813],[12.31911,45.13654],[12.3179,45.13503],[12.3165,45.1336],[12.31491,45.13228],[12.31315,45.13107],[12.31124,45.12999],[12.30918,45.12904],[12.3076,45.12846],[12.30733,45.12835],[12.3073,45.1283],[12.3073,45.12836],[12.30711,45.12795],[12.30711,45.12794],[12.29756,45.10676],[12.29756,45.10675],[12.29737,45.10635],[12.29736,45.10592],[12.29674,45.08898],[12.29672,45.08857],[12.30665,45.07856],[12.32566,45.07973],[12.32823,45.07979],[12.3308,45.07967],[12.33334,45.07937],[12.33583,45.07888],[12.33823,45.07821],[12.34053,45.07738],[12.34269,45.07638],[12.3447,45.07524],[12.34654,45.07395],[12.34819,45.07254],[12.34961,45.07103],[12.35251,45.06759],[12.35349,45.06631],[12.36329,45.05219],[12.36442,45.05104],[12.36571,45.04957],[12.3668,45.04802],[12.36768,45.0464],[12.36833,45.04473],[12.36876,45.04302],[12.36895,45.0413],[12.36891,45.03956],[12.36863,45.03784],[12.36813,45.03614],[12.36739,45.03449],[12.36644,45.0329],[12.36527,45.03137],[12.36391,45.02994],[12.36236,45.0286],[12.36063,45.02738],[12.35875,45.02628],[12.35672,45.02532],[12.35568,45.02487],[12.35515,45.02464],[12.36883,45.01097],[12.38019,45.02291],[12.3817,45.02433],[12.38341,45.02565],[12.3853,45.02684],[12.38735,45.02789],[12.38953,45.02879],[12.39183,45.02953],[12.39422,45.03011],[12.39668,45.03051],[12.39918,45.03074],[12.40171,45.03079],[12.40423,45.03065],[12.40671,45.03035],[12.40915,45.02986],[12.4115,45.02921],[12.41375,45.02839],[12.41588,45.02742],[12.41785,45.0263],[12.41965,45.02506],[12.42628,45.02001],[12.43409,45.01553],[12.44047,45.01276],[12.44244,45.01181],[12.44428,45.01073],[12.44598,45.00953],[12.44749,45.00824],[12.46469,44.99201],[12.48618,44.97651],[12.49094,44.97914],[12.49294,44.98014],[12.49507,44.981],[12.4973,44.98171],[12.49963,44.98226],[12.50201,44.98265],[12.50444,44.98287],[12.50689,44.98292],[12.50933,44.9828],[12.51175,44.98252],[12.51412,44.98207],[12.51641,44.98147],[12.51862,44.9807],[12.52071,44.97979],[12.52266,44.97874],[12.52447,44.97756],[12.5261,44.97626],[12.52756,44.97485],[12.52881,44.97335],[12.52986,44.97178],[12.53069,44.97013],[12.53129,44.96844],[12.53165,44.96672],[12.53179,44.96498],[12.53168,44.96324],[12.53134,44.96151],[12.53077,44.95981],[12.52997,44.95817],[12.52895,44.95658],[12.52772,44.95508],[12.52346,44.95039],[12.52346,44.95038],[12.52312,44.95002],[12.5232,44.94988],[12.52334,44.9495],[12.52384,44.94774],[12.52409,44.94595],[12.52409,44.94415],[12.52384,44.94236],[12.52334,44.94059],[12.5226,44.93887],[12.52161,44.93722],[12.5204,44.93564],[12.51923,44.93427],[12.51881,44.93378],[12.51848,44.93326],[12.51753,44.93175],[12.51645,44.93024],[12.51518,44.92881],[12.51372,44.92747],[12.51209,44.92623],[12.51031,44.92511],[12.50839,44.92411],[12.50634,44.92325],[12.50419,44.92252],[12.50195,44.92195],[12.49965,44.92152],[12.49963,44.92152],[12.49903,44.92145],[12.49888,44.92104],[12.49506,44.91095],[12.49488,44.91047],[12.49485,44.90997],[12.49304,44.88],[12.4928,44.87817],[12.4923,44.87637],[12.48816,44.86464],[12.4875,44.86308],[12.48665,44.86156],[12.4856,44.86011],[12.47524,44.84716],[12.47405,44.84581],[12.4727,44.84455],[12.47255,44.84442],[12.47086,44.84311],[12.469,44.84193],[12.46699,44.84089],[12.46484,44.83999],[12.46258,44.83925],[12.46023,44.83867],[12.45781,44.83826],[12.45534,44.83802],[12.45286,44.83796],[12.45037,44.83807],[12.44791,44.83836],[12.44551,44.83881],[12.44317,44.83944],[12.44094,44.84022],[12.43882,44.84116],[12.43684,44.84224],[12.43502,44.84345],[12.43338,44.84479],[12.43195,44.84621],[12.4319,44.84627],[12.43176,44.84643],[12.43048,44.84801],[12.42943,44.84968],[12.42863,44.85142],[12.42807,44.85321],[12.42778,44.85502],[12.42774,44.85685],[12.42796,44.85867],[12.42844,44.86047],[12.42917,44.86222],[12.43013,44.86389],[12.43922,44.87759],[12.44304,44.89008],[12.44286,44.89052],[12.43852,44.90066],[12.43832,44.90111],[12.43773,44.90131],[12.42751,44.90478],[12.42693,44.90498],[12.42639,44.90473],[12.41605,44.90008],[12.41554,44.89985],[12.41519,44.8995],[12.41518,44.8995],[12.40725,44.89164],[12.40691,44.8913],[12.40671,44.89091],[12.40408,44.88572],[12.4029,44.88376],[12.3924,44.86883],[12.3924,44.86882],[12.3921,44.86839],[12.39208,44.86791],[12.39163,44.85928],[12.39161,44.85883],[12.39173,44.8588],[12.39203,44.85863],[12.39388,44.8575],[12.39557,44.85626],[12.39708,44.85491],[12.3984,44.85346],[12.39953,44.85192],[12.40044,44.85032],[12.40113,44.84866],[12.4016,44.84696],[12.40183,44.84524],[12.40184,44.84351],[12.40161,44.84179],[12.40115,44.84009],[12.40047,44.83843],[12.39957,44.83683],[12.39845,44.8353],[12.39714,44.83384],[12.39679,44.83349],[12.39674,44.83348],[12.39674,44.83305],[12.39674,44.82708],[12.39674,44.82665],[12.39677,44.82664],[12.3968,44.82661],[12.39806,44.82608],[12.40009,44.82504],[12.40196,44.82387],[12.40367,44.82256],[12.40518,44.82114],[12.40649,44.81963],[12.40759,44.81803],[12.40845,44.81636],[12.40909,44.81463],[12.40948,44.81287],[12.40963,44.81109],[12.40953,44.80932],[12.40918,44.80755],[12.4086,44.80582],[12.40778,44.80414],[12.40672,44.80253],[12.40546,44.80099],[12.40398,44.79956],[12.40232,44.79824],[12.40048,44.79704],[12.39848,44.79597],[12.39635,44.79505],[12.3941,44.79429],[12.39175,44.79369],[12.38933,44.79326],[12.38687,44.793],[12.38686,44.793],[12.38451,44.79292],[12.38216,44.79299],[12.37983,44.79322],[12.37754,44.7936],[12.37531,44.79413],[12.37316,44.79481],[12.3711,44.79563],[12.36916,44.79658],[12.36736,44.79766],[12.36734,44.79766],[12.36558,44.79893],[12.36401,44.80032],[12.36263,44.80182],[12.36178,44.80298],[12.36032,44.80359],[12.3583,44.80465],[12.35643,44.80584],[12.35473,44.80716],[12.35323,44.80859],[12.3472,44.81496],[12.34685,44.81533],[12.34641,44.81565],[12.32171,44.83302],[12.32106,44.83348],[12.32031,44.83387],[12.30349,44.84266],[12.30299,44.84292],[12.30237,44.84294],[12.29294,44.84323],[12.29233,44.84325],[12.29188,44.84296],[12.29187,44.84296],[12.26681,44.82693],[12.2668,44.82692],[12.26637,44.82665],[12.26637,44.82623],[12.26637,44.82095],[12.26637,44.8205],[12.26641,44.8205],[12.26691,44.82011],[12.26762,44.8196],[12.26922,44.8182],[12.27062,44.81669],[12.2718,44.81509],[12.27274,44.81342],[12.27345,44.81168],[12.27391,44.80991],[12.27413,44.80811],[12.27409,44.80631],[12.27379,44.80451],[12.27325,44.80275],[12.25382,44.7519],[12.25359,44.75129],[12.25348,44.75066],[12.24668,44.71212],[12.24659,44.71162],[12.2527,44.6684],[12.26588,44.63618],[12.27491,44.62051],[12.27836,44.61778],[12.27992,44.61643],[12.28129,44.61496],[12.28245,44.61341],[12.28339,44.61179],[12.28412,44.61011],[12.2846,44.60838],[12.28542,44.60457],[12.28568,44.60268],[12.28566,44.60079],[12.2805,44.53747],[12.28022,44.53568],[12.2797,44.53391],[12.27894,44.53219],[12.27794,44.53054],[12.27672,44.52896],[12.27528,44.52749],[12.27364,44.52612],[12.27182,44.52488],[12.26984,44.52377],[12.26772,44.52281],[12.26547,44.52201],[12.26312,44.52137],[12.26069,44.52091],[12.25821,44.52062],[12.2557,44.52052],[12.25319,44.52059],[12.25105,44.52073],[12.25088,44.52074],[12.25071,44.52075],[12.2507,44.52075],[12.17889,44.52395],[12.17823,44.52398],[12.17759,44.52386],[12.08604,44.50656],[12.08603,44.50655],[12.08543,44.50644],[12.0849,44.5062],[12.08489,44.5062],[12.01514,44.47468],[12.01513,44.47468],[12.01496,44.4746],[12.01479,44.47452],[11.93933,44.43775],[11.93877,44.43748],[11.93826,44.43717],[11.93825,44.43716],[11.85586,44.3867],[11.85586,44.38669],[11.85567,44.38658],[11.85549,44.38646],[11.85548,44.38646],[11.75648,44.32042],[11.75648,44.32041],[11.75605,44.32013],[11.7559,44.31972],[11.71519,44.20684],[11.7144,44.20503],[11.71334,44.20328],[11.71203,44.20162],[11.67558,44.16068],[11.67519,44.16024],[11.67487,44.15977],[11.65585,44.13166],[11.65465,44.13009],[11.65323,44.1286],[11.65162,44.12723],[11.64983,44.12598],[11.64787,44.12487],[11.64577,44.12391],[11.64354,44.1231],[11.64122,44.12245],[11.63882,44.12198],[11.63636,44.12168],[11.63387,44.12156],[11.63139,44.12163],[11.61557,44.12259],[11.61327,44.12281],[11.61101,44.12318],[11.6088,44.1237],[11.60668,44.12437],[11.60464,44.12517],[11.60272,44.12611],[11.57346,44.14191],[11.57176,44.14291],[11.57018,44.14403],[11.56874,44.14524],[11.56746,44.14654],[11.56634,44.14791],[11.51474,44.21802],[11.51473,44.21803],[11.51445,44.21841],[11.51407,44.21875],[11.48174,44.24739],[11.48131,44.24777],[11.48079,44.24807],[11.48078,44.24807],[11.39913,44.29472],[11.39913,44.29473],[11.39867,44.29499],[11.39815,44.29519],[11.39814,44.29519],[11.34771,44.31411],[11.3477,44.31411],[11.34714,44.31432],[11.34653,44.31421],[11.34652,44.31421],[11.25306,44.2979],[11.25251,44.2978],[11.25205,44.29757],[11.25204,44.29757],[11.19343,44.26841],[11.19164,44.2676],[11.11188,44.23465],[11.11187,44.23464],[11.11133,44.23442],[11.11091,44.23409],[11.1109,44.23409],[11.04911,44.18598],[11.04909,44.18596],[10.99834,44.1465],[10.99691,44.14547],[10.99538,44.14453],[10.90181,44.09186],[10.90022,44.09103],[10.83706,44.06083],[10.83546,44.06013],[10.83378,44.05951],[10.7465,44.03024],[10.74506,44.02979],[10.65609,44.00465],[10.65425,44.00418],[10.65236,44.00383],[10.56166,43.98938],[10.56027,43.98919],[10.49106,43.98108],[10.49037,43.981],[10.48973,43.98081],[10.48972,43.98081],[10.35004,43.93943],[10.34954,43.93929],[10.24256,43.90938],[10.24027,43.90883],[10.23793,43.90844],[10.23554,43.90822],[10.23313,43.90817],[10.23073,43.90829],[10.22836,43.90858],[10.22603,43.90903],[10.22378,43.90964],[10.22162,43.91041],[10.21957,43.91133],[10.21765,43.91238],[10.21588,43.91357],[10.21428,43.91488],[10.21286,43.91629],[10.21164,43.91779],[10.21062,43.91938],[10.21032,43.9199],[10.21013,43.92023],[10.20988,43.92054],[10.18099,43.95489],[10.18068,43.95527],[10.18019,43.95553],[10.18018,43.95553],[10.14067,43.97649],[10.13869,43.97766],[10.13688,43.97896],[10.13527,43.9804],[10.13387,43.98195],[10.1061,44.01638],[10.10581,44.01675],[10.10534,44.01701],[10.09103,44.02512],[10.09059,44.02538],[10.09005,44.0255],[10.07568,44.02871],[10.07331,44.02934],[10.07104,44.03014],[10.06889,44.03109],[10.03589,44.04756],[10.03588,44.04756],[10.03533,44.04784],[10.03468,44.04797],[10.01713,44.05159],[10.01486,44.05215],[10.01268,44.05286],[9.99921,44.05781],[9.99855,44.05805],[9.99783,44.05817],[9.98912,44.05966],[9.98854,44.05976],[9.98818,44.05941],[9.98437,44.05571],[9.98285,44.05437],[9.98116,44.05315],[9.97932,44.05204],[9.97734,44.05107],[9.97524,44.05025],[9.97304,44.04957],[9.97076,44.04905],[9.96842,44.04868],[9.96605,44.04849],[9.96366,44.04845],[9.96128,44.04859],[9.95892,44.04889],[9.95662,44.04935],[9.95439,44.04997],[9.95225,44.05074],[9.95022,44.05165],[9.94832,44.05271],[9.94657,44.05389],[9.93836,44.05998],[9.93784,44.06037],[9.93726,44.06071],[9.93725,44.06071],[9.90585,44.079],[9.90436,44.07994],[9.90298,44.08097],[9.88837,44.09267],[9.88795,44.093],[9.88784,44.09295],[9.8877,44.09292],[9.88541,44.09246],[9.88307,44.09216],[9.8807,44.09202],[9.87833,44.09205],[9.87597,44.09224],[9.87364,44.09259],[9.87137,44.0931],[9.86918,44.09377],[9.86709,44.09458],[9.86511,44.09553],[9.86326,44.09662],[9.84522,44.10832],[9.84474,44.10863],[9.84409,44.10858],[9.82703,44.10729],[9.82643,44.10724],[9.82646,44.10721],[9.82652,44.1064],[9.82652,44.10463],[9.82628,44.10287],[9.82581,44.10113],[9.8251,44.09944],[9.82417,44.0978],[9.82302,44.09624],[9.82167,44.09476],[9.82012,44.09339],[9.8197,44.09305],[9.81959,44.093],[9.81963,44.09294],[9.81964,44.09276],[9.81968,44.09098],[9.81947,44.08921],[9.81902,44.08747],[9.81834,44.08577],[9.81743,44.08412],[9.81631,44.08254],[9.81497,44.08106],[9.81344,44.07967],[9.81173,44.0784],[9.80985,44.07726],[9.80783,44.07626],[9.80568,44.0754],[9.80343,44.0747],[9.80109,44.07417],[9.7987,44.0738],[9.79626,44.07361],[9.79381,44.07359],[9.79137,44.07375],[9.78897,44.07408],[9.78661,44.07457],[9.78434,44.07524],[9.77541,44.07822],[9.7731,44.0791],[9.77093,44.08015],[9.76892,44.08135],[9.72127,44.11321],[9.72088,44.11347],[9.7204,44.11365],[9.7128,44.11656],[9.71082,44.11741],[9.70895,44.11839],[9.70721,44.11949],[9.68316,44.13618],[9.68315,44.13618],[9.68263,44.13654],[9.682,44.13681],[9.67303,44.14061],[9.67254,44.14082],[9.67197,44.14084],[9.64551,44.1422],[9.64326,44.14239],[9.64104,44.14273],[9.63369,44.1441],[9.63109,44.1447],[9.62859,44.1455],[9.6255,44.14664],[9.62339,44.14751],[9.6214,44.14854],[9.61957,44.14969],[9.61789,44.15097],[9.5866,44.17738],[9.58659,44.17738],[9.58619,44.17772],[9.5861,44.17774],[9.58569,44.17795],[9.58467,44.17841],[9.58275,44.17949],[9.58098,44.18069],[9.57938,44.18202],[9.57797,44.18345],[9.57676,44.18497],[9.57576,44.18657],[9.57323,44.1912],[9.57301,44.1916],[9.57253,44.19185],[9.57252,44.19185],[9.55697,44.19989],[9.55696,44.19989],[9.55649,44.20014],[9.55596,44.20032],[9.55595,44.20032],[9.51363,44.21444],[9.51131,44.21532],[9.50914,44.21637],[9.50198,44.22024],[9.50011,44.22136],[9.49839,44.22261],[9.49685,44.22397],[9.49234,44.22838],[9.49114,44.22966],[9.49009,44.23102],[9.48921,44.23244],[9.48851,44.23391],[9.48456,44.24343],[9.48439,44.24384],[9.48385,44.24366],[9.47573,44.24091],[9.47355,44.24026],[9.47129,44.23976],[9.46898,44.23941],[9.4576,44.23812],[9.45512,44.23793],[9.45262,44.23792],[9.45013,44.23809],[9.44743,44.23837],[9.44494,44.23873],[9.44251,44.23926],[9.44017,44.23998],[9.43794,44.24085],[9.43585,44.24189],[9.43391,44.24308],[9.43215,44.2444],[9.43059,44.24585],[9.43018,44.24627],[9.42844,44.24834],[9.42265,44.25639],[9.42237,44.25678],[9.42182,44.25695],[9.42182,44.25696],[9.38625,44.26812],[9.38413,44.26887],[9.38212,44.26977],[9.38023,44.27079],[9.37849,44.27194],[9.3769,44.27321],[9.37549,44.27458],[9.37427,44.27603],[9.37323,44.27757],[9.37241,44.27917],[9.3718,44.28081],[9.36781,44.294],[9.36781,44.29401],[9.36769,44.29442],[9.36718,44.29462],[9.36717,44.29463],[9.26421,44.33581],[9.26133,44.33715],[9.23114,44.35344],[9.23064,44.3537],[9.23028,44.35334],[9.22133,44.34436],[9.22104,44.34406],[9.22081,44.34374],[9.21405,44.33393],[9.21372,44.33344],[9.21355,44.33291],[9.21184,44.32741],[9.21121,44.32574],[9.21035,44.32413],[9.20928,44.32258],[9.20802,44.32111],[9.20656,44.31973],[9.20493,44.31846],[9.20314,44.31731],[9.2012,44.31629],[9.19914,44.31541],[9.19697,44.31467],[9.19471,44.31409],[9.19238,44.31366],[9.19001,44.3134],[9.18761,44.3133],[9.18522,44.31337],[9.18284,44.31361],[9.18051,44.314],[9.17823,44.31456],[9.16837,44.31736],[9.16621,44.31806],[9.16416,44.3189],[9.16223,44.31988],[9.15791,44.32229],[9.15612,44.32338],[9.15448,44.3246],[9.15301,44.32592],[9.15172,44.32733],[9.15061,44.32883],[9.14971,44.33039],[9.14901,44.33201],[9.14852,44.33367],[9.14826,44.33536],[9.14821,44.33705],[9.14839,44.33874],[9.14861,44.34003],[9.14833,44.34039],[9.13035,44.36298],[9.13006,44.36335],[9.12954,44.36355],[9.12953,44.36355],[9.10262,44.37376],[9.10206,44.37397],[9.10145,44.37405],[9.10144,44.37405],[9.00327,44.38701],[9.00125,44.38733],[8.99928,44.38778],[8.95484,44.3993],[8.95293,44.39986],[8.95109,44.40053],[8.92422,44.41135],[8.92368,44.41157],[8.9231,44.4114],[8.91937,44.41032],[8.91695,44.40972],[8.91447,44.4093],[8.91193,44.40906],[8.90938,44.40901],[8.87091,44.40969],[8.86843,44.40982],[8.86599,44.41013],[8.85009,44.41271],[8.84784,44.41316],[8.84565,44.41376],[8.84355,44.4145],[8.84155,44.41538],[8.83968,44.41639],[8.83795,44.41752],[8.83637,44.41876],[8.83496,44.4201],[8.82735,44.42809],[8.827,44.42845],[8.82638,44.42849],[8.76292,44.43208],[8.76238,44.43212],[8.76185,44.43204],[8.7378,44.42886],[8.73779,44.42886],[8.73715,44.42878],[8.73658,44.42856],[8.73658,44.42855],[8.72533,44.42419],[8.72532,44.42419],[8.72478,44.42398],[8.72431,44.4237],[8.72431,44.42369],[8.6962,44.40695],[8.69619,44.40695],[8.69581,44.40672],[8.69548,44.40645],[8.68903,44.40115],[8.68729,44.39986],[8.68538,44.3987],[8.68332,44.39768],[8.68114,44.39681],[8.67884,44.39611],[8.67646,44.39557],[8.67401,44.3952],[8.67153,44.39502],[8.66903,44.39501],[8.66655,44.39518],[8.6634,44.39551],[8.66277,44.39558],[8.66214,44.3955],[8.6557,44.39475],[8.65512,44.39468],[8.65465,44.39444],[8.65465,44.39443],[8.59841,44.36516],[8.59652,44.36427],[8.59454,44.3635],[8.59246,44.36287],[8.59032,44.36237],[8.58812,44.36201],[8.57728,44.36062],[8.57667,44.36054],[8.57609,44.36038],[8.56536,44.35733],[8.56479,44.35716],[8.56435,44.35686],[8.56435,44.35685],[8.54193,44.34118],[8.54023,44.34009],[8.53839,44.33912],[8.46665,44.30454],[8.46664,44.30454],[8.46608,44.30427],[8.46566,44.30387],[8.44486,44.28422],[8.44451,44.28388],[8.44779,44.27157],[8.44813,44.26985],[8.44824,44.2681],[8.44812,44.26636],[8.44776,44.26463],[8.44717,44.26294],[8.44636,44.26129],[8.44533,44.25971],[8.44409,44.25821],[8.43985,44.25358],[8.43946,44.25316],[8.43922,44.25269],[8.4368,44.24806],[8.43653,44.24755],[8.43645,44.247],[8.43634,44.24658],[8.43578,44.24482],[8.43498,44.2431],[8.43394,44.24146],[8.43268,44.23989],[8.43121,44.23843],[8.42954,44.23708],[8.4277,44.23585],[8.42569,44.23477],[8.41766,44.23086],[8.41725,44.23066],[8.41689,44.23041],[8.41234,44.22735],[8.41188,44.22704],[8.41168,44.2266],[8.40668,44.21542],[8.4065,44.21503],[8.40828,44.20548],[8.40846,44.20408],[8.4085,44.20268],[8.40842,44.20013],[8.40824,44.19832],[8.4078,44.19653],[8.40713,44.19479],[8.40621,44.1931],[8.40507,44.19149],[8.4037,44.18997],[8.40213,44.18855],[8.39785,44.18506],[8.39613,44.18379],[8.39424,44.18264],[8.39221,44.18164],[8.39006,44.18079],[8.37097,44.17408],[8.36773,44.17314],[8.31413,44.16062],[8.31349,44.16047],[8.3129,44.16022],[8.28518,44.14847],[8.28468,44.14826],[8.28424,44.14799],[8.2701,44.13909],[8.26954,44.13874],[8.26905,44.13835],[8.2571,44.12883],[8.25652,44.12836],[8.25604,44.12785],[8.25603,44.12785],[8.23351,44.10395],[8.2335,44.10394],[8.23316,44.10358],[8.23298,44.10317],[8.23016,44.09673],[8.22999,44.09634],[8.2311,44.08182],[8.23112,44.08031],[8.23098,44.0788],[8.23023,44.07404],[8.2299,44.07251],[8.22939,44.071],[8.2243,44.05842],[8.22308,44.05603],[8.21788,44.04772],[8.21673,44.04612],[8.21538,44.0446],[8.21382,44.04319],[8.16947,44.00695],[8.16947,44.00694],[8.16912,44.00666],[8.16888,44.00632],[8.15295,43.98361],[8.15268,43.98322],[8.15679,43.97769],[8.15784,43.9761],[8.15867,43.97442],[8.15927,43.97269],[8.15963,43.97093],[8.15976,43.96915],[8.15963,43.96737],[8.15927,43.96561],[8.15867,43.96388],[8.15784,43.9622],[8.15678,43.96059],[8.15551,43.95906],[8.15404,43.95763],[8.15238,43.95632],[8.15055,43.95513],[8.14857,43.95407],[8.14645,43.95316],[8.14514,43.95272],[8.14483,43.9526],[8.14471,43.95258],[8.14428,43.95222],[8.11913,43.93096],[8.11752,43.92973],[8.11576,43.92861],[8.11387,43.92761],[8.11186,43.92675],[8.10974,43.92603],[8.08979,43.92004],[8.08978,43.92004],[8.0892,43.91987],[8.08872,43.91957],[8.08204,43.91552],[8.08155,43.91523],[8.08116,43.91487],[8.07588,43.91005],[8.07545,43.90965],[8.07522,43.90918],[8.07348,43.90557],[8.07239,43.90369],[8.07129,43.90203],[8.07002,43.90035],[8.06851,43.89878],[8.06677,43.89734],[8.06484,43.89603],[8.06273,43.89489],[8.06047,43.89391],[8.05823,43.89305],[8.05562,43.89219],[8.05288,43.89155],[8.03209,43.88764],[8.03142,43.88752],[8.03085,43.88724],[7.96338,43.85462],[7.96152,43.8538],[7.95957,43.85311],[7.95755,43.85254],[7.95547,43.8521],[7.78634,43.82206],[7.78632,43.82206],[7.78582,43.82197],[7.78538,43.82175],[7.78537,43.82175],[7.74032,43.80005],[7.73842,43.79922],[7.73642,43.79851],[7.73435,43.79794],[7.73222,43.79751],[7.6978,43.79168],[7.69498,43.79133],[7.69212,43.79121],[7.5727,43.79133],[7.57269,43.79133],[7.57203,43.79133],[7.5714,43.79117],[7.57139,43.79117],[7.55529,43.78723],[7.55297,43.78675],[7.5506,43.78644],[7.54821,43.78629],[7.5458,43.78632],[7.54341,43.78651],[7.54106,43.78688],[7.53877,43.7874],[7.53656,43.78809],[7.53445,43.78893],[7.53247,43.78991],[7.53062,43.79103],[7.52893,43.79228],[7.52742,43.79363],[7.52609,43.79509],[7.52541,43.79603],[7.5253,43.79616],[7.52521,43.79631],[7.52478,43.79678],[7.52466,43.79687],[7.52459,43.79694],[7.52408,43.79738],[7.52395,43.7975],[7.52371,43.79774],[7.52334,43.79807],[7.52318,43.7982],[7.52182,43.79951],[7.52063,43.8009],[7.51962,43.80236],[7.5188,43.80389],[7.51817,43.80546],[7.51773,43.80707],[7.51772,43.80715],[7.51765,43.80768],[7.51736,43.80869],[7.51701,43.80978],[7.51663,43.81072],[7.51644,43.81102],[7.51601,43.81198],[7.51594,43.8122],[7.51575,43.81265],[7.5157,43.81277],[7.51548,43.8133],[7.51542,43.81338],[7.51495,43.81443],[7.5144,43.81629],[7.51431,43.81691],[7.51421,43.81737],[7.51421,43.81753],[7.51414,43.81774],[7.51395,43.81893],[7.51394,43.81907],[7.51389,43.8196],[7.51388,43.82003],[7.51376,43.82037],[7.51348,43.82091],[7.51327,43.82139],[7.5131,43.8218],[7.51292,43.82241],[7.51268,43.82289],[7.51257,43.82302],[7.51234,43.82342],[7.51157,43.82495],[7.51098,43.82653],[7.5106,43.82813],[7.51042,43.82975],[7.51042,43.83007],[7.51039,43.83039],[7.51032,43.83101],[7.51027,43.83193],[7.51026,43.83197],[7.51025,43.83246],[7.51017,43.83295],[7.51016,43.83305],[7.51009,43.83348],[7.51007,43.83367],[7.51005,43.83383],[7.51,43.83432],[7.5099,43.83445],[7.5099,43.83446],[7.50956,43.83514],[7.5089,43.8367],[7.50843,43.83829],[7.50816,43.83991],[7.50811,43.84127],[7.5081,43.84137],[7.50813,43.84139],[7.50776,43.84184],[7.50727,43.8421],[7.50658,43.84247],[7.50475,43.84358],[7.50306,43.8448],[7.50155,43.84614],[7.50022,43.84758],[7.49908,43.84911],[7.49815,43.8507],[7.49744,43.85236],[7.49695,43.85406],[7.49669,43.85578],[7.49666,43.85752],[7.49685,43.85925],[7.49727,43.86095],[7.49792,43.86262],[7.49879,43.86424],[7.49986,43.86579],[7.49996,43.86592],[7.50013,43.86613],[7.50037,43.86645],[7.50043,43.86662],[7.50048,43.8668],[7.50048,43.86703],[7.50045,43.86707],[7.50041,43.8673],[7.50022,43.86924],[7.50031,43.87118],[7.50069,43.8731],[7.50135,43.87498],[7.50229,43.87679],[7.50465,43.88073],[7.50437,43.88112],[7.50168,43.88497],[7.50068,43.88659],[7.49991,43.88828],[7.49937,43.89002],[7.49906,43.89179],[7.499,43.89357],[7.49918,43.89535],[7.4996,43.8971],[7.50026,43.89882],[7.50115,43.90048],[7.50226,43.90208],[7.50358,43.90358],[7.50509,43.90498],[7.50679,43.90627],[7.50866,43.90743],[7.51067,43.90845],[7.51282,43.90932],[7.51507,43.91003],[7.51679,43.91051],[7.5202,43.91191],[7.52231,43.91269],[7.52452,43.91331],[7.52679,43.91378],[7.52912,43.9141],[7.53148,43.91425],[7.53385,43.91423],[7.5362,43.91406],[7.53852,43.91372],[7.54009,43.91337],[7.54028,43.91334],[7.5404,43.91329],[7.54499,43.91267],[7.55012,43.93417],[7.55026,43.9347],[7.55175,43.94],[7.55234,43.94169],[7.55316,43.94333],[7.55419,43.94491],[7.55543,43.94641],[7.55686,43.94782],[7.55848,43.94911],[7.56026,43.95029],[7.56218,43.95134],[7.56424,43.95225],[7.56641,43.95301],[7.56867,43.95362],[7.571,43.95406],[7.57337,43.95434],[7.57577,43.95445],[7.58211,43.95452],[7.58247,43.95487],[7.58403,43.95614],[7.58579,43.95732],[7.58769,43.95837],[7.58972,43.95928],[7.59186,43.96005],[7.5941,43.96066],[7.59639,43.96111],[7.60417,43.96236],[7.60414,43.96238],[7.60437,43.96311],[7.60444,43.96337],[7.6051,43.96508],[7.60599,43.96674],[7.60709,43.96832],[7.60841,43.96982],[7.60993,43.97122],[7.61162,43.9725],[7.61349,43.97365],[7.61549,43.97467],[7.61763,43.97554],[7.6179,43.97564],[7.61799,43.97565],[7.63051,43.98922],[7.63211,43.99076],[7.63392,43.99217],[7.63593,43.99343],[7.64065,43.99609],[7.64029,43.99646],[7.63662,44.00032],[7.63623,44.00073],[7.63574,44.00106],[7.63573,44.00106],[7.61242,44.01672],[7.61198,44.01702],[7.61148,44.01724],[7.61147,44.01724],[7.60004,44.02238],[7.59962,44.02257],[7.59918,44.02273],[7.59798,44.02318],[7.59741,44.02339],[7.59737,44.02338],[7.59673,44.02354],[7.59469,44.0241],[7.59273,44.0248],[7.59085,44.02562],[7.58909,44.02656],[7.58518,44.02883],[7.58263,44.03053],[7.58256,44.03058],[7.58256,44.03061],[7.5822,44.03079],[7.58217,44.03076],[7.58186,44.03075],[7.57948,44.03073],[7.57711,44.03088],[7.57477,44.03119],[7.57248,44.03166],[7.57026,44.03229],[7.56814,44.03307],[7.56613,44.03399],[7.56425,44.03505],[7.56252,44.03623],[7.56095,44.03753],[7.55956,44.03893],[7.55836,44.04042],[7.55737,44.04199],[7.55592,44.0446],[7.55568,44.04503],[7.55507,44.04519],[7.53439,44.05072],[7.53439,44.05073],[7.53353,44.05095],[7.53264,44.05109],[7.52188,44.05272],[7.52134,44.0528],[7.5208,44.05278],[7.46957,44.05062],[7.46956,44.05062],[7.46881,44.05058],[7.4681,44.05042],[7.45131,44.04666],[7.44911,44.04624],[7.44686,44.04597],[7.44459,44.04586],[7.44231,44.04589],[7.44005,44.04607],[7.43782,44.0464],[7.42169,44.04936],[7.42109,44.04947],[7.42048,44.04949],[7.42048,44.0495],[7.39014,44.05058],[7.3877,44.05076],[7.3853,44.05111],[7.38296,44.05162],[7.3807,44.0523],[7.37854,44.05314],[7.37651,44.05413],[7.37462,44.05526],[7.37289,44.05651],[7.36373,44.06388],[7.36334,44.06419],[7.36331,44.06419],[7.36272,44.06454],[7.36092,44.06575],[7.35928,44.06708],[7.35784,44.06852],[7.3566,44.07005],[7.35558,44.07166],[7.35557,44.0717],[7.35494,44.07282],[7.35493,44.07284],[7.35487,44.07296],[7.35483,44.07303],[7.35464,44.07342],[7.35431,44.07385],[7.35369,44.0741],[7.35358,44.07409],[7.35269,44.07421],[7.3511,44.07447],[7.35056,44.07457],[7.35033,44.07465],[7.34927,44.07479],[7.34928,44.07481],[7.34776,44.07503],[7.34534,44.07558],[7.34301,44.0763],[7.34214,44.07661],[7.34209,44.07665],[7.34165,44.07678],[7.34163,44.07679],[7.34121,44.07697],[7.34069,44.07701],[7.34056,44.07698],[7.34031,44.07697],[7.33905,44.07687],[7.33688,44.07682],[7.33472,44.07692],[7.33259,44.07715],[7.33248,44.07719],[7.33221,44.07715],[7.33222,44.07713],[7.33138,44.07678],[7.33101,44.07661],[7.32885,44.0758],[7.32659,44.07514],[7.32425,44.07465],[7.32186,44.07433],[7.32067,44.07425],[7.32005,44.07419],[7.32002,44.07421],[7.31945,44.07414],[7.31888,44.07408],[7.31888,44.07409],[7.31707,44.07392],[7.31454,44.07387],[7.31203,44.07401],[7.30954,44.07434],[7.30837,44.07453],[7.30833,44.07454],[7.30773,44.07464],[7.30769,44.07463],[7.30545,44.07501],[7.30315,44.07557],[7.30093,44.07629],[7.29882,44.07717],[7.29684,44.07819],[7.29501,44.07935],[7.29334,44.08063],[7.29185,44.08202],[7.29056,44.08352],[7.28948,44.08509],[7.28861,44.08674],[7.28797,44.08844],[7.28756,44.09017],[7.28625,44.09803],[7.28618,44.09849],[7.28574,44.09883],[7.27439,44.10781],[7.27438,44.10781],[7.27398,44.10813],[7.27396,44.1081],[7.27356,44.10799],[7.27244,44.10762],[7.27145,44.10737],[7.271,44.10724],[7.27092,44.10724],[7.27075,44.10717],[7.27025,44.10702],[7.26788,44.10643],[7.26544,44.10602],[7.26296,44.10578],[7.26046,44.10572],[7.25796,44.10585],[7.2555,44.10615],[7.25309,44.10664],[7.25076,44.10729],[7.24853,44.10811],[7.24643,44.10909],[7.24447,44.11022],[7.24268,44.11148],[7.24222,44.11185],[7.24179,44.11218],[7.24167,44.11173],[7.2405,44.10736],[7.23989,44.10556],[7.23903,44.10383],[7.23792,44.10216],[7.23659,44.10058],[7.23504,44.09911],[7.2333,44.09777],[7.23137,44.09655],[7.22928,44.09549],[7.20287,44.08344],[7.20077,44.08258],[7.19856,44.08188],[7.19628,44.08133],[7.19393,44.08094],[7.19154,44.08072],[7.18913,44.08066],[7.18673,44.08077],[7.18435,44.08106],[7.18203,44.0815],[7.17977,44.08211],[7.17761,44.08287],[7.17555,44.08378],[7.17363,44.08483],[7.17186,44.086],[7.17026,44.0873],[7.17025,44.0873],[7.16987,44.08765],[7.16933,44.08786],[7.16528,44.08944],[7.16322,44.09033],[7.16129,44.09137],[7.15951,44.09254],[7.1579,44.09383],[7.15646,44.09522],[7.15521,44.09671],[7.15417,44.09828],[7.15335,44.09992],[7.15274,44.1016],[7.15236,44.10332],[7.15222,44.10506],[7.15231,44.1068],[7.15262,44.10853],[7.15292,44.10968],[7.1523,44.10975],[7.14332,44.1107],[7.14064,44.11109],[7.13804,44.11169],[7.13554,44.1125],[7.13114,44.11414],[7.13096,44.11421],[7.1294,44.11479],[7.12541,44.11627],[7.12498,44.11643],[7.12453,44.11657],[7.11682,44.1189],[7.11464,44.11965],[7.11256,44.12056],[7.11062,44.12161],[7.10882,44.12279],[7.10719,44.12409],[7.10575,44.12549],[7.1045,44.127],[7.10346,44.12858],[7.10264,44.13023],[7.10205,44.13193],[7.1018,44.1328],[7.10183,44.13284],[7.10165,44.13335],[7.10156,44.13361],[7.10098,44.13567],[7.10074,44.13776],[7.10074,44.13786],[7.10076,44.13799],[7.10063,44.13837],[7.10053,44.13865],[7.10036,44.13913],[7.1003,44.13919],[7.10017,44.13949],[7.09955,44.14128],[7.09918,44.1431],[7.09907,44.14494],[7.09907,44.145],[7.0991,44.14503],[7.09885,44.14542],[7.0987,44.14571],[7.09803,44.14706],[7.09752,44.14845],[7.09728,44.14924],[7.0973,44.14932],[7.09707,44.14973],[7.0967,44.15042],[7.0965,44.1508],[7.09644,44.15085],[7.09556,44.1521],[7.0951,44.15292],[7.09481,44.15343],[7.09463,44.15379],[7.09458,44.15381],[7.09399,44.1546],[7.094,44.1546],[7.09314,44.15583],[7.09232,44.15733],[7.09168,44.15887],[7.09124,44.16045],[7.09109,44.16113],[7.09111,44.16119],[7.09091,44.16189],[7.09064,44.16233],[7.09045,44.16268],[7.09034,44.16287],[7.0901,44.16332],[7.09009,44.16342],[7.09004,44.16344],[7.08972,44.16405],[7.08902,44.16557],[7.08851,44.16714],[7.08842,44.16761],[7.0883,44.16807],[7.0883,44.16815],[7.08807,44.16853],[7.0879,44.16884],[7.08778,44.16904],[7.08754,44.16949],[7.08731,44.16992],[7.08723,44.16996],[7.08703,44.17022],[7.0862,44.17114],[7.08504,44.17276],[7.08412,44.17446],[7.08344,44.17622],[7.08301,44.17802],[7.08283,44.17984],[7.08291,44.18166],[7.08321,44.18333],[7.08326,44.18344],[7.08302,44.18386],[7.08302,44.18387],[7.07346,44.20092],[7.07322,44.20134],[7.07262,44.20151],[7.06527,44.20353],[7.06319,44.20419],[7.06119,44.20498],[7.0593,44.2059],[7.05047,44.21064],[7.04851,44.21181],[7.04442,44.21451],[7.04395,44.21482],[7.04336,44.21497],[7.03635,44.21673],[7.03411,44.21738],[7.03197,44.21819],[7.02994,44.21914],[7.02806,44.22023],[7.02633,44.22144],[7.02477,44.22277],[7.02339,44.2242],[7.02221,44.22573],[7.02125,44.22732],[7.0205,44.22898],[7.01998,44.23068],[7.01997,44.23069],[7.0199,44.23111],[7.01982,44.23124],[7.01974,44.23147],[7.01957,44.23187],[7.01953,44.23203],[7.01929,44.23237],[7.01922,44.23237],[7.01907,44.23242],[7.01712,44.23307],[7.01525,44.23384],[7.01348,44.23473],[7.01324,44.23486],[7.01308,44.23498],[7.01287,44.23506],[7.01284,44.23508],[7.01151,44.23571],[7.00974,44.23673],[7.0081,44.23786],[7.00662,44.23909],[7.00529,44.24042],[7.00448,44.24141],[7.00434,44.24157],[7.00431,44.24162],[7.00419,44.24173],[7.00416,44.24176],[7.00305,44.24311],[7.00211,44.24453],[7.00134,44.24599],[7.00103,44.2468],[7.00092,44.24703],[7.00091,44.24712],[7.00088,44.24712],[7.00058,44.2476],[7.00016,44.24819],[6.99929,44.2498],[6.99863,44.25147],[6.9982,44.25317],[6.998,44.25489],[6.99803,44.25662],[6.99828,44.25834],[6.9983,44.25842],[6.99835,44.25854],[6.99844,44.25911],[6.99834,44.25931],[6.99765,44.26129],[6.99763,44.26138],[6.99763,44.26139],[6.99755,44.26182],[6.99746,44.26196],[6.99721,44.26255],[6.99659,44.26445],[6.99625,44.2664],[6.99624,44.26647],[6.99618,44.26814],[6.99634,44.2698],[6.99671,44.27144],[6.99722,44.27287],[6.99729,44.273],[6.99736,44.2733],[6.99732,44.27335],[6.9973,44.27343],[6.99728,44.27347],[6.99728,44.27356],[6.9971,44.27393],[6.9971,44.27394],[6.9969,44.27444],[6.99691,44.27444],[6.99641,44.27571],[6.99596,44.27765],[6.99581,44.27962],[6.9958,44.28017],[6.99583,44.28021],[6.99555,44.28048],[6.99551,44.28047],[6.99505,44.28065],[6.99308,44.28148],[6.99123,44.28243],[6.99089,44.28262],[6.99051,44.28285],[6.99046,44.2829],[6.99036,44.28294],[6.98995,44.28318],[6.98962,44.28339],[6.98959,44.28343],[6.98877,44.28367],[6.98672,44.28436],[6.98476,44.28517],[6.98291,44.28611],[6.98151,44.28696],[6.9814,44.28703],[6.98138,44.28706],[6.98121,44.28712],[6.9812,44.28711],[6.97934,44.28785],[6.97734,44.28884],[6.97549,44.28996],[6.97379,44.29121],[6.97227,44.29257],[6.97152,44.29331],[6.97155,44.29333],[6.97059,44.29403],[6.96949,44.2947],[6.96769,44.29591],[6.96606,44.29725],[6.96462,44.2987],[6.96339,44.30024],[6.96238,44.30187],[6.9616,44.30355],[6.96105,44.30529],[6.96073,44.30706],[6.96067,44.30882],[6.9607,44.30886],[6.96066,44.30891],[6.96062,44.30929],[6.96057,44.30955],[6.96052,44.31004],[6.96046,44.31039],[6.96049,44.31042],[6.96042,44.31055],[6.96032,44.31088],[6.96019,44.31135],[6.96019,44.31146],[6.96003,44.31157],[6.95985,44.31172],[6.95842,44.31286],[6.95784,44.31338],[6.95782,44.31343],[6.95771,44.31349],[6.95715,44.31399],[6.95709,44.31404],[6.957,44.31412],[6.95698,44.31415],[6.95567,44.31541],[6.95444,44.31687],[6.95341,44.31841],[6.95334,44.31853],[6.95336,44.31855],[6.95321,44.31873],[6.95282,44.31928],[6.95276,44.31942],[6.95213,44.3197],[6.95209,44.3197],[6.95134,44.31993],[6.95082,44.32007],[6.94876,44.3208],[6.9468,44.32166],[6.94496,44.32265],[6.94325,44.32375],[6.94302,44.32391],[6.94296,44.32399],[6.94284,44.32403],[6.94269,44.32412],[6.94064,44.32544],[6.93881,44.32691],[6.93721,44.32852],[6.93697,44.32879],[6.93696,44.32885],[6.93659,44.32905],[6.93648,44.32912],[6.93616,44.32932],[6.93573,44.32962],[6.93563,44.32969],[6.93562,44.3297],[6.93561,44.32971],[6.93513,44.33001],[6.9351,44.33004],[6.93503,44.33011],[6.93499,44.3301],[6.93413,44.33054],[6.93207,44.33173],[6.9302,44.33306],[6.92854,44.33453],[6.9271,44.33611],[6.9259,44.3378],[6.92561,44.33825],[6.92561,44.33832],[6.92553,44.33839],[6.92525,44.33884],[6.9245,44.34017],[6.92421,44.34077],[6.92413,44.34096],[6.92414,44.34098],[6.92411,44.341],[6.92345,44.34262],[6.92297,44.34451],[6.92277,44.34643],[6.92282,44.34758],[6.92281,44.34793],[6.92284,44.34801],[6.9228,44.34807],[6.92278,44.34823],[6.92265,44.34968],[6.92262,44.35052],[6.92264,44.35055],[6.92254,44.35068],[6.92235,44.35099],[6.92207,44.35148],[6.92199,44.3516],[6.922,44.35163],[6.92162,44.35175],[6.91892,44.35281],[6.91832,44.35309],[6.91826,44.35308],[6.91761,44.35324],[6.91538,44.35386],[6.91325,44.35463],[6.91123,44.35555],[6.90933,44.3566],[6.90863,44.35703],[6.90859,44.35709],[6.90851,44.35711],[6.90773,44.3575],[6.90739,44.35765],[6.90548,44.35872],[6.90373,44.35992],[6.90214,44.36123],[6.90074,44.36264],[6.89953,44.36415],[6.89853,44.36574],[6.89775,44.36738],[6.8972,44.36908],[6.89687,44.3708],[6.89678,44.37254],[6.89691,44.37428],[6.89703,44.37483],[6.8971,44.37534],[6.89714,44.37536],[6.89714,44.37539],[6.89714,44.37541],[6.89713,44.37542],[6.89711,44.37543],[6.8968,44.37621],[6.89681,44.37622],[6.89669,44.37648],[6.89613,44.3784],[6.89586,44.38034],[6.89588,44.3823],[6.89595,44.38305],[6.89597,44.38307],[6.89599,44.38316],[6.89597,44.38326],[6.89597,44.38328],[6.89597,44.3833],[6.89599,44.38435],[6.89599,44.38441],[6.89601,44.38449],[6.89597,44.38455],[6.89584,44.38532],[6.89588,44.38532],[6.89565,44.38646],[6.89556,44.38725],[6.8956,44.38734],[6.89555,44.38742],[6.89556,44.38747],[6.89555,44.38749],[6.89549,44.38931],[6.89572,44.39121],[6.89621,44.39307],[6.89662,44.39404],[6.89675,44.39438],[6.89676,44.39447],[6.89683,44.39452],[6.89685,44.39462],[6.89686,44.39475],[6.89688,44.39487],[6.89687,44.39512],[6.89679,44.39527],[6.89676,44.39538],[6.89636,44.39725],[6.89625,44.39914],[6.89641,44.40103],[6.89684,44.4029],[6.89741,44.40439],[6.89746,44.40453],[6.8975,44.40458],[6.8975,44.4046],[6.89749,44.40462],[6.89755,44.40479],[6.89758,44.40495],[6.89761,44.4051],[6.89763,44.40514],[6.89772,44.40548],[6.8977,44.40555],[6.89775,44.40582],[6.89786,44.4068],[6.89828,44.40851],[6.89892,44.41018],[6.89979,44.41181],[6.90087,44.41336],[6.90215,44.41484],[6.90362,44.41622],[6.90528,44.41749],[6.90709,44.41864],[6.90905,44.41966],[6.91113,44.42054],[6.91333,44.42127],[6.91561,44.42185],[6.91796,44.42226],[6.92035,44.42251],[6.92276,44.4226],[6.92492,44.42252],[6.92497,44.4225],[6.92507,44.42249],[6.92522,44.42251],[6.92531,44.42254],[6.92536,44.42257],[6.92537,44.42258],[6.92543,44.42259],[6.92741,44.42322],[6.92966,44.42375],[6.93039,44.42387],[6.93112,44.42402],[6.93114,44.424],[6.93118,44.42405],[6.93154,44.42421],[6.93355,44.42505],[6.93566,44.42576],[6.93784,44.42631],[6.94009,44.42673],[6.94239,44.42698],[6.9447,44.42709],[6.94576,44.42707],[6.94631,44.42708],[6.94639,44.42706],[6.94653,44.42708],[6.94679,44.42731],[6.94695,44.42741],[6.94701,44.42749],[6.94707,44.42761],[6.94726,44.42787],[6.94731,44.42791],[6.94733,44.42793],[6.94732,44.42796],[6.94731,44.42796],[6.94758,44.42853],[6.94758,44.42854],[6.94769,44.42876],[6.9477,44.42876],[6.94802,44.42939],[6.94812,44.42962],[6.94812,44.42963],[6.94817,44.42966],[6.94819,44.4297],[6.94818,44.42976],[6.9481,44.42985],[6.94798,44.42989],[6.94793,44.42992],[6.94777,44.43002],[6.94771,44.43006],[6.94768,44.43009],[6.94763,44.43011],[6.94722,44.43038],[6.9472,44.43042],[6.94705,44.4305],[6.947,44.43053],[6.94653,44.43086],[6.94623,44.43104],[6.94466,44.43223],[6.9445,44.43235],[6.9444,44.43247],[6.94417,44.43261],[6.94413,44.43262],[6.9437,44.43292],[6.94325,44.4332],[6.94153,44.43449],[6.93999,44.4359],[6.93866,44.43741],[6.93856,44.43754],[6.93853,44.43762],[6.93846,44.43768],[6.93845,44.43768],[6.93822,44.43797],[6.93814,44.43807],[6.93815,44.43807],[6.93716,44.43928],[6.93677,44.43982],[6.93678,44.43985],[6.93646,44.43999],[6.93643,44.43999],[6.93618,44.44011],[6.93595,44.44021],[6.93509,44.44057],[6.9334,44.44141],[6.93235,44.44202],[6.93217,44.44212],[6.93213,44.44217],[6.9321,44.44218],[6.93206,44.44217],[6.93106,44.4425],[6.93016,44.44278],[6.92969,44.44297],[6.9293,44.44311],[6.92698,44.44406],[6.92612,44.4445],[6.92537,44.44485],[6.92534,44.44489],[6.92516,44.44499],[6.92501,44.44502],[6.92501,44.44503],[6.92464,44.44517],[6.92463,44.44518],[6.92393,44.44544],[6.9239,44.44545],[6.92208,44.44613],[6.91995,44.44715],[6.91797,44.44832],[6.91617,44.44962],[6.91457,44.45106],[6.91317,44.4526],[6.91201,44.45424],[6.9116,44.45489],[6.91154,44.45504],[6.91151,44.45507],[6.91148,44.45508],[6.91124,44.45547],[6.91047,44.45684],[6.91018,44.45752],[6.91007,44.45773],[6.91006,44.45781],[6.91004,44.45784],[6.90998,44.4579],[6.90997,44.45791],[6.90995,44.45795],[6.90993,44.45798],[6.90989,44.45804],[6.90989,44.45805],[6.90904,44.45947],[6.90835,44.46096],[6.90785,44.46249],[6.90784,44.46252],[6.90783,44.46263],[6.90782,44.46268],[6.90778,44.46273],[6.9074,44.46389],[6.90719,44.46494],[6.90714,44.46509],[6.90715,44.4651],[6.90715,44.46516],[6.90714,44.4652],[6.90702,44.46545],[6.90652,44.46694],[6.90635,44.46757],[6.90636,44.46764],[6.90592,44.46787],[6.90527,44.46825],[6.90514,44.46835],[6.90507,44.46839],[6.90504,44.46839],[6.90428,44.46884],[6.90431,44.46887],[6.90276,44.4698],[6.90239,44.47006],[6.90238,44.47009],[6.90233,44.47009],[6.90231,44.4701],[6.90221,44.47015],[6.90212,44.47018],[6.90203,44.47024],[6.90194,44.47024],[6.90161,44.47034],[6.90142,44.47038],[6.90083,44.4705],[6.90082,44.47053],[6.90075,44.47051],[6.89999,44.47061],[6.89918,44.47072],[6.89882,44.47078],[6.89874,44.47079],[6.89872,44.4708],[6.8987,44.4708],[6.89685,44.47113],[6.89494,44.4716],[6.89477,44.47165],[6.8947,44.47169],[6.89463,44.47169],[6.89406,44.47185],[6.89144,44.4727],[6.88899,44.47376],[6.88671,44.47502],[6.88604,44.47543],[6.88604,44.47546],[6.88599,44.4755],[6.88594,44.4755],[6.88593,44.4755],[6.88423,44.47667],[6.88268,44.47794],[6.88131,44.47931],[6.88012,44.48077],[6.87913,44.4823],[6.87835,44.48389],[6.87777,44.48553],[6.87768,44.48597],[6.87764,44.48608],[6.8776,44.48631],[6.87747,44.48695],[6.87746,44.48695],[6.87726,44.48784],[6.87729,44.48786],[6.87724,44.48796],[6.87721,44.48798],[6.8772,44.488],[6.87713,44.48814],[6.8771,44.4882],[6.87704,44.48831],[6.87704,44.48832],[6.87693,44.48854],[6.87689,44.48867],[6.87685,44.48875],[6.87682,44.48878],[6.87667,44.48884],[6.87637,44.48901],[6.87623,44.48908],[6.87611,44.48914],[6.87583,44.48929],[6.87557,44.48938],[6.87348,44.49032],[6.87141,44.49147],[6.86952,44.49278],[6.86783,44.49422],[6.86636,44.49577],[6.86512,44.49744],[6.86473,44.49814],[6.86438,44.49868],[6.86437,44.49875],[6.86435,44.49879],[6.86424,44.49889],[6.86423,44.49889],[6.86387,44.49932],[6.86359,44.49962],[6.86246,44.50114],[6.86154,44.50273],[6.86082,44.50437],[6.86077,44.50452],[6.86077,44.50454],[6.86078,44.5046],[6.86077,44.50462],[6.8607,44.50471],[6.86054,44.50517],[6.86025,44.50585],[6.85977,44.50748],[6.8595,44.50913],[6.85944,44.50979],[6.85946,44.50981],[6.85945,44.50983],[6.85943,44.50984],[6.8594,44.50999],[6.85939,44.51],[6.8594,44.51001],[6.8594,44.51003],[6.85937,44.51006],[6.8593,44.51027],[6.85893,44.5112],[6.85857,44.51258],[6.85857,44.51259],[6.85856,44.5126],[6.85854,44.51269],[6.85855,44.51275],[6.85853,44.5128],[6.85851,44.5128],[6.85836,44.51326],[6.85813,44.51384],[6.85771,44.51543],[6.8575,44.51704],[6.85748,44.51865],[6.85767,44.52027],[6.85779,44.52095],[6.85783,44.52095],[6.85783,44.52096],[6.8578,44.52101],[6.85782,44.52166],[6.85781,44.522],[6.858,44.52377],[6.85842,44.52552],[6.85908,44.52722],[6.85997,44.52888],[6.86108,44.53046],[6.86241,44.53196],[6.86393,44.53336],[6.86563,44.53464],[6.86751,44.5358],[6.86866,44.53639],[6.86878,44.53645],[6.86877,44.53645],[6.86932,44.53675],[6.86937,44.53677],[6.86972,44.53694],[6.86988,44.53705],[6.86992,44.53712],[6.86994,44.53719],[6.86994,44.53726],[6.87001,44.53742],[6.87056,44.53901],[6.87149,44.54083],[6.8727,44.54258],[6.87416,44.54422],[6.87585,44.54574],[6.87661,44.54635],[6.87666,44.54635],[6.87668,44.54637],[6.87667,44.5464],[6.87694,44.54661],[6.87695,44.54662],[6.87696,44.54662],[6.87708,44.54672],[6.8787,44.54791],[6.88046,44.54898],[6.88235,44.54993],[6.88435,44.55076],[6.88645,44.55145],[6.88863,44.55199],[6.88993,44.55223],[6.89025,44.5523],[6.89037,44.5523],[6.89038,44.55233],[6.89074,44.55244],[6.89284,44.55299],[6.895,44.5534],[6.8972,44.55368],[6.89942,44.55382],[6.90166,44.55381],[6.90184,44.5538],[6.90196,44.55378],[6.90199,44.55382],[6.902,44.55382],[6.90208,44.55387],[6.90219,44.55395],[6.90223,44.55395],[6.90224,44.55397],[6.90223,44.55398],[6.9023,44.55403],[6.90256,44.55421],[6.90436,44.55533],[6.9063,44.55632],[6.90836,44.55718],[6.91052,44.55789],[6.91277,44.55846],[6.91389,44.55866],[6.91493,44.55886],[6.91503,44.55886],[6.91537,44.55891],[6.91561,44.55899],[6.91579,44.55909],[6.91585,44.55918],[6.91587,44.55934],[6.91615,44.56007],[6.91619,44.56013],[6.91626,44.56033],[6.91636,44.56056],[6.9164,44.56069],[6.91649,44.56089],[6.9165,44.56088],[6.917,44.56201],[6.91796,44.56363],[6.91914,44.56518],[6.92053,44.56664],[6.9221,44.56799],[6.92385,44.56922],[6.92576,44.57033],[6.92781,44.5713],[6.92999,44.57212],[6.9315,44.57257],[6.93182,44.57267],[6.93187,44.57267],[6.93194,44.57269],[6.932,44.57273],[6.93237,44.57289],[6.93243,44.5729],[6.93245,44.57292],[6.93278,44.57306],[6.93279,44.57306],[6.93287,44.57307],[6.93292,44.5732],[6.93292,44.5733],[6.93299,44.57355],[6.93302,44.57369],[6.93323,44.5745],[6.93326,44.57454],[6.93329,44.57461],[6.9333,44.57476],[6.93335,44.57497],[6.9334,44.57516],[6.93348,44.57531],[6.93349,44.57536],[6.93347,44.57546],[6.93347,44.57558],[6.93351,44.57602],[6.93354,44.57621],[6.93354,44.57627],[6.93345,44.57657],[6.93344,44.57659],[6.93341,44.57674],[6.93315,44.57838],[6.9331,44.58002],[6.93311,44.58016],[6.93331,44.58207],[6.9338,44.58396],[6.93457,44.5858],[6.93465,44.58595],[6.93474,44.58608],[6.93471,44.5861],[6.93459,44.58676],[6.93448,44.58721],[6.93429,44.58898],[6.93435,44.59076],[6.93465,44.59253],[6.93519,44.59427],[6.93597,44.59596],[6.93698,44.59759],[6.93776,44.59857],[6.93791,44.59879],[6.93795,44.5988],[6.93798,44.59885],[6.93804,44.59896],[6.93827,44.59928],[6.93831,44.59929],[6.9383,44.59931],[6.93848,44.59955],[6.93854,44.59963],[6.93926,44.60065],[6.94065,44.60221],[6.94226,44.60366],[6.94407,44.60498],[6.94606,44.60617],[6.94609,44.60619],[6.94615,44.60621],[6.94625,44.60626],[6.94646,44.60639],[6.94676,44.60669],[6.94707,44.60695],[6.94712,44.60698],[6.94721,44.60707],[6.94725,44.6071],[6.94734,44.60715],[6.94743,44.60725],[6.94758,44.60738],[6.94764,44.60742],[6.94771,44.60749],[6.94773,44.60751],[6.94777,44.60754],[6.94779,44.60757],[6.94832,44.60805],[6.9489,44.60855],[6.94911,44.6087],[6.94919,44.60878],[6.94924,44.60886],[6.94936,44.609],[6.94954,44.60918],[6.95015,44.60983],[6.95027,44.6099],[6.95032,44.60997],[6.95032,44.61002],[6.95041,44.61013],[6.95163,44.61158],[6.95304,44.61294],[6.95461,44.61419],[6.95635,44.61534],[6.95822,44.61637],[6.96022,44.61727],[6.96233,44.61802],[6.96453,44.61864],[6.9665,44.61904],[6.96676,44.61908],[6.96695,44.61913],[6.96726,44.61924],[6.96731,44.61927],[6.96813,44.61953],[6.96823,44.61953],[6.9683,44.61959],[6.96831,44.61969],[6.96832,44.61971],[6.96838,44.61988],[6.96839,44.61994],[6.96843,44.62001],[6.96844,44.62005],[6.96842,44.62009],[6.96843,44.62019],[6.96847,44.62028],[6.96849,44.62041],[6.96847,44.62045],[6.96845,44.62048],[6.96845,44.62063],[6.96845,44.62064],[6.96842,44.62238],[6.96871,44.6244],[6.96897,44.62526],[6.96913,44.62589],[6.96916,44.62592],[6.96913,44.62591],[6.96869,44.62608],[6.96759,44.62645],[6.96561,44.62729],[6.96374,44.62826],[6.962,44.62934],[6.9604,44.63054],[6.95908,44.63174],[6.95878,44.63207],[6.9585,44.63231],[6.95825,44.63258],[6.95813,44.63276],[6.95763,44.63326],[6.95761,44.63329],[6.95648,44.63476],[6.95555,44.6363],[6.95482,44.6379],[6.9543,44.63954],[6.954,44.6412],[6.95391,44.64194],[6.95394,44.64199],[6.95386,44.64243],[6.95381,44.64287],[6.95383,44.64287],[6.95376,44.64342],[6.95375,44.64346],[6.95378,44.64351],[6.95369,44.64365],[6.95359,44.64395],[6.95355,44.64403],[6.95351,44.64413],[6.95348,44.64423],[6.95344,44.64428],[6.95298,44.64537],[6.95282,44.64576],[6.95233,44.64753],[6.95209,44.64932],[6.95211,44.65113],[6.95237,44.65292],[6.95289,44.65469],[6.95365,44.65641],[6.95464,44.65807],[6.95587,44.65965],[6.9573,44.66113],[6.95894,44.66251],[6.95933,44.6628],[6.95937,44.66282],[6.95945,44.66286],[6.9595,44.66292],[6.95956,44.66304],[6.95954,44.66319],[6.95955,44.66327],[6.95987,44.66507],[6.96043,44.66684],[6.96125,44.66857],[6.9623,44.67022],[6.96357,44.67179],[6.96506,44.67326],[6.96675,44.67462],[6.96862,44.67585],[6.97066,44.67693],[6.97115,44.67717],[6.97119,44.67716],[6.97119,44.6772],[6.97184,44.67778],[6.97217,44.6781],[6.97393,44.67951],[6.97462,44.67995],[6.97529,44.68041],[6.97536,44.68044],[6.97537,44.68047],[6.97543,44.68051],[6.97556,44.6806],[6.97558,44.68061],[6.97565,44.68065],[6.9757,44.68072],[6.97572,44.68073],[6.9764,44.68124],[6.9764,44.68123],[6.97657,44.68137],[6.97835,44.68256],[6.98028,44.68362],[6.98157,44.6842],[6.98189,44.68435],[6.9819,44.68435],[6.98201,44.68438],[6.98206,44.68443],[6.98207,44.68444],[6.98264,44.68471],[6.98468,44.6856],[6.98683,44.68635],[6.98906,44.68696],[6.99137,44.6874],[6.99372,44.68769],[6.9961,44.68782],[6.99849,44.68778],[7.00086,44.68759],[7.0032,44.68723],[7.00336,44.6872],[7.00366,44.68716],[7.00377,44.68712],[7.00382,44.68714],[7.00388,44.68715],[7.00438,44.68722],[7.00457,44.68723],[7.00479,44.6873],[7.00483,44.68732],[7.00497,44.68736],[7.0072,44.68803],[7.01,44.68862],[7.0103,44.68867],[7.01189,44.68889],[7.0122,44.68893],[7.01265,44.68897],[7.01269,44.68896],[7.01284,44.68899],[7.01312,44.68901],[7.01329,44.68902],[7.01332,44.68903],[7.01379,44.68908],[7.01432,44.68911],[7.01668,44.6892],[7.01744,44.68918],[7.01815,44.68918],[7.0182,44.68916],[7.01832,44.6892],[7.01842,44.68923],[7.02063,44.68964],[7.02306,44.68993],[7.02552,44.69004],[7.02798,44.68998],[7.03042,44.68974],[7.03282,44.68934],[7.03515,44.68877],[7.03739,44.68804],[7.03952,44.68716],[7.04047,44.68672],[7.04051,44.68668],[7.04054,44.68669],[7.04089,44.68653],[7.04269,44.6856],[7.04276,44.68554],[7.04285,44.68551],[7.04285,44.68552],[7.04289,44.6855],[7.04358,44.68517],[7.04358,44.68514],[7.04363,44.68514],[7.0439,44.68502],[7.04668,44.68348],[7.04668,44.68346],[7.04674,44.68341],[7.04681,44.68338],[7.04686,44.68337],[7.04696,44.68331],[7.04706,44.68326],[7.04707,44.68326],[7.04707,44.68325],[7.04709,44.68325],[7.0473,44.68316],[7.04736,44.68313],[7.04735,44.6831],[7.04742,44.68309],[7.0475,44.6831],[7.04773,44.68305],[7.0478,44.68303],[7.04785,44.68303],[7.04844,44.68292],[7.04854,44.6829],[7.04894,44.68286],[7.04895,44.68285],[7.04912,44.68281],[7.04922,44.68282],[7.04976,44.68276],[7.05187,44.68244],[7.05393,44.682],[7.05593,44.68143],[7.05614,44.68136],[7.05617,44.68134],[7.05625,44.68133],[7.05628,44.68132],[7.05639,44.68126],[7.05647,44.68125],[7.05902,44.6803],[7.05907,44.68028],[7.05915,44.68022],[7.05958,44.68006],[7.0598,44.68005],[7.05992,44.68003],[7.06005,44.68002],[7.06017,44.67998],[7.06035,44.67996],[7.06059,44.67997],[7.06166,44.67987],[7.06167,44.67987],[7.06181,44.67984],[7.062,44.67982],[7.06205,44.67984],[7.06209,44.67985],[7.06389,44.67994],[7.06582,44.67992],[7.06601,44.67989],[7.06604,44.67992],[7.06735,44.67987],[7.06735,44.67986],[7.06798,44.67986],[7.06892,44.67982],[7.06911,44.67979],[7.06918,44.67981],[7.06957,44.67982],[7.06974,44.67983],[7.06986,44.67982],[7.07045,44.67993],[7.07104,44.68002],[7.07104,44.68],[7.07198,44.68015],[7.07229,44.68017],[7.07231,44.6802],[7.07324,44.68038],[7.07454,44.68067],[7.07465,44.68069],[7.07533,44.6808],[7.07534,44.6808],[7.07535,44.6808],[7.07597,44.6809],[7.07598,44.6809],[7.07599,44.6809],[7.07617,44.68093],[7.07645,44.68097],[7.07672,44.681],[7.07698,44.68104],[7.07702,44.68103],[7.07711,44.68104],[7.07717,44.68121],[7.07713,44.68122],[7.07713,44.68123],[7.07713,44.68126],[7.07708,44.68157],[7.0771,44.68163],[7.07706,44.68168],[7.07702,44.6819],[7.07685,44.68257],[7.07684,44.68259],[7.07685,44.68266],[7.07682,44.68266],[7.07666,44.68312],[7.07623,44.68415],[7.07575,44.68607],[7.07556,44.68802],[7.07562,44.68915],[7.07562,44.68931],[7.07562,44.68956],[7.07565,44.68958],[7.07562,44.68966],[7.07562,44.68984],[7.07563,44.69002],[7.07566,44.69011],[7.07564,44.69021],[7.07561,44.6903],[7.07555,44.69036],[7.07554,44.6904],[7.07554,44.69045],[7.07552,44.69047],[7.0755,44.69048],[7.07538,44.6907],[7.07487,44.69151],[7.0742,44.69287],[7.07417,44.69296],[7.07363,44.69443],[7.07331,44.69573],[7.07332,44.6958],[7.0733,44.69589],[7.07323,44.69595],[7.07322,44.69597],[7.0732,44.69603],[7.07317,44.69604],[7.07313,44.69611],[7.07225,44.69736],[7.07139,44.69897],[7.07075,44.70059],[7.07076,44.70065],[7.07074,44.7007],[7.07069,44.70076],[7.07064,44.70078],[7.07056,44.70087],[7.07039,44.70107],[7.0704,44.70108],[7.07038,44.70112],[7.0703,44.70118],[7.06914,44.70266],[7.06818,44.70422],[7.06744,44.70583],[7.06691,44.70749],[7.0666,44.70918],[7.06651,44.71088],[7.06652,44.71137],[7.06655,44.71139],[7.06649,44.71151],[7.06647,44.7116],[7.06646,44.71165],[7.06646,44.71173],[7.06642,44.71177],[7.06636,44.71195],[7.06637,44.71197],[7.06634,44.71201],[7.06624,44.71223],[7.06606,44.7127],[7.06602,44.71282],[7.06601,44.71283],[7.06593,44.71303],[7.06595,44.71305],[7.0659,44.71311],[7.06584,44.71326],[7.06578,44.71336],[7.06575,44.71346],[7.06568,44.71351],[7.06557,44.71361],[7.06551,44.71367],[7.06542,44.71374],[7.06538,44.71377],[7.06535,44.71383],[7.06531,44.71382],[7.06514,44.71384],[7.06435,44.71391],[7.06425,44.71393],[7.06405,44.71396],[7.06402,44.71397],[7.06396,44.71397],[7.06228,44.71423],[7.06207,44.71426],[7.06191,44.7143],[7.06178,44.7143],[7.06111,44.71439],[7.06091,44.71442],[7.06076,44.71446],[7.06069,44.71445],[7.06027,44.71452],[7.06011,44.71454],[7.05869,44.71472],[7.05865,44.71472],[7.05857,44.71475],[7.05827,44.71479],[7.05821,44.71479],[7.05801,44.71482],[7.0567,44.71498],[7.05669,44.71498],[7.05659,44.71502],[7.05625,44.71509],[7.05613,44.7151],[7.05603,44.71508],[7.05408,44.71544],[7.05211,44.71592],[7.05164,44.71605],[7.05157,44.7161],[7.05125,44.71615],[7.04921,44.71663],[7.04691,44.71736],[7.04472,44.71825],[7.04266,44.71929],[7.04076,44.72047],[7.0393,44.72159],[7.03923,44.72169],[7.03917,44.72171],[7.0391,44.72181],[7.03899,44.72188],[7.03881,44.72202],[7.03876,44.72204],[7.03765,44.72306],[7.0365,44.72433],[7.03602,44.72491],[7.03599,44.72494],[7.036,44.72497],[7.0359,44.72505],[7.0358,44.72519],[7.03577,44.72522],[7.03553,44.7255],[7.03553,44.72553],[7.0354,44.7257],[7.03519,44.72592],[7.03512,44.72594],[7.03493,44.72611],[7.03334,44.72769],[7.032,44.72938],[7.03092,44.73117],[7.03012,44.73303],[7.0301,44.73308],[7.0301,44.7331],[7.03007,44.73322],[7.02998,44.73336],[7.02998,44.73337],[7.02984,44.73361],[7.02983,44.73367],[7.02978,44.73373],[7.02977,44.73373],[7.02964,44.73395],[7.02945,44.7343],[7.02944,44.7343],[7.02943,44.73433],[7.02927,44.73461],[7.02925,44.73471],[7.0292,44.73474],[7.02913,44.73486],[7.02832,44.73606],[7.02749,44.73769],[7.02688,44.73936],[7.0265,44.74107],[7.02635,44.7428],[7.02643,44.74453],[7.02643,44.74455],[7.02644,44.74455],[7.02646,44.74458],[7.02639,44.74465],[7.02629,44.74483],[7.02543,44.74652],[7.02481,44.74827],[7.02444,44.75005],[7.02432,44.75185],[7.02446,44.75365],[7.02484,44.75544],[7.02509,44.75629],[7.02512,44.75629],[7.02509,44.75638],[7.02499,44.75813],[7.0251,44.75936],[7.02511,44.75968],[7.02515,44.75973],[7.02513,44.7598],[7.02514,44.75984],[7.0251,44.76],[7.02508,44.76055],[7.02506,44.76055],[7.02502,44.76126],[7.02504,44.76126],[7.02503,44.7614],[7.02504,44.76147],[7.025,44.76154],[7.02499,44.76154],[7.02487,44.76193],[7.02489,44.76198],[7.02483,44.76213],[7.02477,44.76224],[7.02471,44.76242],[7.02453,44.76286],[7.02447,44.76305],[7.02435,44.76342],[7.02425,44.76378],[7.02413,44.76393],[7.02382,44.76452],[7.02367,44.76477],[7.02286,44.76659],[7.02232,44.76846],[7.02207,44.77037],[7.02203,44.77093],[7.02205,44.77099],[7.02205,44.77112],[7.02197,44.77122],[7.02194,44.77123],[7.02149,44.77183],[7.02151,44.77184],[7.02088,44.77266],[7.01988,44.77435],[7.01913,44.7761],[7.01906,44.77628],[7.01907,44.7763],[7.01905,44.77633],[7.01901,44.77643],[7.01899,44.77657],[7.01883,44.77667],[7.01863,44.77685],[7.01848,44.77691],[7.01713,44.77789],[7.01576,44.77906],[7.01454,44.78032],[7.01421,44.78069],[7.01414,44.78079],[7.0141,44.78084],[7.01406,44.78086],[7.01397,44.78095],[7.01369,44.78123],[7.0136,44.78132],[7.01354,44.78138],[7.01353,44.78142],[7.0135,44.78144],[7.01345,44.78148],[7.01327,44.78167],[7.01313,44.78183],[7.01312,44.78183],[7.01311,44.78184],[7.01306,44.7819],[7.0129,44.78208],[7.01267,44.78236],[7.01267,44.78237],[7.01264,44.78241],[7.01182,44.78341],[7.01175,44.78351],[7.01167,44.78361],[7.01161,44.78371],[7.0116,44.78372],[7.01058,44.78531],[7.00974,44.78708],[7.00917,44.7889],[7.00885,44.79075],[7.00881,44.79262],[7.00904,44.79448],[7.00954,44.79631],[7.00956,44.79636],[7.00967,44.79665],[7.00969,44.79667],[7.00968,44.79669],[7.00986,44.79716],[7.00988,44.79718],[7.00992,44.7973],[7.00994,44.79735],[7.00998,44.79744],[7.0101,44.79779],[7.01013,44.79792],[7.01016,44.79811],[7.01016,44.79813],[7.01018,44.79822],[7.01029,44.79905],[7.01069,44.80057],[7.01127,44.80206],[7.01203,44.80352],[7.01248,44.80427],[7.01254,44.80432],[7.01257,44.8044],[7.01263,44.80449],[7.01263,44.80452],[7.01313,44.80531],[7.01329,44.80554],[7.0133,44.80557],[7.01338,44.80564],[7.01339,44.80567],[7.01344,44.80573],[7.01345,44.80578],[7.01344,44.80582],[7.01368,44.80628],[7.01462,44.80784],[7.01576,44.80934],[7.01709,44.81075],[7.01861,44.81207],[7.01932,44.81263],[7.01947,44.81271],[7.01947,44.81278],[7.01947,44.81279],[7.01966,44.81333],[7.01996,44.81435],[7.02016,44.81487],[7.02019,44.81489],[7.02021,44.81499],[7.0202,44.81505],[7.02027,44.81532],[7.02086,44.8172],[7.02172,44.81901],[7.02285,44.82076],[7.02323,44.82127],[7.02324,44.82127],[7.02327,44.82131],[7.02331,44.82135],[7.02332,44.82137],[7.02332,44.82139],[7.02338,44.82147],[7.02391,44.82216],[7.02412,44.82241],[7.02417,44.82242],[7.02419,44.82249],[7.02422,44.82255],[7.02424,44.82262],[7.0242,44.82265],[7.0242,44.8227],[7.02419,44.82276],[7.02418,44.82282],[7.02419,44.82285],[7.02419,44.82291],[7.02414,44.82298],[7.02415,44.82304],[7.02406,44.82313],[7.02391,44.82322],[7.02379,44.82324],[7.02349,44.82333],[7.02074,44.82441],[7.02068,44.82446],[7.02063,44.82445],[7.02044,44.82454],[7.02043,44.82454],[7.02041,44.82457],[7.02037,44.82457],[7.02031,44.82459],[7.02026,44.82461],[7.02024,44.82464],[7.02015,44.82468],[7.02012,44.82467],[7.01938,44.82497],[7.01734,44.8259],[7.01543,44.82696],[7.01367,44.82815],[7.01208,44.82945],[7.01067,44.83086],[7.00946,44.83236],[7.00845,44.83393],[7.00766,44.83557],[7.0071,44.83725],[7.00687,44.83837],[7.00683,44.83855],[7.00684,44.83856],[7.00682,44.83859],[7.00674,44.83893],[7.00659,44.83974],[7.00661,44.8398],[7.00649,44.83983],[7.00619,44.83996],[7.00495,44.84045],[7.00298,44.84141],[7.00161,44.84222],[7.00145,44.84231],[7.00144,44.84232],[7.00139,44.84237],[7.00126,44.8424],[7.00111,44.84239],[7.001,44.84238],[7.00087,44.84238],[6.99839,44.84246],[6.99594,44.84272],[6.99353,44.84315],[6.99142,44.84369],[6.9914,44.8437],[6.99137,44.8437],[6.99126,44.84373],[6.99123,44.84376],[6.99114,44.84376],[6.99079,44.84387],[6.99003,44.8441],[6.98997,44.84414],[6.98979,44.84418],[6.98976,44.84419],[6.98888,44.84448],[6.98888,44.84449],[6.98703,44.84507],[6.98628,44.84536],[6.98623,44.8454],[6.98621,44.84538],[6.98504,44.84572],[6.98505,44.84575],[6.98397,44.84603],[6.98369,44.84613],[6.98368,44.84615],[6.98359,44.84615],[6.98328,44.84623],[6.98166,44.84669],[6.98129,44.84678],[6.98119,44.84683],[6.98107,44.84681],[6.98,44.84677],[6.9776,44.84678],[6.97521,44.84694],[6.97286,44.84727],[6.97056,44.84775],[6.96833,44.84839],[6.9662,44.84918],[6.96608,44.84923],[6.96605,44.84927],[6.96599,44.84926],[6.96589,44.8493],[6.96409,44.84994],[6.96338,44.85022],[6.9632,44.8503],[6.9631,44.85035],[6.96309,44.85035],[6.96143,44.85107],[6.95959,44.85205],[6.95883,44.8525],[6.95876,44.85257],[6.95865,44.8526],[6.95805,44.85295],[6.95603,44.85427],[6.95465,44.8554],[6.95455,44.85547],[6.95442,44.85559],[6.95438,44.85558],[6.95374,44.85573],[6.95283,44.8559],[6.95057,44.8565],[6.94841,44.85724],[6.94635,44.85813],[6.94442,44.85916],[6.94434,44.85921],[6.94431,44.85925],[6.94413,44.85928],[6.94316,44.8596],[6.94297,44.85968],[6.94277,44.8597],[6.94055,44.86022],[6.93841,44.86089],[6.93637,44.86169],[6.93608,44.86182],[6.93605,44.86185],[6.93555,44.86205],[6.93535,44.86209],[6.93442,44.86242],[6.93443,44.86243],[6.93394,44.86258],[6.93144,44.86362],[6.9314,44.86364],[6.93137,44.86368],[6.93122,44.86363],[6.93098,44.86335],[6.93098,44.86334],[6.93086,44.86321],[6.93019,44.86242],[6.9287,44.86101],[6.92703,44.8597],[6.92695,44.85965],[6.92692,44.85963],[6.92652,44.85937],[6.92652,44.85932],[6.92641,44.85913],[6.92527,44.85749],[6.92392,44.85593],[6.92234,44.85449],[6.92057,44.85316],[6.91863,44.85197],[6.91652,44.85093],[6.91428,44.85004],[6.91192,44.84932],[6.90947,44.84877],[6.90696,44.8484],[6.90441,44.84822],[6.90185,44.84822],[6.8993,44.84841],[6.89856,44.84849],[6.89852,44.8485],[6.89849,44.8485],[6.89839,44.84851],[6.89837,44.84852],[6.89824,44.84854],[6.89816,44.84852],[6.8981,44.84852],[6.89805,44.84855],[6.89803,44.84852],[6.89801,44.84852],[6.89753,44.84848],[6.89648,44.84835],[6.89425,44.84823],[6.89262,44.84824],[6.89261,44.84824],[6.892,44.84824],[6.89181,44.84825],[6.89094,44.84825],[6.88849,44.84844],[6.88609,44.84879],[6.88374,44.8493],[6.88259,44.8496],[6.88257,44.84963],[6.88248,44.84963],[6.8813,44.84993],[6.88131,44.84994],[6.88081,44.85005],[6.87806,44.85094],[6.87711,44.85129],[6.87705,44.85134],[6.87693,44.85135],[6.8768,44.85133],[6.87678,44.85132],[6.87424,44.85124],[6.87163,44.85136],[6.86906,44.85166],[6.86654,44.85215],[6.8641,44.85283],[6.86178,44.85368],[6.8596,44.85469],[6.85757,44.85587],[6.85572,44.85718],[6.85499,44.85776],[6.85486,44.85791],[6.85459,44.85806],[6.8541,44.85812],[6.85402,44.85811],[6.85373,44.85813],[6.85153,44.85827],[6.84875,44.85868],[6.84606,44.8593],[6.84566,44.85941],[6.84562,44.85945],[6.84547,44.85947],[6.84546,44.85947],[6.8454,44.85949],[6.84532,44.8595],[6.84523,44.85954],[6.84509,44.85956],[6.84496,44.85959],[6.84494,44.85959],[6.84264,44.86022],[6.84039,44.86102],[6.8385,44.86187],[6.83849,44.86187],[6.83829,44.86196],[6.83824,44.86203],[6.83802,44.86212],[6.83797,44.86214],[6.83629,44.86307],[6.83448,44.86431],[6.83284,44.86566],[6.83242,44.86605],[6.83242,44.86609],[6.83233,44.86614],[6.83198,44.86646],[6.8315,44.86687],[6.8308,44.86744],[6.83079,44.86749],[6.83007,44.86801],[6.82997,44.86801],[6.82979,44.86806],[6.82798,44.86845],[6.82571,44.86912],[6.82353,44.86994],[6.82314,44.87011],[6.82312,44.87014],[6.82293,44.87018],[6.82276,44.87024],[6.82191,44.87057],[6.8219,44.87056],[6.82086,44.87094],[6.82082,44.87097],[6.8207,44.87099],[6.82016,44.87119],[6.81962,44.87136],[6.81769,44.87212],[6.81586,44.873],[6.81564,44.87311],[6.8156,44.87315],[6.81512,44.87338],[6.81465,44.87363],[6.81466,44.87363],[6.81366,44.87415],[6.81356,44.87421],[6.81356,44.87424],[6.81329,44.87438],[6.81313,44.87443],[6.81292,44.87453],[6.81096,44.87554],[6.80915,44.87668],[6.8075,44.87793],[6.80603,44.8793],[6.80474,44.88076],[6.80366,44.8823],[6.80279,44.8839],[6.80214,44.88556],[6.80171,44.88726],[6.80151,44.88898],[6.80155,44.8907],[6.80158,44.89102],[6.80161,44.89108],[6.80149,44.89106],[6.80041,44.89104],[6.80022,44.89103],[6.79769,44.89108],[6.79518,44.89131],[6.79271,44.89172],[6.79032,44.8923],[6.78802,44.89306],[6.78584,44.89397],[6.78379,44.89503],[6.78191,44.89623],[6.7802,44.89756],[6.77883,44.89888],[6.77877,44.89894],[6.77878,44.89896],[6.7787,44.89898],[6.7779,44.89956],[6.77792,44.89958],[6.777,44.90021],[6.77694,44.90028],[6.77676,44.90041],[6.77653,44.90054],[6.77644,44.90057],[6.77629,44.90067],[6.77536,44.90118],[6.77394,44.90211],[6.77383,44.90219],[6.77379,44.90224],[6.77331,44.90255],[6.77309,44.90264],[6.77307,44.90265],[6.77288,44.90274],[6.77261,44.90288],[6.77228,44.90304],[6.77208,44.90314],[6.77181,44.90328],[6.77175,44.90333],[6.77159,44.90341],[6.77143,44.90345],[6.77131,44.90345],[6.77129,44.90345],[6.76882,44.90392],[6.76643,44.90457],[6.76414,44.90539],[6.76198,44.90637],[6.75997,44.9075],[6.75813,44.90876],[6.75649,44.91016],[6.75504,44.91167],[6.75382,44.91327],[6.75284,44.91495],[6.7521,44.9167],[6.75196,44.91708],[6.75196,44.91718],[6.75192,44.9172],[6.75171,44.9176],[6.75134,44.91823],[6.75133,44.91824],[6.75127,44.91838],[6.75121,44.91841],[6.75064,44.91909],[6.74991,44.92003],[6.74991,44.92006],[6.74988,44.92008],[6.74973,44.92027],[6.74936,44.9208],[6.74938,44.92081],[6.74895,44.92139],[6.74849,44.92209],[6.7485,44.92213],[6.74804,44.92241],[6.73964,44.92756],[6.73779,44.92881],[6.73613,44.9302],[6.73467,44.9317],[6.73343,44.93329],[6.73009,44.93815],[6.72912,44.93976],[6.72838,44.94143],[6.72786,44.94314],[6.72758,44.94488],[6.72754,44.94663],[6.72775,44.95131],[6.72758,44.95139],[6.72719,44.95165],[6.7256,44.95282],[6.72417,44.95408],[6.7229,44.95543],[6.72181,44.95685],[6.7209,44.95834],[6.72019,44.95988],[6.71989,44.96064],[6.7197,44.96111],[6.71963,44.96116],[6.71938,44.96154],[6.71896,44.96209],[6.71802,44.96368],[6.7173,44.96532],[6.71679,44.96701],[6.71652,44.96872],[6.71648,44.97045],[6.71667,44.97217],[6.71709,44.97387],[6.71774,44.97553],[6.71861,44.97714],[6.71969,44.97869],[6.72097,44.98016],[6.72244,44.98153],[6.72409,44.98279],[6.72591,44.98394],[6.72786,44.98496],[6.72995,44.98584],[6.73214,44.98658],[6.73443,44.98716],[6.73449,44.98717],[6.73512,44.98731],[6.73521,44.98742],[6.73639,44.98833],[6.73654,44.98845],[6.73683,44.98863],[6.73685,44.98864],[6.73687,44.98866],[6.737,44.98874],[6.73773,44.98925],[6.7379,44.98934],[6.73788,44.98936],[6.73834,44.98975],[6.74002,44.99106],[6.74187,44.99223],[6.74388,44.99328],[6.74602,44.99418],[6.74827,44.99493],[6.74945,44.99522],[6.75,44.99538],[6.75002,44.99537],[6.75007,44.99542],[6.75032,44.99553],[6.75081,44.99579],[6.75104,44.99593],[6.75112,44.99595],[6.75116,44.99598],[6.75116,44.99602],[6.75119,44.99604],[6.75128,44.9961],[6.75127,44.99612],[6.75128,44.99614],[6.75149,44.99642],[6.75163,44.99663],[6.75167,44.99669],[6.75177,44.99682],[6.75171,44.99689],[6.75149,44.99739],[6.75086,44.99918],[6.75076,44.99955],[6.75057,45.00013],[6.75022,45.00223],[6.75015,45.00306],[6.75019,45.00318],[6.75014,45.0032],[6.75014,45.00323],[6.75011,45.00334],[6.74996,45.00381],[6.74987,45.00403],[6.74987,45.00412],[6.74982,45.00413],[6.74962,45.00441],[6.74907,45.00509],[6.74816,45.00649],[6.74742,45.00794],[6.74741,45.00794],[6.74741,45.00795],[6.74741,45.008],[6.74737,45.00811],[6.74732,45.00817],[6.7473,45.00818],[6.74689,45.00884],[6.74661,45.00925],[6.74568,45.01108],[6.74514,45.01268],[6.74515,45.01271],[6.74506,45.01297],[6.74503,45.01303],[6.74498,45.01322],[6.74493,45.01334],[6.74472,45.01417],[6.74468,45.01429],[6.74468,45.01438],[6.74463,45.01446],[6.74461,45.01448],[6.74459,45.01455],[6.74454,45.01465],[6.74454,45.01472],[6.74449,45.01483],[6.74439,45.01491],[6.74414,45.01521],[6.74349,45.01595],[6.74348,45.01602],[6.74342,45.0161],[6.7433,45.01617],[6.74321,45.0163],[6.74306,45.01641],[6.74291,45.0165],[6.74284,45.01653],[6.7428,45.01657],[6.74274,45.01661],[6.74266,45.0166],[6.74265,45.01661],[6.73926,45.01759],[6.73839,45.01789],[6.73822,45.01798],[6.73808,45.018],[6.73805,45.01799],[6.73718,45.01816],[6.73475,45.01873],[6.73241,45.01948],[6.7319,45.01969],[6.73108,45.01999],[6.73105,45.02002],[6.73096,45.02006],[6.73088,45.02007],[6.7308,45.02008],[6.73056,45.02015],[6.73023,45.02024],[6.73022,45.02023],[6.72998,45.02029],[6.72925,45.02049],[6.72891,45.02058],[6.72868,45.02064],[6.72815,45.02079],[6.72638,45.02139],[6.72589,45.02157],[6.72576,45.02164],[6.72561,45.02165],[6.7256,45.02164],[6.72463,45.02178],[6.72454,45.02183],[6.72442,45.02184],[6.72438,45.02182],[6.72425,45.02184],[6.72334,45.02198],[6.72294,45.02205],[6.72272,45.02212],[6.72265,45.02213],[6.72264,45.0221],[6.72263,45.02211],[6.72222,45.02208],[6.7215,45.022],[6.72149,45.022],[6.72137,45.02201],[6.72122,45.022],[6.72113,45.02198],[6.72087,45.02194],[6.72076,45.02194],[6.72071,45.02191],[6.72062,45.0219],[6.72061,45.02189],[6.71963,45.02174],[6.71909,45.02164],[6.71643,45.02134],[6.71373,45.02124],[6.71104,45.02135],[6.70838,45.02166],[6.70762,45.02178],[6.70758,45.0218],[6.70747,45.02182],[6.70729,45.02183],[6.7072,45.02184],[6.70715,45.02186],[6.7071,45.02186],[6.70704,45.02187],[6.707,45.02186],[6.70691,45.02186],[6.70686,45.02187],[6.70685,45.02185],[6.70594,45.02187],[6.70572,45.02186],[6.70569,45.02188],[6.70559,45.02188],[6.7055,45.02185],[6.70546,45.02184],[6.70439,45.02165],[6.70439,45.02166],[6.70376,45.02153],[6.70166,45.02128],[6.7016,45.02127],[6.7014,45.02125],[6.70129,45.02123],[6.70119,45.02123],[6.70107,45.02121],[6.70086,45.02118],[6.7007,45.02117],[6.69894,45.02098],[6.69626,45.02089],[6.694,45.0209],[6.69149,45.021],[6.68899,45.02127],[6.68655,45.02173],[6.68474,45.0222],[6.68452,45.02225],[6.68451,45.02226],[6.68448,45.02229],[6.68443,45.02226],[6.68432,45.02226],[6.68428,45.02227],[6.68424,45.02227],[6.68421,45.02226],[6.68396,45.02226],[6.68313,45.02227],[6.68311,45.02227],[6.68293,45.02228],[6.68283,45.02229],[6.68281,45.02227],[6.68162,45.02222],[6.68146,45.02221],[6.67893,45.0222],[6.67642,45.02238],[6.67394,45.02273],[6.67153,45.02325],[6.6692,45.02394],[6.66698,45.0248],[6.66527,45.02562],[6.66518,45.02566],[6.66509,45.02572],[6.6645,45.02586],[6.6633,45.02612],[6.66092,45.02674],[6.65864,45.02752],[6.65648,45.02847],[6.65447,45.02956],[6.65262,45.03079],[6.65095,45.03215],[6.64948,45.03361],[6.64823,45.03518],[6.6472,45.03683],[6.64641,45.03854],[6.64586,45.0403],[6.64557,45.04209],[6.64556,45.04212],[6.64558,45.04228],[6.6455,45.04274],[6.64503,45.04556],[6.64496,45.046],[6.64491,45.04601],[6.64429,45.04657],[6.64282,45.04805],[6.64157,45.04964],[6.64055,45.0513],[6.63977,45.05303],[6.63924,45.05481],[6.63917,45.05514],[6.63918,45.0552],[6.63856,45.0552],[6.63467,45.05518],[6.63403,45.05517],[6.63345,45.05499],[6.63224,45.05462],[6.63011,45.05403],[6.62791,45.05359],[6.62567,45.05329],[6.62379,45.05316],[6.62376,45.05316],[6.62372,45.05315],[6.6234,45.05313],[6.62338,45.05313],[6.62084,45.05313],[6.61832,45.0533],[6.61584,45.05366],[6.61342,45.05419],[6.61108,45.05488],[6.60886,45.05574],[6.60677,45.05676],[6.60483,45.05792],[6.60306,45.0592],[6.60149,45.06061],[6.60137,45.06073],[6.59985,45.06243],[6.59861,45.06424],[6.59766,45.06614],[6.5975,45.06652],[6.59733,45.067],[6.59729,45.06703],[6.59703,45.06765],[6.59658,45.06864],[6.59654,45.06872],[6.5965,45.06887],[6.59536,45.06963],[6.59529,45.06964],[6.59469,45.06994],[6.59204,45.07147],[6.59195,45.07156],[6.59174,45.07156],[6.58929,45.07189],[6.58689,45.07239],[6.58456,45.07306],[6.58426,45.07316],[6.58375,45.07333],[6.5832,45.0734],[6.58158,45.0736],[6.581,45.07367],[6.58092,45.07365],[6.58087,45.07365],[6.57833,45.0738],[6.57582,45.07412],[6.57337,45.07463],[6.571,45.07531],[6.56874,45.07615],[6.56662,45.07715],[6.56464,45.0783],[6.56284,45.07958],[6.56123,45.08099],[6.55983,45.0825],[6.55865,45.08411],[6.5577,45.08579],[6.55749,45.08622],[6.55751,45.08624],[6.55742,45.08637],[6.55724,45.08674],[6.55684,45.08747]]],[[[14.34144,44.68206],[14.34139,44.68385],[14.34158,44.68563],[14.34202,44.68739],[14.3427,44.68911],[14.34361,44.69077],[14.34475,44.69235],[14.34611,44.69385],[14.34766,44.69525],[14.3494,44.69652],[14.35131,44.69767],[14.35337,44.69868],[14.35556,44.69953],[14.35786,44.70023],[14.36024,44.70076],[14.36268,44.70111],[14.36517,44.7013],[14.36766,44.7013],[14.37015,44.70113],[14.3726,44.70078],[14.37499,44.70026],[14.3773,44.69958],[14.3795,44.69873],[14.38158,44.69774],[14.38351,44.6966],[14.38526,44.69534],[14.38885,44.69248],[14.39035,44.69117],[14.39168,44.68975],[14.39281,44.68825],[14.39375,44.68667],[14.39447,44.68505],[14.39497,44.68338],[14.39525,44.68169],[14.39531,44.67998],[14.39514,44.67828],[14.39475,44.6766],[14.39314,44.67127],[14.3925,44.66956],[14.39162,44.6679],[14.39052,44.66631],[14.38921,44.66481],[14.3877,44.6634],[14.386,44.66211],[14.38413,44.66095],[14.38211,44.65992],[14.37996,44.65904],[14.3777,44.65832],[14.37535,44.65776],[14.37293,44.65737],[14.37047,44.65715],[14.36799,44.65711],[14.36552,44.65724],[14.36307,44.65754],[14.36068,44.65801],[14.35837,44.65865],[14.35615,44.65945],[14.35405,44.66041],[14.3521,44.6615],[14.3503,44.66273],[14.34868,44.66408],[14.34725,44.66553],[14.34603,44.66708],[14.34503,44.6687],[14.34425,44.67039],[14.34371,44.67212],[14.34175,44.68029],[14.34144,44.68206]]],[[[14.36536,45.08688],[14.36562,45.08509],[14.36563,45.08329],[14.36539,45.0815],[14.36489,45.07973],[14.36415,45.07801],[14.36318,45.07635],[14.36197,45.07477],[14.36055,45.07328],[14.35892,45.0719],[14.35711,45.07065],[14.35513,45.06952],[14.35301,45.06855],[14.35075,45.06773],[14.3484,45.06707],[14.34596,45.06659],[14.34346,45.06628],[14.34093,45.06615],[14.3384,45.0662],[14.33589,45.06643],[14.33342,45.06683],[14.33101,45.06741],[14.3287,45.06816],[14.32651,45.06907],[14.32445,45.07012],[14.32256,45.07132],[14.32083,45.07265],[14.28924,45.09954],[14.28757,45.10112],[14.28616,45.10282],[14.2811,45.10978],[14.27995,45.11158],[14.2791,45.11346],[14.27853,45.1154],[14.27827,45.11736],[14.27788,45.1244],[14.2779,45.12617],[14.27818,45.12794],[14.27869,45.12968],[14.27944,45.13136],[14.28785,45.14742],[14.28867,45.1488],[14.28964,45.15013],[14.29794,45.16034],[14.2991,45.16163],[14.30041,45.16285],[14.30186,45.16398],[14.30881,45.16896],[14.31079,45.17024],[14.31297,45.17136],[14.3153,45.17232],[14.31776,45.1731],[14.32031,45.17368],[14.32398,45.17437],[14.32655,45.17475],[14.32918,45.17494],[14.33181,45.17494],[14.33444,45.17474],[14.33702,45.17435],[14.33951,45.17378],[14.34676,45.17182],[14.34895,45.17114],[14.35106,45.17031],[14.35305,45.16934],[14.3549,45.16824],[14.35659,45.16702],[14.35812,45.1657],[14.35946,45.16428],[14.36061,45.16278],[14.36122,45.16187],[14.36223,45.16018],[14.36298,45.15841],[14.36348,45.15659],[14.36372,45.15475],[14.36368,45.15291],[14.36058,45.11824],[14.36053,45.11762],[14.36305,45.09357],[14.36485,45.08864],[14.36536,45.08688]]]]},"properties":{"geometry_id":"geom-territoire-it-zone-allemande-nord-1945-01-01","date_validite":"1945-01-01","statut":"provisoire_carte_georeferencee","sources":[{"source_id":"src-westpoint-italy-jun-dec1944","locator":"carte 51, tireté rouge « 31 Dec. »","usage":"front d’Italie au 31/12/1944"},{"source_id":"src-openhistoricalmap","locator":"relation 2851104 — Italy 1929-1940","usage":"tracé de la frontière"},{"source_id":"src-natural-earth-10m","locator":"ne_10m_land + ne_10m_minor_islands","usage":"trait de côte"}],"method":"carte_georeferencee_puis_intersection","operations":["Italie continentale ∩ côté nord du front du 31/12/1944"],"precision":"voir points_a_verifier","zone_incertitude_km":10,"surface_km2":125270,"logiciel":"Python — Shapely/GEOS, SciPy","script":"outils/geo/deriver_snapshot0_lot04.py","date_creation":"2026-09-29","auteur":"Claude","licence":"CC0 (OpenHistoricalMap) + segments sous licence d’origine listés dans licences_segments : à créditer","licences_segments":[{"relation":2851104,"licence":"CC-BY 4.0","source":"https://ipi.eprostor.gov.si/jgp/data","segments":2}],"points_a_verifier":["Carte West Point 51 (stylisée) calée sur 26 villes (affine + plaque mince lissée) : validation croisée ≈ 7 km en moyenne, 20 km au pire ; incertitude affichée 10 km.","Comprend la zone d'opérations du littoral adriatique (Istrie, Trieste) et les Préalpes, administrées directement par l'Allemagne : à distinguer plus tard de la RSI si une source le permet."],"reference_temporelle":{"snapshot":"1945-01-01T00:00","observation_source":"1944-12-31","ecart":"le 31/12 (heure non précisée), avant le Snapshot","statut":"derniere_situation_connue_avant_snapshot"}}}