{"type":"Feature","geometry":{"type":"Polygon","coordinates":[[[26.52385,48.21273],[26.52402,48.21242],[26.5241,48.21222],[26.52414,48.21202],[26.52413,48.21175],[26.52406,48.21145],[26.52391,48.2111],[26.52365,48.21054],[26.52351,48.21022],[26.5231,48.20952],[26.52296,48.2093],[26.52285,48.20907],[26.52284,48.20898],[26.52288,48.20888],[26.52298,48.20881],[26.52321,48.20872],[26.52362,48.20863],[26.52401,48.20856],[26.52443,48.20854],[26.52485,48.20857],[26.52532,48.20864],[26.52575,48.20875],[26.5263,48.20894],[26.52714,48.20929],[26.52779,48.20952],[26.5286,48.20975],[26.52911,48.20995],[26.5296,48.21022],[26.53046,48.2106],[26.53157,48.21116],[26.53288,48.21173],[26.5334,48.21206],[26.534,48.21255],[26.53482,48.21293],[26.5357,48.21325],[26.53694,48.21373],[26.53821,48.21421],[26.539,48.21448],[26.53993,48.21474],[26.54098,48.21494],[26.54168,48.21502],[26.54234,48.21502],[26.54327,48.21495],[26.54398,48.21487],[26.54488,48.2148],[26.54549,48.21481],[26.54599,48.21491],[26.54658,48.21508],[26.5485,48.21585],[26.54952,48.21636],[26.55012,48.21673],[26.55048,48.21701],[26.55076,48.21731],[26.55094,48.21769],[26.55103,48.21813],[26.55102,48.21846],[26.55093,48.21875],[26.55066,48.21932],[26.55026,48.2198],[26.54889,48.22128],[26.54823,48.22193],[26.54802,48.22224],[26.54785,48.22262],[26.54779,48.22293],[26.54777,48.22332],[26.5478,48.22365],[26.54792,48.22392],[26.54825,48.22428],[26.54873,48.22461],[26.54925,48.22491],[26.54974,48.22511],[26.55021,48.22525],[26.55072,48.22537],[26.55127,48.22542],[26.55192,48.22544],[26.55269,48.22537],[26.55357,48.22521],[26.55428,48.22497],[26.55516,48.22458],[26.55592,48.22411],[26.55699,48.22335],[26.55794,48.22277],[26.55857,48.22256],[26.55944,48.22237],[26.56113,48.2221],[26.5634,48.2217],[26.56498,48.2214],[26.5657,48.22123],[26.5667,48.22091],[26.56784,48.22043],[26.56887,48.21999],[26.56967,48.21965],[26.57028,48.21946],[26.57095,48.21936],[26.57139,48.21932],[26.57175,48.21932],[26.57199,48.21939],[26.57226,48.21951],[26.5725,48.21968],[26.57264,48.21987],[26.57276,48.22025],[26.57285,48.22197],[26.57298,48.22294],[26.57291,48.22374],[26.57279,48.22412],[26.57256,48.22456],[26.57239,48.22473],[26.57227,48.22488],[26.57196,48.2258],[26.57178,48.22646],[26.57156,48.22707],[26.57132,48.22764],[26.57109,48.22802],[26.57051,48.22861],[26.56966,48.22937],[26.56921,48.22993],[26.56895,48.23038],[26.56874,48.23093],[26.56869,48.23136],[26.56869,48.23167],[26.56876,48.23203],[26.56898,48.23236],[26.56926,48.23265],[26.56964,48.23292],[26.5704,48.23339],[26.57059,48.23356],[26.57076,48.23373],[26.57096,48.23396],[26.57116,48.23423],[26.57129,48.23457],[26.57134,48.23488],[26.57134,48.23504],[26.57127,48.23513],[26.57109,48.23532],[26.57096,48.23555],[26.5709,48.23577],[26.57093,48.23604],[26.57103,48.23653],[26.57105,48.23701],[26.57094,48.23732],[26.57093,48.23761],[26.57095,48.23805],[26.57116,48.23864],[26.57153,48.23917],[26.57182,48.23953],[26.57218,48.24005],[26.57253,48.24041],[26.57281,48.24056],[26.57422,48.24115],[26.57494,48.24153],[26.5758,48.24199],[26.5761,48.24219],[26.57654,48.24256],[26.57687,48.2428],[26.57712,48.24291],[26.57736,48.24294],[26.57774,48.24291],[26.57798,48.24285],[26.5783,48.24274],[26.57887,48.2426],[26.57909,48.24258],[26.57932,48.24257],[26.57961,48.24257],[26.57997,48.24263],[26.58031,48.24269],[26.58076,48.24283],[26.58119,48.24298],[26.58161,48.24318],[26.58206,48.24342],[26.58305,48.24396],[26.58495,48.24493],[26.58549,48.24531],[26.58586,48.24567],[26.58622,48.24609],[26.58677,48.24664],[26.58723,48.24682],[26.58761,48.24688],[26.58797,48.2469],[26.58827,48.24687],[26.58857,48.24677],[26.58888,48.24661],[26.58989,48.24585],[26.59057,48.2452],[26.59167,48.24409],[26.59222,48.24353],[26.59252,48.24312],[26.59332,48.24133],[26.59382,48.24069],[26.59447,48.24015],[26.59514,48.23965],[26.59573,48.23932],[26.59629,48.23908],[26.59693,48.23887],[26.59817,48.23875],[26.59892,48.23887],[26.59933,48.23892],[26.59997,48.23895],[26.60084,48.23897],[26.60286,48.23918],[26.60321,48.23924],[26.60401,48.23943],[26.60431,48.23946],[26.60671,48.23931],[26.60724,48.23932],[26.60767,48.23937],[26.61062,48.24005],[26.61139,48.24015],[26.61197,48.24018],[26.61268,48.24016],[26.61367,48.24009],[26.61403,48.24004],[26.61428,48.23999],[26.61798,48.239],[26.61857,48.23889],[26.61912,48.2389],[26.61975,48.23894],[26.62001,48.23898],[26.62031,48.23916],[26.62052,48.23952],[26.62064,48.24004],[26.62059,48.24041],[26.62036,48.24121],[26.62012,48.24168],[26.61972,48.24214],[26.6192,48.24258],[26.61867,48.24318],[26.61851,48.24363],[26.61832,48.24409],[26.61777,48.24529],[26.61751,48.24565],[26.61727,48.24605],[26.6171,48.2465],[26.61692,48.2471],[26.61684,48.24747],[26.61675,48.2478],[26.61659,48.24811],[26.61622,48.24863],[26.61552,48.24928],[26.61495,48.24977],[26.61478,48.25014],[26.6147,48.25053],[26.61473,48.2509],[26.61485,48.25129],[26.61506,48.25158],[26.61541,48.25185],[26.61577,48.25199],[26.61672,48.25213],[26.61732,48.25217],[26.61809,48.25209],[26.61896,48.25193],[26.61986,48.25172],[26.62061,48.25149],[26.62127,48.25124],[26.62175,48.25103],[26.62213,48.25079],[26.62241,48.25051],[26.62274,48.25001],[26.62301,48.2495],[26.62327,48.24915],[26.62392,48.24847],[26.62445,48.24799],[26.62511,48.2475],[26.62554,48.24724],[26.62599,48.24701],[26.62654,48.24686],[26.62695,48.24681],[26.62727,48.24682],[26.62781,48.24689],[26.62852,48.24711],[26.62923,48.24742],[26.62971,48.24769],[26.62986,48.24783],[26.63,48.24801],[26.63001,48.2482],[26.62995,48.24913],[26.62995,48.24966],[26.63007,48.24996],[26.6302,48.25025],[26.63054,48.25073],[26.63071,48.25114],[26.63088,48.25177],[26.63087,48.25249],[26.63077,48.25305],[26.63053,48.25379],[26.62994,48.25522],[26.62964,48.2561],[26.62955,48.25681],[26.62959,48.25782],[26.62967,48.25826],[26.62974,48.25861],[26.62997,48.2592],[26.63015,48.2596],[26.63084,48.26043],[26.63146,48.26088],[26.63205,48.26125],[26.63267,48.26157],[26.63341,48.26184],[26.63397,48.26201],[26.63477,48.26207],[26.63549,48.26201],[26.63616,48.26186],[26.637,48.26163],[26.63776,48.26134],[26.63839,48.26103],[26.63897,48.26059],[26.63979,48.25993],[26.6402,48.25963],[26.64058,48.2594],[26.64116,48.25912],[26.64198,48.25854],[26.6426,48.25806],[26.64314,48.2576],[26.64353,48.2572],[26.6438,48.25677],[26.64398,48.25618],[26.64405,48.25558],[26.64395,48.25515],[26.64363,48.25456],[26.64368,48.25422],[26.64393,48.25356],[26.6441,48.25323],[26.64435,48.25288],[26.64458,48.2527],[26.64491,48.25256],[26.64523,48.25247],[26.64579,48.2525],[26.64632,48.25255],[26.64678,48.25264],[26.64751,48.25283],[26.64834,48.25298],[26.64953,48.25308],[26.65044,48.25335],[26.6514,48.25368],[26.65213,48.2541],[26.65288,48.25457],[26.65351,48.25504],[26.65409,48.25538],[26.65463,48.25574],[26.65535,48.25626],[26.65592,48.25687],[26.65631,48.25731],[26.65658,48.2577],[26.65682,48.25811],[26.65701,48.25851],[26.65724,48.25895],[26.65736,48.25938],[26.65745,48.26021],[26.6575,48.26124],[26.65756,48.26215],[26.65764,48.26248],[26.65783,48.26273],[26.65812,48.26306],[26.65857,48.26341],[26.65902,48.26366],[26.65942,48.26385],[26.65985,48.26401],[26.66031,48.26407],[26.66071,48.2641],[26.66102,48.2641],[26.66139,48.26405],[26.66185,48.26394],[26.66233,48.26378],[26.66287,48.26363],[26.66339,48.26349],[26.66409,48.26332],[26.66457,48.26312],[26.66499,48.26288],[26.66527,48.26262],[26.66558,48.26224],[26.6659,48.2618],[26.66614,48.26143],[26.66635,48.26103],[26.66647,48.26052],[26.66652,48.25997],[26.66649,48.25951],[26.66643,48.25911],[26.66633,48.25866],[26.6662,48.25822],[26.66606,48.25786],[26.66586,48.25749],[26.66543,48.25689],[26.66496,48.25627],[26.66443,48.25559],[26.66389,48.25471],[26.66352,48.25403],[26.66333,48.25362],[26.66326,48.25322],[26.6632,48.25288],[26.66318,48.25252],[26.66313,48.25197],[26.66311,48.25141],[26.66312,48.25066],[26.66317,48.24998],[26.66322,48.24954],[26.66333,48.2492],[26.66354,48.24877],[26.66379,48.24839],[26.66409,48.24806],[26.66468,48.24766],[26.66511,48.24743],[26.66562,48.24728],[26.6661,48.24714],[26.66649,48.24706],[26.66686,48.24701],[26.66724,48.24698],[26.66767,48.24696],[26.66813,48.24697],[26.66849,48.24702],[26.66905,48.24716],[26.66987,48.24738],[26.67084,48.24765],[26.67154,48.24781],[26.67224,48.24795],[26.67361,48.24821],[26.67486,48.24837],[26.67581,48.24842],[26.67689,48.24834],[26.67782,48.24835],[26.67876,48.24839],[26.67969,48.24844],[26.68051,48.24853],[26.6814,48.24872],[26.68227,48.24896],[26.68284,48.24915],[26.68329,48.24937],[26.68357,48.24959],[26.68399,48.25003],[26.68433,48.25048],[26.68471,48.2508],[26.68535,48.25121],[26.68594,48.25165],[26.68665,48.25204],[26.68761,48.25232],[26.68772,48.25236],[26.68821,48.25251],[26.6889,48.25293],[26.68952,48.25334],[26.68982,48.25349],[26.69051,48.25368],[26.69093,48.25386],[26.69128,48.25408],[26.69154,48.25443],[26.6918,48.25487],[26.6921,48.25528],[26.69249,48.25567],[26.69302,48.25638],[26.69353,48.25722],[26.6938,48.25789],[26.69406,48.25846],[26.69432,48.25892],[26.69448,48.25939],[26.69458,48.25998],[26.69453,48.26076],[26.69464,48.26124],[26.69502,48.26197],[26.69535,48.26242],[26.69592,48.26307],[26.6967,48.26386],[26.69731,48.26437],[26.69783,48.26467],[26.69838,48.26486],[26.69898,48.26505],[26.69948,48.26514],[26.69999,48.26518],[26.70051,48.26516],[26.70102,48.2651],[26.70156,48.26497],[26.70244,48.26473],[26.70293,48.26448],[26.70349,48.26418],[26.70384,48.26382],[26.70423,48.26322],[26.7045,48.26282],[26.70468,48.26236],[26.70472,48.2619],[26.70474,48.26106],[26.70482,48.26046],[26.70517,48.25955],[26.70558,48.25852],[26.70591,48.2577],[26.70625,48.25697],[26.70671,48.2561],[26.70706,48.2553],[26.7074,48.2545],[26.70757,48.2541],[26.70779,48.25372],[26.70811,48.25335],[26.70831,48.25311],[26.70859,48.25291],[26.70889,48.25273],[26.70935,48.25254],[26.70982,48.2524],[26.71045,48.2522],[26.71099,48.25204],[26.71165,48.25181],[26.71243,48.25155],[26.71311,48.25132],[26.7136,48.25109],[26.71437,48.25067],[26.7149,48.25028],[26.71524,48.24998],[26.71554,48.24973],[26.71583,48.24939],[26.71616,48.24904],[26.7165,48.24874],[26.71692,48.24845],[26.71758,48.24803],[26.71803,48.24774],[26.71859,48.24745],[26.71924,48.24719],[26.71979,48.24698],[26.72053,48.24678],[26.72121,48.24662],[26.72189,48.24649],[26.72257,48.24638],[26.72319,48.24634],[26.72405,48.24628],[26.72481,48.24627],[26.72547,48.2463],[26.72607,48.24636],[26.72681,48.2465],[26.72746,48.24662],[26.72819,48.24684],[26.72904,48.24711],[26.72954,48.24734],[26.73018,48.24774],[26.73069,48.24819],[26.73096,48.24854],[26.73101,48.24885],[26.731,48.24927],[26.73093,48.2497],[26.73078,48.25013],[26.7305,48.25061],[26.72993,48.25151],[26.72932,48.25255],[26.72866,48.25334],[26.72841,48.2537],[26.72799,48.25417],[26.72702,48.25507],[26.72655,48.25571],[26.72635,48.25605],[26.72632,48.25629],[26.72639,48.25667],[26.7266,48.25716],[26.72689,48.25751],[26.72732,48.25786],[26.72813,48.2583],[26.72883,48.25852],[26.72944,48.25864],[26.73006,48.25868],[26.7308,48.25868],[26.73151,48.25867],[26.73207,48.25858],[26.73267,48.25846],[26.73347,48.25822],[26.73428,48.25792],[26.73558,48.25745],[26.73662,48.25707],[26.73742,48.25684],[26.73817,48.25665],[26.73937,48.25641],[26.74015,48.2562],[26.74072,48.25603],[26.74127,48.25579],[26.74172,48.25552],[26.74213,48.25517],[26.74235,48.25482],[26.74243,48.25456],[26.74248,48.25432],[26.7424,48.25404],[26.74222,48.25368],[26.74198,48.25332],[26.74166,48.25291],[26.74136,48.25263],[26.74102,48.25234],[26.74062,48.25198],[26.74029,48.25165],[26.73992,48.25126],[26.7396,48.25095],[26.73911,48.25062],[26.73867,48.25037],[26.7382,48.25011],[26.73765,48.24986],[26.7367,48.24946],[26.73583,48.24914],[26.73498,48.24886],[26.73431,48.24859],[26.73402,48.24841],[26.7338,48.2482],[26.7336,48.24791],[26.7335,48.24753],[26.73342,48.24706],[26.73348,48.24669],[26.7336,48.24646],[26.73383,48.24611],[26.7341,48.24589],[26.7344,48.24571],[26.73479,48.24555],[26.73528,48.2454],[26.73591,48.24522],[26.7365,48.2451],[26.73716,48.24502],[26.73777,48.24497],[26.73856,48.24494],[26.73903,48.24497],[26.73949,48.24503],[26.74007,48.24516],[26.74071,48.24529],[26.74151,48.24542],[26.74234,48.24559],[26.7431,48.24578],[26.74409,48.24604],[26.74496,48.24621],[26.74565,48.24634],[26.74625,48.24655],[26.74741,48.24696],[26.74831,48.24727],[26.74921,48.24737],[26.75002,48.24741],[26.75084,48.24748],[26.75185,48.24764],[26.75274,48.24781],[26.75378,48.24796],[26.75455,48.24798],[26.75533,48.24786],[26.75606,48.24765],[26.75717,48.24729],[26.75801,48.24714],[26.75876,48.24707],[26.75973,48.24713],[26.76028,48.24723],[26.76086,48.24734],[26.76148,48.24751],[26.76251,48.24785],[26.76339,48.24802],[26.7641,48.24812],[26.76468,48.24814],[26.76526,48.24816],[26.76598,48.24812],[26.76676,48.248],[26.76768,48.24783],[26.76911,48.24753],[26.77056,48.24716],[26.77144,48.24691],[26.77245,48.24662],[26.77389,48.24626],[26.77547,48.24568],[26.77698,48.24501],[26.77847,48.2443],[26.77982,48.24372],[26.78063,48.24344],[26.78135,48.24325],[26.78189,48.24316],[26.78236,48.24312],[26.78282,48.24313],[26.78323,48.24314],[26.78358,48.2432],[26.78403,48.24331],[26.78439,48.24351],[26.78485,48.24383],[26.78516,48.24412],[26.7854,48.24444],[26.78549,48.24471],[26.78552,48.245],[26.78544,48.24538],[26.78519,48.2459],[26.78493,48.24648],[26.78479,48.24699],[26.78469,48.24743],[26.78469,48.24784],[26.78472,48.24829],[26.78501,48.24881],[26.78532,48.24917],[26.78574,48.24945],[26.78636,48.24968],[26.78685,48.24978],[26.78754,48.24982],[26.7884,48.24988],[26.79045,48.24996],[26.79123,48.24993],[26.79252,48.24981],[26.79468,48.24963],[26.79579,48.24958],[26.7967,48.24961],[26.79729,48.24969],[26.79774,48.24981],[26.79824,48.25],[26.7989,48.25031],[26.7996,48.2507],[26.80012,48.25112],[26.80063,48.25161],[26.80141,48.25243],[26.80226,48.25304],[26.80292,48.25346],[26.80338,48.25361],[26.80416,48.2538],[26.80485,48.254],[26.80547,48.25413],[26.80602,48.25425],[26.80665,48.25434],[26.80739,48.2544],[26.80806,48.2543],[26.80877,48.25398],[26.80964,48.25354],[26.81044,48.25299],[26.81138,48.25227],[26.81119,48.25181],[26.81102,48.25152],[26.81092,48.25009],[26.81101,48.24946],[26.81093,48.24882],[26.81165,48.24845],[26.8123,48.24817],[26.81226,48.24784],[26.81232,48.24743],[26.81248,48.24687],[26.81299,48.24632],[26.81359,48.24584],[26.8153,48.24492],[26.81754,48.24384],[26.81847,48.24351],[26.81892,48.24338],[26.82126,48.24388],[26.82292,48.24416],[26.82425,48.2443],[26.82497,48.24428],[26.82527,48.2442],[26.82579,48.24402],[26.82644,48.24363],[26.827,48.24301],[26.82745,48.24207],[26.82787,48.24131],[26.82814,48.24059],[26.82848,48.23981],[26.82882,48.23837],[26.82908,48.23682],[26.82921,48.23591],[26.82931,48.23451],[26.82928,48.23351],[26.82908,48.2324],[26.829,48.23193],[26.82912,48.23038],[26.82945,48.22924],[26.83023,48.22795],[26.83093,48.2271],[26.83175,48.22653],[26.83288,48.22632],[26.83409,48.22623],[26.83499,48.22637],[26.83561,48.22644],[26.83668,48.22663],[26.83932,48.22719],[26.84127,48.22797],[26.84262,48.2288],[26.84323,48.22948],[26.84374,48.23001],[26.84419,48.23079],[26.84502,48.23161],[26.84633,48.23256],[26.84854,48.23381],[26.84957,48.23427],[26.85078,48.23442],[26.85203,48.23413],[26.85391,48.23326],[26.85553,48.232],[26.85633,48.231],[26.8569,48.22946],[26.8574,48.22768],[26.85758,48.22649],[26.85772,48.2256],[26.85785,48.2248],[26.85854,48.22295],[26.85928,48.2214],[26.8596,48.2207],[26.86005,48.21912],[26.86085,48.21814],[26.86309,48.21648],[26.86477,48.21549],[26.86606,48.21472],[26.86783,48.21383],[26.87023,48.21264],[26.87203,48.21175],[26.87339,48.21094],[26.87438,48.21019],[26.87513,48.2096],[26.87545,48.20911],[26.87564,48.20849],[26.87613,48.20781],[26.87663,48.20716],[26.87728,48.20677],[26.87767,48.20652],[26.87816,48.20636],[26.87878,48.20617],[26.88012,48.20578],[26.88077,48.20561],[26.88124,48.20509],[26.88197,48.20429],[26.8826,48.20367],[26.88327,48.20307],[26.88402,48.20246],[26.88496,48.20194],[26.88555,48.20166],[26.88651,48.20138],[26.88745,48.2011],[26.88806,48.20101],[26.88877,48.20091],[26.88961,48.20088],[26.89121,48.20084],[26.89236,48.20087],[26.89336,48.20092],[26.89441,48.20099],[26.8954,48.20109],[26.89629,48.20121],[26.89721,48.20139],[26.89811,48.20144],[26.89865,48.20165],[26.89961,48.2018],[26.90089,48.20203],[26.90251,48.20223],[26.90381,48.2023],[26.90484,48.20228],[26.90581,48.20228],[26.90668,48.2022],[26.90769,48.20199],[26.90841,48.2016],[26.9089,48.20119],[26.909,48.2009],[26.90909,48.20026],[26.90904,48.19974],[26.90873,48.19913],[26.90781,48.19835],[26.90698,48.19772],[26.90658,48.19729],[26.90608,48.19661],[26.9053,48.19595],[26.9041,48.19523],[26.90325,48.19464],[26.90257,48.19432],[26.90146,48.1942],[26.90049,48.19419],[26.89916,48.19424],[26.89786,48.19426],[26.89678,48.19424],[26.89588,48.19417],[26.89506,48.19404],[26.89419,48.19382],[26.89345,48.19355],[26.89303,48.19324],[26.89279,48.19296],[26.89265,48.19257],[26.89241,48.1912],[26.89254,48.19036],[26.89266,48.18981],[26.89287,48.18933],[26.8932,48.18887],[26.89364,48.18834],[26.89418,48.18781],[26.89476,48.18723],[26.89525,48.18677],[26.89572,48.18634],[26.89622,48.18596],[26.89676,48.18546],[26.89706,48.18512],[26.89743,48.18471],[26.89771,48.18429],[26.89804,48.18393],[26.89863,48.18362],[26.89926,48.18322],[26.89975,48.1828],[26.90078,48.18203],[26.90153,48.18149],[26.90241,48.181],[26.90323,48.18051],[26.90379,48.18028],[26.90428,48.18012],[26.90499,48.17985],[26.90567,48.17965],[26.90633,48.17957],[26.90727,48.17954],[26.90835,48.17956],[26.90953,48.17966],[26.91116,48.17984],[26.91299,48.18007],[26.91464,48.18028],[26.91584,48.18029],[26.91695,48.18046],[26.91772,48.18057],[26.91885,48.18075],[26.91946,48.18095],[26.92008,48.18128],[26.92034,48.18166],[26.92053,48.18216],[26.92088,48.18269],[26.92101,48.18308],[26.92106,48.18347],[26.92096,48.18398],[26.92075,48.18456],[26.92022,48.18582],[26.9201,48.18637],[26.91985,48.18708],[26.91947,48.18776],[26.91863,48.18887],[26.91744,48.19061],[26.91585,48.19236],[26.91452,48.19414],[26.91344,48.19545],[26.91291,48.19641],[26.91274,48.19686],[26.91274,48.19718],[26.91281,48.19748],[26.91301,48.19781],[26.91343,48.19823],[26.91392,48.19856],[26.91473,48.19887],[26.91581,48.19913],[26.91703,48.19935],[26.91835,48.19951],[26.91939,48.19958],[26.92057,48.19962],[26.92157,48.19963],[26.92218,48.19956],[26.92292,48.19941],[26.92351,48.19929],[26.92398,48.19926],[26.92455,48.19933],[26.92519,48.19954],[26.92585,48.19967],[26.92646,48.19974],[26.92712,48.19976],[26.92758,48.19977],[26.92886,48.19987],[26.92948,48.19987],[26.93012,48.19984],[26.93072,48.19976],[26.93177,48.19956],[26.93315,48.1993],[26.93415,48.19914],[26.93473,48.19909],[26.9355,48.19902],[26.93615,48.19892],[26.93683,48.19879],[26.93724,48.19869],[26.9379,48.19846],[26.93862,48.1982],[26.93975,48.19782],[26.94055,48.19749],[26.94127,48.19713],[26.94194,48.1968],[26.94316,48.19606],[26.94394,48.19555],[26.94469,48.19501],[26.94562,48.19434],[26.94607,48.19392],[26.94667,48.1933],[26.94711,48.19282],[26.9476,48.19209],[26.9483,48.19114],[26.94904,48.18995],[26.9496,48.1889],[26.94995,48.18803],[26.95028,48.18686],[26.9503,48.18626],[26.95024,48.1857],[26.95013,48.18516],[26.94974,48.18407],[26.94916,48.18309],[26.94824,48.18187],[26.94716,48.18068],[26.9462,48.17967],[26.94606,48.17953],[26.9453,48.17882],[26.94443,48.17809],[26.94325,48.17707],[26.94285,48.17683],[26.94144,48.17627],[26.93959,48.17522],[26.93804,48.1741],[26.9367,48.1731],[26.9353,48.17211],[26.93409,48.17127],[26.93329,48.17046],[26.93287,48.16979],[26.93269,48.16929],[26.93264,48.16861],[26.93295,48.16766],[26.9333,48.16611],[26.93355,48.16572],[26.93405,48.16516],[26.93468,48.16454],[26.9352,48.16406],[26.93569,48.16368],[26.93624,48.16328],[26.93671,48.16308],[26.93794,48.1626],[26.93912,48.16219],[26.94015,48.16182],[26.94089,48.16157],[26.94164,48.16133],[26.94236,48.16114],[26.94297,48.161],[26.94416,48.16079],[26.9454,48.16068],[26.94674,48.16057],[26.9478,48.16053],[26.94851,48.16052],[26.94917,48.16055],[26.9499,48.16059],[26.95072,48.16064],[26.95173,48.16069],[26.95294,48.16075],[26.95356,48.16077],[26.95419,48.16087],[26.955,48.16106],[26.95665,48.16133],[26.95837,48.16155],[26.95955,48.16172],[26.96071,48.16183],[26.96176,48.16185],[26.96287,48.16176],[26.96429,48.16158],[26.96565,48.1615],[26.96715,48.16159],[26.9677,48.16165],[26.96817,48.16174],[26.96907,48.16186],[26.96971,48.16191],[26.97045,48.16187],[26.9711,48.16179],[26.97171,48.16171],[26.97255,48.16157],[26.97341,48.16136],[26.97433,48.16113],[26.97591,48.16077],[26.97685,48.16052],[26.97776,48.16024],[26.97855,48.15998],[26.97939,48.15968],[26.98001,48.15949],[26.98062,48.1593],[26.98141,48.15905],[26.98203,48.15877],[26.98256,48.15852],[26.98323,48.15816],[26.98402,48.1577],[26.98487,48.15722],[26.98515,48.15706],[26.98545,48.15687],[26.98648,48.15633],[26.98736,48.15574],[26.98823,48.15501],[26.98925,48.15403],[26.99,48.15321],[26.99055,48.1526],[26.99097,48.15206],[26.99124,48.1515],[26.99137,48.15083],[26.99141,48.14985],[26.99132,48.14918],[26.99116,48.14862],[26.99075,48.14795],[26.98995,48.14712],[26.98918,48.14649],[26.98856,48.14605],[26.9871,48.14528],[26.98605,48.14486],[26.98515,48.14453],[26.98427,48.14427],[26.98332,48.14403],[26.98251,48.14392],[26.98189,48.14383],[26.98113,48.14377],[26.98039,48.14376],[26.97937,48.14379],[26.97835,48.14391],[26.97727,48.1441],[26.97617,48.14428],[26.97534,48.14447],[26.97417,48.14487],[26.97303,48.14528],[26.97191,48.14576],[26.97069,48.1463],[26.96962,48.14667],[26.96853,48.14696],[26.96765,48.14719],[26.96694,48.14738],[26.96605,48.14775],[26.96518,48.14818],[26.96434,48.1486],[26.96311,48.14915],[26.96235,48.1496],[26.96063,48.1507],[26.95829,48.15194],[26.95762,48.15219],[26.95693,48.15227],[26.9561,48.15225],[26.95565,48.15218],[26.95509,48.15196],[26.95435,48.15164],[26.95319,48.15104],[26.95206,48.15033],[26.95137,48.14985],[26.95097,48.14947],[26.95078,48.14913],[26.95074,48.14883],[26.9509,48.14844],[26.951,48.14819],[26.95092,48.14751],[26.95086,48.14688],[26.95087,48.14641],[26.9508,48.14579],[26.95063,48.14505],[26.95065,48.1447],[26.95076,48.14437],[26.95102,48.14366],[26.95128,48.14303],[26.95145,48.14282],[26.95186,48.14229],[26.95277,48.14086],[26.95335,48.13982],[26.95384,48.13877],[26.95423,48.13805],[26.95455,48.13735],[26.95475,48.13708],[26.95517,48.13671],[26.9556,48.13637],[26.95634,48.13584],[26.95811,48.1346],[26.95978,48.13366],[26.9608,48.133],[26.96181,48.13246],[26.96308,48.13184],[26.96433,48.1314],[26.96583,48.13076],[26.96713,48.13016],[26.96816,48.12973],[26.96864,48.12958],[26.96885,48.12952],[26.96942,48.12938],[26.96998,48.12923],[26.97048,48.12916],[26.97133,48.12917],[26.97206,48.1292],[26.97268,48.12919],[26.97337,48.12914],[26.9742,48.12909],[26.97492,48.12908],[26.97544,48.12913],[26.97703,48.12925],[26.97814,48.12931],[26.9796,48.12937],[26.98085,48.12934],[26.98201,48.12923],[26.98322,48.12902],[26.98439,48.12874],[26.98535,48.12845],[26.98612,48.1282],[26.98691,48.12792],[26.98753,48.12771],[26.98814,48.12746],[26.98863,48.12723],[26.98924,48.12692],[26.98995,48.12655],[26.99078,48.12614],[26.99152,48.12581],[26.99209,48.12551],[26.99269,48.12511],[26.9935,48.12461],[26.99451,48.12411],[26.99579,48.12361],[26.99763,48.12272],[26.9989,48.12219],[27.0001,48.12199],[27.00108,48.12191],[27.00191,48.12197],[27.0029,48.12217],[27.0037,48.12253],[27.00459,48.12311],[27.00542,48.12395],[27.0064,48.12487],[27.00738,48.12573],[27.00806,48.12647],[27.00863,48.12744],[27.01014,48.12904],[27.01083,48.1297],[27.01127,48.13024],[27.01169,48.13102],[27.01267,48.13248],[27.01302,48.13312],[27.01369,48.13447],[27.01397,48.13495],[27.0148,48.13545],[27.01623,48.13658],[27.01748,48.13734],[27.01843,48.13778],[27.01941,48.13814],[27.0203,48.1384],[27.02147,48.13838],[27.02307,48.13846],[27.02424,48.13835],[27.02525,48.13809],[27.02635,48.13769],[27.02737,48.13721],[27.02826,48.13656],[27.0285,48.1355],[27.02845,48.13454],[27.02785,48.13361],[27.02714,48.13281],[27.0253,48.13135],[27.02348,48.12953],[27.02224,48.12814],[27.02185,48.1273],[27.02185,48.12662],[27.02206,48.12599],[27.02278,48.12531],[27.02344,48.12489],[27.02448,48.12453],[27.02531,48.1241],[27.02594,48.1239],[27.02677,48.12382],[27.02761,48.12386],[27.02817,48.12394],[27.02892,48.12422],[27.02951,48.12478],[27.03019,48.12577],[27.03165,48.12769],[27.03257,48.12845],[27.03406,48.12937],[27.03501,48.12993],[27.03599,48.13013],[27.03691,48.13019],[27.03816,48.13007],[27.03876,48.12979],[27.03921,48.12923],[27.03927,48.12848],[27.03894,48.12766],[27.03799,48.12638],[27.0371,48.12516],[27.03645,48.12417],[27.03604,48.12279],[27.03518,48.12096],[27.03366,48.11886],[27.03334,48.11711],[27.03358,48.11611],[27.03463,48.11468],[27.036,48.1133],[27.03806,48.11145],[27.03925,48.10944],[27.03976,48.1081],[27.04017,48.1071],[27.04054,48.10623],[27.04057,48.10456],[27.04019,48.10292],[27.0393,48.10129],[27.03779,48.09919],[27.03669,48.09815],[27.0358,48.09746],[27.03389,48.0964],[27.03279,48.09572],[27.03092,48.09426],[27.02792,48.09266],[27.02646,48.09141],[27.02602,48.09031],[27.02608,48.08945],[27.02662,48.08872],[27.02731,48.08814],[27.02906,48.08726],[27.03118,48.08649],[27.03365,48.08569],[27.03657,48.0847],[27.03844,48.08402],[27.03982,48.08337],[27.04065,48.08275],[27.04121,48.08197],[27.04172,48.08148],[27.04217,48.08058],[27.04238,48.07962],[27.04218,48.07727],[27.04224,48.07637],[27.04299,48.0741],[27.04365,48.07239],[27.04421,48.07107],[27.04484,48.07028],[27.0453,48.0699],[27.04545,48.06979],[27.04582,48.06936],[27.04737,48.06831],[27.04964,48.06721],[27.0513,48.06646],[27.05553,48.06474],[27.05782,48.06393],[27.05919,48.06341],[27.06128,48.06222],[27.06274,48.06138],[27.06756,48.05913],[27.07158,48.05714],[27.07515,48.05535],[27.07714,48.0543],[27.07839,48.05358],[27.07952,48.05228],[27.08134,48.05025],[27.08217,48.04906],[27.08262,48.04828],[27.08289,48.04738],[27.0828,48.04671],[27.08274,48.04589],[27.08263,48.04511],[27.08269,48.04395],[27.08254,48.04306],[27.08198,48.0418],[27.08174,48.04039],[27.08174,48.03911],[27.08228,48.03823],[27.08296,48.03727],[27.08421,48.036],[27.08444,48.03578],[27.0851,48.03512],[27.08655,48.03465],[27.08846,48.03427],[27.09086,48.03392],[27.0927,48.0337],[27.09456,48.03366],[27.09634,48.0338],[27.09864,48.03406],[27.10077,48.03434],[27.10265,48.03414],[27.10363,48.0338],[27.10435,48.03349],[27.10476,48.03314],[27.10577,48.03195],[27.10654,48.03079],[27.10657,48.03021],[27.10595,48.0293],[27.10485,48.02812],[27.1036,48.0267],[27.1023,48.02563],[27.1009,48.02515],[27.09951,48.02477],[27.09692,48.02437],[27.09481,48.02389],[27.09386,48.02341],[27.09327,48.02287],[27.09279,48.02211],[27.09252,48.02116],[27.0925,48.02028],[27.09169,48.01938],[27.09098,48.01858],[27.09045,48.01763],[27.09009,48.01637],[27.09001,48.015],[27.08983,48.01418],[27.08921,48.01225],[27.08912,48.01127],[27.08947,48.01043],[27.09011,48.00964],[27.09076,48.00884],[27.09171,48.00808],[27.09281,48.00744],[27.09432,48.00699],[27.09575,48.00681],[27.09732,48.00681],[27.09908,48.00693],[27.10077,48.00729],[27.10205,48.00769],[27.10321,48.00821],[27.10386,48.00894],[27.10638,48.01044],[27.10882,48.01154],[27.11164,48.01271],[27.11452,48.01379],[27.11729,48.01451],[27.118,48.01468],[27.1224,48.01499],[27.12525,48.01479],[27.12662,48.01445],[27.12739,48.01397],[27.12771,48.01338],[27.12798,48.01282],[27.12839,48.0117],[27.12843,48.01115],[27.12836,48.01053],[27.12798,48.01005],[27.12661,48.00881],[27.12355,48.00636],[27.12223,48.00543],[27.12077,48.00437],[27.11911,48.00308],[27.11792,48.00174],[27.11705,48.00046],[27.11687,47.99956],[27.11702,47.99855],[27.11813,47.99715],[27.12162,47.99447],[27.12389,47.99336],[27.12745,47.99225],[27.13079,47.99169],[27.13275,47.99136],[27.1351,47.99133],[27.13856,47.99156],[27.15386,47.99333],[27.16598,47.99479],[27.16711,47.99057],[27.16402,47.98968],[27.15872,47.9888],[27.15453,47.98753],[27.15338,47.9855],[27.15335,47.98213],[27.15372,47.98043],[27.1547,47.97542],[27.15354,47.97274],[27.15087,47.9713],[27.14702,47.97074],[27.14323,47.96952],[27.14089,47.96824],[27.13976,47.96712],[27.14001,47.96583],[27.14137,47.96454],[27.14378,47.96266],[27.14857,47.95956],[27.15409,47.95597],[27.15635,47.95514],[27.15957,47.95431],[27.16334,47.95415],[27.16586,47.9545],[27.17073,47.95405],[27.1756,47.95334],[27.1784,47.95226],[27.17993,47.95032],[27.18065,47.94795],[27.18016,47.94591],[27.17898,47.9441],[27.17766,47.94202],[27.17647,47.94074],[27.17475,47.93886],[27.17248,47.93654],[27.17098,47.93521],[27.16877,47.93352],[27.16702,47.93251],[27.1657,47.93191],[27.16454,47.93124],[27.16319,47.93027],[27.16214,47.92929],[27.16139,47.9282],[27.16061,47.92676],[27.15956,47.92559],[27.15829,47.92436],[27.15619,47.92271],[27.1542,47.92164],[27.15132,47.92067],[27.14979,47.9205],[27.14777,47.92043],[27.14656,47.92056],[27.14519,47.9205],[27.14414,47.92038],[27.14285,47.92005],[27.14223,47.91963],[27.1418,47.91911],[27.14163,47.9184],[27.14166,47.91755],[27.14198,47.91643],[27.14239,47.91585],[27.14301,47.91526],[27.14411,47.91457],[27.14473,47.91441],[27.14567,47.91419],[27.14702,47.91397],[27.14912,47.91383],[27.15046,47.91392],[27.15135,47.91415],[27.15251,47.91448],[27.15364,47.9149],[27.15453,47.91528],[27.15563,47.91583],[27.15697,47.91671],[27.15759,47.91707],[27.15843,47.91742],[27.15945,47.91767],[27.16069,47.91785],[27.16176,47.918],[27.16314,47.91807],[27.1654,47.91809],[27.16734,47.91787],[27.1704,47.91691],[27.17323,47.9161],[27.17614,47.91503],[27.17821,47.91438],[27.18082,47.9134],[27.18364,47.91258],[27.18588,47.91213],[27.18908,47.91138],[27.19241,47.91054],[27.19368,47.90998],[27.19489,47.90937],[27.19623,47.90848],[27.19801,47.90687],[27.19971,47.90557],[27.20159,47.90413],[27.20337,47.90295],[27.20431,47.90159],[27.20525,47.89959],[27.20557,47.89883],[27.20627,47.89792],[27.2073,47.89709],[27.20872,47.89619],[27.20999,47.89538],[27.21098,47.89399],[27.21109,47.89278],[27.21093,47.89147],[27.21053,47.88992],[27.20926,47.88793],[27.20856,47.88728],[27.20751,47.88646],[27.20641,47.88548],[27.20488,47.88436],[27.20335,47.88328],[27.20264,47.88285],[27.20196,47.88229],[27.2009,47.88138],[27.20011,47.88042],[27.19948,47.87961],[27.19874,47.87893],[27.19811,47.87823],[27.19751,47.87763],[27.19702,47.87706],[27.19677,47.87624],[27.19662,47.87523],[27.19676,47.87382],[27.19723,47.8727],[27.19875,47.87167],[27.20083,47.87066],[27.20176,47.86999],[27.20271,47.86857],[27.20258,47.86706],[27.20304,47.8649],[27.20382,47.86311],[27.20506,47.8613],[27.2066,47.86015],[27.20874,47.85938],[27.21008,47.8593],[27.21178,47.85943],[27.2136,47.85924],[27.21483,47.85881],[27.21609,47.85803],[27.21688,47.8573],[27.21735,47.85604],[27.21743,47.8539],[27.21736,47.85329],[27.21692,47.85237],[27.21597,47.85156],[27.2142,47.85036],[27.2132,47.84957],[27.21214,47.84898],[27.21098,47.84881],[27.20961,47.84875],[27.20859,47.84882],[27.20769,47.84897],[27.20586,47.84967],[27.20387,47.85066],[27.20262,47.85113],[27.20142,47.85141],[27.20015,47.85146],[27.19856,47.85135],[27.19756,47.85108],[27.19648,47.85062],[27.19571,47.8501],[27.19503,47.84948],[27.19476,47.84864],[27.19522,47.84763],[27.19609,47.84666],[27.19699,47.84581],[27.19779,47.8451],[27.19863,47.84399],[27.19959,47.84297],[27.20126,47.84144],[27.20274,47.84058],[27.20513,47.83956],[27.20779,47.8387],[27.21039,47.83812],[27.21333,47.83775],[27.21577,47.83779],[27.21805,47.8382],[27.2199,47.83872],[27.22094,47.8393],[27.22167,47.83986],[27.22245,47.84146],[27.22267,47.84278],[27.22337,47.84375],[27.22432,47.84453],[27.22553,47.84491],[27.22675,47.8451],[27.22813,47.84505],[27.22903,47.8449],[27.22994,47.84453],[27.2309,47.84393],[27.23118,47.84336],[27.23115,47.84266],[27.23081,47.84204],[27.23015,47.84143],[27.22738,47.83951],[27.22966,47.83791],[27.23134,47.83862],[27.23246,47.8383],[27.23353,47.8382],[27.23495,47.83804],[27.23621,47.83794],[27.23735,47.8379],[27.23953,47.83793],[27.24094,47.83784],[27.2423,47.83763],[27.2434,47.83736],[27.24464,47.83701],[27.24561,47.83656],[27.24617,47.83617],[27.24671,47.83568],[27.2472,47.83518],[27.24748,47.83471],[27.24756,47.83397],[27.24743,47.83292],[27.24747,47.8325],[27.24737,47.83207],[27.24724,47.8318],[27.2471,47.8315],[27.24716,47.83117],[27.24705,47.83074],[27.24666,47.83038],[27.24615,47.83008],[27.24564,47.82993],[27.24528,47.82967],[27.24481,47.8294],[27.2444,47.82922],[27.24343,47.82892],[27.24185,47.82854],[27.24108,47.82827],[27.24063,47.82804],[27.24012,47.82788],[27.2396,47.82757],[27.23887,47.8272],[27.23821,47.82672],[27.23748,47.82613],[27.23658,47.82582],[27.23539,47.82549],[27.23434,47.82528],[27.23338,47.82518],[27.2325,47.82516],[27.23168,47.82529],[27.23087,47.82556],[27.23023,47.82591],[27.22956,47.82637],[27.22895,47.82693],[27.22855,47.82744],[27.2283,47.8279],[27.22797,47.82909],[27.22764,47.82979],[27.22737,47.83025],[27.22693,47.83073],[27.22641,47.83109],[27.22575,47.83144],[27.225,47.8317],[27.22428,47.83183],[27.22361,47.83189],[27.2231,47.83184],[27.22256,47.83176],[27.22207,47.83151],[27.22156,47.83115],[27.22114,47.83074],[27.22057,47.83023],[27.22008,47.82993],[27.21956,47.82945],[27.21904,47.82896],[27.21828,47.82859],[27.21777,47.82814],[27.21733,47.82764],[27.21675,47.82692],[27.21628,47.82638],[27.21581,47.82571],[27.21548,47.82528],[27.21515,47.82483],[27.21513,47.8236],[27.21482,47.82275],[27.21449,47.82205],[27.21434,47.82153],[27.21441,47.82093],[27.21456,47.82017],[27.2155,47.81877],[27.21621,47.81777],[27.21726,47.81667],[27.2184,47.81569],[27.21933,47.8151],[27.22032,47.81466],[27.22109,47.81444],[27.22181,47.8143],[27.22265,47.81422],[27.22372,47.81425],[27.2249,47.81455],[27.22602,47.81463],[27.22678,47.8145],[27.22738,47.81429],[27.22794,47.81414],[27.22858,47.81398],[27.22912,47.81393],[27.22963,47.81397],[27.23003,47.81407],[27.23064,47.81443],[27.23125,47.81489],[27.23136,47.81517],[27.23175,47.81543],[27.23269,47.81582],[27.23361,47.81614],[27.23469,47.81637],[27.23593,47.8167],[27.23707,47.81689],[27.23785,47.81694],[27.23868,47.81691],[27.23932,47.8168],[27.23991,47.81661],[27.24066,47.81625],[27.24168,47.81579],[27.24203,47.81542],[27.24225,47.8149],[27.24216,47.81394],[27.24177,47.81307],[27.24107,47.81225],[27.24019,47.81156],[27.23849,47.81093],[27.23685,47.81056],[27.23574,47.81006],[27.23473,47.80932],[27.23421,47.80873],[27.23353,47.80768],[27.23274,47.80711],[27.23085,47.80615],[27.2306,47.80578],[27.23065,47.80535],[27.231,47.80472],[27.23139,47.80344],[27.23154,47.80277],[27.23187,47.8019],[27.23189,47.80074],[27.23117,47.79948],[27.23118,47.79913],[27.23129,47.79881],[27.23159,47.79829],[27.2323,47.79761],[27.233,47.79727],[27.23401,47.79702],[27.23573,47.79684],[27.23794,47.79745],[27.23899,47.79762],[27.24085,47.79732],[27.24205,47.79699],[27.24311,47.79657],[27.24434,47.79588],[27.24641,47.79533],[27.2481,47.79495],[27.24906,47.79446],[27.25001,47.79365],[27.2503,47.79321],[27.25043,47.79243],[27.25014,47.79145],[27.24886,47.78959],[27.24861,47.78893],[27.24854,47.78806],[27.24867,47.78724],[27.24908,47.78671],[27.2502,47.78575],[27.25139,47.78494],[27.25394,47.78396],[27.25443,47.78357],[27.25466,47.78264],[27.25441,47.78204],[27.25351,47.78109],[27.2524,47.78015],[27.25213,47.77955],[27.25212,47.77897],[27.25242,47.77844],[27.25284,47.77817],[27.25352,47.77798],[27.25439,47.77788],[27.25527,47.77798],[27.2569,47.77831],[27.25856,47.77882],[27.26078,47.77993],[27.26164,47.78053],[27.26244,47.78078],[27.26327,47.78078],[27.26458,47.78059],[27.26591,47.78016],[27.26652,47.77958],[27.26648,47.77897],[27.266,47.77816],[27.26512,47.77764],[27.26473,47.77701],[27.26476,47.77627],[27.26501,47.77562],[27.26575,47.77458],[27.26608,47.77395],[27.26599,47.77206],[27.26612,47.77067],[27.26643,47.76996],[27.2679,47.76844],[27.26808,47.76768],[27.26806,47.76703],[27.26779,47.76614],[27.26727,47.76542],[27.26531,47.76408],[27.2646,47.76345],[27.26416,47.76264],[27.26419,47.76188],[27.26484,47.76049],[27.26526,47.75995],[27.26576,47.75955],[27.26649,47.7592],[27.26735,47.75911],[27.26823,47.75919],[27.26922,47.75967],[27.27019,47.7604],[27.2711,47.76127],[27.27244,47.76209],[27.27541,47.76322],[27.27746,47.76417],[27.27843,47.76433],[27.2792,47.76428],[27.28019,47.7641],[27.281,47.76364],[27.28137,47.76316],[27.28212,47.76167],[27.28308,47.75972],[27.28355,47.75909],[27.28541,47.75754],[27.28535,47.75691],[27.28557,47.75635],[27.28561,47.75557],[27.28542,47.75503],[27.28509,47.75466],[27.28463,47.75433],[27.284,47.75402],[27.28301,47.75371],[27.28176,47.75337],[27.28115,47.75315],[27.28028,47.75287],[27.27959,47.75242],[27.27913,47.75199],[27.27892,47.75155],[27.27893,47.75107],[27.27919,47.75054],[27.27949,47.75025],[27.28004,47.74987],[27.28031,47.74965],[27.28182,47.74887],[27.28408,47.74848],[27.28543,47.74836],[27.28723,47.74854],[27.28827,47.74874],[27.2889,47.74898],[27.28959,47.74936],[27.29009,47.74991],[27.29056,47.75046],[27.29102,47.75116],[27.29109,47.75168],[27.29152,47.75222],[27.29241,47.75254],[27.29374,47.7529],[27.29437,47.75292],[27.29503,47.75283],[27.29557,47.75265],[27.29623,47.75238],[27.29683,47.75199],[27.29738,47.75165],[27.29763,47.75131],[27.29774,47.7508],[27.29788,47.75015],[27.29824,47.74909],[27.29837,47.7481],[27.29818,47.74752],[27.29782,47.7471],[27.29713,47.7467],[27.29614,47.74634],[27.29482,47.74604],[27.29322,47.74584],[27.29216,47.7458],[27.29051,47.74587],[27.28938,47.74574],[27.28816,47.74549],[27.28738,47.74528],[27.28689,47.74512],[27.28623,47.74478],[27.28552,47.74412],[27.28509,47.74346],[27.28469,47.74272],[27.28427,47.74209],[27.28356,47.74125],[27.28263,47.74028],[27.28199,47.73937],[27.28154,47.73854],[27.28117,47.73753],[27.28102,47.73682],[27.28089,47.73604],[27.2808,47.73535],[27.28087,47.73444],[27.28119,47.73387],[27.28171,47.7332],[27.28278,47.73213],[27.28395,47.73134],[27.28488,47.7307],[27.28565,47.73025],[27.28662,47.72992],[27.28748,47.72976],[27.28845,47.72967],[27.28954,47.72969],[27.29068,47.72975],[27.29158,47.72979],[27.29197,47.72976],[27.29253,47.72961],[27.29313,47.7294],[27.29374,47.72908],[27.29435,47.72866],[27.29484,47.72812],[27.29505,47.72763],[27.2952,47.72695],[27.29511,47.72605],[27.29475,47.72539],[27.29425,47.72476],[27.29356,47.72411],[27.29282,47.72369],[27.29169,47.72325],[27.2911,47.7231],[27.29009,47.72303],[27.28891,47.72306],[27.28768,47.72318],[27.28653,47.72335],[27.2855,47.72362],[27.28457,47.72398],[27.28373,47.72438],[27.28305,47.72488],[27.28249,47.72537],[27.28189,47.72617],[27.28115,47.72713],[27.28051,47.72776],[27.27983,47.72824],[27.27912,47.72859],[27.27837,47.72883],[27.27723,47.729],[27.27614,47.72908],[27.27517,47.72909],[27.27414,47.72894],[27.27347,47.72875],[27.27283,47.72859],[27.27247,47.72843],[27.27177,47.72806],[27.27047,47.72717],[27.26948,47.72666],[27.26881,47.72653],[27.26826,47.72661],[27.26776,47.72699],[27.26761,47.72762],[27.26757,47.72822],[27.26763,47.72863],[27.26775,47.72909],[27.26793,47.72974],[27.26805,47.73045],[27.26803,47.73106],[27.26781,47.73159],[27.2677,47.73193],[27.26741,47.73235],[27.26718,47.73262],[27.26671,47.73295],[27.26609,47.73307],[27.26523,47.73302],[27.26408,47.73276],[27.26303,47.73243],[27.26203,47.73211],[27.26112,47.73159],[27.25982,47.73051],[27.25928,47.72998],[27.25884,47.72948],[27.25831,47.72878],[27.25793,47.72805],[27.25758,47.72741],[27.25714,47.72668],[27.25678,47.72608],[27.2565,47.72531],[27.25612,47.72449],[27.25573,47.72329],[27.25537,47.72255],[27.25486,47.72196],[27.25457,47.72165],[27.25418,47.72142],[27.2537,47.72119],[27.25316,47.72111],[27.2521,47.72112],[27.2513,47.72115],[27.2507,47.72103],[27.25015,47.72084],[27.24993,47.72069],[27.24994,47.72045],[27.25014,47.72012],[27.25052,47.71953],[27.25098,47.71883],[27.25141,47.7183],[27.25192,47.7177],[27.25255,47.71721],[27.25366,47.71674],[27.25468,47.71629],[27.25533,47.71596],[27.25664,47.71531],[27.25746,47.71496],[27.25839,47.71468],[27.25924,47.71453],[27.25995,47.71442],[27.26103,47.71423],[27.26186,47.71409],[27.26315,47.71377],[27.26432,47.71341],[27.26491,47.71314],[27.26587,47.71267],[27.26653,47.71228],[27.26706,47.71175],[27.26737,47.71122],[27.26752,47.71081],[27.26759,47.71026],[27.26768,47.70986],[27.26786,47.70947],[27.26822,47.70888],[27.26855,47.70798],[27.26877,47.70718],[27.26872,47.70672],[27.26843,47.70629],[27.268,47.70581],[27.26761,47.70535],[27.26744,47.70495],[27.26741,47.7046],[27.26735,47.70416],[27.26724,47.70352],[27.26748,47.70297],[27.26811,47.70243],[27.26902,47.70175],[27.27025,47.70081],[27.27111,47.70022],[27.27193,47.69981],[27.27263,47.69949],[27.27342,47.69929],[27.27418,47.69924],[27.27503,47.69939],[27.27576,47.69962],[27.27626,47.69998],[27.27693,47.70047],[27.27744,47.70086],[27.27804,47.70118],[27.27864,47.70134],[27.27917,47.70143],[27.27978,47.70148],[27.28031,47.70149],[27.28094,47.70148],[27.28132,47.70143],[27.28181,47.70125],[27.28214,47.70095],[27.28253,47.70034],[27.28254,47.69981],[27.2824,47.69936],[27.28191,47.69883],[27.28079,47.69781],[27.28021,47.69744],[27.27951,47.69687],[27.27915,47.6964],[27.27894,47.69588],[27.27876,47.69528],[27.27864,47.69439],[27.27866,47.69376],[27.27849,47.69324],[27.27793,47.69272],[27.27574,47.69192],[27.27425,47.69138],[27.27365,47.69106],[27.27334,47.69076],[27.27311,47.69053],[27.27298,47.69],[27.27326,47.68912],[27.27407,47.68809],[27.27499,47.68697],[27.27583,47.68605],[27.27667,47.68537],[27.27831,47.68446],[27.27997,47.68345],[27.28069,47.68295],[27.28132,47.68264],[27.28238,47.68241],[27.28385,47.68228],[27.28507,47.68227],[27.28679,47.68229],[27.28847,47.68211],[27.28892,47.68206],[27.28947,47.68204],[27.29019,47.68198],[27.29128,47.68197],[27.29199,47.68196],[27.29252,47.68187],[27.29342,47.68162],[27.29485,47.68113],[27.29552,47.68076],[27.29578,47.68061],[27.2959,47.68037],[27.29602,47.6798],[27.29602,47.67906],[27.29583,47.67798],[27.29561,47.67735],[27.29551,47.677],[27.29532,47.67641],[27.29519,47.6755],[27.29543,47.67471],[27.29587,47.67406],[27.29603,47.67361],[27.29612,47.67289],[27.29599,47.6722],[27.29581,47.67166],[27.29517,47.67079],[27.29451,47.67013],[27.29388,47.66955],[27.29318,47.66878],[27.29299,47.66837],[27.29282,47.66778],[27.29277,47.66731],[27.29291,47.66664],[27.29327,47.6662],[27.29372,47.66579],[27.29411,47.66543],[27.29439,47.66508],[27.29471,47.66455],[27.29485,47.66393],[27.29485,47.66344],[27.29479,47.66285],[27.29479,47.66212],[27.29514,47.66184],[27.2955,47.66179],[27.29648,47.66179],[27.29747,47.6617],[27.29887,47.66139],[27.29966,47.66135],[27.30043,47.66133],[27.30139,47.66138],[27.30338,47.66158],[27.30402,47.66159],[27.30492,47.66157],[27.30577,47.66142],[27.30646,47.66119],[27.30706,47.66084],[27.30756,47.66039],[27.30802,47.65973],[27.30818,47.65911],[27.30836,47.65866],[27.30851,47.65826],[27.30878,47.6578],[27.30925,47.65729],[27.30971,47.65701],[27.31044,47.65665],[27.31114,47.65622],[27.3118,47.65541],[27.31247,47.65443],[27.31302,47.65356],[27.31339,47.65278],[27.3136,47.65207],[27.31389,47.65144],[27.31423,47.651],[27.31481,47.6498],[27.31532,47.64851],[27.31544,47.64785],[27.31537,47.64687],[27.31512,47.64606],[27.31492,47.6453],[27.31492,47.64468],[27.31487,47.64371],[27.31491,47.64332],[27.31515,47.64299],[27.3169,47.64135],[27.31726,47.6411],[27.31829,47.64049],[27.3194,47.64007],[27.3208,47.63968],[27.32168,47.63935],[27.32212,47.63906],[27.32277,47.63851],[27.32329,47.638],[27.32385,47.63732],[27.32439,47.63664],[27.32479,47.63614],[27.32507,47.63571],[27.32589,47.63487],[27.32634,47.63457],[27.32673,47.63421],[27.32703,47.63375],[27.32742,47.63321],[27.32856,47.63195],[27.32904,47.63138],[27.33002,47.63016],[27.33088,47.62909],[27.3319,47.62821],[27.33281,47.62756],[27.33328,47.62729],[27.33438,47.62685],[27.33539,47.62644],[27.33781,47.62565],[27.33984,47.62495],[27.34065,47.62474],[27.34137,47.62461],[27.34219,47.62445],[27.34335,47.62415],[27.34546,47.62372],[27.34663,47.62339],[27.3476,47.62319],[27.34856,47.62309],[27.3496,47.62291],[27.35089,47.62265],[27.35219,47.62235],[27.35328,47.62208],[27.35465,47.62183],[27.35589,47.62152],[27.3572,47.62112],[27.35826,47.62079],[27.35906,47.6205],[27.35962,47.62023],[27.36016,47.61987],[27.36042,47.61961],[27.36081,47.61927],[27.36141,47.61885],[27.36258,47.61789],[27.3627,47.61765],[27.36279,47.61731],[27.36296,47.61595],[27.36307,47.6148],[27.36307,47.61422],[27.36298,47.61376],[27.36299,47.61324],[27.36315,47.61278],[27.36356,47.61184],[27.3641,47.61055],[27.36431,47.61003],[27.36467,47.60948],[27.36496,47.6091],[27.36547,47.60852],[27.36661,47.60727],[27.36687,47.60697],[27.36712,47.60655],[27.36792,47.60531],[27.36821,47.60498],[27.36868,47.60449],[27.36901,47.60415],[27.3693,47.60397],[27.36962,47.60384],[27.37015,47.6037],[27.37106,47.60345],[27.3719,47.60308],[27.37286,47.60263],[27.37357,47.60221],[27.37372,47.6017],[27.37353,47.60145],[27.37263,47.60125],[27.37173,47.60104],[27.37112,47.60081],[27.37064,47.60044],[27.37041,47.60006],[27.37045,47.59963],[27.37065,47.59923],[27.37145,47.59834],[27.37182,47.59814],[27.37215,47.5979],[27.37373,47.59666],[27.37407,47.59624],[27.3775,47.59461],[27.38126,47.59297],[27.38387,47.59236],[27.38594,47.5918],[27.38694,47.59141],[27.38815,47.59086],[27.39014,47.5901],[27.39138,47.58958],[27.39245,47.58897],[27.39423,47.58829],[27.3955,47.58781],[27.39637,47.58761],[27.39714,47.58732],[27.39786,47.58687],[27.39882,47.58608],[27.39976,47.58539],[27.40092,47.58462],[27.40274,47.58362],[27.40366,47.58319],[27.40462,47.58288],[27.40593,47.58276],[27.40826,47.58264],[27.41131,47.58258],[27.41244,47.58263],[27.41454,47.58295],[27.41597,47.58321],[27.42129,47.58396],[27.42314,47.58405],[27.42444,47.58407],[27.42549,47.58398],[27.42634,47.58363],[27.42733,47.58301],[27.42786,47.58246],[27.42841,47.58157],[27.42843,47.58102],[27.42825,47.58067],[27.42777,47.58003],[27.42716,47.57943],[27.42606,47.57867],[27.42515,47.57805],[27.42473,47.57783],[27.42378,47.57768],[27.42348,47.57755],[27.4229,47.57704],[27.4226,47.57667],[27.42189,47.57564],[27.42145,47.57516],[27.42087,47.57488],[27.41996,47.57447],[27.41933,47.57429],[27.41865,47.57387],[27.41749,47.57284],[27.4168,47.57223],[27.4165,47.57182],[27.41643,47.57128],[27.41694,47.56983],[27.41767,47.5685],[27.41779,47.56788],[27.41783,47.56702],[27.41785,47.56629],[27.41807,47.56552],[27.41827,47.5651],[27.41872,47.5647],[27.42002,47.56363],[27.42036,47.5634],[27.42081,47.56323],[27.42134,47.56306],[27.42194,47.56294],[27.42246,47.5629],[27.42387,47.56277],[27.42565,47.56289],[27.42755,47.56318],[27.42919,47.5635],[27.4302,47.56361],[27.43093,47.5636],[27.43153,47.56343],[27.43197,47.56311],[27.43193,47.56281],[27.43149,47.5624],[27.43044,47.56155],[27.42998,47.56109],[27.42957,47.56047],[27.42894,47.55954],[27.42806,47.55857],[27.42466,47.55594],[27.42397,47.5553],[27.42365,47.55478],[27.42356,47.55426],[27.42368,47.55379],[27.42405,47.55335],[27.42447,47.55306],[27.42514,47.55284],[27.42621,47.55257],[27.42751,47.55235],[27.42844,47.55212],[27.42954,47.55166],[27.43015,47.55145],[27.43089,47.55138],[27.43159,47.55144],[27.43226,47.55136],[27.43301,47.55129],[27.43438,47.5513],[27.43473,47.55127],[27.43548,47.55113],[27.43659,47.55084],[27.43738,47.55052],[27.43785,47.55029],[27.43827,47.54999],[27.43862,47.54962],[27.43887,47.54919],[27.43901,47.54876],[27.43896,47.54826],[27.43873,47.54769],[27.43834,47.54728],[27.4378,47.54699],[27.4372,47.54682],[27.43663,47.54674],[27.43591,47.54681],[27.43513,47.54696],[27.43379,47.54739],[27.4326,47.54768],[27.43191,47.54768],[27.43138,47.54756],[27.43085,47.54738],[27.43027,47.5469],[27.43,47.54644],[27.4298,47.546],[27.42983,47.54545],[27.43002,47.54495],[27.43024,47.54458],[27.43042,47.5444],[27.4308,47.54409],[27.43124,47.54375],[27.43185,47.54336],[27.43222,47.54313],[27.43244,47.54286],[27.43272,47.5425],[27.43332,47.54216],[27.43378,47.54192],[27.43447,47.54171],[27.4354,47.54153],[27.43612,47.54134],[27.4374,47.54121],[27.43886,47.54109],[27.43935,47.54086],[27.43972,47.54061],[27.44077,47.53977],[27.44091,47.53962],[27.44171,47.53845],[27.44215,47.53779],[27.4427,47.53676],[27.44315,47.53626],[27.44394,47.5356],[27.44498,47.53519],[27.44643,47.53502],[27.44786,47.53501],[27.44918,47.53522],[27.4501,47.53563],[27.451,47.53617],[27.45214,47.53689],[27.45307,47.53718],[27.45378,47.53733],[27.45446,47.53742],[27.45478,47.53744],[27.45505,47.53739],[27.45536,47.53729],[27.45578,47.53712],[27.45637,47.53673],[27.45666,47.53624],[27.45647,47.53566],[27.45607,47.53471],[27.45546,47.53401],[27.45487,47.53355],[27.45417,47.53318],[27.45352,47.53295],[27.45264,47.53277],[27.45142,47.53258],[27.45068,47.53245],[27.44946,47.53225],[27.44773,47.53215],[27.44637,47.53197],[27.44464,47.53161],[27.44423,47.53132],[27.44403,47.53096],[27.44397,47.53043],[27.44421,47.52977],[27.44487,47.52919],[27.44727,47.52811],[27.44801,47.52769],[27.44899,47.52701],[27.45021,47.52627],[27.45079,47.52565],[27.4509,47.52515],[27.45086,47.52439],[27.45078,47.52391],[27.45098,47.52259],[27.45116,47.52222],[27.45137,47.522],[27.45175,47.52168],[27.45276,47.52143],[27.45368,47.52147],[27.45436,47.52162],[27.4553,47.52222],[27.4563,47.5228],[27.45818,47.5235],[27.45921,47.52403],[27.46079,47.52517],[27.46161,47.52591],[27.46283,47.5269],[27.46356,47.52727],[27.46436,47.5276],[27.46493,47.5277],[27.46536,47.52771],[27.46597,47.52764],[27.46633,47.52751],[27.46667,47.52725],[27.46711,47.52682],[27.4672,47.52648],[27.46715,47.52615],[27.46699,47.52583],[27.46666,47.52551],[27.46603,47.52512],[27.46533,47.52482],[27.46489,47.52463],[27.4646,47.52445],[27.46395,47.52404],[27.46278,47.52337],[27.46104,47.52214],[27.45965,47.52139],[27.45801,47.52057],[27.45731,47.52011],[27.45673,47.51963],[27.45634,47.51924],[27.45597,47.5187],[27.45564,47.51808],[27.45547,47.51756],[27.4554,47.51678],[27.4555,47.5163],[27.45561,47.51598],[27.45585,47.51556],[27.45614,47.51517],[27.45691,47.51395],[27.45703,47.51351],[27.45695,47.51316],[27.45655,47.51246],[27.45571,47.51118],[27.45506,47.51012],[27.45475,47.50938],[27.45426,47.50872],[27.45419,47.50803],[27.45448,47.50717],[27.45495,47.50647],[27.45539,47.50612],[27.45575,47.5057],[27.45638,47.50509],[27.45671,47.50481],[27.45723,47.50447],[27.45871,47.50358],[27.45974,47.50304],[27.46207,47.5021],[27.46419,47.50148],[27.46622,47.50074],[27.46693,47.50032],[27.4678,47.49946],[27.46798,47.49921],[27.46809,47.49888],[27.46817,47.49849],[27.46815,47.49806],[27.46805,47.4972],[27.46794,47.4968],[27.4678,47.49636],[27.46744,47.49521],[27.4674,47.49477],[27.46744,47.49433],[27.46756,47.49401],[27.46797,47.49325],[27.46827,47.49288],[27.46875,47.49245],[27.46944,47.49192],[27.47002,47.49156],[27.4711,47.49092],[27.47185,47.49046],[27.47215,47.49021],[27.47244,47.48991],[27.47277,47.4895],[27.47307,47.4889],[27.47317,47.48859],[27.47329,47.48789],[27.4734,47.48742],[27.47344,47.48718],[27.47354,47.48687],[27.47388,47.48635],[27.4742,47.48597],[27.47459,47.48556],[27.47503,47.48534],[27.47546,47.48519],[27.476,47.4851],[27.47647,47.48506],[27.47681,47.48507],[27.47711,47.48512],[27.47744,47.48523],[27.47772,47.48534],[27.478,47.48545],[27.4783,47.48555],[27.47869,47.48569],[27.4791,47.48584],[27.47946,47.48599],[27.47974,47.48615],[27.48007,47.4863],[27.48054,47.48641],[27.48169,47.48668],[27.48226,47.4868],[27.48266,47.48688],[27.4837,47.48702],[27.48446,47.48716],[27.48561,47.48743],[27.48687,47.48771],[27.48882,47.48821],[27.4903,47.4886],[27.49132,47.48882],[27.49233,47.48885],[27.49316,47.48875],[27.49395,47.48863],[27.49483,47.48831],[27.49529,47.48801],[27.49551,47.48772],[27.49572,47.48731],[27.49579,47.48688],[27.49567,47.48659],[27.49546,47.4863],[27.49511,47.48602],[27.49415,47.48544],[27.49319,47.48493],[27.49241,47.48451],[27.49168,47.48406],[27.49148,47.48357],[27.49142,47.48293],[27.49187,47.48188],[27.4923,47.48107],[27.49243,47.48083],[27.49274,47.48057],[27.49374,47.47996],[27.49457,47.47963],[27.49603,47.47924],[27.49754,47.47897],[27.4987,47.47897],[27.49976,47.47888],[27.50072,47.47861],[27.50165,47.4784],[27.50282,47.47828],[27.50393,47.4783],[27.50508,47.47838],[27.50577,47.4785],[27.50621,47.47858],[27.50672,47.47874],[27.50745,47.47904],[27.50792,47.47928],[27.50814,47.47951],[27.50878,47.48023],[27.50884,47.48059],[27.5088,47.48134],[27.50859,47.48186],[27.50829,47.48247],[27.50724,47.48372],[27.50715,47.48423],[27.50715,47.48451],[27.50726,47.48479],[27.50749,47.485],[27.50783,47.48519],[27.50817,47.48535],[27.50855,47.48548],[27.50905,47.48564],[27.50946,47.48584],[27.50984,47.48605],[27.5102,47.48625],[27.51054,47.48648],[27.51077,47.48676],[27.51094,47.48714],[27.51183,47.48821],[27.5123,47.48898],[27.51261,47.48972],[27.51325,47.49006],[27.51391,47.49013],[27.51462,47.48999],[27.51507,47.48978],[27.5154,47.48954],[27.51574,47.48912],[27.51588,47.48848],[27.51565,47.48785],[27.5153,47.48728],[27.51464,47.4865],[27.5142,47.48593],[27.5136,47.4851],[27.51316,47.4843],[27.51302,47.48396],[27.51256,47.48294],[27.51244,47.48164],[27.51241,47.48068],[27.51242,47.47743],[27.5124,47.47604],[27.51272,47.47527],[27.5134,47.47463],[27.51447,47.47402],[27.51526,47.47383],[27.51612,47.47393],[27.51678,47.47426],[27.51718,47.47473],[27.5176,47.47542],[27.51832,47.47623],[27.51893,47.47664],[27.51922,47.47696],[27.51946,47.47731],[27.51974,47.47777],[27.5201,47.47829],[27.5204,47.47871],[27.52048,47.47894],[27.52049,47.47917],[27.52048,47.47976],[27.52051,47.48039],[27.52056,47.48099],[27.52066,47.48141],[27.52077,47.48166],[27.52099,47.48201],[27.5215,47.48226],[27.52236,47.48239],[27.52322,47.48231],[27.52444,47.48199],[27.52552,47.48166],[27.52644,47.48126],[27.5278,47.48075],[27.52874,47.48029],[27.52957,47.47985],[27.53062,47.47926],[27.53131,47.47885],[27.53283,47.4782],[27.53406,47.47803],[27.53502,47.47802],[27.53583,47.47814],[27.53648,47.47846],[27.53685,47.47893],[27.53704,47.47963],[27.53708,47.47978],[27.53716,47.48054],[27.53714,47.4808],[27.53696,47.48109],[27.53664,47.48161],[27.53613,47.48206],[27.53532,47.48242],[27.53411,47.48269],[27.53318,47.48297],[27.53258,47.48335],[27.53215,47.48372],[27.5319,47.48402],[27.53176,47.48432],[27.53172,47.48472],[27.53176,47.48524],[27.53187,47.48571],[27.53223,47.48626],[27.53269,47.48692],[27.53316,47.48735],[27.53404,47.4881],[27.53485,47.48866],[27.53527,47.4888],[27.53564,47.48886],[27.536,47.48885],[27.53647,47.48882],[27.53707,47.48874],[27.53769,47.48859],[27.53833,47.48837],[27.53893,47.48809],[27.53935,47.48777],[27.53968,47.48745],[27.54001,47.48695],[27.54018,47.48653],[27.54044,47.48574],[27.54066,47.48484],[27.5408,47.48413],[27.54092,47.4834],[27.5412,47.48213],[27.54133,47.48144],[27.54149,47.48055],[27.54162,47.48004],[27.54183,47.47946],[27.54219,47.47878],[27.54272,47.47799],[27.54314,47.47742],[27.54372,47.47671],[27.54415,47.47628],[27.54515,47.47528],[27.54575,47.47466],[27.54633,47.4741],[27.54675,47.47378],[27.54731,47.47343],[27.54803,47.47307],[27.54891,47.47274],[27.54979,47.47237],[27.55054,47.47212],[27.55128,47.47191],[27.55286,47.47162],[27.55493,47.47107],[27.55563,47.47077],[27.55634,47.47034],[27.55686,47.46989],[27.55714,47.46941],[27.55729,47.4689],[27.55734,47.4685],[27.55736,47.46775],[27.55753,47.46685],[27.55772,47.46603],[27.55788,47.46557],[27.55823,47.46476],[27.55853,47.46441],[27.55882,47.4641],[27.55921,47.46383],[27.55981,47.46343],[27.56028,47.46321],[27.56093,47.46297],[27.56216,47.46261],[27.563,47.4626],[27.56388,47.46265],[27.5655,47.4631],[27.56663,47.46351],[27.56818,47.46434],[27.56902,47.46531],[27.56953,47.46585],[27.56987,47.46595],[27.5702,47.46581],[27.5707,47.46558],[27.57158,47.46502],[27.57196,47.46472],[27.57213,47.46452],[27.57245,47.46367],[27.57268,47.46285],[27.57283,47.46188],[27.57294,47.46162],[27.57304,47.46116],[27.57313,47.46042],[27.57363,47.45899],[27.5738,47.45833],[27.57381,47.45761],[27.57373,47.45672],[27.57286,47.45456],[27.57238,47.45361],[27.57142,47.45187],[27.57066,47.45075],[27.57022,47.45013],[27.56991,47.44978],[27.56944,47.44944],[27.56765,47.44859],[27.56709,47.44828],[27.56658,47.44797],[27.5661,47.4478],[27.56544,47.44771],[27.56458,47.44769],[27.56258,47.4478],[27.56103,47.44794],[27.5603,47.44792],[27.55942,47.44784],[27.55873,47.44771],[27.55777,47.4474],[27.55714,47.44685],[27.55706,47.44614],[27.55769,47.44483],[27.55833,47.44384],[27.55916,47.44234],[27.56056,47.44026],[27.56091,47.43908],[27.56087,47.43832],[27.56045,47.43751],[27.55989,47.43701],[27.55859,47.43605],[27.55754,47.43577],[27.55634,47.43561],[27.55498,47.43535],[27.55383,47.43484],[27.55311,47.43418],[27.55287,47.43343],[27.5531,47.43232],[27.55349,47.43063],[27.55361,47.42987],[27.55371,47.42962],[27.55409,47.42891],[27.55469,47.42787],[27.55571,47.42644],[27.55718,47.42551],[27.55854,47.42482],[27.55979,47.42396],[27.56018,47.42361],[27.5606,47.4234],[27.56107,47.42324],[27.5621,47.42286],[27.56314,47.42263],[27.56429,47.4226],[27.56501,47.42269],[27.56718,47.42402],[27.56805,47.42436],[27.56914,47.42435],[27.56989,47.42427],[27.57037,47.42389],[27.5704,47.42333],[27.57015,47.42255],[27.57013,47.42223],[27.57023,47.42197],[27.5705,47.42166],[27.57104,47.42123],[27.57155,47.42095],[27.57189,47.42079],[27.57221,47.42063],[27.57311,47.42021],[27.57373,47.41988],[27.57411,47.4196],[27.57455,47.4193],[27.5749,47.41901],[27.5751,47.41865],[27.57512,47.41817],[27.57494,47.41755],[27.57476,47.41646],[27.57448,47.41559],[27.57428,47.41472],[27.57394,47.41275],[27.57393,47.41216],[27.57398,47.41153],[27.57406,47.41103],[27.57436,47.4102],[27.57499,47.40933],[27.57567,47.40884],[27.57642,47.40851],[27.57724,47.40824],[27.57792,47.40813],[27.57853,47.40816],[27.579,47.40822],[27.57954,47.40839],[27.57986,47.40861],[27.58012,47.40897],[27.58044,47.40952],[27.5807,47.40988],[27.58099,47.4102],[27.58127,47.41035],[27.58166,47.41045],[27.58207,47.41039],[27.5824,47.41024],[27.58288,47.40998],[27.58328,47.40975],[27.58363,47.40953],[27.58404,47.40911],[27.58428,47.40839],[27.58434,47.40821],[27.58383,47.40714],[27.58365,47.40602],[27.5829,47.40303],[27.58275,47.40049],[27.58245,47.39965],[27.58184,47.39908],[27.58131,47.39887],[27.5809,47.39883],[27.58027,47.39894],[27.57942,47.39904],[27.57875,47.39903],[27.57821,47.39893],[27.57669,47.39856],[27.57497,47.3981],[27.57393,47.39776],[27.57299,47.39732],[27.57176,47.39661],[27.57077,47.39596],[27.56959,47.39511],[27.56905,47.39417],[27.56892,47.39292],[27.56913,47.39168],[27.5691,47.39048],[27.56853,47.38906],[27.56832,47.38844],[27.56803,47.38663],[27.56812,47.3856],[27.56863,47.38476],[27.56941,47.38395],[27.56974,47.3832],[27.56964,47.38258],[27.56877,47.38166],[27.56783,47.38102],[27.56729,47.38031],[27.56747,47.37907],[27.56824,47.37741],[27.5682,47.37682],[27.56828,47.3764],[27.5683,47.37508],[27.56851,47.37362],[27.5689,47.37264],[27.57039,47.37205],[27.57175,47.3719],[27.57332,47.37224],[27.5747,47.37287],[27.57584,47.37365],[27.57776,47.37511],[27.57874,47.37619],[27.5797,47.37784],[27.58018,47.37828],[27.58084,47.37855],[27.58159,47.37856],[27.5822,47.37829],[27.58263,47.37801],[27.58307,47.37761],[27.5833,47.37725],[27.58354,47.37673],[27.58366,47.37611],[27.58384,47.37572],[27.58337,47.3748],[27.58242,47.37393],[27.58158,47.37341],[27.57984,47.37274],[27.57691,47.37179],[27.57475,47.37128],[27.57413,47.37094],[27.57347,47.37026],[27.57328,47.36979],[27.57323,47.36921],[27.57345,47.3686],[27.57392,47.36815],[27.57463,47.36784],[27.57556,47.36758],[27.5764,47.36759],[27.5768,47.36785],[27.57721,47.36787],[27.57787,47.36817],[27.57886,47.36841],[27.5802,47.36852],[27.58198,47.36842],[27.58397,47.36792],[27.58517,47.36743],[27.58642,47.36658],[27.58766,47.36532],[27.58814,47.3649],[27.58877,47.36478],[27.58939,47.36493],[27.5907,47.36543],[27.59198,47.36603],[27.59275,47.36658],[27.59322,47.36714],[27.59358,47.36782],[27.59358,47.36858],[27.5935,47.36924],[27.59335,47.36966],[27.59305,47.37036],[27.593,47.3707],[27.59342,47.37175],[27.59414,47.37205],[27.59488,47.3724],[27.59579,47.37248],[27.59666,47.37197],[27.59689,47.37124],[27.59688,47.37059],[27.59684,47.36937],[27.59719,47.36881],[27.59798,47.3682],[27.59922,47.3678],[27.60066,47.36748],[27.60101,47.36725],[27.6011,47.36686],[27.60099,47.36636],[27.60072,47.36578],[27.60009,47.36472],[27.59958,47.36363],[27.59928,47.36276],[27.59922,47.36187],[27.59927,47.36077],[27.5991,47.35993],[27.59891,47.35928],[27.5987,47.35788],[27.59855,47.35691],[27.59826,47.35605],[27.59771,47.35446],[27.59706,47.35262],[27.5965,47.35155],[27.59585,47.35055],[27.59521,47.3499],[27.59474,47.34898],[27.59477,47.34817],[27.59497,47.34749],[27.59546,47.34676],[27.59593,47.34644],[27.5967,47.34623],[27.59755,47.34623],[27.59877,47.3468],[27.59954,47.34733],[27.60065,47.34821],[27.6015,47.34863],[27.60252,47.3492],[27.60331,47.34962],[27.60391,47.34977],[27.60459,47.34985],[27.60531,47.34975],[27.60573,47.34957],[27.60628,47.34917],[27.60655,47.34851],[27.60664,47.34758],[27.60686,47.34608],[27.60688,47.34535],[27.60665,47.34439],[27.60616,47.34347],[27.60544,47.34271],[27.60486,47.34211],[27.60449,47.34135],[27.60454,47.34061],[27.60465,47.34005],[27.60514,47.33937],[27.60571,47.33893],[27.60636,47.33869],[27.60711,47.33855],[27.60781,47.33853],[27.60839,47.33857],[27.6091,47.33872],[27.60979,47.33895],[27.61032,47.33927],[27.61098,47.33971],[27.61157,47.34031],[27.61196,47.34085],[27.61226,47.34129],[27.61254,47.34178],[27.61274,47.34197],[27.61322,47.34202],[27.61367,47.34214],[27.61409,47.34209],[27.61442,47.34179],[27.61465,47.3413],[27.61494,47.34067],[27.61514,47.33995],[27.61522,47.33937],[27.6152,47.33901],[27.61499,47.33861],[27.61469,47.33814],[27.61439,47.3379],[27.61377,47.33755],[27.61315,47.3373],[27.61236,47.33686],[27.61092,47.33598],[27.60957,47.33515],[27.60797,47.33421],[27.60677,47.33353],[27.60539,47.33284],[27.60453,47.33238],[27.60385,47.33192],[27.60295,47.33111],[27.60236,47.33045],[27.60179,47.32971],[27.60135,47.32932],[27.6008,47.3289],[27.59993,47.32862],[27.59906,47.3286],[27.59816,47.32878],[27.59743,47.3291],[27.59668,47.32966],[27.59621,47.33023],[27.59592,47.33082],[27.59563,47.33138],[27.59506,47.33182],[27.59438,47.33204],[27.59353,47.33208],[27.5923,47.33211],[27.59081,47.33209],[27.58946,47.33206],[27.58815,47.33201],[27.58714,47.33196],[27.58589,47.33181],[27.58487,47.33162],[27.58376,47.33135],[27.58287,47.33108],[27.58199,47.33061],[27.58127,47.33013],[27.58078,47.32954],[27.58057,47.32912],[27.58063,47.32861],[27.5808,47.32811],[27.58115,47.32768],[27.58168,47.3273],[27.5824,47.32705],[27.58337,47.32693],[27.58445,47.32694],[27.58545,47.32706],[27.58633,47.32723],[27.5871,47.32737],[27.58808,47.32756],[27.58919,47.32774],[27.58986,47.32787],[27.59063,47.32791],[27.59142,47.32796],[27.59216,47.32795],[27.59298,47.32789],[27.59369,47.32775],[27.59432,47.32756],[27.59508,47.32722],[27.59568,47.32684],[27.59629,47.32631],[27.59662,47.32582],[27.59674,47.32534],[27.59664,47.32484],[27.59613,47.32411],[27.59557,47.32369],[27.59473,47.32332],[27.59395,47.32303],[27.59348,47.32283],[27.59307,47.32259],[27.59274,47.32225],[27.59253,47.3219],[27.59244,47.32139],[27.59258,47.32083],[27.59286,47.32043],[27.59371,47.31963],[27.59481,47.31874],[27.59559,47.31821],[27.59609,47.31798],[27.59685,47.31767],[27.59745,47.3175],[27.59806,47.31731],[27.59868,47.31722],[27.5992,47.31717],[27.59973,47.31715],[27.60056,47.31723],[27.6011,47.31749],[27.60145,47.31788],[27.60164,47.31833],[27.60174,47.31883],[27.60168,47.31928],[27.60158,47.31958],[27.60138,47.31994],[27.6011,47.3204],[27.6008,47.32068],[27.60017,47.32101],[27.59947,47.32148],[27.59908,47.32193],[27.5989,47.32254],[27.59895,47.32309],[27.59941,47.32364],[27.59996,47.32409],[27.60017,47.3245],[27.60056,47.32503],[27.60092,47.32543],[27.60146,47.3259],[27.60193,47.32665],[27.60257,47.32747],[27.60295,47.32793],[27.6033,47.32828],[27.60402,47.32878],[27.60456,47.32897],[27.60546,47.32909],[27.60647,47.32894],[27.60701,47.32876],[27.60765,47.32862],[27.60819,47.32848],[27.60889,47.32804],[27.60945,47.32763],[27.60994,47.32714],[27.61052,47.32647],[27.6108,47.32597],[27.6109,47.32533],[27.61088,47.3248],[27.61098,47.32434],[27.61089,47.3236],[27.61052,47.32271],[27.61013,47.32222],[27.60969,47.32182],[27.6093,47.32149],[27.60854,47.32093],[27.60752,47.3202],[27.60653,47.31951],[27.60578,47.31891],[27.60537,47.31847],[27.60515,47.31806],[27.60515,47.31767],[27.6054,47.31727],[27.606,47.317],[27.60679,47.31696],[27.60767,47.31705],[27.60877,47.31714],[27.60956,47.31732],[27.61061,47.31771],[27.61208,47.31823],[27.61299,47.31855],[27.61385,47.31874],[27.6145,47.31887],[27.6153,47.31899],[27.61591,47.31912],[27.61648,47.3194],[27.61711,47.31984],[27.61758,47.32017],[27.61799,47.32069],[27.61838,47.32143],[27.61868,47.322],[27.61908,47.32269],[27.61944,47.32321],[27.6198,47.32413],[27.62007,47.32483],[27.62033,47.32534],[27.62065,47.32562],[27.62105,47.3259],[27.6214,47.32606],[27.62179,47.32612],[27.62214,47.32603],[27.62242,47.32575],[27.62278,47.32535],[27.62307,47.32502],[27.62443,47.32354],[27.62511,47.32272],[27.62611,47.32137],[27.62625,47.32075],[27.62702,47.31966],[27.62737,47.31876],[27.62732,47.31753],[27.62767,47.31613],[27.62786,47.31534],[27.62787,47.31462],[27.62768,47.31334],[27.62743,47.31285],[27.62744,47.3123],[27.62749,47.3117],[27.62773,47.3109],[27.62812,47.31041],[27.62872,47.30992],[27.6294,47.30957],[27.63027,47.30946],[27.63097,47.30952],[27.63157,47.30971],[27.63198,47.31006],[27.63243,47.31055],[27.63338,47.3118],[27.63397,47.31228],[27.63565,47.31284],[27.6365,47.31278],[27.63734,47.31254],[27.63795,47.31217],[27.63852,47.31155],[27.63865,47.31095],[27.6387,47.31021],[27.63854,47.30976],[27.63756,47.3089],[27.63733,47.30861],[27.6369,47.30829],[27.63655,47.30784],[27.63605,47.30722],[27.63525,47.30653],[27.63449,47.30585],[27.63353,47.30522],[27.63315,47.30458],[27.63309,47.30417],[27.63308,47.30371],[27.63322,47.30325],[27.63375,47.30287],[27.63475,47.3025],[27.63639,47.30228],[27.63831,47.30202],[27.63956,47.3019],[27.64025,47.30178],[27.64131,47.30151],[27.64272,47.30109],[27.64398,47.30074],[27.64506,47.30025],[27.64626,47.29972],[27.64698,47.29964],[27.64731,47.29965],[27.64768,47.29963],[27.64805,47.29964],[27.64829,47.29979],[27.6484,47.29994],[27.64867,47.30003],[27.64876,47.30037],[27.64861,47.30079],[27.64867,47.30156],[27.64865,47.30243],[27.64831,47.30344],[27.6477,47.30428],[27.64689,47.30516],[27.64632,47.30578],[27.64605,47.30631],[27.64604,47.30656],[27.64613,47.30677],[27.64726,47.30729],[27.64835,47.30765],[27.64904,47.30765],[27.64989,47.30784],[27.65078,47.30803],[27.65211,47.30817],[27.65385,47.30803],[27.65495,47.30786],[27.65596,47.30719],[27.65677,47.30655],[27.65729,47.30575],[27.65782,47.30517],[27.6584,47.30485],[27.65898,47.30466],[27.66008,47.30477],[27.66053,47.30499],[27.66087,47.30536],[27.66117,47.30599],[27.66147,47.30643],[27.66186,47.30791],[27.66204,47.3081],[27.66241,47.30825],[27.6631,47.30831],[27.66427,47.30794],[27.6649,47.30762],[27.66546,47.30706],[27.66577,47.30654],[27.66636,47.30606],[27.66671,47.30553],[27.66673,47.30492],[27.66724,47.30413],[27.66773,47.30332],[27.66867,47.30171],[27.66912,47.30112],[27.66943,47.30074],[27.66996,47.30027],[27.67101,47.29974],[27.672,47.29957],[27.67296,47.29955],[27.67403,47.29976],[27.67498,47.30026],[27.67561,47.30094],[27.67612,47.30215],[27.67643,47.30312],[27.67666,47.30423],[27.67658,47.30507],[27.67639,47.30572],[27.676,47.30645],[27.67495,47.30764],[27.67471,47.30808],[27.67446,47.30829],[27.67435,47.30859],[27.67442,47.30919],[27.67483,47.30978],[27.67506,47.31003],[27.67624,47.31007],[27.67801,47.30983],[27.67924,47.30941],[27.67972,47.30904],[27.67997,47.30862],[27.68016,47.30787],[27.68028,47.30755],[27.68025,47.30718],[27.68041,47.30667],[27.68041,47.30636],[27.68062,47.30556],[27.68072,47.30428],[27.68059,47.30351],[27.68019,47.30228],[27.67995,47.30116],[27.67966,47.3003],[27.67959,47.29976],[27.67964,47.29938],[27.67981,47.29873],[27.68046,47.29783],[27.68111,47.29738],[27.68174,47.29715],[27.68248,47.29714],[27.68346,47.29723],[27.68419,47.29721],[27.68444,47.29706],[27.68453,47.29664],[27.6845,47.29618],[27.68427,47.29581],[27.68418,47.29534],[27.68365,47.29427],[27.68361,47.29373],[27.68352,47.29338],[27.6832,47.29279],[27.68276,47.29175],[27.68279,47.29009],[27.68281,47.28861],[27.68302,47.2874],[27.68347,47.28644],[27.68412,47.28571],[27.685,47.28499],[27.68582,47.2847],[27.68643,47.28463],[27.68685,47.28489],[27.68742,47.28507],[27.68842,47.28625],[27.68844,47.28656],[27.68824,47.28689],[27.6882,47.28715],[27.68821,47.28769],[27.68839,47.28867],[27.68852,47.28928],[27.68878,47.28991],[27.68913,47.2906],[27.68939,47.29103],[27.68975,47.29145],[27.69012,47.29171],[27.69082,47.29192],[27.6916,47.29202],[27.69196,47.29198],[27.69291,47.29191],[27.69392,47.29178],[27.69465,47.29166],[27.6951,47.29148],[27.69734,47.29096],[27.69802,47.29079],[27.69881,47.29072],[27.69972,47.29053],[27.70066,47.29028],[27.70256,47.28969],[27.70402,47.2894],[27.70497,47.28941],[27.70578,47.28958],[27.70624,47.28985],[27.70634,47.28999],[27.7064,47.29035],[27.70626,47.29083],[27.70572,47.29153],[27.70494,47.29233],[27.70422,47.29352],[27.70354,47.29468],[27.70334,47.29539],[27.70313,47.29603],[27.7027,47.29745],[27.7027,47.29834],[27.70283,47.29875],[27.70354,47.29961],[27.70365,47.29969],[27.70423,47.29983],[27.70472,47.30007],[27.70515,47.30013],[27.70734,47.30017],[27.70853,47.30008],[27.71002,47.29982],[27.71095,47.29955],[27.71152,47.29925],[27.71267,47.29894],[27.71366,47.29848],[27.71443,47.29792],[27.71502,47.29736],[27.71537,47.29687],[27.71558,47.29669],[27.71572,47.29644],[27.71638,47.29561],[27.71722,47.29474],[27.71813,47.29406],[27.71891,47.29375],[27.72004,47.29354],[27.72077,47.29359],[27.72184,47.29393],[27.72281,47.29443],[27.72353,47.29467],[27.72571,47.2953],[27.72669,47.29549],[27.72716,47.29551],[27.72765,47.2954],[27.72835,47.29502],[27.7292,47.29423],[27.7298,47.29389],[27.73116,47.29351],[27.73199,47.29313],[27.73229,47.29285],[27.73335,47.29135],[27.73454,47.29008],[27.73533,47.28929],[27.73608,47.2883],[27.73651,47.28759],[27.73796,47.28561],[27.73819,47.2851],[27.73831,47.28416],[27.73849,47.28359],[27.73841,47.28315],[27.73859,47.28234],[27.7389,47.28141],[27.73905,47.28061],[27.739,47.27996],[27.73869,47.27898],[27.73811,47.27792],[27.73799,47.27747],[27.7379,47.27732],[27.73772,47.27712],[27.73757,47.27691],[27.73754,47.27669],[27.73755,47.27645],[27.73766,47.27624],[27.73785,47.27603],[27.73813,47.27579],[27.73835,47.27567],[27.73861,47.2756],[27.73901,47.27559],[27.73953,47.27561],[27.7401,47.27576],[27.74061,47.27595],[27.74222,47.27668],[27.74349,47.27722],[27.74437,47.27752],[27.74521,47.27768],[27.7457,47.27774],[27.74621,47.27775],[27.7468,47.27768],[27.74717,47.27757],[27.74743,47.27744],[27.74771,47.27726],[27.7479,47.27709],[27.74803,47.27692],[27.7482,47.27649],[27.74837,47.27576],[27.7485,47.27506],[27.7483,47.27306],[27.74813,47.2722],[27.74789,47.27169],[27.74687,47.26991],[27.74664,47.26966],[27.74595,47.26917],[27.74557,47.26868],[27.74542,47.26842],[27.74475,47.26675],[27.74463,47.26626],[27.74467,47.26549],[27.74486,47.2649],[27.74513,47.26448],[27.74573,47.26395],[27.74674,47.26328],[27.74789,47.26266],[27.7482,47.26244],[27.7496,47.26174],[27.75581,47.25998],[27.75695,47.25953],[27.75781,47.25904],[27.75856,47.25831],[27.75884,47.25784],[27.75885,47.25734],[27.75857,47.2569],[27.75828,47.25663],[27.7578,47.25636],[27.75716,47.25614],[27.75636,47.256],[27.75607,47.2559],[27.75567,47.2557],[27.75502,47.25565],[27.75397,47.25564],[27.75353,47.25567],[27.75306,47.25574],[27.75141,47.25613],[27.75072,47.25654],[27.74962,47.25731],[27.74942,47.25743],[27.74894,47.25763],[27.74805,47.25786],[27.74761,47.25791],[27.74665,47.25784],[27.74573,47.25772],[27.74471,47.25752],[27.74369,47.25726],[27.74336,47.25711],[27.74293,47.25688],[27.74265,47.25663],[27.74244,47.25631],[27.74224,47.25578],[27.7423,47.25549],[27.7424,47.25513],[27.7432,47.25334],[27.74383,47.25225],[27.74425,47.25179],[27.74499,47.25123],[27.74543,47.25102],[27.74584,47.25093],[27.74625,47.25099],[27.74648,47.25113],[27.74686,47.25126],[27.74708,47.25143],[27.74718,47.25164],[27.74725,47.25213],[27.7472,47.25254],[27.74739,47.25307],[27.7476,47.25334],[27.74792,47.25348],[27.74815,47.25369],[27.74842,47.25404],[27.74862,47.25419],[27.7492,47.25444],[27.74969,47.25459],[27.75051,47.25481],[27.75155,47.25492],[27.75261,47.25478],[27.7539,47.25431],[27.75461,47.25398],[27.75529,47.25343],[27.75593,47.25277],[27.75645,47.25203],[27.75681,47.25122],[27.75719,47.2494],[27.75718,47.24903],[27.75668,47.24761],[27.75644,47.24732],[27.75601,47.24702],[27.75576,47.24677],[27.75471,47.24631],[27.75411,47.2463],[27.75226,47.24652],[27.75163,47.24685],[27.75137,47.24709],[27.75132,47.24791],[27.75117,47.24825],[27.75088,47.24854],[27.74987,47.24896],[27.74948,47.24898],[27.74876,47.24877],[27.74851,47.24857],[27.74841,47.24833],[27.74818,47.2481],[27.7462,47.24665],[27.74556,47.24589],[27.74523,47.2448],[27.74521,47.24402],[27.7458,47.24256],[27.74643,47.24156],[27.7471,47.24092],[27.74822,47.24005],[27.74907,47.23917],[27.74984,47.23856],[27.75058,47.23829],[27.7519,47.23794],[27.75274,47.2378],[27.75336,47.23774],[27.75407,47.23776],[27.75469,47.23795],[27.75545,47.23843],[27.75584,47.23887],[27.75649,47.23939],[27.75713,47.24008],[27.75768,47.2403],[27.75814,47.24035],[27.75867,47.24024],[27.75926,47.23963],[27.75931,47.23928],[27.75918,47.23831],[27.75901,47.23762],[27.75859,47.23721],[27.75842,47.23691],[27.75786,47.23683],[27.75745,47.23662],[27.75693,47.23602],[27.75644,47.23577],[27.75545,47.2346],[27.75457,47.23319],[27.75439,47.23248],[27.75451,47.23124],[27.75477,47.23088],[27.75525,47.23046],[27.75632,47.23021],[27.75768,47.23],[27.75923,47.22991],[27.76167,47.23011],[27.76711,47.23166],[27.76835,47.23192],[27.76975,47.23197],[27.77124,47.23187],[27.7725,47.23161],[27.77393,47.23122],[27.77488,47.23084],[27.77557,47.23008],[27.77578,47.22968],[27.77577,47.22932],[27.77446,47.22659],[27.77375,47.22555],[27.77171,47.2237],[27.77098,47.22335],[27.76976,47.22253],[27.76947,47.22206],[27.76964,47.22164],[27.77011,47.22132],[27.77116,47.22105],[27.77408,47.22089],[27.77701,47.22088],[27.77986,47.22104],[27.78158,47.22081],[27.78355,47.22033],[27.78483,47.21983],[27.78539,47.21952],[27.78612,47.21861],[27.78655,47.21795],[27.7866,47.21743],[27.78649,47.21655],[27.78651,47.21628],[27.78636,47.21541],[27.78617,47.21489],[27.78574,47.21416],[27.78529,47.21358],[27.78489,47.21327],[27.78275,47.21189],[27.78053,47.20981],[27.7787,47.20783],[27.77817,47.20654],[27.77805,47.20587],[27.77789,47.2056],[27.77761,47.20528],[27.77748,47.20492],[27.77759,47.20442],[27.7778,47.20408],[27.7782,47.20382],[27.77837,47.20378],[27.77916,47.20385],[27.77993,47.20416],[27.78176,47.20536],[27.78212,47.20558],[27.78305,47.20606],[27.78362,47.20643],[27.78458,47.20715],[27.78551,47.20774],[27.78599,47.2081],[27.78656,47.20834],[27.78715,47.20846],[27.7882,47.20848],[27.78885,47.20833],[27.78911,47.20837],[27.78963,47.20818],[27.79005,47.20795],[27.79059,47.20754],[27.79079,47.20714],[27.79087,47.20667],[27.79081,47.20645],[27.79063,47.20621],[27.79055,47.20603],[27.79032,47.20572],[27.78998,47.20545],[27.78961,47.20495],[27.78919,47.20461],[27.78874,47.20402],[27.78801,47.20247],[27.78729,47.20115],[27.7871,47.20052],[27.78669,47.19816],[27.78644,47.19607],[27.78644,47.1954],[27.78657,47.19451],[27.7865,47.1928],[27.78639,47.19213],[27.78649,47.19151],[27.78698,47.19061],[27.78785,47.18964],[27.78869,47.1891],[27.78952,47.18878],[27.7905,47.18846],[27.79191,47.18823],[27.79301,47.18809],[27.7942,47.18804],[27.79523,47.18816],[27.79611,47.18837],[27.79772,47.18898],[27.7986,47.18952],[27.80014,47.1907],[27.80061,47.19099],[27.80103,47.1911],[27.80125,47.19113],[27.80193,47.19101],[27.80211,47.19093],[27.80314,47.18985],[27.80342,47.18938],[27.80349,47.18876],[27.80373,47.18829],[27.80333,47.18728],[27.8029,47.18657],[27.80209,47.18565],[27.80086,47.18388],[27.79997,47.18221],[27.79892,47.1807],[27.79878,47.18029],[27.7988,47.17867],[27.79871,47.17817],[27.79824,47.17752],[27.79805,47.17702],[27.79754,47.17586],[27.7974,47.17537],[27.79666,47.17453],[27.79614,47.17328],[27.79602,47.17174],[27.79659,47.17041],[27.79693,47.16993],[27.79728,47.1696],[27.79773,47.16935],[27.79897,47.169],[27.79927,47.16897],[27.80152,47.16762],[27.80278,47.16702],[27.80391,47.16662],[27.8052,47.16624],[27.80703,47.16598],[27.80886,47.16615],[27.80963,47.16625],[27.81018,47.16652],[27.81032,47.16652],[27.81074,47.16629],[27.81117,47.16612],[27.81126,47.16598],[27.8113,47.16583],[27.81124,47.16523],[27.81128,47.16439],[27.81114,47.16383],[27.81096,47.1635],[27.80988,47.16244],[27.8088,47.1619],[27.80813,47.16114],[27.80626,47.15958],[27.80465,47.15851],[27.80318,47.15772],[27.80237,47.15702],[27.80151,47.15611],[27.80111,47.15533],[27.8011,47.15476],[27.80122,47.15419],[27.80164,47.1531],[27.80173,47.15272],[27.80157,47.15238],[27.80111,47.15207],[27.80053,47.15159],[27.80024,47.15158],[27.79929,47.15196],[27.79798,47.15265],[27.79408,47.15337],[27.79058,47.15386],[27.78965,47.15388],[27.78896,47.15382],[27.78817,47.15359],[27.78724,47.1531],[27.78623,47.1523],[27.7853,47.1514],[27.78482,47.15086],[27.78424,47.15001],[27.78405,47.14927],[27.78414,47.1486],[27.78448,47.14793],[27.78502,47.14742],[27.78563,47.14711],[27.78644,47.14689],[27.78726,47.14683],[27.78816,47.14692],[27.7892,47.14727],[27.78982,47.14757],[27.79154,47.14886],[27.79244,47.14936],[27.79317,47.14955],[27.79408,47.14958],[27.79448,47.14951],[27.79525,47.14919],[27.79712,47.14764],[27.79894,47.14555],[27.79974,47.14479],[27.80015,47.14409],[27.80021,47.14382],[27.80005,47.14331],[27.80014,47.1428],[27.79987,47.14244],[27.79923,47.14184],[27.79851,47.14169],[27.79652,47.14186],[27.79497,47.14251],[27.79208,47.14287],[27.79042,47.14324],[27.78817,47.1439],[27.78699,47.14411],[27.78468,47.14462],[27.78293,47.14453],[27.78141,47.14413],[27.78086,47.14386],[27.78065,47.14345],[27.7807,47.14305],[27.78096,47.14265],[27.78149,47.14212],[27.78211,47.14165],[27.78337,47.14104],[27.78432,47.14074],[27.78536,47.14057],[27.78748,47.14044],[27.7908,47.14034],[27.79194,47.14021],[27.7949,47.13931],[27.79787,47.13865],[27.79859,47.13857],[27.79941,47.13831],[27.80592,47.13774],[27.80882,47.13796],[27.81053,47.13794],[27.81328,47.13839],[27.81421,47.13844],[27.81555,47.13833],[27.81686,47.13812],[27.81771,47.13781],[27.81905,47.13691],[27.82031,47.1359],[27.82111,47.1356],[27.82223,47.13536],[27.8231,47.13527],[27.82414,47.13536],[27.82535,47.1359],[27.82654,47.13696],[27.82745,47.13769],[27.82826,47.13844],[27.82889,47.13877],[27.82937,47.1389],[27.83022,47.13885],[27.83112,47.13861],[27.83143,47.1384],[27.83144,47.13827],[27.83077,47.13721],[27.83016,47.13669],[27.82946,47.13587],[27.8292,47.13529],[27.82918,47.13481],[27.82942,47.13435],[27.8299,47.13393],[27.83064,47.13358],[27.8316,47.13326],[27.83263,47.13308],[27.83364,47.13312],[27.83483,47.13329],[27.83627,47.13355],[27.83767,47.13391],[27.83908,47.13441],[27.84086,47.13548],[27.84138,47.13574],[27.84178,47.13579],[27.84237,47.13568],[27.84298,47.13537],[27.84378,47.13467],[27.84492,47.13403],[27.84592,47.13359],[27.84776,47.13257],[27.8486,47.13221],[27.84979,47.13147],[27.8509,47.13042],[27.85145,47.12937],[27.85166,47.12844],[27.85166,47.12722],[27.85143,47.12629],[27.85081,47.12513],[27.85002,47.12424],[27.84869,47.12329],[27.84748,47.12269],[27.84655,47.1225],[27.84559,47.12248],[27.84496,47.12273],[27.8444,47.12321],[27.8441,47.12368],[27.84384,47.12558],[27.84327,47.12707],[27.84217,47.12844],[27.84142,47.12914],[27.84065,47.12964],[27.83976,47.12992],[27.83879,47.12998],[27.83831,47.12988],[27.83798,47.12966],[27.83771,47.12918],[27.83763,47.12876],[27.83768,47.12795],[27.83751,47.1276],[27.83683,47.12691],[27.8352,47.12573],[27.83432,47.12526],[27.83238,47.12468],[27.83097,47.12441],[27.82809,47.12402],[27.82702,47.12361],[27.8262,47.12311],[27.82568,47.12245],[27.82564,47.12195],[27.82624,47.12125],[27.82736,47.12056],[27.82782,47.12013],[27.82825,47.11935],[27.82927,47.11817],[27.83072,47.11703],[27.83236,47.11617],[27.83399,47.11559],[27.83555,47.11524],[27.83708,47.11501],[27.8396,47.11493],[27.84079,47.11482],[27.84378,47.11415],[27.84548,47.11384],[27.84895,47.11331],[27.85065,47.11322],[27.85271,47.1132],[27.85432,47.11309],[27.85541,47.11302],[27.85659,47.11278],[27.85694,47.11249],[27.85698,47.11201],[27.85662,47.11135],[27.85591,47.11063],[27.8551,47.11],[27.85461,47.10935],[27.85446,47.10875],[27.85449,47.10813],[27.85488,47.10742],[27.85541,47.10661],[27.85642,47.10547],[27.85768,47.10462],[27.85848,47.10421],[27.85944,47.10385],[27.86021,47.10368],[27.86128,47.1036],[27.8622,47.10366],[27.86325,47.10393],[27.86388,47.10436],[27.86402,47.10474],[27.86337,47.10633],[27.86325,47.10684],[27.86331,47.10742],[27.86363,47.1078],[27.86405,47.10801],[27.86491,47.10827],[27.86562,47.10836],[27.86651,47.1083],[27.8678,47.10799],[27.86866,47.10788],[27.86969,47.10794],[27.87157,47.10827],[27.87338,47.10828],[27.87411,47.10817],[27.8747,47.1079],[27.87495,47.10773],[27.87539,47.10712],[27.87542,47.10689],[27.87512,47.10624],[27.87485,47.10594],[27.87442,47.10556],[27.8737,47.10509],[27.87324,47.10484],[27.87266,47.10463],[27.87213,47.10456],[27.87166,47.10457],[27.86995,47.1047],[27.86923,47.1047],[27.86857,47.10462],[27.86795,47.10443],[27.86725,47.10406],[27.86687,47.10369],[27.86668,47.10321],[27.86674,47.10276],[27.867,47.10248],[27.8676,47.10221],[27.86829,47.10214],[27.86878,47.10217],[27.86926,47.10238],[27.8701,47.10302],[27.87063,47.10326],[27.87146,47.10342],[27.87243,47.10342],[27.87335,47.10334],[27.87459,47.10306],[27.87546,47.10273],[27.87667,47.10202],[27.87689,47.10169],[27.87699,47.10159],[27.87734,47.10121],[27.87836,47.10078],[27.87908,47.10042],[27.88081,47.09986],[27.88177,47.09965],[27.88289,47.09949],[27.8835,47.09918],[27.88386,47.09878],[27.884,47.09815],[27.88351,47.09734],[27.88341,47.097],[27.88321,47.09677],[27.88287,47.0963],[27.88166,47.09549],[27.88118,47.09505],[27.88005,47.09361],[27.87963,47.09272],[27.87959,47.09222],[27.87978,47.09179],[27.88018,47.09134],[27.88085,47.0908],[27.88166,47.09048],[27.88246,47.09023],[27.88354,47.09007],[27.88465,47.09002],[27.88528,47.09008],[27.88603,47.09024],[27.88661,47.09044],[27.88686,47.09063],[27.88768,47.09093],[27.88804,47.09088],[27.88859,47.09089],[27.88872,47.09086],[27.88933,47.09051],[27.89048,47.08963],[27.89062,47.08941],[27.89095,47.08902],[27.89139,47.08875],[27.89174,47.08836],[27.89208,47.08812],[27.89223,47.08791],[27.89277,47.08756],[27.89322,47.08706],[27.89374,47.0866],[27.89401,47.08633],[27.89433,47.08615],[27.89467,47.08558],[27.8951,47.08512],[27.89518,47.08478],[27.89572,47.08428],[27.896,47.08381],[27.89597,47.08309],[27.8962,47.08256],[27.89626,47.08226],[27.89659,47.08155],[27.89655,47.0813],[27.89666,47.08072],[27.89683,47.08045],[27.89681,47.08021],[27.89701,47.07985],[27.89697,47.07959],[27.89705,47.07939],[27.89698,47.07919],[27.89701,47.07874],[27.8972,47.0783],[27.89721,47.07796],[27.89737,47.0774],[27.89707,47.07448],[27.89755,47.07373],[27.89794,47.07342],[27.89841,47.07317],[27.89904,47.07305],[27.89948,47.07316],[27.9001,47.07356],[27.90078,47.07385],[27.90154,47.07429],[27.90207,47.0747],[27.90347,47.0763],[27.9039,47.07659],[27.90487,47.07686],[27.90523,47.07688],[27.90557,47.07682],[27.90601,47.07667],[27.90624,47.07649],[27.90652,47.0759],[27.90692,47.0757],[27.90699,47.07539],[27.90761,47.07474],[27.90812,47.07446],[27.90852,47.07409],[27.90935,47.07354],[27.91053,47.07251],[27.91101,47.07222],[27.91138,47.07184],[27.91275,47.07096],[27.91404,47.07],[27.91418,47.06971],[27.91456,47.06939],[27.91489,47.06875],[27.91515,47.06829],[27.91528,47.06816],[27.91536,47.06787],[27.91567,47.06766],[27.91603,47.06733],[27.91692,47.06724],[27.91783,47.06755],[27.91846,47.06787],[27.91911,47.06811],[27.91947,47.0682],[27.92094,47.06822],[27.92202,47.06813],[27.92285,47.06795],[27.92337,47.06772],[27.92401,47.06752],[27.92507,47.06685],[27.92534,47.06656],[27.92566,47.06639],[27.92589,47.0662],[27.92615,47.06575],[27.92638,47.06558],[27.92642,47.06537],[27.92688,47.06491],[27.92959,47.0632],[27.931,47.06257],[27.93193,47.06231],[27.93307,47.06213],[27.9346,47.06202],[27.936,47.06217],[27.93724,47.06251],[27.93801,47.06287],[27.93862,47.06339],[27.93902,47.06393],[27.93906,47.06443],[27.93881,47.06497],[27.93864,47.06513],[27.93871,47.06523],[27.93868,47.06554],[27.93852,47.06575],[27.93894,47.06602],[27.93919,47.06608],[27.93969,47.06607],[27.94001,47.06614],[27.9411,47.06549],[27.94227,47.06422],[27.94269,47.06392],[27.94299,47.06348],[27.94333,47.0626],[27.94359,47.06194],[27.94405,47.06135],[27.9447,47.06083],[27.94534,47.06049],[27.94607,47.06022],[27.94689,47.06009],[27.94914,47.06003],[27.95109,47.05969],[27.95227,47.05942],[27.95342,47.0592],[27.95631,47.05845],[27.95873,47.05747],[27.95947,47.05704],[27.95961,47.05678],[27.95998,47.05631],[27.9602,47.0558],[27.96005,47.0551],[27.95983,47.05462],[27.95968,47.0545],[27.95906,47.05439],[27.95869,47.05418],[27.95821,47.05408],[27.95756,47.05383],[27.95707,47.0537],[27.95678,47.05371],[27.95628,47.05389],[27.95578,47.05399],[27.95544,47.05414],[27.95463,47.05443],[27.95374,47.05456],[27.95284,47.05456],[27.9518,47.05446],[27.95101,47.05429],[27.95009,47.05408],[27.94962,47.05388],[27.94907,47.05369],[27.94699,47.05314],[27.94618,47.05283],[27.94565,47.05252],[27.94505,47.05209],[27.94464,47.05162],[27.94447,47.05113],[27.9446,47.05056],[27.94498,47.05019],[27.94576,47.04989],[27.94717,47.04899],[27.94825,47.04799],[27.94954,47.04744],[27.95121,47.04706],[27.95241,47.04703],[27.95353,47.04722],[27.95865,47.0488],[27.96086,47.04936],[27.9625,47.04955],[27.96327,47.04969],[27.96396,47.04948],[27.96422,47.04923],[27.96426,47.04897],[27.9639,47.04781],[27.9637,47.0476],[27.96313,47.04731],[27.96243,47.04714],[27.96183,47.04687],[27.96147,47.04686],[27.96067,47.04696],[27.95993,47.04693],[27.95929,47.04669],[27.95871,47.04624],[27.95832,47.04564],[27.95823,47.04385],[27.95829,47.04283],[27.95844,47.04245],[27.95873,47.04198],[27.95918,47.04169],[27.9596,47.04152],[27.96018,47.04151],[27.96039,47.04161],[27.9608,47.04234],[27.96116,47.0427],[27.96204,47.04313],[27.96515,47.04404],[27.96754,47.04454],[27.96886,47.04475],[27.96988,47.04482],[27.97108,47.04481],[27.97212,47.0447],[27.97283,47.04457],[27.97392,47.04422],[27.97458,47.04383],[27.97544,47.04315],[27.97599,47.04215],[27.97623,47.04024],[27.97677,47.03917],[27.97788,47.03767],[27.97892,47.0367],[27.97976,47.03609],[27.98033,47.03579],[27.98178,47.03522],[27.98361,47.03466],[27.98517,47.03443],[27.98619,47.03447],[27.98674,47.03466],[27.98758,47.03665],[27.98804,47.03725],[27.9898,47.03835],[27.98995,47.03837],[27.99037,47.03829],[27.99145,47.03793],[27.99316,47.03722],[27.99384,47.03684],[27.99472,47.03622],[27.99589,47.03502],[27.9961,47.0346],[27.99589,47.03362],[27.99531,47.03229],[27.99474,47.03136],[27.99464,47.03028],[27.99466,47.02956],[27.99502,47.02915],[27.99581,47.02893],[27.99674,47.02903],[27.99751,47.02902],[27.99838,47.02894],[28.00023,47.02868],[28.00186,47.02836],[28.00357,47.0279],[28.00509,47.02748],[28.00696,47.0269],[28.00838,47.02637],[28.01028,47.0256],[28.01177,47.02489],[28.01325,47.02433],[28.01475,47.02387],[28.01618,47.0235],[28.01748,47.02326],[28.01886,47.02303],[28.02021,47.02296],[28.02148,47.023],[28.02198,47.02312],[28.02276,47.02351],[28.02324,47.02393],[28.02351,47.02451],[28.02351,47.02511],[28.02326,47.02607],[28.0233,47.02666],[28.02374,47.02757],[28.02466,47.02858],[28.02607,47.0297],[28.02681,47.0301],[28.02805,47.0304],[28.02967,47.03038],[28.0302,47.03028],[28.03151,47.03012],[28.0329,47.03014],[28.03349,47.02996],[28.03396,47.02987],[28.03488,47.02994],[28.03527,47.03004],[28.03568,47.02999],[28.036,47.02977],[28.03673,47.02904],[28.03759,47.02842],[28.03814,47.0279],[28.03858,47.02741],[28.03894,47.02694],[28.0392,47.02653],[28.03947,47.02604],[28.03972,47.02556],[28.03985,47.02514],[28.04,47.02484],[28.0401,47.02438],[28.0402,47.02395],[28.0402,47.02345],[28.0402,47.02314],[28.04016,47.02278],[28.04012,47.02239],[28.04007,47.02195],[28.04019,47.02141],[28.04048,47.02095],[28.04098,47.02057],[28.04169,47.02033],[28.04255,47.02032],[28.04327,47.02043],[28.04389,47.02074],[28.04432,47.02123],[28.0446,47.02164],[28.04478,47.02208],[28.04496,47.02306],[28.0452,47.02359],[28.0455,47.02389],[28.04605,47.02448],[28.04669,47.02487],[28.04729,47.02496],[28.04781,47.02493],[28.04829,47.0247],[28.04857,47.02453],[28.04883,47.02424],[28.04924,47.02369],[28.04979,47.02293],[28.05036,47.02223],[28.05138,47.02088],[28.05207,47.01987],[28.05245,47.01927],[28.05265,47.01873],[28.05283,47.01798],[28.05306,47.01731],[28.05341,47.0162],[28.05361,47.01546],[28.05366,47.01498],[28.05362,47.01456],[28.05358,47.01417],[28.05327,47.01365],[28.0529,47.01342],[28.05248,47.01334],[28.05186,47.01351],[28.05114,47.01398],[28.05074,47.01435],[28.05021,47.01496],[28.04962,47.01555],[28.04855,47.01636],[28.04769,47.01698],[28.0468,47.01768],[28.04602,47.01819],[28.0447,47.01872],[28.0435,47.01908],[28.04274,47.01924],[28.04178,47.01927],[28.04088,47.01917],[28.04017,47.01902],[28.0394,47.01883],[28.03885,47.01858],[28.03813,47.01818],[28.03721,47.0176],[28.03659,47.01725],[28.03604,47.01688],[28.03575,47.01657],[28.03548,47.01621],[28.03508,47.01579],[28.03449,47.0153],[28.03373,47.01478],[28.03296,47.0141],[28.03248,47.01358],[28.03203,47.01285],[28.03183,47.01207],[28.032,47.01137],[28.03249,47.01098],[28.0334,47.01055],[28.03398,47.01038],[28.03452,47.01023],[28.03507,47.0102],[28.03544,47.01034],[28.03581,47.01075],[28.03634,47.01149],[28.03681,47.01196],[28.03733,47.01229],[28.03797,47.01237],[28.03864,47.01225],[28.0392,47.0121],[28.03963,47.01195],[28.04027,47.01149],[28.04091,47.01102],[28.04155,47.01052],[28.04257,47.00963],[28.04301,47.00928],[28.04312,47.00906],[28.04307,47.00881],[28.04274,47.00859],[28.04129,47.00827],[28.04083,47.00828],[28.03995,47.00821],[28.03962,47.008],[28.03953,47.00757],[28.03967,47.00718],[28.04025,47.00675],[28.04129,47.00637],[28.04231,47.00597],[28.04286,47.00564],[28.0434,47.00519],[28.04437,47.0044],[28.04495,47.00403],[28.04582,47.00351],[28.04761,47.00261],[28.05015,47.00149],[28.05085,47.00128],[28.0515,47.00124],[28.05212,47.00127],[28.0527,47.00136],[28.05302,47.00162],[28.05323,47.00192],[28.05341,47.00224],[28.05323,47.00281],[28.05283,47.00338],[28.05226,47.00382],[28.05182,47.00412],[28.05138,47.0046],[28.05108,47.00507],[28.05115,47.00549],[28.05184,47.0059],[28.05239,47.00603],[28.05307,47.00579],[28.05378,47.00548],[28.05427,47.00525],[28.05483,47.00496],[28.05529,47.00467],[28.05564,47.0043],[28.05584,47.00382],[28.05589,47.00332],[28.05581,47.00254],[28.0555,47.00187],[28.05492,47.00123],[28.05461,47.00099],[28.05429,47.00068],[28.0542,47.00044],[28.05417,47.0002],[28.05432,46.99993],[28.05467,46.99964],[28.05516,46.99946],[28.05572,46.99938],[28.05629,46.99932],[28.05679,46.99921],[28.05783,46.99902],[28.05849,46.99887],[28.05915,46.99865],[28.06028,46.99828],[28.06094,46.99811],[28.06207,46.9977],[28.06311,46.99724],[28.06432,46.99668],[28.06584,46.99603],[28.06798,46.99521],[28.0694,46.99458],[28.07088,46.99391],[28.07162,46.99352],[28.07241,46.99312],[28.07322,46.99266],[28.0742,46.99224],[28.0755,46.9918],[28.07647,46.9915],[28.07779,46.99122],[28.07889,46.99109],[28.07982,46.99102],[28.08047,46.99091],[28.08091,46.99073],[28.08138,46.9905],[28.0818,46.99019],[28.08213,46.98986],[28.08228,46.9895],[28.08216,46.98909],[28.08185,46.98861],[28.08149,46.98837],[28.08115,46.9882],[28.08037,46.9878],[28.07939,46.98727],[28.07893,46.98701],[28.07835,46.98665],[28.07809,46.98623],[28.07798,46.98575],[28.07818,46.98532],[28.07849,46.98519],[28.07884,46.98508],[28.07969,46.98508],[28.08032,46.9852],[28.0808,46.98524],[28.08152,46.98531],[28.08195,46.98526],[28.08328,46.98512],[28.08421,46.98502],[28.08477,46.98489],[28.08581,46.98468],[28.08637,46.98434],[28.08696,46.98378],[28.08767,46.98284],[28.08853,46.98203],[28.0895,46.98147],[28.09035,46.98104],[28.09125,46.98067],[28.09277,46.98029],[28.09385,46.98001],[28.09465,46.97978],[28.09533,46.97948],[28.09576,46.9792],[28.09606,46.97889],[28.09639,46.97845],[28.09642,46.97804],[28.09632,46.97759],[28.09623,46.97723],[28.09603,46.97675],[28.09558,46.97624],[28.09493,46.97563],[28.09443,46.97523],[28.09379,46.97487],[28.09287,46.97446],[28.09194,46.97423],[28.09115,46.97411],[28.09031,46.97404],[28.08873,46.97403],[28.0877,46.97389],[28.08682,46.97353],[28.08606,46.97311],[28.0854,46.97267],[28.08495,46.97227],[28.08447,46.97157],[28.0844,46.9709],[28.08456,46.97022],[28.08496,46.96939],[28.08593,46.96824],[28.08623,46.96749],[28.08618,46.96634],[28.086,46.96564],[28.08585,46.96536],[28.08559,46.96509],[28.0853,46.96488],[28.08486,46.96472],[28.08438,46.96467],[28.08377,46.96468],[28.08274,46.96483],[28.08155,46.96497],[28.08104,46.96494],[28.08061,46.96482],[28.08003,46.96458],[28.07953,46.96433],[28.07913,46.96404],[28.07885,46.9638],[28.0786,46.96353],[28.07841,46.96325],[28.0783,46.963],[28.0783,46.96275],[28.07836,46.96248],[28.0785,46.96217],[28.07892,46.9615],[28.07938,46.96088],[28.08005,46.96012],[28.08066,46.95948],[28.08188,46.9584],[28.083,46.95763],[28.08418,46.95698],[28.08521,46.95659],[28.08669,46.95613],[28.08763,46.95598],[28.08853,46.95593],[28.08955,46.956],[28.09108,46.95628],[28.09314,46.95675],[28.09349,46.95672],[28.09371,46.95656],[28.09385,46.95625],[28.09381,46.95569],[28.09366,46.95471],[28.0934,46.95406],[28.09261,46.9533],[28.09164,46.95257],[28.09076,46.95176],[28.09023,46.95113],[28.08995,46.95062],[28.08962,46.94939],[28.08954,46.9485],[28.08956,46.94814],[28.08972,46.94776],[28.08987,46.94749],[28.09011,46.94724],[28.09033,46.94708],[28.09072,46.94691],[28.09106,46.94687],[28.09135,46.94689],[28.09169,46.94698],[28.09196,46.94711],[28.09255,46.94776],[28.09302,46.9484],[28.09354,46.94917],[28.09383,46.9495],[28.09426,46.94987],[28.09465,46.95011],[28.09517,46.95036],[28.09568,46.95048],[28.09609,46.9505],[28.09653,46.9504],[28.09715,46.95009],[28.0976,46.94974],[28.09804,46.94938],[28.09838,46.94901],[28.09848,46.94861],[28.09843,46.94811],[28.09814,46.94718],[28.09781,46.94642],[28.0975,46.94583],[28.09723,46.9452],[28.09701,46.94459],[28.09688,46.94396],[28.09659,46.94152],[28.09647,46.94122],[28.09632,46.94096],[28.09603,46.94063],[28.09577,46.94034],[28.09535,46.94006],[28.09488,46.93982],[28.09434,46.93962],[28.09382,46.93948],[28.09312,46.93942],[28.09257,46.93942],[28.09192,46.93951],[28.09134,46.93966],[28.09064,46.93994],[28.09001,46.94028],[28.08966,46.94059],[28.0887,46.94189],[28.08853,46.94202],[28.08827,46.94211],[28.08804,46.94213],[28.08777,46.9421],[28.08752,46.94198],[28.0874,46.9418],[28.08733,46.9414],[28.08736,46.94105],[28.08758,46.94061],[28.08789,46.94014],[28.08825,46.93966],[28.08881,46.93918],[28.0899,46.9384],[28.09026,46.93806],[28.09043,46.93779],[28.09053,46.93745],[28.09051,46.93711],[28.09038,46.93673],[28.09008,46.93628],[28.08967,46.9358],[28.08923,46.93546],[28.08881,46.93519],[28.08841,46.93501],[28.0881,46.93492],[28.0878,46.93487],[28.08758,46.93485],[28.08737,46.93487],[28.0872,46.93491],[28.08705,46.93498],[28.08692,46.93508],[28.08684,46.93518],[28.08678,46.93532],[28.08675,46.93596],[28.08672,46.93621],[28.08655,46.93696],[28.08626,46.93765],[28.08588,46.93832],[28.08551,46.93872],[28.0851,46.93903],[28.08476,46.93916],[28.0844,46.93924],[28.08387,46.93924],[28.08347,46.9392],[28.08287,46.93909],[28.08224,46.93887],[28.08171,46.93862],[28.08132,46.9383],[28.08106,46.93799],[28.08098,46.93775],[28.08098,46.93747],[28.08107,46.93724],[28.08268,46.93534],[28.08315,46.93489],[28.08359,46.93451],[28.08417,46.93415],[28.08464,46.93403],[28.08546,46.93395],[28.08614,46.93391],[28.08726,46.93389],[28.08794,46.9339],[28.08879,46.93388],[28.08964,46.93377],[28.09063,46.93365],[28.09132,46.93361],[28.09236,46.9336],[28.09348,46.93362],[28.09516,46.93359],[28.09715,46.93351],[28.09905,46.93342],[28.10071,46.93328],[28.10163,46.93312],[28.10234,46.9329],[28.10308,46.93263],[28.10379,46.93232],[28.10427,46.93205],[28.10507,46.93145],[28.10558,46.93099],[28.10604,46.93047],[28.10634,46.93],[28.10647,46.92942],[28.10643,46.92899],[28.1062,46.92861],[28.10579,46.9283],[28.10543,46.92813],[28.10491,46.92793],[28.10408,46.92776],[28.10352,46.92774],[28.10289,46.92778],[28.10221,46.92794],[28.10178,46.9282],[28.10165,46.92853],[28.10166,46.92893],[28.10196,46.92953],[28.10195,46.92975],[28.10179,46.92999],[28.10143,46.93026],[28.10101,46.93046],[28.10048,46.93061],[28.09999,46.93065],[28.09943,46.93061],[28.09891,46.93046],[28.09643,46.92939],[28.09615,46.92918],[28.09608,46.92892],[28.09611,46.92863],[28.09631,46.92842],[28.09711,46.92791],[28.09776,46.92755],[28.09832,46.92728],[28.09998,46.92667],[28.10162,46.92616],[28.10357,46.92564],[28.1051,46.92517],[28.10632,46.92468],[28.10819,46.92399],[28.10893,46.92379],[28.11044,46.92348],[28.1109,46.92335],[28.11132,46.92316],[28.11136,46.9232],[28.11193,46.92291],[28.11244,46.92259],[28.11273,46.92228],[28.11279,46.92181],[28.11257,46.92132],[28.11205,46.92053],[28.11118,46.91974],[28.11052,46.91882],[28.11036,46.91855],[28.11002,46.91793],[28.10935,46.91698],[28.10802,46.91544],[28.10629,46.91374],[28.10593,46.91329],[28.10568,46.91282],[28.10524,46.91158],[28.10491,46.91118],[28.10455,46.91073],[28.10408,46.91032],[28.10308,46.9096],[28.10217,46.90932],[28.10162,46.90931],[28.101,46.90944],[28.1004,46.9096],[28.09966,46.9102],[28.09858,46.91054],[28.09731,46.91064],[28.0963,46.91056],[28.09542,46.91046],[28.0948,46.91031],[28.09418,46.91001],[28.0936,46.90955],[28.09344,46.9092],[28.09353,46.90871],[28.09437,46.90785],[28.09534,46.90635],[28.09593,46.9054],[28.09601,46.90514],[28.09587,46.90488],[28.09549,46.90468],[28.09496,46.9046],[28.09315,46.90492],[28.09095,46.90549],[28.09016,46.90585],[28.08844,46.9071],[28.08776,46.90758],[28.08729,46.90766],[28.08681,46.90761],[28.0864,46.9074],[28.08573,46.90672],[28.08539,46.90606],[28.085,46.90538],[28.08448,46.90492],[28.08389,46.90418],[28.08309,46.90328],[28.08295,46.90307],[28.08283,46.90266],[28.08294,46.9023],[28.08316,46.90197],[28.08366,46.90151],[28.08462,46.90094],[28.08585,46.90046],[28.08766,46.90014],[28.08856,46.90007],[28.08884,46.89996],[28.08904,46.89971],[28.08915,46.89958],[28.08919,46.89932],[28.08903,46.8991],[28.08876,46.89889],[28.08836,46.89874],[28.08768,46.89859],[28.087,46.89837],[28.08612,46.89774],[28.08564,46.89709],[28.08548,46.89671],[28.08537,46.8964],[28.08529,46.8961],[28.08529,46.8958],[28.08538,46.89549],[28.0855,46.89531],[28.08577,46.89511],[28.086,46.89497],[28.0863,46.89491],[28.08685,46.89499],[28.08773,46.8953],[28.08867,46.89578],[28.08943,46.89615],[28.09046,46.89644],[28.09178,46.89661],[28.09293,46.89651],[28.09374,46.8963],[28.09468,46.89578],[28.09505,46.89535],[28.09531,46.89492],[28.09545,46.89406],[28.09552,46.89314],[28.09564,46.89257],[28.09593,46.89215],[28.09657,46.89198],[28.09727,46.89202],[28.09798,46.89235],[28.09921,46.8933],[28.10039,46.8943],[28.10161,46.89528],[28.10234,46.8958],[28.10296,46.89593],[28.1035,46.89591],[28.10396,46.89572],[28.10499,46.89434],[28.10558,46.89328],[28.10614,46.89209],[28.10684,46.89053],[28.10722,46.88971],[28.10763,46.88936],[28.10812,46.88914],[28.10857,46.88907],[28.10912,46.88912],[28.10957,46.88941],[28.10979,46.88968],[28.11001,46.89008],[28.11009,46.89048],[28.10982,46.8922],[28.10953,46.89328],[28.10917,46.8945],[28.10926,46.89494],[28.10951,46.89535],[28.11013,46.89564],[28.11082,46.89561],[28.11143,46.89533],[28.11271,46.89401],[28.11377,46.89247],[28.11418,46.89127],[28.11425,46.88982],[28.11405,46.88832],[28.11356,46.88651],[28.11255,46.88452],[28.11227,46.88351],[28.11222,46.88294],[28.11221,46.88249],[28.1125,46.88188],[28.11314,46.88148],[28.11378,46.88117],[28.11463,46.88085],[28.11539,46.88064],[28.11639,46.88033],[28.11726,46.87994],[28.11809,46.87941],[28.11847,46.87903],[28.11883,46.87849],[28.11892,46.8781],[28.11882,46.87781],[28.1186,46.87758],[28.11819,46.87743],[28.11771,46.8774],[28.11658,46.87758],[28.11553,46.87765],[28.11477,46.87752],[28.11414,46.87736],[28.11355,46.87714],[28.11291,46.87679],[28.11235,46.87612],[28.11183,46.87522],[28.11136,46.87473],[28.11076,46.87423],[28.10967,46.87363],[28.10882,46.87325],[28.10802,46.87297],[28.10719,46.87292],[28.10645,46.87298],[28.10598,46.87316],[28.10498,46.87379],[28.10438,46.87395],[28.10371,46.87406],[28.10298,46.87402],[28.10217,46.87392],[28.10116,46.87358],[28.10054,46.87333],[28.09987,46.87295],[28.09916,46.87232],[28.09862,46.87166],[28.09833,46.87073],[28.09844,46.87008],[28.09865,46.86991],[28.09912,46.86982],[28.10121,46.86968],[28.10461,46.86957],[28.10799,46.86988],[28.11069,46.86999],[28.11141,46.86989],[28.11203,46.86964],[28.1123,46.8694],[28.11246,46.86903],[28.11238,46.86876],[28.11216,46.86855],[28.11165,46.86829],[28.10896,46.86738],[28.10779,46.86683],[28.1075,46.86662],[28.10726,46.86632],[28.10729,46.86597],[28.10981,46.86371],[28.11287,46.86171],[28.11549,46.8603],[28.11769,46.85945],[28.11908,46.85902],[28.12034,46.85854],[28.12125,46.8581],[28.12201,46.85771],[28.12255,46.85732],[28.12349,46.85668],[28.12361,46.85651],[28.12363,46.8563],[28.12358,46.8561],[28.1234,46.85591],[28.1232,46.85572],[28.12283,46.8556],[28.12094,46.85557],[28.11937,46.85546],[28.11773,46.85523],[28.11741,46.85509],[28.1172,46.85491],[28.1171,46.85456],[28.11711,46.85416],[28.11735,46.8537],[28.11765,46.85345],[28.11808,46.85311],[28.11854,46.8529],[28.11929,46.85269],[28.11983,46.85263],[28.12141,46.85269],[28.12365,46.85302],[28.12583,46.85321],[28.1267,46.85314],[28.12707,46.85302],[28.12726,46.85289],[28.12743,46.85271],[28.1275,46.8525],[28.12745,46.85223],[28.12726,46.85197],[28.12513,46.85035],[28.12452,46.84967],[28.12382,46.84771],[28.12366,46.84732],[28.12353,46.84716],[28.12324,46.84708],[28.123,46.84705],[28.12261,46.84716],[28.12199,46.84751],[28.12148,46.84793],[28.11977,46.84982],[28.11953,46.84994],[28.11911,46.84998],[28.1186,46.84982],[28.11814,46.84963],[28.11756,46.84926],[28.1164,46.84848],[28.11565,46.84774],[28.11534,46.8473],[28.11484,46.84636],[28.11455,46.84521],[28.11434,46.84366],[28.1142,46.84307],[28.11383,46.84181],[28.11365,46.84153],[28.11331,46.84111],[28.11287,46.84073],[28.11256,46.84065],[28.1122,46.84064],[28.11189,46.84074],[28.11166,46.84092],[28.11116,46.84218],[28.1105,46.84341],[28.11005,46.84407],[28.10981,46.84429],[28.1095,46.84437],[28.10907,46.84435],[28.1087,46.84419],[28.10819,46.84367],[28.10748,46.84265],[28.10738,46.84235],[28.10741,46.8421],[28.10756,46.84179],[28.10787,46.84151],[28.10943,46.84086],[28.11109,46.84014],[28.11292,46.83917],[28.11425,46.83827],[28.1146,46.83789],[28.11523,46.83699],[28.11545,46.83638],[28.11557,46.83576],[28.11558,46.83441],[28.11577,46.83256],[28.11599,46.82909],[28.116,46.82822],[28.11565,46.8264],[28.11527,46.82525],[28.11404,46.82281],[28.1141,46.82245],[28.11499,46.82125],[28.11635,46.82002],[28.11765,46.81901],[28.11819,46.81879],[28.11868,46.81869],[28.11912,46.81868],[28.11943,46.81875],[28.11983,46.81891],[28.12012,46.81912],[28.12135,46.8205],[28.1226,46.82226],[28.12287,46.82256],[28.12327,46.82285],[28.12371,46.82307],[28.12421,46.82323],[28.12458,46.8233],[28.12508,46.82327],[28.1255,46.82312],[28.12567,46.82297],[28.12573,46.82281],[28.12588,46.82211],[28.12551,46.82058],[28.12524,46.81826],[28.12378,46.81551],[28.12338,46.81479],[28.1233,46.81455],[28.12328,46.81436],[28.12333,46.81414],[28.12345,46.81396],[28.12366,46.81379],[28.1241,46.81362],[28.12566,46.81341],[28.1295,46.81339],[28.13063,46.81317],[28.13107,46.81276],[28.13094,46.81229],[28.12978,46.81177],[28.12898,46.81117],[28.12817,46.8104],[28.12788,46.809],[28.12781,46.8082],[28.12785,46.80761],[28.12815,46.80707],[28.12861,46.80662],[28.13085,46.80491],[28.13277,46.80334],[28.13359,46.80274],[28.13474,46.80211],[28.13604,46.80174],[28.13804,46.80166],[28.14002,46.80184],[28.14167,46.80205],[28.14289,46.8024],[28.14471,46.80225],[28.14528,46.8018],[28.1456,46.80056],[28.1461,46.79985],[28.14719,46.79898],[28.14815,46.79844],[28.14974,46.79851],[28.15201,46.7997],[28.15259,46.79977],[28.15319,46.79958],[28.15336,46.79891],[28.15285,46.79823],[28.15163,46.7972],[28.14976,46.79628],[28.14891,46.79564],[28.14863,46.79516],[28.14849,46.79465],[28.14872,46.79418],[28.14941,46.79345],[28.15138,46.79286],[28.15332,46.7924],[28.15457,46.79198],[28.15527,46.79157],[28.15815,46.78726],[28.15872,46.78639],[28.15937,46.78544],[28.16031,46.78456],[28.16116,46.7843],[28.16207,46.78466],[28.16238,46.78515],[28.16268,46.78581],[28.16275,46.78732],[28.162,46.78911],[28.1613,46.79033],[28.16104,46.79119],[28.16147,46.79176],[28.16247,46.79194],[28.16358,46.79184],[28.1646,46.79156],[28.16541,46.79102],[28.16607,46.79055],[28.16642,46.7901],[28.16655,46.78939],[28.16629,46.78863],[28.16556,46.78718],[28.16509,46.78545],[28.16512,46.78475],[28.1655,46.7839],[28.16591,46.78343],[28.16679,46.7832],[28.16803,46.78331],[28.16892,46.78332],[28.16981,46.78312],[28.17101,46.78256],[28.17342,46.78121],[28.17499,46.77999],[28.1761,46.77884],[28.17656,46.77794],[28.1765,46.77738],[28.176,46.77701],[28.17504,46.7771],[28.17427,46.77757],[28.17343,46.77796],[28.17232,46.77835],[28.1702,46.77844],[28.16788,46.77822],[28.16516,46.77825],[28.16309,46.77823],[28.16185,46.77811],[28.1612,46.778],[28.1606,46.77766],[28.16043,46.77714],[28.16072,46.77664],[28.16133,46.77606],[28.16298,46.7749],[28.16419,46.77422],[28.16504,46.77395],[28.16603,46.774],[28.16812,46.77535],[28.17064,46.77605],[28.17204,46.77598],[28.1727,46.77565],[28.17286,46.77544],[28.17299,46.77515],[28.17284,46.77455],[28.17235,46.774],[28.17168,46.77361],[28.16981,46.77299],[28.16801,46.77214],[28.16725,46.7713],[28.16718,46.77038],[28.16789,46.76966],[28.16932,46.76875],[28.1702,46.76846],[28.17087,46.76836],[28.17144,46.76837],[28.17219,46.76857],[28.17327,46.76927],[28.17631,46.77087],[28.17749,46.77093],[28.17827,46.77037],[28.17874,46.7693],[28.17873,46.76683],[28.17864,46.764],[28.17843,46.76265],[28.17748,46.75981],[28.17746,46.75924],[28.17766,46.75849],[28.17818,46.75814],[28.17901,46.75801],[28.1799,46.75808],[28.18349,46.75987],[28.18433,46.76007],[28.1851,46.7599],[28.18531,46.75946],[28.18496,46.7588],[28.18371,46.75771],[28.18222,46.75535],[28.18142,46.75476],[28.18043,46.75448],[28.17998,46.75446],[28.17957,46.75471],[28.17887,46.75606],[28.17813,46.75649],[28.1772,46.75665],[28.17638,46.75649],[28.17532,46.75592],[28.17488,46.75531],[28.17468,46.75417],[28.17309,46.75159],[28.17303,46.75068],[28.17348,46.75016],[28.1743,46.74988],[28.17509,46.75009],[28.17594,46.75091],[28.17663,46.75105],[28.17715,46.75093],[28.17742,46.75053],[28.17733,46.74996],[28.17668,46.74911],[28.17625,46.74803],[28.17646,46.74732],[28.17702,46.74681],[28.17809,46.74655],[28.17895,46.7466],[28.18132,46.74763],[28.18166,46.74764],[28.18204,46.74758],[28.18244,46.74741],[28.18272,46.7472],[28.18333,46.7462],[28.18376,46.74522],[28.18403,46.74425],[28.18403,46.74335],[28.18372,46.7429],[28.1833,46.7427],[28.18278,46.74274],[28.18221,46.74299],[28.18169,46.74332],[28.18104,46.7436],[28.18014,46.74384],[28.17955,46.74393],[28.17887,46.74392],[28.17839,46.74374],[28.17812,46.74352],[28.17798,46.7433],[28.17804,46.74288],[28.17825,46.7422],[28.17871,46.74098],[28.17947,46.73921],[28.17988,46.73808],[28.1801,46.73754],[28.18037,46.73712],[28.18082,46.7367],[28.18172,46.73578],[28.18258,46.73481],[28.18357,46.73407],[28.18432,46.73372],[28.18485,46.73354],[28.18545,46.73347],[28.18609,46.73362],[28.18677,46.73384],[28.18795,46.73437],[28.19065,46.73568],[28.19164,46.73599],[28.19229,46.73605],[28.19289,46.73593],[28.19338,46.73567],[28.19399,46.73509],[28.19476,46.73373],[28.19538,46.73221],[28.19552,46.7317],[28.19555,46.73107],[28.19539,46.73028],[28.19518,46.72977],[28.19492,46.72944],[28.19465,46.72925],[28.19423,46.72918],[28.19368,46.72925],[28.19301,46.72946],[28.19234,46.7295],[28.19153,46.72951],[28.19062,46.72934],[28.18961,46.72895],[28.18856,46.72835],[28.18788,46.72747],[28.1871,46.72636],[28.18641,46.72507],[28.18633,46.72435],[28.18651,46.72373],[28.18704,46.72324],[28.18783,46.72307],[28.18866,46.7231],[28.18989,46.72344],[28.19104,46.72362],[28.19208,46.72355],[28.19311,46.72325],[28.19401,46.72267],[28.19444,46.72212],[28.19467,46.7215],[28.19481,46.72088],[28.19505,46.72037],[28.19532,46.72003],[28.19573,46.71971],[28.19646,46.71964],[28.19719,46.71992],[28.19781,46.72041],[28.19834,46.72084],[28.19903,46.72125],[28.19994,46.72145],[28.20072,46.72153],[28.20146,46.72153],[28.20199,46.72146],[28.20241,46.72129],[28.20269,46.72106],[28.20279,46.72075],[28.20243,46.72024],[28.20193,46.71965],[28.20155,46.71883],[28.20135,46.71821],[28.20126,46.71752],[28.20126,46.71695],[28.20133,46.71634],[28.20151,46.71581],[28.20189,46.71529],[28.20247,46.71499],[28.20309,46.71499],[28.20369,46.71508],[28.20461,46.71516],[28.2054,46.71508],[28.20611,46.7149],[28.20681,46.71458],[28.20762,46.714],[28.20861,46.71305],[28.2095,46.71181],[28.20977,46.71095],[28.21005,46.70944],[28.21028,46.70662],[28.21031,46.70535],[28.21013,46.70464],[28.2098,46.70389],[28.20933,46.70343],[28.20875,46.70301],[28.20788,46.70266],[28.20636,46.70238],[28.2052,46.70224],[28.20424,46.70208],[28.20325,46.70166],[28.20257,46.70124],[28.20214,46.70073],[28.20212,46.70029],[28.20233,46.69982],[28.20276,46.69939],[28.20344,46.69899],[28.20431,46.69863],[28.20571,46.69833],[28.20791,46.69815],[28.20994,46.69805],[28.21157,46.69773],[28.2131,46.69701],[28.21416,46.6961],[28.21471,46.69503],[28.21484,46.69406],[28.21445,46.69255],[28.21393,46.69133],[28.21324,46.68935],[28.213,46.68856],[28.2126,46.6876],[28.21194,46.68707],[28.21099,46.68706],[28.20994,46.6872],[28.20897,46.68736],[28.20795,46.6874],[28.20735,46.68705],[28.20735,46.68652],[28.20852,46.68541],[28.20963,46.68458],[28.21148,46.68345],[28.21279,46.68304],[28.21403,46.68286],[28.21464,46.68295],[28.21499,46.68318],[28.21509,46.68347],[28.21494,46.68424],[28.2148,46.68489],[28.2147,46.68595],[28.21475,46.68716],[28.21516,46.68815],[28.21611,46.68912],[28.21745,46.69001],[28.21886,46.69062],[28.21984,46.69074],[28.2206,46.69057],[28.22116,46.69017],[28.22156,46.68926],[28.22178,46.68778],[28.22182,46.68507],[28.22225,46.68411],[28.22277,46.68331],[28.22369,46.68195],[28.22408,46.68132],[28.2244,46.68067],[28.22465,46.67974],[28.22474,46.67901],[28.22466,46.67794],[28.22436,46.67721],[28.22388,46.67667],[28.22357,46.67635],[28.2236,46.676],[28.22387,46.67575],[28.22488,46.6752],[28.2257,46.67471],[28.22663,46.67425],[28.22765,46.67381],[28.22881,46.67354],[28.22999,46.6735],[28.23063,46.67369],[28.23124,46.67407],[28.2316,46.6746],[28.23175,46.67538],[28.23177,46.67605],[28.23165,46.67735],[28.23141,46.67862],[28.2303,46.68048],[28.22995,46.68134],[28.23003,46.68167],[28.23049,46.6819],[28.23138,46.68196],[28.2321,46.68187],[28.23342,46.68143],[28.23444,46.68093],[28.23517,46.68044],[28.23614,46.6794],[28.23644,46.67854],[28.23642,46.67747],[28.23616,46.67672],[28.23562,46.676],[28.23503,46.67521],[28.23487,46.67476],[28.23502,46.67438],[28.23535,46.67401],[28.23639,46.67335],[28.2375,46.67228],[28.2387,46.67081],[28.23939,46.6698],[28.23977,46.66828],[28.23973,46.66735],[28.23943,46.6666],[28.23916,46.6662],[28.23876,46.66604],[28.23828,46.66602],[28.23766,46.66637],[28.2369,46.66692],[28.23644,46.66714],[28.23586,46.66727],[28.23535,46.66731],[28.23506,46.66722],[28.23489,46.66698],[28.23498,46.66654],[28.23544,46.66603],[28.23591,46.66555],[28.23641,46.66475],[28.23659,46.66421],[28.23668,46.66337],[28.23665,46.6621],[28.23652,46.66114],[28.23658,46.65995],[28.23673,46.65894],[28.23708,46.65807],[28.2376,46.6569],[28.23787,46.65608],[28.23798,46.65539],[28.23801,46.65459],[28.23795,46.65401],[28.23771,46.65327],[28.23736,46.65238],[28.23736,46.65118],[28.23752,46.65076],[28.23786,46.65033],[28.23854,46.64991],[28.24029,46.64912],[28.24189,46.64813],[28.24325,46.64731],[28.24469,46.6465],[28.24543,46.64607],[28.24611,46.64541],[28.24611,46.64516],[28.24594,46.64489],[28.24542,46.64475],[28.24467,46.6447],[28.24391,46.64475],[28.24268,46.64505],[28.24128,46.64546],[28.24025,46.64572],[28.23977,46.64571],[28.23934,46.64552],[28.23889,46.64513],[28.23843,46.6447],[28.23812,46.64404],[28.23803,46.64371],[28.23817,46.64323],[28.23873,46.64275],[28.23961,46.64244],[28.24098,46.64192],[28.24218,46.6414],[28.24329,46.64065],[28.24391,46.63998],[28.24443,46.63897],[28.24466,46.63817],[28.24469,46.63718],[28.24459,46.63606],[28.24425,46.63476],[28.24366,46.63373],[28.24294,46.63326],[28.24147,46.6328],[28.24043,46.63237],[28.23953,46.63172],[28.23913,46.63114],[28.23904,46.63047],[28.23911,46.62992],[28.23925,46.62948],[28.23969,46.62887],[28.24013,46.6284],[28.24065,46.62798],[28.24109,46.62776],[28.24147,46.62766],[28.24208,46.62767],[28.24283,46.62783],[28.24386,46.62812],[28.24471,46.62827],[28.24553,46.62833],[28.2462,46.62839],[28.24698,46.6284],[28.24765,46.62827],[28.24807,46.62793],[28.24834,46.62755],[28.2487,46.62699],[28.24898,46.62657],[28.24935,46.62592],[28.25006,46.62429],[28.25066,46.62324],[28.25125,46.62191],[28.25152,46.62098],[28.2516,46.62018],[28.2515,46.61942],[28.25126,46.6188],[28.25106,46.61823],[28.25071,46.61754],[28.25039,46.61698],[28.25004,46.61651],[28.24967,46.61611],[28.24943,46.61593],[28.24926,46.6157],[28.24936,46.61543],[28.24964,46.61516],[28.2502,46.6147],[28.25095,46.61403],[28.25168,46.61333],[28.25219,46.61285],[28.2525,46.61244],[28.25249,46.6122],[28.25221,46.61193],[28.25164,46.61162],[28.25125,46.6114],[28.2508,46.61119],[28.25019,46.61094],[28.2496,46.61076],[28.24868,46.61049],[28.24743,46.6099],[28.24616,46.60918],[28.24507,46.60836],[28.24454,46.60776],[28.24422,46.60724],[28.24419,46.60689],[28.24437,46.60661],[28.24469,46.60638],[28.24539,46.60603],[28.24824,46.60522],[28.24957,46.60479],[28.25012,46.60452],[28.25048,46.60423],[28.25052,46.60389],[28.25024,46.60355],[28.24952,46.60345],[28.24855,46.60334],[28.24644,46.60301],[28.24514,46.60276],[28.24404,46.60246],[28.243,46.60211],[28.24189,46.60154],[28.24137,46.60117],[28.24082,46.6007],[28.24005,46.59977],[28.23931,46.59848],[28.23886,46.5977],[28.23848,46.59684],[28.23835,46.59636],[28.23832,46.59587],[28.23835,46.59553],[28.23863,46.5951],[28.23911,46.59479],[28.23991,46.59444],[28.24052,46.59398],[28.24097,46.59355],[28.24121,46.59311],[28.24131,46.59289],[28.24136,46.59261],[28.24132,46.59231],[28.24117,46.59194],[28.24087,46.59135],[28.24011,46.59036],[28.23945,46.58954],[28.23851,46.58852],[28.23803,46.58806],[28.2372,46.58745],[28.23637,46.58698],[28.23535,46.5866],[28.23365,46.58607],[28.23228,46.58572],[28.23175,46.5855],[28.23125,46.58525],[28.23109,46.58509],[28.23095,46.58487],[28.23099,46.58464],[28.23124,46.5844],[28.23179,46.58422],[28.23272,46.58411],[28.2338,46.58403],[28.2348,46.58392],[28.23541,46.5838],[28.23606,46.58364],[28.23875,46.58294],[28.24011,46.58251],[28.24108,46.58204],[28.24137,46.58182],[28.24147,46.58156],[28.24142,46.58131],[28.24128,46.58108],[28.24103,46.58091],[28.24054,46.58074],[28.23984,46.58058],[28.23832,46.58028],[28.23672,46.58004],[28.23528,46.57996],[28.23429,46.58002],[28.23287,46.58026],[28.23094,46.58047],[28.22897,46.58062],[28.22706,46.58064],[28.22569,46.58062],[28.22465,46.5805],[28.22385,46.58031],[28.22322,46.58005],[28.22287,46.57971],[28.22277,46.57957],[28.22271,46.57935],[28.22274,46.57909],[28.22294,46.57849],[28.22337,46.57735],[28.22378,46.57564],[28.22414,46.57471],[28.22451,46.57383],[28.22476,46.57305],[28.22498,46.57237],[28.22507,46.57162],[28.22522,46.57108],[28.22542,46.57071],[28.22612,46.56984],[28.22699,46.56882],[28.22759,46.56807],[28.22778,46.56767],[28.22775,46.56738],[28.22753,46.56712],[28.22667,46.56643],[28.22592,46.56557],[28.22546,46.56474],[28.22532,46.56422],[28.2254,46.56375],[28.2256,46.56339],[28.22584,46.56312],[28.22614,46.56301],[28.22651,46.56292],[28.2273,46.56284],[28.22806,46.56284],[28.22845,46.56284],[28.22878,46.56287],[28.22915,46.56294],[28.22996,46.56317],[28.2311,46.56342],[28.23192,46.56354],[28.23267,46.56352],[28.23294,46.56341],[28.23313,46.5631],[28.23307,46.56171],[28.23307,46.55832],[28.23314,46.55752],[28.23327,46.55678],[28.23364,46.55573],[28.23443,46.55407],[28.23535,46.55271],[28.23585,46.55178],[28.23584,46.55157],[28.23575,46.55136],[28.23548,46.55117],[28.23507,46.55109],[28.23398,46.55123],[28.23281,46.55144],[28.2318,46.55179],[28.23062,46.5523],[28.2291,46.55321],[28.22816,46.55381],[28.22764,46.5539],[28.22728,46.55385],[28.22685,46.55372],[28.22651,46.5535],[28.2259,46.553],[28.22442,46.5512],[28.22288,46.54924],[28.22199,46.54823],[28.22122,46.54691],[28.22108,46.54668],[28.22102,46.54644],[28.22084,46.54574],[28.22086,46.54541],[28.22096,46.5451],[28.22118,46.54489],[28.2215,46.54472],[28.22207,46.54459],[28.22258,46.54442],[28.22298,46.54419],[28.22311,46.54396],[28.22308,46.54377],[28.2229,46.54358],[28.22253,46.5433],[28.22173,46.5427],[28.22096,46.54214],[28.22024,46.54178],[28.21898,46.54129],[28.21832,46.54081],[28.21764,46.54026],[28.21718,46.53987],[28.2166,46.53933],[28.21605,46.53857],[28.21561,46.53791],[28.21525,46.53728],[28.21511,46.53683],[28.21512,46.53658],[28.21522,46.53635],[28.21538,46.53621],[28.2157,46.53612],[28.21601,46.53609],[28.21658,46.53612],[28.21701,46.53614],[28.21752,46.5361],[28.21815,46.53596],[28.21877,46.53578],[28.21952,46.53548],[28.22005,46.5352],[28.22086,46.53471],[28.22142,46.53434],[28.22204,46.53396],[28.22254,46.53372],[28.2229,46.53358],[28.22321,46.53348],[28.22359,46.53338],[28.22376,46.53336],[28.224,46.53335],[28.22417,46.53342],[28.2243,46.53351],[28.22438,46.53362],[28.22443,46.53376],[28.22443,46.53398],[28.22436,46.53422],[28.22417,46.53455],[28.22396,46.53499],[28.22389,46.53533],[28.22389,46.5356],[28.22396,46.53593],[28.22414,46.53629],[28.22435,46.53652],[28.22448,46.53661],[28.22463,46.53669],[28.22481,46.53676],[28.22508,46.53682],[28.22534,46.53684],[28.22562,46.53681],[28.22601,46.5367],[28.22653,46.53647],[28.22689,46.53626],[28.22724,46.53597],[28.22743,46.53575],[28.22753,46.53549],[28.22749,46.53521],[28.22737,46.53495],[28.22685,46.53419],[28.22639,46.53359],[28.22608,46.53306],[28.2258,46.53244],[28.22547,46.53139],[28.22537,46.53101],[28.22534,46.53056],[28.22536,46.5302],[28.22539,46.53002],[28.22545,46.52982],[28.22566,46.52949],[28.2259,46.52936],[28.22628,46.52924],[28.22668,46.52918],[28.22708,46.52913],[28.2274,46.52912],[28.22783,46.52922],[28.22831,46.5294],[28.22931,46.52984],[28.2297,46.52993],[28.22993,46.52996],[28.23016,46.52994],[28.23026,46.52987],[28.23035,46.5298],[28.23041,46.52971],[28.23045,46.52955],[28.23035,46.52872],[28.2302,46.5277],[28.23008,46.52691],[28.22983,46.52595],[28.22966,46.52537],[28.22947,46.52485],[28.2292,46.5242],[28.22875,46.52358],[28.22765,46.52244],[28.2267,46.52158],[28.22585,46.521],[28.22463,46.52039],[28.22419,46.52021],[28.22397,46.52015],[28.22364,46.5201],[28.22311,46.52009],[28.2227,46.52009],[28.22223,46.52014],[28.22193,46.52022],[28.22156,46.52035],[28.22116,46.52054],[28.22069,46.52087],[28.22031,46.52124],[28.22001,46.52157],[28.21978,46.5219],[28.21964,46.52217],[28.21952,46.52252],[28.21941,46.52269],[28.21932,46.52281],[28.21913,46.52296],[28.21896,46.52305],[28.21871,46.52313],[28.21819,46.52324],[28.21773,46.52333],[28.2173,46.5234],[28.21694,46.5234],[28.21665,46.52338],[28.21624,46.52328],[28.21591,46.52315],[28.21504,46.52271],[28.21433,46.52225],[28.21423,46.52214],[28.21418,46.522],[28.21421,46.52173],[28.21427,46.52157],[28.21436,46.52143],[28.2145,46.52132],[28.21481,46.52114],[28.21578,46.5207],[28.21712,46.52002],[28.21833,46.51935],[28.21911,46.51883],[28.21941,46.51858],[28.21965,46.51832],[28.22027,46.51754],[28.22067,46.51677],[28.22125,46.51545],[28.22213,46.51373],[28.22249,46.51308],[28.22277,46.51235],[28.2229,46.51177],[28.22292,46.51149],[28.22292,46.51115],[28.22289,46.51096],[28.22282,46.51079],[28.22272,46.51057],[28.22259,46.51042],[28.22238,46.51034],[28.22199,46.51026],[28.22152,46.51029],[28.22071,46.51042],[28.21973,46.51074],[28.21838,46.51133],[28.21737,46.51196],[28.21661,46.51238],[28.21611,46.51257],[28.21575,46.51262],[28.21553,46.51259],[28.21529,46.51254],[28.21505,46.51239],[28.21489,46.51225],[28.21472,46.51197],[28.2145,46.51156],[28.21396,46.5109],[28.21316,46.51014],[28.21268,46.50975],[28.212,46.50924],[28.21133,46.50869],[28.21077,46.50813],[28.21043,46.50776],[28.20995,46.50716],[28.20966,46.50673],[28.20943,46.50634],[28.20928,46.50601],[28.20922,46.50571],[28.20922,46.50547],[28.20927,46.50521],[28.20936,46.50508],[28.20946,46.50496],[28.20988,46.50482],[28.21036,46.50475],[28.21084,46.50469],[28.21143,46.50456],[28.21237,46.50429],[28.21316,46.504],[28.21415,46.50356],[28.21471,46.50326],[28.21505,46.50305],[28.21515,46.50291],[28.21525,46.50271],[28.21525,46.50244],[28.21517,46.50226],[28.21498,46.50206],[28.21473,46.50187],[28.21425,46.50166],[28.2131,46.50132],[28.21229,46.50099],[28.21152,46.50057],[28.21109,46.50018],[28.21102,46.5],[28.21094,46.49967],[28.21095,46.49934],[28.21106,46.49908],[28.21124,46.49886],[28.21152,46.4987],[28.212,46.49864],[28.21303,46.49866],[28.21368,46.4986],[28.21431,46.49852],[28.21512,46.49844],[28.21571,46.49845],[28.21611,46.49855],[28.21647,46.49867],[28.21678,46.49882],[28.21705,46.49912],[28.21744,46.49995],[28.21795,46.50078],[28.21839,46.5014],[28.21906,46.50211],[28.21975,46.50264],[28.2204,46.50301],[28.22088,46.50312],[28.22129,46.50312],[28.22142,46.50311],[28.22174,46.50299],[28.22204,46.50265],[28.22241,46.50222],[28.22263,46.50185],[28.22298,46.5006],[28.22323,46.49933],[28.22326,46.49844],[28.22324,46.49761],[28.22319,46.49693],[28.22313,46.49646],[28.22314,46.49598],[28.22323,46.49572],[28.2234,46.49542],[28.22357,46.49521],[28.22385,46.49498],[28.22408,46.49489],[28.22421,46.49483],[28.22451,46.4948],[28.22491,46.49483],[28.22576,46.49495],[28.22668,46.49515],[28.228,46.49532],[28.22887,46.49538],[28.22953,46.49535],[28.23009,46.49529],[28.23053,46.49519],[28.23075,46.49502],[28.23082,46.49483],[28.23084,46.49458],[28.23069,46.49421],[28.23044,46.49374],[28.23001,46.49307],[28.22961,46.49236],[28.22928,46.49168],[28.22902,46.49119],[28.22877,46.49062],[28.22863,46.49016],[28.22847,46.48951],[28.22843,46.48927],[28.22842,46.4887],[28.22847,46.48815],[28.2286,46.48775],[28.22878,46.48738],[28.22919,46.48677],[28.22993,46.486],[28.23052,46.48552],[28.23124,46.48497],[28.23171,46.48459],[28.23196,46.48433],[28.23204,46.48419],[28.23208,46.484],[28.23205,46.48386],[28.23194,46.48373],[28.23148,46.48354],[28.23026,46.48315],[28.22886,46.48257],[28.22733,46.48198],[28.22604,46.48136],[28.22562,46.48113],[28.22521,46.48079],[28.22486,46.48047],[28.22473,46.48025],[28.22467,46.48005],[28.22466,46.47982],[28.22471,46.47965],[28.22487,46.47941],[28.22518,46.47918],[28.22549,46.47899],[28.22583,46.47884],[28.22619,46.47873],[28.2269,46.47855],[28.22803,46.47832],[28.23014,46.47786],[28.2311,46.47764],[28.2319,46.47738],[28.23295,46.47694],[28.23409,46.47646],[28.23487,46.47604],[28.23515,46.47593],[28.23534,46.47588],[28.23549,46.47586],[28.23564,46.47587],[28.23579,46.47588],[28.23589,46.47591],[28.23602,46.47601],[28.23619,46.47614],[28.23649,46.47647],[28.23798,46.47824],[28.23856,46.47879],[28.2392,46.47924],[28.2397,46.47953],[28.24016,46.4797],[28.24047,46.47977],[28.24075,46.47977],[28.24112,46.47976],[28.24165,46.47959],[28.24286,46.47893],[28.24351,46.47853],[28.24453,46.47775],[28.24527,46.47725],[28.24565,46.47695],[28.24596,46.47662],[28.24621,46.4763],[28.24639,46.47594],[28.24655,46.47534],[28.24658,46.47494],[28.24647,46.47449],[28.24634,46.47423],[28.2461,46.47398],[28.24575,46.47375],[28.24544,46.47353],[28.24525,46.47329],[28.24515,46.47314],[28.24505,46.47294],[28.24496,46.47269],[28.24485,46.47206],[28.2447,46.47112],[28.24467,46.47062],[28.24471,46.47009],[28.2448,46.4697],[28.24503,46.46927],[28.24529,46.469],[28.24558,46.46878],[28.24599,46.46856],[28.24666,46.46826],[28.24792,46.46791],[28.24919,46.46762],[28.24992,46.46746],[28.25035,46.46732],[28.25067,46.46716],[28.25083,46.46703],[28.25095,46.46686],[28.25099,46.46668],[28.25092,46.46654],[28.25073,46.46635],[28.24928,46.46587],[28.24704,46.46517],[28.24622,46.46482],[28.24581,46.46457],[28.24559,46.46437],[28.24549,46.46417],[28.24547,46.46397],[28.24552,46.46378],[28.2456,46.4636],[28.2458,46.46342],[28.24599,46.46333],[28.24639,46.46321],[28.24741,46.46307],[28.2485,46.46299],[28.25017,46.46296],[28.25196,46.46297],[28.25304,46.463],[28.25383,46.46306],[28.25426,46.46311],[28.25501,46.46318],[28.25566,46.46318],[28.25625,46.46312],[28.25665,46.46305],[28.25723,46.4629],[28.25756,46.46279],[28.25793,46.46258],[28.25814,46.46242],[28.25832,46.46222],[28.2584,46.46201],[28.2584,46.46177],[28.25832,46.46141],[28.25815,46.46104],[28.25791,46.46062],[28.25752,46.46005],[28.25717,46.45967],[28.25679,46.45936],[28.25635,46.45905],[28.25582,46.45879],[28.25513,46.45853],[28.25435,46.45831],[28.25354,46.45813],[28.2528,46.45802],[28.25191,46.45794],[28.25116,46.45785],[28.25071,46.45777],[28.25012,46.45763],[28.24936,46.45737],[28.24815,46.45692],[28.2472,46.45648],[28.24615,46.45596],[28.24563,46.4557],[28.24507,46.4554],[28.24322,46.45417],[28.24236,46.45361],[28.24134,46.45307],[28.24109,46.45298],[28.24073,46.45288],[28.24045,46.4528],[28.2403,46.45273],[28.24019,46.45265],[28.24008,46.45253],[28.24004,46.45235],[28.24005,46.45214],[28.24018,46.45174],[28.24038,46.45124],[28.24052,46.45068],[28.24072,46.44987],[28.24087,46.44932],[28.24104,46.44882],[28.24123,46.44845],[28.24141,46.44813],[28.24164,46.44782],[28.24182,46.44765],[28.242,46.44752],[28.24216,46.44743],[28.24236,46.44734],[28.24257,46.44731],[28.24287,46.44731],[28.2433,46.44738],[28.24404,46.44744],[28.24533,46.44745],[28.2462,46.44742],[28.24723,46.44732],[28.24851,46.44722],[28.24927,46.44718],[28.24985,46.44715],[28.25037,46.44715],[28.25103,46.44715],[28.2517,46.44718],[28.25284,46.44727],[28.25417,46.44739],[28.25507,46.44746],[28.25596,46.4475],[28.25644,46.44749],[28.2567,46.44745],[28.25691,46.44738],[28.2571,46.44728],[28.25723,46.44715],[28.25739,46.44687],[28.25752,46.44654],[28.2576,46.44624],[28.25775,46.44538],[28.25804,46.44425],[28.25839,46.44317],[28.25876,46.44221],[28.25905,46.44151],[28.25968,46.44025],[28.26023,46.43911],[28.26072,46.43819],[28.26089,46.43788],[28.26095,46.43773],[28.26101,46.43757],[28.26101,46.43744],[28.261,46.4373],[28.26096,46.43715],[28.26086,46.437],[28.26059,46.43681],[28.25996,46.43648],[28.25899,46.43598],[28.25803,46.43543],[28.25712,46.43493],[28.25671,46.43467],[28.25632,46.4344],[28.2559,46.43404],[28.25556,46.4337],[28.2553,46.43342],[28.25515,46.43322],[28.25505,46.43304],[28.25499,46.43285],[28.25494,46.4326],[28.25493,46.43234],[28.25494,46.43224],[28.25498,46.43211],[28.25506,46.43196],[28.2554,46.43159],[28.25603,46.4311],[28.25639,46.43081],[28.25671,46.43052],[28.25713,46.43008],[28.25743,46.42964],[28.25773,46.42916],[28.25797,46.42874],[28.25816,46.42829],[28.25832,46.42788],[28.25844,46.4273],[28.25847,46.427],[28.25849,46.4268],[28.25844,46.42654],[28.2584,46.42633],[28.25821,46.42582],[28.25801,46.42537],[28.25778,46.42498],[28.25762,46.42476],[28.25733,46.42446],[28.25698,46.42409],[28.25651,46.42366],[28.2561,46.42335],[28.25556,46.42299],[28.25523,46.42278],[28.25488,46.4226],[28.25432,46.42237],[28.25338,46.42207],[28.25225,46.42184],[28.25166,46.42168],[28.2513,46.42157],[28.25107,46.42148],[28.2509,46.42139],[28.25071,46.42126],[28.25053,46.42111],[28.25041,46.42098],[28.25024,46.4207],[28.2501,46.4204],[28.25005,46.42016],[28.25002,46.41983],[28.24995,46.41872],[28.24999,46.41792],[28.25003,46.41747],[28.25006,46.4171],[28.2501,46.41666],[28.25011,46.41631],[28.25009,46.41612],[28.25007,46.41601],[28.24998,46.41586],[28.24984,46.41574],[28.24961,46.41562],[28.24933,46.41554],[28.2491,46.4155],[28.24871,46.41547],[28.24817,46.4155],[28.24795,46.41554],[28.24767,46.4156],[28.24726,46.41573],[28.24664,46.41599],[28.24584,46.41633],[28.24509,46.4166],[28.24427,46.41684],[28.24341,46.41702],[28.24274,46.41712],[28.24157,46.41723],[28.24106,46.41726],[28.24026,46.41723],[28.23931,46.41715],[28.23785,46.41706],[28.23561,46.41696],[28.23458,46.41691],[28.23352,46.41684],[28.2327,46.41672],[28.23219,46.41661],[28.23167,46.41643],[28.23125,46.41622],[28.23099,46.41605],[28.23072,46.41583],[28.23055,46.41562],[28.23037,46.41517],[28.23023,46.41476],[28.23007,46.41426],[28.22993,46.41361],[28.22986,46.41302],[28.22986,46.41258],[28.22989,46.41186],[28.22997,46.41104],[28.23008,46.41009],[28.2302,46.40937],[28.23032,46.40884],[28.23045,46.40852],[28.23064,46.40811],[28.23093,46.40772],[28.23111,46.40758],[28.23125,46.4075],[28.23142,46.40741],[28.23165,46.40734],[28.2319,46.4073],[28.23224,46.40728],[28.23265,46.40731],[28.23355,46.40745],[28.23437,46.40758],[28.23469,46.4076],[28.23521,46.40761],[28.23749,46.40754],[28.23799,46.40752],[28.23827,46.40748],[28.23845,46.40743],[28.23858,46.40738],[28.2387,46.40729],[28.23878,46.40709],[28.23879,46.40691],[28.23871,46.4067],[28.23864,46.40655],[28.23852,46.4063],[28.23839,46.40615],[28.23817,46.40595],[28.2373,46.40519],[28.23628,46.40437],[28.23595,46.40408],[28.23563,46.40384],[28.23538,46.40368],[28.23506,46.40355],[28.23477,46.40345],[28.23454,46.40339],[28.23422,46.40336],[28.23383,46.40336],[28.23359,46.4034],[28.23325,46.40351],[28.2326,46.40382],[28.23178,46.40414],[28.23145,46.40421],[28.23111,46.40426],[28.23044,46.40426],[28.22978,46.40421],[28.22918,46.40417],[28.22836,46.40402],[28.22802,46.40394],[28.22766,46.40384],[28.22739,46.40376],[28.22705,46.40361],[28.22667,46.40342],[28.22632,46.40321],[28.22598,46.40296],[28.22568,46.40271],[28.2255,46.4025],[28.22524,46.40219],[28.22504,46.4019],[28.22481,46.40152],[28.22475,46.40138],[28.22467,46.40115],[28.22458,46.40079],[28.22452,46.40049],[28.22453,46.40016],[28.22461,46.39976],[28.22475,46.39948],[28.22489,46.39925],[28.22515,46.39902],[28.22544,46.39885],[28.22582,46.39871],[28.22634,46.39858],[28.22682,46.3985],[28.22717,46.39844],[28.2276,46.39841],[28.22816,46.39841],[28.2287,46.39841],[28.2293,46.39847],[28.22981,46.3986],[28.23037,46.39876],[28.23094,46.39897],[28.23235,46.39954],[28.234,46.4002],[28.23522,46.40066],[28.23584,46.40084],[28.23627,46.40093],[28.23688,46.40099],[28.23753,46.40098],[28.23797,46.40095],[28.23825,46.40086],[28.23859,46.40071],[28.23895,46.40049],[28.23938,46.40004],[28.23964,46.39972],[28.23985,46.39932],[28.24013,46.39893],[28.24046,46.39848],[28.24074,46.39816],[28.24106,46.39785],[28.24155,46.39742],[28.2421,46.39693],[28.24267,46.39648],[28.24298,46.3961],[28.2432,46.39578],[28.2433,46.39554],[28.2433,46.39533],[28.24327,46.39513],[28.24319,46.39495],[28.24303,46.39475],[28.24278,46.39457],[28.24255,46.39442],[28.2423,46.39435],[28.24194,46.39432],[28.24162,46.39433],[28.24121,46.3943],[28.24078,46.39421],[28.24034,46.39405],[28.23956,46.39374],[28.23848,46.39323],[28.23814,46.39304],[28.23779,46.39283],[28.23751,46.39257],[28.23728,46.39227],[28.23704,46.39188],[28.23679,46.39144],[28.23659,46.39112],[28.23635,46.39088],[28.23587,46.39051],[28.23549,46.39026],[28.23534,46.39022],[28.23516,46.39018],[28.23511,46.39017],[28.23496,46.39017],[28.23464,46.39024],[28.23414,46.39031],[28.2337,46.39043],[28.23323,46.39063],[28.23287,46.39087],[28.23247,46.39124],[28.23195,46.39169],[28.23162,46.39191],[28.23126,46.39204],[28.2309,46.3921],[28.23046,46.3921],[28.22993,46.39202],[28.22931,46.39189],[28.22863,46.39169],[28.22805,46.39161],[28.22744,46.39158],[28.22684,46.39158],[28.22606,46.39167],[28.22552,46.39176],[28.22509,46.39184],[28.22469,46.39197],[28.22439,46.39211],[28.22403,46.39236],[28.22354,46.39279],[28.22315,46.39315],[28.2227,46.39358],[28.22238,46.39385],[28.21917,46.39572],[28.21869,46.39605],[28.21831,46.39622],[28.21805,46.39621],[28.21781,46.39614],[28.21757,46.39603],[28.21737,46.39587],[28.21689,46.39527],[28.21651,46.39471],[28.21613,46.39392],[28.216,46.39327],[28.21597,46.39265],[28.21602,46.39219],[28.2162,46.39183],[28.2164,46.39153],[28.21655,46.39141],[28.21683,46.39128],[28.21723,46.39114],[28.2185,46.39079],[28.21978,46.39044],[28.22119,46.39002],[28.22233,46.38962],[28.22326,46.38917],[28.22355,46.38892],[28.22363,46.38865],[28.22359,46.38842],[28.2235,46.38824],[28.22331,46.388],[28.22302,46.38773],[28.2227,46.38754],[28.22164,46.38699],[28.22068,46.38639],[28.21959,46.38554],[28.21877,46.38484],[28.21839,46.38444],[28.21785,46.38377],[28.21759,46.38342],[28.21752,46.38326],[28.21743,46.38298],[28.21752,46.3826],[28.21766,46.38239],[28.21784,46.38217],[28.21806,46.382],[28.21831,46.38185],[28.21864,46.38178],[28.21917,46.38174],[28.21948,46.38171],[28.21974,46.38169],[28.21999,46.38165],[28.22011,46.38159],[28.2202,46.38152],[28.22023,46.38147],[28.22028,46.38141],[28.22028,46.38135],[28.22028,46.38128],[28.22025,46.38119],[28.22018,46.38111],[28.21988,46.381],[28.21932,46.38092],[28.21882,46.38087],[28.21822,46.38082],[28.21775,46.38083],[28.21735,46.38087],[28.21663,46.38107],[28.21622,46.38124],[28.21596,46.38139],[28.21566,46.38167],[28.21549,46.38179],[28.21527,46.38185],[28.21492,46.38185],[28.21459,46.3818],[28.21415,46.38163],[28.21357,46.3813],[28.21291,46.38082],[28.21191,46.3799],[28.21112,46.37919],[28.21081,46.37875],[28.2104,46.37794],[28.21014,46.37733],[28.20984,46.37645],[28.20961,46.37562],[28.20946,46.3749],[28.20923,46.37408],[28.20906,46.37341],[28.20902,46.37317],[28.20895,46.37305],[28.20877,46.37282],[28.20861,46.3727],[28.20838,46.37263],[28.20805,46.37264],[28.20777,46.37273],[28.2072,46.37305],[28.20621,46.37356],[28.20544,46.3739],[28.20454,46.37419],[28.20388,46.37434],[28.20286,46.37448],[28.20213,46.37452],[28.20126,46.37449],[28.2006,46.37433],[28.20003,46.37419],[28.19959,46.37395],[28.19932,46.37375],[28.19912,46.37346],[28.1988,46.37282],[28.19844,46.37212],[28.19805,46.37147],[28.19786,46.37109],[28.19772,46.37068],[28.19762,46.3703],[28.1976,46.36998],[28.19772,46.36967],[28.19782,46.36954],[28.19791,46.36945],[28.19821,46.36944],[28.1984,46.36945],[28.19884,46.36959],[28.19943,46.36975],[28.19977,46.36982],[28.20012,46.36986],[28.20564,46.36975],[28.20657,46.36968],[28.20714,46.36958],[28.20749,46.36947],[28.20766,46.36936],[28.20777,46.36922],[28.20782,46.36902],[28.20781,46.3689],[28.20777,46.36877],[28.20741,46.36851],[28.20676,46.36821],[28.20554,46.36779],[28.20459,46.36726],[28.20414,46.36693],[28.20398,46.36668],[28.20397,46.36648],[28.20411,46.36631],[28.20443,46.36609],[28.20626,46.36529],[28.20653,46.3651],[28.20662,46.36496],[28.20658,46.36481],[28.20646,46.36467],[28.20627,46.36457],[28.20584,46.36453],[28.20518,46.36453],[28.20406,46.36475],[28.20311,46.36496],[28.20197,46.36536],[28.20117,46.36557],[28.20049,46.36566],[28.20003,46.36564],[28.19954,46.36555],[28.19912,46.36536],[28.19896,46.36515],[28.19895,46.36492],[28.19906,46.36468],[28.19933,46.36435],[28.19969,46.36396],[28.19988,46.36355],[28.19998,46.36322],[28.20006,46.36291],[28.20009,46.36221],[28.20013,46.36133],[28.20021,46.36058],[28.2003,46.36019],[28.20058,46.35958],[28.20082,46.35913],[28.20105,46.35892],[28.2013,46.35883],[28.20155,46.35881],[28.20184,46.35886],[28.20204,46.35898],[28.2022,46.35917],[28.2024,46.35941],[28.20262,46.35973],[28.20286,46.35997],[28.20307,46.3601],[28.20335,46.36025],[28.20378,46.36042],[28.20423,46.36058],[28.20454,46.36066],[28.205,46.36072],[28.20583,46.36078],[28.20626,46.36076],[28.20694,46.36063],[28.20781,46.36037],[28.20839,46.36009],[28.2087,46.35987],[28.20881,46.3597],[28.20883,46.35958],[28.20871,46.35933],[28.20855,46.35909],[28.20828,46.35888],[28.20765,46.35849],[28.20671,46.358],[28.20583,46.35759],[28.2049,46.35724],[28.20418,46.35704],[28.20357,46.35691],[28.20232,46.35672],[28.20134,46.35656],[28.20039,46.35651],[28.19928,46.35649],[28.19832,46.35655],[28.19729,46.35663],[28.19622,46.3567],[28.19536,46.35682],[28.19437,46.35696],[28.19374,46.35712],[28.19309,46.35732],[28.19245,46.3576],[28.19233,46.35771],[28.19229,46.35782],[28.19231,46.35795],[28.19233,46.35811],[28.19251,46.35836],[28.19276,46.35857],[28.19349,46.35914],[28.19374,46.35941],[28.19379,46.35961],[28.19372,46.35976],[28.19358,46.35983],[28.19335,46.35984],[28.19315,46.35979],[28.193,46.35971],[28.19261,46.35946],[28.19216,46.35911],[28.19177,46.35869],[28.19135,46.35817],[28.19111,46.35778],[28.19101,46.35744],[28.19096,46.35705],[28.19099,46.35619],[28.19117,46.35555],[28.19149,46.3549],[28.19187,46.35422],[28.19222,46.35369],[28.19253,46.35331],[28.19287,46.35299],[28.19358,46.35236],[28.19536,46.35124],[28.1966,46.35042],[28.1966,46.35016],[28.19647,46.34993],[28.19626,46.34977],[28.19574,46.34958],[28.1949,46.34943],[28.19412,46.34935],[28.19335,46.34931],[28.19248,46.34933],[28.19149,46.34947],[28.19049,46.34964],[28.18972,46.34981],[28.18883,46.35009],[28.18775,46.35042],[28.18702,46.35073],[28.18663,46.35088],[28.18589,46.35121],[28.18549,46.35145],[28.18521,46.35172],[28.18516,46.35196],[28.18532,46.35218],[28.18559,46.35234],[28.18614,46.3524],[28.18688,46.3524],[28.18746,46.3524],[28.18815,46.35245],[28.1886,46.35257],[28.18884,46.3527],[28.18912,46.35288],[28.18912,46.35307],[28.18909,46.35325],[28.18895,46.35347],[28.18867,46.3537],[28.18821,46.35384],[28.18743,46.35389],[28.18663,46.35387],[28.18581,46.35379],[28.18496,46.35366],[28.18414,46.35341],[28.18329,46.35305],[28.18279,46.35279],[28.18269,46.3525],[28.18281,46.35228],[28.18296,46.35208],[28.18318,46.35187],[28.18395,46.35143],[28.18444,46.35101],[28.18496,46.35045],[28.18548,46.34967],[28.18639,46.34831],[28.18687,46.34747],[28.18717,46.3466],[28.18746,46.34583],[28.18771,46.34539],[28.1879,46.34512],[28.18817,46.3449],[28.18845,46.3447],[28.1889,46.34449],[28.18956,46.3442],[28.19125,46.34338],[28.19235,46.34284],[28.19302,46.34263],[28.19367,46.34246],[28.19405,46.34245],[28.19443,46.3425],[28.1947,46.34255],[28.19486,46.34265],[28.1949,46.34277],[28.19494,46.34291],[28.19489,46.3432],[28.19472,46.34382],[28.19441,46.34465],[28.1941,46.34555],[28.19387,46.34655],[28.19385,46.347],[28.19399,46.34724],[28.19422,46.34733],[28.19463,46.34736],[28.19515,46.34731],[28.19586,46.34704],[28.19676,46.34665],[28.19766,46.34602],[28.19875,46.34501],[28.1992,46.34446],[28.19968,46.34367],[28.19989,46.34327],[28.19991,46.34307],[28.19981,46.34272],[28.19981,46.3427],[28.19968,46.34255],[28.19951,46.34242],[28.1993,46.34228],[28.19908,46.34216],[28.19858,46.34199],[28.1978,46.34165],[28.19724,46.3412],[28.19664,46.34074],[28.19616,46.34026],[28.1958,46.33988],[28.19545,46.33938],[28.19521,46.33891],[28.19513,46.33855],[28.19507,46.33815],[28.19505,46.33784],[28.19511,46.33755],[28.19536,46.33721],[28.1956,46.33695],[28.19654,46.33617],[28.19701,46.33575],[28.19724,46.33524],[28.19732,46.33485],[28.19734,46.33458],[28.1973,46.33428],[28.19709,46.33405],[28.19688,46.33395],[28.19645,46.33389],[28.19597,46.33389],[28.19529,46.33392],[28.19454,46.33396],[28.1937,46.33408],[28.19296,46.33436],[28.19234,46.33465],[28.19168,46.33511],[28.19055,46.33611],[28.18955,46.33697],[28.18907,46.33745],[28.18888,46.33753],[28.18857,46.33755],[28.18829,46.33753],[28.18808,46.33744],[28.18782,46.33727],[28.18762,46.33702],[28.18733,46.33665],[28.18693,46.33623],[28.18667,46.33594],[28.18631,46.33552],[28.18592,46.33511],[28.18544,46.33466],[28.18491,46.33418],[28.18463,46.33387],[28.18439,46.33351],[28.18422,46.33316],[28.18416,46.33284],[28.18419,46.33266],[28.18428,46.33254],[28.18447,46.33238],[28.18473,46.33225],[28.18505,46.33216],[28.18588,46.33205],[28.18824,46.33159],[28.18945,46.33128],[28.19076,46.33084],[28.19157,46.33056],[28.19209,46.33032],[28.19248,46.33004],[28.19264,46.32982],[28.19269,46.32974],[28.1927,46.32963],[28.19267,46.32952],[28.19244,46.32938],[28.19217,46.32926],[28.19179,46.32916],[28.19117,46.32912],[28.19046,46.32901],[28.18932,46.32869],[28.18845,46.32837],[28.18762,46.32796],[28.18699,46.32755],[28.1867,46.32725],[28.18652,46.32697],[28.18651,46.32673],[28.18659,46.32649],[28.18674,46.32627],[28.18704,46.3261],[28.18739,46.32602],[28.1879,46.32598],[28.18919,46.32579],[28.19038,46.32536],[28.19122,46.3249],[28.19185,46.32429],[28.19231,46.32368],[28.1928,46.32319],[28.19323,46.32289],[28.19352,46.32277],[28.19379,46.32277],[28.19416,46.32283],[28.19446,46.32304],[28.19478,46.32339],[28.19512,46.32393],[28.19542,46.32443],[28.19573,46.32513],[28.19597,46.32588],[28.19653,46.32742],[28.19682,46.32799],[28.197,46.32823],[28.19725,46.32829],[28.19747,46.32829],[28.19775,46.32822],[28.19809,46.32803],[28.19877,46.32764],[28.19939,46.32718],[28.19976,46.32675],[28.20001,46.32638],[28.20015,46.32591],[28.20026,46.32512],[28.2004,46.3241],[28.20043,46.32349],[28.20057,46.32275],[28.20086,46.32167],[28.20104,46.32112],[28.20127,46.32064],[28.20145,46.32037],[28.20173,46.3202],[28.20197,46.32014],[28.20236,46.32015],[28.20282,46.32024],[28.20355,46.32039],[28.2044,46.32056],[28.20598,46.32069],[28.2074,46.32082],[28.20837,46.32082],[28.20871,46.32077],[28.20895,46.32064],[28.20915,46.32047],[28.20925,46.32024],[28.20928,46.31997],[28.20921,46.31976],[28.20907,46.31952],[28.20885,46.31924],[28.20854,46.31892],[28.20812,46.31861],[28.20776,46.31834],[28.20727,46.31797],[28.20686,46.31758],[28.20656,46.31725],[28.20631,46.3169],[28.20614,46.31659],[28.20577,46.31559],[28.20547,46.31471],[28.20529,46.31425],[28.20513,46.31397],[28.20459,46.31319],[28.20409,46.31249],[28.20322,46.31141],[28.20221,46.3103],[28.20132,46.30943],[28.20051,46.30869],[28.19977,46.30797],[28.19895,46.30714],[28.19804,46.30609],[28.1975,46.30544],[28.19714,46.30486],[28.19686,46.30437],[28.19633,46.3037],[28.19597,46.30339],[28.19553,46.30312],[28.19518,46.30293],[28.19481,46.3028],[28.19448,46.30275],[28.19408,46.30276],[28.19369,46.30281],[28.19325,46.30291],[28.19271,46.30303],[28.19181,46.30321],[28.19102,46.30331],[28.19032,46.30333],[28.18964,46.30329],[28.18888,46.30318],[28.18832,46.30304],[28.18789,46.30289],[28.18734,46.30256],[28.18577,46.30149],[28.18448,46.30066],[28.1833,46.30006],[28.18221,46.29967],[28.18149,46.29951],[28.18094,46.2995],[28.18065,46.29955],[28.18043,46.29964],[28.18013,46.29981],[28.17972,46.30018],[28.17935,46.3006],[28.17913,46.30069],[28.17899,46.30068],[28.17881,46.30057],[28.17868,46.30045],[28.17851,46.30011],[28.17836,46.29957],[28.17826,46.29894],[28.17824,46.29826],[28.17832,46.29783],[28.17862,46.29709],[28.17901,46.29648],[28.17944,46.29604],[28.17999,46.29555],[28.18104,46.29485],[28.18183,46.29442],[28.18221,46.29429],[28.18248,46.29423],[28.18274,46.2942],[28.18298,46.2942],[28.1835,46.29428],[28.18426,46.29438],[28.18581,46.29458],[28.18643,46.29457],[28.18669,46.29447],[28.18683,46.29432],[28.18695,46.29415],[28.18708,46.29388],[28.18699,46.29313],[28.18682,46.29236],[28.18646,46.2916],[28.18621,46.29118],[28.18575,46.29076],[28.18533,46.29045],[28.18501,46.29029],[28.18446,46.2902],[28.18407,46.29023],[28.18361,46.29036],[28.18298,46.29057],[28.18242,46.29078],[28.18181,46.29101],[28.18118,46.29116],[28.1808,46.2912],[28.18041,46.29121],[28.18007,46.29115],[28.17978,46.29107],[28.17955,46.29094],[28.17931,46.29073],[28.17923,46.29065],[28.17908,46.29048],[28.17897,46.29021],[28.17896,46.29],[28.17903,46.28976],[28.17922,46.28945],[28.17965,46.28888],[28.18,46.28824],[28.18044,46.28742],[28.18076,46.28651],[28.18085,46.28606],[28.18085,46.28571],[28.18073,46.28549],[28.1806,46.28538],[28.1804,46.28534],[28.17981,46.28546],[28.17929,46.28559],[28.17874,46.2858],[28.17824,46.28609],[28.17783,46.28638],[28.17732,46.28686],[28.17688,46.28729],[28.1765,46.2877],[28.17569,46.28851],[28.17488,46.28905],[28.17404,46.28959],[28.17341,46.28995],[28.17279,46.29045],[28.17255,46.29073],[28.17256,46.29088],[28.17266,46.29103],[28.17282,46.29112],[28.17325,46.29135],[28.17381,46.2916],[28.17457,46.29198],[28.17525,46.29233],[28.17571,46.29271],[28.17623,46.29313],[28.1766,46.2935],[28.17681,46.29376],[28.177,46.29403],[28.17714,46.29437],[28.1772,46.29466],[28.17711,46.29494],[28.17696,46.29524],[28.17674,46.29554],[28.17631,46.29593],[28.17589,46.29628],[28.17503,46.29684],[28.17419,46.29732],[28.17362,46.29763],[28.17296,46.2979],[28.17237,46.29804],[28.17197,46.29808],[28.17171,46.29809],[28.17148,46.29804],[28.17122,46.29793],[28.17103,46.29779],[28.17082,46.29758],[28.17059,46.29734],[28.17032,46.29698],[28.16995,46.29649],[28.16953,46.29586],[28.16926,46.29529],[28.16911,46.29478],[28.16902,46.29417],[28.16899,46.29322],[28.16904,46.29099],[28.16916,46.28865],[28.16928,46.2876],[28.16949,46.28578],[28.16978,46.28436],[28.16986,46.28364],[28.16979,46.28309],[28.16972,46.28282],[28.16953,46.28267],[28.16934,46.28256],[28.16913,46.28251],[28.16882,46.28251],[28.16831,46.28252],[28.16775,46.28257],[28.16728,46.28259],[28.16674,46.28253],[28.1659,46.28233],[28.16424,46.28196],[28.16325,46.28182],[28.16278,46.28187],[28.16249,46.28196],[28.16234,46.28204],[28.16221,46.28218],[28.16214,46.28235],[28.16219,46.28248],[28.1622,46.2826],[28.16231,46.28274],[28.16242,46.28288],[28.16294,46.28342],[28.16344,46.28398],[28.16417,46.28469],[28.16478,46.2854],[28.16504,46.28574],[28.16513,46.28602],[28.16513,46.2862],[28.16503,46.28638],[28.16472,46.28657],[28.16427,46.2867],[28.16369,46.2868],[28.16312,46.28684],[28.16247,46.28683],[28.16168,46.28677],[28.1609,46.28669],[28.16015,46.28661],[28.15908,46.28643],[28.15806,46.2863],[28.15716,46.28627],[28.1567,46.28628],[28.15639,46.28635],[28.15609,46.28652],[28.15586,46.28672],[28.15567,46.28705],[28.15558,46.28743],[28.1555,46.28787],[28.15536,46.28842],[28.15527,46.28914],[28.15505,46.29003],[28.15469,46.29077],[28.15435,46.29124],[28.15398,46.29173],[28.15351,46.29217],[28.15284,46.29256],[28.15252,46.29274],[28.15217,46.29281],[28.15185,46.29279],[28.15132,46.2927],[28.15068,46.29256],[28.14997,46.29234],[28.14949,46.29203],[28.14922,46.29177],[28.1489,46.2914],[28.14882,46.29113],[28.14882,46.29081],[28.14897,46.29037],[28.14924,46.28979],[28.14989,46.28854],[28.15084,46.28692],[28.15153,46.2857],[28.15223,46.28435],[28.15267,46.28356],[28.15299,46.283],[28.15314,46.28248],[28.15321,46.28184],[28.15322,46.28102],[28.15313,46.28014],[28.15293,46.27953],[28.1527,46.27918],[28.15248,46.27889],[28.15219,46.27862],[28.15185,46.2784],[28.15148,46.27832],[28.15101,46.27834],[28.15051,46.27845],[28.14988,46.27848],[28.14918,46.27841],[28.14844,46.27831],[28.14765,46.27824],[28.14688,46.27819],[28.14608,46.27819],[28.14539,46.27827],[28.1449,46.27837],[28.14441,46.27855],[28.14399,46.27874],[28.14384,46.27891],[28.14374,46.27913],[28.14381,46.27952],[28.14406,46.28023],[28.1443,46.28087],[28.14461,46.28155],[28.14502,46.28216],[28.14537,46.28267],[28.14601,46.28342],[28.14669,46.28416],[28.14742,46.28511],[28.14769,46.28552],[28.14773,46.28582],[28.14763,46.28598],[28.14741,46.28611],[28.14696,46.28626],[28.14623,46.28642],[28.1455,46.28652],[28.14467,46.28659],[28.14381,46.28658],[28.14311,46.28651],[28.14249,46.28641],[28.14179,46.28619],[28.14126,46.28592],[28.14039,46.28536],[28.1397,46.28488],[28.13892,46.28428],[28.13847,46.28371],[28.13773,46.28273],[28.13737,46.28211],[28.13713,46.28151],[28.13693,46.28085],[28.13674,46.28011],[28.13671,46.27952],[28.13672,46.27877],[28.13681,46.27793],[28.13683,46.27697],[28.13695,46.276],[28.1371,46.27494],[28.1371,46.27376],[28.13709,46.27269],[28.13695,46.27147],[28.13676,46.27045],[28.13656,46.26942],[28.13644,46.269],[28.13618,46.26856],[28.13595,46.26828],[28.13573,46.26806],[28.13537,46.26781],[28.13507,46.26756],[28.13482,46.26724],[28.13469,46.26696],[28.1346,46.2667],[28.13463,46.26643],[28.13473,46.26613],[28.13497,46.2658],[28.13534,46.2654],[28.13587,46.2649],[28.13597,46.26473],[28.13594,46.26454],[28.13579,46.26432],[28.1356,46.26407],[28.13534,46.26382],[28.13473,46.26353],[28.13391,46.26324],[28.13302,46.26298],[28.13229,46.2628],[28.13131,46.26266],[28.13046,46.26258],[28.12926,46.26255],[28.12798,46.26258],[28.12714,46.26253],[28.12675,46.26244],[28.12648,46.2623],[28.12631,46.26208],[28.12632,46.26184],[28.12645,46.26148],[28.12679,46.26108],[28.1272,46.26066],[28.12841,46.25975],[28.12904,46.25898],[28.12947,46.25835],[28.12983,46.25772],[28.13017,46.25698],[28.13047,46.25649],[28.13075,46.25616],[28.13097,46.25605],[28.13127,46.25593],[28.13167,46.25592],[28.13225,46.25608],[28.13321,46.25629],[28.13434,46.25649],[28.13583,46.25679],[28.13761,46.25716],[28.13873,46.25737],[28.14035,46.25752],[28.14118,46.25749],[28.14168,46.25739],[28.14213,46.25727],[28.14239,46.25709],[28.14285,46.25658],[28.14338,46.25596],[28.14406,46.25534],[28.14496,46.25457],[28.1456,46.25395],[28.14615,46.25332],[28.14639,46.25295],[28.14662,46.25242],[28.14669,46.25208],[28.1466,46.25185],[28.14641,46.25161],[28.14604,46.25135],[28.14514,46.25098],[28.14388,46.25049],[28.14278,46.24997],[28.14117,46.24908],[28.13985,46.24846],[28.13907,46.24817],[28.1386,46.24805],[28.13828,46.24802],[28.13803,46.24802],[28.13773,46.24811],[28.13739,46.24828],[28.13705,46.24868],[28.13678,46.24909],[28.13598,46.24997],[28.135,46.25078],[28.13458,46.25109],[28.13423,46.2512],[28.13394,46.25124],[28.13362,46.25121],[28.13329,46.25105],[28.13273,46.25062],[28.13199,46.24994],[28.13092,46.24916],[28.12987,46.2483],[28.12861,46.24731],[28.12629,46.24538],[28.12559,46.24468],[28.12493,46.24395],[28.12404,46.24295],[28.12337,46.24227],[28.12282,46.24181],[28.12227,46.24148],[28.12199,46.24135],[28.1213,46.24117],[28.12092,46.2412],[28.12067,46.2413],[28.12033,46.24165],[28.12007,46.24213],[28.11987,46.24264],[28.11979,46.2429],[28.11951,46.24307],[28.11929,46.24315],[28.11881,46.24314],[28.11865,46.24299],[28.11851,46.24266],[28.11852,46.24245],[28.11892,46.24189],[28.11926,46.24131],[28.11949,46.24078],[28.1196,46.24006],[28.11956,46.23958],[28.11953,46.2393],[28.11942,46.23904],[28.11925,46.23879],[28.11901,46.23868],[28.11873,46.23867],[28.1183,46.23876],[28.11783,46.23901],[28.11714,46.23946],[28.11662,46.24005],[28.11606,46.24076],[28.11566,46.24154],[28.11531,46.24262],[28.11481,46.24441],[28.1144,46.2456],[28.1142,46.24602],[28.11396,46.24619],[28.11357,46.2463],[28.11314,46.24623],[28.1127,46.24607],[28.11224,46.24574],[28.11171,46.24526],[28.11112,46.24466],[28.11062,46.2439],[28.10998,46.24291],[28.10973,46.24239],[28.10954,46.24149],[28.10944,46.24084],[28.10941,46.23993],[28.10946,46.23915],[28.10966,46.23832],[28.11007,46.23727],[28.11058,46.23629],[28.11107,46.23521],[28.11139,46.23451],[28.11164,46.23397],[28.11184,46.23336],[28.11198,46.23268],[28.11194,46.23223],[28.11183,46.23155],[28.11155,46.23044],[28.11121,46.22925],[28.11085,46.22808],[28.11033,46.22681],[28.11003,46.22623],[28.10978,46.22589],[28.10938,46.22532],[28.10871,46.22452],[28.10771,46.22349],[28.10687,46.22271],[28.10659,46.22237],[28.10641,46.22214],[28.10638,46.22187],[28.10639,46.22168],[28.10639,46.22146],[28.10654,46.22128],[28.10685,46.22107],[28.10719,46.22092],[28.10768,46.22084],[28.10832,46.22079],[28.10945,46.22075],[28.11072,46.22064],[28.11136,46.22051],[28.11166,46.22037],[28.11187,46.22014],[28.112,46.21993],[28.11209,46.21958],[28.112,46.21914],[28.11186,46.2185],[28.11168,46.21795],[28.1114,46.21736],[28.11098,46.21661],[28.11031,46.2159],[28.10987,46.21565],[28.10965,46.21556],[28.10945,46.21556],[28.10915,46.21561],[28.10868,46.21562],[28.10822,46.21549],[28.10789,46.21527],[28.10768,46.21506],[28.10763,46.21489],[28.10772,46.21464],[28.10786,46.21447],[28.10808,46.21436],[28.1085,46.21426],[28.10949,46.21409],[28.1103,46.21387],[28.11117,46.21359],[28.11184,46.2133],[28.11256,46.213],[28.11308,46.2127],[28.11373,46.21234],[28.11436,46.21189],[28.11472,46.21153],[28.11487,46.21134],[28.11491,46.21112],[28.11481,46.2109],[28.11464,46.21067],[28.11439,46.21041],[28.11382,46.20999],[28.11313,46.2095],[28.11236,46.20894],[28.11085,46.20756],[28.11023,46.20696],[28.10984,46.20647],[28.10962,46.20599],[28.10948,46.20558],[28.10949,46.20525],[28.10959,46.20493],[28.10972,46.20472],[28.11013,46.20432],[28.11049,46.204],[28.11089,46.20362],[28.11172,46.20284],[28.11245,46.20226],[28.11299,46.20199],[28.11343,46.20186],[28.11375,46.20183],[28.1142,46.20193],[28.11462,46.20206],[28.11515,46.20232],[28.11579,46.2027],[28.11618,46.20292],[28.11663,46.20325],[28.11704,46.20367],[28.11734,46.20402],[28.1176,46.20438],[28.11779,46.20467],[28.1179,46.20494],[28.11794,46.20519],[28.11796,46.2055],[28.11798,46.20576],[28.11793,46.20604],[28.1178,46.20642],[28.11754,46.20696],[28.1173,46.2075],[28.11698,46.20813],[28.11671,46.20884],[28.11647,46.20933],[28.11639,46.20975],[28.11629,46.21019],[28.1163,46.21051],[28.11632,46.21076],[28.11644,46.21104],[28.11661,46.21133],[28.11688,46.21155],[28.11725,46.21179],[28.1177,46.21199],[28.11821,46.21215],[28.11866,46.21228],[28.11935,46.21232],[28.11998,46.21233],[28.12043,46.2123],[28.12091,46.21218],[28.12139,46.21203],[28.12217,46.21174],[28.1227,46.21142],[28.12332,46.211],[28.12409,46.21048],[28.12456,46.21001],[28.12492,46.20962],[28.1252,46.2092],[28.12557,46.20847],[28.12574,46.20791],[28.12593,46.20722],[28.12596,46.20654],[28.12593,46.20595],[28.12588,46.20523],[28.12578,46.20425],[28.12551,46.20326],[28.12519,46.20243],[28.12493,46.20187],[28.12462,46.20121],[28.12418,46.20061],[28.12355,46.19983],[28.12287,46.19912],[28.12062,46.19743],[28.11993,46.19701],[28.11851,46.1962],[28.11779,46.19575],[28.11752,46.19551],[28.11746,46.19529],[28.11748,46.19498],[28.11765,46.19408],[28.11785,46.19312],[28.11809,46.19231],[28.11827,46.19193],[28.11855,46.19169],[28.11876,46.19151],[28.11909,46.19141],[28.11945,46.19138],[28.11979,46.19136],[28.12027,46.19144],[28.12066,46.19155],[28.12105,46.19164],[28.12227,46.19202],[28.1238,46.19255],[28.12602,46.19342],[28.12918,46.19458],[28.13104,46.19511],[28.13274,46.19554],[28.13365,46.19572],[28.13415,46.19572],[28.13447,46.19567],[28.13479,46.19551],[28.13504,46.19517],[28.13537,46.19473],[28.1361,46.19372],[28.13695,46.19273],[28.13773,46.19196],[28.13817,46.1917],[28.13852,46.19164],[28.13885,46.19162],[28.13908,46.19166],[28.13953,46.19191],[28.14017,46.19222],[28.14067,46.19242],[28.14097,46.19243],[28.14123,46.19226],[28.14148,46.19199],[28.14153,46.19163],[28.1417,46.19028],[28.14176,46.18857],[28.14164,46.18656],[28.14153,46.18519],[28.1413,46.18442],[28.14102,46.18375],[28.14057,46.18321],[28.14044,46.18311],[28.14021,46.18301],[28.13982,46.18295],[28.13947,46.18297],[28.13906,46.1832],[28.13803,46.18399],[28.13734,46.18452],[28.13642,46.18516],[28.13583,46.18552],[28.13517,46.18581],[28.13471,46.186],[28.13413,46.18615],[28.13367,46.18622],[28.13314,46.18623],[28.13271,46.18622],[28.13225,46.18618],[28.13182,46.1861],[28.1314,46.18596],[28.13112,46.18581],[28.13095,46.18558],[28.13089,46.18529],[28.13088,46.18501],[28.13092,46.1845],[28.13109,46.18396],[28.13163,46.18285],[28.13195,46.18238],[28.13239,46.18191],[28.13276,46.18168],[28.13323,46.18144],[28.13377,46.18124],[28.13421,46.18111],[28.13476,46.18096],[28.13559,46.1808],[28.13706,46.18055],[28.13934,46.18027],[28.14198,46.17999],[28.14351,46.17972],[28.14393,46.17961],[28.14421,46.17944],[28.14433,46.17928],[28.14428,46.17901],[28.1442,46.17857],[28.14394,46.1781],[28.14365,46.17752],[28.14341,46.17706],[28.1431,46.17674],[28.14274,46.17647],[28.14205,46.17628],[28.14143,46.17616],[28.14029,46.17601],[28.13929,46.17605],[28.13834,46.17616],[28.13742,46.17636],[28.1366,46.1766],[28.13538,46.17701],[28.13447,46.1774],[28.13332,46.17797],[28.13199,46.17862],[28.13085,46.1791],[28.13035,46.17925],[28.12995,46.17929],[28.12959,46.17925],[28.12919,46.1791],[28.12885,46.17888],[28.12858,46.17862],[28.12834,46.17826],[28.12817,46.17775],[28.12817,46.17724],[28.12823,46.17677],[28.1284,46.17633],[28.12877,46.17566],[28.12922,46.17512],[28.12972,46.17465],[28.13022,46.17429],[28.13091,46.17394],[28.13153,46.17371],[28.13314,46.17313],[28.13511,46.17247],[28.1361,46.17209],[28.13704,46.17164],[28.13813,46.17086],[28.13874,46.17033],[28.13924,46.16982],[28.13983,46.16915],[28.14039,46.16845],[28.14137,46.16711],[28.14205,46.16609],[28.1427,46.16485],[28.14286,46.16445],[28.14286,46.1642],[28.14277,46.16402],[28.14255,46.16388],[28.14228,46.16383],[28.14185,46.16384],[28.14115,46.16381],[28.14056,46.16379],[28.1397,46.16367],[28.13882,46.16347],[28.13824,46.16329],[28.13756,46.16299],[28.1369,46.1626],[28.13655,46.16236],[28.13631,46.16207],[28.13609,46.16178],[28.13579,46.16136],[28.13529,46.16045],[28.13481,46.15948],[28.13434,46.15855],[28.13386,46.15749],[28.13317,46.15586],[28.13259,46.15453],[28.13245,46.15432],[28.13233,46.15416],[28.13216,46.15406],[28.13186,46.15398],[28.13154,46.15397],[28.13106,46.15405],[28.1303,46.15439],[28.12925,46.15492],[28.12822,46.15533],[28.12758,46.15549],[28.12706,46.15552],[28.12676,46.15549],[28.12645,46.15535],[28.1262,46.15517],[28.12603,46.15498],[28.12587,46.15467],[28.12555,46.15398],[28.12525,46.15336],[28.12436,46.15141],[28.12399,46.15039],[28.12372,46.1496],[28.12363,46.14925],[28.12358,46.14891],[28.12358,46.14848],[28.12354,46.14806],[28.1236,46.14772],[28.12368,46.14741],[28.12382,46.14713],[28.12412,46.14696],[28.1245,46.14674],[28.12493,46.14656],[28.12559,46.1464],[28.12626,46.14624],[28.12677,46.14607],[28.12766,46.14568],[28.12855,46.14518],[28.12884,46.14492],[28.12905,46.14449],[28.12915,46.14422],[28.12918,46.14393],[28.12925,46.1436],[28.12918,46.14323],[28.12918,46.14301],[28.1291,46.14267],[28.1289,46.14211],[28.12871,46.14162],[28.12856,46.14135],[28.12828,46.14106],[28.128,46.14078],[28.1275,46.14037],[28.12608,46.13934],[28.1255,46.13895],[28.12516,46.13857],[28.12503,46.13835],[28.12495,46.13812],[28.12494,46.13781],[28.12504,46.13739],[28.12524,46.13698],[28.1255,46.13643],[28.12597,46.13565],[28.12651,46.13473],[28.12701,46.13374],[28.12744,46.13302],[28.1279,46.13218],[28.12824,46.13169],[28.12859,46.13128],[28.12885,46.1311],[28.12911,46.13101],[28.12938,46.13096],[28.1298,46.13098],[28.13028,46.13103],[28.13139,46.13112],[28.13257,46.13117],[28.13313,46.13115],[28.13372,46.13102],[28.13416,46.13078],[28.13429,46.13061],[28.13442,46.13038],[28.13443,46.1301],[28.1343,46.12986],[28.13411,46.1296],[28.13351,46.12898],[28.13058,46.12637],[28.12996,46.12583],[28.12957,46.12556],[28.12925,46.12543],[28.12907,46.12537],[28.1289,46.12533],[28.12868,46.12534],[28.12853,46.12535],[28.12827,46.12546],[28.12781,46.12567],[28.12733,46.12591],[28.12685,46.12609],[28.12636,46.12622],[28.12601,46.12631],[28.12572,46.12635],[28.12534,46.12635],[28.12501,46.12631],[28.12473,46.12618],[28.1245,46.12593],[28.12441,46.12561],[28.12439,46.12531],[28.12439,46.12485],[28.12453,46.12439],[28.12464,46.124],[28.12534,46.12157],[28.12549,46.12091],[28.12556,46.12045],[28.12553,46.12012],[28.12546,46.11986],[28.1254,46.11953],[28.12518,46.11899],[28.12425,46.11705],[28.124,46.11643],[28.12389,46.11614],[28.1238,46.11574],[28.12381,46.11548],[28.12395,46.11511],[28.1241,46.11465],[28.12423,46.11413],[28.12435,46.11357],[28.12439,46.11308],[28.12443,46.11252],[28.12441,46.11197],[28.12435,46.11174],[28.12421,46.11158],[28.12411,46.11144],[28.12394,46.11132],[28.12361,46.1113],[28.12331,46.1113],[28.12279,46.11141],[28.12174,46.11176],[28.12041,46.11223],[28.11946,46.11252],[28.11865,46.11266],[28.11842,46.11267],[28.11819,46.11264],[28.11799,46.11255],[28.11759,46.11226],[28.11717,46.11181],[28.11669,46.11109],[28.11607,46.11018],[28.11571,46.10928],[28.11562,46.10882],[28.11562,46.10833],[28.11576,46.10798],[28.11611,46.10765],[28.11663,46.10728],[28.11752,46.10686],[28.11815,46.10667],[28.11982,46.10621],[28.12117,46.10587],[28.12232,46.10551],[28.1228,46.10529],[28.12285,46.1051],[28.12284,46.10495],[28.12276,46.10475],[28.12254,46.10447],[28.12221,46.10415],[28.12169,46.10368],[28.1213,46.10338],[28.12088,46.10311],[28.12017,46.10273],[28.1196,46.10249],[28.11896,46.1023],[28.11851,46.10218],[28.11802,46.1021],[28.11758,46.10207],[28.11675,46.10204],[28.11619,46.10205],[28.11579,46.10207],[28.11491,46.10217],[28.11439,46.10226],[28.1139,46.10237],[28.11354,46.10252],[28.11314,46.10273],[28.11281,46.10296],[28.11251,46.10329],[28.11229,46.10351],[28.11207,46.10364],[28.11177,46.10375],[28.11142,46.10381],[28.11097,46.10385],[28.11063,46.10384],[28.11018,46.10374],[28.1098,46.10357],[28.10953,46.10336],[28.10918,46.10295],[28.10889,46.10244],[28.10857,46.10181],[28.10823,46.101],[28.1076,46.0993],[28.10729,46.09867],[28.10713,46.09843],[28.10695,46.09833],[28.10663,46.0983],[28.10616,46.09833],[28.10546,46.09843],[28.10361,46.09886],[28.10315,46.09888],[28.10286,46.09885],[28.10256,46.09874],[28.10236,46.0986],[28.10227,46.09838],[28.10226,46.09819],[28.10235,46.09798],[28.10253,46.09778],[28.10287,46.09757],[28.10378,46.09719],[28.10581,46.0964],[28.10655,46.09607],[28.10684,46.09588],[28.10709,46.09564],[28.10718,46.09538],[28.10723,46.0951],[28.10725,46.0949],[28.10722,46.09445],[28.10714,46.0941],[28.10701,46.09367],[28.10692,46.09338],[28.10675,46.09296],[28.1065,46.09252],[28.10603,46.09189],[28.10569,46.09143],[28.10543,46.09098],[28.10528,46.09065],[28.10522,46.09045],[28.10522,46.09018],[28.10526,46.08994],[28.10536,46.08976],[28.10551,46.08956],[28.1057,46.08939],[28.10599,46.08923],[28.10661,46.08898],[28.10714,46.0888],[28.10899,46.08834],[28.10984,46.08808],[28.11043,46.08785],[28.11091,46.08761],[28.11139,46.0873],[28.11154,46.0871],[28.11158,46.08686],[28.11156,46.08662],[28.11145,46.08637],[28.11122,46.08607],[28.11091,46.08577],[28.11054,46.0855],[28.10953,46.0849],[28.10805,46.08412],[28.10762,46.08388],[28.1074,46.08371],[28.10725,46.08354],[28.10711,46.08333],[28.10701,46.08306],[28.10702,46.08287],[28.1071,46.08267],[28.10801,46.08133],[28.10872,46.08015],[28.10902,46.07936],[28.10908,46.07908],[28.10912,46.07874],[28.10912,46.07849],[28.10902,46.07825],[28.10877,46.07805],[28.10843,46.07791],[28.10802,46.0778],[28.10756,46.07775],[28.10702,46.07777],[28.10639,46.07783],[28.10545,46.07803],[28.10458,46.07827],[28.10414,46.07845],[28.10354,46.07884],[28.10314,46.07909],[28.10243,46.07966],[28.10172,46.08025],[28.10127,46.08057],[28.10097,46.08073],[28.10062,46.08088],[28.10018,46.08098],[28.09971,46.08097],[28.0993,46.08088],[28.09886,46.08068],[28.09862,46.08052],[28.09847,46.08037],[28.09825,46.08006],[28.0981,46.07951],[28.09794,46.07918],[28.09777,46.07895],[28.09742,46.07857],[28.09724,46.07839],[28.09704,46.07824],[28.09676,46.07813],[28.09661,46.07809],[28.09643,46.07808],[28.09607,46.07817],[28.09577,46.07829],[28.09494,46.07878],[28.09452,46.07897],[28.09396,46.07916],[28.09341,46.07929],[28.09307,46.07931],[28.0928,46.07925],[28.09255,46.07912],[28.09238,46.07895],[28.09228,46.07875],[28.09225,46.07843],[28.09226,46.07815],[28.09232,46.07779],[28.0925,46.07729],[28.09303,46.07607],[28.09326,46.07542],[28.0934,46.07482],[28.09347,46.07429],[28.09345,46.07404],[28.09337,46.0738],[28.09314,46.07357],[28.09275,46.07335],[28.09233,46.07318],[28.09185,46.07302],[28.09151,46.07292],[28.09109,46.07272],[28.09062,46.07238],[28.0902,46.07201],[28.08983,46.07157],[28.08948,46.07107],[28.08925,46.07068],[28.0891,46.07034],[28.08901,46.06994],[28.08897,46.06938],[28.089,46.06906],[28.08907,46.06881],[28.08921,46.06861],[28.08939,46.06837],[28.08961,46.06819],[28.08995,46.06802],[28.09229,46.06709],[28.09436,46.06633],[28.09598,46.06568],[28.09676,46.06545],[28.0996,46.06493],[28.10029,46.06472],[28.10051,46.0646],[28.1006,46.06443],[28.10062,46.06416],[28.1006,46.06387],[28.10047,46.06347],[28.10017,46.06282],[28.09956,46.06161],[28.09914,46.06104],[28.09875,46.06068],[28.09849,46.06047],[28.09818,46.06027],[28.09776,46.06011],[28.09733,46.06002],[28.09692,46.06001],[28.09564,46.06003],[28.0951,46.0601],[28.09442,46.06021],[28.09336,46.06031],[28.09247,46.06034],[28.09141,46.06033],[28.09059,46.06024],[28.0898,46.06007],[28.0894,46.05992],[28.08906,46.0597],[28.08887,46.05945],[28.08877,46.05922],[28.08875,46.05895],[28.08875,46.05867],[28.0888,46.05836],[28.08887,46.0581],[28.08899,46.05778],[28.08922,46.05736],[28.08966,46.05668],[28.09063,46.05506],[28.09093,46.05466],[28.09123,46.05432],[28.09167,46.05391],[28.09201,46.05365],[28.09242,46.05338],[28.09272,46.05325],[28.09307,46.05314],[28.09349,46.05309],[28.09376,46.05308],[28.09421,46.05312],[28.09602,46.05353],[28.09668,46.05367],[28.09799,46.05387],[28.09954,46.05407],[28.10031,46.05414],[28.1017,46.0542],[28.10259,46.05416],[28.10341,46.05405],[28.10408,46.0539],[28.10461,46.05362],[28.10489,46.05341],[28.10502,46.05326],[28.10507,46.05315],[28.1051,46.05305],[28.1051,46.05285],[28.10503,46.05254],[28.10485,46.05227],[28.10458,46.05202],[28.10208,46.04986],[28.1011,46.04891],[28.10075,46.04846],[28.10053,46.04804],[28.10042,46.04768],[28.10036,46.04739],[28.10035,46.04712],[28.10036,46.04682],[28.10039,46.0466],[28.10046,46.0464],[28.10056,46.0462],[28.1007,46.04599],[28.10089,46.04581],[28.10116,46.04557],[28.10161,46.04525],[28.10278,46.04454],[28.10318,46.04426],[28.10356,46.04397],[28.10377,46.04375],[28.10384,46.0436],[28.10384,46.0434],[28.1038,46.04324],[28.10364,46.04307],[28.10346,46.04293],[28.10317,46.04282],[28.10262,46.04272],[28.10203,46.04265],[28.10133,46.04264],[28.10091,46.04267],[28.10058,46.04272],[28.10031,46.0428],[28.09926,46.04322],[28.09895,46.04332],[28.09851,46.04343],[28.0981,46.04349],[28.09759,46.04349],[28.09717,46.04342],[28.0969,46.04329],[28.09648,46.0427],[28.0963,46.04236],[28.09617,46.04193],[28.09607,46.0414],[28.09582,46.04069],[28.09545,46.03993],[28.09528,46.03969],[28.09493,46.03928],[28.09435,46.03874],[28.09381,46.03827],[28.09326,46.03783],[28.09252,46.03731],[28.09181,46.03682],[28.09125,46.03636],[28.0909,46.03604],[28.09064,46.03567],[28.09048,46.03527],[28.09029,46.03471],[28.09017,46.03428],[28.09008,46.03381],[28.09005,46.03321],[28.09004,46.03297],[28.09011,46.03262],[28.09036,46.03191],[28.09061,46.03116],[28.09074,46.03063],[28.09071,46.0302],[28.09062,46.02979],[28.0905,46.02955],[28.09027,46.02918],[28.08971,46.02828],[28.08947,46.02773],[28.08911,46.02687],[28.08895,46.0264],[28.08886,46.02594],[28.08882,46.02552],[28.08886,46.02479],[28.08885,46.02397],[28.08878,46.02343],[28.08855,46.02249],[28.08845,46.02213],[28.08827,46.0217],[28.08785,46.02088],[28.08773,46.02066],[28.08767,46.02046],[28.08767,46.02028],[28.08777,46.02006],[28.08789,46.01989],[28.08811,46.01971],[28.08922,46.01896],[28.08972,46.01867],[28.09035,46.0184],[28.0909,46.01822],[28.09138,46.01808],[28.09329,46.01764],[28.09405,46.01739],[28.09464,46.01719],[28.09494,46.01704],[28.09518,46.01681],[28.09543,46.0164],[28.09558,46.01608],[28.09572,46.01565],[28.09576,46.01542],[28.09575,46.01508],[28.09568,46.01479],[28.09554,46.01451],[28.09533,46.01425],[28.09501,46.01398],[28.09463,46.01373],[28.09357,46.01317],[28.08715,46.00967],[28.08569,46.00885],[28.08552,46.00868],[28.08541,46.00845],[28.08539,46.00822],[28.08543,46.00796],[28.08555,46.00766],[28.08577,46.00729],[28.08617,46.00684],[28.0866,46.00644],[28.08692,46.00619],[28.08732,46.00607],[28.08793,46.00602],[28.08875,46.00596],[28.08922,46.00586],[28.08991,46.00565],[28.09045,46.00544],[28.0909,46.00521],[28.09124,46.00496],[28.09151,46.00465],[28.09172,46.00429],[28.09192,46.00383],[28.09216,46.00338],[28.09254,46.00276],[28.09334,46.00157],[28.09399,46.00083],[28.09498,45.99972],[28.09574,45.99867],[28.09607,45.99812],[28.09629,45.99767],[28.09641,45.9973],[28.09648,45.99685],[28.0966,45.99608],[28.09665,45.99555],[28.09666,45.99501],[28.09668,45.99471],[28.09675,45.99433],[28.09683,45.9941],[28.09697,45.99378],[28.09713,45.99352],[28.09758,45.99304],[28.09812,45.99235],[28.0987,45.99142],[28.09893,45.9911],[28.09919,45.99077],[28.09935,45.99062],[28.09958,45.99048],[28.09985,45.99037],[28.10028,45.99027],[28.10068,45.99019],[28.10131,45.99011],[28.10166,45.9901],[28.10278,45.9901],[28.10365,45.99],[28.10421,45.98987],[28.1046,45.9897],[28.10487,45.98955],[28.10509,45.9893],[28.10522,45.98909],[28.10534,45.98877],[28.10537,45.98849],[28.10532,45.988],[28.10516,45.98728],[28.10498,45.98673],[28.1047,45.98609],[28.10445,45.98565],[28.10412,45.98511],[28.10384,45.98473],[28.10343,45.98424],[28.10307,45.98393],[28.10225,45.98337],[28.10184,45.98316],[28.10123,45.98289],[28.09993,45.98238],[28.09961,45.98222],[28.09923,45.98196],[28.09895,45.98172],[28.09875,45.98147],[28.09863,45.98122],[28.09851,45.98088],[28.09821,45.97928],[28.09818,45.97896],[28.09818,45.97881],[28.09821,45.97864],[28.09835,45.97835],[28.09857,45.9781],[28.09884,45.97792],[28.09923,45.97784],[28.09976,45.97785],[28.10127,45.97802],[28.10189,45.97809],[28.10249,45.9782],[28.1034,45.9784],[28.10426,45.97863],[28.10497,45.97877],[28.10549,45.97882],[28.10594,45.97882],[28.10628,45.97879],[28.10657,45.97873],[28.10692,45.97858],[28.10705,45.97837],[28.10715,45.97808],[28.1072,45.97774],[28.1072,45.97746],[28.10714,45.97706],[28.10707,45.97673],[28.10694,45.97629],[28.10673,45.97595],[28.10641,45.97565],[28.10611,45.97544],[28.10581,45.97526],[28.10415,45.9745],[28.10293,45.97389],[28.10218,45.97343],[28.10185,45.97316],[28.1017,45.97298],[28.10161,45.97277],[28.10161,45.97254],[28.10167,45.97227],[28.10178,45.97202],[28.10192,45.97181],[28.10213,45.97162],[28.10256,45.97138],[28.10325,45.97113],[28.10453,45.97067],[28.10546,45.9703],[28.10627,45.96994],[28.10693,45.96959],[28.10778,45.96908],[28.10821,45.96872],[28.10853,45.96834],[28.10868,45.96798],[28.10869,45.96753],[28.10864,45.96726],[28.10852,45.96708],[28.10833,45.9669],[28.10742,45.96647],[28.10675,45.96608],[28.10596,45.96551],[28.10532,45.96501],[28.10498,45.96467],[28.10477,45.9644],[28.10464,45.96412],[28.10462,45.96386],[28.10465,45.96354],[28.10475,45.96314],[28.10488,45.96281],[28.10505,45.9625],[28.10532,45.96217],[28.1056,45.96187],[28.10599,45.96153],[28.10678,45.96092],[28.10741,45.96045],[28.10818,45.96001],[28.10954,45.9594],[28.11014,45.9591],[28.1106,45.9588],[28.11106,45.95847],[28.11141,45.9581],[28.11177,45.95752],[28.11234,45.95644],[28.11251,45.95614],[28.11278,45.95579],[28.11304,45.95549],[28.1142,45.95446],[28.11443,45.95417],[28.11474,45.95371],[28.11509,45.95317],[28.1152,45.95293],[28.1153,45.95256],[28.11534,45.95213],[28.11529,45.95066],[28.11531,45.94995],[28.11536,45.94952],[28.11543,45.94915],[28.11557,45.94878],[28.11574,45.94841],[28.11591,45.9481],[28.11615,45.94771],[28.11643,45.94732],[28.11717,45.94649],[28.1175,45.94608],[28.11787,45.94558],[28.11812,45.94512],[28.11827,45.94462],[28.11832,45.94402],[28.11827,45.94341],[28.11807,45.94259],[28.11777,45.94195],[28.11749,45.94155],[28.11647,45.94017],[28.116,45.9393],[28.11564,45.93865],[28.11485,45.93754],[28.11431,45.93673],[28.11421,45.93642],[28.11418,45.93612],[28.1142,45.93586],[28.11429,45.93565],[28.11451,45.93543],[28.11578,45.93452],[28.1161,45.93434],[28.11677,45.93401],[28.11911,45.93289],[28.11964,45.93256],[28.12018,45.93206],[28.12064,45.93159],[28.12105,45.93109],[28.12149,45.93043],[28.12174,45.92991],[28.12191,45.92948],[28.12199,45.92904],[28.12202,45.92862],[28.12207,45.92818],[28.12215,45.92779],[28.12229,45.92719],[28.12254,45.92651],[28.1229,45.92592],[28.12316,45.92558],[28.12366,45.92511],[28.12416,45.92469],[28.12477,45.92415],[28.12512,45.92378],[28.12528,45.92352],[28.12548,45.92304],[28.1256,45.92254],[28.12562,45.92221],[28.12556,45.92188],[28.12539,45.92153],[28.12507,45.92117],[28.12471,45.92086],[28.12421,45.92058],[28.12287,45.91996],[28.12214,45.91959],[28.12148,45.91919],[28.12086,45.91863],[28.12046,45.91816],[28.12017,45.91758],[28.12001,45.91725],[28.1199,45.91693],[28.11984,45.91672],[28.11985,45.91643],[28.11997,45.91508],[28.11995,45.9146],[28.11973,45.91384],[28.11946,45.91329],[28.11926,45.91304],[28.11802,45.9118],[28.11692,45.91075],[28.1166,45.91038],[28.11628,45.90992],[28.11609,45.90956],[28.11601,45.90926],[28.11599,45.90885],[28.11602,45.90848],[28.11613,45.90812],[28.11677,45.90699],[28.11697,45.9067],[28.11727,45.90632],[28.11771,45.90589],[28.11838,45.90518],[28.11922,45.90413],[28.11955,45.90367],[28.11984,45.9032],[28.11998,45.90283],[28.12007,45.90236],[28.12001,45.90177],[28.11995,45.90135],[28.11979,45.90099],[28.11947,45.9005],[28.11923,45.90026],[28.11889,45.90003],[28.11852,45.89988],[28.11824,45.89982],[28.11785,45.8998],[28.1175,45.89981],[28.11542,45.8999],[28.11452,45.89989],[28.11363,45.89982],[28.11317,45.89972],[28.11276,45.89959],[28.1124,45.89943],[28.11219,45.89926],[28.11208,45.89909],[28.11201,45.89889],[28.112,45.89867],[28.11237,45.89634],[28.11243,45.89598],[28.1125,45.8957],[28.1126,45.89549],[28.11278,45.89516],[28.11308,45.89477],[28.11344,45.8944],[28.11386,45.89403],[28.11419,45.8938],[28.11486,45.89348],[28.11563,45.89315],[28.11602,45.89293],[28.11629,45.89269],[28.11648,45.8924],[28.11659,45.8922],[28.11666,45.89193],[28.11668,45.89159],[28.11666,45.89135],[28.11655,45.89087],[28.11649,45.89033],[28.11651,45.88997],[28.1166,45.88968],[28.11676,45.88935],[28.11749,45.88855],[28.1179,45.88813],[28.11817,45.88783],[28.11825,45.88767],[28.11825,45.88749],[28.11814,45.88726],[28.11797,45.8871],[28.11766,45.88696],[28.11702,45.88679],[28.11506,45.88639],[28.114,45.88609],[28.1134,45.88584],[28.11303,45.88565],[28.11274,45.88543],[28.11252,45.88513],[28.11244,45.88486],[28.11242,45.88466],[28.11247,45.88443],[28.1126,45.8842],[28.11296,45.88385],[28.11345,45.88347],[28.11404,45.88314],[28.1147,45.88286],[28.11521,45.88268],[28.11563,45.88258],[28.11602,45.88255],[28.11645,45.88256],[28.11685,45.8826],[28.1173,45.88269],[28.1183,45.88305],[28.11893,45.88321],[28.12011,45.88348],[28.12077,45.88356],[28.12134,45.88356],[28.1217,45.88351],[28.12217,45.88336],[28.12242,45.88321],[28.12262,45.883],[28.12301,45.8825],[28.12326,45.88225],[28.12354,45.88214],[28.12376,45.88217],[28.12395,45.88228],[28.12411,45.88253],[28.12422,45.88275],[28.12441,45.8833],[28.12455,45.88356],[28.12476,45.88393],[28.12514,45.88441],[28.12544,45.88473],[28.12573,45.88499],[28.12597,45.88515],[28.12623,45.88525],[28.1266,45.88531],[28.12687,45.88529],[28.12717,45.88517],[28.12899,45.88377],[28.12932,45.88351],[28.12961,45.88323],[28.13006,45.88268],[28.13023,45.88245],[28.13042,45.88216],[28.13053,45.88192],[28.13058,45.88169],[28.13054,45.88149],[28.13036,45.88104],[28.13026,45.88085],[28.13008,45.88065],[28.12908,45.87985],[28.1288,45.87956],[28.12805,45.87866],[28.12791,45.87841],[28.12782,45.87818],[28.1278,45.87798],[28.12788,45.87776],[28.12808,45.8775],[28.12826,45.87736],[28.12856,45.87728],[28.12888,45.87728],[28.12985,45.8774],[28.13063,45.87742],[28.13111,45.8774],[28.1317,45.87732],[28.13206,45.87722],[28.13238,45.87709],[28.13258,45.87692],[28.1327,45.87674],[28.13272,45.87655],[28.13267,45.87632],[28.13253,45.87611],[28.1323,45.87592],[28.13122,45.87504],[28.12985,45.87383],[28.12937,45.8734],[28.12903,45.873],[28.12803,45.87145],[28.12755,45.87066],[28.12742,45.8704],[28.12731,45.8701],[28.12726,45.86982],[28.12722,45.86952],[28.12721,45.8692],[28.12721,45.86892],[28.12725,45.86856],[28.12772,45.86593],[28.12776,45.86564],[28.12777,45.86542],[28.12776,45.86456],[28.12772,45.8642],[28.12761,45.86378],[28.12751,45.86347],[28.12735,45.86315],[28.12713,45.86289],[28.12693,45.86274],[28.12675,45.86266],[28.12648,45.86263],[28.12618,45.86266],[28.1251,45.86292],[28.12358,45.86329],[28.12261,45.86348],[28.12179,45.86361],[28.12121,45.86366],[28.12079,45.86366],[28.12042,45.86363],[28.12009,45.86358],[28.11979,45.86351],[28.11946,45.8634],[28.11919,45.8633],[28.11881,45.86309],[28.11814,45.86268],[28.11754,45.86223],[28.11678,45.8616],[28.11567,45.86075],[28.11531,45.86052],[28.11497,45.86032],[28.1147,45.86018],[28.11441,45.86008],[28.11406,45.86004],[28.11363,45.86005],[28.11264,45.86027],[28.11175,45.86045],[28.11102,45.86054],[28.11036,45.86058],[28.10936,45.8606],[28.10843,45.86057],[28.1074,45.86044],[28.10675,45.86031],[28.10635,45.86018],[28.10606,45.86005],[28.10585,45.8599],[28.10566,45.85966],[28.10556,45.85946],[28.10551,45.85929],[28.10552,45.85909],[28.10558,45.85891],[28.10566,45.85874],[28.10579,45.85857],[28.10644,45.85794],[28.10692,45.85742],[28.10767,45.85659],[28.10798,45.85619],[28.10832,45.85568],[28.10887,45.85478],[28.10911,45.85429],[28.10938,45.85351],[28.10968,45.85257],[28.10982,45.85223],[28.11006,45.85176],[28.11019,45.85154],[28.1104,45.85129],[28.11067,45.85105],[28.11096,45.85084],[28.11121,45.85071],[28.11159,45.85057],[28.11206,45.85042],[28.11254,45.85026],[28.11302,45.85002],[28.11337,45.84979],[28.11375,45.84953],[28.11387,45.84941],[28.11395,45.84929],[28.11395,45.84914],[28.11387,45.84899],[28.11262,45.8481],[28.11239,45.84786],[28.1122,45.84757],[28.11212,45.84735],[28.11209,45.84714],[28.11209,45.84697],[28.11211,45.84674],[28.11216,45.84653],[28.11225,45.84629],[28.11237,45.84605],[28.11243,45.8459],[28.11247,45.84569],[28.11246,45.8455],[28.11242,45.84535],[28.11234,45.84514],[28.11219,45.84485],[28.11204,45.84468],[28.1118,45.84451],[28.11152,45.8444],[28.11114,45.84432],[28.11064,45.84425],[28.10692,45.84396],[28.1063,45.84389],[28.10583,45.8438],[28.10559,45.8437],[28.10542,45.84359],[28.10532,45.84346],[28.10526,45.84332],[28.10524,45.8432],[28.10526,45.84307],[28.10531,45.8429],[28.10539,45.84276],[28.10558,45.84253],[28.10576,45.84234],[28.10599,45.84213],[28.10627,45.84195],[28.10648,45.84185],[28.10671,45.84177],[28.10701,45.84173],[28.10728,45.8417],[28.10756,45.84165],[28.10785,45.84156],[28.10815,45.8414],[28.10843,45.84117],[28.10861,45.841],[28.10881,45.84079],[28.10895,45.84061],[28.10908,45.84042],[28.10922,45.84018],[28.10936,45.83987],[28.10949,45.83951],[28.10958,45.83918],[28.10966,45.83868],[28.10973,45.83827],[28.10981,45.83802],[28.1099,45.83777],[28.11,45.83756],[28.11007,45.83743],[28.11016,45.83728],[28.11037,45.83699],[28.1106,45.83675],[28.11091,45.83647],[28.1118,45.83583],[28.11204,45.8356],[28.1123,45.83528],[28.11247,45.83501],[28.11261,45.83471],[28.11269,45.83438],[28.11272,45.8341],[28.11265,45.83376],[28.11249,45.83338],[28.11225,45.83308],[28.112,45.83286],[28.11176,45.8327],[28.11147,45.83254],[28.11011,45.83207],[28.10952,45.83182],[28.1092,45.83164],[28.10901,45.83148],[28.10886,45.83129],[28.10877,45.83112],[28.10874,45.83102],[28.10873,45.83089],[28.10878,45.83074],[28.10889,45.83054],[28.1091,45.83024],[28.10931,45.83003],[28.10954,45.82986],[28.10985,45.82965],[28.11057,45.82896],[28.11104,45.82848],[28.11133,45.82812],[28.11155,45.82779],[28.11176,45.82735],[28.11182,45.82709],[28.11184,45.82684],[28.11182,45.82653],[28.1118,45.82634],[28.11175,45.8262],[28.11161,45.82603],[28.11146,45.82595],[28.11118,45.82582],[28.11097,45.82577],[28.11068,45.82571],[28.11037,45.8256],[28.11014,45.82548],[28.10992,45.82534],[28.10971,45.82516],[28.10953,45.82501],[28.10942,45.82484],[28.10935,45.82465],[28.10934,45.8245],[28.10935,45.82441],[28.10937,45.82428],[28.10942,45.82417],[28.10954,45.82395],[28.10963,45.82386],[28.11008,45.82352],[28.11137,45.82257],[28.11236,45.82179],[28.11263,45.82156],[28.11283,45.82135],[28.11294,45.82115],[28.113,45.82098],[28.113,45.82082],[28.11287,45.82064],[28.11266,45.82044],[28.11186,45.81992],[28.11042,45.81891],[28.10909,45.81797],[28.10815,45.81723],[28.10775,45.81687],[28.10759,45.81669],[28.10751,45.81651],[28.10749,45.81635],[28.10749,45.81622],[28.10754,45.81611],[28.10761,45.81599],[28.1078,45.81579],[28.10798,45.81565],[28.10836,45.81547],[28.1087,45.81532],[28.10921,45.81511],[28.10979,45.81491],[28.1104,45.81475],[28.11101,45.81464],[28.11159,45.81462],[28.11228,45.81462],[28.11388,45.81461],[28.11453,45.81462],[28.11525,45.81464],[28.11597,45.8147],[28.11668,45.81479],[28.11754,45.81493],[28.11781,45.81496],[28.11811,45.81495],[28.11838,45.8149],[28.1186,45.81476],[28.11877,45.81454],[28.11891,45.81426],[28.11899,45.81395],[28.11969,45.81089],[28.11996,45.80987],[28.12035,45.80863],[28.12104,45.80686],[28.12119,45.80632],[28.12125,45.80597],[28.12126,45.80566],[28.12123,45.80525],[28.12119,45.80486],[28.12112,45.80458],[28.12066,45.80378],[28.11999,45.80301],[28.11973,45.80264],[28.11967,45.80252],[28.11962,45.80239],[28.1196,45.8023],[28.11961,45.8022],[28.1197,45.80196],[28.11983,45.8017],[28.12043,45.80096],[28.12075,45.8004],[28.12099,45.80003],[28.12133,45.79959],[28.12239,45.79854],[28.12248,45.79843],[28.12252,45.79834],[28.12259,45.79814],[28.12258,45.79789],[28.12248,45.79765],[28.12226,45.79734],[28.12152,45.79652],[28.12112,45.79614],[28.12059,45.79567],[28.1202,45.79534],[28.11984,45.79508],[28.11959,45.79492],[28.11916,45.7947],[28.11889,45.79457],[28.11854,45.79448],[28.11825,45.79447],[28.11787,45.7945],[28.11747,45.79459],[28.11708,45.79472],[28.11676,45.7949],[28.11636,45.7952],[28.11614,45.79545],[28.11602,45.79556],[28.11587,45.79569],[28.11563,45.79584],[28.11514,45.79611],[28.11457,45.79635],[28.11426,45.79644],[28.11407,45.79646],[28.11387,45.79646],[28.11359,45.79643],[28.11337,45.79636],[28.11314,45.79624],[28.113,45.79611],[28.11283,45.79594],[28.11267,45.79576],[28.11249,45.79552],[28.11235,45.79525],[28.11227,45.79503],[28.11226,45.79479],[28.11234,45.79434],[28.11264,45.79313],[28.11285,45.79233],[28.11292,45.79212],[28.11306,45.79183],[28.11323,45.79152],[28.11339,45.79124],[28.1135,45.79107],[28.11367,45.79083],[28.11382,45.79066],[28.11402,45.79049],[28.11425,45.79033],[28.1146,45.79015],[28.11492,45.79003],[28.11519,45.78998],[28.11556,45.78996],[28.11577,45.78997],[28.11608,45.79001],[28.1177,45.79043],[28.119,45.7909],[28.11946,45.79104],[28.11988,45.79113],[28.12022,45.79114],[28.12047,45.79109],[28.12069,45.79098],[28.12089,45.79081],[28.12099,45.79063],[28.12101,45.79042],[28.12096,45.78982],[28.12097,45.78967],[28.12104,45.78943],[28.12116,45.78918],[28.12139,45.78875],[28.12166,45.78849],[28.12194,45.78831],[28.12217,45.78815],[28.12262,45.78794],[28.12312,45.78768],[28.12347,45.78742],[28.12386,45.78704],[28.12423,45.78667],[28.12446,45.78641],[28.12477,45.78603],[28.1253,45.78527],[28.12595,45.78445],[28.12627,45.7841],[28.12671,45.78364],[28.12792,45.7827],[28.12961,45.78149],[28.13067,45.78088],[28.13107,45.78066],[28.133,45.77967],[28.13325,45.77951],[28.13368,45.7792],[28.13403,45.7789],[28.13436,45.77867],[28.13467,45.77853],[28.13514,45.77838],[28.13546,45.77833],[28.13578,45.77834],[28.1362,45.77845],[28.13698,45.77878],[28.13778,45.77915],[28.13797,45.77921],[28.13827,45.77933],[28.13863,45.77941],[28.13898,45.77946],[28.13961,45.77947],[28.14069,45.77949],[28.14103,45.77949],[28.14125,45.77953],[28.14141,45.77956],[28.14163,45.77964],[28.142,45.77986],[28.14236,45.7801],[28.14298,45.78054],[28.14323,45.78072],[28.14353,45.78089],[28.14374,45.78099],[28.14406,45.78109],[28.14441,45.78117],[28.14485,45.78123],[28.14528,45.78122],[28.1461,45.78116],[28.1466,45.78116],[28.14706,45.78122],[28.14735,45.78129],[28.14773,45.78145],[28.14798,45.78162],[28.14864,45.78214],[28.14923,45.78247],[28.15057,45.78317],[28.15103,45.7834],[28.15138,45.78352],[28.15163,45.78357],[28.15195,45.78359],[28.15242,45.78352],[28.15281,45.7834],[28.15317,45.78325],[28.15335,45.78314],[28.15361,45.78295],[28.15379,45.78275],[28.15392,45.78259],[28.15403,45.78239],[28.15406,45.78224],[28.15405,45.78215],[28.154,45.78196],[28.15384,45.78172],[28.15364,45.78144],[28.15344,45.78124],[28.15279,45.78059],[28.1525,45.78024],[28.1524,45.78008],[28.15238,45.77993],[28.15241,45.77983],[28.15247,45.77972],[28.15256,45.77961],[28.1527,45.77952],[28.15292,45.77943],[28.15321,45.77937],[28.15366,45.77929],[28.15423,45.77916],[28.15483,45.77896],[28.15519,45.77879],[28.15541,45.77861],[28.15553,45.7785],[28.15565,45.7783],[28.15568,45.77813],[28.1557,45.77789],[28.15564,45.77714],[28.15558,45.77653],[28.15547,45.77594],[28.15531,45.77554],[28.15513,45.77518],[28.15494,45.77484],[28.15473,45.77457],[28.15449,45.77431],[28.15425,45.77412],[28.15395,45.77396],[28.15373,45.77386],[28.15347,45.7738],[28.15322,45.77377],[28.15284,45.77375],[28.15248,45.77376],[28.1517,45.77375],[28.15114,45.7737],[28.15069,45.77363],[28.15041,45.77355],[28.1501,45.77342],[28.14987,45.77329],[28.14977,45.7732],[28.14971,45.77307],[28.1497,45.77288],[28.14973,45.77266],[28.14994,45.77157],[28.14995,45.77115],[28.14989,45.77062],[28.14983,45.77033],[28.14969,45.76983],[28.14955,45.76949],[28.14938,45.76926],[28.14914,45.76905],[28.14888,45.76887],[28.14864,45.7687],[28.14842,45.76846],[28.14822,45.76816],[28.14811,45.76792],[28.14805,45.76761],[28.14807,45.76735],[28.14816,45.76695],[28.14829,45.76669],[28.14843,45.76645],[28.14861,45.76625],[28.1488,45.76607],[28.14937,45.76558],[28.14963,45.76531],[28.14978,45.7651],[28.14986,45.76484],[28.14988,45.7645],[28.14983,45.76423],[28.14965,45.76401],[28.14939,45.76384],[28.14914,45.76371],[28.14867,45.7636],[28.1483,45.76353],[28.14788,45.76352],[28.14732,45.76359],[28.14601,45.76405],[28.14547,45.76419],[28.14517,45.76419],[28.14509,45.76419],[28.1447,45.7641],[28.14453,45.76395],[28.14445,45.76377],[28.14406,45.76278],[28.14364,45.76185],[28.14351,45.76145],[28.14345,45.76105],[28.14345,45.76071],[28.14349,45.76037],[28.14359,45.76007],[28.14376,45.75975],[28.14416,45.75942],[28.14484,45.75893],[28.14574,45.75843],[28.1462,45.75812],[28.14654,45.75779],[28.14716,45.75716],[28.14768,45.75651],[28.14841,45.75576],[28.14886,45.75543],[28.14944,45.7551],[28.14954,45.75506],[28.15,45.75488],[28.15058,45.75468],[28.15129,45.75448],[28.15165,45.7543],[28.15188,45.75409],[28.15198,45.75391],[28.15201,45.75372],[28.15197,45.75353],[28.1519,45.75333],[28.1517,45.75302],[28.15133,45.75267],[28.15086,45.75232],[28.15066,45.75218],[28.15034,45.75188],[28.14998,45.75151],[28.14981,45.75128],[28.14976,45.75104],[28.14975,45.75084],[28.1498,45.75063],[28.14996,45.75034],[28.15028,45.74984],[28.15046,45.74954],[28.15078,45.7489],[28.1509,45.74858],[28.15097,45.74819],[28.15104,45.74737],[28.15088,45.74602],[28.15082,45.7452],[28.15084,45.74495],[28.15091,45.74466],[28.15106,45.74438],[28.1513,45.74412],[28.15169,45.74391],[28.1522,45.74384],[28.15274,45.74384],[28.15364,45.74399],[28.15466,45.74417],[28.15476,45.74418],[28.1552,45.74422],[28.15557,45.74417],[28.15592,45.74407],[28.15626,45.74386],[28.1564,45.74363],[28.15656,45.74307],[28.15659,45.7426],[28.1567,45.74146],[28.15686,45.74094],[28.15709,45.74047],[28.15729,45.74016],[28.15754,45.73988],[28.15778,45.73966],[28.15815,45.73943],[28.15867,45.73925],[28.16191,45.73823],[28.16467,45.73742],[28.16605,45.73694],[28.16641,45.73674],[28.16673,45.73649],[28.1669,45.73623],[28.16696,45.73594],[28.16693,45.73558],[28.1668,45.73525],[28.16556,45.73353],[28.16522,45.73292],[28.16512,45.73256],[28.1651,45.73216],[28.16518,45.73197],[28.16539,45.73166],[28.16572,45.73135],[28.16595,45.73106],[28.16604,45.73074],[28.16603,45.73049],[28.16586,45.73028],[28.1656,45.73005],[28.16515,45.72985],[28.16452,45.72965],[28.16375,45.72948],[28.16318,45.72934],[28.16269,45.72918],[28.16233,45.72895],[28.16214,45.72877],[28.16209,45.72872],[28.1619,45.72841],[28.16174,45.72786],[28.16165,45.72744],[28.16143,45.72665],[28.16116,45.72624],[28.16089,45.72575],[28.16081,45.72544],[28.16078,45.72508],[28.16087,45.72484],[28.16107,45.72463],[28.16136,45.72443],[28.16177,45.72426],[28.16218,45.72414],[28.16268,45.72405],[28.16337,45.72405],[28.16398,45.72409],[28.16434,45.72413],[28.16461,45.72417],[28.16545,45.72435],[28.16584,45.72438],[28.16628,45.72436],[28.16664,45.72429],[28.16691,45.72417],[28.16711,45.72399],[28.16722,45.72373],[28.16724,45.72354],[28.1672,45.72329],[28.16709,45.72295],[28.16688,45.72258],[28.16666,45.72231],[28.16595,45.7216],[28.1657,45.72133],[28.16559,45.72121],[28.16527,45.7208],[28.16465,45.71981],[28.16439,45.71923],[28.16424,45.71868],[28.16414,45.71795],[28.16409,45.71757],[28.16412,45.71716],[28.16417,45.71694],[28.16428,45.71672],[28.1645,45.71643],[28.16486,45.71605],[28.16558,45.7154],[28.16609,45.71495],[28.16633,45.71472],[28.16652,45.71452],[28.16702,45.71392],[28.16797,45.7127],[28.16843,45.71223],[28.16899,45.71176],[28.16953,45.71135],[28.17001,45.7109],[28.17041,45.71043],[28.17065,45.71004],[28.17077,45.70968],[28.17079,45.70943],[28.17072,45.70906],[28.17065,45.70876],[28.17048,45.70843],[28.17025,45.70804],[28.17,45.70779],[28.16972,45.70757],[28.16852,45.70692],[28.16705,45.70623],[28.16549,45.70558],[28.16435,45.70513],[28.16377,45.70494],[28.16323,45.70479],[28.16262,45.70467],[28.16151,45.70458],[28.161,45.70451],[28.16064,45.70443],[28.16037,45.70434],[28.16017,45.70416],[28.16005,45.70394],[28.16,45.70366],[28.16004,45.70336],[28.16011,45.70311],[28.16024,45.70284],[28.16058,45.70243],[28.16152,45.7015],[28.16233,45.70067],[28.1629,45.70005],[28.16335,45.69928],[28.16371,45.69856],[28.16416,45.69778],[28.16436,45.69742],[28.16443,45.69707],[28.1644,45.69675],[28.16437,45.69661],[28.16429,45.69646],[28.16419,45.6963],[28.1638,45.69584],[28.16339,45.69538],[28.16305,45.69492],[28.16281,45.69454],[28.16269,45.69424],[28.16263,45.69401],[28.16257,45.69363],[28.16254,45.69319],[28.16253,45.69269],[28.16254,45.69242],[28.1626,45.69211],[28.16272,45.69173],[28.16301,45.69119],[28.16351,45.69037],[28.16392,45.68972],[28.1647,45.68873],[28.16499,45.68827],[28.1654,45.68758],[28.16566,45.68715],[28.16587,45.68669],[28.166,45.68634],[28.16611,45.68597],[28.16619,45.68559],[28.16623,45.68497],[28.16631,45.6837],[28.16639,45.68304],[28.16646,45.68262],[28.16658,45.68228],[28.16672,45.68198],[28.16695,45.68166],[28.16724,45.68136],[28.16783,45.68088],[28.16819,45.68068],[28.1686,45.68055],[28.1697,45.68026],[28.1705,45.68006],[28.17085,45.67994],[28.1711,45.67979],[28.17125,45.67965],[28.17132,45.67945],[28.17131,45.67926],[28.17125,45.67905],[28.17101,45.6788],[28.17037,45.67852],[28.16993,45.67825],[28.16962,45.67796],[28.16947,45.67768],[28.16944,45.67724],[28.16945,45.67693],[28.16953,45.67643],[28.16965,45.67602],[28.1698,45.67569],[28.17012,45.67517],[28.1704,45.67472],[28.17044,45.67457],[28.17037,45.67433],[28.17023,45.67405],[28.17004,45.67382],[28.16972,45.67353],[28.16934,45.67324],[28.16861,45.6727],[28.16811,45.67223],[28.16779,45.67181],[28.16747,45.67134],[28.16731,45.67112],[28.16713,45.67074],[28.16696,45.67031],[28.16685,45.66984],[28.16679,45.66901],[28.1668,45.66859],[28.16685,45.66777],[28.16684,45.66717],[28.16677,45.66669],[28.16666,45.66621],[28.1665,45.66589],[28.16631,45.66561],[28.165,45.66405],[28.16424,45.66319],[28.16303,45.66195],[28.16246,45.66116],[28.16219,45.66063],[28.16209,45.66025],[28.16206,45.65994],[28.16209,45.65963],[28.1622,45.65933],[28.16242,45.65894],[28.16268,45.65864],[28.16299,45.65832],[28.16352,45.6579],[28.16406,45.65746],[28.16453,45.65709],[28.16479,45.65682],[28.1651,45.6564],[28.16541,45.65591],[28.16573,45.65527],[28.16591,45.65479],[28.16602,45.65427],[28.16606,45.65379],[28.16597,45.65338],[28.16569,45.65298],[28.16537,45.65264],[28.16495,45.65234],[28.16446,45.65209],[28.16398,45.65192],[28.16346,45.65179],[28.1629,45.6517],[28.16233,45.65164],[28.16178,45.65164],[28.16103,45.65169],[28.16024,45.65177],[28.15929,45.65184],[28.15871,45.65182],[28.15834,45.65175],[28.15802,45.65158],[28.15786,45.65138],[28.15781,45.65115],[28.15784,45.65088],[28.15798,45.65054],[28.15824,45.65016],[28.15853,45.64995],[28.15899,45.64971],[28.15952,45.64948],[28.16002,45.64934],[28.16049,45.6493],[28.16104,45.6493],[28.16147,45.64933],[28.16228,45.64947],[28.16282,45.64953],[28.16331,45.64949],[28.164,45.64932],[28.16469,45.64904],[28.16521,45.64881],[28.16587,45.64858],[28.16645,45.64842],[28.16704,45.64837],[28.16771,45.64843],[28.16869,45.64875],[28.16954,45.64898],[28.17009,45.64902],[28.17051,45.64897],[28.17097,45.64885],[28.17184,45.64848],[28.17252,45.64807],[28.17273,45.64791],[28.17323,45.64746],[28.1735,45.64717],[28.17381,45.64676],[28.17402,45.64631],[28.1741,45.64604],[28.17415,45.64569],[28.17419,45.64529],[28.17419,45.64493],[28.17415,45.64458],[28.17398,45.64416],[28.17375,45.64386],[28.17294,45.64297],[28.17276,45.64268],[28.17264,45.64235],[28.17258,45.64174],[28.17247,45.64144],[28.17234,45.64114],[28.17214,45.64093],[28.17182,45.6407],[28.17145,45.64046],[28.17114,45.64034],[28.17083,45.64029],[28.17047,45.64031],[28.16947,45.64042],[28.16901,45.6404],[28.1686,45.6403],[28.16817,45.64016],[28.16751,45.64003],[28.16671,45.63999],[28.1664,45.63993],[28.16611,45.63981],[28.16588,45.63949],[28.16556,45.63891],[28.16516,45.63845],[28.16476,45.63816],[28.1644,45.63796],[28.16401,45.63784],[28.1636,45.63778],[28.16308,45.63778],[28.1623,45.63782],[28.16162,45.63779],[28.16085,45.63766],[28.15941,45.63736],[28.15856,45.63722],[28.158,45.63709],[28.15758,45.63698],[28.15719,45.63684],[28.15684,45.63666],[28.15658,45.63639],[28.15621,45.63592],[28.15583,45.63542],[28.15523,45.63478],[28.15439,45.63385],[28.15392,45.63336],[28.15335,45.63273],[28.15275,45.63213],[28.15245,45.63187],[28.15216,45.63161],[28.15192,45.63133],[28.15172,45.63104],[28.15151,45.63067],[28.15118,45.62985],[28.15075,45.62866],[28.15062,45.62834],[28.15045,45.62801],[28.15016,45.62745],[28.14985,45.62673],[28.14959,45.62619],[28.14932,45.6259],[28.149,45.62568],[28.1486,45.62553],[28.14822,45.62549],[28.14711,45.62543],[28.14658,45.62539],[28.14608,45.62528],[28.14578,45.62512],[28.14551,45.62487],[28.14537,45.62464],[28.14528,45.62433],[28.14526,45.62408],[28.14531,45.62378],[28.14535,45.6233],[28.14536,45.62275],[28.14529,45.62233],[28.14521,45.62203],[28.1451,45.62179],[28.14492,45.62162],[28.14474,45.62147],[28.14451,45.62135],[28.14421,45.62129],[28.14377,45.62131],[28.14328,45.62141],[28.14274,45.62161],[28.14206,45.62185],[28.14159,45.62207],[28.14125,45.62228],[28.14097,45.62257],[28.14073,45.62298],[28.14058,45.62347],[28.14045,45.62409],[28.14034,45.62447],[28.1402,45.62484],[28.14,45.62518],[28.13972,45.62543],[28.13936,45.62564],[28.13899,45.62573],[28.13859,45.62577],[28.13817,45.62578],[28.13779,45.62575],[28.1374,45.62568],[28.13679,45.62552],[28.13566,45.62516],[28.13428,45.6246],[28.13377,45.6244],[28.13254,45.62412],[28.13203,45.62404],[28.13132,45.62401],[28.13077,45.62395],[28.13029,45.62383],[28.13,45.62365],[28.1298,45.62346],[28.12976,45.62328],[28.1298,45.62306],[28.12992,45.62285],[28.13012,45.62261],[28.1308,45.62185],[28.13127,45.62145],[28.13168,45.62099],[28.13185,45.62066],[28.13195,45.62034],[28.132,45.62009],[28.13202,45.61982],[28.13199,45.61957],[28.13188,45.61931],[28.13165,45.61905],[28.13138,45.61883],[28.13109,45.6187],[28.13077,45.61867],[28.13042,45.61869],[28.13006,45.61879],[28.1296,45.61896],[28.12915,45.61915],[28.12839,45.61952],[28.12769,45.61984],[28.12694,45.62018],[28.12624,45.62059],[28.12469,45.62148],[28.12385,45.62204],[28.12303,45.62262],[28.12248,45.62314],[28.12206,45.62356],[28.12181,45.62404],[28.12168,45.62441],[28.12153,45.62523],[28.12143,45.62567],[28.1213,45.62619],[28.12112,45.6266],[28.12091,45.62694],[28.12043,45.62719],[28.11965,45.62733],[28.11641,45.62693],[28.11465,45.62687],[28.11394,45.62684],[28.11317,45.62668],[28.1126,45.6265],[28.11213,45.62628],[28.11183,45.62599],[28.11164,45.62572],[28.11149,45.62539],[28.11145,45.62508],[28.11155,45.62447],[28.11155,45.62409],[28.11149,45.62366],[28.11117,45.62296],[28.11103,45.6227],[28.11067,45.62221],[28.11047,45.62197],[28.1102,45.62173],[28.1099,45.62153],[28.10951,45.62129],[28.10919,45.62108],[28.10873,45.62076],[28.10822,45.62045],[28.1076,45.6201],[28.10709,45.61987],[28.10637,45.61966],[28.10547,45.61944],[28.10491,45.61934],[28.10398,45.61923],[28.10248,45.61898],[28.10134,45.61876],[28.10088,45.61863],[28.10026,45.61836],[28.10002,45.61818],[28.09988,45.61797],[28.09981,45.61765],[28.0998,45.61732],[28.09983,45.61693],[28.09979,45.61657],[28.0997,45.61627],[28.09953,45.61589],[28.09934,45.61565],[28.0988,45.61524],[28.09846,45.61503],[28.09689,45.61421],[28.09382,45.61267],[28.09291,45.6122],[28.09216,45.61177],[28.09122,45.6113],[28.09079,45.61106],[28.09037,45.61081],[28.09003,45.61057],[28.08979,45.61039],[28.08952,45.61013],[28.08919,45.60975],[28.08905,45.6095],[28.08894,45.60918],[28.08883,45.6088],[28.08879,45.60838],[28.08876,45.60794],[28.08873,45.60763],[28.08864,45.60695],[28.08857,45.60655],[28.08853,45.60606],[28.08852,45.60557],[28.08857,45.60509],[28.08869,45.60452],[28.0888,45.6042],[28.08895,45.60388],[28.0895,45.6029],[28.08992,45.60209],[28.09034,45.60114],[28.09054,45.60076],[28.09075,45.60035],[28.09091,45.60007],[28.0913,45.59946],[28.09152,45.59911],[28.09182,45.59868],[28.09206,45.59842],[28.09262,45.59796],[28.09301,45.5977],[28.09348,45.59748],[28.09394,45.59725],[28.09483,45.59702],[28.09566,45.59678],[28.09674,45.59651],[28.09778,45.59625],[28.09874,45.59606],[28.09958,45.59581],[28.10023,45.59555],[28.10071,45.59525],[28.10105,45.59499],[28.10147,45.59454],[28.102,45.59395],[28.10277,45.5931],[28.10295,45.59288],[28.10364,45.59196],[28.10392,45.59152],[28.10444,45.59056],[28.10493,45.58977],[28.1052,45.58915],[28.10541,45.58883],[28.10579,45.58833],[28.10615,45.58799],[28.10657,45.58772],[28.10687,45.58755],[28.1073,45.5874],[28.10794,45.58728],[28.10883,45.58719],[28.11022,45.58703],[28.11099,45.5869],[28.11164,45.58676],[28.11231,45.5866],[28.11271,45.58648],[28.11309,45.58629],[28.11332,45.58616],[28.11377,45.58578],[28.11402,45.58554],[28.11434,45.58522],[28.11518,45.58412],[28.11685,45.58205],[28.1177,45.58108],[28.1182,45.58052],[28.11851,45.58027],[28.11902,45.57998],[28.11948,45.57977],[28.11997,45.57957],[28.12044,45.57939],[28.12074,45.57928],[28.12103,45.57914],[28.12124,45.57897],[28.12134,45.57872],[28.12126,45.57853],[28.12096,45.5783],[28.12044,45.57808],[28.11936,45.57766],[28.11893,45.5774],[28.1185,45.57708],[28.11794,45.57662],[28.11741,45.57618],[28.11732,45.57602],[28.11725,45.57583],[28.11723,45.57565],[28.11724,45.57549],[28.11727,45.57534],[28.11738,45.5751],[28.11745,45.57495],[28.11756,45.5748],[28.11779,45.57459],[28.11802,45.57445],[28.11871,45.57398],[28.11985,45.57312],[28.12072,45.5724],[28.12112,45.57215],[28.12147,45.57197],[28.12177,45.57186],[28.12219,45.57182],[28.12247,45.57187],[28.12268,45.57197],[28.12281,45.57207],[28.12302,45.57233],[28.12335,45.57278],[28.12376,45.57326],[28.12409,45.57356],[28.12431,45.57376],[28.1246,45.57394],[28.1249,45.57406],[28.12517,45.57408],[28.1255,45.57403],[28.12572,45.57385],[28.12588,45.57322],[28.12588,45.57263],[28.12587,45.57232],[28.12579,45.57191],[28.12576,45.57154],[28.12582,45.57131],[28.1259,45.57112],[28.12602,45.57096],[28.12615,45.57088],[28.12638,45.57085],[28.12668,45.57089],[28.12698,45.57103],[28.12725,45.57121],[28.12756,45.57154],[28.12798,45.57202],[28.12826,45.57236],[28.12875,45.57309],[28.12909,45.57368],[28.12951,45.57439],[28.12977,45.57481],[28.12993,45.575],[28.1301,45.57516],[28.13029,45.57531],[28.13056,45.57546],[28.13086,45.57557],[28.1311,45.57561],[28.13137,45.57556],[28.1316,45.57539],[28.13178,45.57515],[28.13192,45.57468],[28.13199,45.57439],[28.13203,45.57384],[28.13217,45.57256],[28.13219,45.57208],[28.13221,45.5719],[28.13226,45.57166],[28.13233,45.57146],[28.13249,45.57126],[28.13268,45.57102],[28.13293,45.57085],[28.13323,45.57073],[28.13352,45.57071],[28.13383,45.57076],[28.13417,45.57089],[28.13456,45.57113],[28.13494,45.57143],[28.13527,45.57177],[28.13539,45.57192],[28.13554,45.57216],[28.13562,45.57235],[28.13568,45.57252],[28.13571,45.57267],[28.13574,45.57286],[28.13575,45.57293],[28.13574,45.57316],[28.1357,45.57351],[28.13563,45.57374],[28.13553,45.57402],[28.13523,45.57469],[28.13483,45.57565],[28.13469,45.57611],[28.13469,45.57639],[28.13473,45.57672],[28.1348,45.57701],[28.1349,45.57721],[28.13506,45.5774],[28.13531,45.57757],[28.13562,45.57764],[28.13607,45.57768],[28.13674,45.57768],[28.1376,45.57761],[28.1384,45.57752],[28.13904,45.57739],[28.13954,45.57723],[28.13993,45.57706],[28.14018,45.57692],[28.14043,45.57675],[28.14063,45.57652],[28.14077,45.57627],[28.14087,45.57591],[28.14095,45.57533],[28.14108,45.57468],[28.1412,45.57423],[28.14153,45.57352],[28.14235,45.57194],[28.14282,45.57105],[28.14294,45.57076],[28.1431,45.57006],[28.14324,45.56953],[28.14335,45.56914],[28.14361,45.56826],[28.14377,45.56782],[28.14394,45.56746],[28.14417,45.56699],[28.14445,45.56655],[28.14485,45.56614],[28.14516,45.56593],[28.14543,45.56586],[28.14575,45.56586],[28.14601,45.56592],[28.14626,45.56603],[28.14645,45.56614],[28.14696,45.56647],[28.14766,45.56696],[28.14795,45.56718],[28.14849,45.56761],[28.14884,45.56795],[28.1492,45.56835],[28.1494,45.56865],[28.14959,45.56895],[28.14986,45.56948],[28.15012,45.56998],[28.1504,45.57045],[28.15075,45.57097],[28.15107,45.57138],[28.15155,45.57194],[28.1521,45.57253],[28.15354,45.57395],[28.15404,45.57445],[28.15448,45.57482],[28.155,45.57518],[28.1553,45.57536],[28.15563,45.57549],[28.156,45.57555],[28.15629,45.57556],[28.1565,45.5755],[28.15668,45.57532],[28.15685,45.57502],[28.15697,45.57465],[28.15702,45.57434],[28.15704,45.57388],[28.15697,45.57311],[28.15697,45.57227],[28.15682,45.57057],[28.15671,45.5699],[28.15654,45.56929],[28.15599,45.56779],[28.15566,45.56705],[28.1552,45.5661],[28.15491,45.56563],[28.15462,45.56522],[28.15427,45.56485],[28.15411,45.56473],[28.15384,45.56454],[28.1535,45.56437],[28.15313,45.56427],[28.15234,45.56418],[28.15154,45.56409],[28.15102,45.56403],[28.15038,45.56395],[28.14976,45.5638],[28.14917,45.56357],[28.1488,45.56333],[28.1485,45.56308],[28.1483,45.56283],[28.1482,45.56256],[28.14818,45.5623],[28.14824,45.56202],[28.14836,45.56181],[28.14863,45.56161],[28.14896,45.56143],[28.14955,45.56123],[28.15025,45.56106],[28.15097,45.56091],[28.15155,45.56082],[28.15203,45.56078],[28.15263,45.56078],[28.15329,45.56087],[28.15444,45.56107],[28.15535,45.56117],[28.15657,45.56125],[28.15726,45.56125],[28.15794,45.56121],[28.1584,45.56114],[28.15875,45.561],[28.15895,45.56087],[28.15905,45.56066],[28.15908,45.56032],[28.15902,45.56013],[28.1589,45.55986],[28.1586,45.55945],[28.158,45.5587],[28.15763,45.55837],[28.15703,45.55795],[28.15665,45.55762],[28.15641,45.55736],[28.15609,45.55696],[28.15571,45.55637],[28.15555,45.556],[28.1554,45.55559],[28.15531,45.55525],[28.15527,45.5548],[28.15534,45.55446],[28.15547,45.55414],[28.15572,45.55374],[28.15597,45.55342],[28.15632,45.55309],[28.15798,45.55167],[28.15871,45.55101],[28.15894,45.55076],[28.15917,45.55048],[28.15953,45.54985],[28.15981,45.54925],[28.16022,45.54836],[28.16045,45.54782],[28.1607,45.5473],[28.16086,45.54709],[28.16105,45.54691],[28.16134,45.54669],[28.16165,45.54651],[28.162,45.54637],[28.16231,45.54627],[28.16271,45.54617],[28.16328,45.5461],[28.16436,45.54608],[28.16498,45.54592],[28.16524,45.54576],[28.16539,45.54548],[28.1656,45.54456],[28.16588,45.54344],[28.16594,45.5417],[28.16591,45.54035],[28.16584,45.53875],[28.16567,45.53734],[28.16543,45.53632],[28.16513,45.53564],[28.16488,45.53524],[28.16453,45.5349],[28.16371,45.53437],[28.16324,45.53416],[28.16255,45.53382],[28.1622,45.53348],[28.16209,45.53325],[28.16216,45.53308],[28.16231,45.5329],[28.16303,45.53268],[28.16359,45.53239],[28.16425,45.53189],[28.16468,45.53151],[28.16518,45.53095],[28.16598,45.52971],[28.16636,45.52895],[28.16651,45.52836],[28.1664,45.52781],[28.16624,45.52737],[28.16601,45.52689],[28.16594,45.52627],[28.16577,45.52515],[28.16545,45.52447],[28.16504,45.52411],[28.16468,45.52395],[28.16432,45.52394],[28.16403,45.52407],[28.16347,45.52456],[28.16281,45.52495],[28.16233,45.52512],[28.16183,45.52524],[28.16037,45.52547],[28.15947,45.52553],[28.15875,45.5255],[28.15752,45.52531],[28.15695,45.52504],[28.15669,45.52455],[28.15679,45.52414],[28.15723,45.52368],[28.15774,45.52331],[28.15931,45.52258],[28.16075,45.5221],[28.16316,45.52151],[28.16505,45.52098],[28.16585,45.5206],[28.16626,45.52019],[28.16631,45.51979],[28.1662,45.51901],[28.16593,45.51819],[28.16541,45.51724],[28.16436,45.51558],[28.16359,45.51429],[28.16305,45.51322],[28.16218,45.51189],[28.16171,45.51137],[28.16112,45.511],[28.16065,45.51083],[28.16008,45.51079],[28.15909,45.51079],[28.15737,45.51085],[28.15561,45.51066],[28.15448,45.51038],[28.15399,45.51004],[28.15391,45.50985],[28.15393,45.50968],[28.15432,45.5095],[28.15558,45.50907],[28.15692,45.50878],[28.15852,45.50861],[28.16148,45.50865],[28.16202,45.50863],[28.16243,45.50858],[28.16317,45.50844],[28.16361,45.50828],[28.1641,45.50803],[28.16423,45.50784],[28.16438,45.50758],[28.16438,45.50711],[28.16423,45.50664],[28.16392,45.50614],[28.1634,45.50449],[28.163,45.50323],[28.16254,45.50209],[28.16207,45.50065],[28.16211,45.50043],[28.16222,45.50022],[28.16241,45.50003],[28.16268,45.49998],[28.16292,45.49999],[28.16393,45.50015],[28.16508,45.5002],[28.16585,45.50023],[28.1665,45.50031],[28.16781,45.5006],[28.16999,45.50119],[28.17081,45.50131],[28.17151,45.50127],[28.17203,45.50104],[28.17231,45.50073],[28.17292,45.49984],[28.17377,45.49864],[28.17461,45.4976],[28.17544,45.49664],[28.17577,45.49625],[28.17618,45.49561],[28.17659,45.49463],[28.177,45.49349],[28.1776,45.49114],[28.17778,45.49005],[28.17829,45.48747],[28.17867,45.48575],[28.1789,45.48492],[28.17925,45.48408],[28.17942,45.48377],[28.17964,45.48352],[28.17987,45.48335],[28.18024,45.48316],[28.18094,45.48293],[28.18173,45.48273],[28.18214,45.48258],[28.18254,45.48235],[28.1829,45.48201],[28.18322,45.48156],[28.18343,45.48104],[28.18386,45.48023],[28.18416,45.47951],[28.18472,45.4774],[28.1852,45.47582],[28.18552,45.47511],[28.18577,45.47469],[28.18604,45.47432],[28.18642,45.474],[28.18688,45.4737],[28.18773,45.47341],[28.1893,45.473],[28.19115,45.47262],[28.19201,45.47247],[28.1943,45.47222],[28.19735,45.47146],[28.1988,45.47101],[28.20033,45.47082],[28.20222,45.47049],[28.20498,45.46981],[28.20729,45.46905],[28.21082,45.46771],[28.21435,45.46734],[28.21884,45.46663],[28.22101,45.46645],[28.22299,45.46631],[28.22504,45.46605],[28.22721,45.46564],[28.22902,45.4652],[28.23141,45.46453],[28.2374,45.46282],[28.24421,45.46091],[28.25302,45.45828],[28.26025,45.45609],[28.2654,45.45431],[28.26736,45.45345],[28.26993,45.45231],[28.27278,45.45064],[28.27869,45.44563],[28.28097,45.44289],[28.28222,45.44127],[28.286,45.43376],[28.28678,45.4302],[28.28674,45.42909],[28.28691,45.42694],[28.28654,45.42384],[28.28552,45.41946],[28.28488,45.41559],[28.28432,45.41088],[28.28432,45.40747],[28.28476,45.40464],[28.2854,45.40213],[28.28659,45.3991],[28.2887,45.39568],[28.29127,45.39207],[28.29714,45.38491],[28.29729,45.38483],[28.2991,45.38234],[28.29992,45.38146],[28.30476,45.37559],[28.30697,45.3722],[28.30797,45.37073],[28.31466,45.36156],[28.31667,45.35876],[28.31803,45.35697],[28.32954,45.33863],[28.33363,45.33305],[28.33497,45.33104],[28.33832,45.32824],[28.34089,45.32612],[28.34976,45.32018],[28.35123,45.31964],[28.35418,45.31857],[28.35844,45.31712],[28.38058,45.30966],[28.38881,45.30717],[28.40618,45.30204],[28.40892,45.30111],[28.41426,45.29941],[28.4182,45.29792],[28.42461,45.29594],[28.43038,45.29387],[28.43356,45.29288],[28.43672,45.29195],[28.45377,45.28799],[28.45658,45.2871],[28.46,45.28583],[28.4923,45.27564],[28.49854,45.27378],[28.51515,45.26738],[28.53159,45.26283],[28.54185,45.25927],[28.55142,45.25506],[28.55985,45.25021],[28.56486,45.24843],[28.56861,45.24797],[28.59098,45.24599],[28.61308,45.24449],[28.63152,45.24309],[28.64372,45.24219],[28.65212,45.2411],[28.65997,45.23888],[28.68054,45.23221],[28.69005,45.22863],[28.69782,45.22671],[28.70291,45.22508],[28.70881,45.22392],[28.71929,45.22407],[28.72966,45.22696],[28.73669,45.23032],[28.73788,45.23089],[28.74462,45.23361],[28.75014,45.23472],[28.75807,45.23544],[28.76963,45.23614],[28.78079,45.23732],[28.78752,45.23889],[28.78994,45.23983],[28.79211,45.24142],[28.79402,45.24473],[28.79473,45.24841],[28.79423,45.25201],[28.79226,45.25637],[28.78906,45.25932],[28.78411,45.26161],[28.77955,45.2621],[28.77444,45.26194],[28.76839,45.26216],[28.76598,45.26273],[28.76384,45.26341],[28.75849,45.26693],[28.75571,45.2712],[28.75269,45.2785],[28.75234,45.28325],[28.75294,45.28568],[28.7549,45.28828],[28.75808,45.29016],[28.76287,45.2914],[28.768,45.29175],[28.7759,45.29169],[28.78474,45.2912],[28.78822,45.29131],[28.79085,45.29179],[28.79399,45.2932],[28.79789,45.29629],[28.80224,45.30094],[28.80498,45.30473],[28.8061,45.30717],[28.80616,45.31057],[28.80548,45.31266],[28.80398,45.31408],[28.80052,45.31541],[28.79075,45.31842],[28.78506,45.32049],[28.78163,45.32258],[28.78035,45.32455],[28.78024,45.32628],[28.78099,45.3275],[28.78116,45.32779],[28.78393,45.32934],[28.78763,45.33078],[28.79204,45.33201],[28.79584,45.33324],[28.79769,45.33406],[28.80384,45.3356],[28.80815,45.33622],[28.81554,45.33622],[28.82273,45.33355],[28.83022,45.32677],[28.83894,45.31969],[28.84479,45.31723],[28.85403,45.3161],[28.86398,45.31661],[28.86799,45.31733],[28.87363,45.31651],[28.87753,45.31477],[28.87979,45.31261],[28.89323,45.30194],[28.91653,45.28593],[28.92587,45.28141],[28.92967,45.28069],[28.93685,45.27998],[28.94506,45.28069],[28.9503,45.28377],[28.95255,45.28593],[28.95389,45.2887],[28.95522,45.29342],[28.95512,45.29742],[28.95286,45.30194],[28.9503,45.30656],[28.95101,45.31117],[28.9543,45.31733],[28.95861,45.32277],[28.9623,45.32688],[28.9661,45.32975],[28.96887,45.3317],[28.97277,45.33263],[28.97636,45.33232],[28.9817,45.3315],[28.98457,45.33129],[28.98775,45.33334],[28.99838,45.33773],[29.00297,45.34168],[29.00831,45.34454],[29.01291,45.34615],[29.02998,45.35169],[29.03358,45.35363],[29.03656,45.35592],[29.04006,45.35875],[29.04183,45.35975],[29.04253,45.36006],[29.04394,45.3603],[29.0446,45.36036],[29.04556,45.3603],[29.04642,45.36019],[29.04888,45.35968],[29.0525,45.35951],[29.05401,45.35955],[29.05669,45.35999],[29.06128,45.36155],[29.06504,45.3632],[29.06715,45.36414],[29.07426,45.36695],[29.07777,45.36923],[29.07942,45.37082],[29.08049,45.37176],[29.08122,45.37262],[29.08195,45.37314],[29.08298,45.37354],[29.08403,45.37376],[29.0859,45.37402],[29.08656,45.37409],[29.09448,45.37461],[29.09793,45.37439],[29.10441,45.37426],[29.10575,45.37461],[29.10739,45.37497],[29.11073,45.3763],[29.11519,45.37896],[29.11681,45.37997],[29.11804,45.38052],[29.11982,45.38103],[29.12125,45.38146],[29.12213,45.38184],[29.12355,45.38219],[29.12463,45.38232],[29.12599,45.38252],[29.1274,45.38265],[29.12852,45.38269],[29.12933,45.38267],[29.13747,45.38436],[29.14571,45.38673],[29.14926,45.38803],[29.15521,45.39001],[29.16051,45.39163],[29.16887,45.39415],[29.17421,45.39613],[29.17594,45.39714],[29.17792,45.39831],[29.17946,45.39986],[29.18178,45.40511],[29.18312,45.40772],[29.18444,45.40955],[29.1856,45.41082],[29.18804,45.41209],[29.19241,45.414],[29.19551,45.41528],[29.19902,45.4162],[29.2006,45.41679],[29.20225,45.41714],[29.20359,45.41717],[29.21241,45.41754],[29.21461,45.41824],[29.21742,45.41936],[29.22416,45.42233],[29.22513,45.42312],[29.22715,45.42443],[29.23529,45.43067],[29.23749,45.43175],[29.23929,45.43225],[29.24236,45.43295],[29.24403,45.43361],[29.245,45.43401],[29.24599,45.43442],[29.24746,45.43508],[29.24834,45.43528],[29.25009,45.43506],[29.25281,45.43449],[29.25343,45.43429],[29.25512,45.43407],[29.25626,45.43409],[29.2572,45.43396],[29.25832,45.43368],[29.27174,45.42913],[29.27907,45.42698],[29.28331,45.42674],[29.28827,45.42689],[29.29205,45.42775],[29.29598,45.42891],[29.29914,45.43012],[29.30158,45.43139],[29.30635,45.43517],[29.30929,45.43763],[29.31166,45.43985],[29.31236,45.44108],[29.31726,45.44501],[29.31961,45.44611],[29.32167,45.44692],[29.32279,45.44734],[29.32457,45.44773],[29.32608,45.44802],[29.32705,45.44821],[29.32808,45.44821],[29.33146,45.44802],[29.33539,45.44716],[29.33766,45.44619],[29.34154,45.4434],[29.34923,45.43822],[29.35008,45.43776],[29.35182,45.43752],[29.35368,45.43724],[29.35513,45.43724],[29.3574,45.43717],[29.364,45.43765],[29.36725,45.43772],[29.3693,45.4377],[29.37118,45.43776],[29.37408,45.43792],[29.37674,45.43862],[29.37856,45.43917],[29.37955,45.43947],[29.3806,45.43954],[29.38181,45.43963],[29.383,45.43937],[29.38379,45.4391],[29.38499,45.43851],[29.38614,45.43796],[29.38693,45.43754],[29.38928,45.4364],[29.39117,45.43605],[29.39334,45.43605],[29.3947,45.43618],[29.39588,45.43642],[29.3976,45.43671],[29.39881,45.43697],[29.39876,45.4375],[29.39865,45.43818],[29.39865,45.43879],[29.39903,45.43908],[29.39955,45.43917],[29.40115,45.4389],[29.40291,45.43871],[29.40418,45.43868],[29.40548,45.4389],[29.41699,45.44158],[29.42129,45.44248],[29.42412,45.44305],[29.42761,45.44312],[29.429,45.44292],[29.4299,45.44255],[29.43084,45.44182],[29.43185,45.44121],[29.43686,45.43576],[29.43901,45.4342],[29.44292,45.43306],[29.44722,45.43201],[29.45368,45.43078],[29.45541,45.43012],[29.45772,45.42964],[29.45903,45.4294],[29.46832,45.42593],[29.47559,45.42316],[29.48349,45.42138],[29.48936,45.4207],[29.49344,45.42031],[29.49504,45.42004],[29.49733,45.41941],[29.4984,45.4191],[29.50096,45.41864],[29.50591,45.41745],[29.51704,45.41504],[29.5198,45.41459],[29.52251,45.414],[29.54212,45.41034],[29.54674,45.40936],[29.54886,45.40928],[29.54997,45.4092],[29.55053,45.40897],[29.55311,45.40712],[29.56415,45.40142],[29.56837,45.39952],[29.57401,45.39715],[29.5909,45.38939],[29.59306,45.38879],[29.59397,45.38852],[29.59448,45.38825],[29.59494,45.3879],[29.5952,45.38746],[29.59573,45.38665],[29.59614,45.38603],[29.5966,45.38505],[29.59708,45.38421],[29.59737,45.38374],[29.59772,45.38328],[29.59799,45.38303],[29.59839,45.3827],[29.59895,45.3824],[29.5997,45.38191],[29.60061,45.38139],[29.60138,45.38089],[29.60369,45.37933],[29.60542,45.3781],[29.61478,45.36959],[29.61965,45.3646],[29.62214,45.36235],[29.62657,45.35776],[29.62811,45.35661],[29.62915,45.35565],[29.63065,45.35437],[29.63229,45.35287],[29.63358,45.35187],[29.63398,45.35154],[29.64906,45.3413],[29.65037,45.34043],[29.65112,45.3397],[29.65131,45.33924],[29.6512,45.33839],[29.65114,45.338],[29.65262,45.33714],[29.65339,45.33673],[29.65428,45.33608],[29.65476,45.33558],[29.65545,45.33479],[29.65582,45.33407],[29.65613,45.33346],[29.65628,45.33296],[29.65639,45.33283],[29.65691,45.3326],[29.65716,45.33252],[29.65735,45.33242],[29.6575,45.33235],[29.65765,45.33225],[29.65821,45.33119],[29.65843,45.33041],[29.65879,45.32928],[29.65894,45.32862],[29.66052,45.32614],[29.66158,45.32443],[29.66223,45.32327],[29.66273,45.32227],[29.66288,45.32109],[29.66499,45.31609],[29.6652,45.31451],[29.66744,45.31089],[29.6686,45.30848],[29.66924,45.30631],[29.66941,45.30298],[29.66941,45.29682],[29.66979,45.2946],[29.67084,45.29144],[29.67299,45.28685],[29.67488,45.28227],[29.67568,45.27955],[29.67623,45.27738],[29.67849,45.26841],[29.67496,45.26656],[29.67154,45.26525],[29.67025,45.26461],[29.66916,45.2638],[29.66721,45.26246],[29.66628,45.26187],[29.66427,45.26066],[29.664,45.26043],[29.66369,45.26006],[29.6634,45.25957],[29.66175,45.25563],[29.66023,45.25219],[29.65993,45.25151],[29.65978,45.25069],[29.65964,45.24973],[29.65981,45.24845],[29.65998,45.24746],[29.66056,45.24606],[29.66123,45.24467],[29.66152,45.24364],[29.66184,45.24207],[29.66195,45.24121],[29.66211,45.23956],[29.66219,45.23887],[29.66235,45.23827],[29.6626,45.23774],[29.66321,45.23682],[29.66427,45.23516],[29.66733,45.23094],[29.66798,45.22994],[29.66828,45.22931],[29.6686,45.22855],[29.66906,45.22691],[29.6695,45.22474],[29.66984,45.22337],[29.6705,45.22147],[29.67089,45.22062],[29.67139,45.21991],[29.67243,45.21859],[29.67366,45.21729],[29.67604,45.21468],[29.6767,45.21396],[29.67449,45.21357],[29.65903,45.21589],[29.65016,45.21723],[29.62387,45.2165],[29.62387,45.21027],[29.63884,45.19562],[29.64975,45.1778],[29.667,45.16421],[29.69956,45.16181],[29.67652,45.1446],[29.6644,45.11693],[29.65626,45.02896],[29.65073,45.01211],[29.63754,44.98371],[29.63494,44.96955],[29.63364,44.95336],[29.63087,44.93867],[29.62387,44.9291],[29.63038,44.90766],[29.60515,44.88003],[29.61785,44.86148],[29.61118,44.84931],[29.6032,44.8454],[29.59376,44.84431],[29.58351,44.84028],[29.56935,44.8249],[29.56178,44.82026],[29.542,44.82783],[29.5311,44.82624],[29.52052,44.8225],[29.511,44.8205],[29.31593,44.79877],[29.19207,44.79287],[29.1561,44.78441],[29.05584,44.73517],[29.02638,44.71467],[29.00074,44.68891],[28.99391,44.69636],[28.99488,44.71113],[28.98129,44.72944],[28.97495,44.74494],[28.99733,44.75161],[29.0215,44.75471],[29.05828,44.7683],[29.09815,44.77538],[29.12062,44.78657],[29.13868,44.80402],[29.1447,44.82665],[29.13884,44.83918],[29.12599,44.85248],[29.09636,44.87507],[29.10182,44.85912],[29.10336,44.8513],[29.10377,44.84028],[29.0879,44.84272],[29.0735,44.83543],[29.06031,44.83234],[29.04859,44.84715],[29.04412,44.86555],[29.04176,44.92569],[29.05209,44.94465],[29.09881,44.95698],[29.11061,44.97004],[29.10174,44.98029],[29.05828,45.00096],[29.04518,45.00483],[29.01441,45.00483],[28.98325,45.01227],[28.97283,45.01097],[28.96925,45.00585],[28.96608,44.99657],[28.96022,44.9877],[28.94923,44.98371],[28.92701,44.98261],[28.91684,44.97968],[28.88006,44.95478],[28.8694,44.94335],[28.86354,44.92231],[28.86508,44.91657],[28.87436,44.91157],[28.87664,44.90485],[28.87468,44.89912],[28.87013,44.89643],[28.86549,44.89468],[28.86354,44.89155],[28.86647,44.88264],[28.87355,44.87499],[28.88152,44.8697],[28.90406,44.86274],[28.9524,44.82665],[28.93971,44.81688],[28.93409,44.81419],[28.92498,44.81306],[28.93442,44.80752],[28.93873,44.80622],[28.93873,44.79877],[28.92628,44.79295],[28.92547,44.78368],[28.93295,44.77351],[28.94614,44.7652],[28.93637,44.75995],[28.92384,44.7578],[28.8794,44.75658],[28.86883,44.75357],[28.80844,44.72687],[28.79835,44.7202],[28.78883,44.70624],[28.78712,44.69331],[28.79371,44.68789],[28.80836,44.69636],[28.80421,44.68423],[28.78541,44.67967],[28.78102,44.66527],[28.78403,44.64924],[28.79249,44.64472],[28.84555,44.65156],[28.86948,44.66181],[28.89137,44.67719],[28.91196,44.69636],[28.89772,44.71678],[28.96746,44.70099],[28.98341,44.69261],[28.98756,44.67528],[28.97934,44.65534],[28.96209,44.63939],[28.93873,44.63426],[28.95639,44.65111],[28.97267,44.67023],[28.97535,44.68684],[28.9524,44.69636],[28.9524,44.68891],[28.95997,44.68195],[28.95777,44.67878],[28.93873,44.67524],[28.92416,44.68207],[28.91822,44.68268],[28.91383,44.67992],[28.90943,44.6752],[28.90455,44.6684],[28.88543,44.65811],[28.85418,44.63435],[28.83627,44.62743],[28.78785,44.60961],[28.77418,44.60077],[28.79152,44.62385],[28.79469,44.63426],[28.7798,44.63581],[28.76694,44.63373],[28.75782,44.62678],[28.75367,44.61376],[28.76677,44.61376],[28.76059,44.6037],[28.76441,44.59589],[28.77443,44.59016],[28.78785,44.58649],[28.74806,44.57779],[28.73268,44.56786],[28.73268,44.55231],[28.73715,44.55707],[28.74391,44.562],[28.74692,44.56598],[28.76108,44.56021],[28.77418,44.55231],[28.76564,44.53889],[28.75343,44.51349],[28.74562,44.48615],[28.75025,44.4667],[28.75847,44.46528],[28.76637,44.4726],[28.77198,44.48371],[28.77833,44.50739],[28.7881,44.51537],[28.80836,44.52505],[28.83815,44.55402],[28.85564,44.56769],[28.87355,44.57343],[28.89243,44.57705],[28.90626,44.58771],[28.91489,44.60139],[28.92498,44.62055],[28.91847,44.60102],[28.90968,44.58422],[28.844,44.49372],[28.79672,44.46792],[28.70655,44.38105],[28.6963,44.35834],[28.69313,44.34614],[28.68019,44.35334],[28.6644,44.34837],[28.65122,44.34003],[28.64088,44.32856],[28.6351,44.31639],[28.63234,44.30244],[28.63103,44.26435],[28.63527,44.25202],[28.65122,44.23078],[28.66521,44.19929],[28.66814,44.18431],[28.66489,44.1756],[28.67172,44.16869],[28.65838,44.17446],[28.64584,44.17202],[28.63624,44.16429],[28.63087,44.15449],[28.63746,44.13589],[28.65414,44.05492],[28.67123,44.00332],[28.67172,43.99738],[28.66912,43.98916],[28.66,43.9798],[28.65496,43.96137],[28.64088,43.9322],[28.63771,43.91865],[28.61378,43.88418],[28.60939,43.8745],[28.59352,43.81952],[28.58766,43.81025],[28.58448,43.80085],[28.5892,43.79133],[28.58481,43.78242],[28.58253,43.77237],[28.58188,43.7617],[28.58302,43.75104],[28.57838,43.74128],[28.57794,43.73852],[28.57255,43.73849],[28.56916,43.73838],[28.56697,43.73829],[28.56223,43.73811],[28.55349,43.73779],[28.55036,43.73767],[28.54538,43.73749],[28.54319,43.73741],[28.53887,43.73726],[28.53517,43.73711],[28.53136,43.73698],[28.52744,43.73682],[28.51681,43.73643],[28.513,43.73628],[28.50778,43.73612],[28.5052,43.736],[28.50144,43.73586],[28.49879,43.73574],[28.49263,43.73549],[28.48928,43.73537],[28.48596,43.73525],[28.47965,43.735],[28.46755,43.73451],[28.46429,43.73439],[28.45697,43.7341],[28.45388,43.73395],[28.44998,43.73381],[28.44635,43.73367],[28.44285,43.73429],[28.43882,43.73505],[28.43546,43.73569],[28.43129,43.73649],[28.4276,43.73719],[28.42266,43.73815],[28.40855,43.74085],[28.40135,43.74224],[28.39831,43.7428],[28.39499,43.74343],[28.39197,43.744],[28.38874,43.74462],[28.3812,43.74603],[28.37437,43.74733],[28.37068,43.74803],[28.36766,43.74858],[28.36363,43.74934],[28.35546,43.7509],[28.34859,43.75219],[28.34521,43.75239],[28.34102,43.75263],[28.3367,43.75286],[28.32843,43.75332],[28.32389,43.75357],[28.31594,43.75401],[28.31145,43.75427],[28.30381,43.7547],[28.30015,43.75492],[28.29664,43.75511],[28.2933,43.7553],[28.28332,43.75585],[28.27998,43.75604],[28.27334,43.7564],[28.26636,43.75683],[28.25819,43.75727],[28.25377,43.75753],[28.25013,43.75772],[28.24627,43.75794],[28.24225,43.75815],[28.23913,43.75831],[28.23628,43.75847],[28.23386,43.75925],[28.23147,43.76004],[28.22834,43.76104],[28.22171,43.76317],[28.21933,43.76395],[28.21601,43.76502],[28.21217,43.76627],[28.20959,43.76709],[28.20612,43.76819],[28.20268,43.76931],[28.19641,43.77128],[28.193,43.77241],[28.18614,43.77463],[28.18241,43.77582],[28.17857,43.77708],[28.17445,43.7784],[28.17078,43.77959],[28.1667,43.78089],[28.16296,43.78209],[28.15945,43.78323],[28.15556,43.78448],[28.14929,43.78649],[28.1493,43.78649],[28.14485,43.78793],[28.13985,43.78952],[28.12996,43.79271],[28.12526,43.79424],[28.12084,43.79566],[28.11622,43.79714],[28.11169,43.79891],[28.0987,43.80414],[28.09552,43.80542],[28.08776,43.80853],[28.08267,43.81059],[28.07808,43.81243],[28.06897,43.81606],[28.06172,43.81899],[28.05043,43.82341],[28.04446,43.82574],[28.04033,43.82737],[28.03629,43.82893],[28.03181,43.83071],[28.02754,43.83237],[28.02288,43.83416],[28.01993,43.83531],[28.01738,43.8363],[28.01587,43.83688],[28.0105,43.8384],[28.00735,43.83926],[27.99729,43.8421],[27.99428,43.84291],[27.99269,43.84818],[27.99084,43.85416],[27.98954,43.85821],[27.98752,43.86487],[27.98471,43.87386],[27.98296,43.87967],[27.98219,43.8823],[27.981,43.88613],[27.97936,43.89156],[27.97827,43.89502],[27.9773,43.8982],[27.97649,43.90094],[27.97594,43.90183],[27.97478,43.90383],[27.9738,43.90562],[27.97227,43.9083],[27.97071,43.91108],[27.9668,43.91798],[27.96477,43.92159],[27.96318,43.92435],[27.96197,43.92649],[27.96086,43.9284],[27.95944,43.93093],[27.95753,43.93423],[27.95532,43.93813],[27.95424,43.93999],[27.95376,43.94219],[27.95306,43.94524],[27.95206,43.94976],[27.95134,43.95308],[27.95057,43.95654],[27.94997,43.95912],[27.94924,43.96259],[27.9483,43.96685],[27.94753,43.97027],[27.94645,43.97492],[27.94551,43.97921],[27.94491,43.98209],[27.94437,43.98479],[27.94214,43.98662],[27.93663,43.99133],[27.93351,43.99406],[27.93101,43.99612],[27.92787,43.99885],[27.92489,44.00141],[27.92354,44.00257],[27.92145,44.00437],[27.91971,44.0059],[27.91843,44.00694],[27.91685,44.00828],[27.9135,44.00639],[27.9092,44.00393],[27.89924,43.9982],[27.89563,43.99618],[27.89466,43.99562],[27.88964,43.99274],[27.87944,43.98691],[27.87448,43.98406],[27.87231,43.98284],[27.86866,43.98074],[27.86716,43.97991],[27.86152,43.97666],[27.85669,43.97389],[27.85404,43.97239],[27.85237,43.97142],[27.85086,43.97057],[27.8434,43.9663],[27.84084,43.96616],[27.83624,43.9657],[27.83088,43.96521],[27.82548,43.96474],[27.82027,43.96425],[27.81034,43.96337],[27.80628,43.96301],[27.80481,43.96288],[27.79959,43.96238],[27.79285,43.96175],[27.7708,43.9598],[27.75978,43.95884],[27.75462,43.95843],[27.75061,43.95727],[27.74574,43.95584],[27.74147,43.95457],[27.73795,43.9535],[27.73535,43.95368],[27.73254,43.95384],[27.73233,43.95386],[27.73067,43.95419],[27.73019,43.95432],[27.72752,43.95557],[27.72142,43.95687],[27.7155,43.95815],[27.71008,43.95934],[27.70893,43.96156],[27.7068,43.96573],[27.70516,43.9689],[27.7035,43.97215],[27.70045,43.97802],[27.69897,43.98088],[27.69731,43.98403],[27.69484,43.98876],[27.69207,43.99415],[27.68996,43.99826],[27.68784,44.00232],[27.68558,44.00668],[27.68405,44.00976],[27.68217,44.01316],[27.6809,44.01572],[27.67895,44.01948],[27.67682,44.02354],[27.67481,44.02757],[27.67359,44.02979],[27.66381,44.0357],[27.66147,44.03713],[27.65655,44.04011],[27.65239,44.0426],[27.64357,44.048],[27.63893,44.04263],[27.63515,44.03839],[27.63093,44.03361],[27.62717,44.02932],[27.62024,44.02153],[27.61641,44.01722],[27.61197,44.0122],[27.59859,44.01316],[27.59038,44.01377],[27.58054,44.01446],[27.57157,44.01515],[27.56289,44.01578],[27.55364,44.01643],[27.54501,44.01703],[27.53677,44.01765],[27.53028,44.01811],[27.52623,44.01838],[27.52007,44.0188],[27.51181,44.0194],[27.50593,44.01986],[27.49619,44.02053],[27.48778,44.02116],[27.47898,44.02175],[27.46892,44.0225],[27.46241,44.02151],[27.45878,44.02099],[27.45404,44.02036],[27.44319,44.01873],[27.43312,44.01722],[27.42418,44.01595],[27.41666,44.01483],[27.40736,44.01344],[27.39945,44.01223],[27.3957,44.01571],[27.39164,44.01953],[27.38805,44.02285],[27.38424,44.02643],[27.38104,44.02947],[27.37578,44.03437],[27.37245,44.03739],[27.37143,44.03833],[27.37095,44.03884],[27.37028,44.03977],[27.36898,44.04148],[27.36601,44.04548],[27.3644,44.0477],[27.36309,44.04942],[27.36157,44.05154],[27.36021,44.05333],[27.35746,44.057],[27.35619,44.0587],[27.35372,44.05931],[27.34686,44.06098],[27.34038,44.06256],[27.33406,44.06409],[27.32798,44.06558],[27.3215,44.06714],[27.31449,44.06888],[27.30837,44.07037],[27.30364,44.07173],[27.2968,44.07356],[27.29389,44.07437],[27.29098,44.07523],[27.29072,44.07698],[27.29077,44.08291],[27.29061,44.0836],[27.29036,44.08409],[27.28964,44.08477],[27.28925,44.0851],[27.28878,44.08546],[27.28826,44.0859],[27.28781,44.08631],[27.28753,44.08661],[27.28718,44.08704],[27.28701,44.08728],[27.28652,44.08788],[27.28589,44.08862],[27.28516,44.08956],[27.28491,44.08985],[27.28468,44.09006],[27.28448,44.0902],[27.2838,44.0906],[27.28325,44.09098],[27.28162,44.09232],[27.28044,44.09332],[27.27959,44.09407],[27.27942,44.09423],[27.27927,44.09445],[27.27902,44.09489],[27.27856,44.09563],[27.27792,44.09679],[27.27779,44.09704],[27.27757,44.09774],[27.2773,44.09846],[27.27694,44.09939],[27.27677,44.09989],[27.27664,44.10043],[27.27651,44.10102],[27.27642,44.10156],[27.27629,44.1024],[27.27614,44.10314],[27.2761,44.10338],[27.27611,44.10359],[27.27621,44.10434],[27.27623,44.10497],[27.27627,44.10506],[27.2764,44.1053],[27.27652,44.10554],[27.2766,44.10565],[27.2775,44.10645],[27.27813,44.10701],[27.27855,44.10744],[27.27863,44.1075],[27.27872,44.10755],[27.279,44.10763],[27.27986,44.1079],[27.28287,44.10865],[27.28351,44.10882],[27.28405,44.10905],[27.28421,44.10915],[27.28428,44.10925],[27.2844,44.10974],[27.2844,44.10982],[27.28438,44.10986],[27.28433,44.1099],[27.28407,44.11009],[27.28382,44.11032],[27.2836,44.11054],[27.28327,44.11087],[27.28301,44.1111],[27.28286,44.11121],[27.28255,44.1114],[27.28144,44.11199],[27.28107,44.1122],[27.28062,44.11248],[27.27983,44.11293],[27.27951,44.11313],[27.279,44.11352],[27.27849,44.11392],[27.27713,44.11495],[27.277,44.11507],[27.27678,44.11526],[27.27662,44.11549],[27.27639,44.11588],[27.27624,44.11619],[27.27606,44.11658],[27.27582,44.1179],[27.2758,44.11822],[27.27582,44.11853],[27.27588,44.11882],[27.27594,44.11902],[27.27612,44.11942],[27.27636,44.12002],[27.27653,44.12049],[27.27673,44.12112],[27.27696,44.12192],[27.27703,44.12206],[27.27713,44.12218],[27.27771,44.12266],[27.27631,44.12466],[27.27275,44.12659],[27.27146,44.12674],[27.26736,44.12677],[27.2621,44.12627],[27.25744,44.12518],[27.24881,44.11858],[27.24738,44.11854],[27.24567,44.1187],[27.24441,44.11825],[27.24032,44.11704],[27.23479,44.11587],[27.23164,44.11551],[27.2276,44.11539],[27.21538,44.1163],[27.20972,44.11721],[27.2049,44.11815],[27.20003,44.11901],[27.19547,44.11968],[27.19219,44.1202],[27.18967,44.12051],[27.18663,44.12099],[27.18406,44.12123],[27.18249,44.12143],[27.18066,44.12212],[27.17983,44.12276],[27.17906,44.12382],[27.17875,44.12432],[27.17578,44.12652],[27.17281,44.1285],[27.16872,44.13099],[27.16648,44.13229],[27.16439,44.13317],[27.16125,44.13439],[27.15832,44.13543],[27.15424,44.1364],[27.15115,44.13717],[27.14817,44.13813],[27.14498,44.13921],[27.14079,44.14014],[27.13533,44.14089],[27.13213,44.14102],[27.12955,44.14081],[27.12507,44.14016],[27.12318,44.14029],[27.12124,44.13996],[27.11161,44.13847],[27.1046,44.13735],[27.10003,44.13681],[27.09707,44.13555],[27.09544,44.13492],[27.09328,44.1344],[27.09049,44.13393],[27.08739,44.13368],[27.08361,44.13351],[27.07967,44.13338],[27.07642,44.13352],[27.07337,44.13372],[27.07017,44.13423],[27.06106,44.1359],[27.05725,44.13736],[27.05683,44.13688],[27.05069,44.13961],[27.04755,44.14148],[27.04807,44.14399],[27.04184,44.14485],[27.03417,44.14442],[27.02307,44.14286],[27.0057,44.13876],[27.00536,44.13739],[26.99552,44.13537],[26.98985,44.13479],[26.98397,44.13494],[26.97373,44.13583],[26.96648,44.1367],[26.96382,44.13672],[26.95538,44.13583],[26.94384,44.13413],[26.9228,44.13258],[26.91321,44.13385],[26.90969,44.13394],[26.90531,44.13342],[26.89986,44.13252],[26.89376,44.13079],[26.88016,44.12471],[26.881,44.12325],[26.87288,44.12106],[26.85321,44.11646],[26.84251,44.11244],[26.83426,44.1078],[26.82697,44.10367],[26.81092,44.09675],[26.79959,44.09227],[26.78761,44.08694],[26.77863,44.08291],[26.77425,44.08078],[26.76934,44.07965],[26.76303,44.07783],[26.75492,44.07662],[26.75066,44.07656],[26.73667,44.07392],[26.73301,44.07332],[26.72433,44.07282],[26.72437,44.075],[26.71864,44.07544],[26.71239,44.07605],[26.70729,44.07663],[26.70207,44.07654],[26.6913,44.07546],[26.68163,44.073],[26.67391,44.06939],[26.66215,44.06616],[26.66265,44.06445],[26.64236,44.06133],[26.63789,44.06118],[26.62716,44.05922],[26.62485,44.05861],[26.61519,44.05679],[26.61173,44.05602],[26.60647,44.05463],[26.60185,44.05272],[26.59472,44.05114],[26.58292,44.05384],[26.57514,44.05542],[26.56533,44.05639],[26.56257,44.05653],[26.55521,44.05665],[26.55037,44.05665],[26.54463,44.05637],[26.5429,44.05624],[26.53652,44.05557],[26.52981,44.0547],[26.52047,44.0531],[26.50703,44.04906],[26.50678,44.0496],[26.49591,44.0468],[26.48765,44.04487],[26.45894,44.03834],[26.45971,44.03542],[26.45666,44.03499],[26.44993,44.03462],[26.44819,44.03468],[26.44311,44.03478],[26.44059,44.03471],[26.43306,44.03414],[26.43297,44.03599],[26.42575,44.03618],[26.41671,44.0378],[26.40817,44.0382],[26.40822,44.03893],[26.40027,44.04098],[26.39377,44.04148],[26.38326,44.04287],[26.37995,44.04339],[26.37875,44.04343],[26.37807,44.04339],[26.37738,44.04331],[26.37694,44.04322],[26.37555,44.04277],[26.37438,44.04233],[26.37341,44.04199],[26.37187,44.04169],[26.36957,44.04116],[26.36789,44.04092],[26.36657,44.0408],[26.3652,44.04071],[26.36461,44.04069],[26.36392,44.04058],[26.36323,44.04051],[26.36239,44.04031],[26.36141,44.03996],[26.36063,44.03979],[26.35939,44.03963],[26.35884,44.03955],[26.35649,44.03916],[26.35368,44.03875],[26.35284,44.03855],[26.344,44.03561],[26.31435,44.02948],[26.30662,44.02621],[26.30499,44.0279],[26.28385,44.01749],[26.27694,44.01309],[26.27739,44.01219],[26.26941,44.00963],[26.26023,44.00556],[26.25043,44.00215],[26.24587,44.00111],[26.24352,44.00088],[26.24352,44.00031],[26.24261,44.0002],[26.24147,43.99993],[26.2374,43.9981],[26.2269,43.99408],[26.21717,43.99143],[26.21326,43.98968],[26.2016,43.9857],[26.20081,43.98529],[26.19975,43.98485],[26.19747,43.98428],[26.1968,43.98399],[26.1954,43.9837],[26.19406,43.98352],[26.19249,43.98317],[26.18126,43.98342],[26.18097,43.98573],[26.15878,43.98608],[26.14761,43.98526],[26.13467,43.98158],[26.13375,43.98139],[26.13201,43.98125],[26.13024,43.98114],[26.12821,43.98088],[26.12667,43.9805],[26.12572,43.98014],[26.12479,43.97942],[26.12379,43.97854],[26.12282,43.97804],[26.12152,43.97755],[26.11949,43.97692],[26.1171,43.97628],[26.11518,43.97554],[26.11319,43.97451],[26.11118,43.97307],[26.10751,43.96988],[26.10425,43.96639],[26.10185,43.96359],[26.09804,43.9598],[26.09504,43.95633],[26.09138,43.95219],[26.09212,43.9515],[26.09003,43.95006],[26.08787,43.94837],[26.08692,43.94743],[26.08633,43.94668],[26.08514,43.94543],[26.08042,43.93961],[26.07166,43.93221],[26.06964,43.92872],[26.06885,43.92717],[26.06832,43.92626],[26.06761,43.92553],[26.06671,43.92486],[26.06484,43.92379],[26.06274,43.92302],[26.05892,43.92013],[26.05938,43.91973],[26.05815,43.9186],[26.05614,43.91537],[26.05444,43.91122],[26.04966,43.90686],[26.04786,43.90607],[26.04703,43.90548],[26.0463,43.90515],[26.04575,43.90449],[26.04268,43.90245],[26.03365,43.89867],[26.02244,43.89519],[26.01333,43.89201],[25.99961,43.88535],[25.99848,43.88656],[25.9827,43.87789],[25.97724,43.87277],[25.96682,43.86786],[25.95746,43.86421],[25.94563,43.8561],[25.94044,43.85102],[25.93945,43.85159],[25.93127,43.844],[25.92535,43.83949],[25.92295,43.83608],[25.91956,43.83287],[25.91775,43.83047],[25.91563,43.82552],[25.91186,43.81779],[25.90813,43.81269],[25.90668,43.81352],[25.8914,43.80065],[25.88663,43.79444],[25.88225,43.78713],[25.88534,43.78428],[25.87248,43.77456],[25.85422,43.76088],[25.84591,43.75633],[25.842,43.75521],[25.83944,43.75404],[25.83712,43.75277],[25.83469,43.75181],[25.83292,43.75149],[25.83083,43.75138],[25.82908,43.75147],[25.82422,43.75064],[25.82249,43.75218],[25.81033,43.74553],[25.80358,43.73997],[25.79969,43.73539],[25.79743,43.73153],[25.79442,43.72623],[25.79208,43.72029],[25.78959,43.71747],[25.78692,43.71579],[25.78483,43.71318],[25.78107,43.71094],[25.75929,43.70279],[25.74571,43.69744],[25.74215,43.69548],[25.7331,43.69277],[25.71876,43.69031],[25.71848,43.6918],[25.71142,43.69184],[25.70113,43.69226],[25.67328,43.69186],[25.66699,43.69027],[25.6539,43.68524],[25.64316,43.68012],[25.63234,43.67405],[25.63321,43.67304],[25.61373,43.6688],[25.60111,43.663],[25.59508,43.66031],[25.57658,43.64991],[25.56776,43.64662],[25.5644,43.64573],[25.5577,43.64486],[25.55184,43.64458],[25.54486,43.64539],[25.54443,43.64388],[25.53607,43.64462],[25.52939,43.64607],[25.52187,43.64671],[25.51601,43.64643],[25.51532,43.64785],[25.51029,43.64625],[25.50974,43.64807],[25.49507,43.64491],[25.47679,43.64179],[25.46669,43.63726],[25.45656,43.63175],[25.44793,43.62968],[25.4482,43.62778],[25.43325,43.6256],[25.42716,43.62393],[25.41263,43.62127],[25.41085,43.62135],[25.40579,43.62042],[25.39595,43.61943],[25.39005,43.61952],[25.38238,43.62056],[25.37304,43.62312],[25.36891,43.62284],[25.36741,43.62298],[25.36096,43.62512],[25.35154,43.62733],[25.3439,43.63025],[25.33473,43.63583],[25.32268,43.64368],[25.31553,43.64699],[25.30806,43.64995],[25.30311,43.65094],[25.29928,43.65224],[25.29516,43.65391],[25.28668,43.65611],[25.28715,43.65713],[25.28421,43.65902],[25.2726,43.66828],[25.26708,43.67392],[25.26767,43.67448],[25.25364,43.68294],[25.24938,43.68471],[25.24572,43.68566],[25.23493,43.68739],[25.2269,43.68839],[25.20527,43.69251],[25.19936,43.69359],[25.18109,43.69828],[25.17224,43.69978],[25.1673,43.7],[25.1673,43.69841],[25.16172,43.69806],[25.15268,43.69588],[25.14436,43.69345],[25.14299,43.69543],[25.13268,43.69219],[25.13338,43.69108],[25.12665,43.68893],[25.12375,43.68777],[25.11197,43.68535],[25.11189,43.68436],[25.09966,43.68508],[25.09514,43.68609],[25.09306,43.68688],[25.09252,43.68566],[25.08511,43.68793],[25.0777,43.68893],[25.06878,43.68972],[25.05961,43.6915],[25.0577,43.69166],[25.05388,43.69271],[25.04861,43.69554],[25.03921,43.70283],[25.03944,43.70366],[25.03562,43.70494],[25.02912,43.70892],[25.02384,43.71058],[25.01655,43.71397],[25.01751,43.71514],[25.01573,43.71636],[25.01055,43.72213],[25.00755,43.7248],[25.00343,43.7259],[24.99866,43.72746],[24.99614,43.72765],[24.98522,43.7284],[24.97779,43.72857],[24.97195,43.72858],[24.96967,43.72932],[24.96834,43.73025],[24.96751,43.73056],[24.9643,43.73113],[24.96253,43.73123],[24.96031,43.73112],[24.95735,43.73084],[24.95488,43.73059],[24.95159,43.73026],[24.94802,43.72987],[24.94452,43.72928],[24.94391,43.72909],[24.94341,43.72889],[24.94263,43.72842],[24.94214,43.72819],[24.9413,43.72796],[24.94057,43.72773],[24.93975,43.72747],[24.93736,43.72662],[24.93568,43.72599],[24.93326,43.72475],[24.9325,43.72421],[24.93236,43.71788],[24.92576,43.71756],[24.91782,43.71701],[24.91451,43.71648],[24.91142,43.71576],[24.90837,43.71453],[24.90564,43.71323],[24.90361,43.71259],[24.90116,43.71205],[24.8986,43.71168],[24.89609,43.71111],[24.89369,43.71042],[24.89145,43.70989],[24.88414,43.70856],[24.87607,43.70727],[24.87053,43.70687],[24.86584,43.70665],[24.86147,43.70658],[24.85737,43.70706],[24.8546,43.70761],[24.85146,43.70854],[24.84742,43.70994],[24.84306,43.71168],[24.83949,43.71296],[24.83582,43.71367],[24.83203,43.71399],[24.82577,43.71388],[24.82091,43.71343],[24.81227,43.7123],[24.80518,43.71108],[24.79846,43.70968],[24.79914,43.70825],[24.79412,43.70587],[24.7876,43.70272],[24.77692,43.69739],[24.77068,43.69416],[24.76534,43.69252],[24.75728,43.68965],[24.7512,43.68738],[24.74269,43.68593],[24.73987,43.68571],[24.73492,43.68575],[24.72911,43.6863],[24.72453,43.68712],[24.71868,43.68871],[24.71287,43.69057],[24.70782,43.69263],[24.69883,43.69688],[24.69372,43.69981],[24.68697,43.70441],[24.6825,43.70711],[24.67666,43.71149],[24.67054,43.71582],[24.67214,43.71716],[24.66043,43.72345],[24.64855,43.72982],[24.64099,43.73488],[24.6338,43.73896],[24.62709,43.7417],[24.62538,43.74282],[24.60706,43.7481],[24.59341,43.75127],[24.58333,43.75355],[24.57482,43.75528],[24.56783,43.75659],[24.55855,43.75782],[24.55791,43.75694],[24.54831,43.75829],[24.53502,43.75966],[24.52334,43.76101],[24.51235,43.76282],[24.51251,43.76536],[24.50392,43.76428],[24.49498,43.76218],[24.48978,43.76003],[24.48518,43.7581],[24.47755,43.75539],[24.47028,43.75205],[24.45916,43.74791],[24.45187,43.74569],[24.44299,43.7418],[24.4415,43.74319],[24.4401,43.74325],[24.43815,43.74303],[24.4369,43.74283],[24.43489,43.7424],[24.43203,43.74169],[24.43011,43.74131],[24.42732,43.74078],[24.42529,43.74043],[24.41786,43.73886],[24.41462,43.73838],[24.41257,43.73807],[24.41098,43.73772],[24.40934,43.73732],[24.40814,43.73697],[24.40689,43.73642],[24.40556,43.73575],[24.40451,43.73514],[24.40341,43.73442],[24.40295,43.73409],[24.40223,43.73334],[24.40143,43.73253],[24.40107,43.73215],[24.39993,43.73122],[24.39828,43.73003],[24.39769,43.72959],[24.39657,43.72851],[24.3959,43.72789],[24.39555,43.72743],[24.39545,43.72719],[24.39545,43.72688],[24.39552,43.72667],[24.39553,43.72648],[24.39549,43.7263],[24.39523,43.72594],[24.39493,43.72561],[24.39458,43.72532],[24.39381,43.72484],[24.3932,43.72453],[24.39257,43.72427],[24.39174,43.72397],[24.39078,43.72364],[24.39004,43.72337],[24.38865,43.72268],[24.38804,43.72235],[24.38742,43.72193],[24.3866,43.72147],[24.38586,43.72115],[24.38537,43.72088],[24.38485,43.72057],[24.38386,43.72016],[24.38308,43.71977],[24.38287,43.71947],[24.38267,43.71891],[24.38246,43.71854],[24.38223,43.71814],[24.38221,43.71793],[24.38231,43.71765],[24.38238,43.71742],[24.3823,43.71719],[24.38214,43.71704],[24.38151,43.71676],[24.38045,43.71635],[24.37905,43.71576],[24.38079,43.71344],[24.37795,43.71236],[24.37246,43.7098],[24.36627,43.70678],[24.36164,43.70446],[24.35847,43.70246],[24.35641,43.70114],[24.35412,43.69961],[24.35111,43.69824],[24.34898,43.69772],[24.34194,43.69759],[24.34098,43.69764],[24.33153,43.69895],[24.32772,43.69949],[24.3256,43.69982],[24.32384,43.69998],[24.32215,43.70004],[24.31959,43.70032],[24.3168,43.70096],[24.31121,43.70097],[24.30137,43.69966],[24.29339,43.69886],[24.28583,43.69806],[24.27785,43.69644],[24.27043,43.69502],[24.26501,43.694],[24.26158,43.69298],[24.2583,43.69227],[24.2536,43.69177],[24.2459,43.69138],[24.23906,43.69078],[24.23605,43.69023],[24.23131,43.68899],[24.22589,43.68733],[24.22158,43.6865],[24.21805,43.6862],[24.20576,43.68598],[24.20266,43.68562],[24.19242,43.68328],[24.18892,43.68304],[24.17456,43.68307],[24.15755,43.68633],[24.14622,43.69133],[24.14047,43.6942],[24.1397,43.69339],[24.13746,43.69414],[24.13158,43.69608],[24.1254,43.69777],[24.11998,43.69896],[24.11603,43.69983],[24.1101,43.70084],[24.104,43.70128],[24.0985,43.7016],[24.09196,43.70186],[24.08809,43.70242],[24.08448,43.70373],[24.08139,43.70529],[24.0728,43.71146],[24.0741,43.71282],[24.07118,43.71506],[24.06275,43.71887],[24.04926,43.72355],[24.03318,43.72772],[24.01693,43.73159],[23.98579,43.74136],[23.96915,43.74513],[23.9646,43.74598],[23.95972,43.74626],[23.95194,43.74638],[23.93752,43.74614],[23.92825,43.74586],[23.92565,43.7459],[23.9216,43.74646],[23.91649,43.74722],[23.90861,43.74854],[23.90002,43.75001],[23.89447,43.75101],[23.8892,43.75193],[23.88404,43.75273],[23.87816,43.75352],[23.87183,43.75428],[23.86491,43.75565],[23.85836,43.75749],[23.85414,43.75909],[23.8502,43.76113],[23.84102,43.76362],[23.83269,43.76638],[23.83335,43.76754],[23.81814,43.77201],[23.81002,43.77561],[23.80923,43.77446],[23.80607,43.77521],[23.80407,43.77557],[23.80235,43.77573],[23.79768,43.77641],[23.79224,43.77708],[23.78793,43.77778],[23.7831,43.77885],[23.77849,43.78025],[23.77249,43.7824],[23.76904,43.7838],[23.76687,43.78504],[23.76476,43.7868],[23.7629,43.78864],[23.75939,43.79284],[23.75371,43.79788],[23.75504,43.79993],[23.74915,43.80104],[23.74643,43.8014],[23.74104,43.80187],[23.73638,43.8021],[23.73132,43.80208],[23.72694,43.80243],[23.72255,43.80315],[23.71879,43.80368],[23.71352,43.80412],[23.705,43.80438],[23.69849,43.80436],[23.68947,43.80326],[23.68936,43.80154],[23.6856,43.80153],[23.67971,43.80143],[23.6747,43.80124],[23.67044,43.80096],[23.66117,43.7994],[23.64239,43.79529],[23.63501,43.79373],[23.63036,43.79294],[23.62682,43.79254],[23.62303,43.79225],[23.6205,43.79229],[23.61776,43.79249],[23.61212,43.79323],[23.60509,43.79459],[23.6002,43.79573],[23.59404,43.79724],[23.59268,43.80106],[23.58939,43.79748],[23.58349,43.79824],[23.57134,43.80144],[23.56906,43.80192],[23.56991,43.8033],[23.56411,43.8042],[23.56065,43.80505],[23.55668,43.8063],[23.55349,43.80759],[23.55054,43.80883],[23.54397,43.81197],[23.53783,43.81499],[23.53041,43.81938],[23.52541,43.82261],[23.52673,43.82365],[23.52419,43.82568],[23.51857,43.82988],[23.51654,43.83115],[23.51461,43.83214],[23.51136,43.83338],[23.50604,43.8349],[23.4991,43.83671],[23.4985,43.83575],[23.48839,43.83865],[23.48728,43.83806],[23.48085,43.83958],[23.4634,43.84223],[23.45144,43.84651],[23.44194,43.84978],[23.43907,43.85058],[23.4329,43.8513],[23.42566,43.85208],[23.4176,43.85322],[23.41383,43.85335],[23.40731,43.85295],[23.39825,43.85188],[23.39441,43.85173],[23.38748,43.85177],[23.38464,43.85051],[23.38149,43.84968],[23.37772,43.84937],[23.37277,43.84934],[23.36502,43.8496],[23.35585,43.85036],[23.34575,43.85134],[23.33759,43.85166],[23.32954,43.85162],[23.32149,43.8515],[23.31091,43.85056],[23.27815,43.84917],[23.27814,43.8499],[23.27601,43.84974],[23.27071,43.84927],[23.26573,43.84821],[23.257,43.84551],[23.24986,43.84214],[23.24489,43.83997],[23.24113,43.839],[23.23717,43.83853],[23.2282,43.83848],[23.21713,43.83554],[23.21287,43.8339],[23.20841,43.83211],[23.20395,43.83083],[23.1946,43.82834],[23.18639,43.82564],[23.17572,43.822],[23.16355,43.81758],[23.15047,43.81293],[23.14747,43.81194],[23.14304,43.81115],[23.14081,43.81055],[23.13938,43.80993],[23.13844,43.80896],[23.13753,43.80829],[23.13421,43.80691],[23.1317,43.8062],[23.12666,43.80546],[23.11536,43.80402],[23.10082,43.802],[23.08679,43.80043],[23.0757,43.79955],[23.07552,43.79785],[23.05669,43.79661],[23.04355,43.79732],[23.04393,43.79908],[23.03585,43.80159],[23.03613,43.80299],[23.02603,43.80445],[23.01359,43.80568],[23.00328,43.80765],[22.99021,43.80938],[22.98962,43.8082],[22.98175,43.81007],[22.98105,43.80894],[22.95551,43.81568],[22.95488,43.81495],[22.94682,43.81931],[22.94752,43.82025],[22.94471,43.82156],[22.94098,43.82256],[22.93617,43.82396],[22.93473,43.82467],[22.93079,43.82561],[22.9228,43.82665],[22.91623,43.8271],[22.90994,43.82736],[22.90279,43.82801],[22.89792,43.82879],[22.89283,43.82993],[22.88659,43.83178],[22.87901,43.83411],[22.87513,43.83551],[22.87233,43.83642],[22.87052,43.83727],[22.86735,43.83925],[22.86678,43.83894],[22.86259,43.84199],[22.86047,43.84419],[22.85757,43.84699],[22.85358,43.8501],[22.84388,43.86038],[22.84516,43.86086],[22.84415,43.86341],[22.84266,43.86821],[22.8394,43.87531],[22.83779,43.8753],[22.83732,43.88321],[22.83899,43.88625],[22.84284,43.89365],[22.84822,43.90557],[22.8488,43.90961],[22.85106,43.90932],[22.85733,43.91993],[22.85952,43.92383],[22.86059,43.92462],[22.86237,43.93301],[22.8601,43.93369],[22.86451,43.94025],[22.86764,43.94556],[22.87013,43.95078],[22.87272,43.95662],[22.8751,43.96215],[22.87648,43.96968],[22.87769,43.97435],[22.87893,43.97747],[22.88104,43.98012],[22.87973,43.98081],[22.88408,43.98496],[22.88843,43.98873],[22.89505,43.99274],[22.89625,43.99182],[22.8985,43.9927],[22.90096,43.99342],[22.90375,43.99422],[22.90774,43.99472],[22.91151,43.99499],[22.93104,44.00067],[22.94465,44.00285],[22.95434,44.00379],[22.97057,44.00687],[22.97092,44.00571],[22.97996,44.00679],[22.98803,44.00771],[22.99373,44.00877],[22.99943,44.00998],[23.00513,44.01111],[23.00813,44.01238],[23.01124,44.01365],[23.01369,44.01568],[23.01656,44.01842],[23.01405,44.02026],[23.0149,44.02097],[23.01746,44.02316],[23.02045,44.02544],[23.02407,44.02826],[23.02595,44.03014],[23.03072,44.03545],[23.03401,44.03959],[23.03771,44.04466],[23.04404,44.05441],[23.04794,44.06065],[23.04821,44.06213],[23.04795,44.06523],[23.04747,44.06825],[23.04613,44.07165],[23.04272,44.07589],[23.04028,44.07975],[23.03788,44.08167],[23.03133,44.08651],[23.02469,44.08987],[23.01318,44.09343],[23.00256,44.09551],[22.99216,44.09721],[22.98641,44.09771],[22.9674,44.0977],[22.95119,44.09819],[22.93638,44.09876],[22.92923,44.0997],[22.92273,44.10096],[22.91925,44.10225],[22.91554,44.10447],[22.91303,44.10569],[22.90922,44.10752],[22.90606,44.10889],[22.90344,44.11003],[22.90044,44.11232],[22.8959,44.1164],[22.8894,44.12119],[22.88239,44.12615],[22.8765,44.13004],[22.86902,44.13429],[22.864,44.13673],[22.85949,44.13832],[22.85406,44.14027],[22.85422,44.14069],[22.84699,44.14347],[22.83797,44.14769],[22.83739,44.1472],[22.83024,44.1503],[22.82668,44.15147],[22.8215,44.15294],[22.81667,44.1541],[22.81166,44.1552],[22.80903,44.15615],[22.80664,44.1577],[22.80347,44.15961],[22.79861,44.1624],[22.79292,44.16578],[22.78788,44.16912],[22.78222,44.17306],[22.77613,44.17803],[22.77223,44.1816],[22.76896,44.18453],[22.76921,44.18496],[22.76638,44.18699],[22.76199,44.19106],[22.75599,44.19545],[22.7536,44.19706],[22.75155,44.19777],[22.7518,44.19813],[22.74475,44.2],[22.73873,44.20121],[22.73135,44.20258],[22.72254,44.20364],[22.71586,44.20406],[22.70698,44.2042],[22.70107,44.20441],[22.69514,44.20526],[22.69251,44.20596],[22.68986,44.20702],[22.68712,44.20868],[22.68404,44.21089],[22.68121,44.21256],[22.67796,44.2144],[22.67646,44.21539],[22.67631,44.21548],[22.67488,44.21642],[22.67366,44.21792],[22.67295,44.21937],[22.67257,44.22143],[22.67218,44.22421],[22.67245,44.22706],[22.67316,44.22967],[22.67429,44.23204],[22.67592,44.23497],[22.67755,44.23783],[22.68026,44.24162],[22.68255,44.24498],[22.68426,44.24755],[22.68538,44.25071],[22.68622,44.25472],[22.6864,44.25847],[22.68609,44.26501],[22.68571,44.26736],[22.68463,44.27068],[22.68313,44.27351],[22.68076,44.27749],[22.6791,44.27983],[22.67635,44.28216],[22.67267,44.28418],[22.66917,44.28529],[22.66493,44.28694],[22.66092,44.28834],[22.65546,44.29046],[22.64924,44.29258],[22.64659,44.29352],[22.64438,44.29398],[22.6415,44.29418],[22.63913,44.29416],[22.63102,44.29376],[22.62061,44.29346],[22.61807,44.2935],[22.61196,44.2944],[22.60679,44.29559],[22.60023,44.29739],[22.59281,44.29967],[22.58941,44.3006],[22.58583,44.30153],[22.58209,44.30227],[22.57936,44.30321],[22.57765,44.30391],[22.5768,44.30414],[22.5757,44.30437],[22.57409,44.30442],[22.57011,44.30455],[22.56663,44.30487],[22.56476,44.30533],[22.56373,44.30569],[22.56254,44.30616],[22.56125,44.30693],[22.55996,44.30788],[22.55892,44.30878],[22.55744,44.31064],[22.55482,44.31412],[22.55235,44.31815],[22.55069,44.32031],[22.54766,44.3233],[22.54532,44.32533],[22.54214,44.32741],[22.53767,44.33027],[22.53364,44.33252],[22.5296,44.33459],[22.5259,44.33721],[22.5245,44.33877],[22.52388,44.33998],[22.52269,44.34335],[22.52034,44.34968],[22.51816,44.35529],[22.51527,44.36155],[22.50915,44.37274],[22.50827,44.37394],[22.5074,44.37478],[22.50619,44.37603],[22.50522,44.37748],[22.50406,44.37995],[22.50314,44.38251],[22.50133,44.39066],[22.50063,44.39471],[22.49957,44.40324],[22.49917,44.41293],[22.50108,44.41572],[22.50165,44.41682],[22.50155,44.41736],[22.49911,44.41994],[22.49755,44.42143],[22.49583,44.42238],[22.49265,44.42404],[22.48876,44.42665],[22.48417,44.43047],[22.48262,44.43169],[22.47756,44.43374],[22.47352,44.43587],[22.47041,44.4382],[22.46797,44.44083],[22.46603,44.44383],[22.46452,44.44624],[22.46269,44.44983],[22.46088,44.45423],[22.46004,44.45706],[22.46002,44.45809],[22.46015,44.45949],[22.46013,44.46052],[22.45922,44.46281],[22.4577,44.466],[22.45687,44.46865],[22.45683,44.47022],[22.45713,44.4718],[22.45793,44.47357],[22.45933,44.47547],[22.46166,44.47731],[22.46366,44.47873],[22.46644,44.47973],[22.46923,44.48025],[22.47312,44.48067],[22.47601,44.48064],[22.48589,44.47919],[22.491,44.47835],[22.50003,44.47701],[22.50525,44.47556],[22.51045,44.47443],[22.51268,44.47336],[22.515,44.47248],[22.51636,44.47214],[22.51866,44.47186],[22.52078,44.47189],[22.52248,44.47203],[22.52459,44.47242],[22.5267,44.47299],[22.52914,44.47399],[22.53122,44.47535],[22.53299,44.47628],[22.53644,44.47741],[22.54125,44.47868],[22.54655,44.48062],[22.54983,44.48187],[22.5519,44.48395],[22.55422,44.4864],[22.55586,44.48897],[22.55658,44.49073],[22.55687,44.49316],[22.55713,44.49637],[22.55759,44.49868],[22.55839,44.50051],[22.56066,44.50434],[22.56122,44.50592],[22.56126,44.50774],[22.56125,44.51555],[22.56131,44.51997],[22.56245,44.52919],[22.56337,44.53363],[22.56443,44.53564],[22.56583,44.53765],[22.56916,44.5403],[22.57228,44.54315],[22.57713,44.54642],[22.5815,44.54859],[22.58673,44.55029],[22.59172,44.55131],[22.59579,44.55203],[22.60139,44.55233],[22.6064,44.55251],[22.6155,44.55238],[22.61865,44.55211],[22.6218,44.55166],[22.62668,44.55026],[22.62814,44.54955],[22.6303,44.54776],[22.63263,44.54651],[22.63545,44.54582],[22.63928,44.54532],[22.64065,44.54509],[22.64185,44.54438],[22.64306,44.54348],[22.64488,44.54187],[22.64808,44.53954],[22.65746,44.53401],[22.67595,44.52392],[22.68607,44.5186],[22.6883,44.51759],[22.69163,44.51666],[22.69385,44.51626],[22.69623,44.5161],[22.69844,44.51625],[22.70208,44.51695],[22.70529,44.51772],[22.71061,44.51898],[22.71441,44.52011],[22.71676,44.52129],[22.72612,44.52496],[22.73413,44.52795],[22.74332,44.53113],[22.74917,44.53293],[22.75626,44.53519],[22.76013,44.53717],[22.76273,44.53895],[22.76415,44.54029],[22.76496,44.54242],[22.7648,44.54581],[22.76384,44.55138],[22.76187,44.55656],[22.75933,44.56048],[22.75541,44.56504],[22.75221,44.56785],[22.73734,44.57975],[22.70954,44.60136],[22.70618,44.6035],[22.7043,44.60415],[22.70285,44.60437],[22.69995,44.60471],[22.69671,44.60498],[22.6927,44.60548],[22.68928,44.60623],[22.68576,44.60758],[22.68301,44.60907],[22.68092,44.61105],[22.68005,44.61248],[22.6796,44.61393],[22.67965,44.61556],[22.67921,44.61634],[22.67799,44.6173],[22.67567,44.61837],[22.67293,44.61918],[22.6703,44.61909],[22.65163,44.61665],[22.64316,44.61504],[22.6379,44.61401],[22.6334,44.61372],[22.63023,44.61366],[22.62699,44.61405],[22.6222,44.61515],[22.61732,44.61624],[22.61356,44.61729],[22.61133,44.61811],[22.6066,44.62036],[22.60135,44.62266],[22.59534,44.62513],[22.58871,44.62833],[22.58381,44.63051],[22.58286,44.63105],[22.58199,44.63188],[22.58113,44.63236],[22.57959,44.63289],[22.57745,44.63334],[22.57487,44.63422],[22.57135,44.63576],[22.56875,44.63736],[22.56572,44.63975],[22.5644,44.64143],[22.56342,44.64324],[22.56312,44.64573],[22.563,44.64713],[22.56257,44.64761],[22.56188,44.64796],[22.56042,44.64843],[22.55896,44.64908],[22.55758,44.64985],[22.5561,44.6511],[22.55531,44.65206],[22.55479,44.65266],[22.55375,44.65313],[22.55228,44.65402],[22.54959,44.65617],[22.54656,44.65844],[22.54534,44.65963],[22.54499,44.66024],[22.54454,44.66096],[22.54368,44.66155],[22.54023,44.66333],[22.53842,44.66421],[22.5372,44.66523],[22.53615,44.66643],[22.53509,44.66829],[22.5306,44.67078],[22.52887,44.67203],[22.5239,44.67669],[22.52193,44.67721],[22.5196,44.67846],[22.51735,44.68001],[22.51491,44.68216],[22.51359,44.68367],[22.51201,44.68595],[22.50996,44.68938],[22.5089,44.69124],[22.50776,44.69244],[22.50585,44.69387],[22.50352,44.69517],[22.50119,44.69642],[22.49715,44.69806],[22.49533,44.69901],[22.47965,44.71103],[22.47302,44.71405],[22.46575,44.7167],[22.46419,44.71696],[22.45675,44.71622],[22.45356,44.71509],[22.4497,44.71522],[22.42844,44.71218],[22.41763,44.70729],[22.4121,44.70058],[22.4071,44.69512],[22.40123,44.68837],[22.39522,44.68235],[22.39314,44.68095],[22.3901,44.67964],[22.38637,44.67828],[22.38279,44.67672],[22.3813,44.67597],[22.37914,44.67492],[22.37605,44.67392],[22.37319,44.6732],[22.36992,44.67262],[22.36665,44.67238],[22.36192,44.67246],[22.35528,44.67291],[22.35019,44.67366],[22.34475,44.67515],[22.33944,44.67673],[22.33861,44.67691],[22.33371,44.67616],[22.33208,44.67575],[22.32831,44.67351],[22.32483,44.67069],[22.32096,44.66718],[22.31888,44.6655],[22.31626,44.6639],[22.31082,44.66067],[22.3072,44.65842],[22.30505,44.65698],[22.30343,44.65535],[22.30171,44.65301],[22.30118,44.65182],[22.30097,44.65078],[22.30096,44.64986],[22.30105,44.64908],[22.30122,44.64811],[22.3018,44.645],[22.30181,44.64375],[22.30164,44.64261],[22.30111,44.64133],[22.30031,44.6403],[22.29937,44.63953],[22.29849,44.63896],[22.29702,44.63813],[22.29604,44.63755],[22.29334,44.63673],[22.29159,44.63615],[22.29091,44.63571],[22.29017,44.63509],[22.28944,44.63435],[22.28885,44.63398],[22.28811,44.63345],[22.28763,44.63298],[22.28598,44.63145],[22.28458,44.63047],[22.28364,44.63],[22.28201,44.62959],[22.27963,44.62912],[22.27736,44.62824],[22.27471,44.62637],[22.27326,44.62342],[22.27302,44.61949],[22.27301,44.61589],[22.27063,44.60833],[22.26884,44.60521],[22.26783,44.60369],[22.26449,44.59603],[22.26188,44.59281],[22.25914,44.5901],[22.25616,44.58763],[22.25025,44.58077],[22.24786,44.57814],[22.24398,44.57424],[22.24148,44.57136],[22.23943,44.56933],[22.23301,44.56405],[22.23051,44.56134],[22.22815,44.55762],[22.22716,44.55535],[22.22522,44.55357],[22.22308,44.55036],[22.22096,44.54681],[22.21942,44.54328],[22.21842,44.54134],[22.2166,44.53931],[22.21445,44.53677],[22.21243,44.53347],[22.20933,44.52707],[22.20666,44.52218],[22.20358,44.51801],[22.20085,44.51529],[22.19685,44.51172],[22.19504,44.50952],[22.19415,44.50775],[22.1932,44.50439],[22.19213,44.50103],[22.19013,44.4975],[22.19193,44.49585],[22.19086,44.49257],[22.18923,44.48812],[22.18642,44.48431],[22.18357,44.48134],[22.18,44.4792],[22.17619,44.4773],[22.17213,44.4759],[22.16888,44.4751],[22.14877,44.47328],[22.14362,44.47304],[22.13892,44.47346],[22.13291,44.47479],[22.12509,44.47743],[22.1233,44.4784],[22.12163,44.47947],[22.10862,44.48695],[22.09923,44.49123],[22.08373,44.49976],[22.07859,44.50278],[22.07557,44.50557],[22.07422,44.50739],[22.07345,44.50938],[22.07328,44.5113],[22.07338,44.51532],[22.07353,44.518],[22.07393,44.52009],[22.0735,44.52259],[22.07235,44.52559],[22.07003,44.52848],[22.06498,44.53233],[22.059,44.53583],[22.05137,44.53947],[22.04184,44.54366],[22.03916,44.54538],[22.036,44.54892],[22.03166,44.55588],[22.02854,44.56159],[22.02618,44.56557],[22.02537,44.5689],[22.02526,44.57216],[22.02662,44.58494],[22.02696,44.58904],[22.02678,44.59071],[22.02577,44.59295],[22.02455,44.59443],[22.02299,44.59549],[22.0206,44.59663],[22.01869,44.59751],[22.01302,44.60202],[22.0051,44.60724],[22.00449,44.6079],[22.0003,44.62561],[21.99903,44.62851],[21.99769,44.63008],[21.99542,44.63121],[21.99326,44.63251],[21.99029,44.63347],[21.98687,44.63391],[21.98263,44.63417],[21.9797,44.63404],[21.97724,44.63358],[21.97503,44.63312],[21.97221,44.63316],[21.96749,44.63358],[21.96278,44.63409],[21.95806,44.63468],[21.955,44.63471],[21.95217,44.63491],[21.94791,44.63584],[21.94422,44.63711],[21.93756,44.63959],[21.93091,44.643],[21.92399,44.64589],[21.91972,44.64707],[21.91688,44.64753],[21.91241,44.64753],[21.90784,44.64712],[21.90225,44.64568],[21.89863,44.64495],[21.89547,44.64472],[21.88934,44.64528],[21.88413,44.64628],[21.87867,44.64769],[21.8725,44.64942],[21.86907,44.65002],[21.86648,44.65031],[21.86329,44.65059],[21.85846,44.65092],[21.85362,44.65167],[21.84982,44.65252],[21.8459,44.65379],[21.84365,44.65425],[21.84036,44.65436],[21.83778,44.65406],[21.83488,44.65309],[21.83163,44.65177],[21.82873,44.65088],[21.82323,44.65011],[21.81818,44.65002],[21.81417,44.65037],[21.81013,44.65146],[21.80748,44.65309],[21.80495,44.65488],[21.80095,44.65888],[21.79883,44.66125],[21.79663,44.66242],[21.79378,44.66317],[21.79037,44.66343],[21.78755,44.6633],[21.78419,44.66293],[21.77879,44.66227],[21.7744,44.66178],[21.76854,44.66127],[21.76493,44.66088],[21.76,44.65966],[21.74993,44.65698],[21.74366,44.65533],[21.73827,44.65427],[21.73219,44.65375],[21.72711,44.65341],[21.72315,44.6535],[21.72031,44.65368],[21.71553,44.65464],[21.7114,44.65617],[21.70817,44.65763],[21.70162,44.66152],[21.69721,44.66349],[21.69211,44.6648],[21.68866,44.66525],[21.6845,44.66543],[21.67819,44.66518],[21.67226,44.66429],[21.66438,44.66259],[21.65363,44.66033],[21.64519,44.65913],[21.63995,44.65916],[21.63668,44.65961],[21.63264,44.6612],[21.62509,44.6649],[21.62155,44.6674],[21.61871,44.67068],[21.61382,44.67996],[21.61187,44.68352],[21.61102,44.69096],[21.61087,44.69676],[21.61089,44.70061],[21.61147,44.70422],[21.61278,44.70771],[21.61533,44.71174],[21.61541,44.71418],[21.61514,44.71636],[21.61028,44.72949],[21.60679,44.73546],[21.59303,44.75406],[21.59021,44.75682],[21.58687,44.75894],[21.58392,44.76017],[21.5799,44.76137],[21.57496,44.76281],[21.57019,44.76438],[21.56521,44.76672],[21.55953,44.7684],[21.54781,44.77051],[21.54069,44.77203],[21.53615,44.77245],[21.53125,44.77273],[21.50906,44.77124],[21.50382,44.77126],[21.49873,44.7718],[21.49289,44.77309],[21.48798,44.7735],[21.48146,44.77387],[21.46579,44.77649],[21.46089,44.7769],[21.456,44.77692],[21.45099,44.77579],[21.44633,44.77479],[21.44161,44.77507],[21.43743,44.7755],[21.43418,44.77542],[21.42952,44.7743],[21.42612,44.77345],[21.42161,44.77335],[21.4158,44.77374],[21.40904,44.77526],[21.40117,44.77727],[21.39748,44.77886],[21.39358,44.78122],[21.39112,44.78373],[21.3899,44.78666],[21.38882,44.79075],[21.38786,44.79599],[21.38713,44.80034],[21.38565,44.80506],[21.38446,44.80748],[21.38255,44.80962],[21.38066,44.8115],[21.3791,44.81404],[21.37816,44.81479],[21.3765,44.81539],[21.37337,44.81674],[21.36985,44.81846],[21.36614,44.82018],[21.35826,44.82219],[21.35631,44.82719],[21.35716,44.82761],[21.35783,44.82802],[21.35814,44.82816],[21.36004,44.8288],[21.36014,44.82882],[21.36022,44.82881],[21.3603,44.82879],[21.36041,44.82873],[21.36055,44.82863],[21.36073,44.82851],[21.36114,44.82821],[21.36126,44.82812],[21.36137,44.82809],[21.36156,44.82811],[21.36181,44.82814],[21.36208,44.82816],[21.36235,44.82816],[21.36283,44.82814],[21.36328,44.82815],[21.36336,44.82816],[21.3637,44.82846],[21.36392,44.82859],[21.3641,44.82881],[21.36427,44.82905],[21.36429,44.82911],[21.36429,44.82924],[21.3642,44.8296],[21.36406,44.82991],[21.36373,44.83045],[21.36358,44.83065],[21.36346,44.83084],[21.36333,44.83119],[21.36329,44.83162],[21.3633,44.83177],[21.36333,44.83191],[21.36333,44.83197],[21.3633,44.83206],[21.36324,44.83212],[21.36294,44.83237],[21.36284,44.83239],[21.36223,44.8324],[21.36185,44.83238],[21.36143,44.8323],[21.36097,44.83216],[21.36083,44.83215],[21.3607,44.83215],[21.36052,44.83226],[21.3604,44.83231],[21.36024,44.83231],[21.36001,44.83221],[21.35967,44.83209],[21.35939,44.83198],[21.35895,44.83188],[21.3587,44.83176],[21.35848,44.83169],[21.35829,44.83159],[21.35805,44.83149],[21.35773,44.83143],[21.35751,44.83142],[21.35736,44.83145],[21.35711,44.83152],[21.35665,44.83176],[21.35651,44.83193],[21.35646,44.8321],[21.35642,44.83217],[21.35621,44.83234],[21.35587,44.83257],[21.35569,44.83278],[21.35565,44.83292],[21.3557,44.83309],[21.35584,44.8332],[21.35601,44.83325],[21.35624,44.83326],[21.35654,44.83323],[21.35691,44.83323],[21.35711,44.83323],[21.35748,44.83327],[21.35777,44.83334],[21.35795,44.83341],[21.35812,44.8335],[21.3584,44.83366],[21.35873,44.83383],[21.35899,44.83395],[21.35912,44.83406],[21.35918,44.83414],[21.35926,44.83426],[21.35938,44.83448],[21.35947,44.83468],[21.35967,44.83486],[21.35992,44.835],[21.36006,44.83512],[21.36016,44.83525],[21.36023,44.83538],[21.3603,44.83563],[21.36046,44.8361],[21.36046,44.83631],[21.3604,44.83654],[21.36043,44.83671],[21.36039,44.83691],[21.3603,44.83708],[21.36014,44.83725],[21.35989,44.83736],[21.35972,44.83742],[21.35951,44.83742],[21.35926,44.83736],[21.35905,44.83724],[21.35888,44.8371],[21.35848,44.83656],[21.35841,44.83643],[21.35836,44.83608],[21.35832,44.83582],[21.35823,44.83567],[21.35804,44.83555],[21.35778,44.83544],[21.35758,44.8354],[21.3573,44.83541],[21.35717,44.83544],[21.35701,44.83554],[21.35697,44.83563],[21.35695,44.83577],[21.35696,44.83589],[21.35701,44.83598],[21.35713,44.83614],[21.35717,44.83626],[21.35714,44.83645],[21.35708,44.83662],[21.3569,44.83685],[21.35658,44.83703],[21.35603,44.83724],[21.35534,44.83771],[21.35468,44.83799],[21.35449,44.83814],[21.35447,44.83828],[21.35418,44.83851],[21.35385,44.83866],[21.35348,44.83884],[21.35311,44.83922],[21.35301,44.83944],[21.35298,44.8397],[21.35305,44.84001],[21.35314,44.84029],[21.35312,44.84051],[21.35315,44.84098],[21.3532,44.84112],[21.35326,44.84124],[21.35341,44.84134],[21.35361,44.84144],[21.35385,44.8415],[21.35425,44.84153],[21.35482,44.84156],[21.35508,44.84152],[21.3553,44.84145],[21.35556,44.84139],[21.3559,44.84137],[21.35621,44.84137],[21.35655,44.84131],[21.35707,44.8412],[21.35724,44.84113],[21.35765,44.84087],[21.35787,44.84074],[21.35798,44.84073],[21.35818,44.84072],[21.35837,44.84068],[21.35854,44.84061],[21.35867,44.84054],[21.35879,44.84038],[21.35898,44.84018],[21.35919,44.83989],[21.35937,44.83971],[21.35955,44.83962],[21.3597,44.8396],[21.3598,44.83961],[21.35991,44.83967],[21.36,44.83968],[21.36021,44.83962],[21.36039,44.8396],[21.36063,44.83961],[21.36087,44.83966],[21.36126,44.83971],[21.36133,44.83976],[21.36139,44.8398],[21.3615,44.83984],[21.3616,44.83984],[21.36178,44.83983],[21.36192,44.83985],[21.36203,44.8399],[21.36207,44.83995],[21.36209,44.84004],[21.3621,44.84017],[21.36205,44.84031],[21.3618,44.84058],[21.36174,44.84081],[21.3617,44.84097],[21.36172,44.84121],[21.36179,44.84133],[21.36195,44.84145],[21.36203,44.84156],[21.36209,44.84176],[21.36209,44.84247],[21.36226,44.84339],[21.36225,44.84352],[21.36218,44.84357],[21.36189,44.84359],[21.36154,44.84362],[21.36135,44.84364],[21.36118,44.8436],[21.36109,44.84352],[21.36112,44.84342],[21.36119,44.8432],[21.36117,44.84312],[21.36102,44.84296],[21.36062,44.84284],[21.36021,44.84283],[21.35965,44.84289],[21.35916,44.84302],[21.3587,44.84326],[21.35847,44.84346],[21.35827,44.84375],[21.35805,44.84395],[21.35797,44.84423],[21.35794,44.84454],[21.35793,44.84475],[21.35796,44.8449],[21.358,44.84506],[21.35797,44.84516],[21.35785,44.84527],[21.35771,44.8455],[21.35765,44.84567],[21.35753,44.84589],[21.3574,44.84609],[21.35739,44.84626],[21.3574,44.84636],[21.35743,44.84649],[21.35748,44.84657],[21.35756,44.84661],[21.35766,44.84662],[21.35778,44.84661],[21.35794,44.84658],[21.3581,44.84657],[21.35833,44.84658],[21.35856,44.84661],[21.35878,44.84666],[21.35917,44.84682],[21.35967,44.84706],[21.35998,44.84723],[21.36004,44.84729],[21.36006,44.84735],[21.36006,44.84746],[21.35997,44.84774],[21.35984,44.84807],[21.35971,44.84826],[21.35955,44.84837],[21.35937,44.84846],[21.35914,44.84855],[21.35888,44.84867],[21.35874,44.8488],[21.35858,44.84902],[21.35841,44.84919],[21.35815,44.84933],[21.35803,44.84949],[21.35793,44.84958],[21.35788,44.84965],[21.35786,44.84974],[21.35788,44.84987],[21.35795,44.84997],[21.35815,44.85015],[21.35829,44.85032],[21.35836,44.85043],[21.35842,44.85057],[21.35858,44.85068],[21.35907,44.85092],[21.35932,44.85112],[21.35946,44.85117],[21.35976,44.85116],[21.35991,44.85119],[21.35998,44.85128],[21.36013,44.85146],[21.36026,44.8517],[21.3604,44.85201],[21.36057,44.8524],[21.36075,44.85288],[21.36084,44.85318],[21.36085,44.85338],[21.36092,44.85372],[21.36096,44.85409],[21.361,44.85426],[21.36128,44.85469],[21.36132,44.85482],[21.3613,44.855],[21.36135,44.85511],[21.36161,44.8559],[21.36196,44.85663],[21.36238,44.85712],[21.3625,44.85723],[21.3627,44.85736],[21.36294,44.85748],[21.36304,44.85754],[21.36311,44.85762],[21.36314,44.8577],[21.36316,44.85778],[21.36316,44.85787],[21.36319,44.85794],[21.36329,44.85802],[21.36345,44.85808],[21.36385,44.85807],[21.36398,44.85811],[21.36405,44.85816],[21.36411,44.85829],[21.36415,44.85846],[21.36414,44.8586],[21.36409,44.85881],[21.36399,44.8591],[21.36396,44.85924],[21.36401,44.85939],[21.36406,44.8596],[21.36409,44.85981],[21.36412,44.85995],[21.36414,44.86009],[21.36413,44.86017],[21.3642,44.86034],[21.36428,44.86046],[21.36449,44.8607],[21.36474,44.86095],[21.36493,44.86122],[21.36505,44.86136],[21.36528,44.8615],[21.36549,44.86167],[21.36555,44.86175],[21.36557,44.86184],[21.36547,44.8623],[21.36546,44.86253],[21.36547,44.86267],[21.36558,44.86286],[21.36571,44.86301],[21.36574,44.86307],[21.36572,44.86316],[21.36568,44.86332],[21.36568,44.86353],[21.3657,44.86363],[21.36575,44.86372],[21.36585,44.86379],[21.36595,44.86382],[21.36617,44.86384],[21.36653,44.86384],[21.36668,44.86385],[21.36688,44.86389],[21.36711,44.86395],[21.36727,44.864],[21.36744,44.86407],[21.36762,44.86416],[21.36771,44.86422],[21.36782,44.86432],[21.3679,44.86439],[21.36808,44.86468],[21.36814,44.86476],[21.36843,44.86497],[21.36868,44.86508],[21.36891,44.8652],[21.36923,44.86533],[21.36932,44.86539],[21.36937,44.86545],[21.36952,44.86569],[21.36966,44.86583],[21.36982,44.86594],[21.37007,44.86607],[21.37025,44.86614],[21.37065,44.86632],[21.37087,44.86647],[21.3712,44.86662],[21.37146,44.86671],[21.37161,44.86675],[21.37187,44.86678],[21.37219,44.86681],[21.3724,44.86683],[21.37299,44.86686],[21.37316,44.86687],[21.37328,44.86686],[21.37338,44.86683],[21.37356,44.86679],[21.37384,44.86671],[21.37415,44.86663],[21.37436,44.86656],[21.37452,44.86646],[21.37471,44.86638],[21.37495,44.86631],[21.37524,44.86626],[21.37551,44.86625],[21.37597,44.86628],[21.37635,44.86648],[21.37652,44.86654],[21.3767,44.86657],[21.37689,44.86659],[21.37712,44.86659],[21.37744,44.86657],[21.3779,44.86654],[21.37879,44.86647],[21.37893,44.86646],[21.37907,44.86641],[21.37947,44.86622],[21.37965,44.86618],[21.3799,44.86618],[21.38003,44.86619],[21.38018,44.86622],[21.38035,44.86626],[21.38047,44.86625],[21.38059,44.86621],[21.38087,44.86603],[21.38122,44.86586],[21.38155,44.86571],[21.38177,44.86559],[21.38211,44.86545],[21.38238,44.86536],[21.38336,44.86514],[21.38365,44.86509],[21.38375,44.86509],[21.38385,44.86512],[21.38393,44.86516],[21.38402,44.86524],[21.3841,44.86534],[21.38433,44.86568],[21.38441,44.86576],[21.38451,44.86586],[21.38455,44.86592],[21.38458,44.86601],[21.3846,44.86617],[21.38456,44.86633],[21.38452,44.8664],[21.38447,44.86644],[21.38433,44.86647],[21.38421,44.86657],[21.38419,44.86669],[21.38423,44.86681],[21.3843,44.86689],[21.38442,44.86694],[21.38453,44.86698],[21.38459,44.86701],[21.38466,44.86708],[21.38475,44.86721],[21.38491,44.86737],[21.38503,44.86749],[21.3851,44.86761],[21.38516,44.86775],[21.38526,44.8679],[21.38551,44.86821],[21.38567,44.86836],[21.38582,44.86848],[21.38602,44.86864],[21.38642,44.86883],[21.38675,44.86898],[21.38708,44.86915],[21.38716,44.86925],[21.38721,44.86934],[21.38725,44.86945],[21.38734,44.8696],[21.38739,44.86971],[21.3877,44.86978],[21.38783,44.8698],[21.3881,44.8698],[21.38837,44.86973],[21.3887,44.86961],[21.38902,44.86951],[21.38941,44.86941],[21.3897,44.86929],[21.38998,44.86913],[21.3902,44.86898],[21.39035,44.8689],[21.3905,44.86885],[21.39084,44.8688],[21.39124,44.86871],[21.39185,44.86851],[21.39213,44.86843],[21.3926,44.86836],[21.39294,44.8683],[21.39327,44.86818],[21.39351,44.86802],[21.39401,44.86749],[21.39428,44.86708],[21.39436,44.86698],[21.39451,44.86686],[21.39486,44.8667],[21.39518,44.8666],[21.39568,44.86651],[21.39603,44.86647],[21.39636,44.86647],[21.39665,44.8665],[21.3969,44.86656],[21.39713,44.86666],[21.39737,44.86682],[21.39756,44.86696],[21.39777,44.86716],[21.39808,44.86749],[21.39861,44.86787],[21.39893,44.86799],[21.39908,44.86801],[21.39928,44.86801],[21.39944,44.86798],[21.39963,44.8679],[21.39994,44.86776],[21.40008,44.86765],[21.40023,44.86749],[21.40037,44.86738],[21.40076,44.86724],[21.4014,44.86712],[21.40186,44.867],[21.40254,44.86673],[21.40457,44.86633],[21.4052,44.86622],[21.40543,44.86624],[21.4056,44.86628],[21.40572,44.86633],[21.40579,44.86639],[21.40585,44.8665],[21.4059,44.86663],[21.40592,44.86684],[21.40606,44.86712],[21.40608,44.86722],[21.40607,44.8674],[21.40604,44.86755],[21.40603,44.86764],[21.40606,44.86773],[21.40617,44.86782],[21.40624,44.8679],[21.40625,44.868],[21.40632,44.86811],[21.40643,44.86818],[21.40655,44.86824],[21.40657,44.86828],[21.40661,44.8684],[21.40656,44.86848],[21.40654,44.86863],[21.40649,44.86872],[21.40647,44.86879],[21.40643,44.86886],[21.40638,44.86892],[21.40641,44.86898],[21.4065,44.86906],[21.40656,44.86919],[21.40677,44.86932],[21.40688,44.86936],[21.40702,44.86938],[21.40742,44.86942],[21.40769,44.86946],[21.40792,44.86948],[21.40891,44.8693],[21.40921,44.86925],[21.40969,44.86912],[21.41026,44.86895],[21.41061,44.86887],[21.41094,44.86882],[21.41128,44.86879],[21.4116,44.86879],[21.41222,44.86885],[21.41257,44.86894],[21.41279,44.86902],[21.41295,44.8691],[21.4131,44.86922],[21.41317,44.86931],[21.41321,44.86938],[21.41319,44.86945],[21.41314,44.86953],[21.41314,44.86968],[21.41322,44.87008],[21.41327,44.87021],[21.41333,44.87027],[21.41342,44.87035],[21.41353,44.87051],[21.41356,44.87064],[21.41362,44.87073],[21.41371,44.87082],[21.41381,44.87086],[21.41413,44.87091],[21.41425,44.87094],[21.41437,44.87101],[21.41463,44.87119],[21.41468,44.87124],[21.41476,44.87135],[21.41477,44.87144],[21.41472,44.87155],[21.41462,44.87165],[21.41458,44.87177],[21.41459,44.87184],[21.41465,44.87193],[21.41478,44.87201],[21.4149,44.87211],[21.41497,44.87223],[21.41507,44.8723],[21.41515,44.87242],[21.4152,44.87257],[21.41525,44.87271],[21.41536,44.87279],[21.4155,44.87285],[21.41575,44.8729],[21.41587,44.87294],[21.41593,44.87304],[21.41618,44.87314],[21.41665,44.87321],[21.41688,44.87327],[21.41703,44.87333],[21.41727,44.87343],[21.4175,44.87348],[21.41764,44.87349],[21.41777,44.87349],[21.41786,44.87348],[21.41796,44.87344],[21.41805,44.87339],[21.41808,44.87333],[21.4181,44.8732],[21.4181,44.87301],[21.41813,44.87288],[21.41821,44.8726],[21.41836,44.87235],[21.41855,44.87218],[21.41883,44.87193],[21.419,44.87176],[21.4194,44.87161],[21.4199,44.87143],[21.42048,44.87127],[21.42107,44.87111],[21.42152,44.871],[21.42177,44.87096],[21.42199,44.87095],[21.42213,44.87096],[21.42226,44.87097],[21.42258,44.87098],[21.42291,44.87103],[21.42314,44.87112],[21.42336,44.87124],[21.4238,44.87151],[21.4241,44.87161],[21.42438,44.87166],[21.4247,44.87167],[21.42517,44.87164],[21.42571,44.87158],[21.42604,44.87151],[21.42645,44.87137],[21.42677,44.87125],[21.42703,44.87112],[21.42726,44.87097],[21.42736,44.87083],[21.42773,44.87048],[21.4279,44.87033],[21.42834,44.87005],[21.42877,44.86976],[21.42916,44.86954],[21.42942,44.86938],[21.4298,44.86921],[21.42989,44.86914],[21.43003,44.86904],[21.43018,44.86889],[21.43091,44.86845],[21.43111,44.86835],[21.43141,44.86822],[21.43164,44.86817],[21.43186,44.86816],[21.43196,44.86817],[21.43217,44.86831],[21.43227,44.86843],[21.43233,44.86854],[21.43236,44.86864],[21.4324,44.86879],[21.43243,44.86896],[21.43246,44.86921],[21.43252,44.86943],[21.43255,44.86964],[21.43258,44.86975],[21.43266,44.86993],[21.43281,44.87021],[21.43294,44.87041],[21.43309,44.87055],[21.43332,44.87068],[21.43351,44.87076],[21.43377,44.87085],[21.43414,44.87095],[21.4344,44.87098],[21.43476,44.87099],[21.43511,44.87099],[21.43537,44.87098],[21.43559,44.87094],[21.43571,44.87088],[21.43592,44.87073],[21.43608,44.87056],[21.43632,44.87029],[21.4365,44.87005],[21.43662,44.86966],[21.43679,44.86942],[21.43692,44.86922],[21.43704,44.86908],[21.43734,44.86885],[21.43755,44.86872],[21.43777,44.86859],[21.43802,44.86844],[21.43835,44.86823],[21.43863,44.86803],[21.43876,44.86794],[21.43902,44.86767],[21.43932,44.86741],[21.43959,44.86725],[21.44011,44.86701],[21.44056,44.86684],[21.44077,44.8667],[21.44097,44.86662],[21.44136,44.86653],[21.44177,44.8665],[21.4423,44.86645],[21.44267,44.86646],[21.44344,44.86651],[21.44366,44.86655],[21.44382,44.8666],[21.44403,44.86672],[21.44419,44.86684],[21.44428,44.86695],[21.44434,44.86712],[21.44437,44.86729],[21.44436,44.86743],[21.44432,44.8676],[21.44424,44.86777],[21.44404,44.86815],[21.44382,44.86844],[21.44369,44.86856],[21.44356,44.86865],[21.44327,44.86874],[21.44291,44.86889],[21.44263,44.86896],[21.44245,44.86899],[21.44236,44.86899],[21.44225,44.86898],[21.44205,44.86898],[21.44177,44.86896],[21.44163,44.86898],[21.44147,44.86903],[21.44135,44.86913],[21.44121,44.86928],[21.44105,44.86952],[21.44098,44.86964],[21.44096,44.86983],[21.44101,44.87],[21.44113,44.87019],[21.44121,44.87027],[21.44132,44.87037],[21.44143,44.87043],[21.44191,44.87068],[21.44209,44.87076],[21.44228,44.87083],[21.44264,44.87091],[21.44274,44.87096],[21.44282,44.87104],[21.44297,44.87124],[21.44329,44.87142],[21.44353,44.87161],[21.44367,44.87173],[21.44372,44.87186],[21.44383,44.87209],[21.44397,44.87235],[21.44412,44.87257],[21.44424,44.87271],[21.44437,44.87284],[21.44455,44.87302],[21.44471,44.87316],[21.44509,44.8734],[21.44535,44.87356],[21.44567,44.87368],[21.44613,44.87387],[21.44633,44.87392],[21.4467,44.87399],[21.4469,44.87402],[21.44761,44.87389],[21.44779,44.87385],[21.44801,44.87378],[21.44812,44.87372],[21.44826,44.87362],[21.44841,44.87352],[21.44854,44.87342],[21.44865,44.87333],[21.44882,44.87322],[21.44896,44.87314],[21.44901,44.87307],[21.44905,44.87298],[21.44906,44.87289],[21.44906,44.87282],[21.44911,44.87266],[21.44911,44.8725],[21.44914,44.87238],[21.44923,44.87227],[21.44919,44.87211],[21.4491,44.87195],[21.44908,44.87181],[21.44905,44.87137],[21.44902,44.87111],[21.44892,44.87087],[21.44891,44.87078],[21.44899,44.87068],[21.44914,44.87056],[21.45028,44.87014],[21.45056,44.87009],[21.45078,44.87007],[21.45112,44.87008],[21.45141,44.87013],[21.45166,44.87022],[21.45174,44.87029],[21.45203,44.87059],[21.45207,44.87071],[21.45207,44.87085],[21.45204,44.87095],[21.45189,44.87117],[21.4516,44.8715],[21.45152,44.87165],[21.4515,44.87192],[21.45153,44.87222],[21.45161,44.87259],[21.45176,44.87293],[21.45192,44.87322],[21.45206,44.87339],[21.45222,44.87351],[21.45243,44.87359],[21.45264,44.87364],[21.45283,44.87368],[21.45301,44.87368],[21.45306,44.87363],[21.45311,44.87359],[21.45316,44.87352],[21.45331,44.87342],[21.45353,44.87335],[21.45375,44.87329],[21.454,44.87326],[21.45429,44.87318],[21.45455,44.87304],[21.45488,44.87282],[21.45517,44.87263],[21.45541,44.87243],[21.45569,44.87216],[21.4558,44.87192],[21.45605,44.87175],[21.45639,44.87149],[21.45676,44.87118],[21.45706,44.87087],[21.45738,44.87064],[21.45768,44.87053],[21.45858,44.87026],[21.45911,44.87007],[21.45991,44.86979],[21.46026,44.86964],[21.46057,44.86954],[21.46092,44.86949],[21.46109,44.86952],[21.46121,44.86953],[21.46133,44.86951],[21.46154,44.86942],[21.4617,44.86932],[21.46176,44.86917],[21.46173,44.86899],[21.46161,44.86885],[21.46143,44.86868],[21.46136,44.86855],[21.46137,44.86837],[21.46143,44.8682],[21.46155,44.86797],[21.46168,44.8678],[21.46182,44.86772],[21.46212,44.86762],[21.46236,44.86748],[21.46258,44.86724],[21.46279,44.86707],[21.46302,44.86697],[21.46349,44.86691],[21.46385,44.86677],[21.46407,44.86677],[21.46423,44.8668],[21.46447,44.86685],[21.46504,44.86703],[21.46519,44.86706],[21.46533,44.86713],[21.46543,44.86722],[21.46553,44.86732],[21.46571,44.86741],[21.46585,44.86745],[21.46603,44.86746],[21.46623,44.86752],[21.46634,44.86756],[21.4664,44.86765],[21.46644,44.86777],[21.46644,44.86796],[21.46638,44.86819],[21.46647,44.8685],[21.46653,44.86878],[21.46652,44.86894],[21.46647,44.86904],[21.46635,44.86916],[21.46631,44.86925],[21.46634,44.86945],[21.4664,44.86971],[21.46658,44.86997],[21.46683,44.87022],[21.46704,44.87034],[21.46749,44.8705],[21.46803,44.87068],[21.46828,44.87078],[21.46872,44.87107],[21.46919,44.87123],[21.46957,44.87131],[21.47,44.87134],[21.47033,44.87131],[21.47059,44.87124],[21.47099,44.8711],[21.47191,44.87083],[21.47228,44.87079],[21.47283,44.87076],[21.47303,44.87072],[21.47361,44.87031],[21.47396,44.8701],[21.47419,44.86995],[21.47444,44.86973],[21.47503,44.86921],[21.47529,44.86894],[21.47563,44.86857],[21.47579,44.86845],[21.47616,44.86838],[21.47638,44.86839],[21.47669,44.86843],[21.47699,44.86851],[21.47728,44.86866],[21.47784,44.869],[21.47809,44.86916],[21.47828,44.86943],[21.47837,44.86954],[21.47839,44.86966],[21.47837,44.86978],[21.47829,44.8699],[21.47821,44.87],[21.47814,44.87014],[21.4781,44.87032],[21.4781,44.87043],[21.47813,44.87056],[21.47816,44.87063],[21.47822,44.87067],[21.47829,44.87071],[21.47877,44.87084],[21.47897,44.87087],[21.47931,44.8709],[21.47951,44.8709],[21.47974,44.87084],[21.48008,44.87076],[21.48059,44.87062],[21.48097,44.8705],[21.48121,44.8704],[21.4814,44.87019],[21.48149,44.87003],[21.48165,44.86996],[21.48193,44.86993],[21.4823,44.86991],[21.48262,44.86987],[21.48291,44.86981],[21.48306,44.86972],[21.48338,44.86949],[21.48437,44.86881],[21.48474,44.86851],[21.4849,44.86842],[21.48503,44.86839],[21.48514,44.8684],[21.48546,44.86844],[21.48578,44.8685],[21.48633,44.86866],[21.48688,44.86884],[21.48709,44.86893],[21.48732,44.86906],[21.4874,44.86917],[21.48744,44.86926],[21.48752,44.87],[21.48754,44.87035],[21.48758,44.87062],[21.48762,44.87079],[21.48779,44.87101],[21.48797,44.87118],[21.48816,44.87143],[21.48829,44.87153],[21.48885,44.87174],[21.48928,44.8719],[21.49012,44.87201],[21.4908,44.87209],[21.49106,44.87207],[21.4915,44.87194],[21.49218,44.87155],[21.49236,44.87151],[21.49252,44.87156],[21.49275,44.87165],[21.49289,44.87165],[21.49329,44.87144],[21.49636,44.87235],[21.49722,44.87272],[21.49747,44.87259],[21.49793,44.87256],[21.49899,44.87251],[21.49907,44.87316],[21.4988,44.8733],[21.50093,44.87408],[21.502,44.87459],[21.50677,44.87626],[21.50736,44.87684],[21.50819,44.87763],[21.50906,44.87849],[21.51068,44.88007],[21.51453,44.8807],[21.51762,44.8812],[21.52102,44.88167],[21.52583,44.88199],[21.53262,44.88255],[21.54197,44.88514],[21.55181,44.88728],[21.55862,44.88873],[21.56018,44.88905],[21.56009,44.88964],[21.55962,44.89239],[21.55887,44.89742],[21.55863,44.89878],[21.55842,44.90031],[21.55836,44.90039],[21.55834,44.90046],[21.55836,44.90058],[21.55836,44.90072],[21.55832,44.9008],[21.5583,44.90086],[21.55832,44.90099],[21.55827,44.90116],[21.55827,44.90131],[21.55828,44.90137],[21.55822,44.90143],[21.55818,44.90148],[21.55819,44.90156],[21.5581,44.90166],[21.55802,44.90172],[21.55796,44.9018],[21.55796,44.90184],[21.55801,44.90189],[21.55803,44.9019],[21.55807,44.90191],[21.55815,44.90193],[21.55819,44.90197],[21.55824,44.9021],[21.55828,44.90217],[21.55835,44.90224],[21.55837,44.9023],[21.55834,44.90233],[21.55828,44.90236],[21.55812,44.9024],[21.55806,44.90244],[21.55785,44.90249],[21.55772,44.90255],[21.55769,44.90261],[21.5577,44.90263],[21.55781,44.90274],[21.55785,44.90281],[21.55786,44.9029],[21.55784,44.90301],[21.5578,44.90303],[21.55773,44.90303],[21.55754,44.90293],[21.55749,44.90293],[21.55735,44.90296],[21.55732,44.90303],[21.55733,44.90307],[21.55746,44.90319],[21.55749,44.90323],[21.55745,44.90335],[21.55745,44.90339],[21.5575,44.90343],[21.55754,44.90345],[21.55755,44.90347],[21.55752,44.90355],[21.5575,44.90363],[21.55743,44.90366],[21.55736,44.90365],[21.5572,44.90359],[21.55708,44.9036],[21.55693,44.9037],[21.55693,44.90374],[21.55697,44.90378],[21.55696,44.90384],[21.5569,44.90389],[21.55679,44.90405],[21.5568,44.90417],[21.55685,44.90418],[21.557,44.90416],[21.55707,44.90413],[21.55714,44.90412],[21.55718,44.90412],[21.55722,44.90416],[21.55721,44.90422],[21.55722,44.90433],[21.55731,44.90449],[21.55725,44.90461],[21.55725,44.90465],[21.55736,44.90473],[21.55749,44.90478],[21.55756,44.90491],[21.55763,44.90492],[21.55773,44.90494],[21.55779,44.90495],[21.55791,44.90488],[21.55807,44.90487],[21.55837,44.90482],[21.55848,44.90487],[21.5585,44.90494],[21.55854,44.90501],[21.55855,44.90506],[21.5585,44.90509],[21.55832,44.90514],[21.55825,44.90519],[21.55818,44.9053],[21.55818,44.90542],[21.55825,44.90554],[21.55822,44.90568],[21.55817,44.90574],[21.55815,44.9058],[21.5582,44.90589],[21.55827,44.90595],[21.55829,44.906],[21.55827,44.90606],[21.5582,44.90611],[21.55806,44.90617],[21.55795,44.90619],[21.55792,44.90622],[21.55793,44.90625],[21.55798,44.90628],[21.55806,44.90629],[21.55807,44.90632],[21.55803,44.90637],[21.55802,44.90642],[21.55809,44.90648],[21.55827,44.90653],[21.55832,44.9066],[21.55834,44.90666],[21.55832,44.90672],[21.55814,44.90711],[21.55811,44.90719],[21.55801,44.90739],[21.55794,44.90743],[21.5579,44.90744],[21.55774,44.90748],[21.55769,44.90754],[21.5577,44.90758],[21.5577,44.90768],[21.5576,44.90787],[21.55759,44.90793],[21.55764,44.90801],[21.55776,44.90809],[21.55777,44.90813],[21.55777,44.90817],[21.55768,44.90833],[21.55764,44.90834],[21.55748,44.90834],[21.55737,44.90836],[21.55721,44.90848],[21.55705,44.90855],[21.557,44.9086],[21.55693,44.90868],[21.55688,44.90876],[21.55683,44.90879],[21.55679,44.90883],[21.55674,44.90889],[21.55654,44.90904],[21.55648,44.90914],[21.55639,44.90917],[21.55637,44.90925],[21.55628,44.90938],[21.55627,44.9095],[21.55612,44.90967],[21.55607,44.9098],[21.55606,44.90987],[21.55603,44.90992],[21.55595,44.91003],[21.55593,44.91011],[21.5559,44.91014],[21.55582,44.91018],[21.55576,44.91019],[21.55572,44.91024],[21.55567,44.9104],[21.55566,44.91048],[21.55566,44.91052],[21.55566,44.91055],[21.55558,44.91066],[21.55549,44.91071],[21.5554,44.91073],[21.55536,44.91074],[21.55532,44.9108],[21.55526,44.91086],[21.5552,44.91089],[21.55512,44.9109],[21.55504,44.91095],[21.55501,44.91101],[21.555,44.91106],[21.55496,44.9111],[21.55483,44.91115],[21.5547,44.91124],[21.55463,44.91133],[21.55463,44.91144],[21.55465,44.91154],[21.55468,44.91163],[21.55464,44.91173],[21.55451,44.91188],[21.55449,44.91189],[21.5544,44.91189],[21.55434,44.91192],[21.55415,44.91203],[21.5541,44.91207],[21.55402,44.91216],[21.55402,44.91223],[21.55404,44.91233],[21.55404,44.91236],[21.554,44.91237],[21.55392,44.91236],[21.55387,44.91236],[21.55385,44.91241],[21.55382,44.9125],[21.5538,44.91257],[21.55384,44.91263],[21.55387,44.91267],[21.55387,44.9127],[21.55385,44.91273],[21.55383,44.91277],[21.55379,44.91289],[21.55372,44.91299],[21.55366,44.91307],[21.55352,44.91315],[21.55351,44.91319],[21.55346,44.91326],[21.55346,44.91336],[21.5534,44.91347],[21.55339,44.91358],[21.55335,44.91365],[21.55327,44.91372],[21.55308,44.9138],[21.55273,44.91387],[21.55263,44.91397],[21.55234,44.91428],[21.55223,44.91435],[21.5522,44.91441],[21.55197,44.91462],[21.55186,44.9147],[21.55169,44.9149],[21.55146,44.91509],[21.55131,44.91521],[21.55132,44.91531],[21.55126,44.91536],[21.55107,44.91541],[21.55096,44.91551],[21.55093,44.91564],[21.55088,44.91584],[21.55077,44.91614],[21.55081,44.91624],[21.55077,44.91634],[21.55065,44.91644],[21.55045,44.9166],[21.55038,44.91669],[21.55029,44.91714],[21.55028,44.91726],[21.55029,44.9173],[21.55036,44.91734],[21.55037,44.91741],[21.55016,44.91765],[21.55019,44.91774],[21.55021,44.91783],[21.55029,44.91786],[21.5503,44.91792],[21.55029,44.91798],[21.55032,44.91807],[21.55031,44.91814],[21.55017,44.9184],[21.55013,44.9185],[21.55011,44.91859],[21.5501,44.91867],[21.5501,44.91874],[21.55015,44.91882],[21.55026,44.91886],[21.55031,44.91891],[21.55033,44.91901],[21.5503,44.91916],[21.55027,44.91924],[21.55028,44.91932],[21.55033,44.91938],[21.55035,44.91947],[21.5504,44.9196],[21.55046,44.9196],[21.55057,44.9197],[21.55061,44.91979],[21.55066,44.91997],[21.55066,44.92009],[21.55069,44.92019],[21.55073,44.92026],[21.55078,44.9203],[21.55085,44.92034],[21.55095,44.92041],[21.55101,44.92049],[21.55102,44.92057],[21.55104,44.9206],[21.5512,44.92065],[21.55132,44.92065],[21.55146,44.92066],[21.55175,44.92073],[21.55199,44.92076],[21.55213,44.9208],[21.55266,44.92087],[21.5527,44.92092],[21.55272,44.92097],[21.55266,44.92106],[21.55269,44.92118],[21.55278,44.92125],[21.55286,44.92127],[21.55287,44.92131],[21.55282,44.9215],[21.5528,44.92166],[21.55281,44.92176],[21.55279,44.92186],[21.55277,44.92208],[21.55273,44.92219],[21.5527,44.92237],[21.55272,44.92247],[21.55271,44.92254],[21.55274,44.92281],[21.55267,44.92293],[21.55266,44.92312],[21.55268,44.92322],[21.55276,44.9234],[21.55273,44.92362],[21.55274,44.92376],[21.55273,44.92384],[21.5527,44.92391],[21.55258,44.92398],[21.55246,44.92415],[21.55226,44.92429],[21.55207,44.92436],[21.55192,44.92438],[21.5518,44.9244],[21.55168,44.92448],[21.55151,44.9246],[21.5514,44.92469],[21.55127,44.92483],[21.55109,44.92496],[21.55091,44.92513],[21.55074,44.92536],[21.54989,44.92585],[21.54951,44.92628],[21.54927,44.9264],[21.54891,44.92655],[21.54859,44.92672],[21.54818,44.92704],[21.54809,44.92711],[21.54802,44.92722],[21.54784,44.92735],[21.54776,44.92747],[21.54764,44.92752],[21.54746,44.92754],[21.54727,44.92752],[21.54712,44.92758],[21.54686,44.92783],[21.54654,44.9283],[21.54668,44.92917],[21.54673,44.92964],[21.54669,44.92988],[21.54677,44.93016],[21.54675,44.93039],[21.54666,44.93055],[21.5466,44.93064],[21.54642,44.93073],[21.5461,44.93083],[21.54599,44.9309],[21.54577,44.93102],[21.54545,44.93119],[21.5452,44.93131],[21.54501,44.93138],[21.54476,44.93147],[21.54425,44.93169],[21.54378,44.93184],[21.54324,44.93208],[21.54271,44.93241],[21.54209,44.93277],[21.54174,44.93303],[21.54142,44.93323],[21.54106,44.93333],[21.54095,44.93333],[21.54074,44.93339],[21.54061,44.93349],[21.53993,44.93367],[21.53989,44.93366],[21.53986,44.93368],[21.53982,44.93372],[21.53968,44.93382],[21.53916,44.93398],[21.53905,44.93408],[21.53871,44.93424],[21.53864,44.93433],[21.5385,44.93448],[21.53837,44.93456],[21.53813,44.93465],[21.53766,44.93485],[21.53726,44.93495],[21.53669,44.93511],[21.53635,44.9352],[21.53583,44.93542],[21.53537,44.93562],[21.5348,44.93589],[21.5346,44.93592],[21.53439,44.93599],[21.5343,44.93603],[21.5339,44.93613],[21.53366,44.93623],[21.53349,44.93626],[21.53338,44.93631],[21.53319,44.93634],[21.53305,44.93648],[21.53283,44.93659],[21.53271,44.93673],[21.53264,44.93677],[21.53256,44.93688],[21.53245,44.93695],[21.53223,44.93705],[21.53209,44.9371],[21.53196,44.93717],[21.5315,44.93734],[21.53144,44.93741],[21.53117,44.93751],[21.53107,44.93759],[21.531,44.93762],[21.53073,44.93762],[21.53049,44.9377],[21.53027,44.93777],[21.53005,44.93781],[21.52995,44.93786],[21.52988,44.93786],[21.52981,44.9379],[21.52973,44.93789],[21.5296,44.93795],[21.52933,44.93813],[21.529,44.93824],[21.52877,44.93829],[21.52853,44.93827],[21.52848,44.93829],[21.52851,44.93834],[21.52846,44.93844],[21.52848,44.93856],[21.52847,44.93874],[21.52838,44.93883],[21.52818,44.93888],[21.52811,44.93889],[21.52801,44.93894],[21.52788,44.93901],[21.52774,44.93912],[21.52749,44.93921],[21.52734,44.93923],[21.52713,44.93924],[21.52696,44.93924],[21.52679,44.93927],[21.52659,44.93934],[21.52648,44.93937],[21.52636,44.93938],[21.52624,44.93936],[21.52617,44.93936],[21.52612,44.93939],[21.52606,44.93945],[21.52601,44.93948],[21.52594,44.93951],[21.52567,44.93952],[21.52457,44.93946],[21.5236,44.93945],[21.52332,44.93938],[21.52271,44.93913],[21.52255,44.93935],[21.52082,44.93874],[21.51971,44.938],[21.51771,44.93897],[21.51456,44.94048],[21.51364,44.94092],[21.50995,44.94269],[21.50832,44.94348],[21.50658,44.94432],[21.50129,44.94597],[21.49918,44.9466],[21.49589,44.94762],[21.49424,44.9482],[21.4937,44.94831],[21.49328,44.94837],[21.49142,44.94895],[21.48957,44.9495],[21.48548,44.95131],[21.48384,44.95204],[21.48212,44.95282],[21.482,44.95285],[21.4808,44.95336],[21.47942,44.95398],[21.4775,44.95486],[21.47505,44.95589],[21.47314,44.95675],[21.47234,44.9571],[21.47113,44.95757],[21.47068,44.95777],[21.46922,44.95846],[21.46038,44.9599],[21.45716,44.96042],[21.45274,44.96111],[21.449,44.96171],[21.44557,44.96216],[21.44313,44.96165],[21.44237,44.96149],[21.44095,44.96117],[21.44054,44.96107],[21.44015,44.96103],[21.43894,44.96073],[21.43837,44.96054],[21.43825,44.96048],[21.43653,44.96154],[21.43451,44.96266],[21.43262,44.96367],[21.43062,44.9648],[21.42869,44.96584],[21.42668,44.96697],[21.42454,44.96815],[21.42238,44.96933],[21.41826,44.9715],[21.41411,44.97399],[21.41223,44.97516],[21.4121,44.97527],[21.40982,44.97661],[21.40819,44.97762],[21.40671,44.97852],[21.41014,44.98207],[21.41176,44.98379],[21.41361,44.98566],[21.41465,44.98677],[21.4096,44.98836],[21.40509,44.98979],[21.40652,44.99239],[21.40504,44.99286],[21.39801,44.99505],[21.39085,44.99729],[21.38842,44.99806],[21.38624,44.99956],[21.38296,45.00185],[21.38499,45.00306],[21.3848,45.00321],[21.38682,45.00442],[21.38552,45.00509],[21.38522,45.00487],[21.37824,45.00819],[21.377,45.00672],[21.37434,45.00894],[21.37195,45.01091],[21.36881,45.01339],[21.36649,45.01532],[21.36027,45.02042],[21.36027,45.02044],[21.36151,45.02156],[21.36201,45.02072],[21.36291,45.02098],[21.36346,45.02232],[21.36435,45.02264],[21.36525,45.0239],[21.36744,45.02504],[21.36838,45.02568],[21.36938,45.02584],[21.37175,45.02565],[21.37251,45.02593],[21.37252,45.02694],[21.37405,45.02811],[21.37525,45.02802],[21.37666,45.02783],[21.37639,45.02726],[21.37695,45.02679],[21.37814,45.02817],[21.37947,45.02854],[21.3798,45.02812],[21.37943,45.02727],[21.38019,45.02759],[21.38117,45.02721],[21.38086,45.02666],[21.38132,45.02623],[21.38172,45.0258],[21.38267,45.02565],[21.38324,45.02614],[21.38203,45.02691],[21.38324,45.02757],[21.384,45.02787],[21.38527,45.02862],[21.38524,45.0279],[21.38604,45.02771],[21.38688,45.02808],[21.38817,45.02813],[21.38885,45.02925],[21.38928,45.02857],[21.3906,45.02859],[21.3904,45.02773],[21.39086,45.02706],[21.39197,45.02705],[21.39306,45.02722],[21.39354,45.0278],[21.39496,45.02826],[21.39502,45.02883],[21.39355,45.02971],[21.39479,45.03019],[21.3961,45.02932],[21.3977,45.02936],[21.398,45.0298],[21.39648,45.03084],[21.39712,45.03152],[21.39777,45.03163],[21.3996,45.03109],[21.40009,45.03026],[21.40143,45.03068],[21.40151,45.03129],[21.40081,45.03187],[21.40296,45.03369],[21.40379,45.03379],[21.40514,45.0351],[21.40494,45.03569],[21.40517,45.03661],[21.40585,45.03704],[21.40687,45.03675],[21.40735,45.03591],[21.40864,45.03587],[21.4097,45.03574],[21.41091,45.0361],[21.41173,45.03605],[21.4123,45.0364],[21.41857,45.03653],[21.41965,45.03671],[21.42077,45.03658],[21.42102,45.03607],[21.42021,45.03586],[21.42097,45.03538],[21.42111,45.03488],[21.42094,45.03417],[21.42201,45.03327],[21.42241,45.03265],[21.42324,45.03253],[21.42358,45.03314],[21.42498,45.03402],[21.42531,45.03448],[21.42538,45.03465],[21.42541,45.03472],[21.42576,45.03513],[21.43452,45.03663],[21.43821,45.03725],[21.44157,45.03784],[21.44514,45.03846],[21.44667,45.03871],[21.45019,45.03933],[21.45469,45.04015],[21.45609,45.04039],[21.45503,45.04248],[21.45266,45.04728],[21.4516,45.04941],[21.45097,45.05083],[21.45078,45.05086],[21.45072,45.0509],[21.45068,45.05097],[21.45068,45.05104],[21.45074,45.05117],[21.45075,45.05129],[21.45072,45.05142],[21.45064,45.05153],[21.45036,45.05178],[21.45024,45.05188],[21.45016,45.05198],[21.45013,45.05204],[21.45013,45.05211],[21.45007,45.05217],[21.44996,45.05223],[21.44976,45.05228],[21.44927,45.05232],[21.44895,45.05238],[21.44859,45.05252],[21.44841,45.05257],[21.44828,45.05259],[21.44791,45.05255],[21.44776,45.05255],[21.44734,45.05264],[21.44723,45.0527],[21.44718,45.05276],[21.44724,45.05287],[21.44735,45.0532],[21.44734,45.05337],[21.44727,45.05352],[21.44719,45.05368],[21.44717,45.05385],[21.44721,45.054],[21.44725,45.05407],[21.44723,45.05412],[21.4472,45.05416],[21.44715,45.05419],[21.44723,45.05426],[21.44727,45.05432],[21.44726,45.05439],[21.44721,45.05445],[21.44721,45.05458],[21.44713,45.05471],[21.4471,45.05482],[21.4471,45.05491],[21.44702,45.05514],[21.44702,45.05519],[21.44715,45.05574],[21.44777,45.05631],[21.44764,45.05757],[21.44826,45.05803],[21.44891,45.05862],[21.45085,45.05887],[21.4504,45.05998],[21.45101,45.06044],[21.45067,45.06104],[21.45174,45.06164],[21.45329,45.06293],[21.45528,45.0632],[21.45498,45.06366],[21.45588,45.06432],[21.45625,45.06565],[21.45685,45.06603],[21.45687,45.06681],[21.45814,45.06791],[21.4589,45.06875],[21.45839,45.07],[21.45945,45.07201],[21.46019,45.07246],[21.46117,45.07262],[21.46243,45.07299],[21.46372,45.07421],[21.46496,45.07483],[21.46507,45.07567],[21.46645,45.07763],[21.46675,45.07811],[21.47067,45.08177],[21.4723,45.08249],[21.47335,45.08318],[21.47405,45.08388],[21.47428,45.08434],[21.47435,45.08475],[21.47437,45.08547],[21.47476,45.08629],[21.4751,45.08658],[21.47629,45.08747],[21.47672,45.08776],[21.47777,45.08834],[21.47849,45.08873],[21.479,45.08905],[21.47951,45.08945],[21.48015,45.09003],[21.48077,45.09034],[21.48165,45.09091],[21.48293,45.09126],[21.48338,45.0913],[21.48148,45.09518],[21.48025,45.09604],[21.47844,45.09724],[21.47766,45.09772],[21.4765,45.09829],[21.47571,45.09869],[21.47538,45.09884],[21.47513,45.099],[21.47444,45.0997],[21.47406,45.1001],[21.47313,45.10103],[21.47269,45.10155],[21.47215,45.10206],[21.47107,45.10305],[21.47046,45.10333],[21.47015,45.10374],[21.46973,45.10451],[21.4696,45.10536],[21.47097,45.10555],[21.47123,45.10784],[21.47144,45.10934],[21.47156,45.10981],[21.47167,45.11],[21.47206,45.11029],[21.47436,45.11173],[21.47447,45.11186],[21.47454,45.11202],[21.47462,45.11241],[21.47464,45.11264],[21.47476,45.11291],[21.47496,45.11321],[21.47525,45.11353],[21.47538,45.11372],[21.4754,45.11387],[21.47537,45.11416],[21.47528,45.11471],[21.47537,45.11487],[21.47546,45.11501],[21.47573,45.11526],[21.47619,45.11551],[21.47645,45.11565],[21.47674,45.11585],[21.47706,45.1162],[21.47742,45.11673],[21.47771,45.11722],[21.47784,45.11762],[21.47802,45.11835],[21.47822,45.11897],[21.47829,45.11943],[21.47833,45.12016],[21.47831,45.12087],[21.4783,45.12121],[21.47835,45.12134],[21.47848,45.12145],[21.47888,45.12169],[21.48025,45.12227],[21.48111,45.12263],[21.48189,45.12298],[21.48209,45.12318],[21.48225,45.12333],[21.48262,45.12353],[21.48295,45.12368],[21.48337,45.12385],[21.48374,45.12403],[21.48417,45.12423],[21.48476,45.12452],[21.48529,45.12481],[21.48572,45.12507],[21.48606,45.12523],[21.48647,45.12536],[21.48698,45.12545],[21.48747,45.12549],[21.48817,45.12547],[21.48932,45.12534],[21.48977,45.1253],[21.4902,45.12524],[21.49074,45.12519],[21.49134,45.12513],[21.4914,45.12509],[21.49114,45.12454],[21.49153,45.12452],[21.49164,45.12454],[21.4919,45.12476],[21.49223,45.12495],[21.49263,45.12513],[21.49284,45.12521],[21.49313,45.12525],[21.49338,45.12524],[21.49372,45.1252],[21.494,45.12515],[21.49423,45.12507],[21.49445,45.125],[21.49468,45.12495],[21.49496,45.12494],[21.4953,45.125],[21.4955,45.12505],[21.49557,45.12507],[21.49567,45.12508],[21.49601,45.12505],[21.49623,45.12499],[21.49634,45.12493],[21.49863,45.12563],[21.50023,45.12613],[21.5028,45.12702],[21.50322,45.12811],[21.50858,45.13039],[21.51695,45.13376],[21.52199,45.13577],[21.52734,45.13793],[21.52817,45.14497],[21.52859,45.14751],[21.52635,45.15268],[21.5257,45.15417],[21.52353,45.15914],[21.51729,45.16776],[21.51662,45.16877],[21.51588,45.1699],[21.51555,45.17034],[21.51524,45.17054],[21.51506,45.17071],[21.51476,45.17108],[21.51469,45.17111],[21.51456,45.17112],[21.51375,45.17103],[21.51291,45.17091],[21.51111,45.17042],[21.51012,45.17033],[21.50939,45.17031],[21.50867,45.17031],[21.50796,45.17035],[21.50703,45.17045],[21.50679,45.1705],[21.50643,45.17061],[21.50579,45.17084],[21.50533,45.17102],[21.50442,45.17126],[21.50385,45.17135],[21.50303,45.17158],[21.50263,45.17167],[21.50215,45.1719],[21.50091,45.17226],[21.4997,45.1725],[21.49894,45.17281],[21.49775,45.17261],[21.49544,45.1721],[21.49314,45.17319],[21.48581,45.18688],[21.48465,45.18895],[21.48392,45.19029],[21.48375,45.1906],[21.48304,45.19205],[21.47672,45.19371],[21.47194,45.19497],[21.46922,45.19566],[21.46696,45.19627],[21.46557,45.19667],[21.46197,45.19762],[21.46041,45.19804],[21.45901,45.19838],[21.45188,45.19995],[21.44601,45.20127],[21.44377,45.20181],[21.44341,45.2012],[21.44332,45.20119],[21.44295,45.20145],[21.44278,45.20157],[21.44197,45.20178],[21.43878,45.20291],[21.43715,45.2041],[21.43668,45.20514],[21.43631,45.206],[21.43575,45.20679],[21.43568,45.20733],[21.43516,45.20807],[21.43485,45.20853],[21.43421,45.20962],[21.43406,45.21015],[21.43335,45.21079],[21.4322,45.21154],[21.43145,45.21223],[21.43125,45.21285],[21.4306,45.2133],[21.42971,45.21353],[21.42894,45.21334],[21.42886,45.21379],[21.42801,45.21412],[21.42807,45.21465],[21.42712,45.21499],[21.42659,45.21467],[21.42591,45.21489],[21.42578,45.21534],[21.42443,45.21566],[21.42372,45.2164],[21.42288,45.21657],[21.42185,45.21667],[21.42162,45.21736],[21.42034,45.21755],[21.41981,45.21781],[21.41878,45.21814],[21.41803,45.21864],[21.41728,45.2189],[21.41669,45.21965],[21.41589,45.22008],[21.415,45.22084],[21.41445,45.22111],[21.41408,45.22068],[21.41328,45.22094],[21.41278,45.22126],[21.41212,45.22136],[21.41193,45.22192],[21.41123,45.22227],[21.41152,45.22276],[21.41093,45.22359],[21.41013,45.22367],[21.41046,45.22405],[21.41116,45.22435],[21.41081,45.22486],[21.40982,45.22525],[21.40933,45.22564],[21.40832,45.22587],[21.40752,45.22654],[21.40764,45.22708],[21.40694,45.22685],[21.4065,45.22724],[21.40571,45.2274],[21.40575,45.22824],[21.40512,45.22842],[21.40483,45.22882],[21.40409,45.22884],[21.40312,45.22921],[21.403,45.22913],[21.39917,45.22405],[21.3975,45.22178],[21.39528,45.21886],[21.3919,45.2198],[21.38911,45.22062],[21.38649,45.22133],[21.38419,45.22197],[21.38202,45.22258],[21.37636,45.22422],[21.37305,45.22516],[21.36953,45.2262],[21.35993,45.2222],[21.35101,45.22756],[21.34394,45.23184],[21.33819,45.23327],[21.33925,45.23563],[21.33869,45.23567],[21.33351,45.23641],[21.33272,45.23455],[21.32529,45.23634],[21.3259,45.23966],[21.32078,45.2402],[21.32001,45.2376],[21.31487,45.23822],[21.31088,45.23867],[21.30802,45.2389],[21.30537,45.23902],[21.3055,45.24011],[21.30285,45.24034],[21.3006,45.24068],[21.29583,45.24193],[21.29267,45.24273],[21.29077,45.2413],[21.28959,45.24043],[21.28816,45.23937],[21.28645,45.23812],[21.28457,45.23673],[21.28245,45.23515],[21.28062,45.23377],[21.27771,45.2313],[21.27547,45.22939],[21.26624,45.23476],[21.26182,45.23724],[21.25836,45.2391],[21.25835,45.23914],[21.25824,45.23933],[21.25811,45.23946],[21.2579,45.23956],[21.25665,45.23991],[21.25612,45.23998],[21.2556,45.24017],[21.2552,45.2404],[21.2548,45.24077],[21.25455,45.24136],[21.25424,45.24206],[21.22356,45.25307],[21.21903,45.25065],[21.21572,45.25359],[21.21195,45.25707],[21.20286,45.26547],[21.20875,45.27531],[21.20488,45.27751],[21.19953,45.28057],[21.19576,45.2827],[21.19135,45.28682],[21.18953,45.29457],[21.18798,45.2976],[21.1876,45.29824],[21.18671,45.29997],[21.18458,45.30389],[21.18369,45.30552],[21.18227,45.3073],[21.18122,45.308],[21.18073,45.31009],[21.18004,45.31261],[21.18066,45.31416],[21.18389,45.31598],[21.18049,45.31891],[21.18373,45.32079],[21.18082,45.32335],[21.17928,45.32242],[21.17617,45.32513],[21.1713,45.32232],[21.16653,45.31959],[21.16642,45.31964],[21.16555,45.32144],[21.16476,45.32316],[21.16457,45.32339],[21.162,45.3251],[21.15736,45.32192],[21.15539,45.32062],[21.15352,45.31937],[21.15425,45.31875],[21.15313,45.31805],[21.1496,45.31595],[21.15427,45.31229],[21.15024,45.30968],[21.14971,45.30935],[21.14871,45.30854],[21.14808,45.30795],[21.14733,45.3073],[21.14459,45.30478],[21.1415,45.30475],[21.13418,45.30467],[21.1282,45.30461],[21.11977,45.30205],[21.11688,45.30145],[21.11417,45.30093],[21.10976,45.30061],[21.10939,45.30054],[21.10234,45.29825],[21.0988,45.29712],[21.09653,45.29573],[21.09229,45.30189],[21.09033,45.30465],[21.08779,45.30825],[21.08625,45.31044],[21.0845,45.3129],[21.08103,45.31784],[21.07597,45.31594],[21.07247,45.3146],[21.07089,45.31399],[21.07105,45.31512],[21.0612,45.31582],[21.06179,45.31991],[21.06211,45.32198],[21.06227,45.32304],[21.06357,45.33194],[21.06065,45.33141],[21.04492,45.3287],[21.03717,45.32734],[21.03383,45.32672],[21.0298,45.32607],[21.02168,45.32517],[21.01655,45.32463],[21.01538,45.32759],[21.01473,45.32919],[21.01358,45.33211],[21.01247,45.33504],[21.01159,45.33723],[21.01064,45.33956],[21.00997,45.34129],[21.00338,45.34153],[20.9996,45.34166],[20.99922,45.34178],[20.99697,45.34286],[20.99338,45.34521],[20.99198,45.34619],[20.99132,45.34669],[20.98865,45.34912],[20.98647,45.35144],[20.98512,45.3529],[20.98375,45.35474],[20.98176,45.35732],[20.97567,45.36055],[20.96943,45.36394],[20.96033,45.36679],[20.95829,45.36852],[20.95507,45.3712],[20.95094,45.37478],[20.95068,45.37589],[20.94835,45.38555],[20.94831,45.38551],[20.9482,45.38537],[20.94804,45.38511],[20.94787,45.38483],[20.94749,45.38442],[20.94695,45.38401],[20.94661,45.38385],[20.94624,45.38376],[20.94597,45.38374],[20.94568,45.38378],[20.94515,45.38399],[20.9444,45.38449],[20.94408,45.3849],[20.94359,45.38545],[20.94299,45.38604],[20.94268,45.38631],[20.9424,45.38646],[20.9312,45.38684],[20.93002,45.39251],[20.93547,45.39298],[20.93277,45.39924],[20.93138,45.40204],[20.93096,45.40188],[20.9305,45.40174],[20.93016,45.40166],[20.92986,45.40163],[20.92962,45.40162],[20.92925,45.40165],[20.92898,45.40169],[20.92873,45.40174],[20.92852,45.40182],[20.92833,45.40195],[20.92817,45.4021],[20.92803,45.40229],[20.92784,45.40261],[20.92775,45.40279],[20.92772,45.40292],[20.92771,45.40312],[20.92772,45.40325],[20.92775,45.4034],[20.92782,45.40357],[20.92804,45.40401],[20.92814,45.4043],[20.92816,45.40445],[20.92812,45.40464],[20.92801,45.4048],[20.92781,45.40497],[20.92763,45.40504],[20.92734,45.40509],[20.92698,45.40516],[20.92669,45.40527],[20.92637,45.40541],[20.92606,45.40558],[20.92576,45.40579],[20.92555,45.40598],[20.92525,45.40634],[20.92496,45.40665],[20.92482,45.40678],[20.92466,45.40688],[20.92448,45.40695],[20.92416,45.40701],[20.92364,45.40871],[20.92317,45.40999],[20.92144,45.41445],[20.92093,45.41583],[20.92033,45.41728],[20.91459,45.41732],[20.91049,45.4173],[20.90029,45.41695],[20.89762,45.41803],[20.88972,45.42117],[20.88225,45.42341],[20.87518,45.42595],[20.86927,45.42932],[20.86477,45.43193],[20.86516,45.43199],[20.86594,45.43215],[20.86686,45.43227],[20.86778,45.43237],[20.86841,45.43244],[20.86904,45.43257],[20.86928,45.43265],[20.86944,45.43274],[20.86951,45.43281],[20.86957,45.43294],[20.86957,45.43307],[20.86948,45.43317],[20.86929,45.43328],[20.869,45.4334],[20.86863,45.43351],[20.86806,45.43361],[20.86745,45.43372],[20.86684,45.43387],[20.86651,45.43401],[20.86609,45.43427],[20.86579,45.43457],[20.8656,45.43483],[20.86552,45.43503],[20.86551,45.43529],[20.86557,45.43548],[20.86567,45.43565],[20.86587,45.43582],[20.86616,45.43604],[20.8667,45.43634],[20.86767,45.43678],[20.86796,45.43689],[20.86958,45.43734],[20.87024,45.43751],[20.87051,45.43756],[20.8707,45.43757],[20.87107,45.43756],[20.87238,45.43747],[20.87274,45.43747],[20.87319,45.43751],[20.87352,45.43757],[20.87389,45.43767],[20.87427,45.4378],[20.87456,45.43794],[20.87485,45.43813],[20.87506,45.43833],[20.8752,45.43854],[20.87526,45.43873],[20.87528,45.43903],[20.87528,45.43968],[20.87523,45.44082],[20.87517,45.44149],[20.87498,45.44237],[20.87482,45.44275],[20.87462,45.44317],[20.87428,45.4436],[20.87405,45.44381],[20.87347,45.44413],[20.87244,45.44462],[20.87179,45.44494],[20.87163,45.44507],[20.87153,45.4452],[20.87148,45.44538],[20.87148,45.44549],[20.87152,45.44561],[20.87166,45.44577],[20.87182,45.44592],[20.87201,45.44603],[20.87222,45.44613],[20.87245,45.4462],[20.87289,45.44631],[20.87337,45.44636],[20.87365,45.44638],[20.87397,45.44635],[20.87435,45.44627],[20.87461,45.44617],[20.87511,45.4459],[20.87574,45.44564],[20.8761,45.44554],[20.87642,45.44547],[20.87688,45.44544],[20.87731,45.44546],[20.87762,45.44552],[20.878,45.44563],[20.87889,45.44605],[20.87922,45.44616],[20.87959,45.44623],[20.87995,45.44624],[20.88091,45.44619],[20.87922,45.44812],[20.87842,45.44906],[20.87793,45.44968],[20.8777,45.44999],[20.87763,45.45012],[20.87759,45.45023],[20.87753,45.45049],[20.87753,45.45092],[20.87754,45.45117],[20.87759,45.45139],[20.87764,45.45164],[20.87774,45.45195],[20.878,45.45232],[20.87834,45.45289],[20.87849,45.4531],[20.87865,45.45337],[20.87883,45.45387],[20.87887,45.45431],[20.87886,45.45447],[20.8788,45.45462],[20.87862,45.45479],[20.87797,45.45512],[20.87752,45.45527],[20.87716,45.4553],[20.87674,45.45528],[20.87611,45.45521],[20.87561,45.45513],[20.87541,45.45502],[20.8752,45.4548],[20.87491,45.45459],[20.87466,45.45434],[20.8746,45.45431],[20.87453,45.4543],[20.87442,45.45435],[20.87351,45.45501],[20.87316,45.45527],[20.87296,45.45534],[20.87252,45.45544],[20.87188,45.45555],[20.87074,45.45573],[20.87054,45.45579],[20.87047,45.45585],[20.87046,45.45591],[20.87047,45.45595],[20.87099,45.45642],[20.87112,45.4565],[20.87128,45.45658],[20.87142,45.45663],[20.87163,45.45666],[20.87198,45.45669],[20.87213,45.45672],[20.87226,45.45678],[20.87234,45.45686],[20.8724,45.45695],[20.8724,45.45704],[20.87233,45.45725],[20.8722,45.45743],[20.87131,45.45822],[20.87108,45.45848],[20.87098,45.45865],[20.87096,45.45885],[20.87102,45.45934],[20.8712,45.45985],[20.87059,45.46048],[20.8663,45.46499],[20.86605,45.46495],[20.86547,45.46499],[20.86457,45.46512],[20.86363,45.46539],[20.8628,45.4654],[20.86158,45.46492],[20.86139,45.46488],[20.86126,45.4649],[20.86105,45.46504],[20.86103,45.46523],[20.86022,45.46613],[20.84915,45.47179],[20.84612,45.47337],[20.84206,45.47542],[20.83798,45.47749],[20.83303,45.48002],[20.82754,45.47996],[20.82172,45.47989],[20.8134,45.47978],[20.80708,45.47976],[20.80107,45.47977],[20.79442,45.47979],[20.78816,45.47981],[20.78114,45.47979],[20.77627,45.47982],[20.7711,45.47993],[20.77104,45.48806],[20.77708,45.49057],[20.77442,45.49358],[20.7688,45.50028],[20.77369,45.50225],[20.78071,45.50514],[20.7839,45.50646],[20.78916,45.50863],[20.80717,45.51584],[20.81222,45.52021],[20.81525,45.52295],[20.81909,45.52635],[20.8212,45.5283],[20.82213,45.5291],[20.82304,45.52996],[20.82523,45.53182],[20.82778,45.53399],[20.83253,45.53593],[20.82946,45.53937],[20.82722,45.54193],[20.82712,45.54189],[20.81944,45.5506],[20.82312,45.55206],[20.82028,45.55543],[20.81466,45.56201],[20.81141,45.56585],[20.81373,45.56813],[20.80652,45.57538],[20.80407,45.57785],[20.80251,45.57947],[20.79993,45.58233],[20.79948,45.5832],[20.79853,45.58303],[20.79532,45.58754],[20.79315,45.58719],[20.78581,45.58569],[20.78049,45.58459],[20.77578,45.58363],[20.77194,45.58286],[20.77129,45.58633],[20.77066,45.58948],[20.76984,45.59322],[20.76899,45.59719],[20.76815,45.60124],[20.76725,45.6054],[20.76641,45.6093],[20.76572,45.61251],[20.76979,45.61549],[20.77428,45.6188],[20.77951,45.62262],[20.77997,45.62397],[20.78573,45.63761],[20.78739,45.64157],[20.78907,45.64567],[20.7897,45.64619],[20.79265,45.64828],[20.80267,45.6556],[20.80489,45.65716],[20.80393,45.65996],[20.8025,45.66388],[20.80211,45.66504],[20.80172,45.66594],[20.80126,45.66723],[20.80092,45.66869],[20.80074,45.66983],[20.80029,45.67083],[20.80008,45.67195],[20.80086,45.67461],[20.8012,45.67567],[20.80148,45.67663],[20.80176,45.67759],[20.80206,45.67884],[20.80231,45.67983],[20.80301,45.68201],[20.799,45.68504],[20.7961,45.68705],[20.79761,45.68981],[20.80013,45.6945],[20.80163,45.69754],[20.80257,45.6998],[20.79943,45.7016],[20.79884,45.70199],[20.79884,45.70206],[20.79887,45.70211],[20.79897,45.70219],[20.79907,45.70223],[20.79929,45.70229],[20.79948,45.70232],[20.79969,45.70234],[20.79982,45.70233],[20.80005,45.70229],[20.80088,45.70196],[20.80099,45.70193],[20.80105,45.70196],[20.80108,45.702],[20.80141,45.70911],[20.80156,45.71216],[20.80178,45.71761],[20.80186,45.72001],[20.80227,45.72883],[20.80263,45.73776],[20.80545,45.7432],[20.80816,45.74843],[20.81596,45.74928],[20.81664,45.75066],[20.81751,45.75206],[20.81855,45.75614],[20.81939,45.75956],[20.82016,45.7626],[20.8223,45.77145],[20.82285,45.77384],[20.82314,45.77504],[20.81851,45.77629],[20.81239,45.77801],[20.80727,45.77943],[20.80251,45.78073],[20.79692,45.78224],[20.78827,45.7846],[20.7835,45.7859],[20.78243,45.78211],[20.78015,45.77459],[20.77746,45.76607],[20.77701,45.76453],[20.77592,45.76106],[20.77484,45.75767],[20.77414,45.75453],[20.77045,45.75464],[20.76716,45.75483],[20.76512,45.75494],[20.75941,45.75509],[20.75102,45.75538],[20.74345,45.75565],[20.73674,45.75589],[20.73378,45.75595],[20.73271,45.75591],[20.73272,45.75534],[20.73188,45.75507],[20.73036,45.75453],[20.7294,45.75496],[20.72687,45.75396],[20.7252,45.75385],[20.72372,45.75337],[20.72106,45.75295],[20.72051,45.75233],[20.71946,45.75187],[20.71794,45.75203],[20.718,45.75025],[20.71815,45.74941],[20.71667,45.74976],[20.7149,45.74946],[20.71402,45.74894],[20.71337,45.74949],[20.71288,45.75005],[20.71225,45.7509],[20.71214,45.75091],[20.7114,45.7507],[20.71035,45.75062],[20.7092,45.75048],[20.70826,45.75106],[20.70794,45.7512],[20.70745,45.75132],[20.70602,45.75091],[20.70501,45.75117],[20.70286,45.75112],[20.70069,45.75058],[20.70025,45.75078],[20.69873,45.75523],[20.69754,45.75858],[20.69681,45.76055],[20.69372,45.76],[20.69291,45.75988],[20.69069,45.76632],[20.69457,45.76699],[20.69345,45.77024],[20.69061,45.77836],[20.69018,45.7794],[20.68774,45.78442],[20.68635,45.7872],[20.68534,45.78921],[20.68332,45.79334],[20.68235,45.79535],[20.68141,45.79733],[20.67683,45.79654],[20.67082,45.79549],[20.66577,45.79464],[20.66281,45.79414],[20.66074,45.79905],[20.6591,45.80297],[20.65803,45.80565],[20.65709,45.80803],[20.65495,45.80738],[20.65069,45.81179],[20.65174,45.81361],[20.65281,45.81554],[20.65505,45.8196],[20.65738,45.82378],[20.65941,45.82735],[20.66042,45.82918],[20.65155,45.83555],[20.64921,45.83723],[20.64571,45.83971],[20.64227,45.84216],[20.63565,45.84691],[20.62786,45.85249],[20.62544,45.85424],[20.62152,45.85705],[20.62001,45.85813],[20.61717,45.86013],[20.61169,45.86403],[20.60814,45.86339],[20.60207,45.86233],[20.59887,45.86173],[20.59679,45.86674],[20.59608,45.86844],[20.59438,45.87173],[20.58842,45.87066],[20.58144,45.86939],[20.58039,45.87152],[20.57792,45.87676],[20.57675,45.87654],[20.57522,45.87872],[20.57678,45.8793],[20.57453,45.88398],[20.57784,45.88473],[20.57876,45.88493],[20.57421,45.89714],[20.57337,45.89938],[20.57246,45.90181],[20.57167,45.90393],[20.57105,45.90561],[20.57009,45.90827],[20.56943,45.9102],[20.56529,45.9094],[20.56148,45.9087],[20.55117,45.9068],[20.54654,45.90592],[20.54781,45.90359],[20.54898,45.9015],[20.54974,45.90013],[20.54806,45.89973],[20.54524,45.89907],[20.53949,45.89768],[20.53685,45.89706],[20.53368,45.89638],[20.52939,45.89537],[20.52638,45.89464],[20.5236,45.89398],[20.51884,45.89287],[20.51594,45.89221],[20.51433,45.89439],[20.51275,45.89643],[20.51107,45.89865],[20.50868,45.9015],[20.50674,45.904],[20.50479,45.90658],[20.50179,45.91064],[20.49841,45.91886],[20.49721,45.92144],[20.49663,45.92281],[20.49469,45.92719],[20.49344,45.93005],[20.49257,45.93203],[20.49186,45.93361],[20.49103,45.93549],[20.48997,45.93797],[20.48891,45.9403],[20.48773,45.94281],[20.486,45.9468],[20.48549,45.94812],[20.48507,45.94923],[20.48445,45.95053],[20.48307,45.95348],[20.47766,45.95597],[20.46813,45.9605],[20.46436,45.96231],[20.46071,45.96402],[20.4574,45.96559],[20.45455,45.96694],[20.44741,45.97025],[20.44096,45.96945],[20.43224,45.96841],[20.42321,45.96732],[20.41468,45.96632],[20.40543,45.96521],[20.40279,45.96674],[20.39754,45.97],[20.39332,45.97253],[20.3893,45.97492],[20.38475,45.97766],[20.38055,45.9802],[20.37642,45.98277],[20.37264,45.98515],[20.36813,45.98792],[20.36069,45.99218],[20.35661,45.99457],[20.35305,45.99672],[20.35228,45.99717],[20.34801,45.9997],[20.34816,45.99975],[20.3485,45.99978],[20.34886,45.99985],[20.34933,46.0],[20.35009,46.0001],[20.35032,46.00009],[20.3506,46.00003],[20.35285,45.99943],[20.35311,45.99952],[20.35325,45.9996],[20.35335,45.99973],[20.35339,45.99982],[20.3534,45.99996],[20.35336,46.00011],[20.35311,46.00072],[20.35248,46.00203],[20.3522,46.00273],[20.35216,46.00307],[20.35221,46.00339],[20.35239,46.00378],[20.35253,46.00391],[20.35292,46.00423],[20.35333,46.00443],[20.35361,46.00454],[20.35394,46.00461],[20.35719,46.00506],[20.35731,46.0051],[20.35745,46.00516],[20.35758,46.00524],[20.35768,46.00533],[20.35774,46.00541],[20.35778,46.00563],[20.35667,46.00787],[20.35539,46.01012],[20.35493,46.01107],[20.35384,46.01313],[20.35288,46.01493],[20.35199,46.01657],[20.3511,46.01824],[20.35021,46.01987],[20.34757,46.02436],[20.3466,46.02602],[20.34561,46.02766],[20.34366,46.03105],[20.34061,46.03629],[20.34013,46.03828],[20.33975,46.03978],[20.33935,46.04142],[20.34322,46.04721],[20.34597,46.04741],[20.3426,46.04965],[20.3391,46.05201],[20.33556,46.05441],[20.32916,46.05873],[20.32266,46.06315],[20.31931,46.06537],[20.31208,46.07012],[20.3093,46.07202],[20.31134,46.07364],[20.30998,46.07603],[20.30828,46.07585],[20.30734,46.07712],[20.30675,46.07795],[20.3055,46.07986],[20.30373,46.08219],[20.30318,46.08299],[20.30299,46.08352],[20.30255,46.08526],[20.30224,46.08658],[20.29889,46.08795],[20.29268,46.09043],[20.28967,46.09162],[20.28619,46.09304],[20.28335,46.09416],[20.28012,46.09546],[20.27759,46.09649],[20.27641,46.09699],[20.27517,46.09749],[20.27339,46.09817],[20.2727,46.09932],[20.27222,46.10005],[20.27179,46.10057],[20.27051,46.10208],[20.2699,46.10277],[20.2691,46.10349],[20.26856,46.10375],[20.2683,46.10451],[20.2681,46.1048],[20.26773,46.10557],[20.2673,46.10629],[20.26709,46.10658],[20.26683,46.10681],[20.26627,46.10714],[20.2656,46.10779],[20.26534,46.10798],[20.26509,46.10819],[20.26473,46.10856],[20.2646,46.10882],[20.26454,46.10904],[20.26453,46.10918],[20.26457,46.10944],[20.26483,46.10973],[20.26499,46.10991],[20.26511,46.11013],[20.26556,46.1108],[20.26596,46.11122],[20.26643,46.11167],[20.26674,46.11198],[20.267,46.11222],[20.26751,46.11233],[20.2676,46.11211],[20.26774,46.11192],[20.26804,46.11175],[20.26843,46.11162],[20.26873,46.11158],[20.26918,46.11157],[20.26966,46.11158],[20.27034,46.11168],[20.27112,46.11186],[20.2722,46.11217],[20.27277,46.11232],[20.27321,46.11239],[20.27378,46.11244],[20.27503,46.11252],[20.27527,46.11257],[20.27544,46.11266],[20.2756,46.11275],[20.27583,46.11296],[20.27618,46.11329],[20.27648,46.11362],[20.27677,46.11398],[20.27718,46.11439],[20.27758,46.11483],[20.2779,46.11509],[20.27827,46.11528],[20.27869,46.11546],[20.27951,46.11571],[20.28115,46.11619],[20.2817,46.11639],[20.28208,46.11658],[20.28254,46.11692],[20.28283,46.11718],[20.28298,46.11736],[20.28297,46.11741],[20.28295,46.11748],[20.28275,46.11752],[20.28247,46.11751],[20.28213,46.11755],[20.28168,46.11771],[20.28125,46.11778],[20.28099,46.11777],[20.28044,46.11802],[20.28,46.11816],[20.27932,46.11823],[20.27839,46.11808],[20.27599,46.11743],[20.2734,46.11661],[20.27169,46.11617],[20.27073,46.11602],[20.27015,46.11602],[20.26928,46.11627],[20.26822,46.11649],[20.26526,46.11768],[20.26432,46.11796],[20.26378,46.11815],[20.26309,46.1186],[20.26227,46.11953],[20.26192,46.12019],[20.26182,46.12055],[20.26186,46.12102],[20.26185,46.12156],[20.26182,46.12199],[20.262,46.12253],[20.26239,46.12319],[20.26274,46.12375],[20.26305,46.12405],[20.26383,46.12445],[20.26538,46.12509],[20.26496,46.12556],[20.26479,46.12594],[20.26427,46.12635],[20.26426,46.12636],[20.26584,46.12671],[20.26717,46.12702],[20.26828,46.12717],[20.26906,46.12724],[20.27023,46.1272],[20.27071,46.12851],[20.27091,46.12994],[20.2714,46.13215],[20.2717,46.13281],[20.27289,46.13226],[20.27385,46.13371],[20.27416,46.13332],[20.27556,46.1336],[20.27644,46.13461],[20.27698,46.13517],[20.27983,46.13826],[20.28163,46.1403],[20.28331,46.14195],[20.29211,46.14865],[20.29371,46.1499],[20.2952,46.15104],[20.29688,46.15224],[20.29911,46.15193],[20.30214,46.15325],[20.30595,46.15497],[20.30919,46.15648],[20.31081,46.15354],[20.31262,46.15017],[20.31527,46.15138],[20.32073,46.15387],[20.32672,46.15659],[20.3301,46.15815],[20.33829,46.16185],[20.34186,46.16347],[20.35044,46.16737],[20.35557,46.16969],[20.35618,46.16886],[20.35765,46.16684],[20.359,46.16495],[20.36046,46.16292],[20.36183,46.16105],[20.36276,46.15978],[20.36625,46.15494],[20.36852,46.15284],[20.36909,46.15308],[20.36946,46.1528],[20.37006,46.15359],[20.37242,46.15488],[20.37326,46.15518],[20.37366,46.15543],[20.37391,46.15568],[20.37566,46.15667],[20.37751,46.15776],[20.38112,46.15789],[20.38511,46.15604],[20.38662,46.15529],[20.39429,46.15254],[20.39624,46.15557],[20.39745,46.15743],[20.40265,46.15553],[20.40418,46.15371],[20.40681,46.15243],[20.4098,46.15101],[20.41375,46.14964],[20.41688,46.14854],[20.42184,46.1468],[20.42627,46.14524],[20.42832,46.14485],[20.4301,46.14454],[20.43258,46.1441],[20.4357,46.14354],[20.44541,46.1418],[20.45189,46.14231],[20.45614,46.14267],[20.45913,46.14288],[20.46488,46.14686],[20.46849,46.14937],[20.47291,46.15243],[20.47527,46.15487],[20.47689,46.15653],[20.47982,46.1588],[20.48301,46.16125],[20.48481,46.16266],[20.48774,46.16494],[20.49049,46.16711],[20.4934,46.16937],[20.49415,46.17016],[20.49522,46.17086],[20.4955,46.17159],[20.49499,46.17205],[20.49461,46.17215],[20.49325,46.17377],[20.49461,46.17567],[20.49647,46.17749],[20.49639,46.17803],[20.49374,46.17976],[20.49375,46.18028],[20.49189,46.18081],[20.49467,46.18261],[20.49614,46.18329],[20.49788,46.18414],[20.49804,46.18415],[20.49798,46.18527],[20.49747,46.18551],[20.49681,46.1851],[20.49548,46.18589],[20.49563,46.18734],[20.49649,46.18837],[20.49664,46.18862],[20.4967,46.18879],[20.49757,46.18868],[20.49793,46.18868],[20.49899,46.18876],[20.49944,46.18878],[20.50012,46.18847],[20.50157,46.19008],[20.50714,46.18761],[20.51113,46.18594],[20.51386,46.1849],[20.5159,46.18428],[20.51705,46.18384],[20.51897,46.18301],[20.52065,46.1824],[20.52152,46.18216],[20.52281,46.18185],[20.52493,46.18141],[20.52727,46.18097],[20.52963,46.18061],[20.53228,46.18054],[20.53393,46.18061],[20.53433,46.18057],[20.53463,46.18043],[20.53482,46.18029],[20.53509,46.18005],[20.53539,46.17987],[20.53602,46.17965],[20.53682,46.17957],[20.53758,46.17964],[20.5386,46.17972],[20.53924,46.17979],[20.53997,46.17975],[20.5407,46.17967],[20.5415,46.17945],[20.54392,46.17866],[20.54615,46.17802],[20.54744,46.17759],[20.54864,46.1771],[20.54919,46.17683],[20.54978,46.17666],[20.5506,46.17635],[20.55098,46.17617],[20.55104,46.17608],[20.55107,46.17598],[20.55113,46.17568],[20.55111,46.17548],[20.55097,46.17522],[20.55093,46.17511],[20.55091,46.17498],[20.55106,46.17471],[20.55124,46.17457],[20.55135,46.17452],[20.5516,46.1745],[20.55183,46.1745],[20.55235,46.17444],[20.55294,46.17434],[20.55341,46.17425],[20.55396,46.1741],[20.55453,46.17402],[20.55491,46.17387],[20.55535,46.17366],[20.55571,46.17342],[20.55596,46.17315],[20.55611,46.17297],[20.55618,46.17262],[20.55624,46.1724],[20.55641,46.17223],[20.55684,46.17193],[20.55744,46.17158],[20.5589,46.17078],[20.56037,46.17009],[20.56194,46.16931],[20.56337,46.16851],[20.56456,46.16776],[20.5654,46.16703],[20.56624,46.16659],[20.56756,46.16597],[20.56886,46.1652],[20.57122,46.1637],[20.57272,46.16252],[20.57379,46.16194],[20.57622,46.16078],[20.57749,46.16023],[20.57858,46.15994],[20.57985,46.15957],[20.5807,46.1592],[20.58164,46.15849],[20.58259,46.15778],[20.5836,46.15713],[20.58647,46.15569],[20.58788,46.15494],[20.58902,46.15432],[20.59036,46.15361],[20.59133,46.15317],[20.59251,46.15267],[20.59362,46.15209],[20.59474,46.15139],[20.59589,46.15043],[20.59718,46.14973],[20.59929,46.14898],[20.6018,46.14842],[20.60558,46.14733],[20.60686,46.14688],[20.60797,46.14646],[20.60871,46.14597],[20.60943,46.14563],[20.61118,46.14456],[20.61241,46.14365],[20.6136,46.14265],[20.61485,46.14148],[20.61658,46.14032],[20.61755,46.13966],[20.61848,46.13926],[20.61933,46.13889],[20.62,46.13848],[20.62053,46.1379],[20.621,46.13741],[20.62299,46.13595],[20.62464,46.13466],[20.62542,46.13389],[20.62604,46.13312],[20.62682,46.13183],[20.62738,46.13087],[20.6292,46.12938],[20.63005,46.12865],[20.63081,46.12815],[20.63195,46.12756],[20.6331,46.12715],[20.63417,46.12682],[20.63545,46.12658],[20.63621,46.12649],[20.63698,46.12649],[20.63786,46.12658],[20.63865,46.12673],[20.63955,46.12691],[20.64051,46.1272],[20.64143,46.12755],[20.64194,46.12785],[20.6423,46.12815],[20.64313,46.12889],[20.64455,46.13018],[20.64615,46.1319],[20.64682,46.13277],[20.64789,46.13387],[20.64836,46.13466],[20.64878,46.13545],[20.64908,46.13623],[20.64923,46.13748],[20.6493,46.13892],[20.64949,46.14065],[20.64948,46.14218],[20.64956,46.14329],[20.64973,46.14446],[20.65002,46.14551],[20.65046,46.1462],[20.65119,46.14696],[20.65171,46.14751],[20.65301,46.14823],[20.65529,46.14934],[20.65776,46.15003],[20.66028,46.15072],[20.6621,46.15092],[20.66432,46.15106],[20.66572,46.15106],[20.66715,46.15083],[20.66964,46.15016],[20.67175,46.14906],[20.67492,46.1473],[20.6766,46.14627],[20.67908,46.14543],[20.68068,46.14505],[20.6818,46.14489],[20.68267,46.14488],[20.68414,46.14498],[20.68483,46.14508],[20.68585,46.14542],[20.68629,46.14566],[20.68678,46.14601],[20.68737,46.14659],[20.68803,46.14726],[20.68861,46.14779],[20.68916,46.14814],[20.69018,46.14868],[20.69084,46.14912],[20.6913,46.14953],[20.6917,46.15019],[20.69225,46.15117],[20.69355,46.15418],[20.69362,46.15449],[20.69358,46.15505],[20.69348,46.15571],[20.69343,46.15618],[20.6935,46.15678],[20.6936,46.1572],[20.69386,46.15771],[20.69422,46.15821],[20.69492,46.15882],[20.69576,46.15934],[20.69651,46.1597],[20.69725,46.15995],[20.69825,46.16021],[20.69916,46.16033],[20.70015,46.16038],[20.70109,46.16045],[20.70196,46.16058],[20.70279,46.16071],[20.70519,46.16134],[20.70558,46.1618],[20.70571,46.16193],[20.70597,46.1621],[20.7063,46.16227],[20.70684,46.16251],[20.70728,46.16272],[20.70767,46.16294],[20.70776,46.163],[20.70794,46.16323],[20.70817,46.16361],[20.70851,46.16425],[20.70864,46.1646],[20.70875,46.1647],[20.70932,46.16498],[20.71,46.1652],[20.71053,46.1653],[20.711,46.16534],[20.71128,46.16537],[20.71166,46.16545],[20.71207,46.16551],[20.71235,46.16552],[20.7126,46.16553],[20.71279,46.16554],[20.71316,46.16563],[20.71346,46.16572],[20.71373,46.16582],[20.71389,46.16591],[20.71398,46.16598],[20.71405,46.16606],[20.71428,46.16636],[20.71437,46.16646],[20.71451,46.16658],[20.71498,46.16688],[20.71516,46.167],[20.71524,46.16708],[20.71527,46.16713],[20.71528,46.1672],[20.71528,46.16737],[20.71521,46.16784],[20.71541,46.16817],[20.71585,46.16819],[20.71636,46.1695],[20.7158,46.16961],[20.71682,46.17232],[20.71923,46.17904],[20.72057,46.18249],[20.72114,46.18398],[20.72245,46.18748],[20.72396,46.18723],[20.7246,46.18722],[20.72493,46.18725],[20.72502,46.18761],[20.72508,46.18801],[20.72555,46.18834],[20.72578,46.18848],[20.7261,46.18856],[20.7262,46.1887],[20.72671,46.18871],[20.72696,46.18876],[20.72757,46.18879],[20.72792,46.18893],[20.72826,46.18923],[20.72878,46.18916],[20.72972,46.18965],[20.73002,46.18992],[20.73028,46.19027],[20.7303,46.19037],[20.73039,46.19049],[20.73046,46.19055],[20.73055,46.19057],[20.73062,46.19054],[20.73069,46.19047],[20.73102,46.19044],[20.7314,46.19054],[20.73178,46.19077],[20.73282,46.19153],[20.73325,46.19198],[20.73346,46.19228],[20.73356,46.19267],[20.73376,46.1931],[20.73397,46.1934],[20.73414,46.19382],[20.73388,46.19407],[20.73273,46.19389],[20.73068,46.19526],[20.72578,46.19645],[20.72619,46.19785],[20.72659,46.19922],[20.72688,46.19965],[20.72813,46.20334],[20.72862,46.20499],[20.72742,46.20739],[20.73724,46.20654],[20.74171,46.20616],[20.74626,46.20577],[20.75202,46.20528],[20.7594,46.20467],[20.76188,46.20449],[20.76164,46.20545],[20.76141,46.20617],[20.76091,46.20787],[20.7595,46.21294],[20.75902,46.21462],[20.75855,46.21633],[20.7581,46.21797],[20.75761,46.21967],[20.75714,46.22138],[20.75618,46.22475],[20.75523,46.22812],[20.75476,46.22981],[20.7543,46.23149],[20.7539,46.23293],[20.75194,46.23996],[20.75053,46.24503],[20.74958,46.24837],[20.74894,46.25066],[20.75019,46.25185],[20.75915,46.26033],[20.7621,46.26314],[20.76608,46.2669],[20.76837,46.2691],[20.77322,46.27365],[20.77559,46.27594],[20.77988,46.27468],[20.78345,46.27362],[20.78696,46.2733],[20.78923,46.27315],[20.79056,46.27341],[20.7946,46.27421],[20.79945,46.27515],[20.80403,46.27593],[20.80655,46.27634],[20.80847,46.27664],[20.81331,46.27739],[20.81573,46.27776],[20.81822,46.27814],[20.82315,46.27891],[20.83299,46.2804],[20.83831,46.28145],[20.84079,46.28187],[20.84636,46.28284],[20.84874,46.28325],[20.85851,46.28489],[20.87344,46.28739],[20.87587,46.28511],[20.87835,46.28286],[20.88078,46.2807],[20.88209,46.27952],[20.88497,46.27684],[20.88751,46.27449],[20.89058,46.27144],[20.89416,46.27034],[20.89867,46.26895],[20.90282,46.26768],[20.91352,46.26446],[20.91738,46.26329],[20.92213,46.26187],[20.92296,46.26584],[20.92332,46.26762],[20.9237,46.26965],[20.924,46.27098],[20.92442,46.27301],[20.92507,46.27631],[20.93081,46.27707],[20.94352,46.27875],[20.94664,46.27917],[20.95088,46.26787],[20.95246,46.26482],[20.95714,46.26346],[20.9611,46.2622],[20.96366,46.26188],[20.96628,46.26153],[20.97077,46.26095],[20.97608,46.26053],[20.97831,46.26032],[20.98091,46.2601],[20.99032,46.25948],[20.99695,46.26029],[21.0018,46.2609],[21.00713,46.2617],[21.01121,46.26232],[21.01582,46.26321],[21.01627,46.26333],[21.02097,46.26499],[21.02498,46.26648],[21.02637,46.26435],[21.02787,46.26219],[21.03096,46.25728],[21.03673,46.24788],[21.04088,46.24784],[21.04546,46.2471],[21.0503,46.2463],[21.05513,46.24553],[21.05998,46.24473],[21.06599,46.24274],[21.06718,46.24532],[21.06976,46.25087],[21.07076,46.25307],[21.07112,46.2539],[21.07505,46.25306],[21.07984,46.25206],[21.08078,46.25416],[21.08147,46.25583],[21.08237,46.25633],[21.08261,46.25643],[21.08272,46.25647],[21.08286,46.25649],[21.08299,46.2565],[21.0831,46.25648],[21.08321,46.25645],[21.08334,46.2564],[21.08342,46.25633],[21.08349,46.25623],[21.08354,46.25611],[21.08358,46.25586],[21.08364,46.25539],[21.08368,46.25531],[21.08373,46.25523],[21.08383,46.25514],[21.08409,46.25498],[21.08489,46.25459],[21.08505,46.25456],[21.08521,46.25457],[21.08536,46.2546],[21.08636,46.2549],[21.0865,46.25501],[21.08657,46.25508],[21.08669,46.25529],[21.08696,46.25566],[21.0874,46.2564],[21.08766,46.25677],[21.08772,46.25693],[21.08773,46.25702],[21.08772,46.25711],[21.08769,46.2572],[21.08766,46.2573],[21.08749,46.25758],[21.08738,46.25777],[21.08724,46.25794],[21.08694,46.25829],[21.08686,46.25845],[21.08683,46.25854],[21.08681,46.25865],[21.08682,46.25877],[21.08683,46.25889],[21.08686,46.25898],[21.08691,46.25905],[21.08697,46.25913],[21.08705,46.25919],[21.08713,46.25923],[21.08721,46.25926],[21.0873,46.25928],[21.08739,46.25927],[21.08749,46.25926],[21.08761,46.25921],[21.08859,46.25862],[21.08915,46.25827],[21.08933,46.25821],[21.08947,46.25818],[21.09062,46.25813],[21.09083,46.25815],[21.09098,46.25821],[21.09107,46.25825],[21.09124,46.25843],[21.09129,46.25855],[21.0914,46.25892],[21.09148,46.25918],[21.09153,46.2593],[21.09157,46.25936],[21.09164,46.25941],[21.09274,46.25999],[21.09282,46.26005],[21.0933,46.26054],[21.09337,46.26064],[21.09341,46.26071],[21.09361,46.26123],[21.09386,46.26181],[21.09391,46.26193],[21.09402,46.26206],[21.09412,46.26218],[21.09423,46.26226],[21.0944,46.26234],[21.09456,46.26238],[21.09474,46.2624],[21.09501,46.26241],[21.09588,46.26241],[21.09694,46.26242],[21.09713,46.26243],[21.0973,46.26248],[21.09761,46.2626],[21.09796,46.26273],[21.09831,46.26289],[21.09841,46.26296],[21.09921,46.26352],[21.09937,46.26362],[21.10032,46.26396],[21.10047,46.264],[21.10054,46.26401],[21.10072,46.26398],[21.1009,46.26392],[21.10112,46.26378],[21.10129,46.26365],[21.1014,46.26348],[21.10171,46.26268],[21.10177,46.26258],[21.10186,46.26252],[21.10226,46.26239],[21.10257,46.26233],[21.10301,46.26228],[21.10316,46.26229],[21.10388,46.26421],[21.10475,46.26641],[21.10566,46.2689],[21.10798,46.27508],[21.10905,46.27768],[21.11016,46.28231],[21.11056,46.28453],[21.11116,46.28722],[21.11183,46.28987],[21.11203,46.29012],[21.11263,46.29213],[21.1133,46.29481],[21.11431,46.29789],[21.11555,46.30166],[21.12259,46.30091],[21.13695,46.30327],[21.14545,46.30467],[21.14762,46.29925],[21.15163,46.29757],[21.15264,46.2982],[21.15361,46.29851],[21.15793,46.29852],[21.16356,46.29827],[21.16626,46.29792],[21.16766,46.29787],[21.17008,46.29803],[21.17451,46.30036],[21.17568,46.30283],[21.18053,46.30407],[21.17784,46.30927],[21.17647,46.31191],[21.17582,46.31318],[21.17479,46.31516],[21.17435,46.31605],[21.17313,46.31841],[21.17611,46.32086],[21.1775,46.32345],[21.17697,46.32546],[21.17666,46.32653],[21.17588,46.32956],[21.17872,46.33045],[21.1781,46.33172],[21.17748,46.33297],[21.17659,46.33478],[21.17617,46.3356],[21.17984,46.33648],[21.18324,46.33728],[21.18531,46.33777],[21.19036,46.33914],[21.19169,46.34051],[21.192,46.34077],[21.19255,46.34132],[21.19444,46.34302],[21.19685,46.34519],[21.19811,46.34635],[21.19952,46.34772],[21.19951,46.3479],[21.19929,46.3506],[21.19902,46.35329],[21.19887,46.35509],[21.19846,46.35944],[21.19831,46.3608],[21.19808,46.36349],[21.19773,46.36741],[21.19753,46.36974],[21.19661,46.37082],[21.19736,46.37345],[21.19816,46.3761],[21.19893,46.37874],[21.19972,46.38138],[21.20012,46.3827],[21.20093,46.38534],[21.20132,46.38666],[21.20211,46.38932],[21.2029,46.39196],[21.20333,46.39328],[21.20373,46.39461],[21.20455,46.39726],[21.20636,46.40323],[21.20796,46.40301],[21.21145,46.40253],[21.21637,46.40185],[21.21684,46.40343],[21.21731,46.40502],[21.21781,46.4066],[21.2183,46.40819],[21.21876,46.40976],[21.21914,46.41111],[21.22065,46.41167],[21.22166,46.41182],[21.22248,46.41208],[21.22389,46.41282],[21.22532,46.41355],[21.2269,46.41324],[21.2325,46.41196],[21.23618,46.41114],[21.23991,46.41033],[21.24404,46.41041],[21.24775,46.41053],[21.25265,46.40969],[21.25889,46.4086],[21.26361,46.408],[21.26808,46.40752],[21.27167,46.4071],[21.27537,46.40669],[21.28321,46.4032],[21.28705,46.40424],[21.28837,46.40457],[21.29331,46.40587],[21.29448,46.40619],[21.29625,46.40663],[21.2953,46.4074],[21.29335,46.4094],[21.29245,46.41029],[21.29036,46.41257],[21.28949,46.41348],[21.28936,46.41375],[21.28972,46.41513],[21.28998,46.41539],[21.29349,46.41749],[21.29419,46.41904],[21.29526,46.42131],[21.29609,46.42314],[21.29669,46.42381],[21.29773,46.42504],[21.29852,46.42606],[21.30104,46.42904],[21.30302,46.43128],[21.30336,46.43208],[21.3065,46.43507],[21.30909,46.43755],[21.3115,46.4398],[21.31182,46.44012],[21.31208,46.443],[21.3122,46.44397],[21.31244,46.44567],[21.31305,46.44917],[21.3131,46.44935],[21.31319,46.44952],[21.31333,46.44964],[21.31346,46.4497],[21.31453,46.45009],[21.31596,46.45054],[21.31778,46.45073],[21.31656,46.45216],[21.31448,46.45457],[21.31216,46.45721],[21.31048,46.45905],[21.30757,46.46236],[21.30638,46.46367],[21.30484,46.46552],[21.30289,46.46806],[21.30249,46.46855],[21.30193,46.46923],[21.29931,46.47246],[21.29636,46.47617],[21.29177,46.47626],[21.28835,46.47672],[21.28416,46.47723],[21.27842,46.47679],[21.27429,46.47643],[21.27384,46.47903],[21.27325,46.48165],[21.27287,46.48344],[21.27175,46.48471],[21.27006,46.48673],[21.26913,46.48802],[21.26805,46.48958],[21.26597,46.49263],[21.26471,46.4945],[21.26383,46.49583],[21.26276,46.49741],[21.26204,46.4988],[21.26133,46.50029],[21.26051,46.5019],[21.26101,46.50323],[21.26152,46.50446],[21.26211,46.50551],[21.2634,46.50797],[21.26422,46.50979],[21.26566,46.51292],[21.26657,46.51485],[21.2674,46.51665],[21.26772,46.51731],[21.26909,46.52036],[21.27136,46.52522],[21.2722,46.52695],[21.27302,46.52855],[21.27416,46.53086],[21.27515,46.53271],[21.27634,46.53498],[21.27431,46.5407],[21.27666,46.54234],[21.27899,46.54396],[21.28036,46.5449],[21.28544,46.5445],[21.28969,46.54426],[21.29169,46.54712],[21.29315,46.55078],[21.29369,46.55219],[21.29755,46.5534],[21.29962,46.55541],[21.30505,46.56062],[21.3035,46.56433],[21.30493,46.56607],[21.30761,46.56783],[21.30949,46.56997],[21.31011,46.57059],[21.31182,46.57235],[21.31449,46.57511],[21.31616,46.57751],[21.3175,46.57887],[21.3184,46.57991],[21.31964,46.58136],[21.32009,46.58191],[21.32083,46.58287],[21.31925,46.58377],[21.31675,46.58526],[21.31614,46.58561],[21.31497,46.58469],[21.31486,46.58476],[21.31408,46.58415],[21.31128,46.58585],[21.3085,46.58755],[21.30709,46.58641],[21.30298,46.58939],[21.30116,46.59084],[21.3025,46.59343],[21.30329,46.59498],[21.30401,46.59575],[21.30509,46.59697],[21.306,46.59796],[21.30662,46.59861],[21.30689,46.59895],[21.30694,46.59915],[21.30691,46.60041],[21.30692,46.60181],[21.3071,46.60214],[21.30746,46.60291],[21.30751,46.6031],[21.30875,46.60586],[21.30978,46.60717],[21.30993,46.60734],[21.31008,46.60759],[21.31014,46.6077],[21.31027,46.60787],[21.31034,46.608],[21.31044,46.6082],[21.3105,46.60845],[21.31085,46.60923],[21.31251,46.61274],[21.31377,46.61539],[21.31414,46.61761],[21.31525,46.61874],[21.31635,46.61986],[21.31747,46.621],[21.31876,46.62225],[21.32134,46.62472],[21.32506,46.6283],[21.32952,46.63127],[21.33002,46.63155],[21.33485,46.62899],[21.33597,46.62952],[21.33898,46.63017],[21.34236,46.63065],[21.34654,46.63128],[21.3479,46.63147],[21.34858,46.6312],[21.34966,46.63102],[21.3505,46.63088],[21.35112,46.63089],[21.35266,46.63066],[21.35341,46.63037],[21.35688,46.63248],[21.36114,46.63508],[21.36561,46.63783],[21.37005,46.63622],[21.37509,46.63436],[21.37815,46.63325],[21.37837,46.63314],[21.37851,46.63306],[21.37863,46.63297],[21.37872,46.63287],[21.37881,46.63275],[21.38047,46.62905],[21.3806,46.62884],[21.38073,46.62869],[21.38088,46.62857],[21.38104,46.62846],[21.38125,46.62835],[21.38146,46.62828],[21.38201,46.62815],[21.38653,46.62714],[21.39085,46.62615],[21.39583,46.62503],[21.40407,46.62316],[21.40999,46.62183],[21.41018,46.62252],[21.41131,46.62434],[21.41145,46.62466],[21.41177,46.62543],[21.41301,46.63033],[21.414,46.63455],[21.41408,46.63579],[21.41475,46.63644],[21.41574,46.63923],[21.41594,46.64014],[21.41642,46.64254],[21.41922,46.64466],[21.42169,46.64649],[21.43252,46.64816],[21.43675,46.64974],[21.4415,46.6515],[21.44259,46.6524],[21.44552,46.65477],[21.44924,46.65804],[21.45144,46.6594],[21.45356,46.66029],[21.45463,46.66066],[21.45505,46.66274],[21.45532,46.66442],[21.45567,46.66701],[21.45305,46.66656],[21.45,46.66679],[21.44661,46.66587],[21.44273,46.66637],[21.44197,46.66687],[21.44126,46.66859],[21.43815,46.67006],[21.43512,46.67487],[21.43129,46.67778],[21.43022,46.68002],[21.43153,46.68219],[21.42854,46.68577],[21.42857,46.68765],[21.42758,46.68911],[21.43008,46.69278],[21.43002,46.69367],[21.43023,46.69374],[21.43013,46.69384],[21.43166,46.69462],[21.43221,46.69465],[21.43319,46.69504],[21.43436,46.69558],[21.43829,46.69392],[21.44684,46.69031],[21.45118,46.68852],[21.45656,46.69045],[21.45892,46.69129],[21.46482,46.69358],[21.46969,46.69546],[21.46964,46.69524],[21.46964,46.69499],[21.46974,46.69483],[21.46986,46.69473],[21.47,46.69464],[21.47012,46.69461],[21.47022,46.69463],[21.47059,46.69479],[21.47152,46.69523],[21.472,46.69541],[21.47263,46.69558],[21.47285,46.69561],[21.47297,46.6956],[21.47321,46.69551],[21.47345,46.69535],[21.4737,46.69499],[21.47387,46.69458],[21.47398,46.69446],[21.47412,46.69436],[21.4744,46.69425],[21.47464,46.69418],[21.47526,46.69411],[21.47554,46.69409],[21.47579,46.69409],[21.47688,46.69425],[21.47729,46.69422],[21.47738,46.6942],[21.4775,46.69414],[21.47756,46.69405],[21.47763,46.69389],[21.47769,46.69368],[21.47779,46.69311],[21.47788,46.693],[21.47807,46.69282],[21.47861,46.69245],[21.47882,46.69236],[21.47983,46.69205],[21.4801,46.69198],[21.48044,46.69195],[21.48076,46.69195],[21.48118,46.69199],[21.48204,46.6921],[21.48237,46.69212],[21.4827,46.69209],[21.48333,46.69188],[21.48362,46.69174],[21.48394,46.69156],[21.48445,46.69113],[21.48494,46.69064],[21.48533,46.69013],[21.48574,46.68964],[21.48672,46.68867],[21.48721,46.68823],[21.48835,46.68746],[21.48879,46.68709],[21.48892,46.68692],[21.48899,46.68676],[21.48909,46.68644],[21.48918,46.68628],[21.48927,46.68616],[21.48943,46.68606],[21.48969,46.68594],[21.4902,46.68578],[21.49045,46.68574],[21.49083,46.68573],[21.49134,46.68576],[21.49153,46.68579],[21.49213,46.68594],[21.49226,46.68599],[21.4931,46.6865],[21.49336,46.68667],[21.49355,46.68673],[21.49378,46.68676],[21.49418,46.68671],[21.49431,46.68686],[21.49545,46.68776],[21.49601,46.6891],[21.49629,46.68953],[21.49663,46.69065],[21.49684,46.69113],[21.49736,46.69204],[21.49796,46.69321],[21.49845,46.69405],[21.49848,46.69409],[21.4987,46.69413],[21.49874,46.69414],[21.49895,46.69439],[21.49946,46.69486],[21.50012,46.69544],[21.50131,46.69617],[21.50184,46.69657],[21.50242,46.69687],[21.50322,46.69701],[21.50435,46.69723],[21.50466,46.69728],[21.50591,46.69734],[21.50668,46.69774],[21.50751,46.69803],[21.50762,46.69811],[21.50767,46.69838],[21.50754,46.69872],[21.50729,46.7002],[21.50733,46.70027],[21.50779,46.70051],[21.50813,46.70079],[21.50911,46.70107],[21.50923,46.70114],[21.50931,46.70122],[21.50931,46.7013],[21.50837,46.70284],[21.5079,46.70359],[21.50776,46.70384],[21.50749,46.70484],[21.50832,46.70543],[21.50881,46.70584],[21.51013,46.70665],[21.51128,46.70733],[21.51192,46.70756],[21.51235,46.70777],[21.51233,46.70785],[21.51203,46.70801],[21.51183,46.70813],[21.51164,46.70835],[21.51157,46.70846],[21.51156,46.70857],[21.5116,46.70871],[21.51172,46.70894],[21.51179,46.70926],[21.51182,46.70956],[21.51178,46.70995],[21.51174,46.71016],[21.5117,46.71043],[21.51157,46.71073],[21.5111,46.71146],[21.51111,46.7117],[21.51117,46.71176],[21.51124,46.7118],[21.51131,46.71182],[21.5134,46.71184],[21.51474,46.71196],[21.51541,46.71205],[21.51586,46.71215],[21.51627,46.71235],[21.51648,46.71249],[21.51716,46.71305],[21.51908,46.7136],[21.51949,46.71376],[21.52064,46.71434],[21.52245,46.71558],[21.52444,46.71687],[21.52477,46.71712],[21.52549,46.71776],[21.52641,46.71847],[21.52699,46.71906],[21.5275,46.71946],[21.52782,46.7197],[21.52932,46.72075],[21.52945,46.72118],[21.52954,46.72176],[21.52967,46.72206],[21.53005,46.72309],[21.53024,46.72349],[21.53045,46.72402],[21.53044,46.72434],[21.53036,46.72485],[21.53036,46.72528],[21.53032,46.72572],[21.53026,46.726],[21.53026,46.72641],[21.5303,46.72698],[21.53034,46.72732],[21.53,46.72798],[21.52992,46.72845],[21.52968,46.72935],[21.52936,46.73027],[21.52915,46.73086],[21.52896,46.73227],[21.69937,46.79489],[21.83121,46.92682],[21.93283,46.95823],[21.99051,46.95401],[22.05986,46.97229],[22.06673,47.00648],[22.20886,47.03504],[22.41073,46.99899],[22.57416,46.84235],[22.71835,46.81416],[22.87079,46.83859],[23.50937,46.70032],[23.71399,46.74645],[23.83484,46.7328],[23.909,46.79536],[24.01474,46.83389],[24.04495,46.86864],[24.15756,46.87146],[24.35943,46.83671],[24.33472,46.79442],[24.34708,46.57114],[24.45218,46.47722],[24.48613,46.43922],[24.57499,46.4166],[24.61475,46.41646],[24.61529,46.40151],[24.69267,46.39598],[24.72743,46.3765],[24.77338,46.36561],[24.78436,46.34401],[24.92338,46.31938],[25.00508,46.27838],[25.00622,46.26349],[25.05853,46.2446],[25.20538,46.21215],[25.30357,46.13322],[25.34958,46.11751],[25.37224,46.09847],[25.4258,46.09562],[25.55351,46.05703],[25.57548,46.00889],[25.54871,45.96666],[25.55523,45.93074],[25.5724,45.91808],[25.65514,45.88583],[25.67368,45.83909],[25.76706,45.78405],[25.78766,45.76752],[25.78834,45.76393],[25.80723,45.76046],[25.83332,45.76429],[25.87933,45.75147],[26.03142,45.74956],[26.16634,45.72632],[26.19312,45.71481],[26.22436,45.73997],[26.26865,45.73135],[26.29921,45.73039],[26.32393,45.7486],[26.38088,45.8375],[26.38946,45.84985],[26.41594,45.86372],[26.44272,45.88738],[26.44993,45.90602],[26.44993,45.91629],[26.45645,45.9342],[26.46538,45.94041],[26.46572,45.95521],[26.45542,45.97609],[26.45667,45.98569],[26.45971,45.98805],[26.46636,45.99043],[26.46847,45.99231],[26.47061,45.99666],[26.46782,46.00021],[26.46834,46.00325],[26.47645,46.0037],[26.48456,46.00939],[26.4852,46.01279],[26.49031,46.01535],[26.48962,46.01878],[26.49186,46.0223],[26.4843,46.02918],[26.48387,46.0341],[26.48705,46.03669],[26.48718,46.04145],[26.49314,46.04622],[26.49649,46.05885],[26.49254,46.06028],[26.49619,46.06671],[26.50383,46.07019],[26.50284,46.0746],[26.50061,46.07704],[26.49928,46.08597],[26.49516,46.08954],[26.49559,46.10198],[26.49975,46.10561],[26.49821,46.10984],[26.5004,46.11894],[26.49812,46.12281],[26.49447,46.13378],[26.49117,46.13381],[26.48593,46.13575],[26.48512,46.137],[26.47855,46.13896],[26.47727,46.14128],[26.4716,46.14386],[26.46954,46.14779],[26.46358,46.14859],[26.461,46.1502],[26.45448,46.14877],[26.45031,46.14945],[26.4483,46.15109],[26.44916,46.15296],[26.44632,46.15599],[26.44611,46.1603],[26.44001,46.16393],[26.43959,46.16574],[26.43456,46.16794],[26.43178,46.16655],[26.43044,46.16491],[26.42697,46.16426],[26.42019,46.16155],[26.4189,46.15564],[26.41246,46.15501],[26.39822,46.14978],[26.3965,46.15162],[26.40165,46.15531],[26.4074,46.15629],[26.40766,46.15813],[26.41019,46.15986],[26.40847,46.16447],[26.40688,46.16485],[26.40354,46.16794],[26.40452,46.1721],[26.40882,46.17531],[26.40972,46.17846],[26.41118,46.17983],[26.41152,46.18351],[26.41319,46.18447],[26.41233,46.18655],[26.41461,46.18675],[26.41774,46.18904],[26.4171,46.19023],[26.4207,46.19085],[26.42105,46.19246],[26.41199,46.19183],[26.40813,46.19275],[26.40328,46.19264],[26.39182,46.20202],[26.38955,46.20143],[26.38792,46.20214],[26.37796,46.20164],[26.37114,46.20274],[26.36375,46.20155],[26.3623,46.2022],[26.36066,46.20152],[26.3565,46.20496],[26.34826,46.20279],[26.34521,46.20146],[26.34079,46.20092],[26.33805,46.21132],[26.33672,46.21283],[26.33676,46.21554],[26.33307,46.21729],[26.33135,46.22234],[26.32916,46.22373],[26.32595,46.23059],[26.32298,46.2321],[26.32363,46.23807],[26.31406,46.23958],[26.31376,46.24104],[26.30513,46.23944],[26.29964,46.24181],[26.28299,46.24555],[26.27316,46.24635],[26.26335,46.24644],[26.26153,46.24763],[26.2626,46.24887],[26.2587,46.24985],[26.25981,46.25181],[26.26041,46.25419],[26.26166,46.25516],[26.26453,46.25561],[26.26338,46.25763],[26.26037,46.25816],[26.25797,46.26122],[26.25814,46.26421],[26.25694,46.26596],[26.25385,46.26641],[26.25273,46.26825],[26.25466,46.26964],[26.25299,46.27127],[26.25441,46.27386],[26.25325,46.2778],[26.26312,46.28014],[26.26252,46.28166],[26.26488,46.2821],[26.26827,46.28575],[26.26908,46.28738],[26.27376,46.28682],[26.2747,46.2886],[26.27367,46.29091],[26.2711,46.29183],[26.27239,46.29681],[26.27865,46.29933],[26.27908,46.30238],[26.27719,46.30431],[26.28033,46.30547],[26.28149,46.31208],[26.28084,46.31383],[26.28402,46.31824],[26.28389,46.321],[26.28839,46.32358],[26.2887,46.32773],[26.29221,46.33078],[26.29299,46.33481],[26.28754,46.33798],[26.28419,46.33798],[26.28084,46.33869],[26.28462,46.34145],[26.28372,46.34515],[26.2841,46.35498],[26.28191,46.35818],[26.28397,46.36049],[26.28462,46.36393],[26.29264,46.36769],[26.29342,46.37056],[26.28878,46.37382],[26.28827,46.37509],[26.28363,46.37722],[26.27634,46.37518],[26.27458,46.3766],[26.26986,46.37592],[26.2675,46.37722],[26.2696,46.38244],[26.27479,46.38726],[26.27003,46.397],[26.26921,46.39774],[26.26642,46.39626],[26.26338,46.39685],[26.26286,46.39824],[26.26067,46.39729],[26.25913,46.39543],[26.25672,46.39502],[26.25501,46.39667],[26.25282,46.39395],[26.25162,46.39407],[26.24857,46.3962],[26.24252,46.39232],[26.24136,46.39365],[26.24042,46.39342],[26.24033,46.39185],[26.23703,46.392],[26.22724,46.39617],[26.22213,46.40354],[26.21428,46.40943],[26.21552,46.41058],[26.21342,46.41283],[26.20724,46.41751],[26.20707,46.42106],[26.20561,46.42469],[26.21149,46.43144],[26.21338,46.43256],[26.21428,46.43487],[26.21819,46.43573],[26.22248,46.44087],[26.22325,46.44765],[26.22089,46.4506],[26.22183,46.45365],[26.22093,46.4582],[26.21844,46.45681],[26.21552,46.45424],[26.21346,46.45445],[26.20613,46.45066],[26.20359,46.4522],[26.20188,46.4514],[26.19935,46.45196],[26.19746,46.4506],[26.19596,46.45229],[26.19394,46.45167],[26.19291,46.45314],[26.19012,46.45238],[26.18857,46.45338],[26.18681,46.45252],[26.18433,46.45264],[26.1833,46.45232],[26.18201,46.45208],[26.18136,46.45178],[26.18016,46.45214],[26.1796,46.45078],[26.17694,46.45105],[26.176,46.44963],[26.17407,46.45051],[26.17265,46.44939],[26.16969,46.44915],[26.1666,46.44767],[26.16518,46.44501],[26.16604,46.44377],[26.16394,46.44215],[26.16171,46.44212],[26.15373,46.43667],[26.1524,46.4349],[26.14969,46.43585],[26.14626,46.43502],[26.14514,46.43605],[26.14334,46.43422],[26.13944,46.43466],[26.13798,46.43395],[26.13493,46.43546],[26.13171,46.43395],[26.12905,46.43552],[26.12266,46.4375],[26.12205,46.43827],[26.12004,46.43786],[26.11738,46.44022],[26.11476,46.44182],[26.11223,46.44203],[26.10931,46.44244],[26.10678,46.44519],[26.10476,46.44581],[26.11175,46.46908],[26.09219,46.4731],[26.09013,46.48114],[26.07468,46.48539],[26.0812,46.51115],[26.0733,46.52533],[26.06129,46.52556],[26.05751,46.52911],[26.0685,46.53312],[26.07674,46.53808],[26.08498,46.54162],[26.08704,46.54871],[26.09287,46.55272],[26.09768,46.55367],[26.10386,46.55626],[26.12308,46.55414],[26.12926,46.56122],[26.13115,46.56807],[26.13527,46.57019],[26.1351,46.57267],[26.13785,46.57491],[26.13905,46.58518],[26.14111,46.5886],[26.14111,46.59143],[26.1466,46.59225],[26.14746,46.59591],[26.15879,46.59933],[26.16394,46.60086],[26.16669,46.60464],[26.16617,46.60971],[26.16411,46.61254],[26.16274,46.62044],[26.16411,46.62244],[26.16257,46.62421],[26.16377,46.62633],[26.16051,46.63176],[26.16102,46.63376],[26.15793,46.638],[26.15948,46.64154],[26.15072,46.64661],[26.15278,46.64908],[26.14849,46.65415],[26.1478,46.65698],[26.13991,46.66039],[26.13939,46.6657],[26.13029,46.66817],[26.13064,46.67029],[26.12549,46.67182],[26.12429,46.67429],[26.12223,46.67547],[26.12188,46.68148],[26.12394,46.68313],[26.1236,46.68537],[26.1212,46.6856],[26.11776,46.68478],[26.11656,46.68996],[26.11536,46.69726],[26.10849,46.7042],[26.10798,46.70938],[26.1054,46.71138],[26.10437,46.71421],[26.09974,46.71645],[26.06729,46.72186],[26.0697,46.72398],[26.06558,46.72386],[26.06215,46.72974],[26.06129,46.73327],[26.04807,46.74139],[26.04687,46.74351],[26.04773,46.74527],[26.04515,46.75421],[26.04687,46.75633],[26.04189,46.75903],[26.04052,46.76186],[26.03004,46.76868],[26.03468,46.77491],[26.02713,46.77573],[26.00687,46.78337],[26.00121,46.78302],[25.99794,46.79172],[26.0,46.79501],[25.99863,46.79994],[26.00327,46.80347],[25.99382,46.81075],[25.99176,46.81404],[25.98644,46.81639],[25.98473,46.82039],[25.97855,46.82379],[25.97614,46.82908],[25.98146,46.82955],[25.98249,46.83201],[25.98095,46.84094],[25.977,46.84751],[25.97048,46.85174],[25.96979,46.86219],[25.96361,46.87357],[25.94799,46.8697],[25.9425,46.86688],[25.93014,46.88167],[25.92241,46.88413],[25.91572,46.89445],[25.91022,46.89399],[25.90044,46.8975],[25.89821,46.90009],[25.89306,46.90208],[25.88671,46.91087],[25.88224,46.9131],[25.88345,46.91803],[25.88018,46.91897],[25.87795,46.92178],[25.87177,46.92072],[25.86542,46.92131],[25.86233,46.92401],[25.85452,46.92411],[25.85212,46.93151],[25.84482,46.94112],[25.84156,46.94792],[25.84182,46.95325],[25.83993,46.95559],[25.84087,46.95805],[25.83941,46.95928],[25.83967,46.96051],[25.8383,46.96174],[25.83873,46.96344],[25.83658,46.96356],[25.83521,46.96532],[25.83246,46.96514],[25.83186,46.96602],[25.83272,46.96749],[25.83075,46.96954],[25.82714,46.97416],[25.82508,46.97328],[25.81856,46.97926],[25.81658,46.97838],[25.81856,46.9758],[25.80603,46.96538],[25.80173,46.96737],[25.79161,46.98084],[25.78972,46.99688],[25.77856,47.00952],[25.77187,47.01268],[25.76843,47.0183],[25.77255,47.02696],[25.76878,47.0355],[25.74097,47.05352],[25.74371,47.05773],[25.73616,47.07386],[25.6596,47.09233],[25.63831,47.11453],[25.60089,47.13229],[25.59986,47.11477],[25.58819,47.10846],[25.55935,47.11056],[25.53223,47.13065],[25.50785,47.13112],[25.47403,47.15389],[25.4579,47.15505],[25.45069,47.15389],[25.44657,47.15319],[25.43343,47.16391],[25.42683,47.16929],[25.42236,47.18248],[25.35885,47.17735],[25.29774,47.16007],[25.25104,47.18108],[25.19826,47.20499],[25.193,47.20734],[25.19163,47.20832],[25.19008,47.20894],[25.1888,47.21002],[25.18678,47.21023],[25.18549,47.21122],[25.18375,47.21189],[25.18311,47.21308],[25.18322,47.21342],[25.18275,47.21489],[25.18187,47.21588],[25.18193,47.21674],[25.18131,47.2175],[25.18142,47.21877],[25.18013,47.22019],[25.17751,47.22248],[25.17605,47.22419],[25.17481,47.22468],[25.17442,47.22511],[25.1744,47.22614],[25.17412,47.22709],[25.17433,47.2278],[25.17414,47.22828],[25.17418,47.22908],[25.17491,47.2298],[25.17493,47.23045],[25.17451,47.23077],[25.17429,47.23195],[25.17341,47.23248],[25.17326,47.23327],[25.15758,47.2336],[25.13878,47.23448],[25.1358,47.23391],[25.13226,47.23268],[25.13138,47.23203],[25.12854,47.23067],[25.11264,47.23864],[25.10672,47.24166],[25.09893,47.2455],[25.09018,47.25118],[25.08883,47.25043],[25.0876,47.25159],[25.08265,47.25407],[25.07159,47.25879],[25.0675,47.26056],[25.06554,47.26119],[25.06357,47.26221],[25.06065,47.26345],[25.05878,47.26442],[25.05748,47.26566],[25.05591,47.26696],[25.05376,47.2686],[25.05157,47.27022],[25.03728,47.28365],[25.03548,47.28354],[25.03385,47.28364],[25.03248,47.28403],[25.03203,47.28457],[25.03143,47.28568],[25.02872,47.28712],[25.03107,47.28993],[25.03152,47.29037],[25.03187,47.29104],[25.0326,47.29151],[25.03275,47.29186],[25.03312,47.29224],[25.03347,47.2928],[25.03603,47.29425],[25.03675,47.2948],[25.03687,47.29509],[25.03772,47.29555],[25.03808,47.29563],[25.03852,47.29596],[25.03869,47.29627],[25.03923,47.29629],[25.03944,47.29666],[25.04065,47.29728],[25.04114,47.2976],[25.04173,47.29803],[25.04219,47.29862],[25.04374,47.29966],[25.04485,47.29996],[25.04486,47.30019],[25.04545,47.30054],[25.04533,47.30068],[25.04575,47.30152],[25.0463,47.30177],[25.04616,47.30214],[25.04655,47.3024],[25.04733,47.30246],[25.04764,47.30273],[25.04653,47.30275],[25.04645,47.3033],[25.04673,47.30354],[25.04787,47.30408],[25.04899,47.30393],[25.04977,47.30414],[25.05012,47.30403],[25.0505,47.30414],[25.05122,47.30412],[25.05154,47.30382],[25.05209,47.30362],[25.05279,47.30386],[25.05356,47.30385],[25.05402,47.30404],[25.05425,47.30393],[25.0549,47.30404],[25.05515,47.3043],[25.05635,47.30465],[25.05663,47.30454],[25.05706,47.30467],[25.05721,47.30486],[25.05761,47.30481],[25.0583,47.30489],[25.05888,47.30515],[25.05944,47.30604],[25.05934,47.30643],[25.05947,47.30711],[25.05926,47.30775],[25.06027,47.30826],[25.06033,47.30869],[25.06062,47.30903],[25.06124,47.30928],[25.06099,47.30967],[25.06142,47.30994],[25.06187,47.30982],[25.06245,47.30982],[25.06305,47.30959],[25.06387,47.30981],[25.06486,47.30953],[25.06501,47.30998],[25.06552,47.30959],[25.06644,47.30982],[25.06677,47.30972],[25.06702,47.31011],[25.06765,47.30989],[25.06782,47.31021],[25.06859,47.31045],[25.06893,47.3102],[25.06906,47.31056],[25.06958,47.31081],[25.07001,47.31052],[25.07031,47.31094],[25.07117,47.31113],[25.07149,47.31069],[25.07179,47.31113],[25.07297,47.31087],[25.07305,47.31119],[25.07385,47.31126],[25.07486,47.31088],[25.07599,47.31138],[25.07644,47.31117],[25.07749,47.31162],[25.07855,47.31389],[25.07838,47.31448],[25.0788,47.31484],[25.07966,47.31506],[25.07934,47.31545],[25.08001,47.31571],[25.08018,47.31606],[25.07917,47.31612],[25.07797,47.31692],[25.07827,47.31709],[25.07805,47.3173],[25.07758,47.31724],[25.07737,47.31752],[25.07782,47.31765],[25.07765,47.31817],[25.07689,47.31848],[25.07659,47.3191],[25.07578,47.31983],[25.07614,47.32077],[25.07552,47.32139],[25.07589,47.32149],[25.07501,47.322],[25.07535,47.32268],[25.07477,47.32267],[25.07488,47.32338],[25.07537,47.32396],[25.07496,47.3245],[25.07619,47.32518],[25.0764,47.32604],[25.07687,47.32621],[25.07591,47.32675],[25.07627,47.32738],[25.07539,47.32754],[25.07448,47.32817],[25.07374,47.32817],[25.07327,47.32841],[25.07344,47.32871],[25.0738,47.32887],[25.07335,47.32905],[25.07319,47.32924],[25.07218,47.32989],[25.0726,47.33094],[25.07306,47.33139],[25.07277,47.33182],[25.07319,47.33253],[25.07289,47.33296],[25.07296,47.33395],[25.0734,47.33418],[25.07333,47.3344],[25.07272,47.33466],[25.07265,47.33489],[25.07297,47.33508],[25.07294,47.33527],[25.07268,47.33529],[25.07215,47.33575],[25.07327,47.33597],[25.07373,47.33645],[25.07455,47.33661],[25.07504,47.33711],[25.07507,47.33742],[25.07563,47.3381],[25.07617,47.33853],[25.07589,47.33923],[25.07621,47.34041],[25.07679,47.34047],[25.07678,47.341],[25.07706,47.34124],[25.07671,47.34142],[25.07673,47.34169],[25.077,47.34188],[25.07664,47.34211],[25.07679,47.34231],[25.07656,47.34248],[25.07661,47.34268],[25.07723,47.34278],[25.07717,47.34361],[25.07767,47.34394],[25.07728,47.34436],[25.07735,47.34463],[25.07773,47.34465],[25.07795,47.34561],[25.07868,47.34606],[25.07953,47.34628],[25.07992,47.3466],[25.08074,47.34654],[25.08125,47.34672],[25.0816,47.34672],[25.08195,47.34698],[25.08338,47.34752],[25.0838,47.34755],[25.08572,47.34814],[25.08618,47.34848],[25.08746,47.34892],[25.08776,47.34928],[25.08805,47.34931],[25.08876,47.35027],[25.08911,47.35029],[25.08934,47.35009],[25.08981,47.35013],[25.09001,47.35045],[25.09049,47.35059],[25.09066,47.35084],[25.09104,47.35093],[25.09124,47.35079],[25.09189,47.3507],[25.09222,47.35086],[25.09157,47.35111],[25.0917,47.3524],[25.09273,47.35237],[25.09245,47.35303],[25.09316,47.35329],[25.09267,47.354],[25.09243,47.35531],[25.09316,47.35566],[25.09318,47.35655],[25.0935,47.35671],[25.09325,47.35774],[25.09388,47.35809],[25.09451,47.35797],[25.09505,47.35828],[25.09498,47.3587],[25.09564,47.35921],[25.09613,47.35894],[25.09616,47.35944],[25.09572,47.35977],[25.09552,47.36013],[25.09653,47.3607],[25.09668,47.36038],[25.09708,47.36051],[25.09712,47.36098],[25.09734,47.36128],[25.09782,47.36123],[25.09797,47.3609],[25.09832,47.36095],[25.09817,47.36169],[25.09763,47.36203],[25.09791,47.3622],[25.09853,47.36218],[25.09905,47.36178],[25.09964,47.36162],[25.10096,47.36187],[25.10226,47.36184],[25.10333,47.36227],[25.10411,47.36205],[25.1047,47.36158],[25.10479,47.36106],[25.10547,47.36109],[25.10597,47.36125],[25.10655,47.3612],[25.10734,47.36147],[25.1081,47.36149],[25.10864,47.36186],[25.11062,47.36242],[25.11173,47.36312],[25.11347,47.36331],[25.11351,47.36304],[25.11368,47.36283],[25.11371,47.36237],[25.11398,47.36226],[25.11511,47.3624],[25.11544,47.36226],[25.11555,47.36197],[25.11614,47.36228],[25.11665,47.36234],[25.11748,47.36292],[25.11844,47.36328],[25.11913,47.3633],[25.1197,47.36293],[25.11997,47.36248],[25.12033,47.36248],[25.12139,47.36339],[25.12234,47.36379],[25.12352,47.36399],[25.12495,47.36488],[25.12574,47.36487],[25.12607,47.36455],[25.12583,47.36429],[25.12613,47.36418],[25.12765,47.36426],[25.12941,47.3655],[25.13171,47.36551],[25.13307,47.36498],[25.13454,47.36491],[25.13522,47.36474],[25.13586,47.36489],[25.1367,47.36478],[25.13791,47.36524],[25.13829,47.36514],[25.13866,47.36527],[25.13899,47.36586],[25.13934,47.36636],[25.13916,47.36673],[25.13923,47.36707],[25.13968,47.36717],[25.14018,47.36663],[25.14039,47.36606],[25.14016,47.36564],[25.14056,47.36556],[25.14164,47.36596],[25.14192,47.36634],[25.14157,47.36679],[25.14172,47.36713],[25.14156,47.3675],[25.1419,47.36767],[25.1422,47.3675],[25.14261,47.3676],[25.14335,47.36806],[25.14397,47.36793],[25.14614,47.36771],[25.14672,47.36824],[25.14674,47.36851],[25.14739,47.36897],[25.14796,47.36882],[25.14841,47.36913],[25.1491,47.36929],[25.14976,47.3693],[25.15005,47.3695],[25.15089,47.36918],[25.15093,47.36886],[25.15178,47.36855],[25.15293,47.36931],[25.15411,47.36962],[25.15449,47.37022],[25.15605,47.37037],[25.15776,47.37031],[25.15826,47.37043],[25.15828,47.37069],[25.15872,47.37114],[25.15876,47.37163],[25.15918,47.37199],[25.16101,47.37189],[25.1617,47.37106],[25.16171,47.37072],[25.16188,47.37066],[25.16223,47.37093],[25.16252,47.3715],[25.16395,47.37222],[25.16508,47.37295],[25.1657,47.37299],[25.1662,47.37247],[25.16623,47.37227],[25.16661,47.37205],[25.16733,47.37205],[25.16766,47.37223],[25.16874,47.37215],[25.1699,47.37182],[25.17018,47.37137],[25.16984,47.37113],[25.16984,47.37094],[25.17049,47.37057],[25.17094,47.37056],[25.17149,47.37018],[25.17154,47.36979],[25.17311,47.3697],[25.17383,47.3692],[25.17455,47.36904],[25.17541,47.36912],[25.17732,47.36841],[25.17854,47.36843],[25.17973,47.36869],[25.1804,47.36903],[25.18072,47.36889],[25.1811,47.36939],[25.18114,47.36997],[25.18193,47.37019],[25.1828,47.36986],[25.18284,47.36918],[25.18311,47.36898],[25.18331,47.36943],[25.18366,47.36966],[25.18404,47.36952],[25.18439,47.36956],[25.18473,47.36987],[25.18474,47.37043],[25.18498,47.37103],[25.18488,47.37163],[25.18395,47.37294],[25.18396,47.37346],[25.18445,47.37366],[25.18449,47.374],[25.18404,47.37441],[25.18402,47.37496],[25.18492,47.3752],[25.185,47.37562],[25.18419,47.37693],[25.18355,47.37759],[25.1839,47.37835],[25.18384,47.37885],[25.18316,47.37995],[25.18317,47.38031],[25.18337,47.38057],[25.1833,47.38131],[25.18372,47.38228],[25.18354,47.38326],[25.1831,47.38375],[25.18304,47.38414],[25.18332,47.38451],[25.18394,47.38472],[25.18371,47.38536],[25.18408,47.38583],[25.18409,47.38683],[25.18283,47.38796],[25.18313,47.38834],[25.18396,47.38845],[25.18458,47.38894],[25.18489,47.38942],[25.18499,47.39019],[25.18592,47.39074],[25.18589,47.39099],[25.18538,47.39122],[25.18599,47.39221],[25.18677,47.39219],[25.18769,47.3925],[25.18816,47.39297],[25.18864,47.39316],[25.18895,47.39405],[25.18972,47.39411],[25.19029,47.39461],[25.19036,47.39518],[25.18997,47.39584],[25.18993,47.39682],[25.19036,47.3973],[25.19015,47.39754],[25.19028,47.39826],[25.18968,47.39874],[25.18984,47.399],[25.18962,47.39921],[25.18962,47.39952],[25.19012,47.39975],[25.19061,47.39962],[25.19108,47.39976],[25.19075,47.40023],[25.19082,47.40141],[25.19111,47.40154],[25.19166,47.40148],[25.19178,47.40228],[25.1921,47.40255],[25.1925,47.40227],[25.19324,47.4026],[25.19312,47.40321],[25.19396,47.40333],[25.19427,47.40378],[25.19423,47.40433],[25.1939,47.40473],[25.19434,47.40606],[25.19483,47.40626],[25.19488,47.40666],[25.19538,47.40718],[25.19507,47.40788],[25.19547,47.40819],[25.1955,47.40897],[25.19502,47.4096],[25.19451,47.41075],[25.19347,47.41188],[25.19286,47.4122],[25.19226,47.41291],[25.19016,47.41386],[25.1895,47.41435],[25.18933,47.41463],[25.18956,47.41541],[25.18952,47.41607],[25.18899,47.41631],[25.18897,47.41678],[25.18829,47.41726],[25.18731,47.41739],[25.18675,47.41729],[25.18526,47.41739],[25.18384,47.4177],[25.18346,47.41807],[25.18375,47.41841],[25.18359,47.41877],[25.18391,47.41936],[25.18404,47.42014],[25.18433,47.42044],[25.18419,47.42078],[25.1842,47.42127],[25.18443,47.42181],[25.18405,47.42285],[25.18503,47.42417],[25.18446,47.42497],[25.18466,47.426],[25.18444,47.42645],[25.18506,47.42758],[25.184,47.42926],[25.18358,47.43029],[25.18425,47.43159],[25.18429,47.43224],[25.1839,47.43259],[25.18395,47.43324],[25.18375,47.4335],[25.18431,47.4341],[25.18401,47.43445],[25.18431,47.43553],[25.18453,47.43566],[25.18416,47.43645],[25.18343,47.43699],[25.18287,47.4382],[25.18124,47.43912],[25.18047,47.43925],[25.17933,47.43976],[25.1791,47.44008],[25.1782,47.44055],[25.17769,47.44133],[25.17705,47.4415],[25.17587,47.44271],[25.17088,47.44526],[25.17041,47.44595],[25.17017,47.44713],[25.16848,47.44931],[25.16747,47.45208],[25.16631,47.4535],[25.16202,47.45669],[25.15998,47.45778],[25.15198,47.45808],[25.14537,47.46529],[25.14449,47.46619],[25.14365,47.46904],[25.14341,47.4721],[25.1429,47.47255],[25.14296,47.4734],[25.14199,47.47472],[25.14163,47.47572],[25.14107,47.47667],[25.14081,47.47722],[25.13884,47.47864],[25.13846,47.47943],[25.13882,47.47991],[25.13899,47.48045],[25.13898,47.4807],[25.13964,47.48085],[25.14038,47.48137],[25.14061,47.48261],[25.14124,47.48283],[25.14162,47.48331],[25.14327,47.48366],[25.14396,47.48474],[25.14418,47.4859],[25.14512,47.48706],[25.14583,47.48841],[25.14669,47.48889],[25.14761,47.49022],[25.14774,47.49112],[25.14842,47.49202],[25.14905,47.4936],[25.14993,47.49403],[25.15076,47.4943],[25.15132,47.49465],[25.15323,47.49548],[25.1541,47.49599],[25.15465,47.49669],[25.15542,47.49698],[25.15679,47.49754],[25.15816,47.49888],[25.15858,47.49981],[25.15822,47.50066],[25.15835,47.50105],[25.15876,47.50133],[25.15909,47.50177],[25.15869,47.50275],[25.15878,47.50305],[25.15916,47.50344],[25.16023,47.50401],[25.16086,47.50499],[25.1613,47.50617],[25.16132,47.50687],[25.16154,47.50745],[25.16192,47.50787],[25.16196,47.50827],[25.16226,47.50877],[25.16285,47.50987],[25.16283,47.51037],[25.16313,47.51078],[25.16311,47.51129],[25.1633,47.51183],[25.16404,47.51283],[25.16416,47.5132],[25.16417,47.51377],[25.16396,47.51436],[25.16366,47.51481],[25.16344,47.5151],[25.1636,47.51541],[25.16514,47.51689],[25.16516,47.51743],[25.16564,47.51811],[25.16547,47.51875],[25.16619,47.5195],[25.16719,47.52057],[25.16838,47.52128],[25.16935,47.52178],[25.16939,47.52202],[25.16952,47.52223],[25.16972,47.52225],[25.16982,47.52204],[25.17053,47.52225],[25.17082,47.52216],[25.17113,47.52242],[25.17113,47.52267],[25.17144,47.52282],[25.17189,47.52316],[25.17259,47.5235],[25.1738,47.52395],[25.17533,47.52441],[25.17638,47.52482],[25.17723,47.52485],[25.17767,47.52513],[25.1785,47.52553],[25.17914,47.52605],[25.17946,47.52633],[25.17984,47.52652],[25.18028,47.52708],[25.18029,47.52771],[25.18095,47.52825],[25.18148,47.52849],[25.18183,47.52918],[25.18211,47.52982],[25.18265,47.53078],[25.18294,47.53094],[25.18327,47.53112],[25.18344,47.53126],[25.18349,47.5314],[25.18352,47.53175],[25.18356,47.53188],[25.18372,47.53203],[25.18399,47.53217],[25.18434,47.53231],[25.1846,47.53238],[25.18479,47.53243],[25.18492,47.53251],[25.18511,47.53269],[25.18531,47.53285],[25.18556,47.53295],[25.18506,47.53297],[25.18443,47.53287],[25.18367,47.53268],[25.18313,47.53263],[25.18251,47.53271],[25.18196,47.53281],[25.18152,47.53304],[25.18122,47.53331],[25.18104,47.53367],[25.1809,47.53436],[25.18079,47.53477],[25.18046,47.53513],[25.17988,47.53538],[25.17843,47.53592],[25.17752,47.53632],[25.17675,47.53682],[25.17613,47.53709],[25.17564,47.53735],[25.17518,47.53771],[25.17491,47.53812],[25.17461,47.53855],[25.17445,47.53897],[25.17444,47.53951],[25.17417,47.54026],[25.17391,47.54074],[25.17362,47.54122],[25.17331,47.54168],[25.17304,47.54168],[25.17262,47.54155],[25.17218,47.54131],[25.17136,47.54114],[25.17082,47.54112],[25.17038,47.54112],[25.16972,47.54127],[25.16914,47.54145],[25.16866,47.54176],[25.16846,47.54215],[25.16834,47.54274],[25.16816,47.54357],[25.16807,47.54413],[25.16786,47.54528],[25.16779,47.54577],[25.16777,47.54625],[25.1678,47.54679],[25.16789,47.54727],[25.16792,47.54782],[25.16792,47.54839],[25.16791,47.54881],[25.16783,47.54945],[25.16769,47.54995],[25.16752,47.55028],[25.16718,47.55057],[25.16672,47.55071],[25.16616,47.55073],[25.16542,47.55064],[25.16395,47.55034],[25.16279,47.55027],[25.16196,47.55035],[25.1609,47.55046],[25.16043,47.55048],[25.16007,47.55035],[25.15877,47.55061],[25.15804,47.55073],[25.15659,47.5511],[25.15628,47.5513],[25.1562,47.55148],[25.15623,47.55175],[25.15641,47.55205],[25.15675,47.55245],[25.15753,47.55357],[25.15777,47.5537],[25.15797,47.55387],[25.15816,47.55407],[25.15823,47.55432],[25.15828,47.55462],[25.15829,47.55501],[25.15829,47.55526],[25.15837,47.55551],[25.1585,47.55591],[25.15873,47.55663],[25.15882,47.55706],[25.15882,47.55728],[25.15871,47.55749],[25.15847,47.55775],[25.15796,47.55821],[25.15759,47.55852],[25.15693,47.55907],[25.1565,47.5594],[25.15605,47.55969],[25.15517,47.5603],[25.15456,47.56062],[25.15393,47.56101],[25.15332,47.56145],[25.15277,47.56195],[25.15222,47.56242],[25.15157,47.56284],[25.15101,47.56306],[25.15029,47.56325],[25.14947,47.56345],[25.14876,47.56363],[25.14831,47.56378],[25.14793,47.56395],[25.14752,47.56415],[25.14693,47.56442],[25.1465,47.56458],[25.14602,47.56479],[25.14539,47.56508],[25.14478,47.56537],[25.1442,47.56569],[25.1438,47.56587],[25.14355,47.566],[25.1432,47.56615],[25.14277,47.56635],[25.14226,47.56646],[25.14182,47.5665],[25.14144,47.56654],[25.141,47.5666],[25.14043,47.56667],[25.14003,47.56681],[25.13968,47.56692],[25.1393,47.56705],[25.13884,47.56716],[25.13857,47.56721],[25.13828,47.56731],[25.13808,47.5674],[25.13759,47.56755],[25.1371,47.56767],[25.13658,47.56776],[25.13614,47.56782],[25.13565,47.56791],[25.13489,47.56808],[25.13427,47.56826],[25.13368,47.56846],[25.13309,47.56867],[25.13252,47.56875],[25.13205,47.56883],[25.1317,47.56889],[25.13061,47.56902],[25.13022,47.56909],[25.12989,47.56915],[25.12963,47.56921],[25.12932,47.56932],[25.12891,47.5695],[25.12865,47.56963],[25.12838,47.5698],[25.12821,47.56998],[25.12812,47.57011],[25.12803,47.57054],[25.12789,47.57077],[25.12781,47.57087],[25.12767,47.57095],[25.12682,47.57125],[25.12599,47.57155],[25.12573,47.57162],[25.12545,47.5716],[25.1251,47.57154],[25.12485,47.57143],[25.12452,47.57119],[25.12406,47.57079],[25.12359,47.57057],[25.12292,47.57052],[25.12257,47.57056],[25.12219,47.5707],[25.12154,47.57094],[25.12115,47.57108],[25.12087,47.57126],[25.12069,47.57149],[25.1206,47.5717],[25.12058,47.57191],[25.12061,47.5723],[25.12066,47.57294],[25.12065,47.57312],[25.12058,47.57321],[25.12045,47.57328],[25.12025,47.57334],[25.11973,47.57336],[25.11793,47.57326],[25.1176,47.57321],[25.11726,47.57311],[25.11699,47.57302],[25.11665,47.57296],[25.11625,47.57292],[25.1154,47.5729],[25.11408,47.5729],[25.11351,47.57287],[25.11332,47.57283],[25.11311,47.5727],[25.11292,47.5725],[25.11273,47.57233],[25.1125,47.57216],[25.11228,47.57208],[25.11201,47.57202],[25.11163,47.572],[25.1113,47.57201],[25.11086,47.57211],[25.11035,47.57228],[25.10983,47.57239],[25.10949,47.57245],[25.10931,47.57244],[25.10913,47.57241],[25.10895,47.57231],[25.10876,47.57214],[25.10837,47.57177],[25.10816,47.57158],[25.10785,47.57131],[25.10776,47.57116],[25.10768,47.57105],[25.10756,47.57097],[25.1074,47.57093],[25.10726,47.57091],[25.10713,47.57091],[25.10698,47.57095],[25.10683,47.57102],[25.1067,47.57114],[25.10654,47.57141],[25.10628,47.57178],[25.1058,47.57217],[25.10545,47.57241],[25.10525,47.5725],[25.1048,47.5727],[25.10443,47.57282],[25.10383,47.57294],[25.10291,47.57315],[25.10227,47.57337],[25.10132,47.57379],[25.10047,47.57418],[25.10001,47.57432],[25.09975,47.57439],[25.0996,47.5744],[25.09947,47.57438],[25.09934,47.57433],[25.09915,47.57418],[25.09855,47.57336],[25.09836,47.57317],[25.09816,47.57308],[25.09796,47.57296],[25.09748,47.57276],[25.09639,47.57237],[25.09592,47.57222],[25.09529,47.57216],[25.09481,47.57208],[25.09434,47.57197],[25.09399,47.57185],[25.09352,47.57171],[25.09324,47.57158],[25.09301,47.57142],[25.09245,47.57132],[25.09192,47.57122],[25.09127,47.57119],[25.0908,47.5713],[25.09047,47.57147],[25.09009,47.57176],[25.08956,47.57222],[25.08901,47.57284],[25.08866,47.57328],[25.08842,47.57353],[25.08808,47.57381],[25.08753,47.5742],[25.08686,47.57477],[25.0863,47.5753],[25.08577,47.5757],[25.08535,47.57589],[25.08474,47.57607],[25.08428,47.57618],[25.08391,47.57622],[25.08356,47.57619],[25.08326,47.57609],[25.08285,47.57586],[25.08258,47.57572],[25.08243,47.57567],[25.08222,47.57564],[25.08177,47.57548],[25.08124,47.57516],[25.08093,47.57497],[25.08063,47.57485],[25.08029,47.57476],[25.07994,47.57461],[25.07964,47.57444],[25.07944,47.57434],[25.07924,47.57431],[25.07889,47.57437],[25.07828,47.57456],[25.07768,47.57481],[25.07733,47.57494],[25.07676,47.57503],[25.07672,47.57519],[25.07644,47.5758],[25.07622,47.57608],[25.07594,47.57671],[25.07577,47.57716],[25.07545,47.5779],[25.07517,47.57828],[25.0748,47.57857],[25.0746,47.57883],[25.07446,47.57919],[25.07426,47.57994],[25.07406,47.58092],[25.07417,47.58122],[25.07445,47.58172],[25.07481,47.58224],[25.07494,47.58264],[25.07499,47.58293],[25.07492,47.58308],[25.07478,47.58319],[25.07457,47.58327],[25.07418,47.58352],[25.07398,47.58365],[25.07387,47.58373],[25.07384,47.58381],[25.0739,47.58391],[25.07401,47.58398],[25.07453,47.58423],[25.07487,47.58435],[25.07518,47.58441],[25.07586,47.58454],[25.0763,47.58465],[25.07653,47.58477],[25.07666,47.58492],[25.07676,47.58508],[25.07678,47.58519],[25.07674,47.58529],[25.07663,47.58541],[25.07644,47.58557],[25.07618,47.58578],[25.07597,47.58597],[25.07585,47.58614],[25.07575,47.58634],[25.0757,47.5865],[25.07569,47.58668],[25.07576,47.58693],[25.07584,47.58707],[25.07594,47.58716],[25.07611,47.58726],[25.07641,47.58746],[25.07665,47.5876],[25.07704,47.5877],[25.07724,47.58778],[25.07741,47.58787],[25.07745,47.58794],[25.07745,47.58808],[25.07743,47.58815],[25.07727,47.58838],[25.07704,47.58862],[25.07685,47.58882],[25.07664,47.58907],[25.07635,47.58964],[25.07623,47.58985],[25.07613,47.59005],[25.07612,47.59017],[25.07621,47.59034],[25.07632,47.59063],[25.07652,47.59106],[25.07667,47.59144],[25.07687,47.59194],[25.07702,47.5922],[25.0771,47.59257],[25.07716,47.59298],[25.07708,47.59332],[25.07695,47.59359],[25.07688,47.59369],[25.07678,47.59374],[25.07619,47.59388],[25.07587,47.59396],[25.07556,47.59411],[25.07518,47.59438],[25.07473,47.59468],[25.07453,47.59482],[25.07446,47.59493],[25.07441,47.59507],[25.07441,47.5952],[25.07433,47.59532],[25.07423,47.59545],[25.07409,47.59559],[25.07404,47.59568],[25.07399,47.59594],[25.07391,47.5962],[25.07372,47.59649],[25.07367,47.59669],[25.07361,47.59696],[25.07349,47.59721],[25.07337,47.59743],[25.07332,47.59748],[25.07315,47.59758],[25.07282,47.59763],[25.07246,47.59771],[25.07216,47.59781],[25.07193,47.59797],[25.07178,47.59817],[25.07175,47.59831],[25.07175,47.5985],[25.07174,47.5988],[25.07171,47.59902],[25.07175,47.59931],[25.07176,47.59957],[25.07175,47.60015],[25.07177,47.6004],[25.07181,47.60052],[25.07186,47.60065],[25.07186,47.60076],[25.07185,47.601],[25.07185,47.60118],[25.07194,47.6015],[25.07199,47.60159],[25.07208,47.60165],[25.07231,47.60178],[25.07255,47.60184],[25.07274,47.60194],[25.07289,47.6021],[25.07302,47.60229],[25.07303,47.60238],[25.07298,47.60253],[25.0729,47.60265],[25.07276,47.60289],[25.07266,47.60311],[25.07267,47.60317],[25.07272,47.60321],[25.07283,47.60328],[25.07289,47.60336],[25.07293,47.6035],[25.07291,47.60368],[25.07278,47.60387],[25.07266,47.60399],[25.0724,47.60425],[25.07223,47.60448],[25.07216,47.60467],[25.0721,47.60488],[25.0721,47.60496],[25.07213,47.60506],[25.07219,47.60511],[25.07232,47.60519],[25.07268,47.60533],[25.07291,47.60548],[25.07309,47.60568],[25.0733,47.60602],[25.07356,47.60637],[25.07376,47.60673],[25.07383,47.60693],[25.07391,47.60711],[25.07398,47.60726],[25.07401,47.6074],[25.074,47.60748],[25.07388,47.60769],[25.07364,47.60794],[25.07344,47.60818],[25.0732,47.60852],[25.07304,47.60879],[25.07301,47.6089],[25.07301,47.60902],[25.07305,47.60915],[25.07311,47.60936],[25.07319,47.6095],[25.07334,47.60964],[25.07345,47.60968],[25.07355,47.60976],[25.07364,47.60982],[25.07373,47.60987],[25.07383,47.60992],[25.07387,47.60997],[25.07385,47.61004],[25.07382,47.61009],[25.07368,47.61024],[25.07352,47.61034],[25.07323,47.61045],[25.07259,47.61074],[25.07185,47.61107],[25.07137,47.61136],[25.07114,47.61156],[25.07101,47.61172],[25.07079,47.61197],[25.07054,47.61221],[25.07033,47.61244],[25.07002,47.61275],[25.06962,47.61308],[25.06955,47.61318],[25.06951,47.61328],[25.06945,47.61349],[25.06923,47.6138],[25.06894,47.61414],[25.06872,47.61438],[25.06836,47.61474],[25.06806,47.61503],[25.06769,47.61533],[25.06755,47.61548],[25.0672,47.61585],[25.06692,47.61609],[25.06655,47.61646],[25.06633,47.61666],[25.06615,47.6169],[25.06605,47.6171],[25.06589,47.61735],[25.06575,47.61755],[25.06555,47.61767],[25.06521,47.6178],[25.06496,47.6179],[25.06458,47.61803],[25.06444,47.61809],[25.06438,47.61814],[25.06436,47.6182],[25.06437,47.61835],[25.06443,47.61864],[25.06447,47.6191],[25.06457,47.61945],[25.06463,47.61961],[25.06477,47.61978],[25.06488,47.61998],[25.06493,47.62013],[25.06494,47.62026],[25.06492,47.62035],[25.06482,47.62047],[25.06463,47.62061],[25.06437,47.62072],[25.0641,47.62079],[25.06366,47.62088],[25.06343,47.621],[25.06319,47.62118],[25.06302,47.62131],[25.06293,47.62146],[25.0629,47.62159],[25.06295,47.62173],[25.06312,47.6219],[25.06346,47.6222],[25.0638,47.62236],[25.06421,47.62258],[25.06472,47.62293],[25.0651,47.62309],[25.0652,47.6232],[25.06522,47.62334],[25.06517,47.62352],[25.0649,47.62417],[25.06482,47.62449],[25.06466,47.62485],[25.06437,47.6252],[25.0641,47.62541],[25.06377,47.62558],[25.06303,47.62573],[25.06238,47.6259],[25.06195,47.62604],[25.0618,47.62613],[25.06172,47.62621],[25.06167,47.62632],[25.06162,47.62659],[25.06162,47.62688],[25.06155,47.62713],[25.06139,47.6273],[25.06113,47.62754],[25.06085,47.62782],[25.06058,47.62805],[25.06037,47.62822],[25.06028,47.62833],[25.06025,47.62845],[25.06027,47.62862],[25.06037,47.6288],[25.06043,47.62893],[25.06041,47.62905],[25.06033,47.62915],[25.06002,47.62929],[25.05932,47.62948],[25.05888,47.62958],[25.0585,47.62973],[25.05822,47.62987],[25.05805,47.62995],[25.05791,47.63007],[25.05784,47.6302],[25.05768,47.63083],[25.05766,47.63107],[25.05771,47.63148],[25.0577,47.63177],[25.05764,47.63202],[25.05743,47.63242],[25.05696,47.63301],[25.05671,47.63323],[25.05628,47.63353],[25.05609,47.63372],[25.05596,47.63389],[25.05585,47.63396],[25.05569,47.634],[25.05554,47.63409],[25.05525,47.63435],[25.05509,47.63458],[25.055,47.63474],[25.05498,47.63488],[25.05505,47.63506],[25.05523,47.63528],[25.05547,47.63543],[25.0559,47.63568],[25.05618,47.63591],[25.05656,47.63627],[25.05676,47.63656],[25.05697,47.63686],[25.05707,47.63716],[25.05706,47.63755],[25.05704,47.63784],[25.05702,47.63803],[25.05691,47.63822],[25.05672,47.63848],[25.05655,47.63864],[25.05617,47.63892],[25.05573,47.63925],[25.05557,47.63949],[25.0554,47.63984],[25.05521,47.64012],[25.05509,47.64035],[25.05505,47.6405],[25.05509,47.64064],[25.05508,47.64076],[25.05498,47.64088],[25.05477,47.64103],[25.0545,47.64113],[25.05411,47.6412],[25.05356,47.64127],[25.05326,47.64128],[25.05316,47.64129],[25.05306,47.64136],[25.05284,47.64159],[25.05268,47.64189],[25.0526,47.64215],[25.05253,47.64252],[25.05241,47.64313],[25.05236,47.64356],[25.0524,47.6439],[25.05258,47.64432],[25.05274,47.64485],[25.05282,47.64515],[25.05315,47.64569],[25.05342,47.646],[25.05412,47.64656],[25.05462,47.64672],[25.05509,47.64687],[25.05559,47.64697],[25.05591,47.64712],[25.05613,47.64728],[25.05625,47.64744],[25.05629,47.64764],[25.05626,47.64787],[25.05612,47.64806],[25.05575,47.64846],[25.0553,47.64896],[25.05491,47.64944],[25.0542,47.65034],[25.05399,47.65077],[25.05395,47.65096],[25.05399,47.65115],[25.05411,47.65142],[25.05412,47.65165],[25.05403,47.65188],[25.05396,47.65231],[25.05391,47.6527],[25.05395,47.653],[25.05414,47.6532],[25.05456,47.65347],[25.055,47.6537],[25.05532,47.65397],[25.05545,47.65416],[25.05545,47.6543],[25.05528,47.65458],[25.05506,47.65494],[25.05494,47.65522],[25.05488,47.65546],[25.05477,47.65567],[25.05461,47.65584],[25.0544,47.656],[25.05427,47.65612],[25.05407,47.65625],[25.05369,47.65646],[25.05335,47.65668],[25.05319,47.65683],[25.05315,47.65692],[25.05308,47.65718],[25.05297,47.65754],[25.05289,47.65782],[25.05282,47.65793],[25.05262,47.6581],[25.05236,47.65823],[25.05202,47.65841],[25.0518,47.65855],[25.05164,47.65871],[25.05139,47.65883],[25.05085,47.65899],[25.05057,47.65905],[25.05032,47.65906],[25.04994,47.6591],[25.04956,47.6591],[25.04937,47.65919],[25.04923,47.65927],[25.04913,47.65933],[25.04906,47.65935],[25.04902,47.65934],[25.04901,47.6593],[25.04896,47.65926],[25.0488,47.65919],[25.04871,47.65916],[25.04858,47.65917],[25.04847,47.65921],[25.04845,47.65926],[25.04842,47.6593],[25.04835,47.65932],[25.04825,47.65933],[25.048,47.65931],[25.04765,47.65929],[25.04727,47.65928],[25.04698,47.65933],[25.0466,47.65939],[25.04626,47.6594],[25.0459,47.65941],[25.04575,47.65943],[25.04557,47.65945],[25.04529,47.65944],[25.0451,47.6594],[25.04484,47.65935],[25.04455,47.65927],[25.0443,47.65923],[25.04406,47.65926],[25.04377,47.65936],[25.04343,47.6595],[25.04329,47.65958],[25.04317,47.65972],[25.04281,47.65994],[25.04245,47.66017],[25.0421,47.66035],[25.04159,47.66061],[25.04122,47.66073],[25.04094,47.6608],[25.04072,47.66084],[25.04054,47.66089],[25.04041,47.66096],[25.04027,47.6611],[25.04017,47.66123],[25.04003,47.66136],[25.03978,47.66153],[25.03958,47.66167],[25.03939,47.6618],[25.03926,47.66193],[25.03913,47.66209],[25.039,47.66233],[25.03891,47.66253],[25.03888,47.66267],[25.03893,47.66283],[25.039,47.66298],[25.03901,47.6632],[25.03899,47.66331],[25.03901,47.66342],[25.03899,47.66362],[25.03894,47.66374],[25.03887,47.66381],[25.0387,47.6639],[25.03853,47.66395],[25.03834,47.66402],[25.03811,47.66411],[25.03758,47.66423],[25.03724,47.66429],[25.03694,47.66435],[25.0367,47.66441],[25.0363,47.66447],[25.036,47.6645],[25.03556,47.66452],[25.03518,47.66452],[25.03479,47.66451],[25.03453,47.66455],[25.03427,47.66464],[25.03388,47.66479],[25.03352,47.66489],[25.0331,47.66492],[25.03278,47.66489],[25.03243,47.6648],[25.03214,47.66476],[25.03185,47.6648],[25.03152,47.66489],[25.03127,47.66505],[25.03113,47.66517],[25.031,47.66527],[25.03075,47.66535],[25.03044,47.66536],[25.0298,47.66537],[25.02951,47.66539],[25.02929,47.66549],[25.029,47.66568],[25.02847,47.66594],[25.02793,47.66614],[25.02764,47.66619],[25.02715,47.66618],[25.02695,47.66616],[25.02671,47.66607],[25.02634,47.66591],[25.02614,47.66583],[25.02596,47.6658],[25.02574,47.66581],[25.02537,47.66589],[25.02469,47.66606],[25.0241,47.66623],[25.02372,47.66628],[25.02341,47.66628],[25.02311,47.66629],[25.02293,47.66626],[25.02273,47.66621],[25.02257,47.66623],[25.02226,47.66637],[25.02175,47.66661],[25.02156,47.66668],[25.0214,47.66671],[25.02131,47.66674],[25.02128,47.66678],[25.02127,47.66689],[25.02116,47.66723],[25.02107,47.66748],[25.02098,47.66772],[25.02062,47.66821],[25.02033,47.66852],[25.02018,47.66875],[25.0201,47.66889],[25.0201,47.6691],[25.02007,47.66929],[25.02006,47.66955],[25.02,47.66989],[25.02,47.67007],[25.01998,47.67038],[25.01986,47.67063],[25.01977,47.67081],[25.01965,47.67092],[25.01947,47.67098],[25.01928,47.67105],[25.01911,47.67119],[25.0189,47.67145],[25.01881,47.67162],[25.01872,47.67189],[25.01851,47.67233],[25.01828,47.67272],[25.01782,47.67309],[25.01762,47.6733],[25.01754,47.67347],[25.01752,47.67371],[25.01749,47.6739],[25.01742,47.67415],[25.0173,47.67432],[25.01713,47.67442],[25.01693,47.67447],[25.01664,47.67449],[25.01628,47.67451],[25.01591,47.67459],[25.0157,47.67469],[25.0153,47.67485],[25.0151,47.67501],[25.0149,47.67521],[25.01471,47.67531],[25.01436,47.6754],[25.01405,47.67542],[25.01371,47.67537],[25.01337,47.67527],[25.01305,47.67516],[25.01278,47.67502],[25.01256,47.67498],[25.01236,47.67499],[25.01208,47.67504],[25.01168,47.67516],[25.01111,47.67533],[25.01079,47.67542],[25.01047,47.67555],[25.00985,47.67586],[25.00963,47.67604],[25.00939,47.67625],[25.00924,47.67633],[25.009,47.67639],[25.00873,47.67639],[25.00818,47.67642],[25.00781,47.67649],[25.00745,47.67664],[25.00722,47.67684],[25.00676,47.6773],[25.00621,47.67775],[25.00584,47.67803],[25.00562,47.67821],[25.00545,47.67846],[25.00522,47.67868],[25.0052,47.67876],[25.00521,47.67886],[25.00519,47.67894],[25.00507,47.67908],[25.0049,47.67921],[25.0047,47.67928],[25.00441,47.67937],[25.00383,47.67962],[25.00345,47.67982],[25.00329,47.67994],[25.00315,47.68005],[25.00302,47.68021],[25.00282,47.68034],[25.00262,47.68045],[25.00231,47.68069],[25.00213,47.68082],[25.00196,47.68094],[25.00178,47.68116],[25.00159,47.68137],[25.00134,47.68163],[25.00117,47.68185],[25.00107,47.68205],[25.00095,47.68214],[25.00088,47.68224],[25.00084,47.68239],[25.00079,47.68252],[25.00065,47.68278],[25.00055,47.68292],[25.00044,47.683],[25.00033,47.68306],[24.9999,47.68317],[24.99958,47.68324],[24.9993,47.68333],[24.99899,47.68338],[24.99877,47.68338],[24.99859,47.68337],[24.99833,47.68342],[24.99814,47.68355],[24.99794,47.68368],[24.99779,47.68371],[24.99738,47.68375],[24.99686,47.68381],[24.99655,47.68388],[24.99605,47.68394],[24.99587,47.684],[24.99574,47.68411],[24.9957,47.68422],[24.99567,47.68436],[24.99534,47.68464],[24.99504,47.68483],[24.99475,47.68498],[24.99423,47.68515],[24.99376,47.68529],[24.99335,47.68547],[24.99297,47.68571],[24.99271,47.68606],[24.99245,47.68649],[24.99236,47.6867],[24.9923,47.68684],[24.99233,47.687],[24.99221,47.68714],[24.99204,47.68714],[24.99183,47.68719],[24.99161,47.6873],[24.99149,47.68742],[24.99146,47.68754],[24.99146,47.68764],[24.99135,47.68777],[24.99106,47.68797],[24.99104,47.68807],[24.99094,47.68814],[24.99041,47.6885],[24.99015,47.68875],[24.98995,47.68889],[24.98977,47.68894],[24.98964,47.68902],[24.98957,47.6891],[24.98951,47.68923],[24.98939,47.68938],[24.98912,47.68956],[24.98875,47.68981],[24.98858,47.68997],[24.98821,47.69014],[24.98782,47.69036],[24.9874,47.69069],[24.98698,47.69094],[24.98666,47.69121],[24.9864,47.69142],[24.98595,47.69167],[24.98518,47.69193],[24.98424,47.69224],[24.98374,47.6924],[24.98343,47.6926],[24.98327,47.69274],[24.98314,47.69294],[24.98289,47.69332],[24.98278,47.69345],[24.98252,47.69357],[24.98202,47.69378],[24.98189,47.69386],[24.98182,47.6939],[24.98174,47.69406],[24.98176,47.69423],[24.98193,47.69447],[24.98212,47.69464],[24.98216,47.69471],[24.98212,47.69478],[24.98185,47.69499],[24.98145,47.69527],[24.9811,47.69545],[24.98082,47.69557],[24.98035,47.69582],[24.9795,47.69646],[24.97913,47.69691],[24.97849,47.69724],[24.97727,47.69765],[24.97673,47.69802],[24.97579,47.69805],[24.97516,47.69887],[24.97424,47.69958],[24.97304,47.70019],[24.9718,47.70049],[24.9704,47.70075],[24.96946,47.70069],[24.96905,47.70094],[24.96847,47.70098],[24.96804,47.70142],[24.96744,47.70153],[24.96686,47.70204],[24.96609,47.7023],[24.96527,47.70238],[24.96444,47.70313],[24.96347,47.70442],[24.96287,47.70451],[24.96175,47.70504],[24.96053,47.70572],[24.95959,47.70566],[24.95881,47.70599],[24.95821,47.70576],[24.95753,47.70583],[24.95686,47.70565],[24.95577,47.70565],[24.95495,47.70576],[24.95448,47.70594],[24.95396,47.70641],[24.9539,47.70702],[24.95287,47.7076],[24.95298,47.70803],[24.95364,47.70855],[24.95349,47.70936],[24.95388,47.70975],[24.95399,47.71083],[24.95476,47.71236],[24.95452,47.71276],[24.95373,47.71331],[24.95278,47.71389],[24.95012,47.71483],[24.9495,47.71555],[24.94673,47.71714],[24.94655,47.72924],[24.95406,47.72931],[24.95737,47.72933],[24.96241,47.72937],[24.96701,47.72942],[24.97241,47.72947],[24.97899,47.72951],[24.98345,47.72957],[24.98927,47.72845],[24.99303,47.72559],[24.99503,47.7251],[24.99653,47.72528],[24.99881,47.72631],[25.00144,47.72764],[25.00128,47.72778],[25.00123,47.72798],[25.00122,47.7282],[25.00116,47.7283],[25.00117,47.72839],[25.00126,47.72845],[25.00132,47.72859],[25.00159,47.72911],[25.00155,47.7292],[25.00158,47.72926],[25.00164,47.72929],[25.00167,47.72942],[25.00164,47.72951],[25.00169,47.72955],[25.00176,47.72966],[25.00174,47.72981],[25.00182,47.7299],[25.0019,47.7299],[25.002,47.72987],[25.00205,47.72993],[25.00201,47.72999],[25.00207,47.73008],[25.0023,47.73009],[25.00231,47.73015],[25.00254,47.73036],[25.00262,47.73041],[25.00264,47.7305],[25.00261,47.73055],[25.00262,47.7306],[25.0027,47.73065],[25.00275,47.73074],[25.00281,47.73104],[25.00296,47.73113],[25.00303,47.73113],[25.00317,47.73111],[25.00326,47.73114],[25.00345,47.73139],[25.00353,47.73144],[25.00355,47.7315],[25.00355,47.73159],[25.00378,47.73164],[25.00401,47.73171],[25.00412,47.7318],[25.0042,47.73194],[25.00425,47.73197],[25.00431,47.73193],[25.00436,47.73191],[25.00441,47.73195],[25.00462,47.73222],[25.00473,47.73233],[25.00485,47.73246],[25.00493,47.7325],[25.00506,47.73251],[25.00519,47.7325],[25.00531,47.73248],[25.00537,47.73251],[25.00545,47.73269],[25.0055,47.73272],[25.00554,47.73274],[25.00561,47.7328],[25.00566,47.73295],[25.00571,47.73301],[25.00571,47.73305],[25.00567,47.73314],[25.00569,47.73318],[25.00578,47.73324],[25.00585,47.73324],[25.00592,47.73329],[25.00599,47.73336],[25.00601,47.73342],[25.00602,47.7335],[25.00612,47.73367],[25.00619,47.73386],[25.00634,47.73415],[25.0064,47.73423],[25.00641,47.7343],[25.00647,47.73435],[25.00652,47.73433],[25.00662,47.73434],[25.00675,47.73432],[25.00682,47.73435],[25.00708,47.73438],[25.00743,47.73437],[25.00755,47.73432],[25.00764,47.73426],[25.0077,47.73423],[25.00781,47.73421],[25.00809,47.73428],[25.00843,47.73426],[25.00863,47.73421],[25.00878,47.73407],[25.00885,47.73407],[25.00928,47.73419],[25.00957,47.73408],[25.01007,47.73376],[25.01081,47.73351],[25.01113,47.7335],[25.01137,47.73366],[25.01155,47.73367],[25.01195,47.73349],[25.01232,47.73348],[25.01264,47.73338],[25.01251,47.73319],[25.01262,47.73296],[25.01305,47.73258],[25.01323,47.7325],[25.01355,47.7322],[25.0137,47.73217],[25.0141,47.73236],[25.01446,47.73237],[25.01453,47.73231],[25.01453,47.73211],[25.01462,47.73198],[25.01476,47.73193],[25.01491,47.73197],[25.01489,47.73206],[25.01498,47.73212],[25.01537,47.73207],[25.01553,47.73208],[25.01561,47.73204],[25.01548,47.73163],[25.01551,47.73149],[25.0157,47.73134],[25.01601,47.73126],[25.01615,47.73112],[25.01642,47.73106],[25.01658,47.73105],[25.0169,47.73095],[25.01702,47.73083],[25.01732,47.73077],[25.01751,47.73088],[25.01762,47.73107],[25.01775,47.73117],[25.01795,47.73119],[25.01798,47.73116],[25.01796,47.73097],[25.01801,47.73092],[25.01812,47.73085],[25.01813,47.73076],[25.01818,47.73075],[25.01828,47.73078],[25.01835,47.73083],[25.01831,47.73095],[25.01834,47.73101],[25.01852,47.73112],[25.01875,47.73099],[25.01892,47.73086],[25.0192,47.73078],[25.01934,47.73083],[25.01959,47.73083],[25.01968,47.73079],[25.01972,47.7307],[25.01979,47.73061],[25.0199,47.73055],[25.02018,47.73052],[25.02072,47.7305],[25.02082,47.73045],[25.02094,47.73045],[25.02116,47.73059],[25.02099,47.73067],[25.02097,47.73077],[25.02104,47.73089],[25.02144,47.73091],[25.02168,47.73098],[25.02184,47.73098],[25.02202,47.73094],[25.02222,47.73089],[25.0224,47.73086],[25.02247,47.73077],[25.02257,47.73076],[25.02264,47.73079],[25.02275,47.73106],[25.02282,47.73109],[25.0231,47.73107],[25.0233,47.73097],[25.02364,47.73092],[25.02385,47.73094],[25.02436,47.73109],[25.0245,47.73126],[25.02494,47.73134],[25.02517,47.73128],[25.02533,47.7313],[25.02574,47.73122],[25.02601,47.73124],[25.02628,47.73114],[25.02658,47.73086],[25.02708,47.73048],[25.02739,47.73027],[25.02763,47.72996],[25.02779,47.72983],[25.02781,47.72974],[25.0277,47.72958],[25.0276,47.72933],[25.02766,47.72925],[25.02783,47.72921],[25.02807,47.72923],[25.02825,47.72916],[25.02844,47.72916],[25.02846,47.72912],[25.02831,47.72894],[25.02829,47.7288],[25.02864,47.72836],[25.02876,47.72833],[25.02881,47.72824],[25.02884,47.72803],[25.02911,47.72787],[25.02925,47.72784],[25.02939,47.72788],[25.02951,47.72781],[25.02947,47.72774],[25.02947,47.72768],[25.02956,47.7276],[25.02968,47.72764],[25.02975,47.72763],[25.02982,47.72757],[25.02996,47.72757],[25.0302,47.7275],[25.03033,47.7274],[25.03051,47.72734],[25.03073,47.7273],[25.03086,47.7273],[25.03094,47.72734],[25.03093,47.72737],[25.03082,47.72738],[25.0308,47.72743],[25.0309,47.72748],[25.03108,47.72749],[25.03115,47.72745],[25.03122,47.72738],[25.03135,47.72732],[25.03142,47.72735],[25.03143,47.72741],[25.03148,47.72746],[25.0316,47.7275],[25.03171,47.72749],[25.03182,47.72746],[25.03189,47.72737],[25.03202,47.72728],[25.03212,47.72724],[25.03214,47.72721],[25.03213,47.72714],[25.03223,47.72711],[25.03235,47.72713],[25.03255,47.72723],[25.03264,47.72733],[25.03273,47.72736],[25.03309,47.7273],[25.03319,47.72726],[25.03319,47.72721],[25.03318,47.72709],[25.03324,47.72706],[25.03328,47.72703],[25.03329,47.72692],[25.03335,47.7269],[25.03355,47.72692],[25.03363,47.72695],[25.03372,47.72692],[25.03383,47.72678],[25.03401,47.72667],[25.03418,47.72662],[25.03434,47.72663],[25.03454,47.72665],[25.0346,47.72663],[25.03468,47.72656],[25.0348,47.72649],[25.03494,47.72645],[25.03504,47.72645],[25.03511,47.72641],[25.03513,47.7263],[25.03517,47.72625],[25.03533,47.72626],[25.03543,47.72631],[25.03558,47.72645],[25.03566,47.72646],[25.03578,47.72642],[25.03584,47.72634],[25.03586,47.72623],[25.03585,47.72615],[25.03589,47.72611],[25.036,47.72611],[25.03613,47.72615],[25.03629,47.72612],[25.03639,47.72614],[25.03651,47.72613],[25.03688,47.72581],[25.037,47.72572],[25.03732,47.72562],[25.03741,47.72564],[25.03773,47.72566],[25.03799,47.72563],[25.03825,47.72571],[25.03835,47.7257],[25.03842,47.72565],[25.03847,47.72555],[25.03853,47.72551],[25.03854,47.72545],[25.03856,47.7254],[25.03861,47.7254],[25.03869,47.72545],[25.03882,47.72548],[25.03884,47.72542],[25.03896,47.72543],[25.03907,47.72549],[25.03914,47.72549],[25.03919,47.72544],[25.0393,47.72543],[25.0397,47.72547],[25.03979,47.72545],[25.03978,47.72542],[25.03974,47.7254],[25.03972,47.72537],[25.03978,47.72534],[25.03988,47.72534],[25.03996,47.72537],[25.03998,47.7254],[25.03995,47.72543],[25.03996,47.72546],[25.04006,47.72548],[25.0403,47.72545],[25.04047,47.72549],[25.04055,47.7255],[25.04058,47.72552],[25.04061,47.72558],[25.04068,47.72568],[25.04074,47.72567],[25.04073,47.72573],[25.04074,47.72578],[25.0407,47.72585],[25.04071,47.72589],[25.04081,47.72589],[25.04087,47.72594],[25.04092,47.72603],[25.04093,47.7261],[25.04104,47.72614],[25.04143,47.72647],[25.04147,47.72655],[25.04159,47.7267],[25.04167,47.72677],[25.04167,47.72683],[25.04169,47.72701],[25.04147,47.72731],[25.0414,47.72743],[25.04125,47.72761],[25.04116,47.7279],[25.04111,47.72799],[25.04113,47.72817],[25.04122,47.72836],[25.04121,47.72849],[25.04124,47.72854],[25.04131,47.72858],[25.0414,47.72872],[25.04145,47.72874],[25.04148,47.72875],[25.04155,47.72875],[25.04161,47.72882],[25.04166,47.72884],[25.04174,47.72893],[25.04183,47.72896],[25.04198,47.72909],[25.04199,47.72916],[25.04196,47.72929],[25.04193,47.72947],[25.04195,47.72964],[25.04203,47.72969],[25.04204,47.72977],[25.04209,47.72979],[25.04213,47.72985],[25.04214,47.72993],[25.04221,47.72999],[25.04225,47.73008],[25.04232,47.73021],[25.0424,47.73031],[25.04242,47.7306],[25.0426,47.73081],[25.04262,47.73098],[25.04269,47.7311],[25.04273,47.73124],[25.04278,47.73133],[25.04286,47.73141],[25.0429,47.73157],[25.04293,47.73174],[25.04315,47.73196],[25.04339,47.73205],[25.04343,47.73211],[25.04358,47.73219],[25.04375,47.73226],[25.04427,47.73249],[25.04459,47.73269],[25.04469,47.7328],[25.04477,47.73296],[25.04492,47.73317],[25.045,47.73341],[25.04512,47.7336],[25.04511,47.73383],[25.04511,47.73427],[25.04518,47.73448],[25.04527,47.73456],[25.0453,47.73465],[25.0453,47.73475],[25.04536,47.73488],[25.04545,47.73496],[25.04562,47.73525],[25.04576,47.73534],[25.04587,47.73559],[25.04591,47.73572],[25.04605,47.73583],[25.04618,47.73595],[25.04631,47.73597],[25.04648,47.7361],[25.0466,47.73629],[25.04687,47.73644],[25.04743,47.73679],[25.04759,47.73695],[25.04798,47.73743],[25.04835,47.73777],[25.0488,47.73835],[25.04907,47.73857],[25.04972,47.73901],[25.05006,47.7393],[25.05038,47.73979],[25.0507,47.74029],[25.05074,47.74032],[25.05078,47.74047],[25.05086,47.74057],[25.05105,47.74061],[25.05107,47.7407],[25.05113,47.74076],[25.05121,47.74093],[25.05124,47.74103],[25.0513,47.74115],[25.05138,47.74125],[25.05155,47.74133],[25.05173,47.74157],[25.05185,47.74163],[25.05204,47.74182],[25.05223,47.74206],[25.05266,47.74248],[25.05284,47.74272],[25.0529,47.74285],[25.05296,47.74286],[25.05307,47.74293],[25.05313,47.74298],[25.05324,47.74302],[25.05325,47.74306],[25.05329,47.74308],[25.05332,47.74313],[25.05336,47.74316],[25.05338,47.74321],[25.05343,47.74323],[25.05347,47.74328],[25.05353,47.74328],[25.05356,47.7433],[25.05355,47.74338],[25.05363,47.74349],[25.05363,47.74353],[25.05367,47.74361],[25.05376,47.7437],[25.05387,47.74375],[25.05389,47.74383],[25.05388,47.74386],[25.05395,47.74397],[25.05402,47.74405],[25.05408,47.74428],[25.05411,47.74451],[25.05411,47.74456],[25.05417,47.74461],[25.05415,47.74465],[25.05417,47.74472],[25.05415,47.74478],[25.05416,47.74484],[25.05412,47.74494],[25.0541,47.74504],[25.05413,47.74519],[25.05415,47.74527],[25.05425,47.74529],[25.05436,47.74541],[25.05435,47.74549],[25.05427,47.74565],[25.05408,47.74586],[25.05369,47.74617],[25.0535,47.7464],[25.05327,47.74672],[25.05458,47.74623],[25.05528,47.74572],[25.0594,47.74302],[25.06284,47.7407],[25.06339,47.74057],[25.06468,47.74063],[25.06523,47.74075],[25.07183,47.74359],[25.07661,47.74551],[25.0823,47.74522],[25.08292,47.74528],[25.08539,47.74626],[25.08845,47.74871],[25.0891,47.749],[25.091,47.74916],[25.09259,47.74935],[25.09446,47.74931],[25.09809,47.74929],[25.1004,47.75094],[25.10331,47.75299],[25.11158,47.75408],[25.1147,47.75458],[25.11552,47.7548],[25.1158,47.75491],[25.11588,47.75553],[25.11554,47.75581],[25.11595,47.75623],[25.11656,47.75649],[25.11661,47.7572],[25.11644,47.75738],[25.116,47.75755],[25.11592,47.75774],[25.11627,47.75829],[25.11626,47.75854],[25.11603,47.75874],[25.11602,47.75896],[25.11625,47.75919],[25.11649,47.75971],[25.11643,47.75999],[25.11631,47.76],[25.11625,47.75997],[25.11612,47.75984],[25.11598,47.75985],[25.1159,47.75995],[25.11587,47.76017],[25.11586,47.76046],[25.11598,47.76074],[25.11635,47.761],[25.11653,47.76134],[25.11649,47.76165],[25.1163,47.76185],[25.11604,47.76194],[25.11593,47.76213],[25.11601,47.76253],[25.11578,47.76278],[25.11581,47.763],[25.11601,47.76338],[25.11599,47.76369],[25.1155,47.76384],[25.11545,47.76419],[25.11575,47.76421],[25.11607,47.76436],[25.1162,47.7646],[25.11597,47.76496],[25.11596,47.76542],[25.11646,47.76566],[25.11656,47.76586],[25.11626,47.76614],[25.1162,47.76636],[25.1163,47.76674],[25.11617,47.76784],[25.11632,47.76808],[25.11667,47.7683],[25.11695,47.76854],[25.11702,47.76871],[25.11689,47.76904],[25.1169,47.76911],[25.11843,47.76981],[25.11971,47.7706],[25.12121,47.77166],[25.12206,47.7722],[25.12365,47.77311],[25.12427,47.77359],[25.12565,47.77508],[25.1274,47.7764],[25.12878,47.77753],[25.129,47.77784],[25.12943,47.77862],[25.13282,47.78037],[25.13435,47.7826],[25.13626,47.78369],[25.13682,47.78418],[25.13899,47.78483],[25.14172,47.7859],[25.14388,47.78758],[25.14514,47.78856],[25.14629,47.78983],[25.14731,47.79106],[25.14894,47.7919],[25.15338,47.78906],[25.16034,47.78931],[25.16583,47.79047],[25.16692,47.79132],[25.16791,47.79246],[25.16831,47.7936],[25.1712,47.79668],[25.17036,47.80489],[25.16835,47.8069],[25.16712,47.80889],[25.17007,47.8103],[25.17749,47.81389],[25.17677,47.8158],[25.17752,47.81591],[25.17808,47.81607],[25.17856,47.81612],[25.17907,47.81636],[25.17913,47.81649],[25.17923,47.81688],[25.17966,47.81776],[25.18017,47.81867],[25.18014,47.81874],[25.17982,47.81911],[25.17963,47.8194],[25.17965,47.81962],[25.18002,47.81985],[25.18049,47.82004],[25.18091,47.82059],[25.1809,47.82088],[25.18059,47.82145],[25.18034,47.822],[25.18027,47.82248],[25.1803,47.82306],[25.18003,47.82385],[25.1796,47.82419],[25.17951,47.82432],[25.17953,47.82468],[25.18003,47.82512],[25.18014,47.82552],[25.18034,47.82583],[25.18057,47.82606],[25.18096,47.82618],[25.18203,47.82637],[25.1822,47.82653],[25.18247,47.82702],[25.18298,47.8276],[25.18349,47.82808],[25.18347,47.82837],[25.18362,47.82851],[25.1843,47.82871],[25.18476,47.82876],[25.18636,47.82861],[25.18693,47.82861],[25.18739,47.82869],[25.18845,47.82922],[25.18973,47.82969],[25.19004,47.82997],[25.19075,47.8308],[25.1909,47.83118],[25.19096,47.83163],[25.19121,47.83237],[25.19165,47.83342],[25.19173,47.83356],[25.19183,47.83363],[25.19191,47.83363],[25.192,47.83351],[25.1921,47.83345],[25.19229,47.83338],[25.19266,47.83332],[25.19286,47.83322],[25.19303,47.8331],[25.19322,47.83306],[25.19351,47.83306],[25.19399,47.83315],[25.19475,47.83354],[25.19512,47.83373],[25.19535,47.83369],[25.19604,47.83349],[25.19641,47.8335],[25.19646,47.83352],[25.19729,47.83391],[25.19767,47.83397],[25.19801,47.83406],[25.19825,47.83416],[25.19846,47.83425],[25.19852,47.83433],[25.19855,47.83443],[25.19852,47.83453],[25.19844,47.83459],[25.1981,47.83465],[25.19798,47.83471],[25.19765,47.83492],[25.19761,47.83499],[25.19757,47.8351],[25.19738,47.83544],[25.19729,47.8355],[25.19714,47.83559],[25.19698,47.83577],[25.19699,47.83593],[25.197,47.83594],[25.19743,47.83631],[25.19761,47.83642],[25.19785,47.83682],[25.19817,47.83708],[25.19858,47.83732],[25.19886,47.83733],[25.19934,47.83738],[25.19953,47.83752],[25.19962,47.83774],[25.19952,47.83805],[25.19926,47.83856],[25.19911,47.83873],[25.19906,47.83888],[25.19928,47.83901],[25.19956,47.83901],[25.20022,47.83917],[25.2011,47.83922],[25.20208,47.83925],[25.20236,47.83933],[25.20253,47.83942],[25.20259,47.83955],[25.20246,47.83983],[25.20188,47.84069],[25.20154,47.84111],[25.20151,47.84121],[25.20154,47.84129],[25.20167,47.84133],[25.20174,47.8414],[25.20187,47.84159],[25.20191,47.84193],[25.20241,47.84282],[25.20107,47.84405],[25.2008,47.84429],[25.20034,47.84449],[25.19985,47.8446],[25.19975,47.84473],[25.19956,47.84513],[25.19952,47.84546],[25.19966,47.84581],[25.19998,47.84648],[25.20017,47.84713],[25.20037,47.84743],[25.20067,47.8477],[25.20109,47.84793],[25.20118,47.84802],[25.20119,47.8482],[25.20101,47.84846],[25.20075,47.8488],[25.20065,47.84912],[25.20063,47.8493],[25.20061,47.84943],[25.2007,47.84967],[25.2009,47.85006],[25.20122,47.85036],[25.20164,47.85059],[25.20212,47.85074],[25.20253,47.85082],[25.20344,47.85083],[25.20397,47.85085],[25.20453,47.85088],[25.20473,47.85094],[25.20484,47.85109],[25.20487,47.85152],[25.20536,47.85192],[25.20546,47.85206],[25.20569,47.85236],[25.20571,47.85236],[25.20598,47.85248],[25.20619,47.8526],[25.20628,47.85277],[25.20631,47.85297],[25.20622,47.8531],[25.20605,47.85326],[25.20585,47.8533],[25.20558,47.85334],[25.20652,47.85365],[25.21977,47.85808],[25.22208,47.85863],[25.22232,47.86942],[25.22486,47.87301],[25.22254,47.87956],[25.22161,47.88085],[25.22214,47.883],[25.22478,47.88256],[25.2296,47.89244],[25.23018,47.89301],[25.23786,47.89516],[25.23889,47.89581],[25.24203,47.89511],[25.24471,47.89309],[25.24751,47.89465],[25.25205,47.89507],[25.25312,47.89465],[25.25519,47.89238],[25.25842,47.89148],[25.26258,47.89382],[25.26404,47.89381],[25.26576,47.89353],[25.26732,47.89203],[25.27003,47.89236],[25.27193,47.89322],[25.27508,47.89493],[25.27716,47.89603],[25.27856,47.89682],[25.28,47.8976],[25.28185,47.89851],[25.28513,47.90059],[25.28883,47.9024],[25.29489,47.90556],[25.30265,47.90962],[25.30617,47.91158],[25.30757,47.91266],[25.30958,47.91362],[25.31111,47.91438],[25.31616,47.91403],[25.31862,47.91393],[25.32445,47.91364],[25.32659,47.91365],[25.32926,47.91395],[25.33089,47.91405],[25.33118,47.91403],[25.33213,47.91383],[25.33258,47.91376],[25.33306,47.91375],[25.33351,47.91378],[25.33418,47.91377],[25.33442,47.91382],[25.3348,47.91398],[25.33499,47.91403],[25.33519,47.91411],[25.33526,47.91416],[25.33553,47.91419],[25.33584,47.91416],[25.33606,47.91406],[25.33638,47.91396],[25.3367,47.91392],[25.33714,47.91395],[25.3373,47.91401],[25.33744,47.91408],[25.33762,47.91406],[25.33782,47.91411],[25.33808,47.91418],[25.33867,47.91422],[25.33885,47.91418],[25.33913,47.91417],[25.33942,47.91413],[25.3398,47.9141],[25.34006,47.9141],[25.34021,47.91406],[25.34035,47.91408],[25.34061,47.91415],[25.34077,47.91418],[25.34109,47.91415],[25.34132,47.91419],[25.3416,47.91438],[25.34167,47.91438],[25.34178,47.91434],[25.34185,47.91429],[25.34194,47.91427],[25.34204,47.9143],[25.34218,47.91442],[25.34226,47.91448],[25.34237,47.91451],[25.34253,47.91451],[25.34278,47.91461],[25.34292,47.91462],[25.34312,47.91463],[25.34323,47.91465],[25.34327,47.91469],[25.34336,47.91484],[25.3435,47.91496],[25.34366,47.91503],[25.34391,47.91506],[25.34404,47.9151],[25.34406,47.91512],[25.34427,47.91515],[25.34453,47.9152],[25.34477,47.91528],[25.345,47.91539],[25.34514,47.91541],[25.34532,47.91539],[25.34543,47.91541],[25.34557,47.91547],[25.34604,47.91553],[25.34619,47.91558],[25.34626,47.91563],[25.34632,47.91571],[25.34643,47.91577],[25.34655,47.91587],[25.34676,47.91591],[25.34745,47.91599],[25.34785,47.91589],[25.34806,47.91586],[25.34838,47.91587],[25.34864,47.91592],[25.3488,47.91595],[25.3497,47.91619],[25.35047,47.91644],[25.35274,47.91658],[25.35816,47.91705],[25.36297,47.91751],[25.36559,47.91781],[25.38213,47.91954],[25.3917,47.92056],[25.4004,47.92157],[25.40976,47.92264],[25.41384,47.92311],[25.41973,47.92376],[25.42761,47.92467],[25.4401,47.92602],[25.4424,47.92625],[25.44537,47.92664],[25.4518,47.92732],[25.45832,47.9281],[25.46246,47.92856],[25.46749,47.92913],[25.4693,47.9293],[25.47168,47.92951],[25.47411,47.92977],[25.47757,47.93017],[25.48167,47.93062],[25.48699,47.93119],[25.49143,47.93168],[25.49436,47.93205],[25.49553,47.93218],[25.50395,47.93314],[25.51609,47.93387],[25.53338,47.93491],[25.5348,47.93618],[25.53845,47.93522],[25.5524,47.93603],[25.55916,47.93642],[25.5662,47.93685],[25.57945,47.93763],[25.59214,47.93839],[25.6119,47.94469],[25.62088,47.94754],[25.62483,47.94879],[25.64226,47.94931],[25.64246,47.94951],[25.64259,47.94956],[25.64275,47.94955],[25.64292,47.94955],[25.6431,47.94952],[25.64336,47.94957],[25.64346,47.9495],[25.64344,47.94942],[25.6437,47.94936],[25.64388,47.94936],[25.64398,47.94942],[25.64408,47.94937],[25.64408,47.94929],[25.64437,47.94923],[25.64454,47.94923],[25.64469,47.94916],[25.64502,47.949],[25.64555,47.94899],[25.64565,47.94894],[25.6459,47.94893],[25.64596,47.9489],[25.64617,47.94878],[25.64632,47.94878],[25.64638,47.94884],[25.64638,47.94892],[25.64626,47.94899],[25.64603,47.94904],[25.64603,47.94907],[25.64612,47.94912],[25.64623,47.94916],[25.64637,47.94919],[25.64642,47.94924],[25.64628,47.94939],[25.64633,47.94949],[25.64646,47.94949],[25.64661,47.94943],[25.64665,47.94937],[25.64671,47.94937],[25.64686,47.94927],[25.64704,47.94925],[25.64769,47.9491],[25.6478,47.94892],[25.6478,47.9488],[25.64766,47.94869],[25.64757,47.94869],[25.64746,47.9487],[25.64745,47.94867],[25.64751,47.9486],[25.64761,47.94844],[25.64774,47.94839],[25.64791,47.94822],[25.648,47.94818],[25.64821,47.94817],[25.64847,47.94834],[25.6486,47.94841],[25.64867,47.94852],[25.64865,47.94855],[25.64855,47.94855],[25.64847,47.94863],[25.64847,47.94873],[25.64862,47.94876],[25.64877,47.94875],[25.64893,47.94864],[25.64912,47.9486],[25.6493,47.94851],[25.64936,47.94853],[25.64939,47.94861],[25.6494,47.94872],[25.64951,47.94882],[25.64961,47.94883],[25.64975,47.94874],[25.64986,47.94859],[25.64992,47.94833],[25.64999,47.94825],[25.65013,47.9483],[25.65034,47.9484],[25.65042,47.94851],[25.65051,47.9485],[25.65059,47.9486],[25.65055,47.94872],[25.65057,47.94885],[25.65042,47.94905],[25.65041,47.94912],[25.65044,47.94917],[25.65055,47.94917],[25.65068,47.94916],[25.65086,47.94918],[25.65096,47.94917],[25.65102,47.9491],[25.65113,47.949],[25.65133,47.94901],[25.65143,47.94923],[25.65149,47.94925],[25.65156,47.9492],[25.65167,47.94904],[25.65153,47.94874],[25.65132,47.9487],[25.65131,47.94865],[25.65144,47.94864],[25.65146,47.94859],[25.65143,47.94851],[25.65164,47.94842],[25.65178,47.94831],[25.65193,47.94826],[25.65207,47.94828],[25.65222,47.94827],[25.65237,47.9482],[25.65251,47.94799],[25.65281,47.94797],[25.65286,47.94802],[25.65289,47.94814],[25.65278,47.94827],[25.65277,47.94834],[25.65306,47.94848],[25.65332,47.94847],[25.65343,47.94846],[25.65349,47.9485],[25.65351,47.94861],[25.65359,47.94869],[25.65365,47.9487],[25.65376,47.94863],[25.65407,47.94857],[25.65425,47.94845],[25.65434,47.94844],[25.65441,47.94858],[25.65441,47.94867],[25.65436,47.94881],[25.65452,47.94883],[25.65469,47.94878],[25.65484,47.94861],[25.65483,47.94855],[25.65485,47.94843],[25.65492,47.94844],[25.65543,47.94874],[25.6555,47.94875],[25.65567,47.94887],[25.65572,47.94897],[25.65586,47.94897],[25.65593,47.94889],[25.65593,47.94886],[25.65607,47.94887],[25.65616,47.94896],[25.65619,47.94907],[25.65617,47.94909],[25.65625,47.94926],[25.65618,47.94931],[25.65617,47.94944],[25.65614,47.9495],[25.65621,47.94952],[25.65644,47.94951],[25.65653,47.94948],[25.65665,47.94949],[25.65696,47.94935],[25.65711,47.94929],[25.65715,47.94924],[25.65712,47.94919],[25.65691,47.94897],[25.65682,47.94884],[25.65685,47.94876],[25.65693,47.94867],[25.65714,47.94862],[25.65736,47.94862],[25.65766,47.94851],[25.65802,47.94844],[25.65824,47.94837],[25.65832,47.94834],[25.6584,47.94835],[25.6585,47.94842],[25.6585,47.94855],[25.65862,47.94861],[25.65866,47.9486],[25.65867,47.94849],[25.65885,47.94834],[25.6589,47.94834],[25.65918,47.94853],[25.65924,47.94862],[25.65909,47.94889],[25.65915,47.94896],[25.65923,47.94893],[25.65943,47.94866],[25.65962,47.94855],[25.6598,47.94834],[25.65998,47.9483],[25.66033,47.94834],[25.66042,47.94827],[25.66072,47.948],[25.66084,47.94796],[25.66098,47.94795],[25.66105,47.94805],[25.66104,47.94811],[25.66134,47.94808],[25.66142,47.94819],[25.66136,47.94826],[25.66123,47.94825],[25.66116,47.94831],[25.66133,47.94849],[25.66149,47.94853],[25.66154,47.9486],[25.66173,47.94868],[25.66183,47.94879],[25.66191,47.94873],[25.66199,47.94874],[25.66208,47.94868],[25.66213,47.94863],[25.66221,47.9486],[25.66228,47.94864],[25.66229,47.94873],[25.66248,47.94873],[25.66255,47.94868],[25.6627,47.94861],[25.66283,47.94849],[25.66282,47.94842],[25.66267,47.94835],[25.66275,47.94823],[25.66293,47.9482],[25.66304,47.94825],[25.66322,47.94822],[25.66332,47.94828],[25.66333,47.94841],[25.66352,47.94843],[25.66374,47.94834],[25.6639,47.94826],[25.66395,47.94814],[25.66404,47.94813],[25.66421,47.94826],[25.66437,47.94839],[25.66446,47.94839],[25.66449,47.94837],[25.66441,47.94794],[25.66444,47.94774],[25.66457,47.94759],[25.66476,47.94758],[25.66526,47.94766],[25.66527,47.94773],[25.66519,47.94788],[25.66522,47.94804],[25.66533,47.94812],[25.66564,47.9481],[25.66582,47.94811],[25.6659,47.94819],[25.66598,47.9482],[25.66606,47.94818],[25.66611,47.9481],[25.66626,47.94776],[25.66622,47.94766],[25.6661,47.94756],[25.66614,47.94743],[25.66625,47.94737],[25.66646,47.94742],[25.66654,47.9475],[25.66656,47.9476],[25.66654,47.94764],[25.66653,47.9477],[25.66656,47.94773],[25.66664,47.94773],[25.66678,47.94779],[25.66696,47.94779],[25.66705,47.94776],[25.66712,47.9477],[25.66712,47.94761],[25.66706,47.94748],[25.66707,47.94739],[25.66715,47.94732],[25.66727,47.94716],[25.66736,47.94716],[25.66749,47.94713],[25.66764,47.94713],[25.66781,47.94721],[25.6679,47.94726],[25.66835,47.94725],[25.66839,47.94723],[25.66846,47.94714],[25.66863,47.94703],[25.66879,47.94689],[25.66885,47.94688],[25.66896,47.94688],[25.669,47.94684],[25.66913,47.94682],[25.66924,47.94684],[25.66926,47.94689],[25.66925,47.94692],[25.66918,47.94697],[25.66915,47.94703],[25.66919,47.94705],[25.66926,47.94705],[25.66936,47.94699],[25.66946,47.94697],[25.66952,47.94708],[25.6696,47.94708],[25.66978,47.94706],[25.66987,47.94693],[25.66979,47.94684],[25.66963,47.94675],[25.66958,47.94664],[25.6696,47.94646],[25.66972,47.94638],[25.66987,47.94633],[25.66999,47.94634],[25.67006,47.9464],[25.67023,47.94646],[25.67033,47.94652],[25.67067,47.94654],[25.67109,47.94653],[25.6712,47.94656],[25.67131,47.94654],[25.67145,47.94645],[25.67162,47.94645],[25.67169,47.94646],[25.67175,47.94635],[25.67175,47.94627],[25.6718,47.94621],[25.67184,47.94612],[25.67196,47.94611],[25.67211,47.94617],[25.67213,47.94622],[25.67204,47.94639],[25.67209,47.94644],[25.67219,47.94646],[25.67246,47.94643],[25.67265,47.94639],[25.67265,47.94633],[25.67273,47.94629],[25.67283,47.94628],[25.67285,47.94621],[25.67282,47.94612],[25.6726,47.94603],[25.67254,47.94598],[25.67254,47.94591],[25.67262,47.94585],[25.6728,47.94582],[25.67298,47.94584],[25.67345,47.94617],[25.67352,47.94633],[25.67358,47.94636],[25.67373,47.94635],[25.67398,47.94644],[25.67406,47.94651],[25.67421,47.94656],[25.67441,47.94653],[25.67461,47.94654],[25.67481,47.94644],[25.67486,47.94637],[25.67496,47.94633],[25.67499,47.94626],[25.67506,47.94624],[25.67513,47.94627],[25.67524,47.94635],[25.67551,47.94637],[25.67559,47.9464],[25.67574,47.9464],[25.67587,47.94647],[25.67594,47.94649],[25.67602,47.94648],[25.67608,47.94635],[25.67604,47.94619],[25.67589,47.94605],[25.67578,47.94605],[25.67569,47.94601],[25.67551,47.94586],[25.67556,47.94581],[25.67597,47.94571],[25.67631,47.9457],[25.67653,47.9458],[25.67653,47.94582],[25.67653,47.94586],[25.67664,47.9459],[25.67678,47.94582],[25.67696,47.94588],[25.67709,47.94586],[25.67713,47.94593],[25.6772,47.94594],[25.67732,47.94585],[25.6774,47.9457],[25.67749,47.94571],[25.67755,47.94574],[25.6777,47.94575],[25.67777,47.94574],[25.67789,47.9457],[25.67806,47.94569],[25.67821,47.94572],[25.67827,47.94577],[25.67832,47.94576],[25.67835,47.94568],[25.67843,47.94564],[25.67854,47.94564],[25.67877,47.94571],[25.67888,47.94579],[25.67894,47.94587],[25.67912,47.94592],[25.6792,47.94598],[25.6793,47.946],[25.67935,47.94598],[25.67938,47.9459],[25.67942,47.9459],[25.67951,47.9459],[25.67965,47.94583],[25.67966,47.94579],[25.67963,47.94575],[25.6795,47.94568],[25.67937,47.94563],[25.67932,47.94558],[25.67935,47.9455],[25.67948,47.94537],[25.6796,47.94538],[25.67967,47.94538],[25.67986,47.94534],[25.67992,47.94527],[25.67992,47.94519],[25.6799,47.94516],[25.67945,47.94501],[25.6794,47.94494],[25.67942,47.94474],[25.67959,47.94473],[25.67973,47.94474],[25.68021,47.94492],[25.68038,47.94503],[25.68054,47.94503],[25.68062,47.94493],[25.68084,47.94483],[25.68098,47.9447],[25.68113,47.9447],[25.68131,47.94456],[25.68168,47.94452],[25.68185,47.94446],[25.68218,47.9445],[25.68243,47.9445],[25.68292,47.94432],[25.68315,47.94433],[25.68335,47.94426],[25.68335,47.94422],[25.68333,47.94418],[25.68336,47.94412],[25.68349,47.94412],[25.68364,47.94415],[25.68385,47.94411],[25.68433,47.94405],[25.68436,47.94408],[25.68467,47.94405],[25.68474,47.94397],[25.68494,47.94388],[25.68515,47.94382],[25.68545,47.94384],[25.68576,47.94389],[25.68608,47.94399],[25.68634,47.94415],[25.68652,47.94429],[25.68664,47.94433],[25.68674,47.94443],[25.68678,47.94457],[25.68688,47.94462],[25.68701,47.94468],[25.68718,47.94478],[25.68723,47.94486],[25.68734,47.94492],[25.68749,47.94495],[25.68753,47.94499],[25.68757,47.94509],[25.68774,47.94519],[25.6879,47.94535],[25.68798,47.94546],[25.68808,47.9455],[25.68808,47.94554],[25.68781,47.94561],[25.68761,47.94564],[25.68759,47.94567],[25.68761,47.9457],[25.68776,47.94576],[25.68787,47.94577],[25.68794,47.94582],[25.68809,47.94581],[25.68824,47.94577],[25.68833,47.94581],[25.68837,47.94599],[25.68835,47.94602],[25.68821,47.94607],[25.68817,47.94612],[25.68831,47.94615],[25.68842,47.94613],[25.68851,47.94608],[25.68867,47.94606],[25.68883,47.94601],[25.6889,47.94591],[25.68887,47.94586],[25.68893,47.94578],[25.68906,47.94577],[25.68914,47.94572],[25.68911,47.9456],[25.68913,47.94553],[25.6892,47.94548],[25.68929,47.94549],[25.68932,47.94552],[25.6895,47.94554],[25.68959,47.94559],[25.68969,47.9456],[25.68972,47.94557],[25.68973,47.9455],[25.68971,47.94535],[25.68974,47.94523],[25.68966,47.94513],[25.68964,47.94505],[25.68981,47.94504],[25.68994,47.94499],[25.68997,47.94494],[25.68995,47.94489],[25.68971,47.94484],[25.68958,47.94477],[25.68954,47.94466],[25.68972,47.94459],[25.68988,47.9445],[25.69005,47.94417],[25.69012,47.94409],[25.69042,47.94408],[25.69063,47.94411],[25.69095,47.94407],[25.69106,47.94408],[25.69113,47.94413],[25.69133,47.94418],[25.69137,47.94418],[25.69146,47.94414],[25.69163,47.9441],[25.6919,47.9441],[25.69201,47.94413],[25.69262,47.94449],[25.6928,47.94455],[25.69292,47.94461],[25.69307,47.9448],[25.69314,47.94489],[25.6931,47.94493],[25.69302,47.94495],[25.69299,47.94503],[25.69306,47.94525],[25.69326,47.94542],[25.69335,47.94547],[25.69397,47.94541],[25.69431,47.94533],[25.6947,47.9451],[25.695,47.94498],[25.69518,47.94496],[25.69544,47.94496],[25.69566,47.94498],[25.6959,47.94506],[25.69639,47.94533],[25.6965,47.94543],[25.6967,47.94552],[25.69683,47.94559],[25.69698,47.94556],[25.6971,47.94551],[25.69741,47.9455],[25.69759,47.94556],[25.6979,47.94563],[25.6981,47.94565],[25.69818,47.94557],[25.69823,47.94545],[25.69819,47.9454],[25.69812,47.94537],[25.69804,47.94529],[25.69805,47.94513],[25.69818,47.94507],[25.69849,47.94509],[25.69877,47.94513],[25.69918,47.94506],[25.69975,47.94488],[25.70007,47.94483],[25.70018,47.9447],[25.70028,47.94464],[25.70042,47.94462],[25.70045,47.94455],[25.70041,47.94453],[25.70021,47.94452],[25.7002,47.94443],[25.70025,47.94433],[25.70039,47.94432],[25.70078,47.94429],[25.70105,47.94431],[25.70136,47.9444],[25.70149,47.9445],[25.70166,47.94442],[25.70169,47.94435],[25.70181,47.94431],[25.70193,47.94434],[25.70205,47.94429],[25.70211,47.94406],[25.70231,47.94389],[25.70244,47.9439],[25.70257,47.94388],[25.7026,47.94376],[25.70281,47.94373],[25.70321,47.94374],[25.70355,47.94377],[25.70373,47.94377],[25.70405,47.94375],[25.70419,47.94381],[25.70431,47.9438],[25.70437,47.94376],[25.70441,47.9436],[25.70446,47.94359],[25.70452,47.94363],[25.70473,47.94361],[25.70483,47.94365],[25.70505,47.94359],[25.7051,47.94363],[25.70522,47.94377],[25.70538,47.94375],[25.7055,47.94371],[25.70556,47.94373],[25.70579,47.94367],[25.70602,47.94364],[25.70623,47.94355],[25.70623,47.94353],[25.70616,47.94347],[25.70615,47.94335],[25.70618,47.94326],[25.70625,47.9432],[25.70625,47.94305],[25.70621,47.943],[25.7062,47.94292],[25.70613,47.94286],[25.70613,47.94281],[25.70617,47.94274],[25.70608,47.94266],[25.70607,47.94259],[25.70619,47.94252],[25.70634,47.94252],[25.70643,47.94247],[25.70662,47.94252],[25.70675,47.94264],[25.70709,47.94266],[25.70728,47.94262],[25.70751,47.94263],[25.70766,47.9427],[25.70777,47.94269],[25.7079,47.94265],[25.70817,47.94263],[25.70836,47.9428],[25.70843,47.9428],[25.7085,47.94271],[25.70852,47.9426],[25.7085,47.94252],[25.70833,47.94242],[25.70833,47.94232],[25.70839,47.94207],[25.70853,47.94188],[25.70859,47.94187],[25.7087,47.94187],[25.70873,47.94182],[25.70864,47.94168],[25.70862,47.94154],[25.70867,47.94149],[25.70886,47.94141],[25.70897,47.94128],[25.70904,47.94123],[25.70914,47.94122],[25.70924,47.94124],[25.70927,47.94127],[25.70926,47.94131],[25.70929,47.94136],[25.70941,47.94139],[25.70961,47.9414],[25.70964,47.94142],[25.70966,47.94147],[25.70992,47.9416],[25.70998,47.94161],[25.71011,47.94156],[25.71023,47.94139],[25.71026,47.94128],[25.71039,47.94122],[25.71044,47.94116],[25.71043,47.94111],[25.71041,47.94103],[25.71043,47.94096],[25.71054,47.9409],[25.71062,47.94081],[25.71056,47.94074],[25.71064,47.94061],[25.71106,47.94061],[25.71117,47.94066],[25.71126,47.9408],[25.71128,47.94082],[25.71133,47.94085],[25.71134,47.94088],[25.71129,47.94089],[25.71118,47.9409],[25.71107,47.94088],[25.71101,47.9409],[25.71101,47.94093],[25.71105,47.94097],[25.71112,47.941],[25.71115,47.94107],[25.7112,47.94112],[25.7113,47.94112],[25.7114,47.94117],[25.71138,47.94122],[25.71143,47.94128],[25.71148,47.94126],[25.71156,47.94112],[25.71168,47.94103],[25.71175,47.94104],[25.71189,47.9411],[25.71195,47.94115],[25.71202,47.94121],[25.71201,47.94127],[25.71198,47.94133],[25.71202,47.9414],[25.71225,47.94142],[25.71235,47.94139],[25.71247,47.94115],[25.7126,47.94112],[25.71277,47.94115],[25.71282,47.94119],[25.71287,47.94119],[25.7129,47.941],[25.71292,47.94097],[25.71291,47.94093],[25.71284,47.94093],[25.71275,47.94086],[25.71264,47.94076],[25.71278,47.94064],[25.71311,47.94065],[25.71327,47.94079],[25.71348,47.94091],[25.71361,47.94093],[25.71372,47.94098],[25.71378,47.94104],[25.71404,47.94143],[25.71412,47.94144],[25.71419,47.94137],[25.71434,47.94127],[25.7146,47.9412],[25.71491,47.94122],[25.71496,47.94118],[25.715,47.9411],[25.715,47.94104],[25.71505,47.94097],[25.7151,47.94095],[25.71519,47.94096],[25.71526,47.94103],[25.71532,47.94104],[25.71537,47.94115],[25.71543,47.94116],[25.7156,47.94116],[25.71574,47.94126],[25.71582,47.94135],[25.71594,47.9414],[25.71603,47.94136],[25.71619,47.94111],[25.71618,47.94104],[25.71613,47.94101],[25.71601,47.94097],[25.71601,47.9409],[25.71606,47.94086],[25.71616,47.94084],[25.71637,47.94085],[25.71653,47.94094],[25.71674,47.941],[25.71697,47.94098],[25.71737,47.94102],[25.71741,47.94097],[25.71759,47.94098],[25.71768,47.94101],[25.71792,47.94103],[25.71798,47.94106],[25.71798,47.9411],[25.71801,47.94113],[25.71809,47.94113],[25.71817,47.9411],[25.72071,47.94447],[25.72487,47.94393],[25.73086,47.94512],[25.73339,47.94572],[25.73809,47.9417],[25.74719,47.94112],[25.7571,47.94052],[25.76554,47.94003],[25.77516,47.93948],[25.79086,47.944],[25.7956,47.94545],[25.81083,47.95095],[25.8111,47.95113],[25.81871,47.95411],[25.82591,47.96383],[25.83758,47.96716],[25.85035,47.9689],[25.86138,47.97015],[25.86966,47.96743],[25.87427,47.96602],[25.87997,47.9631],[25.892,47.96125],[25.90788,47.96494],[25.90986,47.96951],[25.91468,47.97739],[25.92412,47.97742],[25.93094,47.97684],[25.94042,47.97576],[25.94454,47.97303],[25.95197,47.97087],[25.97532,47.97528],[25.97981,47.97594],[25.98923,47.97733],[25.99714,47.97847],[26.00649,47.97982],[26.01482,47.98105],[26.04349,47.98541],[26.06106,47.98803],[26.07263,47.9859],[26.08461,47.98266],[26.09274,47.98049],[26.10101,47.97833],[26.11708,47.98192],[26.11787,47.98225],[26.12665,47.98777],[26.13104,47.987],[26.13358,47.98593],[26.1376,47.98416],[26.13946,47.98488],[26.1418,47.98556],[26.14412,47.98603],[26.1542,47.9876],[26.1611,47.9885],[26.17005,47.99048],[26.17671,47.99243],[26.18765,47.99561],[26.19886,48.00712],[26.20253,48.0158],[26.20796,48.02893],[26.20991,48.03921],[26.20978,48.04117],[26.21105,48.04582],[26.21231,48.051],[26.21393,48.05256],[26.2251,48.05754],[26.23224,48.06139],[26.23713,48.06378],[26.24648,48.06801],[26.25766,48.07305],[26.26684,48.07649],[26.26936,48.07877],[26.27277,48.08176],[26.2755,48.08618],[26.27802,48.09557],[26.28244,48.10073],[26.28448,48.1071],[26.28487,48.11357],[26.28731,48.11845],[26.29795,48.13369],[26.30237,48.13688],[26.3097,48.14394],[26.31668,48.14861],[26.32804,48.15292],[26.33434,48.15922],[26.335,48.16169],[26.33361,48.16686],[26.3299,48.17286],[26.32785,48.17623],[26.32918,48.18001],[26.33307,48.18238],[26.33371,48.18278],[26.33355,48.18407],[26.33384,48.18514],[26.33418,48.18491],[26.33474,48.1842],[26.33505,48.1839],[26.33547,48.18364],[26.33588,48.18343],[26.33637,48.18326],[26.337,48.18311],[26.33766,48.18302],[26.3387,48.18292],[26.33913,48.18292],[26.33962,48.18301],[26.34068,48.18312],[26.34131,48.18311],[26.34205,48.18301],[26.3429,48.18283],[26.34383,48.18272],[26.34468,48.18265],[26.34567,48.18265],[26.34639,48.18268],[26.34711,48.18278],[26.34779,48.18293],[26.34851,48.18314],[26.34923,48.18348],[26.34981,48.18384],[26.35032,48.18434],[26.35056,48.18478],[26.35067,48.18527],[26.35071,48.18591],[26.35052,48.18662],[26.35025,48.18706],[26.34966,48.18768],[26.34877,48.1883],[26.34797,48.18888],[26.34748,48.1894],[26.34737,48.18982],[26.34753,48.19033],[26.34796,48.1908],[26.34853,48.19118],[26.34901,48.19141],[26.34943,48.19157],[26.34986,48.19165],[26.35027,48.19169],[26.35079,48.19169],[26.35126,48.19164],[26.35183,48.19153],[26.35245,48.19134],[26.35297,48.19112],[26.35345,48.19083],[26.35392,48.19045],[26.3543,48.19003],[26.35462,48.18959],[26.35486,48.18915],[26.35502,48.18869],[26.35514,48.18823],[26.35518,48.18771],[26.35523,48.18704],[26.35528,48.18677],[26.35537,48.18651],[26.35552,48.18619],[26.35577,48.18587],[26.3561,48.18554],[26.35644,48.18532],[26.3569,48.18512],[26.35739,48.18498],[26.35789,48.18489],[26.3584,48.18486],[26.3591,48.18486],[26.3597,48.18489],[26.36065,48.18499],[26.36113,48.18507],[26.36135,48.18512],[26.36226,48.18545],[26.36324,48.18596],[26.36457,48.18688],[26.36519,48.18743],[26.36632,48.18866],[26.3673,48.18941],[26.36839,48.19024],[26.36947,48.1909],[26.37046,48.19143],[26.37099,48.19181],[26.37125,48.19221],[26.37131,48.19253],[26.3711,48.19311],[26.37072,48.1937],[26.37063,48.19396],[26.37062,48.1944],[26.37075,48.19486],[26.3711,48.19561],[26.37137,48.19612],[26.37164,48.19645],[26.37197,48.19682],[26.37223,48.19704],[26.37249,48.19705],[26.37303,48.19704],[26.37341,48.19703],[26.37358,48.19705],[26.3738,48.19713],[26.37424,48.19723],[26.375,48.19736],[26.37569,48.19742],[26.37631,48.19742],[26.37682,48.19738],[26.37761,48.19722],[26.3783,48.19713],[26.37919,48.19703],[26.37982,48.19697],[26.38044,48.19697],[26.38079,48.19693],[26.38105,48.19686],[26.3818,48.19648],[26.38225,48.19628],[26.38331,48.19584],[26.38408,48.19548],[26.38423,48.19538],[26.38433,48.19526],[26.38439,48.19514],[26.38441,48.19505],[26.38443,48.19493],[26.38444,48.19474],[26.38438,48.19454],[26.38426,48.19424],[26.38396,48.19384],[26.38376,48.19362],[26.38357,48.19346],[26.38319,48.19308],[26.38301,48.19294],[26.38282,48.19282],[26.38245,48.19262],[26.38208,48.19248],[26.3816,48.19233],[26.38109,48.19222],[26.38082,48.19213],[26.38056,48.19203],[26.37985,48.19174],[26.37961,48.19159],[26.37948,48.19151],[26.37943,48.19143],[26.37939,48.1913],[26.37938,48.19112],[26.37942,48.19097],[26.37948,48.19083],[26.37961,48.19064],[26.37976,48.19048],[26.37992,48.19036],[26.38021,48.19022],[26.38056,48.19008],[26.38125,48.18985],[26.38137,48.18979],[26.38211,48.18934],[26.38237,48.18917],[26.38253,48.18905],[26.38273,48.18885],[26.3829,48.18864],[26.3831,48.18834],[26.38367,48.18725],[26.38387,48.18673],[26.38395,48.18662],[26.38409,48.18655],[26.38434,48.1865],[26.38508,48.18652],[26.38556,48.18655],[26.3861,48.1866],[26.38663,48.18669],[26.38715,48.18682],[26.38802,48.18705],[26.38882,48.18723],[26.3894,48.18738],[26.39021,48.18757],[26.39095,48.18778],[26.39164,48.18801],[26.39244,48.1883],[26.39312,48.1885],[26.39353,48.18859],[26.39403,48.18865],[26.39461,48.18868],[26.39516,48.18869],[26.39573,48.18867],[26.39634,48.18859],[26.39672,48.18852],[26.3976,48.18839],[26.39816,48.18834],[26.39878,48.18835],[26.39943,48.18841],[26.4002,48.18849],[26.40162,48.18873],[26.40289,48.18898],[26.40407,48.18934],[26.40473,48.18963],[26.40594,48.19026],[26.40665,48.19073],[26.40743,48.19129],[26.40791,48.1916],[26.4085,48.19196],[26.40951,48.19255],[26.41057,48.19311],[26.4118,48.19375],[26.4148,48.19547],[26.41692,48.19684],[26.41717,48.1971],[26.41735,48.19735],[26.41768,48.19814],[26.41811,48.19921],[26.41844,48.19985],[26.41937,48.20104],[26.41991,48.20151],[26.42031,48.20171],[26.4207,48.20183],[26.42141,48.20194],[26.42219,48.20191],[26.42268,48.20181],[26.42307,48.20167],[26.42382,48.20114],[26.42496,48.20029],[26.42574,48.19961],[26.42664,48.19869],[26.42714,48.19834],[26.4278,48.19807],[26.42844,48.19788],[26.42915,48.19764],[26.43015,48.19731],[26.43059,48.19715],[26.43099,48.19698],[26.43128,48.19686],[26.43159,48.19669],[26.4318,48.19653],[26.43196,48.19634],[26.43215,48.19598],[26.43221,48.19568],[26.43231,48.19496],[26.43248,48.19402],[26.43256,48.19359],[26.43266,48.19331],[26.43275,48.19313],[26.43286,48.193],[26.43298,48.19293],[26.4331,48.19289],[26.43321,48.19286],[26.43334,48.19285],[26.43346,48.19286],[26.43454,48.19304],[26.4358,48.19326],[26.43658,48.1934],[26.43727,48.1935],[26.43801,48.1936],[26.4386,48.19369],[26.43888,48.19375],[26.43923,48.19387],[26.43958,48.19408],[26.43984,48.19432],[26.44004,48.19453],[26.44015,48.19478],[26.44017,48.19498],[26.44011,48.1953],[26.43998,48.19567],[26.43985,48.19607],[26.43957,48.19664],[26.43921,48.19719],[26.43897,48.19743],[26.43874,48.19757],[26.43805,48.1979],[26.43762,48.19809],[26.43713,48.19829],[26.43642,48.1985],[26.43584,48.19866],[26.43495,48.19888],[26.43461,48.19899],[26.43421,48.19915],[26.43395,48.19927],[26.43363,48.19947],[26.43332,48.19974],[26.43308,48.20002],[26.43292,48.20029],[26.4328,48.20062],[26.43276,48.2009],[26.43277,48.20147],[26.43288,48.20189],[26.43304,48.20227],[26.43355,48.20302],[26.43388,48.20336],[26.43447,48.20379],[26.43493,48.20401],[26.43568,48.20427],[26.43628,48.20443],[26.43691,48.20455],[26.43786,48.2046],[26.43875,48.2046],[26.44031,48.20454],[26.44216,48.20434],[26.44461,48.20401],[26.44645,48.20373],[26.44777,48.20365],[26.4484,48.20364],[26.44889,48.20369],[26.44942,48.20381],[26.45041,48.20404],[26.45125,48.20427],[26.45211,48.20447],[26.45301,48.20471],[26.45415,48.20504],[26.4549,48.20535],[26.45581,48.20586],[26.4569,48.20637],[26.45769,48.20678],[26.45811,48.20708],[26.45841,48.20742],[26.45861,48.20774],[26.4589,48.20853],[26.45892,48.20892],[26.45892,48.20936],[26.45884,48.20978],[26.45868,48.21007],[26.45849,48.21037],[26.4582,48.21066],[26.45777,48.2109],[26.45683,48.21122],[26.4565,48.2114],[26.45626,48.21158],[26.45602,48.21184],[26.45579,48.21218],[26.45566,48.2125],[26.4556,48.21271],[26.45562,48.21302],[26.45573,48.21334],[26.45605,48.21381],[26.45641,48.21409],[26.45671,48.21427],[26.45705,48.21445],[26.45755,48.21457],[26.45791,48.21463],[26.45899,48.21476],[26.461,48.21499],[26.46197,48.21509],[26.46252,48.21514],[26.46332,48.21517],[26.46357,48.2152],[26.4638,48.21524],[26.46405,48.21533],[26.46426,48.21544],[26.46444,48.21555],[26.46466,48.21571],[26.46522,48.2162],[26.46537,48.21638],[26.46553,48.21661],[26.46569,48.21705],[26.46589,48.21764],[26.46591,48.2179],[26.4659,48.21805],[26.46586,48.21819],[26.46576,48.21852],[26.46568,48.21871],[26.46566,48.21887],[26.46567,48.21903],[26.4657,48.21925],[26.46589,48.21974],[26.46605,48.22006],[26.46616,48.22026],[26.46622,48.22032],[26.46628,48.22037],[26.46648,48.22047],[26.46669,48.22057],[26.467,48.22067],[26.46727,48.22074],[26.46751,48.22079],[26.46796,48.22087],[26.46847,48.22095],[26.46893,48.22099],[26.46949,48.22103],[26.46994,48.22104],[26.47066,48.22102],[26.47084,48.22101],[26.47098,48.22098],[26.47108,48.22094],[26.4712,48.22089],[26.47127,48.22084],[26.47133,48.22078],[26.47145,48.22061],[26.47165,48.22033],[26.47205,48.21986],[26.47262,48.21928],[26.47378,48.21806],[26.47414,48.21766],[26.47512,48.21652],[26.47531,48.21634],[26.47547,48.21621],[26.47579,48.21599],[26.47619,48.2158],[26.47664,48.2156],[26.47688,48.21551],[26.47736,48.21537],[26.47795,48.21522],[26.47889,48.21505],[26.47932,48.21495],[26.47973,48.21479],[26.47995,48.21468],[26.48016,48.21461],[26.48044,48.21454],[26.4807,48.21451],[26.481,48.2145],[26.48148,48.21455],[26.48387,48.2148],[26.48469,48.21486],[26.48506,48.21491],[26.4853,48.21496],[26.48556,48.21504],[26.48583,48.21516],[26.48634,48.21549],[26.48688,48.21592],[26.48787,48.21682],[26.48831,48.21716],[26.48881,48.21748],[26.48921,48.2177],[26.48983,48.21792],[26.49067,48.21816],[26.49142,48.21832],[26.49179,48.21839],[26.49206,48.21842],[26.49262,48.21846],[26.49305,48.21846],[26.49358,48.21842],[26.49417,48.21835],[26.49612,48.21792],[26.49822,48.21743],[26.50028,48.21697],[26.50203,48.21663],[26.50366,48.21635],[26.50468,48.21615],[26.50526,48.21599],[26.50577,48.2158],[26.50659,48.21535],[26.50755,48.21474],[26.50846,48.21417],[26.50917,48.21377],[26.50994,48.21336],[26.51105,48.21287],[26.51211,48.21253],[26.51267,48.21231],[26.51314,48.21216],[26.51389,48.21202],[26.51466,48.21191],[26.51559,48.2118],[26.51605,48.21178],[26.51675,48.21184],[26.51735,48.21198],[26.51795,48.2122],[26.51875,48.21258],[26.51939,48.21297],[26.52015,48.21335],[26.5204,48.21342],[26.52089,48.21352],[26.52167,48.21355],[26.52239,48.2135],[26.523,48.21338],[26.52321,48.2133],[26.52338,48.2132],[26.52362,48.213],[26.52385,48.21273]]]},"properties":{"geometry_id":"geom-territoire-ro-roumanie-1945-01-01","date_validite":"1945-01-01","statut":"provisoire_ohm","sources":[{"source_id":"src-openhistoricalmap","locator":"relation 2693256 — Kingdom of Romania 1940-09-07 → 1941-08-19","usage":"tracé de la frontière"},{"source_id":"src-natural-earth-10m","locator":"ne_10m_land + ne_10m_minor_islands","usage":"trait de côte"}],"method":"extraction_ohm_puis_decoupage_trait_de_cote","operations":["OHM r2693256","∩ terres Natural Earth"],"precision":"frontières terrestres : celles d’OHM ; côtes : Natural Earth 1:10m (~1 km)","zone_incertitude_km":null,"surface_km2":195335,"logiciel":"Python — Shapely/GEOS, SciPy","script":"outils/geo/deriver_snapshot0_lot04.py","date_creation":"2026-09-29","auteur":"Claude","licence":"CC0 (OpenHistoricalMap) ; Natural Earth : domaine public","licences_segments":[],"points_a_verifier":["Frontières de septembre 1940 : Bessarabie et Bucovine du Nord soviétiques (confirmées par l'armistice), Dobroudja du Sud bulgare, Transylvanie du Nord à part."]}}